--------- beginning of system
09-25 07:27:46.220 32489 32504 I DisplayManager: Choreographer implicitly registered for the refresh rate.
09-25 07:27:46.374 32489 32489 D InsetsController: Setting requestedVisibleTypes to 502 (was 503)
09-25 07:27:48.359 32489 32489 D InsetsController: Setting requestedVisibleTypes to 496 (was 503)
09-25 07:27:49.656 32489 32489 W NotificationManager: Shedding cancel (dupe) of NotificationKey[user=UserHandle{0}, pkg=com.zenithblue.sambas3, tag=null, id=2002], rate limit (5.0) exceeded: input 9.684531, output would be 6.789034
09-25 07:27:50.317 32489 32489 W NotificationManager: Shedding notify (update) of NotificationKey[user=UserHandle{0}, pkg=com.zenithblue.sambas3, tag=null, id=2000], rate limit (5.0) exceeded: input 7.913487, output would be 5.5460258
09-25 07:27:50.678 32489 32489 W NotificationManager: Shedding cancel (dupe) of NotificationKey[user=UserHandle{0}, pkg=com.zenithblue.sambas3, tag=null, id=2001], rate limit (5.0) exceeded: input 22.054888, output would be 5.052171
09-25 07:27:51.671 32489 32489 W NotificationManager: Shedding notify (update) of NotificationKey[user=UserHandle{0}, pkg=com.zenithblue.sambas3, tag=null, id=2000], rate limit (5.0) exceeded: input 11.482868, output would be 5.5179534
09-25 07:27:51.754 32489 32489 W NotificationManager: Shedding cancel (dupe) of NotificationKey[user=UserHandle{0}, pkg=com.zenithblue.sambas3, tag=null, id=2001], rate limit (5.0) exceeded: input 24.404696, output would be 5.1177025
09-25 07:27:52.672 32489 32489 W NotificationManager: Shedding notify (update) of NotificationKey[user=UserHandle{0}, pkg=com.zenithblue.sambas3, tag=null, id=2000], rate limit (5.0) exceeded: input 9.244684, output would be 5.0491214
09-25 07:27:52.787 32489 32489 W NotificationManager: Shedding cancel (dupe) of NotificationKey[user=UserHandle{0}, pkg=com.zenithblue.sambas3, tag=null, id=2002], rate limit (5.0) exceeded: input 42.292007, output would be 6.850736
09-25 07:27:53.936 32489 32489 W NotificationManager: Shedding cancel (dupe) of NotificationKey[user=UserHandle{0}, pkg=com.zenithblue.sambas3, tag=null, id=2002], rate limit (5.0) exceeded: input 16.64764, output would be 5.1398916
09-25 07:27:54.425 32489 32489 W NotificationManager: Shedding notify (update) of NotificationKey[user=UserHandle{0}, pkg=com.zenithblue.sambas3, tag=null, id=2000], rate limit (5.0) exceeded: input 8.963962, output would be 5.4291735
09-25 07:27:55.005 32489 32489 W NotificationManager: Shedding cancel (dupe) of NotificationKey[user=UserHandle{0}, pkg=com.zenithblue.sambas3, tag=null, id=2002], rate limit (5.0) exceeded: input 24.736546, output would be 6.4261684
09-25 07:27:55.663 32489 32489 W NotificationManager: Shedding notify (update) of NotificationKey[user=UserHandle{0}, pkg=com.zenithblue.sambas3, tag=null, id=2000], rate limit (5.0) exceeded: input 15.043141, output would be 7.06884
09-25 07:27:56.007 32489 32489 W NotificationManager: Shedding cancel (dupe) of NotificationKey[user=UserHandle{0}, pkg=com.zenithblue.sambas3, tag=null, id=2001], rate limit (5.0) exceeded: input 27.836184, output would be 5.452491
09-25 07:27:56.933 32489 32489 W NotificationManager: Shedding notify (update) of NotificationKey[user=UserHandle{0}, pkg=com.zenithblue.sambas3, tag=null, id=2000], rate limit (5.0) exceeded: input 9.723054, output would be 5.161694
09-25 07:27:57.047 32489 32489 W NotificationManager: Shedding cancel (dupe) of NotificationKey[user=UserHandle{0}, pkg=com.zenithblue.sambas3, tag=null, id=2002], rate limit (5.0) exceeded: input 25.38724, output would be 6.2631717
09-25 07:27:58.132 32489 32489 W NotificationManager: Shedding cancel (dupe) of NotificationKey[user=UserHandle{0}, pkg=com.zenithblue.sambas3, tag=null, id=2002], rate limit (5.0) exceeded: input 21.027632, output would be 5.1715574
09-25 07:27:58.309 32489 32489 W NotificationManager: Shedding notify (update) of NotificationKey[user=UserHandle{0}, pkg=com.zenithblue.sambas3, tag=null, id=2000], rate limit (5.0) exceeded: input 12.479943, output would be 5.516078
09-25 07:27:59.227 32489 32489 W NotificationManager: Shedding cancel (dupe) of NotificationKey[user=UserHandle{0}, pkg=com.zenithblue.sambas3, tag=null, id=2002], rate limit (5.0) exceeded: input 19.701433, output would be 6.099422
09-25 07:27:59.488 32489 32489 W NotificationManager: Shedding notify (update) of NotificationKey[user=UserHandle{0}, pkg=com.zenithblue.sambas3, tag=null, id=2000], rate limit (5.0) exceeded: input 12.858337, output would be 5.83775
09-25 07:28:00.439 32489 32489 W NotificationManager: Shedding cancel (dupe) of NotificationKey[user=UserHandle{0}, pkg=com.zenithblue.sambas3, tag=null, id=2002], rate limit (5.0) exceeded: input 15.286523, output would be 5.8433475
09-25 07:28:00.521 32489 32489 W NotificationManager: Shedding notify (update) of NotificationKey[user=UserHandle{0}, pkg=com.zenithblue.sambas3, tag=null, id=2000], rate limit (5.0) exceeded: input 12.125988, output would be 5.1142206
09-25 07:28:01.586 32489 32489 W NotificationManager: Shedding cancel (dupe) of NotificationKey[user=UserHandle{0}, pkg=com.zenithblue.sambas3, tag=null, id=2002], rate limit (5.0) exceeded: input 20.011204, output would be 6.2942333
09-25 07:28:01.633 32489 32489 W NotificationManager: Shedding notify (update) of NotificationKey[user=UserHandle{0}, pkg=com.zenithblue.sambas3, tag=null, id=2000], rate limit (5.0) exceeded: input 12.742861, output would be 5.776443
09-25 07:28:02.722 32489 32489 W NotificationManager: Shedding cancel (dupe) of NotificationKey[user=UserHandle{0}, pkg=com.zenithblue.sambas3, tag=null, id=2002], rate limit (5.0) exceeded: input 15.324458, output would be 5.0312767
09-25 07:28:03.093 32489 32489 W NotificationManager: Shedding notify (update) of NotificationKey[user=UserHandle{0}, pkg=com.zenithblue.sambas3, tag=null, id=2000], rate limit (5.0) exceeded: input 9.735303, output would be 5.7291727
09-25 07:28:03.935 32489 32489 W NotificationManager: Shedding cancel (dupe) of NotificationKey[user=UserHandle{0}, pkg=com.zenithblue.sambas3, tag=null, id=2002], rate limit (5.0) exceeded: input 10.010172, output would be 5.270562
09-25 07:28:05.005 32489 32489 W NotificationManager: Shedding cancel (dupe) of NotificationKey[user=UserHandle{0}, pkg=com.zenithblue.sambas3, tag=null, id=2002], rate limit (5.0) exceeded: input 12.654214, output would be 5.1597447
09-25 07:28:05.850 32489 32489 W NotificationManager: Shedding notify (update) of NotificationKey[user=UserHandle{0}, pkg=com.zenithblue.sambas3, tag=null, id=2000], rate limit (5.0) exceeded: input 9.486803, output would be 6.5615077
09-25 07:28:06.022 32489 32489 W NotificationManager: Shedding cancel (dupe) of NotificationKey[user=UserHandle{0}, pkg=com.zenithblue.sambas3, tag=null, id=2001], rate limit (5.0) exceeded: input 118.43418, output would be 6.253332
09-25 07:28:06.851 32489 32489 W NotificationManager: Shedding notify (update) of NotificationKey[user=UserHandle{0}, pkg=com.zenithblue.sambas3, tag=null, id=2000], rate limit (5.0) exceeded: input 139.05392, output would be 6.738374
09-25 07:28:07.028 32489 32489 W NotificationManager: Shedding cancel (dupe) of NotificationKey[user=UserHandle{0}, pkg=com.zenithblue.sambas3, tag=null, id=2001], rate limit (5.0) exceeded: input 107.5196, output would be 6.613545
09-25 07:28:07.855 32489 32489 W NotificationManager: Shedding notify (update) of NotificationKey[user=UserHandle{0}, pkg=com.zenithblue.sambas3, tag=null, id=2000], rate limit (5.0) exceeded: input 160.79279, output would be 6.858657
09-25 07:28:08.031 32489 32489 W NotificationManager: Shedding cancel (dupe) of NotificationKey[user=UserHandle{0}, pkg=com.zenithblue.sambas3, tag=null, id=2001], rate limit (5.0) exceeded: input 250.21661, output would be 6.682111
09-25 07:28:08.892 32489 32489 W NotificationManager: Shedding notify (update) of NotificationKey[user=UserHandle{0}, pkg=com.zenithblue.sambas3, tag=null, id=2000], rate limit (5.0) exceeded: input 90.59117, output would be 6.702341
09-25 07:28:09.032 32489 32489 W NotificationManager: Shedding cancel (dupe) of NotificationKey[user=UserHandle{0}, pkg=com.zenithblue.sambas3, tag=null, id=2001], rate limit (5.0) exceeded: input 296.77026, output would be 6.7967277
09-25 07:28:09.903 32489 32489 W NotificationManager: Shedding notify (update) of NotificationKey[user=UserHandle{0}, pkg=com.zenithblue.sambas3, tag=null, id=2000], rate limit (5.0) exceeded: input 67.796394, output would be 6.69458
09-25 07:28:10.041 32489 32489 W NotificationManager: Shedding cancel (dupe) of NotificationKey[user=UserHandle{0}, pkg=com.zenithblue.sambas3, tag=null, id=2001], rate limit (5.0) exceeded: input 239.36919, output would be 6.841305
09-25 07:28:10.906 32489 32489 W NotificationManager: Shedding notify (update) of NotificationKey[user=UserHandle{0}, pkg=com.zenithblue.sambas3, tag=null, id=2000], rate limit (5.0) exceeded: input 99.06513, output would be 6.7710824
09-25 07:28:11.043 32489 32489 W NotificationManager: Shedding cancel (dupe) of NotificationKey[user=UserHandle{0}, pkg=com.zenithblue.sambas3, tag=null, id=2001], rate limit (5.0) exceeded: input 210.50327, output would be 6.9301424
09-25 07:28:11.911 32489 32489 W NotificationManager: Shedding notify (update) of NotificationKey[user=UserHandle{0}, pkg=com.zenithblue.sambas3, tag=null, id=2000], rate limit (5.0) exceeded: input 150.39255, output would be 6.726243
09-25 07:28:12.051 32489 32489 W NotificationManager: Shedding cancel (dupe) of NotificationKey[user=UserHandle{0}, pkg=com.zenithblue.sambas3, tag=null, id=2001], rate limit (5.0) exceeded: input 244.75279, output would be 6.860726
09-25 07:28:12.911 32489 32489 W NotificationManager: Shedding notify (update) of NotificationKey[user=UserHandle{0}, pkg=com.zenithblue.sambas3, tag=null, id=2000], rate limit (5.0) exceeded: input 141.26901, output would be 6.8321843
09-25 07:28:13.052 32489 32489 W NotificationManager: Shedding cancel (dupe) of NotificationKey[user=UserHandle{0}, pkg=com.zenithblue.sambas3, tag=null, id=2001], rate limit (5.0) exceeded: input 233.77043, output would be 6.9616
09-25 07:28:13.914 32489 32489 W NotificationManager: Shedding notify (update) of NotificationKey[user=UserHandle{0}, pkg=com.zenithblue.sambas3, tag=null, id=2000], rate limit (5.0) exceeded: input 109.58683, output would be 6.936849
09-25 07:28:14.052 32489 32489 W NotificationManager: Shedding cancel (dupe) of NotificationKey[user=UserHandle{0}, pkg=com.zenithblue.sambas3, tag=null, id=2002], rate limit (5.0) exceeded: input 303.15775, output would be 7.0833073
09-25 07:28:14.914 32489 32489 W NotificationManager: Shedding notify (update) of NotificationKey[user=UserHandle{0}, pkg=com.zenithblue.sambas3, tag=null, id=2000], rate limit (5.0) exceeded: input 130.98874, output would be 6.951526
09-25 07:28:15.053 32489 32489 W NotificationManager: Shedding cancel (dupe) of NotificationKey[user=UserHandle{0}, pkg=com.zenithblue.sambas3, tag=null, id=2002], rate limit (5.0) exceeded: input 291.58853, output would be 7.126711
09-25 07:28:15.925 32489 32489 W NotificationManager: Shedding notify (update) of NotificationKey[user=UserHandle{0}, pkg=com.zenithblue.sambas3, tag=null, id=2000], rate limit (5.0) exceeded: input 130.01692, output would be 6.848893
09-25 07:28:16.063 32489 32489 W NotificationManager: Shedding cancel (dupe) of NotificationKey[user=UserHandle{0}, pkg=com.zenithblue.sambas3, tag=null, id=2002], rate limit (5.0) exceeded: input 292.67752, output would be 7.0954065
09-25 07:28:16.932 32489 32489 W NotificationManager: Shedding notify (update) of NotificationKey[user=UserHandle{0}, pkg=com.zenithblue.sambas3, tag=null, id=2000], rate limit (5.0) exceeded: input 142.26894, output would be 6.85486
09-25 07:28:17.071 32489 32489 W NotificationManager: Shedding cancel (dupe) of NotificationKey[user=UserHandle{0}, pkg=com.zenithblue.sambas3, tag=null, id=2001], rate limit (5.0) exceeded: input 228.8689, output would be 6.9902444
09-25 07:28:17.941 32489 32489 W NotificationManager: Shedding notify (update) of NotificationKey[user=UserHandle{0}, pkg=com.zenithblue.sambas3, tag=null, id=2000], rate limit (5.0) exceeded: input 143.4674, output would be 6.8549047
09-25 07:28:18.073 32489 32489 W NotificationManager: Shedding cancel (dupe) of NotificationKey[user=UserHandle{0}, pkg=com.zenithblue.sambas3, tag=null, id=2002], rate limit (5.0) exceeded: input 289.0061, output would be 7.0963006
09-25 07:28:18.954 32489 32489 W NotificationManager: Shedding notify (update) of NotificationKey[user=UserHandle{0}, pkg=com.zenithblue.sambas3, tag=null, id=2000], rate limit (5.0) exceeded: input 130.98781, output would be 6.875339
09-25 07:28:19.081 32489 32489 W NotificationManager: Shedding cancel (dupe) of NotificationKey[user=UserHandle{0}, pkg=com.zenithblue.sambas3, tag=null, id=2002], rate limit (5.0) exceeded: input 314.3974, output would be 7.0781317
09-25 07:28:19.971 32489 32489 W NotificationManager: Shedding notify (update) of NotificationKey[user=UserHandle{0}, pkg=com.zenithblue.sambas3, tag=null, id=2000], rate limit (5.0) exceeded: input 110.04911, output would be 6.8015556
09-25 07:28:20.093 32489 32489 W NotificationManager: Shedding cancel (dupe) of NotificationKey[user=UserHandle{0}, pkg=com.zenithblue.sambas3, tag=null, id=2002], rate limit (5.0) exceeded: input 202.83295, output would be 7.0114646
09-25 07:28:20.971 32489 32489 W NotificationManager: Shedding notify (update) of NotificationKey[user=UserHandle{0}, pkg=com.zenithblue.sambas3, tag=null, id=2000], rate limit (5.0) exceeded: input 133.09999, output would be 6.8451443
09-25 07:28:21.101 32489 32489 W NotificationManager: Shedding cancel (dupe) of NotificationKey[user=UserHandle{0}, pkg=com.zenithblue.sambas3, tag=null, id=2002], rate limit (5.0) exceeded: input 331.21613, output would be 7.0454836
09-25 07:28:21.975 32489 32489 W NotificationManager: Shedding notify (update) of NotificationKey[user=UserHandle{0}, pkg=com.zenithblue.sambas3, tag=null, id=2000], rate limit (5.0) exceeded: input 126.06484, output would be 6.9192905
09-25 07:28:22.103 32489 32489 W NotificationManager: Shedding cancel (dupe) of NotificationKey[user=UserHandle{0}, pkg=com.zenithblue.sambas3, tag=null, id=2002], rate limit (5.0) exceeded: input 283.0141, output would be 7.10504
09-25 07:28:22.985 32489 32489 W NotificationManager: Shedding notify (update) of NotificationKey[user=UserHandle{0}, pkg=com.zenithblue.sambas3, tag=null, id=2000], rate limit (5.0) exceeded: input 127.91329, output would be 6.9341183
09-25 07:28:23.122 32489 32489 W NotificationManager: Shedding cancel (dupe) of NotificationKey[user=UserHandle{0}, pkg=com.zenithblue.sambas3, tag=null, id=2002], rate limit (5.0) exceeded: input 209.97726, output would be 6.9892297
09-25 07:28:23.992 32489 32489 W NotificationManager: Shedding notify (update) of NotificationKey[user=UserHandle{0}, pkg=com.zenithblue.sambas3, tag=null, id=2000], rate limit (5.0) exceeded: input 112.64867, output would be 6.918863
09-25 07:28:24.124 32489 32489 W NotificationManager: Shedding cancel (dupe) of NotificationKey[user=UserHandle{0}, pkg=com.zenithblue.sambas3, tag=null, id=2001], rate limit (5.0) exceeded: input 220.12129, output would be 5.0171084
09-25 07:28:25.001 32489 32489 W NotificationManager: Shedding notify (update) of NotificationKey[user=UserHandle{0}, pkg=com.zenithblue.sambas3, tag=null, id=2000], rate limit (5.0) exceeded: input 143.44879, output would be 6.9467273
09-25 07:28:25.131 32489 32489 W NotificationManager: Shedding cancel (dupe) of NotificationKey[user=UserHandle{0}, pkg=com.zenithblue.sambas3, tag=null, id=2002], rate limit (5.0) exceeded: input 317.94696, output would be 7.130068
09-25 07:28:26.034 32489 32489 W NotificationManager: Shedding notify (update) of NotificationKey[user=UserHandle{0}, pkg=com.zenithblue.sambas3, tag=null, id=2000], rate limit (5.0) exceeded: input 89.863464, output would be 6.7137475
09-25 07:28:26.131 32489 32489 W NotificationManager: Shedding cancel (dupe) of NotificationKey[user=UserHandle{0}, pkg=com.zenithblue.sambas3, tag=null, id=2001], rate limit (5.0) exceeded: input 288.9389, output would be 5.044539
09-25 07:28:27.041 32489 32489 W NotificationManager: Shedding notify (update) of NotificationKey[user=UserHandle{0}, pkg=com.zenithblue.sambas3, tag=null, id=2000], rate limit (5.0) exceeded: input 144.46259, output would be 6.7814345
09-25 07:28:27.132 32489 32489 W NotificationManager: Shedding cancel (dupe) of NotificationKey[user=UserHandle{0}, pkg=com.zenithblue.sambas3, tag=null, id=2001], rate limit (5.0) exceeded: input 239.12563, output would be 5.1287084
--------- beginning of main
09-25 07:28:27.645 32489 32764 W RPCS3   : sys_fs_open(path=“/dev_bdvd/PS3_GAME/USRDIR/CINEMATICS/SMLOGO.M2V”, flags=00, fd=*0xd005f410, mode=00, arg=*0x0, size=0x0)
09-25 07:28:27.645 32489 32764 W RPCS3   : sys_fs_open(): fd=20, Regular file, '/dev_bdvd/PS3_GAME/USRDIR/CINEMATICS/SMLOGO.M2V', Mode: 0x0, Flags: 0x0, Pos/Size: 0/16.1122MB (0x0/0x101cb90)
09-25 07:28:27.645 32489 32764 W RPCS3   : sys_fs_fstat(fd=20, sb=*0xd005f624)
09-25 07:28:27.648 32489 32764 W RPCS3   : sys_fs_close(fd=20): Regular file, '/dev_bdvd/PS3_GAME/USRDIR/CINEMATICS/SMLOGO.M2V', Mode: 0x0, Flags: 0x0, Pos/Size: 5MB/16.1122MB (0x500000/0x101cb90)
09-25 07:28:27.651 32489 32764 D RPCS3   : sys_fs_fcntl(0xc0000006): /dev_bdvd
09-25 07:28:27.651 32489 32764 W RPCS3   : sys_fs_open(path=“/dev_bdvd/PS3_GAME/USRDIR/CINEMATICS/SMLOGO.M2V”, flags=00, fd=*0xd005f410, mode=00, arg=*0x0, size=0x0)
09-25 07:28:27.651 32489 32764 W RPCS3   : sys_fs_open(): fd=20, Regular file, '/dev_bdvd/PS3_GAME/USRDIR/CINEMATICS/SMLOGO.M2V', Mode: 0x0, Flags: 0x0, Pos/Size: 0/16.1122MB (0x0/0x101cb90)
09-25 07:28:27.651 32489 32764 W RPCS3   : sys_fs_fstat(fd=20, sb=*0xd005f624)
09-25 07:28:27.663 32489 32764 W RPCS3   : sys_fs_close(fd=20): Regular file, '/dev_bdvd/PS3_GAME/USRDIR/CINEMATICS/SMLOGO.M2V', Mode: 0x0, Flags: 0x0, Pos/Size: 6MB/16.1122MB (0x600000/0x101cb90)
09-25 07:28:27.665 32489 32764 D RPCS3   : sys_fs_fcntl(0xc0000006): /dev_bdvd
09-25 07:28:27.665 32489 32764 W RPCS3   : sys_fs_open(path=“/dev_bdvd/PS3_GAME/USRDIR/CINEMATICS/SMLOGO.M2V”, flags=00, fd=*0xd005f410, mode=00, arg=*0x0, size=0x0)
09-25 07:28:27.665 32489 32764 W RPCS3   : sys_fs_open(): fd=20, Regular file, '/dev_bdvd/PS3_GAME/USRDIR/CINEMATICS/SMLOGO.M2V', Mode: 0x0, Flags: 0x0, Pos/Size: 0/16.1122MB (0x0/0x101cb90)
09-25 07:28:27.665 32489 32764 W RPCS3   : sys_fs_fstat(fd=20, sb=*0xd005f624)
09-25 07:28:27.668 32489 32764 W RPCS3   : sys_fs_close(fd=20): Regular file, '/dev_bdvd/PS3_GAME/USRDIR/CINEMATICS/SMLOGO.M2V', Mode: 0x0, Flags: 0x0, Pos/Size: 7MB/16.1122MB (0x700000/0x101cb90)
09-25 07:28:27.669 32489 32764 D RPCS3   : sys_fs_fcntl(0xc0000006): /dev_bdvd
09-25 07:28:27.669 32489 32764 W RPCS3   : sys_fs_open(path=“/dev_bdvd/PS3_GAME/USRDIR/CINEMATICS/SMLOGO.M2V”, flags=00, fd=*0xd005f410, mode=00, arg=*0x0, size=0x0)
09-25 07:28:27.670 32489 32764 W RPCS3   : sys_fs_open(): fd=20, Regular file, '/dev_bdvd/PS3_GAME/USRDIR/CINEMATICS/SMLOGO.M2V', Mode: 0x0, Flags: 0x0, Pos/Size: 0/16.1122MB (0x0/0x101cb90)
09-25 07:28:27.670 32489 32764 W RPCS3   : sys_fs_fstat(fd=20, sb=*0xd005f624)
09-25 07:28:27.672 32489 32764 W RPCS3   : sys_fs_close(fd=20): Regular file, '/dev_bdvd/PS3_GAME/USRDIR/CINEMATICS/SMLOGO.M2V', Mode: 0x0, Flags: 0x0, Pos/Size: 8MB/16.1122MB (0x800000/0x101cb90)
09-25 07:28:27.674 32489 32764 D RPCS3   : sys_fs_fcntl(0xc0000006): /dev_bdvd
09-25 07:28:27.674 32489 32764 W RPCS3   : sys_fs_open(path=“/dev_bdvd/PS3_GAME/USRDIR/CINEMATICS/SMLOGO.M2V”, flags=00, fd=*0xd005f410, mode=00, arg=*0x0, size=0x0)
09-25 07:28:27.674 32489 32764 W RPCS3   : sys_fs_open(): fd=20, Regular file, '/dev_bdvd/PS3_GAME/USRDIR/CINEMATICS/SMLOGO.M2V', Mode: 0x0, Flags: 0x0, Pos/Size: 0/16.1122MB (0x0/0x101cb90)
09-25 07:28:27.674 32489 32764 W RPCS3   : sys_fs_fstat(fd=20, sb=*0xd005f624)
09-25 07:28:27.677 32489 32764 W RPCS3   : sys_fs_close(fd=20): Regular file, '/dev_bdvd/PS3_GAME/USRDIR/CINEMATICS/SMLOGO.M2V', Mode: 0x0, Flags: 0x0, Pos/Size: 9MB/16.1122MB (0x900000/0x101cb90)
09-25 07:28:27.679 32489 32764 D RPCS3   : sys_fs_fcntl(0xc0000006): /dev_bdvd
09-25 07:28:27.679 32489 32764 W RPCS3   : sys_fs_open(path=“/dev_bdvd/PS3_GAME/USRDIR/CINEMATICS/SMLOGO.M2V”, flags=00, fd=*0xd005f410, mode=00, arg=*0x0, size=0x0)
09-25 07:28:27.679 32489 32764 W RPCS3   : sys_fs_open(): fd=20, Regular file, '/dev_bdvd/PS3_GAME/USRDIR/CINEMATICS/SMLOGO.M2V', Mode: 0x0, Flags: 0x0, Pos/Size: 0/16.1122MB (0x0/0x101cb90)
09-25 07:28:27.679 32489 32764 W RPCS3   : sys_fs_fstat(fd=20, sb=*0xd005f624)
09-25 07:28:27.682 32489 32764 W RPCS3   : sys_fs_close(fd=20): Regular file, '/dev_bdvd/PS3_GAME/USRDIR/CINEMATICS/SMLOGO.M2V', Mode: 0x0, Flags: 0x0, Pos/Size: 10MB/16.1122MB (0xa00000/0x101cb90)
09-25 07:28:27.684 32489 32764 D RPCS3   : sys_fs_fcntl(0xc0000006): /dev_bdvd
09-25 07:28:27.684 32489 32764 W RPCS3   : sys_fs_open(path=“/dev_bdvd/PS3_GAME/USRDIR/CINEMATICS/SMLOGO.M2V”, flags=00, fd=*0xd005f410, mode=00, arg=*0x0, size=0x0)
09-25 07:28:27.684 32489 32764 W RPCS3   : sys_fs_open(): fd=20, Regular file, '/dev_bdvd/PS3_GAME/USRDIR/CINEMATICS/SMLOGO.M2V', Mode: 0x0, Flags: 0x0, Pos/Size: 0/16.1122MB (0x0/0x101cb90)
09-25 07:28:27.684 32489 32764 W RPCS3   : sys_fs_fstat(fd=20, sb=*0xd005f624)
09-25 07:28:27.686 32489 32764 W RPCS3   : sys_fs_close(fd=20): Regular file, '/dev_bdvd/PS3_GAME/USRDIR/CINEMATICS/SMLOGO.M2V', Mode: 0x0, Flags: 0x0, Pos/Size: 11MB/16.1122MB (0xb00000/0x101cb90)
09-25 07:28:27.688 32489 32764 D RPCS3   : sys_fs_fcntl(0xc0000006): /dev_bdvd
09-25 07:28:27.688 32489 32764 W RPCS3   : sys_fs_open(path=“/dev_bdvd/PS3_GAME/USRDIR/CINEMATICS/SMLOGO.M2V”, flags=00, fd=*0xd005f410, mode=00, arg=*0x0, size=0x0)
09-25 07:28:27.688 32489 32764 W RPCS3   : sys_fs_open(): fd=20, Regular file, '/dev_bdvd/PS3_GAME/USRDIR/CINEMATICS/SMLOGO.M2V', Mode: 0x0, Flags: 0x0, Pos/Size: 0/16.1122MB (0x0/0x101cb90)
09-25 07:28:27.688 32489 32764 W RPCS3   : sys_fs_fstat(fd=20, sb=*0xd005f624)
09-25 07:28:27.690 32489 32764 W RPCS3   : sys_fs_close(fd=20): Regular file, '/dev_bdvd/PS3_GAME/USRDIR/CINEMATICS/SMLOGO.M2V', Mode: 0x0, Flags: 0x0, Pos/Size: 12MB/16.1122MB (0xc00000/0x101cb90)
09-25 07:28:27.692 32489   302 D RPCS3   : HLE/LV2 history: 
09-25 07:28:27.692 32489   302 D RPCS3   : (0) 0x008b21fc: sys_mutex_unlock, 0x0, r3=0x0, r4=0x0, r5=0x0, r6=0x0
09-25 07:28:27.692 32489   302 W RPCS3   : '_sys_ppu_thread_exit' aborted (0.000145s)
09-25 07:28:27.692 32489   302 D RPCS3   : PPU thread perf stats are not available.
09-25 07:28:27.692 32489   302 D RPCS3   : PPU thread perf stats are not available.
09-25 07:28:27.692 32489 32764 D RPCS3   : sys_fs_fcntl(0xc0000006): /dev_bdvd
09-25 07:28:27.692 32489 32764 W RPCS3   : sys_fs_open(path=“/dev_bdvd/PS3_GAME/USRDIR/CINEMATICS/SMLOGO.M2V”, flags=00, fd=*0xd005f410, mode=00, arg=*0x0, size=0x0)
09-25 07:28:27.692 32489 32764 W RPCS3   : sys_fs_open(): fd=20, Regular file, '/dev_bdvd/PS3_GAME/USRDIR/CINEMATICS/SMLOGO.M2V', Mode: 0x0, Flags: 0x0, Pos/Size: 0/16.1122MB (0x0/0x101cb90)
09-25 07:28:27.692 32489 32764 W RPCS3   : sys_fs_fstat(fd=20, sb=*0xd005f624)
09-25 07:28:27.694 32489 32764 W RPCS3   : sys_fs_close(fd=20): Regular file, '/dev_bdvd/PS3_GAME/USRDIR/CINEMATICS/SMLOGO.M2V', Mode: 0x0, Flags: 0x0, Pos/Size: 13MB/16.1122MB (0xd00000/0x101cb90)
09-25 07:28:27.696 32489 32764 D RPCS3   : sys_fs_fcntl(0xc0000006): /dev_bdvd
09-25 07:28:27.696 32489 32764 W RPCS3   : sys_fs_open(path=“/dev_bdvd/PS3_GAME/USRDIR/CINEMATICS/SMLOGO.M2V”, flags=00, fd=*0xd005f410, mode=00, arg=*0x0, size=0x0)
09-25 07:28:27.696 32489 32764 W RPCS3   : sys_fs_open(): fd=20, Regular file, '/dev_bdvd/PS3_GAME/USRDIR/CINEMATICS/SMLOGO.M2V', Mode: 0x0, Flags: 0x0, Pos/Size: 0/16.1122MB (0x0/0x101cb90)
09-25 07:28:27.696 32489 32764 W RPCS3   : sys_fs_fstat(fd=20, sb=*0xd005f624)
09-25 07:28:27.699 32489 32764 W RPCS3   : sys_fs_close(fd=20): Regular file, '/dev_bdvd/PS3_GAME/USRDIR/CINEMATICS/SMLOGO.M2V', Mode: 0x0, Flags: 0x0, Pos/Size: 14MB/16.1122MB (0xe00000/0x101cb90)
09-25 07:28:27.700 32489 32764 D RPCS3   : sys_fs_fcntl(0xc0000006): /dev_bdvd
09-25 07:28:27.700 32489 32764 W RPCS3   : sys_fs_open(path=“/dev_bdvd/PS3_GAME/USRDIR/CINEMATICS/SMLOGO.M2V”, flags=00, fd=*0xd005f410, mode=00, arg=*0x0, size=0x0)
09-25 07:28:27.700 32489 32764 W RPCS3   : sys_fs_open(): fd=20, Regular file, '/dev_bdvd/PS3_GAME/USRDIR/CINEMATICS/SMLOGO.M2V', Mode: 0x0, Flags: 0x0, Pos/Size: 0/16.1122MB (0x0/0x101cb90)
09-25 07:28:27.701 32489 32764 W RPCS3   : sys_fs_fstat(fd=20, sb=*0xd005f624)
09-25 07:28:27.703 32489 32764 W RPCS3   : sys_fs_close(fd=20): Regular file, '/dev_bdvd/PS3_GAME/USRDIR/CINEMATICS/SMLOGO.M2V', Mode: 0x0, Flags: 0x0, Pos/Size: 15MB/16.1122MB (0xf00000/0x101cb90)
09-25 07:28:27.704 32489 32764 D RPCS3   : sys_fs_fcntl(0xc0000006): /dev_bdvd
09-25 07:28:27.704 32489 32764 W RPCS3   : sys_fs_open(path=“/dev_bdvd/PS3_GAME/USRDIR/CINEMATICS/SMLOGO.M2V”, flags=00, fd=*0xd005f410, mode=00, arg=*0x0, size=0x0)
09-25 07:28:27.704 32489 32764 W RPCS3   : sys_fs_open(): fd=20, Regular file, '/dev_bdvd/PS3_GAME/USRDIR/CINEMATICS/SMLOGO.M2V', Mode: 0x0, Flags: 0x0, Pos/Size: 0/16.1122MB (0x0/0x101cb90)
09-25 07:28:27.704 32489 32764 W RPCS3   : sys_fs_fstat(fd=20, sb=*0xd005f624)
09-25 07:28:27.707 32489 32764 W RPCS3   : sys_fs_close(fd=20): Regular file, '/dev_bdvd/PS3_GAME/USRDIR/CINEMATICS/SMLOGO.M2V', Mode: 0x0, Flags: 0x0, Pos/Size: 16MB/16.1122MB (0x1000000/0x101cb90)
09-25 07:28:27.708 32489 32764 D RPCS3   : sys_fs_fcntl(0xc0000006): /dev_bdvd
09-25 07:28:27.708 32489 32764 W RPCS3   : sys_fs_open(path=“/dev_bdvd/PS3_GAME/USRDIR/CINEMATICS/SMLOGO.M2V”, flags=00, fd=*0xd005f410, mode=00, arg=*0x0, size=0x0)
09-25 07:28:27.709 32489 32764 W RPCS3   : sys_fs_open(): fd=20, Regular file, '/dev_bdvd/PS3_GAME/USRDIR/CINEMATICS/SMLOGO.M2V', Mode: 0x0, Flags: 0x0, Pos/Size: 0/16.1122MB (0x0/0x101cb90)
09-25 07:28:27.709 32489 32764 W RPCS3   : sys_fs_fstat(fd=20, sb=*0xd005f624)
09-25 07:28:27.709 32489 32764 W RPCS3   : sys_fs_fstat(fd=20, sb=*0xd005f624)
09-25 07:28:27.709 32489 32764 W RPCS3   : sys_fs_close(fd=20): Regular file, '/dev_bdvd/PS3_GAME/USRDIR/CINEMATICS/SMLOGO.M2V', Mode: 0x0, Flags: 0x0, Pos/Size: 16.1122MB/16.1122MB (0x101cb90/0x101cb90)
09-25 07:28:27.710 32489 32764 D RPCS3   : sys_fs_fcntl(0xc0000006): /dev_bdvd
09-25 07:28:27.710 32489 32764 W RPCS3   : sys_fs_stat(path=“/dev_bdvd/PS3_GAME/USRDIR/RES.PSARC”, sb=*0xd005f488)
09-25 07:28:27.780 32489 32675 W RPCS3   : cellSysutilGetSystemParamInt(id=0x112(ID_ENTER_BUTTON_ASSIGN), value=*0xd0010830)
09-25 07:28:27.780 32489 32675 W RPCS3   : cellAudioOutGetSoundAvailability(audioOut=0, type=0, fs=0x4, option=0)
09-25 07:28:27.780 32489 32675 W RPCS3   : cellAudioOutGetSoundAvailability(audioOut=0, type=1, fs=0x4, option=0)
09-25 07:28:27.780 32489 32675 W RPCS3   : cellAudioOutGetSoundAvailability(audioOut=0, type=6, fs=0x4, option=0)
09-25 07:28:27.780 32489 32675 W RPCS3   : cellAudioOutConfigure(audioOut=0, config=*0x5e5234, option=*0x0, waitForEvent=0)
09-25 07:28:27.780 32489 32675 D RPCS3   : cellAudioOutConfigure: channels=2, encoder=0, downMixer=0
09-25 07:28:27.780 32489 32675 W RPCS3   : cellAudioOutGetSoundAvailability(audioOut=0, type=0, fs=0x4, option=0)
09-25 07:28:27.780 32489 32675 W RPCS3   : cellAudioOutGetSoundAvailability(audioOut=0, type=1, fs=0x4, option=0)
09-25 07:28:27.780 32489 32675 W RPCS3   : cellAudioOutGetSoundAvailability(audioOut=0, type=6, fs=0x4, option=0)
09-25 07:28:27.780 32489 32675 W RPCS3   : cellAudioOutConfigure(audioOut=0, config=*0xd00100c0, option=*0x0, waitForEvent=0)
09-25 07:28:27.780 32489 32675 D RPCS3   : cellAudioOutConfigure: channels=2, encoder=0, downMixer=0
09-25 07:28:27.780 32489 32675 W RPCS3   : cellAudioInit()
09-25 07:28:27.781 32489 32675 W RPCS3   : cellAudioPortOpen(audioParam=*0xd0010190, portNum=*0x68b658)
09-25 07:28:27.781 32489 32675 W RPCS3   : cellAudioPortStart(portNum=0)
09-25 07:28:27.781 32489 32675 W RPCS3   : sys_timer_create(timer_id=*0x68b648)
09-25 07:28:27.781 32489 32675 W RPCS3   : sys_event_queue_create(equeue_id=*0x68b64c, attr=*0xd0010220, ipc_key=0x0, size=4)
09-25 07:28:27.781 32489 32675 W RPCS3   : sys_timer_connect_event_queue(timer_id=0x11018600, queue_id=0x8d018700, name=0x0, data1=0x0, data2=0x0)
09-25 07:28:27.782 32489 32675 W RPCS3   : _sys_ppu_thread_create(thread_id=*0x68b638, param=*0xd0010160, arg=0x68b600, unk=0x0, prio=50, stacksize=0x5000, flags=0x1, threadname=*0x3f9be8)
09-25 07:28:27.782 32489 32675 W RPCS3   : _sys_ppu_thread_create(): Thread "brbDriver" created (id=0x1000010, func=*0x3c59b0, rtoc=0x52d6c8, user-tls=0x10008320)
09-25 07:28:27.782 32489 32675 W RPCS3   : sys_event_port_create(eport_id=*0x68b650, port_type=1, name=0xb00bb00b)
09-25 07:28:27.782 32489 32675 W RPCS3   : sys_event_queue_create(equeue_id=*0x68b654, attr=*0xd0010220, ipc_key=0x0, size=4)
09-25 07:28:27.782 32489 32675 W RPCS3   : sys_event_port_connect_local(eport_id=0xe018800, equeue_id=0x8d018900)
09-25 07:28:27.782 32489 32675 W RPCS3   : _sys_ppu_thread_create(thread_id=*0x68b640, param=*0xd0010160, arg=0x68b600, unk=0x0, prio=50, stacksize=0x5000, flags=0x1, threadname=*0x3f9c00)
09-25 07:28:27.782 32489 32675 W RPCS3   : _sys_ppu_thread_create(): Thread "brbClient" created (id=0x1000011, func=*0x3c58b4, rtoc=0x52d6c8, user-tls=0x10008960)
09-25 07:28:27.782 32489 32675 W RPCS3   : _sys_timer_start(timer_id=0x11018600, base_time=0x0, period=0x14d5)
09-25 07:28:27.793 32489 32675 W RPCS3   : _sys_ppu_thread_create(thread_id=*0x34421848, param=*0xd00104c0, arg=0x0, unk=0x0, prio=401, stacksize=0x2000, flags=0x1, threadname=*0x3f42a8)
09-25 07:28:27.793 32489 32675 W RPCS3   : _sys_ppu_thread_create(): Thread "snd_stream_service_thread" created (id=0x1000012, func=*0x3b7e90, rtoc=0x52d6c8, user-tls=0x10008af0)
09-25 07:28:27.794 32489 32675 W RPCS3   : _sys_ppu_thread_create(thread_id=*0x34422940, param=*0xd00104c0, arg=0x1, unk=0x0, prio=401, stacksize=0x2000, flags=0x1, threadname=*0x3f42a8)
09-25 07:28:27.794 32489 32675 W RPCS3   : _sys_ppu_thread_create(): Thread "snd_stream_service_thread" created (id=0x1000013, func=*0x3b7e90, rtoc=0x52d6c8, user-tls=0x10008c80)
09-25 07:28:27.794 32489 32675 W RPCS3   : _sys_ppu_thread_create(thread_id=*0x34423a38, param=*0xd00104c0, arg=0x2, unk=0x0, prio=401, stacksize=0x2000, flags=0x1, threadname=*0x3f42a8)
09-25 07:28:27.794 32489 32675 W RPCS3   : _sys_ppu_thread_create(): Thread "snd_stream_service_thread" created (id=0x1000014, func=*0x3b7e90, rtoc=0x52d6c8, user-tls=0x10008e10)
09-25 07:28:27.794 32489 32675 W RPCS3   : _sys_ppu_thread_create(thread_id=*0x34424b30, param=*0xd00104c0, arg=0x3, unk=0x0, prio=401, stacksize=0x2000, flags=0x1, threadname=*0x3f42a8)
09-25 07:28:27.794 32489 32675 W RPCS3   : _sys_ppu_thread_create(): Thread "snd_stream_service_thread" created (id=0x1000015, func=*0x3b7e90, rtoc=0x52d6c8, user-tls=0x10008fa0)
09-25 07:28:27.794 32489 32675 W RPCS3   : _sys_ppu_thread_create(thread_id=*0x34425c28, param=*0xd00104c0, arg=0x4, unk=0x0, prio=401, stacksize=0x2000, flags=0x1, threadname=*0x3f42a8)
09-25 07:28:27.794 32489 32675 W RPCS3   : _sys_ppu_thread_create(): Thread "snd_stream_service_thread" created (id=0x1000016, func=*0x3b7e90, rtoc=0x52d6c8, user-tls=0x10009130)
09-25 07:28:27.794 32489 32675 W RPCS3   : _sys_ppu_thread_create(thread_id=*0x34426d20, param=*0xd00104c0, arg=0x5, unk=0x0, prio=401, stacksize=0x2000, flags=0x1, threadname=*0x3f42a8)
09-25 07:28:27.795 32489 32675 W RPCS3   : _sys_ppu_thread_create(): Thread "snd_stream_service_thread" created (id=0x1000017, func=*0x3b7e90, rtoc=0x52d6c8, user-tls=0x100092c0)
09-25 07:28:27.795 32489 32675 W RPCS3   : _sys_ppu_thread_create(thread_id=*0x34427e18, param=*0xd00104c0, arg=0x6, unk=0x0, prio=401, stacksize=0x2000, flags=0x1, threadname=*0x3f42a8)
09-25 07:28:27.795 32489 32675 W RPCS3   : _sys_ppu_thread_create(): Thread "snd_stream_service_thread" created (id=0x1000018, func=*0x3b7e90, rtoc=0x52d6c8, user-tls=0x10009450)
09-25 07:28:27.795 32489 32675 W RPCS3   : _sys_ppu_thread_create(thread_id=*0x34428f10, param=*0xd00104c0, arg=0x7, unk=0x0, prio=401, stacksize=0x2000, flags=0x1, threadname=*0x3f42a8)
09-25 07:28:27.795 32489 32675 W RPCS3   : _sys_ppu_thread_create(): Thread "snd_stream_service_thread" created (id=0x1000019, func=*0x3b7e90, rtoc=0x52d6c8, user-tls=0x100095e0)
09-25 07:28:27.795 32489 32675 W RPCS3   : _sys_ppu_thread_create(thread_id=*0x3442a008, param=*0xd00104c0, arg=0x8, unk=0x0, prio=401, stacksize=0x2000, flags=0x1, threadname=*0x3f42a8)
09-25 07:28:27.795 32489 32675 W RPCS3   : _sys_ppu_thread_create(): Thread "snd_stream_service_thread" created (id=0x100001a, func=*0x3b7e90, rtoc=0x52d6c8, user-tls=0x10009770)
09-25 07:28:27.795 32489 32675 W RPCS3   : _sys_ppu_thread_create(thread_id=*0x3442b100, param=*0xd00104c0, arg=0x9, unk=0x0, prio=401, stacksize=0x2000, flags=0x1, threadname=*0x3f42a8)
09-25 07:28:27.795 32489 32675 W RPCS3   : _sys_ppu_thread_create(): Thread "snd_stream_service_thread" created (id=0x100001b, func=*0x3b7e90, rtoc=0x52d6c8, user-tls=0x10009900)
09-25 07:28:27.795 32489 32675 W RPCS3   : _sys_ppu_thread_create(thread_id=*0x3442c1f8, param=*0xd00104c0, arg=0xa, unk=0x0, prio=401, stacksize=0x2000, flags=0x1, threadname=*0x3f42a8)
09-25 07:28:27.796 32489 32675 W RPCS3   : _sys_ppu_thread_create(): Thread "snd_stream_service_thread" created (id=0x100001c, func=*0x3b7e90, rtoc=0x52d6c8, user-tls=0x10009a90)
09-25 07:28:27.796 32489 32675 W RPCS3   : _sys_ppu_thread_create(thread_id=*0x3442d2f0, param=*0xd00104c0, arg=0xb, unk=0x0, prio=401, stacksize=0x2000, flags=0x1, threadname=*0x3f42a8)
09-25 07:28:27.796 32489 32675 W RPCS3   : _sys_ppu_thread_create(): Thread "snd_stream_service_thread" created (id=0x100001d, func=*0x3b7e90, rtoc=0x52d6c8, user-tls=0x10009c20)
09-25 07:28:27.796 32489 32675 W RPCS3   : _sys_ppu_thread_create(thread_id=*0x3442e3e8, param=*0xd00104c0, arg=0xc, unk=0x0, prio=401, stacksize=0x2000, flags=0x1, threadname=*0x3f42a8)
09-25 07:28:27.796 32489 32675 W RPCS3   : _sys_ppu_thread_create(): Thread "snd_stream_service_thread" created (id=0x100001e, func=*0x3b7e90, rtoc=0x52d6c8, user-tls=0x10009db0)
09-25 07:28:27.796 32489 32675 W RPCS3   : _sys_ppu_thread_create(thread_id=*0x3442f4e0, param=*0xd00104c0, arg=0xd, unk=0x0, prio=401, stacksize=0x2000, flags=0x1, threadname=*0x3f42a8)
09-25 07:28:27.796 32489 32675 W RPCS3   : _sys_ppu_thread_create(): Thread "snd_stream_service_thread" created (id=0x100001f, func=*0x3b7e90, rtoc=0x52d6c8, user-tls=0x10009f40)
09-25 07:28:27.796 32489 32675 W RPCS3   : _sys_ppu_thread_create(thread_id=*0x344305d8, param=*0xd00104c0, arg=0xe, unk=0x0, prio=401, stacksize=0x2000, flags=0x1, threadname=*0x3f42a8)
09-25 07:28:27.796 32489 32675 W RPCS3   : _sys_ppu_thread_create(): Thread "snd_stream_service_thread" created (id=0x1000020, func=*0x3b7e90, rtoc=0x52d6c8, user-tls=0x1000a0d0)
09-25 07:28:27.797 32489 32675 W RPCS3   : _sys_ppu_thread_create(thread_id=*0x344316d0, param=*0xd00104c0, arg=0xf, unk=0x0, prio=401, stacksize=0x2000, flags=0x1, threadname=*0x3f42a8)
09-25 07:28:27.797 32489 32675 W RPCS3   : _sys_ppu_thread_create(): Thread "snd_stream_service_thread" created (id=0x1000021, func=*0x3b7e90, rtoc=0x52d6c8, user-tls=0x1000a260)
09-25 07:28:27.797 32489 32675 W RPCS3   : _sys_ppu_thread_create(thread_id=*0x344327c8, param=*0xd00104c0, arg=0x10, unk=0x0, prio=401, stacksize=0x2000, flags=0x1, threadname=*0x3f42a8)
09-25 07:28:27.797 32489 32675 W RPCS3   : _sys_ppu_thread_create(): Thread "snd_stream_service_thread" created (id=0x1000022, func=*0x3b7e90, rtoc=0x52d6c8, user-tls=0x1000a3f0)
09-25 07:28:27.797 32489 32675 W RPCS3   : _sys_ppu_thread_create(thread_id=*0x344338c0, param=*0xd00104c0, arg=0x11, unk=0x0, prio=401, stacksize=0x2000, flags=0x1, threadname=*0x3f42a8)
09-25 07:28:27.797 32489 32675 W RPCS3   : _sys_ppu_thread_create(): Thread "snd_stream_service_thread" created (id=0x1000023, func=*0x3b7e90, rtoc=0x52d6c8, user-tls=0x1000a580)
09-25 07:28:27.797 32489 32675 W RPCS3   : _sys_ppu_thread_create(thread_id=*0x344349b8, param=*0xd00104c0, arg=0x12, unk=0x0, prio=401, stacksize=0x2000, flags=0x1, threadname=*0x3f42a8)
09-25 07:28:27.797 32489 32675 W RPCS3   : _sys_ppu_thread_create(): Thread "snd_stream_service_thread" created (id=0x1000024, func=*0x3b7e90, rtoc=0x52d6c8, user-tls=0x1000a710)
09-25 07:28:27.798 32489 32675 W RPCS3   : _sys_ppu_thread_create(thread_id=*0x34435ab0, param=*0xd00104c0, arg=0x13, unk=0x0, prio=401, stacksize=0x2000, flags=0x1, threadname=*0x3f42a8)
09-25 07:28:27.798 32489 32675 W RPCS3   : _sys_ppu_thread_create(): Thread "snd_stream_service_thread" created (id=0x1000025, func=*0x3b7e90, rtoc=0x52d6c8, user-tls=0x1000a8a0)
09-25 07:28:27.831 32489 32504 W HWUI    : Surface doesn't have any previously queued frames, nothing to readback from
09-25 07:28:28.187 32489 32675 W RPCS3   : sys_mmapper_map_shared_memory(addr=0x38c00000, mem_id=0x800c500, flags=0x40000)
09-25 07:28:28.188 32489 32675 E RPCS3   : Failed to lock sudo memory (addr=0x38c00000, size=0x100000). Consider increasing your system limits.
09-25 07:28:28.188 32489 32675 W RPCS3   : sys_mmapper_map_shared_memory(addr=0x38d00000, mem_id=0x800c600, flags=0x40000)
09-25 07:28:28.188 32489 32675 E RPCS3   : Failed to lock sudo memory (addr=0x38d00000, size=0x100000). Consider increasing your system limits.
09-25 07:28:28.188 32489 32675 W RPCS3   : sys_mmapper_map_shared_memory(addr=0x38e00000, mem_id=0x800c700, flags=0x40000)
09-25 07:28:28.188 32489 32675 E RPCS3   : Failed to lock sudo memory (addr=0x38e00000, size=0x100000). Consider increasing your system limits.
09-25 07:28:28.188 32489 32675 W RPCS3   : sys_mmapper_map_shared_memory(addr=0x38f00000, mem_id=0x800c800, flags=0x40000)
09-25 07:28:28.188 32489 32675 E RPCS3   : Failed to lock sudo memory (addr=0x38f00000, size=0x100000). Consider increasing your system limits.
09-25 07:28:28.188 32489 32675 W RPCS3   : sys_mmapper_map_shared_memory(addr=0x39000000, mem_id=0x800c900, flags=0x40000)
09-25 07:28:28.189 32489 32675 E RPCS3   : Failed to lock sudo memory (addr=0x39000000, size=0x100000). Consider increasing your system limits.
09-25 07:28:28.189 32489 32675 W RPCS3   : sys_mmapper_map_shared_memory(addr=0x39100000, mem_id=0x800ca00, flags=0x40000)
09-25 07:28:28.189 32489 32675 E RPCS3   : Failed to lock sudo memory (addr=0x39100000, size=0x100000). Consider increasing your system limits.
09-25 07:28:28.189 32489 32675 W RPCS3   : sys_mmapper_map_shared_memory(addr=0x39200000, mem_id=0x800cb00, flags=0x40000)
09-25 07:28:28.189 32489 32675 E RPCS3   : Failed to lock sudo memory (addr=0x39200000, size=0x100000). Consider increasing your system limits.
09-25 07:28:28.189 32489 32675 W RPCS3   : sys_mmapper_map_shared_memory(addr=0x39300000, mem_id=0x800cc00, flags=0x40000)
09-25 07:28:28.189 32489 32675 E RPCS3   : Failed to lock sudo memory (addr=0x39300000, size=0x100000). Consider increasing your system limits.
09-25 07:28:28.189 32489 32675 W RPCS3   : sys_mmapper_map_shared_memory(addr=0x39400000, mem_id=0x800cd00, flags=0x40000)
09-25 07:28:28.189 32489 32675 E RPCS3   : Failed to lock sudo memory (addr=0x39400000, size=0x100000). Consider increasing your system limits.
09-25 07:28:28.189 32489 32675 W RPCS3   : sys_mmapper_map_shared_memory(addr=0x39500000, mem_id=0x800ce00, flags=0x40000)
09-25 07:28:28.189 32489 32675 E RPCS3   : Failed to lock sudo memory (addr=0x39500000, size=0x100000). Consider increasing your system limits.
09-25 07:28:28.189 32489 32675 W RPCS3   : sys_rsx_context_iomap(context_id=0x55555555, io=0x8c00000, ea=0x38c00000, size=0xa00000, flags=0xe000000000000800)
09-25 07:28:28.209 32489 32764 D RPCS3   : sys_fs_fcntl(0xc0000006): /dev_bdvd
09-25 07:28:28.209 32489 32764 W RPCS3   : sys_fs_open(path=“/dev_bdvd/PS3_GAME/USRDIR/ENGLISH.PSARC”, flags=00, fd=*0xd005f7e0, mode=00, arg=*0x0, size=0x0)
09-25 07:28:28.209 32489 32764 W RPCS3   : sys_fs_open(): fd=20, Regular file, '/dev_bdvd/PS3_GAME/USRDIR/ENGLISH.PSARC', Mode: 0x0, Flags: 0x0, Pos/Size: 0/0.619875GB (0x0/0x27ac0a1f)
09-25 07:28:28.209 32489 32764 W RPCS3   : sys_fs_fstat(fd=20, sb=*0xd005f9f4)
09-25 07:28:28.212 32489 32764 D RPCS3   : sys_fs_fcntl(0xc0000006): /dev_bdvd
09-25 07:28:28.212 32489 32764 W RPCS3   : sys_fs_stat(path=“/dev_bdvd/PS3_GAME/USRDIR/ENGLISH.PSARC”, sb=*0xd005f838)
09-25 07:28:28.372 32489 32675 W RPCS3   : sys_mmapper_map_shared_memory(addr=0x39600000, mem_id=0x800cf00, flags=0x40000)
09-25 07:28:28.372 32489 32675 E RPCS3   : Failed to lock sudo memory (addr=0x39600000, size=0x100000). Consider increasing your system limits.
09-25 07:28:28.372 32489 32675 W RPCS3   : sys_mmapper_map_shared_memory(addr=0x39700000, mem_id=0x800d000, flags=0x40000)
09-25 07:28:28.372 32489 32675 E RPCS3   : Failed to lock sudo memory (addr=0x39700000, size=0x100000). Consider increasing your system limits.
09-25 07:28:28.372 32489 32675 W RPCS3   : sys_mmapper_map_shared_memory(addr=0x39800000, mem_id=0x800d100, flags=0x40000)
09-25 07:28:28.373 32489 32675 E RPCS3   : Failed to lock sudo memory (addr=0x39800000, size=0x100000). Consider increasing your system limits.
09-25 07:28:28.373 32489 32675 W RPCS3   : sys_mmapper_map_shared_memory(addr=0x39900000, mem_id=0x800d200, flags=0x40000)
09-25 07:28:28.373 32489 32675 E RPCS3   : Failed to lock sudo memory (addr=0x39900000, size=0x100000). Consider increasing your system limits.
09-25 07:28:28.373 32489 32675 W RPCS3   : sys_mmapper_map_shared_memory(addr=0x39a00000, mem_id=0x800d300, flags=0x40000)
09-25 07:28:28.373 32489 32675 E RPCS3   : Failed to lock sudo memory (addr=0x39a00000, size=0x100000). Consider increasing your system limits.
09-25 07:28:28.373 32489 32675 W RPCS3   : sys_mmapper_map_shared_memory(addr=0x39b00000, mem_id=0x800d400, flags=0x40000)
09-25 07:28:28.374 32489 32675 E RPCS3   : Failed to lock sudo memory (addr=0x39b00000, size=0x100000). Consider increasing your system limits.
09-25 07:28:28.374 32489 32675 W RPCS3   : sys_mmapper_map_shared_memory(addr=0x39c00000, mem_id=0x800d500, flags=0x40000)
09-25 07:28:28.374 32489 32675 E RPCS3   : Failed to lock sudo memory (addr=0x39c00000, size=0x100000). Consider increasing your system limits.
09-25 07:28:28.374 32489 32675 W RPCS3   : sys_mmapper_map_shared_memory(addr=0x39d00000, mem_id=0x800d600, flags=0x40000)
09-25 07:28:28.374 32489 32675 E RPCS3   : Failed to lock sudo memory (addr=0x39d00000, size=0x100000). Consider increasing your system limits.
09-25 07:28:28.374 32489 32675 W RPCS3   : sys_mmapper_map_shared_memory(addr=0x39e00000, mem_id=0x800d700, flags=0x40000)
09-25 07:28:28.374 32489 32675 E RPCS3   : Failed to lock sudo memory (addr=0x39e00000, size=0x100000). Consider increasing your system limits.
09-25 07:28:28.374 32489 32675 W RPCS3   : sys_mmapper_map_shared_memory(addr=0x39f00000, mem_id=0x800d800, flags=0x40000)
09-25 07:28:28.375 32489 32675 E RPCS3   : Failed to lock sudo memory (addr=0x39f00000, size=0x100000). Consider increasing your system limits.
09-25 07:28:28.375 32489 32675 W RPCS3   : sys_mmapper_map_shared_memory(addr=0x3a000000, mem_id=0x800d900, flags=0x40000)
09-25 07:28:28.375 32489 32675 E RPCS3   : Failed to lock sudo memory (addr=0x3a000000, size=0x100000). Consider increasing your system limits.
09-25 07:28:28.375 32489 32675 W RPCS3   : sys_mmapper_map_shared_memory(addr=0x3a100000, mem_id=0x800da00, flags=0x40000)
09-25 07:28:28.376 32489 32675 E RPCS3   : Failed to lock sudo memory (addr=0x3a100000, size=0x100000). Consider increasing your system limits.
09-25 07:28:28.376 32489 32675 W RPCS3   : sys_mmapper_map_shared_memory(addr=0x3a200000, mem_id=0x800db00, flags=0x40000)
09-25 07:28:28.376 32489 32675 E RPCS3   : Failed to lock sudo memory (addr=0x3a200000, size=0x100000). Consider increasing your system limits.
09-25 07:28:28.376 32489 32675 W RPCS3   : sys_mmapper_map_shared_memory(addr=0x3a300000, mem_id=0x800dc00, flags=0x40000)
09-25 07:28:28.376 32489 32675 E RPCS3   : Failed to lock sudo memory (addr=0x3a300000, size=0x100000). Consider increasing your system limits.
09-25 07:28:28.376 32489 32675 W RPCS3   : sys_rsx_context_iomap(context_id=0x55555555, io=0x9600000, ea=0x39600000, size=0xe00000, flags=0xe000000000000800)
09-25 07:28:28.636 32489 32630 D RPCS3   : CPU Usage: Total: 48.2%, Cores: 0.0%, 0.0%, 0.0%, 0.0%, 0.0%, 0.0%, 0.0%, 0.0%
09-25 07:28:28.657 32489 32504 W HWUI    : Surface doesn't have any previously queued frames, nothing to readback from
09-25 07:28:28.763 32489 32655 D RPCS3   : PPU Syscall Usage Stats:
09-25 07:28:28.763 32489 32655 D RPCS3   : 	⁂ _sys_lwmutex_lock [4720]
09-25 07:28:28.763 32489 32655 D RPCS3   : 	⁂ _sys_lwmutex_unlock [4659]
09-25 07:28:28.763 32489 32655 D RPCS3   : 	⁂ _sys_lwcond_queue_wait [4452]
09-25 07:28:28.763 32489 32655 D RPCS3   : 	⁂ _sys_lwcond_signal [2563]
09-25 07:28:28.763 32489 32655 D RPCS3   : 	⁂ _sys_lwcond_signal_all [1537]
09-25 07:28:28.763 32489 32655 D RPCS3   : 	⁂ sys_time_get_current_time [1328]
09-25 07:28:28.763 32489 32655 D RPCS3   : 	⁂ sys_fs_read [963]
09-25 07:28:28.763 32489 32655 D RPCS3   : 	⁂ sys_event_queue_receive [786]
09-25 07:28:28.763 32489 32655 D RPCS3   : 	⁂ sys_fs_write [610]
09-25 07:28:28.763 32489 32655 D RPCS3   : 	⁂ sys_timer_usleep [324]
09-25 07:28:28.763 32489 32655 D RPCS3   : 	⁂ sys_mmapper_map_shared_memory [288]
09-25 07:28:28.763 32489 32655 D RPCS3   : 	⁂ sys_mmapper_allocate_shared_memory [200]
09-25 07:28:28.763 32489 32655 D RPCS3   : 	⁂ sys_event_port_send [172]
09-25 07:28:28.763 32489 32655 D RPCS3   : 	⁂ _sys_lwmutex_create [133]
09-25 07:28:28.763 32489 32655 D RPCS3   : 	⁂ sys_time_get_timezone [124]
09-25 07:28:28.763 32489 32655 D RPCS3   : 	⁂ sys_mmapper_unmap_shared_memory [124]
09-25 07:28:28.763 32489 32655 D RPCS3   : 	⁂ sys_fs_lseek [104]
09-25 07:28:28.763 32489 32655 D RPCS3   : 	⁂ sys_fs_fsync [102]
09-25 07:28:28.763 32489 32655 D RPCS3   : 	⁂ sys_fs_fcntl [60]
09-25 07:28:28.763 32489 32655 D RPCS3   : 	⁂ _sys_lwcond_create [50]
09-25 07:28:28.763 32489 32655 D RPCS3   : 	⁂ sys_rsx_context_attribute [45]
09-25 07:28:28.763 32489 32655 D RPCS3   : 	⁂ sys_time_get_timebase_frequency [42]
09-25 07:28:28.763 32489 32655 D RPCS3   : 	⁂ sys_mutex_lock [40]
09-25 07:28:28.763 32489 32655 D RPCS3   : 	⁂ sys_mutex_unlock [40]
09-25 07:28:28.763 32489 32655 D RPCS3   : 	⁂ sys_fs_fstat [38]
09-25 07:28:28.763 32489 32655 D RPCS3   : 	⁂ _sys_ppu_thread_create [37]
09-25 07:28:28.763 32489 32655 D RPCS3   : 	⁂ sys_ppu_thread_start [37]
09-25 07:28:28.763 32489 32655 D RPCS3   : 	⁂ sys_fs_open [35]
09-25 07:28:28.763 32489 32655 D RPCS3   : 	⁂ sys_semaphore_create [34]
09-25 07:28:28.763 32489 32655 D RPCS3   : 	⁂ _sys_prx_start_module [26]
09-25 07:28:28.763 32489 32655 D RPCS3   : 	⁂ sys_fs_stat [24]
09-25 07:28:28.763 32489 32655 D RPCS3   : 	⁂ sys_fs_close [17]
09-25 07:28:28.763 32489 32655 D RPCS3   : 	⁂ _sys_prx_load_module [13]
09-25 07:28:28.763 32489 32655 D RPCS3   : 	⁂ sys_event_queue_create [7]
09-25 07:28:28.763 32489 32655 D RPCS3   : 	⁂ sys_event_flag_create [6]
09-25 07:28:28.763 32489 32655 D RPCS3   : 	⁂ sys_spu_thread_initialize [6]
09-25 07:28:28.763 32489 32655 D RPCS3   : 	⁂ sys_rsx_context_iomap [6]
09-25 07:28:28.763 32489 32655 D RPCS3   : 	⁂ sys_process_getpid [5]
09-25 07:28:28.763 32489 32655 D RPCS3   : 	⁂ sys_mutex_create [5]
09-25 07:28:28.763 32489 32655 D RPCS3   : 	⁂ sys_event_port_create [5]
09-25 07:28:28.763 32489 32655 D RPCS3   : 	⁂ sys_event_port_connect_local [5]
09-25 07:28:28.763 32489 32655 D RPCS3   : 	⁂ sys_spu_thread_group_connect_event_all_threads [5]
09-25 07:28:28.763 32489 32655 D RPCS3   : 	⁂ sys_process_get_sdk_version [4]
09-25 07:28:28.763 32489 32655 D RPCS3   : 	⁂ sys_memory_get_user_memory_size [4]
09-25 07:28:28.763 32489 32655 D RPCS3   : 	⁂ sys_memory_allocate [3]
09-25 07:28:28.763 32489 32655 D RPCS3   : 	⁂ sys_process_is_spu_lock_line_reservation_address [2]
09-25 07:28:28.763 32489 32655 D RPCS3   : 	⁂ _sys_ppu_thread_exit [2]
09-25 07:28:28.763 32489 32655 D RPCS3   : 	⁂ sys_cond_create [2]
09-25 07:28:28.763 32489 32655 D RPCS3   : 	⁂ sys_spu_thread_group_create [2]
09-25 07:28:28.763 32489 32655 D RPCS3   : 	⁂ sys_spu_thread_group_start [2]
09-25 07:28:28.763 32489 32655 D RPCS3   : 	⁂ sys_spu_thread_group_join [2]
09-25 07:28:28.763 32489 32655 D RPCS3   : 	⁂ sys_spu_thread_group_connect_event [2]
09-25 07:28:28.763 32489 32655 D RPCS3   : 	⁂ _sys_prx_register_module [2]
09-25 07:28:28.763 32489 32655 D RPCS3   : 	⁂ _sys_prx_get_module_id_by_name [2]
09-25 07:28:28.763 32489 32655 D RPCS3   : 	⁂ sys_rsx_attribute [2]
09-25 07:28:28.763 32489 32655 D RPCS3   : 	⁂ sys_fs_get_block_size [2]
09-25 07:28:28.763 32489 32655 D RPCS3   : 	⁂ sys_fs_disk_free [2]
09-25 07:28:28.763 32489 32655 D RPCS3   : 	⁂ sys_ss_access_control_engine [2]
09-25 07:28:28.763 32489 32655 D RPCS3   : 	⁂ _sys_process_get_paramsfo [1]
09-25 07:28:28.763 32489 32655 D RPCS3   : 	⁂ sys_ppu_thread_get_priority [1]
09-25 07:28:28.763 32489 32655 D RPCS3   : 	⁂ sys_timer_create [1]
09-25 07:28:28.763 32489 32655 D RPCS3   : 	⁂ _sys_timer_start [1]
09-25 07:28:28.763 32489 32655 D RPCS3   : 	⁂ sys_timer_connect_event_queue [1]
09-25 07:28:28.763 32489 32655 D RPCS3   : 	⁂ sys_spu_initialize [1]
09-25 07:28:28.763 32489 32655 D RPCS3   : 	⁂ sys_mmapper_allocate_address [1]
09-25 07:28:28.763 32489 32655 D RPCS3   : 	⁂ syscall_462 [1]
09-25 07:28:28.763 32489 32655 D RPCS3   : 	⁂ sys_rsx_memory_allocate [1]
09-25 07:28:28.763 32489 32655 D RPCS3   : 	⁂ sys_rsx_context_allocate [1]
09-25 07:28:28.763 32489 32655 D RPCS3   : 	⁂ sys_rsx_context_iounmap [1]
09-25 07:28:28.763 32489 32655 D RPCS3   : 	⁂ sys_rsx_device_map [1]
09-25 07:28:28.763 32489 32655 D RPCS3   : 	⁂ sys_fs_opendir [1]
09-25 07:28:28.763 32489 32655 D RPCS3   : 	⁂ sys_fs_mkdir [1]
09-25 07:28:29.194 32489 32675 W RPCS3   : sys_mmapper_map_shared_memory(addr=0x3a400000, mem_id=0x800dd00, flags=0x40000)
09-25 07:28:29.194 32489 32675 E RPCS3   : Failed to lock sudo memory (addr=0x3a400000, size=0x100000). Consider increasing your system limits.
09-25 07:28:29.194 32489 32675 W RPCS3   : sys_mmapper_map_shared_memory(addr=0x3a500000, mem_id=0x800de00, flags=0x40000)
09-25 07:28:29.194 32489 32675 E RPCS3   : Failed to lock sudo memory (addr=0x3a500000, size=0x100000). Consider increasing your system limits.
09-25 07:28:29.194 32489 32675 W RPCS3   : sys_mmapper_map_shared_memory(addr=0x3a600000, mem_id=0x800df00, flags=0x40000)
09-25 07:28:29.194 32489 32675 E RPCS3   : Failed to lock sudo memory (addr=0x3a600000, size=0x100000). Consider increasing your system limits.
09-25 07:28:29.194 32489 32675 W RPCS3   : sys_mmapper_map_shared_memory(addr=0x3a700000, mem_id=0x800e000, flags=0x40000)
09-25 07:28:29.194 32489 32675 E RPCS3   : Failed to lock sudo memory (addr=0x3a700000, size=0x100000). Consider increasing your system limits.
09-25 07:28:29.194 32489 32675 W RPCS3   : sys_mmapper_map_shared_memory(addr=0x3a800000, mem_id=0x800e100, flags=0x40000)
09-25 07:28:29.194 32489 32675 E RPCS3   : Failed to lock sudo memory (addr=0x3a800000, size=0x100000). Consider increasing your system limits.
09-25 07:28:29.194 32489 32675 W RPCS3   : sys_mmapper_map_shared_memory(addr=0x3a900000, mem_id=0x800e200, flags=0x40000)
09-25 07:28:29.194 32489 32675 E RPCS3   : Failed to lock sudo memory (addr=0x3a900000, size=0x100000). Consider increasing your system limits.
09-25 07:28:29.194 32489 32675 W RPCS3   : sys_mmapper_map_shared_memory(addr=0x3aa00000, mem_id=0x800e300, flags=0x40000)
09-25 07:28:29.194 32489 32675 E RPCS3   : Failed to lock sudo memory (addr=0x3aa00000, size=0x100000). Consider increasing your system limits.
09-25 07:28:29.194 32489 32675 W RPCS3   : sys_mmapper_map_shared_memory(addr=0x3ab00000, mem_id=0x800e400, flags=0x40000)
09-25 07:28:29.194 32489 32675 E RPCS3   : Failed to lock sudo memory (addr=0x3ab00000, size=0x100000). Consider increasing your system limits.
09-25 07:28:29.194 32489 32675 W RPCS3   : sys_mmapper_map_shared_memory(addr=0x3ac00000, mem_id=0x800e500, flags=0x40000)
09-25 07:28:29.194 32489 32675 E RPCS3   : Failed to lock sudo memory (addr=0x3ac00000, size=0x100000). Consider increasing your system limits.
09-25 07:28:29.194 32489 32675 W RPCS3   : sys_rsx_context_iomap(context_id=0x55555555, io=0xa400000, ea=0x3a400000, size=0x900000, flags=0xe000000000000800)
09-25 07:28:29.317 32489 32764 D RPCS3   : sys_fs_fcntl(0xc0000006): /dev_bdvd
09-25 07:28:29.317 32489 32764 W RPCS3   : sys_fs_stat(path=“/dev_bdvd/PS3_GAME/USRDIR/ENGLISH.PSARC”, sb=*0xd005f488)
09-25 07:28:29.460 32489 32504 W HWUI    : Surface doesn't have any previously queued frames, nothing to readback from
09-25 07:28:29.586 32489 32675 W RPCS3   : sceNpTrophyInit(pool=*0x0, poolSize=0x0, containerId=0xffffffff, options=0x0)
09-25 07:28:29.586 32489 32675 W RPCS3   : sceNpTrophyCreateContext(context=*0x6407c8, commId=*0x3cb960, commSign=*0x3cb96c, options=0x0)
09-25 07:28:29.586 32489 32675 D RPCS3   : sceNpTrophyCreateContext(): commSign = { B9 DD E1 3B, 01 00 00 00, 00 00 00 00, 53 46 29 5F, C7 76 94 ED, 34 A1 FC 88, 1F 84 B9 B2, 28 54 6B 04, C6 F0 5C 41, 7F 2B 31 D9, A4 C8 9F 77, 0D 0C 88 D7, 6C 8F B7 60, EA D9 54 0E, 44 00 4D 97, 88 B9 B0 AC, B9 87 A4 A4, 81 F3 FF 3C, A9 FC 18 31, EC 39 5A 59, 3E 2E 98 1A, 89 8C 47 02, 4A 8D 28 CF, 23 EF 7B 04, 97 B9 10 53, 95 72 48 74, BC D2 2B 57, F4 B0 DD D1, F2 6F A0 98, 90 11 19 5F, 7A FC DB 5F, 6D A7 21 89, 1B 78 EB 28, 78 00 4C 3A, 6A 84 DC EF, 70 82 2D BB, AF B7 C9 3C, A2 39 21 C4, E3 55 FC 9A, 5C 19 C0 DB }
09-25 07:28:29.586 32489 32675 W RPCS3   : sceNpTrophyCreateContext(): commId = { data='NPWR00801', term='' (0x0), num=0, dummy=0 }
09-25 07:28:29.586 32489 32675 W RPCS3   : sceNpTrophyCreateHandle(handle=*0x6407c4)
09-25 07:28:29.586 32489 32675 W RPCS3   : sys_event_queue_create(equeue_id=*0x52bf0c, attr=*0xd00108e0, ipc_key=0x0, size=8)
09-25 07:28:29.586 32489 32675 W RPCS3   : sys_event_port_create(eport_id=*0x52bf08, port_type=1, name=0x1)
09-25 07:28:29.586 32489 32675 W RPCS3   : sys_event_port_connect_local(eport_id=0xe01cd00, equeue_id=0x8d01cc00)
09-25 07:28:29.586 32489 32675 W RPCS3   : _sys_ppu_thread_create(thread_id=*0x52bf18, param=*0xd0010820, arg=0x0, unk=0x0, prio=999, stacksize=0x2000, flags=0x1, threadname=*0x3dd870)
09-25 07:28:29.586 32489 32675 W RPCS3   : _sys_ppu_thread_create(): Thread "TrophyUtil::TrophyUnlock" created (id=0x1000026, func=*0x26bd28, rtoc=0x52d6c8, user-tls=0x1000aa30)
09-25 07:28:29.586 32489 32675 W RPCS3   : sys_mmapper_map_shared_memory(addr=0x3ad00000, mem_id=0x800e600, flags=0x40000)
09-25 07:28:29.586 32489 32675 E RPCS3   : Failed to lock sudo memory (addr=0x3ad00000, size=0x100000). Consider increasing your system limits.
09-25 07:28:29.587 32489 32675 W RPCS3   : sys_mmapper_map_shared_memory(addr=0x3ae00000, mem_id=0x800e700, flags=0x40000)
09-25 07:28:29.587 32489 32675 E RPCS3   : Failed to lock sudo memory (addr=0x3ae00000, size=0x100000). Consider increasing your system limits.
09-25 07:28:29.587 32489 32675 W RPCS3   : sys_mmapper_map_shared_memory(addr=0x3af00000, mem_id=0x800e800, flags=0x40000)
09-25 07:28:29.587 32489 32675 E RPCS3   : Failed to lock sudo memory (addr=0x3af00000, size=0x100000). Consider increasing your system limits.
09-25 07:28:29.587 32489 32675 W RPCS3   : sys_mmapper_map_shared_memory(addr=0x3b000000, mem_id=0x800e900, flags=0x40000)
09-25 07:28:29.587 32489 32675 E RPCS3   : Failed to lock sudo memory (addr=0x3b000000, size=0x100000). Consider increasing your system limits.
09-25 07:28:29.587 32489 32675 W RPCS3   : sys_mmapper_map_shared_memory(addr=0x3b100000, mem_id=0x800ea00, flags=0x40000)
09-25 07:28:29.587 32489 32675 E RPCS3   : Failed to lock sudo memory (addr=0x3b100000, size=0x100000). Consider increasing your system limits.
09-25 07:28:29.587 32489 32675 W RPCS3   : sys_mmapper_map_shared_memory(addr=0x3b200000, mem_id=0x800eb00, flags=0x40000)
09-25 07:28:29.587 32489 32675 E RPCS3   : Failed to lock sudo memory (addr=0x3b200000, size=0x100000). Consider increasing your system limits.
09-25 07:28:29.588 32489 32675 W RPCS3   : sys_mmapper_map_shared_memory(addr=0x3b300000, mem_id=0x800ec00, flags=0x40000)
09-25 07:28:29.588 32489 32675 E RPCS3   : Failed to lock sudo memory (addr=0x3b300000, size=0x100000). Consider increasing your system limits.
09-25 07:28:29.588 32489 32675 W RPCS3   : sys_mmapper_map_shared_memory(addr=0x3b400000, mem_id=0x800ed00, flags=0x40000)
09-25 07:28:29.588 32489 32675 E RPCS3   : Failed to lock sudo memory (addr=0x3b400000, size=0x100000). Consider increasing your system limits.
09-25 07:28:29.588 32489 32675 W RPCS3   : sys_mmapper_map_shared_memory(addr=0x3b500000, mem_id=0x800ee00, flags=0x40000)
09-25 07:28:29.588 32489 32675 E RPCS3   : Failed to lock sudo memory (addr=0x3b500000, size=0x100000). Consider increasing your system limits.
09-25 07:28:29.588 32489 32675 W RPCS3   : sys_mmapper_map_shared_memory(addr=0x3b600000, mem_id=0x800ef00, flags=0x40000)
09-25 07:28:29.588 32489 32675 E RPCS3   : Failed to lock sudo memory (addr=0x3b600000, size=0x100000). Consider increasing your system limits.
09-25 07:28:29.588 32489 32675 W RPCS3   : sys_mmapper_map_shared_memory(addr=0x3b700000, mem_id=0x800f000, flags=0x40000)
09-25 07:28:29.588 32489 32675 E RPCS3   : Failed to lock sudo memory (addr=0x3b700000, size=0x100000). Consider increasing your system limits.
09-25 07:28:29.588 32489 32675 W RPCS3   : sys_mmapper_map_shared_memory(addr=0x3b800000, mem_id=0x800f100, flags=0x40000)
09-25 07:28:29.589 32489 32675 E RPCS3   : Failed to lock sudo memory (addr=0x3b800000, size=0x100000). Consider increasing your system limits.
09-25 07:28:29.589 32489 32675 W RPCS3   : sys_mmapper_map_shared_memory(addr=0x3b900000, mem_id=0x800f200, flags=0x40000)
09-25 07:28:29.589 32489 32675 E RPCS3   : Failed to lock sudo memory (addr=0x3b900000, size=0x100000). Consider increasing your system limits.
09-25 07:28:29.589 32489 32675 W RPCS3   : sys_mmapper_map_shared_memory(addr=0x3ba00000, mem_id=0x800f300, flags=0x40000)
09-25 07:28:29.589 32489 32675 E RPCS3   : Failed to lock sudo memory (addr=0x3ba00000, size=0x100000). Consider increasing your system limits.
09-25 07:28:29.589 32489 32675 W RPCS3   : sys_mmapper_map_shared_memory(addr=0x3bb00000, mem_id=0x800f400, flags=0x40000)
09-25 07:28:29.589 32489 32675 E RPCS3   : Failed to lock sudo memory (addr=0x3bb00000, size=0x100000). Consider increasing your system limits.
09-25 07:28:29.589 32489 32675 W RPCS3   : sys_mmapper_map_shared_memory(addr=0x3bc00000, mem_id=0x800f500, flags=0x40000)
09-25 07:28:29.589 32489 32675 E RPCS3   : Failed to lock sudo memory (addr=0x3bc00000, size=0x100000). Consider increasing your system limits.
09-25 07:28:29.589 32489 32675 W RPCS3   : sys_mmapper_map_shared_memory(addr=0x3bd00000, mem_id=0x800f600, flags=0x40000)
09-25 07:28:29.589 32489 32675 E RPCS3   : Failed to lock sudo memory (addr=0x3bd00000, size=0x100000). Consider increasing your system limits.
09-25 07:28:29.589 32489 32675 W RPCS3   : sys_mmapper_map_shared_memory(addr=0x3be00000, mem_id=0x800f700, flags=0x40000)
09-25 07:28:29.589 32489 32675 E RPCS3   : Failed to lock sudo memory (addr=0x3be00000, size=0x100000). Consider increasing your system limits.
09-25 07:28:29.590 32489 32675 W RPCS3   : sys_mmapper_map_shared_memory(addr=0x3bf00000, mem_id=0x800f800, flags=0x40000)
09-25 07:28:29.590 32489 32675 E RPCS3   : Failed to lock sudo memory (addr=0x3bf00000, size=0x100000). Consider increasing your system limits.
09-25 07:28:29.590 32489 32675 W RPCS3   : sys_rsx_context_iomap(context_id=0x55555555, io=0xad00000, ea=0x3ad00000, size=0x1300000, flags=0xe000000000000800)
09-25 07:28:29.590 32489 32764 D RPCS3   : sys_fs_fcntl(0xc0000006): /dev_bdvd
09-25 07:28:29.590 32489 32764 W RPCS3   : sys_fs_open(path=“/dev_bdvd/PS3_GAME/USRDIR/CINEMATICS/SMLOGO.M2V”, flags=00, fd=*0xd005fa80, mode=00, arg=*0x0, size=0x0)
09-25 07:28:29.590 32489 32764 W RPCS3   : sys_fs_open(): fd=21, Regular file, '/dev_bdvd/PS3_GAME/USRDIR/CINEMATICS/SMLOGO.M2V', Mode: 0x0, Flags: 0x0, Pos/Size: 0/16.1122MB (0x0/0x101cb90)
09-25 07:28:29.590 32489 32764 W RPCS3   : sys_fs_fstat(fd=21, sb=*0xd005fc94)
09-25 07:28:29.643 32489 32764 W RPCS3   : sys_fs_close(fd=21): Regular file, '/dev_bdvd/PS3_GAME/USRDIR/CINEMATICS/SMLOGO.M2V', Mode: 0x0, Flags: 0x0, Pos/Size: 0/16.1122MB (0x0/0x101cb90)
09-25 07:28:29.670 32489 32675 W RPCS3   : sys_rsx_context_iounmap(context_id=0x55555555, io=0x4c00000, size=0x4000000)
09-25 07:28:29.670 32489 32675 W RPCS3   : sys_mmapper_unmap_shared_memory(addr=0x34c00000, mem_id=*0xd0010780)
09-25 07:28:29.670 32489 32675 W RPCS3   : sys_mmapper_unmap_shared_memory(addr=0x34d00000, mem_id=*0xd0010780)
09-25 07:28:29.670 32489 32675 W RPCS3   : sys_mmapper_unmap_shared_memory(addr=0x34e00000, mem_id=*0xd0010780)
09-25 07:28:29.670 32489 32675 W RPCS3   : sys_mmapper_unmap_shared_memory(addr=0x34f00000, mem_id=*0xd0010780)
09-25 07:28:29.670 32489 32675 W RPCS3   : sys_mmapper_unmap_shared_memory(addr=0x35000000, mem_id=*0xd0010780)
09-25 07:28:29.670 32489 32675 W RPCS3   : sys_mmapper_unmap_shared_memory(addr=0x35100000, mem_id=*0xd0010780)
09-25 07:28:29.670 32489 32675 W RPCS3   : sys_mmapper_unmap_shared_memory(addr=0x35200000, mem_id=*0xd0010780)
09-25 07:28:29.670 32489 32675 W RPCS3   : sys_mmapper_unmap_shared_memory(addr=0x35300000, mem_id=*0xd0010780)
09-25 07:28:29.670 32489 32675 W RPCS3   : sys_mmapper_unmap_shared_memory(addr=0x35400000, mem_id=*0xd0010780)
09-25 07:28:29.670 32489 32675 W RPCS3   : sys_mmapper_unmap_shared_memory(addr=0x35500000, mem_id=*0xd0010780)
09-25 07:28:29.670 32489 32675 W RPCS3   : sys_mmapper_unmap_shared_memory(addr=0x35600000, mem_id=*0xd0010780)
09-25 07:28:29.670 32489 32675 W RPCS3   : sys_mmapper_unmap_shared_memory(addr=0x35700000, mem_id=*0xd0010780)
09-25 07:28:29.670 32489 32675 W RPCS3   : sys_mmapper_unmap_shared_memory(addr=0x35800000, mem_id=*0xd0010780)
09-25 07:28:29.670 32489 32675 W RPCS3   : sys_mmapper_unmap_shared_memory(addr=0x35900000, mem_id=*0xd0010780)
09-25 07:28:29.670 32489 32675 W RPCS3   : sys_mmapper_unmap_shared_memory(addr=0x35a00000, mem_id=*0xd0010780)
09-25 07:28:29.670 32489 32675 W RPCS3   : sys_mmapper_unmap_shared_memory(addr=0x35b00000, mem_id=*0xd0010780)
09-25 07:28:29.670 32489 32675 W RPCS3   : sys_mmapper_unmap_shared_memory(addr=0x35c00000, mem_id=*0xd0010780)
09-25 07:28:29.670 32489 32675 W RPCS3   : sys_mmapper_unmap_shared_memory(addr=0x35d00000, mem_id=*0xd0010780)
09-25 07:28:29.671 32489 32675 W RPCS3   : sys_mmapper_unmap_shared_memory(addr=0x35e00000, mem_id=*0xd0010780)
09-25 07:28:29.671 32489 32675 W RPCS3   : sys_mmapper_unmap_shared_memory(addr=0x35f00000, mem_id=*0xd0010780)
09-25 07:28:29.671 32489 32675 W RPCS3   : sys_mmapper_unmap_shared_memory(addr=0x36000000, mem_id=*0xd0010780)
09-25 07:28:29.671 32489 32675 W RPCS3   : sys_mmapper_unmap_shared_memory(addr=0x36100000, mem_id=*0xd0010780)
09-25 07:28:29.671 32489 32675 W RPCS3   : sys_mmapper_unmap_shared_memory(addr=0x36200000, mem_id=*0xd0010780)
09-25 07:28:29.671 32489 32675 W RPCS3   : sys_mmapper_unmap_shared_memory(addr=0x36300000, mem_id=*0xd0010780)
09-25 07:28:29.671 32489 32675 W RPCS3   : sys_mmapper_unmap_shared_memory(addr=0x36400000, mem_id=*0xd0010780)
09-25 07:28:29.671 32489 32675 W RPCS3   : sys_mmapper_unmap_shared_memory(addr=0x36500000, mem_id=*0xd0010780)
09-25 07:28:29.671 32489 32675 W RPCS3   : sys_mmapper_unmap_shared_memory(addr=0x36600000, mem_id=*0xd0010780)
09-25 07:28:29.671 32489 32675 W RPCS3   : sys_mmapper_unmap_shared_memory(addr=0x36700000, mem_id=*0xd0010780)
09-25 07:28:29.671 32489 32675 W RPCS3   : sys_mmapper_unmap_shared_memory(addr=0x36800000, mem_id=*0xd0010780)
09-25 07:28:29.671 32489 32675 W RPCS3   : sys_mmapper_unmap_shared_memory(addr=0x36900000, mem_id=*0xd0010780)
09-25 07:28:29.671 32489 32675 W RPCS3   : sys_mmapper_unmap_shared_memory(addr=0x36a00000, mem_id=*0xd0010780)
09-25 07:28:29.671 32489 32675 W RPCS3   : sys_mmapper_unmap_shared_memory(addr=0x36b00000, mem_id=*0xd0010780)
09-25 07:28:29.671 32489 32675 W RPCS3   : sys_mmapper_unmap_shared_memory(addr=0x36c00000, mem_id=*0xd0010780)
09-25 07:28:29.671 32489 32675 W RPCS3   : sys_mmapper_unmap_shared_memory(addr=0x36d00000, mem_id=*0xd0010780)
09-25 07:28:29.671 32489 32675 W RPCS3   : sys_mmapper_unmap_shared_memory(addr=0x36e00000, mem_id=*0xd0010780)
09-25 07:28:29.671 32489 32675 W RPCS3   : sys_mmapper_unmap_shared_memory(addr=0x36f00000, mem_id=*0xd0010780)
09-25 07:28:29.671 32489 32675 W RPCS3   : sys_mmapper_unmap_shared_memory(addr=0x37000000, mem_id=*0xd0010780)
09-25 07:28:29.671 32489 32675 W RPCS3   : sys_mmapper_unmap_shared_memory(addr=0x37100000, mem_id=*0xd0010780)
09-25 07:28:29.671 32489 32675 W RPCS3   : sys_mmapper_unmap_shared_memory(addr=0x37200000, mem_id=*0xd0010780)
09-25 07:28:29.671 32489 32675 W RPCS3   : sys_mmapper_unmap_shared_memory(addr=0x37300000, mem_id=*0xd0010780)
09-25 07:28:29.671 32489 32675 W RPCS3   : sys_mmapper_unmap_shared_memory(addr=0x37400000, mem_id=*0xd0010780)
09-25 07:28:29.671 32489 32675 W RPCS3   : sys_mmapper_unmap_shared_memory(addr=0x37500000, mem_id=*0xd0010780)
09-25 07:28:29.671 32489 32675 W RPCS3   : sys_mmapper_unmap_shared_memory(addr=0x37600000, mem_id=*0xd0010780)
09-25 07:28:29.671 32489 32675 W RPCS3   : sys_mmapper_unmap_shared_memory(addr=0x37700000, mem_id=*0xd0010780)
09-25 07:28:29.671 32489 32675 W RPCS3   : sys_mmapper_unmap_shared_memory(addr=0x37800000, mem_id=*0xd0010780)
09-25 07:28:29.671 32489 32675 W RPCS3   : sys_mmapper_unmap_shared_memory(addr=0x37900000, mem_id=*0xd0010780)
09-25 07:28:29.671 32489 32675 W RPCS3   : sys_mmapper_unmap_shared_memory(addr=0x37a00000, mem_id=*0xd0010780)
09-25 07:28:29.671 32489 32675 W RPCS3   : sys_mmapper_unmap_shared_memory(addr=0x37b00000, mem_id=*0xd0010780)
09-25 07:28:29.671 32489 32675 W RPCS3   : sys_mmapper_unmap_shared_memory(addr=0x37c00000, mem_id=*0xd0010780)
09-25 07:28:29.671 32489 32675 W RPCS3   : sys_mmapper_unmap_shared_memory(addr=0x37d00000, mem_id=*0xd0010780)
09-25 07:28:29.671 32489 32675 W RPCS3   : sys_mmapper_unmap_shared_memory(addr=0x37e00000, mem_id=*0xd0010780)
09-25 07:28:29.671 32489 32675 W RPCS3   : sys_mmapper_unmap_shared_memory(addr=0x37f00000, mem_id=*0xd0010780)
09-25 07:28:29.671 32489 32675 W RPCS3   : sys_mmapper_unmap_shared_memory(addr=0x38000000, mem_id=*0xd0010780)
09-25 07:28:29.671 32489 32675 W RPCS3   : sys_mmapper_unmap_shared_memory(addr=0x38100000, mem_id=*0xd0010780)
09-25 07:28:29.671 32489 32675 W RPCS3   : sys_mmapper_unmap_shared_memory(addr=0x38200000, mem_id=*0xd0010780)
09-25 07:28:29.671 32489 32675 W RPCS3   : sys_mmapper_unmap_shared_memory(addr=0x38300000, mem_id=*0xd0010780)
09-25 07:28:29.671 32489 32675 W RPCS3   : sys_mmapper_unmap_shared_memory(addr=0x38400000, mem_id=*0xd0010780)
09-25 07:28:29.671 32489 32675 W RPCS3   : sys_mmapper_unmap_shared_memory(addr=0x38500000, mem_id=*0xd0010780)
09-25 07:28:29.671 32489 32675 W RPCS3   : sys_mmapper_unmap_shared_memory(addr=0x38600000, mem_id=*0xd0010780)
09-25 07:28:29.671 32489 32675 W RPCS3   : sys_mmapper_unmap_shared_memory(addr=0x38700000, mem_id=*0xd0010780)
09-25 07:28:29.671 32489 32675 W RPCS3   : sys_mmapper_unmap_shared_memory(addr=0x38800000, mem_id=*0xd0010780)
09-25 07:28:29.671 32489 32675 W RPCS3   : sys_mmapper_unmap_shared_memory(addr=0x38900000, mem_id=*0xd0010780)
09-25 07:28:29.671 32489 32675 W RPCS3   : sys_mmapper_unmap_shared_memory(addr=0x38a00000, mem_id=*0xd0010780)
09-25 07:28:29.672 32489 32675 W RPCS3   : sys_mmapper_unmap_shared_memory(addr=0x38b00000, mem_id=*0xd0010780)
09-25 07:28:29.672 32489 32675 W RPCS3   : cellSysutilRegisterCallback(slot=0, func=*0x51da28, userdata=*0x0)
09-25 07:28:29.672 32489 32675 W RPCS3   : sys_rsx_attribute(packageId=0x202, a2=0x1, a3=0x1, a4=0x0, a5=0x0)
09-25 07:28:29.672 32489 32675 W RPCS3   : sys_rsx_attribute(packageId=0x2, a2=0x1, a3=0x0, a4=0x0, a5=0x0)
09-25 07:28:29.672 32489 32675 W RPCS3   : sys_rsx_context_attribute(context_id=0x55555555, package_id=0x101, a3=0x1, a4=0x2, a5=0x0, a6=0x0)
09-25 07:28:29.672 32489 32755 W RPCS3   : [0x22d8] At 0x22dc: indirect branch to 0x22e0 (D)
09-25 07:28:29.672 32489 32755 D RPCS3   : SPU block is a loop at [0x022f0 -> 0x022f0]
09-25 07:28:29.672 32489 32755 D RPCS3   : Building function 0x22d8... (size 14, __spu-0x022d8-WaQSPvq1Lq5PoYECsUdjuAiMyYgd-cortex-a34)
09-25 07:28:29.673 32489 32675 W RPCS3   : cellSysutilGetSystemParamInt(id=0x112(ID_ENTER_BUTTON_ASSIGN), value=*0xd0010750)
09-25 07:28:29.676 32489 32673 W RPCS3   : [descriptor_manager::register] Now monitoring 1 descriptor sets
09-25 07:28:29.686 32489 32755 I RPCS3   : New SPU block compiled successfully (size=14)
09-25 07:28:29.729 32489 32673 W libc    : Access denied finding property "vendor.mesa.spirv.dump.path"
09-25 07:28:29.729 32489 32673 W libc    : Access denied finding property "vendor.mesa.spirv.read.path"
09-25 07:28:29.730 32489 32673 W RPCS3   : [descriptor_manager::register] Now monitoring 2 descriptor sets
09-25 07:28:29.730 32489 32673 I S3PERF  : queueBuffer interceptor fired win=0x7665e509a0 total=1
09-25 07:28:29.731 32489 32673 W libc    : Access denied finding property "vendor.mesa.vk.max.timeout"
09-25 07:28:30.014 32489 32673 W RPCS3   : [descriptor_manager::register] Now monitoring 3 descriptor sets
09-25 07:28:30.015 32489 32673 E RPCS3   : Format incompatibility detected, reporting failure to force data copy (VK_FORMAT=0x2C, GCM_FORMAT=0x9F)
09-25 07:28:30.017 32489 32673 W libc    : Access denied finding property "vendor.mesa.spirv.dump.path"
09-25 07:28:30.017 32489 32673 W libc    : Access denied finding property "vendor.mesa.spirv.read.path"
09-25 07:28:30.019 32489 32673 W RPCS3   : [descriptor_manager::register] Now monitoring 4 descriptor sets
09-25 07:28:30.019 32489 32673 I S3PERF  : queueBuffer interceptor fired win=0x7665e509a0 total=2
09-25 07:28:30.036 32489 32673 I S3PERF  : queueBuffer interceptor fired win=0x7665e509a0 total=3
09-25 07:28:30.058 32489 32675 W RPCS3   : cellVdecQueryAttrEx(type=*0xd00108b0, attr=*0xd00108bc)
09-25 07:28:30.058 32489 32675 W RPCS3   : cellVdecQueryAttr: MPEG2 (profile=3)
09-25 07:28:30.074 32489 32675 W RPCS3   : cellVdecQueryAttrEx(type=*0xd0010750, attr=*0xd001075c)
09-25 07:28:30.074 32489 32675 W RPCS3   : cellVdecQueryAttr: MPEG2 (profile=3)
09-25 07:28:30.074 32489 32675 W RPCS3   : sys_mmapper_map_shared_memory(addr=0x34c00000, mem_id=0x8008500, flags=0x40000)
09-25 07:28:30.074 32489 32675 E RPCS3   : Failed to lock sudo memory (addr=0x34c00000, size=0x100000). Consider increasing your system limits.
09-25 07:28:30.074 32489 32675 W RPCS3   : sys_mmapper_map_shared_memory(addr=0x34d00000, mem_id=0x8008600, flags=0x40000)
09-25 07:28:30.074 32489 32675 E RPCS3   : Failed to lock sudo memory (addr=0x34d00000, size=0x100000). Consider increasing your system limits.
09-25 07:28:30.074 32489 32675 W RPCS3   : sys_mmapper_map_shared_memory(addr=0x34e00000, mem_id=0x8008700, flags=0x40000)
09-25 07:28:30.074 32489 32675 E RPCS3   : Failed to lock sudo memory (addr=0x34e00000, size=0x100000). Consider increasing your system limits.
09-25 07:28:30.074 32489 32675 W RPCS3   : sys_mmapper_map_shared_memory(addr=0x34f00000, mem_id=0x8008800, flags=0x40000)
09-25 07:28:30.074 32489 32675 E RPCS3   : Failed to lock sudo memory (addr=0x34f00000, size=0x100000). Consider increasing your system limits.
09-25 07:28:30.074 32489 32675 W RPCS3   : sys_mmapper_map_shared_memory(addr=0x35000000, mem_id=0x8008900, flags=0x40000)
09-25 07:28:30.074 32489 32675 E RPCS3   : Failed to lock sudo memory (addr=0x35000000, size=0x100000). Consider increasing your system limits.
09-25 07:28:30.074 32489 32675 W RPCS3   : sys_mmapper_map_shared_memory(addr=0x35100000, mem_id=0x8008a00, flags=0x40000)
09-25 07:28:30.075 32489 32675 E RPCS3   : Failed to lock sudo memory (addr=0x35100000, size=0x100000). Consider increasing your system limits.
09-25 07:28:30.075 32489 32675 W RPCS3   : sys_mmapper_map_shared_memory(addr=0x35200000, mem_id=0x8008b00, flags=0x40000)
09-25 07:28:30.075 32489 32675 E RPCS3   : Failed to lock sudo memory (addr=0x35200000, size=0x100000). Consider increasing your system limits.
09-25 07:28:30.075 32489 32675 W RPCS3   : sys_mmapper_map_shared_memory(addr=0x35300000, mem_id=0x8008c00, flags=0x40000)
09-25 07:28:30.075 32489 32675 E RPCS3   : Failed to lock sudo memory (addr=0x35300000, size=0x100000). Consider increasing your system limits.
09-25 07:28:30.075 32489 32675 W RPCS3   : sys_mmapper_map_shared_memory(addr=0x35400000, mem_id=0x8008d00, flags=0x40000)
09-25 07:28:30.075 32489 32675 E RPCS3   : Failed to lock sudo memory (addr=0x35400000, size=0x100000). Consider increasing your system limits.
09-25 07:28:30.075 32489 32675 W RPCS3   : sys_mmapper_map_shared_memory(addr=0x35500000, mem_id=0x8008e00, flags=0x40000)
09-25 07:28:30.075 32489 32675 E RPCS3   : Failed to lock sudo memory (addr=0x35500000, size=0x100000). Consider increasing your system limits.
09-25 07:28:30.075 32489 32675 W RPCS3   : sys_mmapper_map_shared_memory(addr=0x35600000, mem_id=0x8008f00, flags=0x40000)
09-25 07:28:30.075 32489 32675 E RPCS3   : Failed to lock sudo memory (addr=0x35600000, size=0x100000). Consider increasing your system limits.
09-25 07:28:30.075 32489 32675 W RPCS3   : sys_mmapper_map_shared_memory(addr=0x35700000, mem_id=0x8009000, flags=0x40000)
09-25 07:28:30.075 32489 32675 E RPCS3   : Failed to lock sudo memory (addr=0x35700000, size=0x100000). Consider increasing your system limits.
09-25 07:28:30.075 32489 32675 W RPCS3   : sys_mmapper_map_shared_memory(addr=0x35800000, mem_id=0x8009100, flags=0x40000)
09-25 07:28:30.075 32489 32675 E RPCS3   : Failed to lock sudo memory (addr=0x35800000, size=0x100000). Consider increasing your system limits.
09-25 07:28:30.075 32489 32675 W RPCS3   : sys_rsx_context_iomap(context_id=0x55555555, io=0x4c00000, ea=0x34c00000, size=0xd00000, flags=0xe000000000000800)
09-25 07:28:30.075 32489 32675 W RPCS3   : sys_rsx_context_iomap(): RSX is not idle while mapping io
09-25 07:28:30.163 32489 32675 W RPCS3   : cellVdecQueryAttrEx(type=*0xd0010954, attr=*0xd0010960)
09-25 07:28:30.163 32489 32675 W RPCS3   : cellVdecQueryAttr: MPEG2 (profile=3)
09-25 07:28:30.163 32489 32675 W RPCS3   : cellVdecOpenEx(type=*0xd0010954, res=*0xd0010980, cb=*0xd001094c, handle=*0x641b7c)
09-25 07:28:30.163 32489 32675 W RPCS3   : cellVdecQueryAttr: MPEG2 (profile=3)
09-25 07:28:30.163 32489 32675 W RPCS3   : _sys_ppu_thread_create(thread_id=*0xd00108c8, param=*0xd00107f0, arg=0xf0000000, unk=0x0, prio=1000, stacksize=0x2000, flags=0x2, threadname=*0xd00108b6)
09-25 07:28:30.164 32489 32675 W RPCS3   : _sys_ppu_thread_create(): Thread "HLE Video Decoder" created (id=0x1000027, func=*0x7f454c46, rtoc=0x2020166, user-tls=0x1000abc0)
09-25 07:28:30.164 32489 32675 W RPCS3   : cellVdecStartSeq(handle=0xf0000000)
09-25 07:28:30.214 32489 32752 W RPCS3   : Reports area at location CELL_GCM_LOCATION_MAIN was accessed. ZCULL optimizations will be disabled.
09-25 07:28:30.221 32489 32673 W libc    : Access denied finding property "vendor.mesa.spirv.dump.path"
09-25 07:28:30.221 32489 32673 W libc    : Access denied finding property "vendor.mesa.spirv.read.path"
09-25 07:28:30.223 32489 32529 I S3PERF  : export-ready=1 payload_length=1065 version=2 fps_samples=4 frametime_samples=9
09-25 07:28:30.223 32489 32529 D S3PERF  : crosscheck source=surface presented=10 json_fps=18.7822 json_frametime_ms=16.672
09-25 07:28:30.223 32489 32529 D S3PERF  : crosscheck ui_snapshot_fps=18.7822 ui_snapshot_frametime_ms=16.672
09-25 07:28:30.227 32489 32673 W RPCS3   : [descriptor_manager::register] Now monitoring 5 descriptor sets
09-25 07:28:30.266 32489 32504 W qdgralloc: getInterlacedFlag: getMetaData returned 3, defaulting to interlaced_flag = 0
09-25 07:28:30.349 32489   329 W RPCS3   : cellSaveDataListAutoLoad(version=0, errDialog=0, setList=*0xd00f56d8, setBuf=*0xd00f56e8, funcFixed=*0x51c5d0, funcStat=*0x51c568, funcFile=*0x51c570, container=0xffffffff, userdata=*0xd00f56d4)
09-25 07:28:30.349 32489   329 D RPCS3   : savedata_op(): setList = { .sortType=0, .sortOrder=0, .dirNamePrefix='“BCUS98111-”' }
09-25 07:28:30.349 32489   329 D RPCS3   : savedata_op(): setBuf  = { .dirListMax=34, .fileListMax=2, .bufSize=1632 }
09-25 07:28:30.353 32489   329 W RPCS3   : savedata_op(): funcFixed returned result=1.
09-25 07:28:30.353 32489   329 W RPCS3   : cellSaveDataListAutoLoad(version=0, errDialog=0, setList=*0xd00f56d8, setBuf=*0xd00f56e8, funcFixed=*0x51c5b8, funcStat=*0x51c568, funcFile=*0x51c570, container=0xffffffff, userdata=*0xd00f56d0)
09-25 07:28:30.353 32489   329 D RPCS3   : savedata_op(): setList = { .sortType=0, .sortOrder=0, .dirNamePrefix='“BCUS98111-”' }
09-25 07:28:30.353 32489   329 D RPCS3   : savedata_op(): setBuf  = { .dirListMax=34, .fileListMax=2, .bufSize=1632 }
09-25 07:28:30.398 32489   329 W RPCS3   : savedata_op(): funcStat returned result=1.
09-25 07:28:30.398 32489   329 W RPCS3   : sceNpTrophyGetRequiredDiskSpace(context=0x1, handle=0x1, reqspace=*0x6407d0, options=0x0)
09-25 07:28:30.399 32489   329 W RPCS3   : sceNpTrophyGetRequiredDiskSpace(): Trophy config is already installed (trp_name=NPWR00801_00)
09-25 07:28:30.399 32489   329 W RPCS3   : sceNpTrophyGetRequiredDiskSpace(): reqspace is 0x0
09-25 07:28:30.413 32489   329 W RPCS3   : sceNpTrophyRegisterContext(context=0x1, handle=0x1, statusCb=*0x51e038, arg=*0x0, options=0x1)
09-25 07:28:30.415 32489   329 D RPCS3   : sceNpTrophyRegisterContext(): Callback is being called (trp_status=3)
09-25 07:28:30.441 32489   329 D RPCS3   : S3TROPHY associated title=BCUS98111 set=NPWR00801_00
09-25 07:28:30.769 32489   329 W RPCS3   : sceNpTrophyGetTrophyUnlockState(context=0x1, handle=0x1, flags=*0x6407b0, count=*0x6407ac)
09-25 07:28:31.082 32489 32504 W qdgralloc: getInterlacedFlag: getMetaData returned 3, defaulting to interlaced_flag = 0
09-25 07:28:31.443 32489 32529 D S3PERF  : crosscheck source=surface presented=71 json_fps=59.1674 json_frametime_ms=16.791
09-25 07:28:31.442 32489 32489 W DefaultDispatch: type=1400 audit(0.0:6952599): avc:  denied  { search } for  name="zram0" dev="sysfs" ino=107524 scontext=u:r:untrusted_app:s0:c207,c257,c512,c768 tcontext=u:object_r:sysfs_zram:s0 tclass=dir permissive=0 app=com.zenithblue.sambas3
09-25 07:28:31.445 32489 32529 D S3PERF  : crosscheck ui_snapshot_fps=59.1674 ui_snapshot_frametime_ms=16.791
09-25 07:28:31.898 32489 32504 W qdgralloc: getInterlacedFlag: getMetaData returned 3, defaulting to interlaced_flag = 0
09-25 07:28:31.909 32489 32677 I S3BOOTFRAME: event=render_handover samples=3 runtime_ppu_active=1 title=BCUS98111 surface_gen=1
09-25 07:28:32.059 32489 32529 D S3PERF  : GPU load [/sys/class/kgsl/kgsl-3d0/gpubusy]: raw='306215 1002284' -> load=30.55171987181278%
09-25 07:28:32.667 32489 32529 D S3PERF  : crosscheck source=surface presented=145 json_fps=60.0004 json_frametime_ms=16.69
09-25 07:28:32.667 32489 32529 D S3PERF  : crosscheck ui_snapshot_fps=60.0004 ui_snapshot_frametime_ms=16.69
09-25 07:28:33.894 32489 32529 D S3PERF  : crosscheck source=surface presented=218 json_fps=60.0016 json_frametime_ms=16.457
09-25 07:28:33.898 32489 32529 D S3PERF  : crosscheck ui_snapshot_fps=60.0016 ui_snapshot_frametime_ms=16.457
09-25 07:28:35.125 32489 32529 D S3PERF  : crosscheck source=surface presented=292 json_fps=60.0069 json_frametime_ms=15.556
09-25 07:28:35.126 32489 32529 D S3PERF  : crosscheck ui_snapshot_fps=60.0069 ui_snapshot_frametime_ms=15.556
09-25 07:28:36.350 32489 32529 D S3PERF  : crosscheck source=surface presented=366 json_fps=60.0044 json_frametime_ms=16.675
09-25 07:28:36.351 32489 32529 D S3PERF  : crosscheck ui_snapshot_fps=60.0044 ui_snapshot_frametime_ms=16.675
09-25 07:28:37.578 32489 32529 D S3PERF  : crosscheck source=surface presented=440 json_fps=60.0014 json_frametime_ms=16.619
09-25 07:28:37.579 32489 32529 D S3PERF  : crosscheck ui_snapshot_fps=60.0014 ui_snapshot_frametime_ms=16.619
09-25 07:28:38.600 32489 32489 W Bundle  : Key battery_low expected Integer but value was a java.lang.Boolean.  The default value 0 was returned.
09-25 07:28:38.600 32489 32489 W Bundle  : Attempt to cast generated internal exception:
09-25 07:28:38.600 32489 32489 W Bundle  : java.lang.ClassCastException: java.lang.Boolean cannot be cast to java.lang.Integer
09-25 07:28:38.600 32489 32489 W Bundle  : 	at android.os.BaseBundle.getInt(BaseBundle.java:1348)
09-25 07:28:38.600 32489 32489 W Bundle  : 	at android.content.Intent.getIntExtra(Intent.java:9617)
09-25 07:28:38.600 32489 32489 W Bundle  : 	at oy0.b0(r8-map-id-17f7c70882317d4204493123240a7bf10e0c883fb95f59a42ca18332ce6a96ad:47)
09-25 07:28:38.600 32489 32489 W Bundle  : 	at qa.onReceive(r8-map-id-17f7c70882317d4204493123240a7bf10e0c883fb95f59a42ca18332ce6a96ad:16)
09-25 07:28:38.600 32489 32489 W Bundle  : 	at android.app.LoadedApk$ReceiverDispatcher$Args.lambda$getRunnable$0(LoadedApk.java:1931)
09-25 07:28:38.600 32489 32489 W Bundle  : 	at android.app.LoadedApk$ReceiverDispatcher$Args.$r8$lambda$mcNAAl1SQ4MyJPyDg8TJ2x2h0Rk(Unknown Source:0)
09-25 07:28:38.600 32489 32489 W Bundle  : 	at android.app.LoadedApk$ReceiverDispatcher$Args$$ExternalSyntheticLambda0.run(D8$$SyntheticClass:0)
09-25 07:28:38.600 32489 32489 W Bundle  : 	at android.os.Handler.handleCallback(Handler.java:1070)
09-25 07:28:38.600 32489 32489 W Bundle  : 	at android.os.Handler.dispatchMessage(Handler.java:125)
09-25 07:28:38.600 32489 32489 W Bundle  : 	at android.os.Looper.dispatchMessage(Looper.java:333)
09-25 07:28:38.600 32489 32489 W Bundle  : 	at android.os.Looper.loopOnce(Looper.java:263)
09-25 07:28:38.600 32489 32489 W Bundle  : 	at android.os.Looper.loop(Looper.java:367)
09-25 07:28:38.600 32489 32489 W Bundle  : 	at android.app.ActivityThread.main(ActivityThread.java:9328)
09-25 07:28:38.600 32489 32489 W Bundle  : 	at java.lang.reflect.Method.invoke(Native Method)
09-25 07:28:38.600 32489 32489 W Bundle  : 	at com.android.internal.os.RuntimeInit$MethodAndArgsCaller.run(RuntimeInit.java:569)
09-25 07:28:38.600 32489 32489 W Bundle  : 	at com.android.internal.os.ZygoteInit.main(ZygoteInit.java:929)
09-25 07:28:38.636 32489 32630 D RPCS3   : CPU Usage: Total: 25.0%, Cores: 0.0%, 0.0%, 0.0%, 0.0%, 0.0%, 0.0%, 0.0%, 0.0%
09-25 07:28:38.763 32489 32655 D RPCS3   : PPU Syscall Usage Stats:
09-25 07:28:38.763 32489 32655 D RPCS3   : 	⁂ sys_timer_usleep [66627]
09-25 07:28:38.763 32489 32655 D RPCS3   : 	⁂ _sys_lwcond_queue_wait [13720]
09-25 07:28:38.763 32489 32655 D RPCS3   : 	⁂ _sys_lwmutex_lock [13358]
09-25 07:28:38.763 32489 32655 D RPCS3   : 	⁂ _sys_lwmutex_unlock [12571]
09-25 07:28:38.763 32489 32655 D RPCS3   : 	⁂ _sys_lwcond_signal [7140]
09-25 07:28:38.763 32489 32655 D RPCS3   : 	⁂ sys_event_queue_receive [5295]
09-25 07:28:38.763 32489 32655 D RPCS3   : 	⁂ _sys_lwcond_signal_all [4477]
09-25 07:28:38.763 32489 32655 D RPCS3   : 	⁂ sys_time_get_current_time [3480]
09-25 07:28:38.763 32489 32655 D RPCS3   : 	⁂ sys_fs_read [2499]
09-25 07:28:38.763 32489 32655 D RPCS3   : 	⁂ sys_event_port_send [1907]
09-25 07:28:38.763 32489 32655 D RPCS3   : 	⁂ sys_fs_write [1672]
09-25 07:28:38.763 32489 32655 D RPCS3   : 	⁂ sys_mmapper_map_shared_memory [329]
09-25 07:28:38.763 32489 32655 D RPCS3   : 	⁂ sys_fs_fsync [279]
09-25 07:28:38.763 32489 32655 D RPCS3   : 	⁂ sys_mmapper_unmap_shared_memory [188]
09-25 07:28:38.763 32489 32655 D RPCS3   : 	⁂ sys_fs_lseek [181]
09-25 07:28:38.763 32489 32655 D RPCS3   : 	⁂ sys_time_get_timezone [130]
09-25 07:28:38.763 32489 32655 D RPCS3   : 	⁂ sys_fs_fcntl [62]
09-25 07:28:38.763 32489 32655 D RPCS3   : 	⁂ sys_rsx_context_attribute [46]
09-25 07:28:38.763 32489 32655 D RPCS3   : 	⁂ sys_time_get_timebase_frequency [44]
09-25 07:28:38.763 32489 32655 D RPCS3   : 	⁂ sys_mutex_lock [42]
09-25 07:28:38.763 32489 32655 D RPCS3   : 	⁂ sys_mutex_unlock [42]
09-25 07:28:38.763 32489 32655 D RPCS3   : 	⁂ _sys_ppu_thread_create [39]
09-25 07:28:38.763 32489 32655 D RPCS3   : 	⁂ sys_fs_fstat [39]
09-25 07:28:38.763 32489 32655 D RPCS3   : 	⁂ sys_ppu_thread_start [38]
09-25 07:28:38.763 32489 32655 D RPCS3   : 	⁂ sys_fs_open [36]
09-25 07:28:38.763 32489 32655 D RPCS3   : 	⁂ sys_fs_stat [25]
09-25 07:28:38.763 32489 32655 D RPCS3   : 	⁂ sys_event_flag_wait [18]
09-25 07:28:38.763 32489 32655 D RPCS3   : 	⁂ sys_event_flag_clear [18]
09-25 07:28:38.763 32489 32655 D RPCS3   : 	⁂ sys_fs_close [18]
09-25 07:28:38.763 32489 32655 D RPCS3   : 	⁂ sys_rsx_context_iomap [9]
09-25 07:28:38.763 32489 32655 D RPCS3   : 	⁂ sys_event_queue_create [8]
09-25 07:28:38.763 32489 32655 D RPCS3   : 	⁂ _sys_lwmutex_trylock [6]
09-25 07:28:38.763 32489 32655 D RPCS3   : 	⁂ sys_event_port_create [6]
09-25 07:28:38.763 32489 32655 D RPCS3   : 	⁂ sys_event_port_connect_local [6]
09-25 07:28:38.763 32489 32655 D RPCS3   : 	⁂ sys_rsx_attribute [4]
09-25 07:28:38.763 32489 32655 D RPCS3   : 	⁂ sys_rsx_context_iounmap [2]
09-25 07:28:38.809 32489 32529 D S3PERF  : crosscheck source=surface presented=513 json_fps=59.9987 json_frametime_ms=16.733
09-25 07:28:38.809 32489 32529 D S3PERF  : crosscheck ui_snapshot_fps=59.9987 ui_snapshot_frametime_ms=16.733
09-25 07:28:40.031 32489 32529 D S3PERF  : crosscheck source=surface presented=587 json_fps=60.0034 json_frametime_ms=16.709
09-25 07:28:40.033 32489 32529 D S3PERF  : crosscheck ui_snapshot_fps=60.0034 ui_snapshot_frametime_ms=16.709
09-25 07:28:40.030 32489 32489 W DefaultDispatch: type=1400 audit(0.0:6952643): avc:  denied  { search } for  name="zram0" dev="sysfs" ino=107524 scontext=u:r:untrusted_app:s0:c207,c257,c512,c768 tcontext=u:object_r:sysfs_zram:s0 tclass=dir permissive=0 app=com.zenithblue.sambas3
09-25 07:28:40.030 32489 32489 W DefaultDispatch: type=1400 audit(0.0:6952644): avc:  denied  { search } for  name="zram0" dev="sysfs" ino=107524 scontext=u:r:untrusted_app:s0:c207,c257,c512,c768 tcontext=u:object_r:sysfs_zram:s0 tclass=dir permissive=0 app=com.zenithblue.sambas3
09-25 07:28:41.169 32489 32489 W DebugPad: BUTTON START d1=8 d2=0 press 120ms request_id=s3-1790301521124312527-1825086-7002
09-25 07:28:41.254 32489 32527 D S3PERF  : crosscheck source=surface presented=660 json_fps=60.0029 json_frametime_ms=16.668
09-25 07:28:41.255 32489 32527 D S3PERF  : crosscheck ui_snapshot_fps=60.0029 ui_snapshot_frametime_ms=16.668
09-25 07:28:41.290 32489 32489 W DebugPad: BUTTON START release request_id=s3-1790301521124312527-1825086-7002
09-25 07:28:41.321 32489 32675 W RPCS3   : cellVdecEndSeq(handle=0xf0000000)
09-25 07:28:41.350 32489 32675 W RPCS3   : cellVdecClose(handle=0xf0000000)
09-25 07:28:41.350 32489 32675 W RPCS3   : _sys_interrupt_thread_disestablish(ih=0x1000027, r13=*0xd0010840)
09-25 07:28:41.350 32489   330 W RPCS3   : 'vdecEntry' aborted (0.029242s)
09-25 07:28:41.350 32489   330 D RPCS3   : PPU thread perf stats are not available.
09-25 07:28:41.458 32489 32764 D RPCS3   : sys_fs_fcntl(0xc0000006): /dev_bdvd
09-25 07:28:41.458 32489 32764 W RPCS3   : sys_fs_stat(path=“/dev_bdvd/PS3_GAME/USRDIR/MUSIC.PSARC”, sb=*0xd005f488)
09-25 07:28:41.499 32489 32675 W RPCS3   : sys_rsx_context_iounmap(context_id=0x55555555, io=0x4c00000, size=0xd00000)
09-25 07:28:41.500 32489 32675 W RPCS3   : sys_rsx_context_iounmap(): RSX is not idle while unmapping io
09-25 07:28:41.500 32489 32675 W RPCS3   : sys_mmapper_unmap_shared_memory(addr=0x34c00000, mem_id=*0xd0010760)
09-25 07:28:41.500 32489 32675 W RPCS3   : sys_mmapper_unmap_shared_memory(addr=0x34d00000, mem_id=*0xd0010760)
09-25 07:28:41.500 32489 32675 W RPCS3   : sys_mmapper_unmap_shared_memory(addr=0x34e00000, mem_id=*0xd0010760)
09-25 07:28:41.509 32489 32675 W RPCS3   : sys_mmapper_unmap_shared_memory(addr=0x34f00000, mem_id=*0xd0010760)
09-25 07:28:41.509 32489 32675 W RPCS3   : sys_mmapper_unmap_shared_memory(addr=0x35000000, mem_id=*0xd0010760)
09-25 07:28:41.509 32489 32675 W RPCS3   : sys_mmapper_unmap_shared_memory(addr=0x35100000, mem_id=*0xd0010760)
09-25 07:28:41.509 32489 32675 W RPCS3   : sys_mmapper_unmap_shared_memory(addr=0x35200000, mem_id=*0xd0010760)
09-25 07:28:41.509 32489 32675 W RPCS3   : sys_mmapper_unmap_shared_memory(addr=0x35300000, mem_id=*0xd0010760)
09-25 07:28:41.509 32489 32675 W RPCS3   : sys_mmapper_unmap_shared_memory(addr=0x35400000, mem_id=*0xd0010760)
09-25 07:28:41.509 32489 32675 W RPCS3   : sys_mmapper_unmap_shared_memory(addr=0x35500000, mem_id=*0xd0010760)
09-25 07:28:41.509 32489 32675 W RPCS3   : sys_mmapper_unmap_shared_memory(addr=0x35600000, mem_id=*0xd0010760)
09-25 07:28:41.509 32489 32675 W RPCS3   : sys_mmapper_unmap_shared_memory(addr=0x35700000, mem_id=*0xd0010760)
09-25 07:28:41.509 32489 32675 W RPCS3   : sys_mmapper_unmap_shared_memory(addr=0x35800000, mem_id=*0xd0010760)
09-25 07:28:41.510 32489 32675 W RPCS3   : sys_rsx_context_iounmap(context_id=0x55555555, io=0xad00000, size=0x1300000)
09-25 07:28:41.510 32489 32675 W RPCS3   : sys_rsx_context_iounmap(): RSX is not idle while unmapping io
09-25 07:28:41.510 32489 32675 W RPCS3   : sys_mmapper_unmap_shared_memory(addr=0x3ad00000, mem_id=*0xd00107f0)
09-25 07:28:41.510 32489 32675 W RPCS3   : sys_mmapper_unmap_shared_memory(addr=0x3ae00000, mem_id=*0xd00107f0)
09-25 07:28:41.510 32489 32675 W RPCS3   : sys_mmapper_unmap_shared_memory(addr=0x3af00000, mem_id=*0xd00107f0)
09-25 07:28:41.510 32489 32675 W RPCS3   : sys_mmapper_unmap_shared_memory(addr=0x3b000000, mem_id=*0xd00107f0)
09-25 07:28:41.510 32489 32675 W RPCS3   : sys_mmapper_unmap_shared_memory(addr=0x3b100000, mem_id=*0xd00107f0)
09-25 07:28:41.510 32489 32675 W RPCS3   : sys_mmapper_unmap_shared_memory(addr=0x3b200000, mem_id=*0xd00107f0)
09-25 07:28:41.510 32489 32675 W RPCS3   : sys_mmapper_unmap_shared_memory(addr=0x3b300000, mem_id=*0xd00107f0)
09-25 07:28:41.510 32489 32675 W RPCS3   : sys_mmapper_unmap_shared_memory(addr=0x3b400000, mem_id=*0xd00107f0)
09-25 07:28:41.510 32489 32675 W RPCS3   : sys_mmapper_unmap_shared_memory(addr=0x3b500000, mem_id=*0xd00107f0)
09-25 07:28:41.510 32489 32675 W RPCS3   : sys_mmapper_unmap_shared_memory(addr=0x3b600000, mem_id=*0xd00107f0)
09-25 07:28:41.510 32489 32675 W RPCS3   : sys_mmapper_unmap_shared_memory(addr=0x3b700000, mem_id=*0xd00107f0)
09-25 07:28:41.510 32489 32675 W RPCS3   : sys_mmapper_unmap_shared_memory(addr=0x3b800000, mem_id=*0xd00107f0)
09-25 07:28:41.510 32489 32675 W RPCS3   : sys_mmapper_unmap_shared_memory(addr=0x3b900000, mem_id=*0xd00107f0)
09-25 07:28:41.510 32489 32675 W RPCS3   : sys_mmapper_unmap_shared_memory(addr=0x3ba00000, mem_id=*0xd00107f0)
09-25 07:28:41.510 32489 32675 W RPCS3   : sys_mmapper_unmap_shared_memory(addr=0x3bb00000, mem_id=*0xd00107f0)
09-25 07:28:41.510 32489 32675 W RPCS3   : sys_mmapper_unmap_shared_memory(addr=0x3bc00000, mem_id=*0xd00107f0)
09-25 07:28:41.510 32489 32675 W RPCS3   : sys_mmapper_unmap_shared_memory(addr=0x3bd00000, mem_id=*0xd00107f0)
09-25 07:28:41.510 32489 32675 W RPCS3   : sys_mmapper_unmap_shared_memory(addr=0x3be00000, mem_id=*0xd00107f0)
09-25 07:28:41.510 32489 32675 W RPCS3   : sys_mmapper_unmap_shared_memory(addr=0x3bf00000, mem_id=*0xd00107f0)
09-25 07:28:41.510 32489 32675 W RPCS3   : cellVdecQueryAttrEx(type=*0xd00108b0, attr=*0xd00108bc)
09-25 07:28:41.510 32489 32675 W RPCS3   : cellVdecQueryAttr: MPEG2 (profile=3)
09-25 07:28:41.523 32489 32675 W RPCS3   : cellVdecQueryAttrEx(type=*0xd0010750, attr=*0xd001075c)
09-25 07:28:41.523 32489 32675 W RPCS3   : cellVdecQueryAttr: MPEG2 (profile=3)
09-25 07:28:41.523 32489 32675 W RPCS3   : sys_mmapper_map_shared_memory(addr=0x34c00000, mem_id=0x8008500, flags=0x40000)
09-25 07:28:41.523 32489 32675 E RPCS3   : Failed to lock sudo memory (addr=0x34c00000, size=0x100000). Consider increasing your system limits.
09-25 07:28:41.523 32489 32675 W RPCS3   : sys_mmapper_map_shared_memory(addr=0x34d00000, mem_id=0x8008600, flags=0x40000)
09-25 07:28:41.524 32489 32675 E RPCS3   : Failed to lock sudo memory (addr=0x34d00000, size=0x100000). Consider increasing your system limits.
09-25 07:28:41.524 32489 32675 W RPCS3   : sys_mmapper_map_shared_memory(addr=0x34e00000, mem_id=0x8008700, flags=0x40000)
09-25 07:28:41.524 32489 32675 E RPCS3   : Failed to lock sudo memory (addr=0x34e00000, size=0x100000). Consider increasing your system limits.
09-25 07:28:41.524 32489 32675 W RPCS3   : sys_mmapper_map_shared_memory(addr=0x34f00000, mem_id=0x8008800, flags=0x40000)
09-25 07:28:41.524 32489 32675 E RPCS3   : Failed to lock sudo memory (addr=0x34f00000, size=0x100000). Consider increasing your system limits.
09-25 07:28:41.524 32489 32675 W RPCS3   : sys_mmapper_map_shared_memory(addr=0x35000000, mem_id=0x8008900, flags=0x40000)
09-25 07:28:41.524 32489 32675 E RPCS3   : Failed to lock sudo memory (addr=0x35000000, size=0x100000). Consider increasing your system limits.
09-25 07:28:41.524 32489 32675 W RPCS3   : sys_mmapper_map_shared_memory(addr=0x35100000, mem_id=0x8008a00, flags=0x40000)
09-25 07:28:41.524 32489 32675 E RPCS3   : Failed to lock sudo memory (addr=0x35100000, size=0x100000). Consider increasing your system limits.
09-25 07:28:41.524 32489 32675 W RPCS3   : sys_mmapper_map_shared_memory(addr=0x35200000, mem_id=0x8008b00, flags=0x40000)
09-25 07:28:41.524 32489 32675 E RPCS3   : Failed to lock sudo memory (addr=0x35200000, size=0x100000). Consider increasing your system limits.
09-25 07:28:41.524 32489 32675 W RPCS3   : sys_mmapper_map_shared_memory(addr=0x35300000, mem_id=0x8008c00, flags=0x40000)
09-25 07:28:41.524 32489 32675 E RPCS3   : Failed to lock sudo memory (addr=0x35300000, size=0x100000). Consider increasing your system limits.
09-25 07:28:41.524 32489 32675 W RPCS3   : sys_mmapper_map_shared_memory(addr=0x35400000, mem_id=0x8008d00, flags=0x40000)
09-25 07:28:41.524 32489 32766 D RPCS3   : sys_fs_fcntl(0xc0000006): /dev_bdvd
09-25 07:28:41.524 32489 32675 E RPCS3   : Failed to lock sudo memory (addr=0x35400000, size=0x100000). Consider increasing your system limits.
09-25 07:28:41.524 32489 32675 W RPCS3   : sys_mmapper_map_shared_memory(addr=0x35500000, mem_id=0x8008e00, flags=0x40000)
09-25 07:28:41.524 32489 32766 W RPCS3   : sys_fs_open(path=“/dev_bdvd/PS3_GAME/USRDIR/CINEMATICS/OPENINGCREDITS.M2V”, flags=00, fd=*0xd0073a80, mode=00, arg=*0x0, size=0x0)
09-25 07:28:41.524 32489 32675 E RPCS3   : Failed to lock sudo memory (addr=0x35500000, size=0x100000). Consider increasing your system limits.
09-25 07:28:41.524 32489 32675 W RPCS3   : sys_mmapper_map_shared_memory(addr=0x35600000, mem_id=0x8008f00, flags=0x40000)
09-25 07:28:41.524 32489 32766 W RPCS3   : sys_fs_open(): fd=21, Regular file, '/dev_bdvd/PS3_GAME/USRDIR/CINEMATICS/OPENINGCREDITS.M2V', Mode: 0x0, Flags: 0x0, Pos/Size: 0/374.731MB (0x0/0x176bb07e)
09-25 07:28:41.524 32489 32675 E RPCS3   : Failed to lock sudo memory (addr=0x35600000, size=0x100000). Consider increasing your system limits.
09-25 07:28:41.524 32489 32766 W RPCS3   : sys_fs_fstat(fd=21, sb=*0xd0073c94)
09-25 07:28:41.524 32489 32675 W RPCS3   : sys_mmapper_map_shared_memory(addr=0x35700000, mem_id=0x8009000, flags=0x40000)
09-25 07:28:41.525 32489 32675 E RPCS3   : Failed to lock sudo memory (addr=0x35700000, size=0x100000). Consider increasing your system limits.
09-25 07:28:41.525 32489 32675 W RPCS3   : sys_mmapper_map_shared_memory(addr=0x35800000, mem_id=0x8009100, flags=0x40000)
09-25 07:28:41.525 32489 32675 E RPCS3   : Failed to lock sudo memory (addr=0x35800000, size=0x100000). Consider increasing your system limits.
09-25 07:28:41.525 32489 32675 W RPCS3   : sys_rsx_context_iomap(context_id=0x55555555, io=0x4c00000, ea=0x34c00000, size=0xd00000, flags=0xe000000000000800)
09-25 07:28:41.525 32489 32675 W RPCS3   : sys_rsx_context_iomap(): RSX is not idle while mapping io
09-25 07:28:41.584 32489 32675 W RPCS3   : cellVdecQueryAttrEx(type=*0xd0010954, attr=*0xd0010960)
09-25 07:28:41.584 32489 32675 W RPCS3   : cellVdecQueryAttr: MPEG2 (profile=3)
09-25 07:28:41.584 32489 32675 W RPCS3   : cellVdecOpenEx(type=*0xd0010954, res=*0xd0010980, cb=*0xd001094c, handle=*0x641b7c)
09-25 07:28:41.584 32489 32675 W RPCS3   : cellVdecQueryAttr: MPEG2 (profile=3)
09-25 07:28:41.584 32489 32675 W RPCS3   : _sys_ppu_thread_create(thread_id=*0xd00108c8, param=*0xd00107f0, arg=0xf0000100, unk=0x0, prio=1000, stacksize=0x2000, flags=0x2, threadname=*0xd00108b6)
09-25 07:28:41.585 32489 32675 W RPCS3   : _sys_ppu_thread_create(): Thread "HLE Video Decoder" created (id=0x1000028, func=*0x7f454c46, rtoc=0x2020166, user-tls=0x100084b0)
09-25 07:28:41.585 32489 32675 W RPCS3   : cellVdecStartSeq(handle=0xf0000100)
09-25 07:28:42.480 32489 32527 D S3PERF  : crosscheck source=surface presented=724 json_fps=51.3029 json_frametime_ms=16.627
09-25 07:28:42.480 32489 32527 D S3PERF  : crosscheck ui_snapshot_fps=51.3029 ui_snapshot_frametime_ms=16.627
09-25 07:28:43.095 32489 32527 D S3PERF  : GPU load [/sys/class/kgsl/kgsl-3d0/gpubusy]: raw='680217 1006241' -> load=67.59980958835905%
09-25 07:28:43.704 32489 32527 D S3PERF  : crosscheck source=surface presented=797 json_fps=59.9915 json_frametime_ms=16.858
09-25 07:28:43.705 32489 32527 D S3PERF  : crosscheck ui_snapshot_fps=59.9915 ui_snapshot_frametime_ms=16.858
09-25 07:28:44.932 32489 32527 D S3PERF  : crosscheck source=surface presented=871 json_fps=60.025 json_frametime_ms=16.621
09-25 07:28:44.932 32489 32527 D S3PERF  : crosscheck ui_snapshot_fps=60.025 ui_snapshot_frametime_ms=16.621
09-25 07:28:46.156 32489 32527 D S3PERF  : crosscheck source=surface presented=945 json_fps=60.0026 json_frametime_ms=16.615
09-25 07:28:46.156 32489 32527 D S3PERF  : crosscheck ui_snapshot_fps=60.0026 ui_snapshot_frametime_ms=16.615
09-25 07:28:47.378 32489 32527 D S3PERF  : crosscheck source=surface presented=1017 json_fps=59.4978 json_frametime_ms=16.652
09-25 07:28:47.378 32489 32527 D S3PERF  : crosscheck ui_snapshot_fps=59.4978 ui_snapshot_frametime_ms=16.652
09-25 07:28:48.602 32489 32527 D S3PERF  : crosscheck source=surface presented=1088 json_fps=59.9972 json_frametime_ms=16.767
09-25 07:28:48.604 32489 32527 D S3PERF  : crosscheck ui_snapshot_fps=59.9972 ui_snapshot_frametime_ms=16.767
09-25 07:28:48.602 32489 32489 W DefaultDispatch: type=1400 audit(0.0:6952686): avc:  denied  { search } for  name="zram0" dev="sysfs" ino=107524 scontext=u:r:untrusted_app:s0:c207,c257,c512,c768 tcontext=u:object_r:sysfs_zram:s0 tclass=dir permissive=0 app=com.zenithblue.sambas3
09-25 07:28:48.602 32489 32489 W DefaultDispatch: type=1400 audit(0.0:6952687): avc:  denied  { search } for  name="zram0" dev="sysfs" ino=107524 scontext=u:r:untrusted_app:s0:c207,c257,c512,c768 tcontext=u:object_r:sysfs_zram:s0 tclass=dir permissive=0 app=com.zenithblue.sambas3
09-25 07:28:48.636 32489 32630 D RPCS3   : CPU Usage: Total: 23.6%, Cores: 0.0%, 0.0%, 0.0%, 0.0%, 0.0%, 0.0%, 0.0%, 0.0%
09-25 07:28:48.763 32489 32655 D RPCS3   : PPU Syscall Usage Stats:
09-25 07:28:48.763 32489 32655 D RPCS3   : 	⁂ sys_timer_usleep [139389]
09-25 07:28:48.763 32489 32655 D RPCS3   : 	⁂ _sys_lwcond_queue_wait [16073]
09-25 07:28:48.763 32489 32655 D RPCS3   : 	⁂ _sys_lwmutex_lock [15579]
09-25 07:28:48.763 32489 32655 D RPCS3   : 	⁂ _sys_lwmutex_unlock [14103]
09-25 07:28:48.763 32489 32655 D RPCS3   : 	⁂ sys_event_queue_receive [9557]
09-25 07:28:48.763 32489 32655 D RPCS3   : 	⁂ _sys_lwcond_signal [8069]
09-25 07:28:48.763 32489 32655 D RPCS3   : 	⁂ _sys_lwcond_signal_all [5102]
09-25 07:28:48.763 32489 32655 D RPCS3   : 	⁂ sys_time_get_current_time [3714]
09-25 07:28:48.763 32489 32655 D RPCS3   : 	⁂ sys_event_port_send [3658]
09-25 07:28:48.763 32489 32655 D RPCS3   : 	⁂ sys_fs_read [2777]
09-25 07:28:48.763 32489 32655 D RPCS3   : 	⁂ sys_fs_write [1816]
09-25 07:28:48.763 32489 32655 D RPCS3   : 	⁂ sys_event_flag_wait [800]
09-25 07:28:48.763 32489 32655 D RPCS3   : 	⁂ sys_event_flag_clear [800]
09-25 07:28:48.763 32489 32655 D RPCS3   : 	⁂ sys_mmapper_map_shared_memory [342]
09-25 07:28:48.763 32489 32655 D RPCS3   : 	⁂ sys_fs_fsync [303]
09-25 07:28:48.763 32489 32655 D RPCS3   : 	⁂ sys_mmapper_unmap_shared_memory [220]
09-25 07:28:48.763 32489 32655 D RPCS3   : 	⁂ sys_fs_lseek [206]
09-25 07:28:48.763 32489 32655 D RPCS3   : 	⁂ sys_time_get_timezone [136]
09-25 07:28:48.763 32489 32655 D RPCS3   : 	⁂ sys_fs_fcntl [64]
09-25 07:28:48.763 32489 32655 D RPCS3   : 	⁂ sys_time_get_timebase_frequency [45]
09-25 07:28:48.763 32489 32655 D RPCS3   : 	⁂ sys_mutex_lock [44]
09-25 07:28:48.763 32489 32655 D RPCS3   : 	⁂ sys_mutex_unlock [44]
09-25 07:28:48.763 32489 32655 D RPCS3   : 	⁂ _sys_ppu_thread_create [40]
09-25 07:28:48.763 32489 32655 D RPCS3   : 	⁂ sys_fs_fstat [40]
09-25 07:28:48.763 32489 32655 D RPCS3   : 	⁂ sys_fs_open [37]
09-25 07:28:48.763 32489 32655 D RPCS3   : 	⁂ sys_fs_stat [26]
09-25 07:28:48.763 32489 32655 D RPCS3   : 	⁂ _sys_lwmutex_trylock [12]
09-25 07:28:48.763 32489 32655 D RPCS3   : 	⁂ sys_rsx_context_iomap [10]
09-25 07:28:48.763 32489 32655 D RPCS3   : 	⁂ sys_rsx_context_iounmap [4]
09-25 07:28:48.763 32489 32655 D RPCS3   : 	⁂ _sys_interrupt_thread_disestablish [1]
09-25 07:28:49.792 32489 32527 D S3PERF  : crosscheck source=surface presented=1158 json_fps=59.2136 json_frametime_ms=16.818
09-25 07:28:49.792 32489 32527 D S3PERF  : crosscheck ui_snapshot_fps=59.2136 ui_snapshot_frametime_ms=16.818
09-25 07:28:51.014 32489 32527 D S3PERF  : crosscheck source=surface presented=1232 json_fps=59.9986 json_frametime_ms=16.698
09-25 07:28:51.014 32489 32527 D S3PERF  : crosscheck ui_snapshot_fps=59.9986 ui_snapshot_frametime_ms=16.698
09-25 07:28:52.238 32489 32527 D S3PERF  : crosscheck source=surface presented=1305 json_fps=60.0005 json_frametime_ms=16.687
09-25 07:28:52.239 32489 32527 D S3PERF  : crosscheck ui_snapshot_fps=60.0005 ui_snapshot_frametime_ms=16.687
09-25 07:28:53.163 32489 32527 D S3PERF  : GPU load [/sys/class/kgsl/kgsl-3d0/gpubusy]: raw='424592 1011340' -> load=41.98311151541519%
09-25 07:28:53.465 32489 32527 D S3PERF  : crosscheck source=surface presented=1379 json_fps=60.0059 json_frametime_ms=16.624
09-25 07:28:53.465 32489 32527 D S3PERF  : crosscheck ui_snapshot_fps=60.0059 ui_snapshot_frametime_ms=16.624
09-25 07:28:54.685 32489 32527 D S3PERF  : crosscheck source=surface presented=1452 json_fps=60.0135 json_frametime_ms=16.659
09-25 07:28:54.685 32489 32527 D S3PERF  : crosscheck ui_snapshot_fps=60.0135 ui_snapshot_frametime_ms=16.659
09-25 07:28:55.181 32489 32489 I S3TOUCH : root action=down x=2357 y=1026
09-25 07:28:55.181 32489 32489 I S3TOUCH : monitor action=down consumed=false
09-25 07:28:55.181 32489 32489 I S3TOUCH : pad action=down menu=false
09-25 07:28:55.204 32489 32675 W RPCS3   : cellVdecClose(handle=0xf0000100)
09-25 07:28:55.204 32489 32675 W RPCS3   : _sys_interrupt_thread_disestablish(ih=0x1000028, r13=*0xd0010840)
09-25 07:28:55.204 32489 32764 W RPCS3   : sys_fs_close(fd=21): Regular file, '/dev_bdvd/PS3_GAME/USRDIR/CINEMATICS/OPENINGCREDITS.M2V', Mode: 0x0, Flags: 0x0, Pos/Size: 11.6875MB/374.731MB (0xbb0000/0x176bb07e)
09-25 07:28:55.206 32489   344 W RPCS3   : AU decoding: aborted (handle=0xf0000100, seq_id=1, cmd_id=454, abort_decode=1)
09-25 07:28:55.206 32489   344 W RPCS3   : 'vdecEntry' aborted (0.025348s)
09-25 07:28:55.206 32489   344 D RPCS3   : PPU thread perf stats are not available.
09-25 07:28:55.369 32489 32489 I S3TOUCH : root action=down x=2404 y=1044
09-25 07:28:55.369 32489 32489 I S3TOUCH : monitor action=down consumed=false
09-25 07:28:55.369 32489 32489 I S3TOUCH : pad action=down menu=false
09-25 07:28:55.387 32489 32675 W RPCS3   : sys_rsx_context_iounmap(context_id=0x55555555, io=0x4c00000, size=0xd00000)
09-25 07:28:55.387 32489 32675 W RPCS3   : sys_rsx_context_iounmap(): RSX is not idle while unmapping io
09-25 07:28:55.387 32489 32675 W RPCS3   : sys_mmapper_unmap_shared_memory(addr=0x34c00000, mem_id=*0xd0010760)
09-25 07:28:55.466 32489 32675 W RPCS3   : sys_mmapper_unmap_shared_memory(addr=0x34d00000, mem_id=*0xd0010760)
09-25 07:28:55.466 32489 32675 W RPCS3   : sys_mmapper_unmap_shared_memory(addr=0x34e00000, mem_id=*0xd0010760)
09-25 07:28:55.466 32489 32675 W RPCS3   : sys_mmapper_unmap_shared_memory(addr=0x34f00000, mem_id=*0xd0010760)
09-25 07:28:55.466 32489 32675 W RPCS3   : sys_mmapper_unmap_shared_memory(addr=0x35000000, mem_id=*0xd0010760)
09-25 07:28:55.466 32489 32675 W RPCS3   : sys_mmapper_unmap_shared_memory(addr=0x35100000, mem_id=*0xd0010760)
09-25 07:28:55.466 32489 32675 W RPCS3   : sys_mmapper_unmap_shared_memory(addr=0x35200000, mem_id=*0xd0010760)
09-25 07:28:55.466 32489 32675 W RPCS3   : sys_mmapper_unmap_shared_memory(addr=0x35300000, mem_id=*0xd0010760)
09-25 07:28:55.466 32489 32675 W RPCS3   : sys_mmapper_unmap_shared_memory(addr=0x35400000, mem_id=*0xd0010760)
09-25 07:28:55.466 32489 32675 W RPCS3   : sys_mmapper_unmap_shared_memory(addr=0x35500000, mem_id=*0xd0010760)
09-25 07:28:55.466 32489 32675 W RPCS3   : sys_mmapper_unmap_shared_memory(addr=0x35600000, mem_id=*0xd0010760)
09-25 07:28:55.466 32489 32675 W RPCS3   : sys_mmapper_unmap_shared_memory(addr=0x35700000, mem_id=*0xd0010760)
09-25 07:28:55.466 32489 32675 W RPCS3   : sys_mmapper_unmap_shared_memory(addr=0x35800000, mem_id=*0xd0010760)
09-25 07:28:55.571 32489 32489 I S3TOUCH : root action=down x=2413 y=1000
09-25 07:28:55.571 32489 32489 I S3TOUCH : monitor action=down consumed=false
09-25 07:28:55.571 32489 32489 I S3TOUCH : pad action=down menu=false
09-25 07:28:55.704 32489 32764 D RPCS3   : sys_fs_fcntl(0xc0000006): /dev_bdvd
09-25 07:28:55.704 32489 32764 W RPCS3   : sys_fs_stat(path=“/dev_bdvd/PS3_GAME/USRDIR/POS.PSARC”, sb=*0xd005f488)
09-25 07:28:55.913 32489 32527 D S3PERF  : crosscheck source=surface presented=1508 json_fps=42.4763 json_frametime_ms=16.626
09-25 07:28:55.913 32489 32527 D S3PERF  : crosscheck ui_snapshot_fps=42.4763 ui_snapshot_frametime_ms=16.626
09-25 07:28:56.325 32489 32489 I S3TOUCH : root action=down x=2486 y=996
09-25 07:28:56.325 32489 32489 I S3TOUCH : monitor action=down consumed=false
09-25 07:28:56.325 32489 32489 I S3TOUCH : pad action=down menu=false
09-25 07:28:56.515 32489 32489 I S3TOUCH : root action=down x=2445 y=995
09-25 07:28:56.515 32489 32489 I S3TOUCH : monitor action=down consumed=false
09-25 07:28:56.515 32489 32489 I S3TOUCH : pad action=down menu=false
09-25 07:28:56.725 32489 32489 I S3TOUCH : root action=down x=2438 y=996
09-25 07:28:56.725 32489 32489 I S3TOUCH : monitor action=down consumed=false
09-25 07:28:56.725 32489 32489 I S3TOUCH : pad action=down menu=false
09-25 07:28:56.750 32489 32675 W RPCS3   : cellVdecQueryAttrEx(type=*0xd00108b0, attr=*0xd00108bc)
09-25 07:28:56.750 32489 32675 W RPCS3   : cellVdecQueryAttr: MPEG2 (profile=3)
09-25 07:28:56.874 32489 32675 W RPCS3   : sys_mmapper_map_shared_memory(addr=0x34c00000, mem_id=0x8008500, flags=0x40000)
09-25 07:28:56.874 32489 32675 E RPCS3   : Failed to lock sudo memory (addr=0x34c00000, size=0x100000). Consider increasing your system limits.
09-25 07:28:56.874 32489 32675 W RPCS3   : sys_mmapper_map_shared_memory(addr=0x34d00000, mem_id=0x8008600, flags=0x40000)
09-25 07:28:56.874 32489 32675 E RPCS3   : Failed to lock sudo memory (addr=0x34d00000, size=0x100000). Consider increasing your system limits.
09-25 07:28:56.874 32489 32675 W RPCS3   : sys_mmapper_map_shared_memory(addr=0x34e00000, mem_id=0x8008700, flags=0x40000)
09-25 07:28:56.874 32489 32675 E RPCS3   : Failed to lock sudo memory (addr=0x34e00000, size=0x100000). Consider increasing your system limits.
09-25 07:28:56.874 32489 32675 W RPCS3   : sys_mmapper_map_shared_memory(addr=0x34f00000, mem_id=0x8008800, flags=0x40000)
09-25 07:28:56.875 32489 32675 E RPCS3   : Failed to lock sudo memory (addr=0x34f00000, size=0x100000). Consider increasing your system limits.
09-25 07:28:56.875 32489 32675 W RPCS3   : sys_mmapper_map_shared_memory(addr=0x35000000, mem_id=0x8008900, flags=0x40000)
09-25 07:28:56.875 32489 32675 E RPCS3   : Failed to lock sudo memory (addr=0x35000000, size=0x100000). Consider increasing your system limits.
09-25 07:28:56.875 32489 32675 W RPCS3   : sys_mmapper_map_shared_memory(addr=0x35100000, mem_id=0x8008a00, flags=0x40000)
09-25 07:28:56.875 32489 32675 E RPCS3   : Failed to lock sudo memory (addr=0x35100000, size=0x100000). Consider increasing your system limits.
09-25 07:28:56.875 32489 32675 W RPCS3   : sys_mmapper_map_shared_memory(addr=0x35200000, mem_id=0x8008b00, flags=0x40000)
09-25 07:28:56.875 32489 32675 E RPCS3   : Failed to lock sudo memory (addr=0x35200000, size=0x100000). Consider increasing your system limits.
09-25 07:28:56.875 32489 32675 W RPCS3   : sys_mmapper_map_shared_memory(addr=0x35300000, mem_id=0x8008c00, flags=0x40000)
09-25 07:28:56.875 32489 32675 E RPCS3   : Failed to lock sudo memory (addr=0x35300000, size=0x100000). Consider increasing your system limits.
09-25 07:28:56.875 32489 32675 W RPCS3   : sys_mmapper_map_shared_memory(addr=0x35400000, mem_id=0x8008d00, flags=0x40000)
09-25 07:28:56.875 32489 32675 E RPCS3   : Failed to lock sudo memory (addr=0x35400000, size=0x100000). Consider increasing your system limits.
09-25 07:28:56.875 32489 32675 W RPCS3   : sys_mmapper_map_shared_memory(addr=0x35500000, mem_id=0x8008e00, flags=0x40000)
09-25 07:28:56.875 32489 32675 E RPCS3   : Failed to lock sudo memory (addr=0x35500000, size=0x100000). Consider increasing your system limits.
09-25 07:28:56.875 32489 32675 W RPCS3   : sys_mmapper_map_shared_memory(addr=0x35600000, mem_id=0x8008f00, flags=0x40000)
09-25 07:28:56.875 32489 32675 E RPCS3   : Failed to lock sudo memory (addr=0x35600000, size=0x100000). Consider increasing your system limits.
09-25 07:28:56.875 32489 32675 W RPCS3   : sys_mmapper_map_shared_memory(addr=0x35700000, mem_id=0x8009000, flags=0x40000)
09-25 07:28:56.875 32489 32675 E RPCS3   : Failed to lock sudo memory (addr=0x35700000, size=0x100000). Consider increasing your system limits.
09-25 07:28:56.875 32489 32675 W RPCS3   : sys_mmapper_map_shared_memory(addr=0x35800000, mem_id=0x8009100, flags=0x40000)
09-25 07:28:56.875 32489 32675 E RPCS3   : Failed to lock sudo memory (addr=0x35800000, size=0x100000). Consider increasing your system limits.
09-25 07:28:56.875 32489 32675 W RPCS3   : sys_mmapper_map_shared_memory(addr=0x35900000, mem_id=0x8009200, flags=0x40000)
09-25 07:28:56.875 32489 32675 E RPCS3   : Failed to lock sudo memory (addr=0x35900000, size=0x100000). Consider increasing your system limits.
09-25 07:28:56.875 32489 32675 W RPCS3   : sys_mmapper_map_shared_memory(addr=0x35a00000, mem_id=0x8009300, flags=0x40000)
09-25 07:28:56.875 32489 32675 E RPCS3   : Failed to lock sudo memory (addr=0x35a00000, size=0x100000). Consider increasing your system limits.
09-25 07:28:56.875 32489 32675 W RPCS3   : sys_mmapper_map_shared_memory(addr=0x35b00000, mem_id=0x8009400, flags=0x40000)
09-25 07:28:56.875 32489 32675 E RPCS3   : Failed to lock sudo memory (addr=0x35b00000, size=0x100000). Consider increasing your system limits.
09-25 07:28:56.875 32489 32675 W RPCS3   : sys_mmapper_map_shared_memory(addr=0x35c00000, mem_id=0x8009500, flags=0x40000)
09-25 07:28:56.875 32489 32675 E RPCS3   : Failed to lock sudo memory (addr=0x35c00000, size=0x100000). Consider increasing your system limits.
09-25 07:28:56.875 32489 32675 W RPCS3   : sys_mmapper_map_shared_memory(addr=0x35d00000, mem_id=0x8009600, flags=0x40000)
09-25 07:28:56.876 32489 32675 E RPCS3   : Failed to lock sudo memory (addr=0x35d00000, size=0x100000). Consider increasing your system limits.
09-25 07:28:56.876 32489 32675 W RPCS3   : sys_mmapper_map_shared_memory(addr=0x35e00000, mem_id=0x8009700, flags=0x40000)
09-25 07:28:56.876 32489 32675 E RPCS3   : Failed to lock sudo memory (addr=0x35e00000, size=0x100000). Consider increasing your system limits.
09-25 07:28:56.876 32489 32675 W RPCS3   : sys_mmapper_map_shared_memory(addr=0x35f00000, mem_id=0x8009800, flags=0x40000)
09-25 07:28:56.876 32489 32675 E RPCS3   : Failed to lock sudo memory (addr=0x35f00000, size=0x100000). Consider increasing your system limits.
09-25 07:28:56.876 32489 32675 W RPCS3   : sys_mmapper_map_shared_memory(addr=0x36000000, mem_id=0x8009900, flags=0x40000)
09-25 07:28:56.876 32489 32675 E RPCS3   : Failed to lock sudo memory (addr=0x36000000, size=0x100000). Consider increasing your system limits.
09-25 07:28:56.876 32489 32675 W RPCS3   : sys_mmapper_map_shared_memory(addr=0x36100000, mem_id=0x8009a00, flags=0x40000)
09-25 07:28:56.876 32489 32675 E RPCS3   : Failed to lock sudo memory (addr=0x36100000, size=0x100000). Consider increasing your system limits.
09-25 07:28:56.876 32489 32675 W RPCS3   : sys_mmapper_map_shared_memory(addr=0x36200000, mem_id=0x8009b00, flags=0x40000)
09-25 07:28:56.876 32489 32675 E RPCS3   : Failed to lock sudo memory (addr=0x36200000, size=0x100000). Consider increasing your system limits.
09-25 07:28:56.876 32489 32675 W RPCS3   : sys_mmapper_map_shared_memory(addr=0x36300000, mem_id=0x8009c00, flags=0x40000)
09-25 07:28:56.876 32489 32675 E RPCS3   : Failed to lock sudo memory (addr=0x36300000, size=0x100000). Consider increasing your system limits.
09-25 07:28:56.876 32489 32675 W RPCS3   : sys_mmapper_map_shared_memory(addr=0x36400000, mem_id=0x8009d00, flags=0x40000)
09-25 07:28:56.876 32489 32675 E RPCS3   : Failed to lock sudo memory (addr=0x36400000, size=0x100000). Consider increasing your system limits.
09-25 07:28:56.876 32489 32675 W RPCS3   : sys_mmapper_map_shared_memory(addr=0x36500000, mem_id=0x8009e00, flags=0x40000)
09-25 07:28:56.876 32489 32675 E RPCS3   : Failed to lock sudo memory (addr=0x36500000, size=0x100000). Consider increasing your system limits.
09-25 07:28:56.876 32489 32675 W RPCS3   : sys_mmapper_map_shared_memory(addr=0x36600000, mem_id=0x8009f00, flags=0x40000)
09-25 07:28:56.876 32489 32675 E RPCS3   : Failed to lock sudo memory (addr=0x36600000, size=0x100000). Consider increasing your system limits.
09-25 07:28:56.876 32489 32675 W RPCS3   : sys_mmapper_map_shared_memory(addr=0x36700000, mem_id=0x800a000, flags=0x40000)
09-25 07:28:56.876 32489 32675 E RPCS3   : Failed to lock sudo memory (addr=0x36700000, size=0x100000). Consider increasing your system limits.
09-25 07:28:56.876 32489 32675 W RPCS3   : sys_mmapper_map_shared_memory(addr=0x36800000, mem_id=0x800a100, flags=0x40000)
09-25 07:28:56.876 32489 32675 E RPCS3   : Failed to lock sudo memory (addr=0x36800000, size=0x100000). Consider increasing your system limits.
09-25 07:28:56.876 32489 32675 W RPCS3   : sys_mmapper_map_shared_memory(addr=0x36900000, mem_id=0x800a200, flags=0x40000)
09-25 07:28:56.876 32489 32675 E RPCS3   : Failed to lock sudo memory (addr=0x36900000, size=0x100000). Consider increasing your system limits.
09-25 07:28:56.876 32489 32675 W RPCS3   : sys_mmapper_map_shared_memory(addr=0x36a00000, mem_id=0x800a300, flags=0x40000)
09-25 07:28:56.876 32489 32675 E RPCS3   : Failed to lock sudo memory (addr=0x36a00000, size=0x100000). Consider increasing your system limits.
09-25 07:28:56.876 32489 32675 W RPCS3   : sys_mmapper_map_shared_memory(addr=0x36b00000, mem_id=0x800a400, flags=0x40000)
09-25 07:28:56.876 32489 32675 E RPCS3   : Failed to lock sudo memory (addr=0x36b00000, size=0x100000). Consider increasing your system limits.
09-25 07:28:56.876 32489 32675 W RPCS3   : sys_mmapper_map_shared_memory(addr=0x36c00000, mem_id=0x800a500, flags=0x40000)
09-25 07:28:56.876 32489 32675 E RPCS3   : Failed to lock sudo memory (addr=0x36c00000, size=0x100000). Consider increasing your system limits.
09-25 07:28:56.876 32489 32675 W RPCS3   : sys_mmapper_map_shared_memory(addr=0x36d00000, mem_id=0x800a600, flags=0x40000)
09-25 07:28:56.876 32489 32675 E RPCS3   : Failed to lock sudo memory (addr=0x36d00000, size=0x100000). Consider increasing your system limits.
09-25 07:28:56.876 32489 32675 W RPCS3   : sys_mmapper_map_shared_memory(addr=0x36e00000, mem_id=0x800a700, flags=0x40000)
09-25 07:28:56.876 32489 32675 E RPCS3   : Failed to lock sudo memory (addr=0x36e00000, size=0x100000). Consider increasing your system limits.
09-25 07:28:56.876 32489 32675 W RPCS3   : sys_mmapper_map_shared_memory(addr=0x36f00000, mem_id=0x800a800, flags=0x40000)
09-25 07:28:56.876 32489 32675 E RPCS3   : Failed to lock sudo memory (addr=0x36f00000, size=0x100000). Consider increasing your system limits.
09-25 07:28:56.876 32489 32675 W RPCS3   : sys_mmapper_map_shared_memory(addr=0x37000000, mem_id=0x800a900, flags=0x40000)
09-25 07:28:56.876 32489 32675 E RPCS3   : Failed to lock sudo memory (addr=0x37000000, size=0x100000). Consider increasing your system limits.
09-25 07:28:56.876 32489 32675 W RPCS3   : sys_mmapper_map_shared_memory(addr=0x37100000, mem_id=0x800aa00, flags=0x40000)
09-25 07:28:56.876 32489 32675 E RPCS3   : Failed to lock sudo memory (addr=0x37100000, size=0x100000). Consider increasing your system limits.
09-25 07:28:56.876 32489 32675 W RPCS3   : sys_mmapper_map_shared_memory(addr=0x37200000, mem_id=0x800ab00, flags=0x40000)
09-25 07:28:56.876 32489 32675 E RPCS3   : Failed to lock sudo memory (addr=0x37200000, size=0x100000). Consider increasing your system limits.
09-25 07:28:56.876 32489 32675 W RPCS3   : sys_mmapper_map_shared_memory(addr=0x37300000, mem_id=0x800ac00, flags=0x40000)
09-25 07:28:56.876 32489 32675 E RPCS3   : Failed to lock sudo memory (addr=0x37300000, size=0x100000). Consider increasing your system limits.
09-25 07:28:56.876 32489 32675 W RPCS3   : sys_mmapper_map_shared_memory(addr=0x37400000, mem_id=0x800ad00, flags=0x40000)
09-25 07:28:56.876 32489 32675 E RPCS3   : Failed to lock sudo memory (addr=0x37400000, size=0x100000). Consider increasing your system limits.
09-25 07:28:56.876 32489 32675 W RPCS3   : sys_rsx_context_iomap(context_id=0x55555555, io=0x4c00000, ea=0x34c00000, size=0x2900000, flags=0xe000000000000800)
09-25 07:28:56.876 32489 32675 W RPCS3   : sys_rsx_context_iomap(): RSX is not idle while mapping io
09-25 07:28:56.925 32489 32675 W RPCS3   : cellVdecQueryAttrEx(type=*0xd0010750, attr=*0xd001075c)
09-25 07:28:56.925 32489 32675 W RPCS3   : cellVdecQueryAttr: MPEG2 (profile=3)
09-25 07:28:56.927 32489 32675 W RPCS3   : sys_mmapper_map_shared_memory(addr=0x37500000, mem_id=0x800ae00, flags=0x40000)
09-25 07:28:56.928 32489 32675 E RPCS3   : Failed to lock sudo memory (addr=0x37500000, size=0x100000). Consider increasing your system limits.
09-25 07:28:56.928 32489 32675 W RPCS3   : sys_mmapper_map_shared_memory(addr=0x37600000, mem_id=0x800af00, flags=0x40000)
09-25 07:28:56.928 32489 32675 E RPCS3   : Failed to lock sudo memory (addr=0x37600000, size=0x100000). Consider increasing your system limits.
09-25 07:28:56.928 32489 32675 W RPCS3   : sys_mmapper_map_shared_memory(addr=0x37700000, mem_id=0x800b000, flags=0x40000)
09-25 07:28:56.928 32489 32675 E RPCS3   : Failed to lock sudo memory (addr=0x37700000, size=0x100000). Consider increasing your system limits.
09-25 07:28:56.928 32489 32675 W RPCS3   : sys_mmapper_map_shared_memory(addr=0x37800000, mem_id=0x800b100, flags=0x40000)
09-25 07:28:56.928 32489 32675 E RPCS3   : Failed to lock sudo memory (addr=0x37800000, size=0x100000). Consider increasing your system limits.
09-25 07:28:56.928 32489 32675 W RPCS3   : sys_mmapper_map_shared_memory(addr=0x37900000, mem_id=0x800b200, flags=0x40000)
09-25 07:28:56.929 32489 32675 E RPCS3   : Failed to lock sudo memory (addr=0x37900000, size=0x100000). Consider increasing your system limits.
09-25 07:28:56.929 32489 32675 W RPCS3   : sys_mmapper_map_shared_memory(addr=0x37a00000, mem_id=0x800b300, flags=0x40000)
09-25 07:28:56.929 32489 32675 E RPCS3   : Failed to lock sudo memory (addr=0x37a00000, size=0x100000). Consider increasing your system limits.
09-25 07:28:56.929 32489 32675 W RPCS3   : sys_mmapper_map_shared_memory(addr=0x37b00000, mem_id=0x800b400, flags=0x40000)
09-25 07:28:56.929 32489 32675 E RPCS3   : Failed to lock sudo memory (addr=0x37b00000, size=0x100000). Consider increasing your system limits.
09-25 07:28:56.929 32489 32675 W RPCS3   : sys_mmapper_map_shared_memory(addr=0x37c00000, mem_id=0x800b500, flags=0x40000)
09-25 07:28:56.929 32489 32675 E RPCS3   : Failed to lock sudo memory (addr=0x37c00000, size=0x100000). Consider increasing your system limits.
09-25 07:28:56.929 32489 32675 W RPCS3   : sys_mmapper_map_shared_memory(addr=0x37d00000, mem_id=0x800b600, flags=0x40000)
09-25 07:28:56.929 32489 32675 E RPCS3   : Failed to lock sudo memory (addr=0x37d00000, size=0x100000). Consider increasing your system limits.
09-25 07:28:56.929 32489 32675 W RPCS3   : sys_mmapper_map_shared_memory(addr=0x37e00000, mem_id=0x800b700, flags=0x40000)
09-25 07:28:56.929 32489 32675 E RPCS3   : Failed to lock sudo memory (addr=0x37e00000, size=0x100000). Consider increasing your system limits.
09-25 07:28:56.929 32489 32675 W RPCS3   : sys_mmapper_map_shared_memory(addr=0x37f00000, mem_id=0x800b800, flags=0x40000)
09-25 07:28:56.929 32489 32675 E RPCS3   : Failed to lock sudo memory (addr=0x37f00000, size=0x100000). Consider increasing your system limits.
09-25 07:28:56.929 32489 32675 W RPCS3   : sys_mmapper_map_shared_memory(addr=0x38000000, mem_id=0x800b900, flags=0x40000)
09-25 07:28:56.929 32489 32675 E RPCS3   : Failed to lock sudo memory (addr=0x38000000, size=0x100000). Consider increasing your system limits.
09-25 07:28:56.930 32489 32675 W RPCS3   : sys_mmapper_map_shared_memory(addr=0x38100000, mem_id=0x800ba00, flags=0x40000)
09-25 07:28:56.930 32489 32675 E RPCS3   : Failed to lock sudo memory (addr=0x38100000, size=0x100000). Consider increasing your system limits.
09-25 07:28:56.930 32489 32675 W RPCS3   : sys_rsx_context_iomap(context_id=0x55555555, io=0x7500000, ea=0x37500000, size=0xd00000, flags=0xe000000000000800)
09-25 07:28:56.930 32489 32675 W RPCS3   : sys_rsx_context_iomap(): RSX is not idle while mapping io
09-25 07:28:57.113 32489 32764 D RPCS3   : sys_fs_fcntl(0xc0000006): /dev_bdvd
09-25 07:28:57.113 32489 32764 W RPCS3   : sys_fs_open(path=“/dev_bdvd/PS3_GAME/USRDIR/CINEMATICS/OPENINGINT.M2V”, flags=00, fd=*0xd005fa80, mode=00, arg=*0x0, size=0x0)
09-25 07:28:57.114 32489 32764 W RPCS3   : sys_fs_open(): fd=21, Regular file, '/dev_bdvd/PS3_GAME/USRDIR/CINEMATICS/OPENINGINT.M2V', Mode: 0x0, Flags: 0x0, Pos/Size: 0/301.227MB (0x0/0x12d3a0c3)
09-25 07:28:57.115 32489 32764 W RPCS3   : sys_fs_fstat(fd=21, sb=*0xd005fc94)
09-25 07:28:57.148 32489 32527 D S3PERF  : crosscheck source=surface presented=1565 json_fps=47.58 json_frametime_ms=16.438
09-25 07:28:57.146 32489 32489 W DefaultDispatch: type=1400 audit(0.0:6952695): avc:  denied  { search } for  name="zram0" dev="sysfs" ino=107524 scontext=u:r:untrusted_app:s0:c207,c257,c512,c768 tcontext=u:object_r:sysfs_zram:s0 tclass=dir permissive=0 app=com.zenithblue.sambas3
09-25 07:28:57.149 32489 32527 D S3PERF  : crosscheck ui_snapshot_fps=47.58 ui_snapshot_frametime_ms=16.438
09-25 07:28:57.146 32489 32489 W DefaultDispatch: type=1400 audit(0.0:6952696): avc:  denied  { search } for  name="zram0" dev="sysfs" ino=107524 scontext=u:r:untrusted_app:s0:c207,c257,c512,c768 tcontext=u:object_r:sysfs_zram:s0 tclass=dir permissive=0 app=com.zenithblue.sambas3
09-25 07:28:57.319 32489 32489 I S3TOUCH : root action=down x=2454 y=989
09-25 07:28:57.319 32489 32489 I S3TOUCH : monitor action=down consumed=false
09-25 07:28:57.319 32489 32489 I S3TOUCH : pad action=down menu=false
09-25 07:28:57.562 32489 32489 I S3TOUCH : root action=down x=2435 y=1000
09-25 07:28:57.562 32489 32489 I S3TOUCH : monitor action=down consumed=false
09-25 07:28:57.562 32489 32489 I S3TOUCH : pad action=down menu=false
09-25 07:28:57.746 32489 32489 I S3TOUCH : root action=down x=2420 y=989
09-25 07:28:57.748 32489 32489 I S3TOUCH : monitor action=down consumed=false
09-25 07:28:57.748 32489 32489 I S3TOUCH : pad action=down menu=false
09-25 07:28:57.956 32489 32489 I S3TOUCH : root action=down x=2459 y=997
09-25 07:28:57.956 32489 32489 I S3TOUCH : monitor action=down consumed=false
09-25 07:28:57.957 32489 32489 I S3TOUCH : pad action=down menu=false
09-25 07:28:58.198 32489 32489 I S3TOUCH : root action=down x=2428 y=1011
09-25 07:28:58.198 32489 32489 I S3TOUCH : monitor action=down consumed=false
09-25 07:28:58.198 32489 32489 I S3TOUCH : pad action=down menu=false
09-25 07:28:58.366 32489 32527 D S3PERF  : crosscheck source=surface presented=1614 json_fps=40.1881 json_frametime_ms=25.856
09-25 07:28:58.367 32489 32527 D S3PERF  : crosscheck ui_snapshot_fps=40.1881 ui_snapshot_frametime_ms=25.856
09-25 07:28:58.430 32489 32489 I S3TOUCH : root action=down x=2480 y=1000
09-25 07:28:58.430 32489 32489 I S3TOUCH : monitor action=down consumed=false
09-25 07:28:58.430 32489 32489 I S3TOUCH : pad action=down menu=false
09-25 07:28:58.591 32489 32489 I S3TOUCH : root action=down x=2449 y=980
09-25 07:28:58.591 32489 32489 I S3TOUCH : monitor action=down consumed=false
09-25 07:28:58.591 32489 32489 I S3TOUCH : pad action=down menu=false
09-25 07:28:58.636 32489 32630 D RPCS3   : CPU Usage: Total: 75.8%, Cores: 0.0%, 0.0%, 0.0%, 0.0%, 0.0%, 0.0%, 0.0%, 0.0%
09-25 07:28:58.763 32489 32655 D RPCS3   : PPU Syscall Usage Stats:
09-25 07:28:58.763 32489 32655 D RPCS3   : 	⁂ sys_timer_usleep [192786]
09-25 07:28:58.763 32489 32655 D RPCS3   : 	⁂ _sys_lwcond_queue_wait [27072]
09-25 07:28:58.763 32489 32655 D RPCS3   : 	⁂ _sys_lwmutex_lock [24955]
09-25 07:28:58.763 32489 32655 D RPCS3   : 	⁂ _sys_lwmutex_unlock [22823]
09-25 07:28:58.763 32489 32655 D RPCS3   : 	⁂ sys_event_queue_receive [14048]
09-25 07:28:58.763 32489 32655 D RPCS3   : 	⁂ _sys_lwcond_signal [13656]
09-25 07:28:58.763 32489 32655 D RPCS3   : 	⁂ _sys_lwcond_signal_all [8512]
09-25 07:28:58.763 32489 32655 D RPCS3   : 	⁂ sys_time_get_current_time [5617]
09-25 07:28:58.763 32489 32655 D RPCS3   : 	⁂ sys_event_port_send [5347]
09-25 07:28:58.763 32489 32655 D RPCS3   : 	⁂ sys_fs_read [4165]
09-25 07:28:58.763 32489 32655 D RPCS3   : 	⁂ sys_fs_write [2932]
09-25 07:28:58.763 32489 32655 D RPCS3   : 	⁂ sys_event_flag_wait [1733]
09-25 07:28:58.763 32489 32655 D RPCS3   : 	⁂ sys_event_flag_clear [1733]
09-25 07:28:58.763 32489 32655 D RPCS3   : 	⁂ sys_fs_fsync [489]
09-25 07:28:58.763 32489 32655 D RPCS3   : 	⁂ sys_fs_lseek [425]
09-25 07:28:58.763 32489 32655 D RPCS3   : 	⁂ sys_mmapper_map_shared_memory [396]
09-25 07:28:58.763 32489 32655 D RPCS3   : 	⁂ sys_mmapper_unmap_shared_memory [233]
09-25 07:28:58.763 32489 32655 D RPCS3   : 	⁂ sys_time_get_timezone [142]
09-25 07:28:58.763 32489 32655 D RPCS3   : 	⁂ sys_fs_fcntl [66]
09-25 07:28:58.763 32489 32655 D RPCS3   : 	⁂ sys_mutex_lock [45]
09-25 07:28:58.763 32489 32655 D RPCS3   : 	⁂ sys_mutex_unlock [45]
09-25 07:28:58.763 32489 32655 D RPCS3   : 	⁂ sys_fs_fstat [41]
09-25 07:28:58.763 32489 32655 D RPCS3   : 	⁂ sys_fs_open [38]
09-25 07:28:58.763 32489 32655 D RPCS3   : 	⁂ sys_fs_stat [27]
09-25 07:28:58.763 32489 32655 D RPCS3   : 	⁂ _sys_lwmutex_trylock [19]
09-25 07:28:58.763 32489 32655 D RPCS3   : 	⁂ sys_fs_close [19]
09-25 07:28:58.763 32489 32655 D RPCS3   : 	⁂ sys_rsx_context_iomap [12]
09-25 07:28:58.763 32489 32655 D RPCS3   : 	⁂ sys_rsx_context_iounmap [5]
09-25 07:28:58.763 32489 32655 D RPCS3   : 	⁂ _sys_interrupt_thread_disestablish [2]
09-25 07:28:58.825 32489 32489 I S3TOUCH : root action=down x=2438 y=984
09-25 07:28:58.825 32489 32489 I S3TOUCH : monitor action=down consumed=false
09-25 07:28:58.825 32489 32489 I S3TOUCH : pad action=down menu=false
09-25 07:28:59.034 32489 32489 I S3TOUCH : root action=down x=2446 y=981
09-25 07:28:59.034 32489 32489 I S3TOUCH : monitor action=down consumed=false
09-25 07:28:59.034 32489 32489 I S3TOUCH : pad action=down menu=false
09-25 07:28:59.225 32489 32489 I S3TOUCH : root action=down x=2464 y=994
09-25 07:28:59.225 32489 32489 I S3TOUCH : monitor action=down consumed=false
09-25 07:28:59.226 32489 32489 I S3TOUCH : pad action=down menu=false
09-25 07:28:59.385 32489 32675 W RPCS3   : cellVdecQueryAttrEx(type=*0xd0010954, attr=*0xd0010960)
09-25 07:28:59.386 32489 32675 W RPCS3   : cellVdecQueryAttr: MPEG2 (profile=3)
09-25 07:28:59.386 32489 32675 W RPCS3   : cellVdecOpenEx(type=*0xd0010954, res=*0xd0010980, cb=*0xd001094c, handle=*0x641b7c)
09-25 07:28:59.386 32489 32675 W RPCS3   : cellVdecQueryAttr: MPEG2 (profile=3)
09-25 07:28:59.386 32489 32675 W RPCS3   : _sys_ppu_thread_create(thread_id=*0xd00108c8, param=*0xd00107f0, arg=0xf0000200, unk=0x0, prio=1000, stacksize=0x2000, flags=0x2, threadname=*0xd00108b6)
09-25 07:28:59.386 32489 32675 W RPCS3   : _sys_ppu_thread_create(): Thread "HLE Video Decoder" created (id=0x1000029, func=*0x7f454c46, rtoc=0x2020166, user-tls=0x1000abc0)
09-25 07:28:59.386 32489 32675 W RPCS3   : cellVdecStartSeq(handle=0xf0000200)
09-25 07:28:59.405 32489 32489 I S3TOUCH : root action=down x=2430 y=992
09-25 07:28:59.405 32489 32489 I S3TOUCH : monitor action=down consumed=false
09-25 07:28:59.405 32489 32489 I S3TOUCH : pad action=down menu=false
09-25 07:28:59.592 32489 32527 D S3PERF  : crosscheck source=surface presented=1664 json_fps=39.9633 json_frametime_ms=23.81
09-25 07:28:59.593 32489 32527 D S3PERF  : crosscheck ui_snapshot_fps=39.9633 ui_snapshot_frametime_ms=23.81
09-25 07:29:00.814 32489 32527 D S3PERF  : crosscheck source=surface presented=1714 json_fps=40.9415 json_frametime_ms=19.381
09-25 07:29:00.814 32489 32527 D S3PERF  : crosscheck ui_snapshot_fps=40.9415 ui_snapshot_frametime_ms=19.381
09-25 07:29:01.301 32489 32675 W RPCS3   : sys_mmapper_map_shared_memory(addr=0x38200000, mem_id=0x800bb00, flags=0x40000)
09-25 07:29:01.301 32489 32675 E RPCS3   : Failed to lock sudo memory (addr=0x38200000, size=0x100000). Consider increasing your system limits.
09-25 07:29:01.301 32489 32675 W RPCS3   : sys_mmapper_map_shared_memory(addr=0x38300000, mem_id=0x800bc00, flags=0x40000)
09-25 07:29:01.301 32489 32675 E RPCS3   : Failed to lock sudo memory (addr=0x38300000, size=0x100000). Consider increasing your system limits.
09-25 07:29:01.301 32489 32675 W RPCS3   : sys_mmapper_map_shared_memory(addr=0x38400000, mem_id=0x800bd00, flags=0x40000)
09-25 07:29:01.301 32489 32675 E RPCS3   : Failed to lock sudo memory (addr=0x38400000, size=0x100000). Consider increasing your system limits.
09-25 07:29:01.301 32489 32675 W RPCS3   : sys_mmapper_map_shared_memory(addr=0x38500000, mem_id=0x800be00, flags=0x40000)
09-25 07:29:01.302 32489 32675 E RPCS3   : Failed to lock sudo memory (addr=0x38500000, size=0x100000). Consider increasing your system limits.
09-25 07:29:01.302 32489 32675 W RPCS3   : sys_mmapper_map_shared_memory(addr=0x38600000, mem_id=0x800bf00, flags=0x40000)
09-25 07:29:01.302 32489 32675 E RPCS3   : Failed to lock sudo memory (addr=0x38600000, size=0x100000). Consider increasing your system limits.
09-25 07:29:01.302 32489 32675 W RPCS3   : sys_rsx_context_iomap(context_id=0x55555555, io=0x8200000, ea=0x38200000, size=0x500000, flags=0xe000000000000800)
09-25 07:29:01.302 32489 32675 W RPCS3   : sys_rsx_context_iomap(): RSX is not idle while mapping io
09-25 07:29:02.033 32489 32527 D S3PERF  : crosscheck source=surface presented=1772 json_fps=46.7377 json_frametime_ms=17.035
09-25 07:29:02.033 32489 32527 D S3PERF  : crosscheck ui_snapshot_fps=46.7377 ui_snapshot_frametime_ms=17.035
09-25 07:29:02.140 32489 32675 W RPCS3   : sys_mmapper_map_shared_memory(addr=0x3ad00000, mem_id=0x800c000, flags=0x40000)
09-25 07:29:02.140 32489 32675 E RPCS3   : Failed to lock sudo memory (addr=0x3ad00000, size=0x100000). Consider increasing your system limits.
09-25 07:29:02.140 32489 32675 W RPCS3   : sys_mmapper_map_shared_memory(addr=0x3ae00000, mem_id=0x800c100, flags=0x40000)
09-25 07:29:02.141 32489 32675 E RPCS3   : Failed to lock sudo memory (addr=0x3ae00000, size=0x100000). Consider increasing your system limits.
09-25 07:29:02.141 32489 32675 W RPCS3   : sys_mmapper_map_shared_memory(addr=0x3af00000, mem_id=0x800c200, flags=0x40000)
09-25 07:29:02.141 32489 32675 E RPCS3   : Failed to lock sudo memory (addr=0x3af00000, size=0x100000). Consider increasing your system limits.
09-25 07:29:02.141 32489 32675 W RPCS3   : sys_mmapper_map_shared_memory(addr=0x3b000000, mem_id=0x800c300, flags=0x40000)
09-25 07:29:02.141 32489 32675 E RPCS3   : Failed to lock sudo memory (addr=0x3b000000, size=0x100000). Consider increasing your system limits.
09-25 07:29:02.141 32489 32675 W RPCS3   : sys_mmapper_map_shared_memory(addr=0x3b100000, mem_id=0x800c400, flags=0x40000)
09-25 07:29:02.141 32489 32675 E RPCS3   : Failed to lock sudo memory (addr=0x3b100000, size=0x100000). Consider increasing your system limits.
09-25 07:29:02.141 32489 32675 W RPCS3   : sys_mmapper_map_shared_memory(addr=0x3b200000, mem_id=0x800e600, flags=0x40000)
09-25 07:29:02.141 32489 32675 E RPCS3   : Failed to lock sudo memory (addr=0x3b200000, size=0x100000). Consider increasing your system limits.
09-25 07:29:02.141 32489 32675 W RPCS3   : sys_mmapper_map_shared_memory(addr=0x3b300000, mem_id=0x800e700, flags=0x40000)
09-25 07:29:02.141 32489 32675 E RPCS3   : Failed to lock sudo memory (addr=0x3b300000, size=0x100000). Consider increasing your system limits.
09-25 07:29:02.141 32489 32675 W RPCS3   : sys_mmapper_map_shared_memory(addr=0x3b400000, mem_id=0x800e800, flags=0x40000)
09-25 07:29:02.141 32489 32675 E RPCS3   : Failed to lock sudo memory (addr=0x3b400000, size=0x100000). Consider increasing your system limits.
09-25 07:29:02.141 32489 32675 W RPCS3   : sys_mmapper_map_shared_memory(addr=0x3b500000, mem_id=0x800e900, flags=0x40000)
09-25 07:29:02.141 32489 32675 E RPCS3   : Failed to lock sudo memory (addr=0x3b500000, size=0x100000). Consider increasing your system limits.
09-25 07:29:02.141 32489 32675 W RPCS3   : sys_mmapper_map_shared_memory(addr=0x3b600000, mem_id=0x800ea00, flags=0x40000)
09-25 07:29:02.141 32489 32675 E RPCS3   : Failed to lock sudo memory (addr=0x3b600000, size=0x100000). Consider increasing your system limits.
09-25 07:29:02.141 32489 32675 W RPCS3   : sys_rsx_context_iomap(context_id=0x55555555, io=0xad00000, ea=0x3ad00000, size=0xa00000, flags=0xe000000000000800)
09-25 07:29:02.141 32489 32675 W RPCS3   : sys_rsx_context_iomap(): RSX is not idle while mapping io
09-25 07:29:03.267 32489 32527 D S3PERF  : crosscheck source=surface presented=1828 json_fps=45.0059 json_frametime_ms=24.147
09-25 07:29:03.267 32489 32527 D S3PERF  : crosscheck ui_snapshot_fps=45.0059 ui_snapshot_frametime_ms=24.147
09-25 07:29:04.188 32489 32527 D S3PERF  : GPU load [/sys/class/kgsl/kgsl-3d0/gpubusy]: raw='632737 1002137' -> load=63.138772443288694%
09-25 07:29:04.495 32489 32527 D S3PERF  : crosscheck source=surface presented=1873 json_fps=36.3622 json_frametime_ms=21.714
09-25 07:29:04.495 32489 32527 D S3PERF  : crosscheck ui_snapshot_fps=36.3622 ui_snapshot_frametime_ms=21.714
09-25 07:29:05.129 32489   449 E RPCS3   : Video au decode has been waiting for a consumer for 5 seconds. (handle=0xf0000200, seq_id=1, cmd_id=63, queue_size=61)
09-25 07:29:05.736 32489 32527 D S3PERF  : crosscheck source=surface presented=1926 json_fps=42.8977 json_frametime_ms=28.955
09-25 07:29:05.737 32489 32527 D S3PERF  : crosscheck ui_snapshot_fps=42.8977 ui_snapshot_frametime_ms=28.955
09-25 07:29:05.734 32489 32489 W DefaultDispatch: type=1400 audit(0.0:6952697): avc:  denied  { search } for  name="zram0" dev="sysfs" ino=107524 scontext=u:r:untrusted_app:s0:c207,c257,c512,c768 tcontext=u:object_r:sysfs_zram:s0 tclass=dir permissive=0 app=com.zenithblue.sambas3
09-25 07:29:05.734 32489 32489 W DefaultDispatch: type=1400 audit(0.0:6952698): avc:  denied  { search } for  name="zram0" dev="sysfs" ino=107524 scontext=u:r:untrusted_app:s0:c207,c257,c512,c768 tcontext=u:object_r:sysfs_zram:s0 tclass=dir permissive=0 app=com.zenithblue.sambas3
09-25 07:29:06.967 32489 32527 D S3PERF  : crosscheck source=surface presented=1980 json_fps=44.4391 json_frametime_ms=16.599
09-25 07:29:06.967 32489 32527 D S3PERF  : crosscheck ui_snapshot_fps=44.4391 ui_snapshot_frametime_ms=16.599
09-25 07:29:08.165 32489 32489 I S3TOUCH : root action=down x=2429 y=1092
09-25 07:29:08.165 32489 32489 I S3TOUCH : monitor action=down consumed=false
09-25 07:29:08.165 32489 32489 I S3TOUCH : pad action=down menu=false
09-25 07:29:08.193 32489 32527 D S3PERF  : crosscheck source=surface presented=2054 json_fps=59.995 json_frametime_ms=15.115
09-25 07:29:08.193 32489 32527 D S3PERF  : crosscheck ui_snapshot_fps=59.995 ui_snapshot_frametime_ms=15.115
09-25 07:29:08.203 32489 32675 W RPCS3   : cellVdecClose(handle=0xf0000200)
09-25 07:29:08.203 32489 32675 W RPCS3   : _sys_interrupt_thread_disestablish(ih=0x1000029, r13=*0xd0010840)
09-25 07:29:08.203 32489   449 W RPCS3   : AU decoding: aborted (handle=0xf0000200, seq_id=1, cmd_id=112, abort_decode=1)
09-25 07:29:08.203 32489   449 W RPCS3   : 'vdecEntry' aborted (0.031779s)
09-25 07:29:08.203 32489   449 D RPCS3   : PPU thread perf stats are not available.
09-25 07:29:08.218 32489 32766 W RPCS3   : sys_fs_close(fd=21): Regular file, '/dev_bdvd/PS3_GAME/USRDIR/CINEMATICS/OPENINGINT.M2V', Mode: 0x0, Flags: 0x0, Pos/Size: 6.3125MB/301.227MB (0x650000/0x12d3a0c3)
09-25 07:29:08.391 32489 32675 W RPCS3   : sys_rsx_context_iounmap(context_id=0x55555555, io=0x7500000, size=0xd00000)
09-25 07:29:08.391 32489 32675 W RPCS3   : sys_rsx_context_iounmap(): RSX is not idle while unmapping io
09-25 07:29:08.391 32489 32675 W RPCS3   : sys_mmapper_unmap_shared_memory(addr=0x37500000, mem_id=*0xd0010760)
09-25 07:29:08.407 32489 32675 W RPCS3   : sys_mmapper_unmap_shared_memory(addr=0x37600000, mem_id=*0xd0010760)
09-25 07:29:08.408 32489 32675 W RPCS3   : sys_mmapper_unmap_shared_memory(addr=0x37700000, mem_id=*0xd0010760)
09-25 07:29:08.408 32489 32675 W RPCS3   : sys_mmapper_unmap_shared_memory(addr=0x37800000, mem_id=*0xd0010760)
09-25 07:29:08.408 32489 32675 W RPCS3   : sys_mmapper_unmap_shared_memory(addr=0x37900000, mem_id=*0xd0010760)
09-25 07:29:08.408 32489 32675 W RPCS3   : sys_mmapper_unmap_shared_memory(addr=0x37a00000, mem_id=*0xd0010760)
09-25 07:29:08.408 32489 32675 W RPCS3   : sys_mmapper_unmap_shared_memory(addr=0x37b00000, mem_id=*0xd0010760)
09-25 07:29:08.408 32489 32675 W RPCS3   : sys_mmapper_unmap_shared_memory(addr=0x37c00000, mem_id=*0xd0010760)
09-25 07:29:08.408 32489 32675 W RPCS3   : sys_mmapper_unmap_shared_memory(addr=0x37d00000, mem_id=*0xd0010760)
09-25 07:29:08.408 32489 32675 W RPCS3   : sys_mmapper_unmap_shared_memory(addr=0x37e00000, mem_id=*0xd0010760)
09-25 07:29:08.408 32489 32675 W RPCS3   : sys_mmapper_unmap_shared_memory(addr=0x37f00000, mem_id=*0xd0010760)
09-25 07:29:08.408 32489 32675 W RPCS3   : sys_mmapper_unmap_shared_memory(addr=0x38000000, mem_id=*0xd0010760)
09-25 07:29:08.408 32489 32675 W RPCS3   : sys_mmapper_unmap_shared_memory(addr=0x38100000, mem_id=*0xd0010760)
09-25 07:29:08.434 32489 32675 W RPCS3   : sys_rsx_context_iounmap(context_id=0x55555555, io=0xa400000, size=0x900000)
09-25 07:29:08.434 32489 32675 W RPCS3   : sys_rsx_context_iounmap(): RSX is not idle while unmapping io
09-25 07:29:08.434 32489 32675 W RPCS3   : sys_mmapper_unmap_shared_memory(addr=0x3a400000, mem_id=*0xd0010480)
09-25 07:29:08.438 32489 32675 W RPCS3   : sys_mmapper_unmap_shared_memory(addr=0x3a500000, mem_id=*0xd0010480)
09-25 07:29:08.438 32489 32675 W RPCS3   : sys_mmapper_unmap_shared_memory(addr=0x3a600000, mem_id=*0xd0010480)
09-25 07:29:08.438 32489 32675 W RPCS3   : sys_mmapper_unmap_shared_memory(addr=0x3a700000, mem_id=*0xd0010480)
09-25 07:29:08.438 32489 32675 W RPCS3   : sys_mmapper_unmap_shared_memory(addr=0x3a800000, mem_id=*0xd0010480)
09-25 07:29:08.438 32489 32675 W RPCS3   : sys_mmapper_unmap_shared_memory(addr=0x3a900000, mem_id=*0xd0010480)
09-25 07:29:08.438 32489 32675 W RPCS3   : sys_mmapper_unmap_shared_memory(addr=0x3aa00000, mem_id=*0xd0010480)
09-25 07:29:08.438 32489 32675 W RPCS3   : sys_mmapper_unmap_shared_memory(addr=0x3ab00000, mem_id=*0xd0010480)
09-25 07:29:08.438 32489 32675 W RPCS3   : sys_mmapper_unmap_shared_memory(addr=0x3ac00000, mem_id=*0xd0010480)
09-25 07:29:08.551 32489 32675 W RPCS3   : _sys_ppu_thread_create(thread_id=*0x52bdd8, param=*0xd0010730, arg=0x0, unk=0x0, prio=1001, stacksize=0x4000, flags=0x0, threadname=*0x3dcc00)
09-25 07:29:08.551 32489 32675 W RPCS3   : _sys_ppu_thread_create(): Thread "SaveDataUtil::SaveUnlocksPrefs" created (id=0x100002a, func=*0x23ecf8, rtoc=0x52d6c8, user-tls=0x100084b0)
09-25 07:29:08.552 32489   466 W RPCS3   : cellSaveDataAutoSave2(version=0, dirName=“BCUS98111-AUTOSAVE”, errDialog=2, setBuf=*0xd01078f0, funcStat=*0x51c5f0, funcFile=*0x51c5b0, container=0xffffffff, userdata=*0x51c600)
09-25 07:29:08.552 32489   466 D RPCS3   : savedata_op(): setBuf  = { .dirListMax=1, .fileListMax=2, .bufSize=1632 }
09-25 07:29:08.555 32489   466 W RPCS3   : savedata_op(): Recreating savedata. (mode=3)
09-25 07:29:08.565 32489   466 W RPCS3   : savedata_op(): Fileop: file='ICON0.PNG', type=2, op=1, bufSize=38000, fileSize=38000, offset=0
09-25 07:29:08.568 32489   466 D RPCS3   : SECUREFILE: SAVEDATA -> 0xd6485e21cfb9078544fb0183e823923e
09-25 07:29:08.568 32489   466 W RPCS3   : savedata_op(): Fileop: file='SAVEDATA', type=0, op=1, bufSize=147456, fileSize=147456, offset=0
09-25 07:29:08.636 32489 32630 D RPCS3   : CPU Usage: Total: 43.6%, Cores: 0.0%, 0.0%, 0.0%, 0.0%, 0.0%, 0.0%, 0.0%, 0.0%
09-25 07:29:08.682 32489 32675 W RPCS3   : sys_mmapper_map_shared_memory(addr=0x37500000, mem_id=0x800ae00, flags=0x40000)
09-25 07:29:08.682 32489 32675 E RPCS3   : Failed to lock sudo memory (addr=0x37500000, size=0x100000). Consider increasing your system limits.
09-25 07:29:08.683 32489 32675 W RPCS3   : sys_rsx_context_iomap(context_id=0x55555555, io=0x7500000, ea=0x37500000, size=0x100000, flags=0xe000000000000800)
09-25 07:29:08.683 32489 32675 W RPCS3   : sys_rsx_context_iomap(): RSX is not idle while mapping io
09-25 07:29:08.763 32489 32655 D RPCS3   : PPU Syscall Usage Stats:
09-25 07:29:08.763 32489 32655 D RPCS3   : 	⁂ sys_timer_usleep [213742]
09-25 07:29:08.763 32489 32655 D RPCS3   : 	⁂ _sys_lwcond_queue_wait [49161]
09-25 07:29:08.763 32489 32655 D RPCS3   : 	⁂ _sys_lwmutex_lock [45731]
09-25 07:29:08.763 32489 32655 D RPCS3   : 	⁂ _sys_lwmutex_unlock [43128]
09-25 07:29:08.763 32489 32655 D RPCS3   : 	⁂ _sys_lwcond_signal [26794]
09-25 07:29:08.763 32489 32655 D RPCS3   : 	⁂ sys_event_queue_receive [19165]
09-25 07:29:08.763 32489 32655 D RPCS3   : 	⁂ _sys_lwcond_signal_all [17420]
09-25 07:29:08.763 32489 32655 D RPCS3   : 	⁂ sys_time_get_current_time [9705]
09-25 07:29:08.763 32489 32655 D RPCS3   : 	⁂ sys_fs_read [7481]
09-25 07:29:08.763 32489 32655 D RPCS3   : 	⁂ sys_event_port_send [6861]
09-25 07:29:08.763 32489 32655 D RPCS3   : 	⁂ sys_fs_write [5722]
09-25 07:29:08.763 32489 32655 D RPCS3   : 	⁂ sys_event_flag_wait [2366]
09-25 07:29:08.763 32489 32655 D RPCS3   : 	⁂ sys_event_flag_clear [2366]
09-25 07:29:08.763 32489 32655 D RPCS3   : 	⁂ sys_fs_lseek [986]
09-25 07:29:08.763 32489 32655 D RPCS3   : 	⁂ sys_fs_fsync [954]
09-25 07:29:08.763 32489 32655 D RPCS3   : 	⁂ sys_mmapper_map_shared_memory [412]
09-25 07:29:08.763 32489 32655 D RPCS3   : 	⁂ sys_mmapper_unmap_shared_memory [255]
09-25 07:29:08.763 32489 32655 D RPCS3   : 	⁂ sys_mutex_lock [48]
09-25 07:29:08.763 32489 32655 D RPCS3   : 	⁂ sys_mutex_unlock [48]
09-25 07:29:08.763 32489 32655 D RPCS3   : 	⁂ sys_time_get_timebase_frequency [47]
09-25 07:29:08.763 32489 32655 D RPCS3   : 	⁂ _sys_ppu_thread_create [42]
09-25 07:29:08.763 32489 32655 D RPCS3   : 	⁂ _sys_lwmutex_trylock [41]
09-25 07:29:08.763 32489 32655 D RPCS3   : 	⁂ sys_ppu_thread_start [39]
09-25 07:29:08.763 32489 32655 D RPCS3   : 	⁂ sys_fs_close [20]
09-25 07:29:08.763 32489 32655 D RPCS3   : 	⁂ sys_rsx_context_iomap [15]
09-25 07:29:08.763 32489 32655 D RPCS3   : 	⁂ sys_rsx_context_iounmap [7]
09-25 07:29:08.763 32489 32655 D RPCS3   : 	⁂ _sys_interrupt_thread_disestablish [3]
09-25 07:29:09.078 32489   466 D RPCS3   : HLE/LV2 history: 
09-25 07:29:09.078 32489   466 D RPCS3   : (0) 0x008b21fc: sys_mutex_unlock, 0x0, r3=0x0, r4=0x0, r5=0x0, r6=0x0
09-25 07:29:09.079 32489   466 W RPCS3   : '_sys_ppu_thread_exit' aborted (0.000380s)
09-25 07:29:09.079 32489   466 D RPCS3   : PPU thread perf stats are not available.
09-25 07:29:09.079 32489   466 D RPCS3   : PPU thread perf stats are not available.
09-25 07:29:09.541 32489 32527 D S3PERF  : crosscheck ui_snapshot_fps=26.1209 ui_snapshot_frametime_ms=89.416
09-25 07:29:09.817 32489 32673 D RPCS3   : S3VKSYNC domain=host backend=gpu_label reason=android gpu=Turnip Adreno (TM) 750 driver=turnip Mesa driver driver_vendor=0
09-25 07:29:09.848 32489 32527 D S3PERF  : crosscheck source=surface presented=2083 json_fps=11.8934 json_frametime_ms=73.794
09-25 07:29:09.900 32489 32673 D RPCS3   : Add program (vp id = 73, fp id = 74)
09-25 07:29:09.901 32489 32673 D RPCS3   : Add program (vp id = 66, fp id = 67)
09-25 07:29:09.901 32489 32670 I RPCS3   : Program compiled successfully
09-25 07:29:09.901 32489 32671 I RPCS3   : Program compiled successfully
09-25 07:29:09.993 32489 32673 D RPCS3   : Add program (vp id = 53, fp id = 55)
09-25 07:29:09.995 32489 32670 I RPCS3   : Program compiled successfully
09-25 07:29:09.995 32489 32673 D RPCS3   : Add program (vp id = 60, fp id = 194)
09-25 07:29:09.995 32489 32671 I RPCS3   : Program compiled successfully
09-25 07:29:10.764 32489 32527 D S3PERF  : crosscheck ui_snapshot_fps=11.2393 ui_snapshot_frametime_ms=122.361
09-25 07:29:11.078 32489 32527 D S3PERF  : crosscheck source=surface presented=2098 json_fps=12.1469 json_frametime_ms=63.003
09-25 07:29:11.560 32489 32489 W DebugPad: BUTTON CROSS d1=0 d2=64 press 120ms request_id=s3-1790301551533940213-1826143-29650
09-25 07:29:11.681 32489 32489 W DebugPad: BUTTON CROSS release request_id=s3-1790301551533940213-1826143-29650
09-25 07:29:11.766 32489 32489 I S3TOUCH : root action=down x=2403 y=1062
09-25 07:29:11.766 32489 32489 I S3TOUCH : monitor action=down consumed=false
09-25 07:29:11.766 32489 32489 I S3TOUCH : pad action=down menu=false
09-25 07:29:12.016 32489 32527 D S3PERF  : crosscheck ui_snapshot_fps=12.0916 ui_snapshot_frametime_ms=95.762
09-25 07:29:12.320 32489 32527 D S3PERF  : crosscheck source=surface presented=2114 json_fps=12.6839 json_frametime_ms=59.41
09-25 07:29:13.240 32489 32527 D S3PERF  : crosscheck ui_snapshot_fps=14.3601 ui_snapshot_frametime_ms=57.211
09-25 07:29:13.520 32489 32489 I S3TOUCH : root action=down x=2478 y=1030
09-25 07:29:13.520 32489 32489 I S3TOUCH : monitor action=down consumed=false
09-25 07:29:13.520 32489 32489 I S3TOUCH : pad action=down menu=false
09-25 07:29:13.543 32489 32527 D S3PERF  : crosscheck source=surface presented=2131 json_fps=14.0698 json_frametime_ms=73.436
09-25 07:29:13.579 32489 32673 E RPCS3   : FIFO error: possible desync event (last cmd = 0x10000)
09-25 07:29:14.341 32489 32675 W RPCS3   : cellVdecQueryAttrEx(type=*0xd00108b0, attr=*0xd00108bc)
09-25 07:29:14.341 32489 32675 W RPCS3   : cellVdecQueryAttr: MPEG2 (profile=3)
09-25 07:29:14.387 32489 32675 W RPCS3   : cellVdecQueryAttrEx(type=*0xd0010750, attr=*0xd001075c)
09-25 07:29:14.388 32489 32675 W RPCS3   : cellVdecQueryAttr: MPEG2 (profile=3)
09-25 07:29:14.388 32489 32675 W RPCS3   : sys_mmapper_map_shared_memory(addr=0x3b700000, mem_id=0x800af00, flags=0x40000)
09-25 07:29:14.388 32489 32675 E RPCS3   : Failed to lock sudo memory (addr=0x3b700000, size=0x100000). Consider increasing your system limits.
09-25 07:29:14.388 32489 32675 W RPCS3   : sys_mmapper_map_shared_memory(addr=0x3b800000, mem_id=0x800b000, flags=0x40000)
09-25 07:29:14.388 32489 32675 E RPCS3   : Failed to lock sudo memory (addr=0x3b800000, size=0x100000). Consider increasing your system limits.
09-25 07:29:14.388 32489 32675 W RPCS3   : sys_mmapper_map_shared_memory(addr=0x3b900000, mem_id=0x800b100, flags=0x40000)
09-25 07:29:14.388 32489 32675 E RPCS3   : Failed to lock sudo memory (addr=0x3b900000, size=0x100000). Consider increasing your system limits.
09-25 07:29:14.388 32489 32675 W RPCS3   : sys_mmapper_map_shared_memory(addr=0x3ba00000, mem_id=0x800b200, flags=0x40000)
09-25 07:29:14.388 32489 32675 E RPCS3   : Failed to lock sudo memory (addr=0x3ba00000, size=0x100000). Consider increasing your system limits.
09-25 07:29:14.388 32489 32675 W RPCS3   : sys_mmapper_map_shared_memory(addr=0x3bb00000, mem_id=0x800b300, flags=0x40000)
09-25 07:29:14.388 32489 32675 E RPCS3   : Failed to lock sudo memory (addr=0x3bb00000, size=0x100000). Consider increasing your system limits.
09-25 07:29:14.388 32489 32675 W RPCS3   : sys_mmapper_map_shared_memory(addr=0x3bc00000, mem_id=0x800b400, flags=0x40000)
09-25 07:29:14.388 32489 32675 E RPCS3   : Failed to lock sudo memory (addr=0x3bc00000, size=0x100000). Consider increasing your system limits.
09-25 07:29:14.388 32489 32675 W RPCS3   : sys_mmapper_map_shared_memory(addr=0x3bd00000, mem_id=0x800b500, flags=0x40000)
09-25 07:29:14.388 32489 32675 E RPCS3   : Failed to lock sudo memory (addr=0x3bd00000, size=0x100000). Consider increasing your system limits.
09-25 07:29:14.388 32489 32675 W RPCS3   : sys_mmapper_map_shared_memory(addr=0x3be00000, mem_id=0x800b600, flags=0x40000)
09-25 07:29:14.388 32489 32675 E RPCS3   : Failed to lock sudo memory (addr=0x3be00000, size=0x100000). Consider increasing your system limits.
09-25 07:29:14.388 32489 32675 W RPCS3   : sys_mmapper_map_shared_memory(addr=0x3bf00000, mem_id=0x800b700, flags=0x40000)
09-25 07:29:14.388 32489 32675 E RPCS3   : Failed to lock sudo memory (addr=0x3bf00000, size=0x100000). Consider increasing your system limits.
09-25 07:29:14.389 32489 32675 W RPCS3   : sys_mmapper_map_shared_memory(addr=0x3c000000, mem_id=0x800b800, flags=0x40000)
09-25 07:29:14.389 32489 32675 E RPCS3   : Failed to lock sudo memory (addr=0x3c000000, size=0x100000). Consider increasing your system limits.
09-25 07:29:14.389 32489 32675 W RPCS3   : sys_mmapper_map_shared_memory(addr=0x3c100000, mem_id=0x800b900, flags=0x40000)
09-25 07:29:14.389 32489 32675 E RPCS3   : Failed to lock sudo memory (addr=0x3c100000, size=0x100000). Consider increasing your system limits.
09-25 07:29:14.389 32489 32675 W RPCS3   : sys_mmapper_map_shared_memory(addr=0x3c200000, mem_id=0x800ba00, flags=0x40000)
09-25 07:29:14.389 32489 32675 E RPCS3   : Failed to lock sudo memory (addr=0x3c200000, size=0x100000). Consider increasing your system limits.
09-25 07:29:14.389 32489 32675 W RPCS3   : sys_mmapper_map_shared_memory(addr=0x3c300000, mem_id=0x800dd00, flags=0x40000)
09-25 07:29:14.389 32489 32675 E RPCS3   : Failed to lock sudo memory (addr=0x3c300000, size=0x100000). Consider increasing your system limits.
09-25 07:29:14.389 32489 32675 W RPCS3   : sys_rsx_context_iomap(context_id=0x55555555, io=0xb700000, ea=0x3b700000, size=0xd00000, flags=0xe000000000000800)
09-25 07:29:14.389 32489 32675 W RPCS3   : sys_rsx_context_iomap(): RSX is not idle while mapping io
09-25 07:29:14.389 32489 32766 D RPCS3   : sys_fs_fcntl(0xc0000006): /dev_bdvd
09-25 07:29:14.393 32489 32766 W RPCS3   : sys_fs_open(path=“/dev_bdvd/PS3_GAME/USRDIR/CINEMATICS/PSDNINT.M2V”, flags=00, fd=*0xd0073a80, mode=00, arg=*0x0, size=0x0)
09-25 07:29:14.393 32489 32766 W RPCS3   : sys_fs_open(): fd=21, Regular file, '/dev_bdvd/PS3_GAME/USRDIR/CINEMATICS/PSDNINT.M2V', Mode: 0x0, Flags: 0x0, Pos/Size: 0/109.444MB (0x0/0x6d71922)
09-25 07:29:14.393 32489 32766 W RPCS3   : sys_fs_fstat(fd=21, sb=*0xd0073c94)
09-25 07:29:14.397 32489 32766 D RPCS3   : sys_fs_fcntl(0xc0000006): /dev_bdvd
09-25 07:29:14.397 32489 32766 W RPCS3   : sys_fs_open(path=“/dev_bdvd/PS3_GAME/USRDIR/CINEMATICS/PSDNINT.TXT”, flags=00, fd=*0xd0073a80, mode=00, arg=*0x0, size=0x0)
09-25 07:29:14.397 32489 32766 E RPCS3   : 'sys_fs_open' failed with 0x80010006 : CELL_ENOENT, “/dev_bdvd/PS3_GAME/USRDIR/CINEMATICS/PSDNINT.TXT” [1]
09-25 07:29:14.435 32489 32489 I S3TOUCH : root action=down x=2451 y=1059
09-25 07:29:14.435 32489 32489 I S3TOUCH : monitor action=down consumed=false
09-25 07:29:14.435 32489 32489 I S3TOUCH : pad action=down menu=false
09-25 07:29:14.457 32489 32527 D S3PERF  : crosscheck ui_snapshot_fps=15.2172 ui_snapshot_frametime_ms=55.08
09-25 07:29:14.454 32489 32489 W DefaultDispatch: type=1400 audit(0.0:6952699): avc:  denied  { search } for  name="zram0" dev="sysfs" ino=107524 scontext=u:r:untrusted_app:s0:c207,c257,c512,c768 tcontext=u:object_r:sysfs_zram:s0 tclass=dir permissive=0 app=com.zenithblue.sambas3
09-25 07:29:14.454 32489 32489 W DefaultDispatch: type=1400 audit(0.0:6952700): avc:  denied  { search } for  name="zram0" dev="sysfs" ino=107524 scontext=u:r:untrusted_app:s0:c207,c257,c512,c768 tcontext=u:object_r:sysfs_zram:s0 tclass=dir permissive=0 app=com.zenithblue.sambas3
09-25 07:29:14.654 32489 32489 I S3TOUCH : root action=down x=2461 y=1062
09-25 07:29:14.654 32489 32489 I S3TOUCH : monitor action=down consumed=false
09-25 07:29:14.654 32489 32489 I S3TOUCH : pad action=down menu=false
09-25 07:29:14.764 32489 32527 D S3PERF  : crosscheck source=surface presented=2150 json_fps=15.443 json_frametime_ms=77.631
09-25 07:29:14.880 32489 32675 W RPCS3   : cellVdecQueryAttrEx(type=*0xd0010954, attr=*0xd0010960)
09-25 07:29:14.880 32489 32675 W RPCS3   : cellVdecQueryAttr: MPEG2 (profile=3)
09-25 07:29:14.880 32489 32675 W RPCS3   : cellVdecOpenEx(type=*0xd0010954, res=*0xd0010980, cb=*0xd001094c, handle=*0x641b7c)
09-25 07:29:14.880 32489 32675 W RPCS3   : cellVdecQueryAttr: MPEG2 (profile=3)
09-25 07:29:14.880 32489 32675 W RPCS3   : _sys_ppu_thread_create(thread_id=*0xd00108c8, param=*0xd00107f0, arg=0xf0000300, unk=0x0, prio=1000, stacksize=0x2000, flags=0x2, threadname=*0xd00108b6)
09-25 07:29:14.880 32489 32675 W RPCS3   : _sys_ppu_thread_create(): Thread "HLE Video Decoder" created (id=0x100002b, func=*0x7f454c46, rtoc=0x2020166, user-tls=0x1000abc0)
09-25 07:29:14.880 32489 32675 W RPCS3   : cellVdecStartSeq(handle=0xf0000300)
09-25 07:29:15.094 32489 32527 D S3PERF  : GPU load [/sys/class/kgsl/kgsl-3d0/gpubusy]: raw='711690 1005454' -> load=70.78294979183534%
09-25 07:29:15.238 32489 32489 W Bundle  : Key battery_low expected Integer but value was a java.lang.Boolean.  The default value 0 was returned.
09-25 07:29:15.238 32489 32489 W Bundle  : Attempt to cast generated internal exception:
09-25 07:29:15.238 32489 32489 W Bundle  : java.lang.ClassCastException: java.lang.Boolean cannot be cast to java.lang.Integer
09-25 07:29:15.238 32489 32489 W Bundle  : 	at android.os.BaseBundle.getInt(BaseBundle.java:1348)
09-25 07:29:15.238 32489 32489 W Bundle  : 	at android.content.Intent.getIntExtra(Intent.java:9617)
09-25 07:29:15.238 32489 32489 W Bundle  : 	at oy0.b0(r8-map-id-17f7c70882317d4204493123240a7bf10e0c883fb95f59a42ca18332ce6a96ad:47)
09-25 07:29:15.238 32489 32489 W Bundle  : 	at qa.onReceive(r8-map-id-17f7c70882317d4204493123240a7bf10e0c883fb95f59a42ca18332ce6a96ad:16)
09-25 07:29:15.238 32489 32489 W Bundle  : 	at android.app.LoadedApk$ReceiverDispatcher$Args.lambda$getRunnable$0(LoadedApk.java:1931)
09-25 07:29:15.238 32489 32489 W Bundle  : 	at android.app.LoadedApk$ReceiverDispatcher$Args.$r8$lambda$mcNAAl1SQ4MyJPyDg8TJ2x2h0Rk(Unknown Source:0)
09-25 07:29:15.238 32489 32489 W Bundle  : 	at android.app.LoadedApk$ReceiverDispatcher$Args$$ExternalSyntheticLambda0.run(D8$$SyntheticClass:0)
09-25 07:29:15.238 32489 32489 W Bundle  : 	at android.os.Handler.handleCallback(Handler.java:1070)
09-25 07:29:15.238 32489 32489 W Bundle  : 	at android.os.Handler.dispatchMessage(Handler.java:125)
09-25 07:29:15.238 32489 32489 W Bundle  : 	at android.os.Looper.dispatchMessage(Looper.java:333)
09-25 07:29:15.238 32489 32489 W Bundle  : 	at android.os.Looper.loopOnce(Looper.java:263)
09-25 07:29:15.238 32489 32489 W Bundle  : 	at android.os.Looper.loop(Looper.java:367)
09-25 07:29:15.238 32489 32489 W Bundle  : 	at android.app.ActivityThread.main(ActivityThread.java:9328)
09-25 07:29:15.238 32489 32489 W Bundle  : 	at java.lang.reflect.Method.invoke(Native Method)
09-25 07:29:15.238 32489 32489 W Bundle  : 	at com.android.internal.os.RuntimeInit$MethodAndArgsCaller.run(RuntimeInit.java:569)
09-25 07:29:15.238 32489 32489 W Bundle  : 	at com.android.internal.os.ZygoteInit.main(ZygoteInit.java:929)
09-25 07:29:15.705 32489 32527 D S3PERF  : crosscheck ui_snapshot_fps=18.1971 ui_snapshot_frametime_ms=61.213
09-25 07:29:16.018 32489 32527 D S3PERF  : crosscheck source=surface presented=2172 json_fps=18.5364 json_frametime_ms=79.042
09-25 07:29:16.548 32489 32673 W RPCS3   : Cached object for address 0x30A80000 was found, but it does not match stored parameters (width=1280 vs 1280; height=720 vs 720; depth=1 vs 0; mipmaps=1 vs 0)
09-25 07:29:16.948 32489 32527 D S3PERF  : crosscheck ui_snapshot_fps=17.1058 ui_snapshot_frametime_ms=86.165
09-25 07:29:17.260 32489 32527 D S3PERF  : crosscheck source=surface presented=2194 json_fps=18.304 json_frametime_ms=29.619
09-25 07:29:18.189 32489 32527 D S3PERF  : crosscheck ui_snapshot_fps=19.2914 ui_snapshot_frametime_ms=57.021
09-25 07:29:18.493 32489 32527 D S3PERF  : crosscheck source=surface presented=2220 json_fps=21.9195 json_frametime_ms=54.234
09-25 07:29:18.636 32489 32630 D RPCS3   : CPU Usage: Total: 82.9%, Cores: 0.0%, 0.0%, 0.0%, 0.0%, 0.0%, 0.0%, 0.0%, 0.0%
09-25 07:29:18.763 32489 32655 D RPCS3   : PPU Syscall Usage Stats:
09-25 07:29:18.763 32489 32655 D RPCS3   : 	⁂ sys_timer_usleep [226690]
09-25 07:29:18.763 32489 32655 D RPCS3   : 	⁂ _sys_lwcond_queue_wait [69833]
09-25 07:29:18.763 32489 32655 D RPCS3   : 	⁂ _sys_lwmutex_lock [66362]
09-25 07:29:18.763 32489 32655 D RPCS3   : 	⁂ _sys_lwmutex_unlock [63330]
09-25 07:29:18.763 32489 32655 D RPCS3   : 	⁂ _sys_lwcond_signal [40347]
09-25 07:29:18.763 32489 32655 D RPCS3   : 	⁂ _sys_lwcond_signal_all [25499]
09-25 07:29:18.763 32489 32655 D RPCS3   : 	⁂ sys_event_queue_receive [22343]
09-25 07:29:18.763 32489 32655 D RPCS3   : 	⁂ sys_time_get_current_time [18595]
09-25 07:29:18.763 32489 32655 D RPCS3   : 	⁂ sys_fs_read [10884]
09-25 07:29:18.763 32489 32655 D RPCS3   : 	⁂ sys_fs_write [9160]
09-25 07:29:18.763 32489 32655 D RPCS3   : 	⁂ sys_event_port_send [7908]
09-25 07:29:18.763 32489 32655 D RPCS3   : 	⁂ sys_event_flag_wait [2552]
09-25 07:29:18.763 32489 32655 D RPCS3   : 	⁂ sys_event_flag_clear [2552]
09-25 07:29:18.763 32489 32655 D RPCS3   : 	⁂ sys_fs_fsync [1527]
09-25 07:29:18.763 32489 32655 D RPCS3   : 	⁂ sys_fs_lseek [1337]
09-25 07:29:18.763 32489 32655 D RPCS3   : 	⁂ sys_mmapper_map_shared_memory [425]
09-25 07:29:18.763 32489 32655 D RPCS3   : 	⁂ sys_fs_fcntl [68]
09-25 07:29:18.763 32489 32655 D RPCS3   : 	⁂ _sys_lwmutex_trylock [58]
09-25 07:29:18.763 32489 32655 D RPCS3   : 	⁂ sys_mutex_lock [50]
09-25 07:29:18.763 32489 32655 D RPCS3   : 	⁂ sys_mutex_unlock [50]
09-25 07:29:18.763 32489 32655 D RPCS3   : 	⁂ sys_time_get_timebase_frequency [48]
09-25 07:29:18.763 32489 32655 D RPCS3   : 	⁂ _sys_ppu_thread_create [43]
09-25 07:29:18.763 32489 32655 D RPCS3   : 	⁂ sys_fs_fstat [42]
09-25 07:29:18.763 32489 32655 D RPCS3   : 	⁂ sys_fs_open [40]
09-25 07:29:18.763 32489 32655 D RPCS3   : 	⁂ sys_rsx_context_iomap [16]
09-25 07:29:18.763 32489 32655 D RPCS3   : 	⁂ _sys_ppu_thread_exit [3]
09-25 07:29:19.425 32489 32527 D S3PERF  : crosscheck ui_snapshot_fps=21.0382 ui_snapshot_frametime_ms=40.993
09-25 07:29:19.729 32489 32527 D S3PERF  : crosscheck source=surface presented=2245 json_fps=20.0931 json_frametime_ms=41.145
09-25 07:29:19.759 32489 32489 I S3TOUCH : root action=down x=2393 y=1025
09-25 07:29:19.759 32489 32489 I S3TOUCH : monitor action=down consumed=false
09-25 07:29:19.759 32489 32489 I S3TOUCH : pad action=down menu=false
09-25 07:29:20.646 32489 32527 D S3PERF  : crosscheck ui_snapshot_fps=21.0462 ui_snapshot_frametime_ms=52.808
09-25 07:29:20.956 32489 32527 D S3PERF  : crosscheck source=surface presented=2270 json_fps=20.8735 json_frametime_ms=48.633
09-25 07:29:21.191 32489 32673 W RPCS3   : Cached object for address 0x30A80000 was found, but it does not match stored parameters (width=1280 vs 1280; height=720 vs 720; depth=1 vs 0; mipmaps=1 vs 0)
09-25 07:29:21.240 32489 32673 W RPCS3   : Cached object for address 0x30A80000 was found, but it does not match stored parameters (width=1280 vs 1280; height=720 vs 720; depth=1 vs 0; mipmaps=1 vs 0)
09-25 07:29:21.876 32489 32527 D S3PERF  : crosscheck ui_snapshot_fps=18.5737 ui_snapshot_frametime_ms=73.807
09-25 07:29:22.183 32489 32527 D S3PERF  : crosscheck source=surface presented=2293 json_fps=19.5684 json_frametime_ms=46.409
09-25 07:29:23.105 32489 32527 D S3PERF  : crosscheck ui_snapshot_fps=18.2198 ui_snapshot_frametime_ms=53.763
09-25 07:29:23.102 32489 32489 W DefaultDispatch: type=1400 audit(0.0:6952701): avc:  denied  { search } for  name="zram0" dev="sysfs" ino=107524 scontext=u:r:untrusted_app:s0:c207,c257,c512,c768 tcontext=u:object_r:sysfs_zram:s0 tclass=dir permissive=0 app=com.zenithblue.sambas3
09-25 07:29:23.102 32489 32489 W DefaultDispatch: type=1400 audit(0.0:6952702): avc:  denied  { search } for  name="zram0" dev="sysfs" ino=107524 scontext=u:r:untrusted_app:s0:c207,c257,c512,c768 tcontext=u:object_r:sysfs_zram:s0 tclass=dir permissive=0 app=com.zenithblue.sambas3
09-25 07:29:23.135 32489 32489 W DebugPad: BUTTON SQUARE d1=0 d2=128 press 120ms request_id=s3-1790301563124190743-1826485-27865
09-25 07:29:23.256 32489 32489 W DebugPad: BUTTON SQUARE release request_id=s3-1790301563124190743-1826485-27865
09-25 07:29:23.409 32489 32527 D S3PERF  : crosscheck source=surface presented=2314 json_fps=16.7792 json_frametime_ms=79.213
09-25 07:29:23.939 32489   504 E RPCS3   : Video au decode has been waiting for a consumer for 5 seconds. (handle=0xf0000300, seq_id=1, cmd_id=63, queue_size=61)
09-25 07:29:23.961 32489 32489 I S3TOUCH : root action=down x=2394 y=1045
09-25 07:29:23.961 32489 32489 I S3TOUCH : monitor action=down consumed=false
09-25 07:29:23.961 32489 32489 I S3TOUCH : pad action=down menu=false
09-25 07:29:24.332 32489 32527 D S3PERF  : crosscheck ui_snapshot_fps=17.3135 ui_snapshot_frametime_ms=43.88
09-25 07:29:24.649 32489 32527 D S3PERF  : crosscheck source=surface presented=2336 json_fps=17.799 json_frametime_ms=45.942
09-25 07:29:24.677 32489 32489 I S3TOUCH : root action=down x=2393 y=1040
09-25 07:29:24.677 32489 32489 I S3TOUCH : monitor action=down consumed=false
09-25 07:29:24.678 32489 32489 I S3TOUCH : pad action=down menu=false
09-25 07:29:25.522 32489 32489 I S3TOUCH : root action=down x=2395 y=1018
09-25 07:29:25.522 32489 32489 I S3TOUCH : monitor action=down consumed=false
09-25 07:29:25.522 32489 32489 I S3TOUCH : pad action=down menu=false
09-25 07:29:25.572 32489 32527 D S3PERF  : crosscheck ui_snapshot_fps=16.187 ui_snapshot_frametime_ms=73.065
09-25 07:29:25.876 32489 32527 D S3PERF  : crosscheck source=surface presented=2355 json_fps=15.7302 json_frametime_ms=67.142
09-25 07:29:26.184 32489 32527 D S3PERF  : GPU load [/sys/class/kgsl/kgsl-3d0/gpubusy]: raw='655993 1003680' -> load=65.35877969073809%
09-25 07:29:26.805 32489 32527 D S3PERF  : crosscheck ui_snapshot_fps=15.0514 ui_snapshot_frametime_ms=67.403
09-25 07:29:27.110 32489 32527 D S3PERF  : crosscheck source=surface presented=2374 json_fps=15.6645 json_frametime_ms=64.399
09-25 07:29:27.284 32489 32489 I S3TOUCH : root action=down x=2381 y=1019
09-25 07:29:27.284 32489 32489 I S3TOUCH : monitor action=down consumed=false
09-25 07:29:27.285 32489 32489 I S3TOUCH : pad action=down menu=false
09-25 07:29:28.041 32489 32527 D S3PERF  : crosscheck ui_snapshot_fps=14.045 ui_snapshot_frametime_ms=104.786
09-25 07:29:28.349 32489 32489 I S3TOUCH : root action=down x=2398 y=1035
09-25 07:29:28.349 32489 32489 I S3TOUCH : monitor action=down consumed=false
09-25 07:29:28.349 32489 32489 I S3TOUCH : pad action=down menu=false
09-25 07:29:28.359 32489 32527 D S3PERF  : crosscheck source=surface presented=2392 json_fps=14.101 json_frametime_ms=90.325
09-25 07:29:28.637 32489 32630 D RPCS3   : CPU Usage: Total: 74.1%, Cores: 0.0%, 0.0%, 0.0%, 0.0%, 0.0%, 0.0%, 0.0%, 0.0%
09-25 07:29:28.763 32489 32655 D RPCS3   : PPU Syscall Usage Stats:
09-25 07:29:28.763 32489 32655 D RPCS3   : 	⁂ sys_timer_usleep [244556]
09-25 07:29:28.763 32489 32655 D RPCS3   : 	⁂ _sys_lwcond_queue_wait [87331]
09-25 07:29:28.763 32489 32655 D RPCS3   : 	⁂ _sys_lwmutex_lock [83653]
09-25 07:29:28.763 32489 32655 D RPCS3   : 	⁂ _sys_lwmutex_unlock [80256]
09-25 07:29:28.763 32489 32655 D RPCS3   : 	⁂ _sys_lwcond_signal [51608]
09-25 07:29:28.763 32489 32655 D RPCS3   : 	⁂ _sys_lwcond_signal_all [33016]
09-25 07:29:28.763 32489 32655 D RPCS3   : 	⁂ sys_event_queue_receive [26311]
09-25 07:29:28.763 32489 32655 D RPCS3   : 	⁂ sys_time_get_current_time [21964]
09-25 07:29:28.763 32489 32655 D RPCS3   : 	⁂ sys_fs_read [13608]
09-25 07:29:28.763 32489 32655 D RPCS3   : 	⁂ sys_fs_write [11554]
09-25 07:29:28.763 32489 32655 D RPCS3   : 	⁂ sys_event_port_send [9174]
09-25 07:29:28.763 32489 32655 D RPCS3   : 	⁂ sys_event_flag_wait [2781]
09-25 07:29:28.763 32489 32655 D RPCS3   : 	⁂ sys_event_flag_clear [2781]
09-25 07:29:28.763 32489 32655 D RPCS3   : 	⁂ sys_fs_fsync [1926]
09-25 07:29:28.763 32489 32655 D RPCS3   : 	⁂ sys_fs_lseek [1702]
09-25 07:29:28.763 32489 32655 D RPCS3   : 	⁂ _sys_lwmutex_trylock [79]
09-25 07:29:29.067 32489   504 E RPCS3   : Video au decode has been waiting for a consumer for 5 seconds. (handle=0xf0000300, seq_id=1, cmd_id=63, queue_size=61)
09-25 07:29:29.357 32489 32673 E RPCS3   : FIFO error: possible desync event (last cmd = 0xc852a421)
09-25 07:29:29.792 32489 32527 D S3PERF  : crosscheck ui_snapshot_fps=15.211 ui_snapshot_frametime_ms=166.249
09-25 07:29:30.098 32489 32527 D S3PERF  : crosscheck source=surface presented=2418 json_fps=14.3767 json_frametime_ms=45.674
09-25 07:29:30.296 32489 32673 W RPCS3   : Cached object for address 0xC7ACDA80 was found, but it does not match stored parameters (width=128 vs 64; height=64 vs 64; depth=1 vs 1; mipmaps=5 vs 5)
09-25 07:29:30.442 32489 32673 D RPCS3   : Add program (vp id = 229, fp id = 383)
09-25 07:29:30.443 32489 32670 W libc    : Access denied finding property "vendor.mesa.spirv.dump.path"
09-25 07:29:30.443 32489 32670 W libc    : Access denied finding property "vendor.mesa.spirv.read.path"
09-25 07:29:30.493 32489 32675 D RPCS3   : sys_tty_write(ch=0, buf=*0x58bf20, len=63, pwritelen=*0xd000fde0)
09-25 07:29:30.495 32489 32675 D RPCS3   : PPU[0x1000000] main_thread's thread context:
09-25 07:29:30.495 32489 32675 D RPCS3   : Type: PPU; State: 0x72705febbc[w|t|p|s|a|sig|mem|pend-re|y|PREEMPT|G-PAUSE|PAUSE|STEP|0x12|0x13|0x14|0x16|0x1c|0x1d|0x1e|0x21|0x24|0x25|0x26]
09-25 07:29:30.495 32489 32675 D RPCS3   : Priority: 1000
09-25 07:29:30.495 32489 32675 D RPCS3   : Stack: 0xd0001000..0xd0010fff
09-25 07:29:30.495 32489 32675 D RPCS3   : Joiner: detached
09-25 07:29:30.495 32489 32675 D RPCS3   : In function: sys_tty_write
09-25 07:29:30.495 32489 32675 D RPCS3   : 
09-25 07:29:30.495 32489 32675 D RPCS3   : 
09-25 07:29:30.495 32489 32675 D RPCS3   : r0 : 0x0
09-25 07:29:30.495 32489 32675 D RPCS3   : r1 : 0xd000fd70 -> 00 00 00 00 d0 00 fe 10
09-25 07:29:30.495 32489 32675 D RPCS3   : r2 : 0x52d6c8   -> e6 4c a6 d7 28 8a c4 d8
09-25 07:29:30.495 32489 32675 D RPCS3   : r3 : 0x0
09-25 07:29:30.495 32489 32675 D RPCS3   : r4 : 0x58bf20   -> "BATCHJOB: AddJob: waiting for ro"
09-25 07:29:30.495 32489 32675 D RPCS3   : r5 : 0x3f
09-25 07:29:30.495 32489 32675 D RPCS3   : r6 : 0xd000fde0 -> 35 8e d1 80 00 00 17 80
09-25 07:29:30.495 32489 32675 D RPCS3   : r7 : 0x0
09-25 07:29:30.495 32489 32675 D RPCS3   : r8 : 0x0
09-25 07:29:30.495 32489 32675 D RPCS3   : r9 : 0x58bf20   -> "BATCHJOB: AddJob: waiting for ro"
09-25 07:29:30.495 32489 32675 D RPCS3   : r10: 0x0
09-25 07:29:30.495 32489 32675 D RPCS3   : r11© 0x193
09-25 07:29:30.495 32489 32675 D RPCS3   : r12: 0x8d02e8   -> func(at=0x8b4ee4, toc=0x8d8ab0)
09-25 07:29:30.495 32489 32675 D RPCS3   : r13: 0x10007060 -> 00 00 00 00 00 00 00 00
09-25 07:29:30.495 32489 32675 D RPCS3   : r14: 0x0
09-25 07:29:30.495 32489 32675 D RPCS3   : r15: 0x0
09-25 07:29:30.495 32489 32675 D RPCS3   : r16: 0x0
09-25 07:29:30.495 32489 32675 D RPCS3   : r17: 0x0
09-25 07:29:30.495 32489 32675 D RPCS3   : r18: 0x358ea22c -> 00 50 2a 58 35 8d 20 38
09-25 07:29:30.495 32489 32675 D RPCS3   : r19: 0x358ea22c -> 00 50 2a 58 35 8d 20 38
09-25 07:29:30.495 32489 32675 D RPCS3   : r20: 0x1
09-25 07:29:30.495 32489 32675 D RPCS3   : r21: 0x0
09-25 07:29:30.495 32489 32675 D RPCS3   : r22: 0x4
09-25 07:29:30.495 32489 32675 D RPCS3   : r23: 0x1
09-25 07:29:30.495 32489 32675 D RPCS3   : r24: 0x542f90   -> 64 02 01 00 00 01 00 00
09-25 07:29:30.495 32489 32675 D RPCS3   : r25: 0x3e9acf   -> 0a 00 00 00 00 00 00 00
09-25 07:29:30.495 32489 32675 D RPCS3   : r26: 0x3e9ad0   -> 00 00 00 00 00 00 00 00
09-25 07:29:30.495 32489 32675 D RPCS3   : r27: 0x3e9acc   -> cmpdi cr4,r14,0x2e0a
09-25 07:29:30.495 32489 32675 D RPCS3   : r28: 0x0
09-25 07:29:30.495 32489 32675 D RPCS3   : r29: 0x3f
09-25 07:29:30.495 32489 32675 D RPCS3   : r30: 0x542f90   -> 64 02 01 00 00 01 00 00
09-25 07:29:30.495 32489 32675 D RPCS3   : r31: 0x58bf20   -> "BATCHJOB: AddJob: waiting for ro"
09-25 07:29:30.495 32489 32675 D RPCS3   : CR: 0x48002082, CR7: [LT=0 GT=0 EQ=1 SO=0]
09-25 07:29:30.495 32489 32675 D RPCS3   : f0 : 0.642617     [0x3fe4905100000000] (f32=0x3f248288)
09-25 07:29:30.495 32489 32675 D RPCS3   : f1 : 5            [0x4014000000000000] (f32=0x40a00000)
09-25 07:29:30.495 32489 32675 D RPCS3   : f2 : 1            [0x3ff0000000000000] (f32=0x3f800000)
09-25 07:29:30.495 32489 32675 D RPCS3   : f3 : 0.975309     [0x3fef35ba80000000] (f32=0x3f79add4)
09-25 07:29:30.495 32489 32675 D RPCS3   : f4 : 0.22         [0x3fcc28f5c0000000] (f32=0x3e6147ae)
09-25 07:29:30.495 32489 32675 D RPCS3   : f5 : 1            [0x3ff0000000000000] (f32=0x3f800000)
09-25 07:29:30.495 32489 32675 D RPCS3   : f6 : 0            [                  ] (f32=0x0)
09-25 07:29:30.495 32489 32675 D RPCS3   : f7 : -720         [0xc086800000000000] (f32=0xc4340000)
09-25 07:29:30.495 32489 32675 D RPCS3   : f8 : -360         [0xc076800000000000] (f32=0xc3b40000)
09-25 07:29:30.495 32489 32675 D RPCS3   : f9 : 0            [                  ] (f32=0x0)
09-25 07:29:30.495 32489 32675 D RPCS3   : f10: 360          [0x4076800000000000] (f32=0x43b40000)
09-25 07:29:30.495 32489 32675 D RPCS3   : f11: 2.47033E-323 [0x0000000000000005] (f32=0x0)
09-25 07:29:30.495 32489 32675 D RPCS3   : f12: 9.22337E+18  [0x43e0000000000000] (f32=0x5f000000)
09-25 07:29:30.495 32489 32675 D RPCS3   : f13: 0            [                  ] (f32=0x0)
09-25 07:29:30.495 32489 32675 D RPCS3   : f14: 0            [                  ] (f32=0x0)
09-25 07:29:30.495 32489 32675 D RPCS3   : f15: 0            [                  ] (f32=0x0)
09-25 07:29:30.495 32489 32675 D RPCS3   : f16: 0            [                  ] (f32=0x0)
09-25 07:29:30.495 32489 32675 D RPCS3   : f17: 0            [                  ] (f32=0x0)
09-25 07:29:30.495 32489 32675 D RPCS3   : f18: 0            [                  ] (f32=0x0)
09-25 07:29:30.495 32489 32675 D RPCS3   : f19: 0            [                  ] (f32=0x0)
09-25 07:29:30.495 32489 32675 D RPCS3   : f20: 0            [                  ] (f32=0x0)
09-25 07:29:30.495 32489 32675 D RPCS3   : f21: 0            [                  ] (f32=0x0)
09-25 07:29:30.495 32489 32675 D RPCS3   : f22: 0            [                  ] (f32=0x0)
09-25 07:29:30.495 32489 32675 D RPCS3   : f23: 0            [                  ] (f32=0x0)
09-25 07:29:30.495 32489 32675 D RPCS3   : f24: 0            [                  ] (f32=0x0)
09-25 07:29:30.495 32489 32675 D RPCS3   : f25: 0            [                  ] (f32=0x0)
09-25 07:29:30.495 32489 32675 D RPCS3   : f26: 0            [                  ] (f32=0x0)
09-25 07:29:30.495 32489 32675 D RPCS3   : f27: 0            [                  ] (f32=0x0)
09-25 07:29:30.495 32489 32675 D RPCS3   : f28: 0            [                  ] (f32=0x0)
09-25 07:29:30.495 32489 32675 D RPCS3   : f29: 0            [                  ] (f32=0x0)
09-25 07:29:30.495 32489 32675 D RPCS3   : f30: 0            [                  ] (f32=0x0)
09-25 07:29:30.495 32489 32675 D RPCS3   : f31: 1            [0x3ff0000000000000] (f32=0x3f800000)
09-25 07:29:30.495 32489 32675 D RPCS3   : v0 : 00061170 00002780 35a18a80 00041a80 [x: 5.57268e-40 y: 1.41699e-41 z: 1.20357e-06 w: 3.76848e-40]
09-25 07:29:30.495 32489 32675 D RPCS3   : v1 : 00000000 00000000 00000000 3f800000 [x: 0 y: 0 z: 0 w: 1]
09-25 07:29:30.495 32489 32675 D RPCS3   : v2 : 3f800000 [x: 1]
09-25 07:29:30.495 32489 32675 D RPCS3   : v3 : 10111213 04050607 08090a0b 0c0d0e0f [x: 2.86101e-29 y: 1.56368e-36 z: 4.12387e-34 w: 1.08665e-31]
09-25 07:29:30.495 32489 32675 D RPCS3   : v4 : bf96c48d c1271f97 c1762899 3f7ffffe [x: -1.17787 y: -10.4452 z: -15.3849 w: 1]
09-25 07:29:30.495 32489 32675 D RPCS3   : v5 : 00000000 00000000 00000000 ffffffff [x: 0 y: 0 z: 0 w: -nan]
09-25 07:29:30.495 32489 32675 D RPCS3   : v6 : 408e36a7 00000000 00000000 00000000 [x: 4.44417 y: 0 z: 0 w: 0]
09-25 07:29:30.495 32489 32675 D RPCS3   : v7 : 4091745d 80000000 3f4ccccd 3e4ccccd [x: 4.54545 y: -0 z: 0.8 w: 0.2]
09-25 07:29:30.495 32489 32675 D RPCS3   : v8 : 00000000 ffffffff 00000000 00000000 [x: 0 y: -nan z: 0 w: 0]
09-25 07:29:30.495 32489 32675 D RPCS3   : v9 : 3f800000 [x: 1]
09-25 07:29:30.495 32489 32675 D RPCS3   : v10: 00000000 00000000 00000000 3f800000 [x: 0 y: 0 z: 0 w: 1]
09-25 07:29:30.495 32489 32675 D RPCS3   : v11: 00000000 [x: 0]
09-25 07:29:30.495 32489 32675 D RPCS3   : v12: 00000000 00000000 3f800000 00000000 [x: 0 y: 0 z: 1 w: 0]
09-25 07:29:30.495 32489 32675 D RPCS3   : v13: 00000000 3f800000 00000000 00000000 [x: 0 y: 1 z: 0 w: 0]
09-25 07:29:30.495 32489 32675 D RPCS3   : v14: 00000000 00000000 40300a03 00000000 [x: 0 y: 0 z: 2.75061 w: 0]
09-25 07:29:30.495 32489 32675 D RPCS3   : v15: 3c15b8c8 bdbeda4b 3f187be7 00000000 [x: 0.00913829 y: -0.0931898 z: 0.595641 w: 0]
09-25 07:29:30.495 32489 32675 D RPCS3   : v16: 00000000 [x: 0]
09-25 07:29:30.495 32489 32675 D RPCS3   : v17: bf800000 [x: -1]
09-25 07:29:30.495 32489 32675 D RPCS3   : v18: bf9f95af c0977304 bfaa74e6 00000000 [x: -1.24676 y: -4.73279 z: -1.33169 w: 0]
09-25 07:29:30.495 32489 32675 D RPCS3   : v19: bd059980 c0a233b6 be3a8ad4 00000000 [x: -0.0326171 y: -5.06881 z: -0.18217 w: 0]
09-25 07:29:30.495 32489 32675 D RPCS3   : v20: 00000000 [x: 0]
09-25 07:29:30.495 32489 32675 D RPCS3   : v21: 00000000 [x: 0]
09-25 07:29:30.495 32489 32675 D RPCS3   : v22: 00000000 [x: 0]
09-25 07:29:30.495 32489 32675 D RPCS3   : v23: 00000000 [x: 0]
09-25 07:29:30.495 32489 32675 D RPCS3   : v24: 00000000 [x: 0]
09-25 07:29:30.495 32489 32675 D RPCS3   : v25: 00000000 [x: 0]
09-25 07:29:30.495 32489 32675 D RPCS3   : v26: 00000000 [x: 0]
09-25 07:29:30.495 32489 32675 D RPCS3   : v27: 00000000 [x: 0]
09-25 07:29:30.495 32489 32675 D RPCS3   : v28: 00000000 [x: 0]
09-25 07:29:30.495 32489 32675 D RPCS3   : v29: 00000000 [x: 0]
09-25 07:29:30.495 32489 32675 D RPCS3   : v30: 00000000 [x: 0]
09-25 07:29:30.495 32489 32675 D RPCS3   : v31: 00000000 [x: 0]
09-25 07:29:30.495 32489 32675 D RPCS3   : CIA: 0x336084
09-25 07:29:30.495 32489 32675 D RPCS3   : LR: 0x32ab28
09-25 07:29:30.495 32489 32675 D RPCS3   : CTR: 0x8b4ee4
09-25 07:29:30.495 32489 32675 D RPCS3   : VRSAVE: 0xffffffff
09-25 07:29:30.495 32489 32675 D RPCS3   : XER: [CA=1 | OV=0 | SO=0 | CNT=0]
09-25 07:29:30.495 32489 32675 D RPCS3   : VSCR: [SAT=505294527200 | NJ=1]
09-25 07:29:30.495 32489 32675 D RPCS3   : FPSCR: [FL=1 | FG=0 | FE=0 | FU=0]
09-25 07:29:30.495 32489 32675 D RPCS3   : Reservation Addr: none
09-25 07:29:30.495 32489 32675 D RPCS3   : Reservation Data (entire cache line):
09-25 07:29:30.495 32489 32675 D RPCS3   : [0x00] 3189b080 31c402e4 ffffffff 00000000
09-25 07:29:30.495 32489 32675 D RPCS3   : [0x10] 00000000 00000000 00000000 00000112
09-25 07:29:30.495 32489 32675 D RPCS3   : [0x20] 00000000 00000000 00000000 00000012
09-25 07:29:30.495 32489 32675 D RPCS3   : [0x30] 08000000 00000000 00000000 00000012
09-25 07:29:30.495 32489 32675 D RPCS3   : [0x40] 00000000 00000000 00000000 00000012
09-25 07:29:30.495 32489 32675 D RPCS3   : [0x50] 01000000 00000000 01000000 00000000
09-25 07:29:30.495 32489 32675 D RPCS3   : [0x60] 01000000 00000000 3038c800 00000000
09-25 07:29:30.495 32489 32675 D RPCS3   : [0x70] 00018004 00000000 00000168 31cf39f0
09-25 07:29:30.495 32489 32675 D RPCS3   : 
09-25 07:29:30.495 32489 32675 D RPCS3   : Call stack:
09-25 07:29:30.495 32489 32675 D RPCS3   : =========
09-25 07:29:30.495 32489 32675 D RPCS3   : 0x00336084 (0x0) called
09-25 07:29:30.495 32489 32675 D RPCS3   : > from 0x0032ab28 (sp=0xd000fe10)
09-25 07:29:30.495 32489 32675 D RPCS3   : > from 0x0032b084 (sp=0xd000fea0)
09-25 07:29:30.495 32489 32675 D RPCS3   : > from 0x003331ec (sp=0xd000ff60)
09-25 07:29:30.495 32489 32675 D RPCS3   : > from 0x00333c10 (sp=0xd000fff0)
09-25 07:29:30.495 32489 32675 D RPCS3   : > from 0x0033318c (sp=0xd0010150)
09-25 07:29:30.495 32489 32675 D RPCS3   : > from 0x002e5cc4 (sp=0xd00101f0)
09-25 07:29:30.495 32489 32675 D RPCS3   : > from 0x002bf6bc (sp=0xd00102c0)
09-25 07:29:30.495 32489 32675 D RPCS3   : > from 0x001a77e8 (sp=0xd0010350)
09-25 07:29:30.495 32489 32675 D RPCS3   : > from 0x001a6070 (sp=0xd00104d0)
09-25 07:29:30.495 32489 32675 D RPCS3   : > from 0x0019a0ac (sp=0xd00107b0)
09-25 07:29:30.495 32489 32675 D RPCS3   : > from 0x001aad74 (sp=0xd0010830)
09-25 07:29:30.495 32489 32675 D RPCS3   : > from 0x00260394 (sp=0xd00108c0)
09-25 07:29:30.495 32489 32675 D RPCS3   : > from 0x001aa9ec (sp=0xd0010990)
09-25 07:29:30.495 32489 32675 D RPCS3   : > from 0x00262700 (sp=0xd0010a20)
09-25 07:29:30.495 32489 32675 D RPCS3   : > from 0x0026281c (sp=0xd0010ac0)
09-25 07:29:30.495 32489 32675 D RPCS3   : > from 0x001b4b2c (sp=0xd0010b40)
09-25 07:29:30.495 32489 32675 D RPCS3   : > from 0x000ed64c (sp=0xd0010be0)
09-25 07:29:30.495 32489 32675 D RPCS3   : > from 0x000104d8 (sp=0xd0010c60)
09-25 07:29:30.495 32489 32675 D RPCS3   : > from 0x00010250 (sp=0xd0010d00)
09-25 07:29:30.495 32489 32675 D RPCS3   : 
09-25 07:29:30.495 32489 32675 D RPCS3   : [00336034]  2f 83 00 00: cmpwi      cr7,r3,0
09-25 07:29:30.495 32489 32675 D RPCS3   : [00336038]  7c 7d 1b 78: mr         r29,r3
09-25 07:29:30.495 32489 32675 D RPCS3   : [0033603c]  40 de 00 c0: bne-       cr7,0x3360fc 
09-25 07:29:30.495 32489 32675 D RPCS3   : [00336040]  80 a1 00 7c: lwz        r5,0x7c(r1)
09-25 07:29:30.495 32489 32675 D RPCS3   : [00336044]  e8 01 00 b0: ld         r0,0xb0(r1)
09-25 07:29:30.495 32489 32675 D RPCS3   : [00336048]  7c a3 07 b4: extsw      r3,r5
09-25 07:29:30.495 32489 32675 D RPCS3   : [0033604c]  eb a1 00 88: ld         r29,0x88(r1)
09-25 07:29:30.495 32489 32675 D RPCS3   : [00336050]  eb e1 00 98: ld         r31,0x98(r1)
09-25 07:29:30.495 32489 32675 D RPCS3   : [00336054]  7c 08 03 a6: mtlr       r0
09-25 07:29:30.495 32489 32675 D RPCS3   : [00336058]  38 21 00 a0: addi       r1,0xa0(r1)
09-25 07:29:30.495 32489 32675 D RPCS3   : [0033605c]  4e 80 00 20: blr
09-25 07:29:30.495 32489 32675 D RPCS3   : [00336060]  2f 84 00 00: cmpwi      cr7,r4,0
09-25 07:29:30.495 32489 32675 D RPCS3   : [00336064]  41 de 00 ac: beq-       cr7,0x336110 
09-25 07:29:30.495 32489 32675 D RPCS3   : [00336068]  2f 83 00 01: cmpwi      cr7,r3,1
09-25 07:29:30.495 32489 32675 D RPCS3   : [0033606c]  41 9e 00 40: beq        cr7,0x3360ac 
09-25 07:29:30.495 32489 32675 D RPCS3   : [00336070]  78 84 00 20: clrldi     r4,r4,32
09-25 07:29:30.495 32489 32675 D RPCS3   : [00336074]  38 60 00 01: li         r3,1
09-25 07:29:30.495 32489 32675 D RPCS3   : [00336078]  7b a5 00 20: clrldi     r5,r29,32
09-25 07:29:30.495 32489 32675 D RPCS3   : [0033607c]  38 c1 00 70: addi       r6,0x70(r1)
09-25 07:29:30.495 32489 32675 D RPCS3   : [00336080]  39 60 01 93: li         r11,0x193
09-25 07:29:30.495 32489 32675 D RPCS3   : [00336084]  44 00 00 02: sc         #sys_tty_write
09-25 07:29:30.495 32489 32675 D RPCS3   : [00336088]  2f 83 00 00: cmpwi      cr7,r3,0
09-25 07:29:30.495 32489 32675 D RPCS3   : [0033608c]  7c 7f 1b 78: mr         r31,r3
09-25 07:29:30.495 32489 32675 D RPCS3   : [00336090]  7f a5 eb 78: mr         r5,r29
09-25 07:29:30.495 32489 32675 D RPCS3   : [00336094]  41 fe ff b0: beq+       cr7,0x336044 
09-25 07:29:30.495 32489 32675 D RPCS3   : [00336098]  4b ff 48 01: bl         0x32a898
09-25 07:29:30.495 32489 32675 D RPCS3   : [0033609c]  60 00 00 00: nop
09-25 07:29:30.495 32489 32675 D RPCS3   : [003360a0]  38 a0 ff ff: li         r5,-1
09-25 07:29:30.495 32489 32675 D RPCS3   : [003360a4]  93 e3 00 00: stw        r31,0(r3)
09-25 07:29:30.495 32489 32675 D RPCS3   : [003360a8]  4b ff ff 9c: b          0x336044
09-25 07:29:30.495 32489 32675 D RPCS3   : sys_tty_write(): “BATCHJOB: AddJob: waiting for room in job list 3 for job 56...“ << endl
09-25 07:29:30.505 32489 32670 W libc    : Access denied finding property "vendor.mesa.spirv.dump.path"
09-25 07:29:30.505 32489 32670 W libc    : Access denied finding property "vendor.mesa.spirv.read.path"
09-25 07:29:30.587 32489 32675 D RPCS3   : sys_tty_write(ch=0, buf=*0x58bf20, len=63, pwritelen=*0xd000fde0)
09-25 07:29:30.587 32489 32675 D RPCS3   : sys_tty_write(): “BATCHJOB: AddJob: waiting for room in job list 3 for job 56...“ << endl
09-25 07:29:30.688 32489 32675 D RPCS3   : sys_tty_write(ch=0, buf=*0x58bf20, len=63, pwritelen=*0xd000fde0)
09-25 07:29:30.688 32489 32675 D RPCS3   : sys_tty_write(): “BATCHJOB: AddJob: waiting for room in job list 3 for job 56...“ << endl
09-25 07:29:30.754 32489 32675 D RPCS3   : sys_tty_write(ch=0, buf=*0x58bf20, len=63, pwritelen=*0xd000fde0)
09-25 07:29:30.754 32489 32675 D RPCS3   : sys_tty_write(): “BATCHJOB: AddJob: waiting for room in job list 3 for job 56...“ << endl
09-25 07:29:30.818 32489 32670 I RPCS3   : Program compiled successfully
09-25 07:29:30.917 32489 32675 D RPCS3   : sys_tty_write(ch=0, buf=*0x58bf20, len=63, pwritelen=*0xd000fde0)
09-25 07:29:30.917 32489 32675 D RPCS3   : sys_tty_write(): “BATCHJOB: AddJob: waiting for room in job list 3 for job 56...“ << endl
09-25 07:29:31.026 32489 32527 D S3PERF  : crosscheck ui_snapshot_fps=14.6878 ui_snapshot_frametime_ms=53.754
09-25 07:29:31.330 32489 32527 D S3PERF  : crosscheck source=surface presented=2435 json_fps=13.3363 json_frametime_ms=81.41
09-25 07:29:31.462 32489 32489 I S3TOUCH : root action=down x=2404 y=1063
09-25 07:29:31.463 32489 32489 I S3TOUCH : monitor action=down consumed=false
09-25 07:29:31.463 32489 32489 I S3TOUCH : pad action=down menu=false
09-25 07:29:31.630 32489 32675 D RPCS3   : sys_tty_write(ch=0, buf=*0x58bf20, len=63, pwritelen=*0xd000fde0)
09-25 07:29:31.630 32489 32675 D RPCS3   : sys_tty_write(): “BATCHJOB: AddJob: waiting for room in job list 3 for job 56...“ << endl
09-25 07:29:31.715 32489 32675 D RPCS3   : sys_tty_write(ch=0, buf=*0x58bf20, len=63, pwritelen=*0xd000fde0)
09-25 07:29:31.716 32489 32675 D RPCS3   : sys_tty_write(): “BATCHJOB: AddJob: waiting for room in job list 3 for job 56...“ << endl
09-25 07:29:31.936 32489 32675 D RPCS3   : sys_tty_write(ch=0, buf=*0x58bf20, len=63, pwritelen=*0xd000fde0)
09-25 07:29:31.936 32489 32675 D RPCS3   : sys_tty_write(): “BATCHJOB: AddJob: waiting for room in job list 3 for job 56...“ << endl
09-25 07:29:32.016 32489 32675 D RPCS3   : sys_tty_write(ch=0, buf=*0x58bf20, len=63, pwritelen=*0xd000fde0)
09-25 07:29:32.016 32489 32675 D RPCS3   : sys_tty_write(): “BATCHJOB: AddJob: waiting for room in job list 3 for job 56...“ << endl
09-25 07:29:32.261 32489 32527 D S3PERF  : crosscheck ui_snapshot_fps=13.2024 ui_snapshot_frametime_ms=57.595
09-25 07:29:32.258 32489 32489 W DefaultDispatch: type=1400 audit(0.0:6952703): avc:  denied  { search } for  name="zram0" dev="sysfs" ino=107524 scontext=u:r:untrusted_app:s0:c207,c257,c512,c768 tcontext=u:object_r:sysfs_zram:s0 tclass=dir permissive=0 app=com.zenithblue.sambas3
09-25 07:29:32.258 32489 32489 W DefaultDispatch: type=1400 audit(0.0:6952704): avc:  denied  { search } for  name="zram0" dev="sysfs" ino=107524 scontext=u:r:untrusted_app:s0:c207,c257,c512,c768 tcontext=u:object_r:sysfs_zram:s0 tclass=dir permissive=0 app=com.zenithblue.sambas3
09-25 07:29:32.273 32489 32489 W DebugPad: BUTTON SQUARE d1=0 d2=128 press 120ms request_id=s3-1790301572240572691-1826765-24825
09-25 07:29:32.383 32489 32673 W RPCS3   : Cached object for address 0xC7A6D900 was found, but it does not match stored parameters (width=128 vs 64; height=64 vs 64; depth=1 vs 1; mipmaps=5 vs 5)
09-25 07:29:32.399 32489 32489 W DebugPad: BUTTON SQUARE release request_id=s3-1790301572240572691-1826765-24825
09-25 07:29:32.567 32489 32527 D S3PERF  : crosscheck source=surface presented=2450 json_fps=12.6781 json_frametime_ms=117.477
09-25 07:29:32.648 32489 32675 D RPCS3   : sys_tty_write(ch=0, buf=*0x58bf20, len=63, pwritelen=*0xd000fde0)
09-25 07:29:32.648 32489 32675 D RPCS3   : sys_tty_write(): “BATCHJOB: AddJob: waiting for room in job list 3 for job 56...“ << endl
09-25 07:29:32.738 32489 32673 W RPCS3   : Cached object for address 0xC7A65880 was found, but it does not match stored parameters (width=128 vs 64; height=64 vs 64; depth=1 vs 1; mipmaps=5 vs 5)
09-25 07:29:32.740 32489 32675 D RPCS3   : sys_tty_write(ch=0, buf=*0x58bf20, len=63, pwritelen=*0xd000fde0)
09-25 07:29:32.741 32489 32675 D RPCS3   : sys_tty_write(): “BATCHJOB: AddJob: waiting for room in job list 3 for job 56...“ << endl
09-25 07:29:33.025 32489 32675 D RPCS3   : sys_tty_write(ch=0, buf=*0x58bf20, len=63, pwritelen=*0xd000fde0)
09-25 07:29:33.025 32489 32675 D RPCS3   : sys_tty_write(): “BATCHJOB: AddJob: waiting for room in job list 3 for job 56...“ << endl
09-25 07:29:33.283 32489 32675 D RPCS3   : sys_tty_write(ch=0, buf=*0x58bf20, len=63, pwritelen=*0xd000fde0)
09-25 07:29:33.283 32489 32675 D RPCS3   : sys_tty_write(): “BATCHJOB: AddJob: waiting for room in job list 3 for job 56...“ << endl
09-25 07:29:33.448 32489 32489 I S3TOUCH : root action=down x=2446 y=1025
09-25 07:29:33.448 32489 32489 I S3TOUCH : monitor action=down consumed=false
09-25 07:29:33.448 32489 32489 I S3TOUCH : pad action=down menu=false
09-25 07:29:33.492 32489 32527 D S3PERF  : crosscheck ui_snapshot_fps=12.4435 ui_snapshot_frametime_ms=104.908
09-25 07:29:33.796 32489 32527 D S3PERF  : crosscheck source=surface presented=2465 json_fps=12.1776 json_frametime_ms=91.704
09-25 07:29:33.925 32489 32675 D RPCS3   : sys_tty_write(ch=0, buf=*0x58bf20, len=63, pwritelen=*0xd000fde0)
09-25 07:29:33.925 32489 32675 D RPCS3   : sys_tty_write(): “BATCHJOB: AddJob: waiting for room in job list 3 for job 56...“ << endl
09-25 07:29:34.180 32489   504 E RPCS3   : Video au decode has been waiting for a consumer for 5 seconds. (handle=0xf0000300, seq_id=1, cmd_id=63, queue_size=61)
09-25 07:29:34.280 32489 32675 D RPCS3   : sys_tty_write(ch=0, buf=*0x58bf20, len=63, pwritelen=*0xd000fde0)
09-25 07:29:34.280 32489 32675 D RPCS3   : sys_tty_write(): “BATCHJOB: AddJob: waiting for room in job list 3 for job 56...“ << endl
09-25 07:29:34.343 32489 32675 D RPCS3   : sys_tty_write(ch=0, buf=*0x58bf20, len=63, pwritelen=*0xd000fde0)
09-25 07:29:34.343 32489 32675 D RPCS3   : sys_tty_write(): “BATCHJOB: AddJob: waiting for room in job list 3 for job 56...“ << endl
09-25 07:29:34.565 32489 32675 D RPCS3   : sys_tty_write(ch=0, buf=*0x58bf20, len=63, pwritelen=*0xd000fde0)
09-25 07:29:34.565 32489 32675 D RPCS3   : sys_tty_write(): “BATCHJOB: AddJob: waiting for room in job list 3 for job 56...“ << endl
09-25 07:29:34.732 32489 32527 D S3PERF  : crosscheck ui_snapshot_fps=10.664 ui_snapshot_frametime_ms=87.038
09-25 07:29:34.829 32489 32489 I S3TOUCH : root action=down x=2590 y=123
09-25 07:29:34.829 32489 32489 I S3TOUCH : monitor action=down consumed=false
09-25 07:29:34.829 32489 32489 I S3TOUCH : pad action=down menu=false
09-25 07:29:35.029 32489 32489 I S3TOUCH : root action=down x=2582 y=114
09-25 07:29:35.029 32489 32489 I S3TOUCH : monitor action=down consumed=false
09-25 07:29:35.029 32489 32489 I S3TOUCH : pad action=down menu=false
09-25 07:29:35.037 32489 32527 D S3PERF  : crosscheck source=surface presented=2478 json_fps=11.5193 json_frametime_ms=73.04
09-25 07:29:35.123 32489 32675 D RPCS3   : sys_tty_write(ch=0, buf=*0x58bf20, len=63, pwritelen=*0xd000fde0)
09-25 07:29:35.123 32489 32675 D RPCS3   : sys_tty_write(): “BATCHJOB: AddJob: waiting for room in job list 3 for job 56...“ << endl
09-25 07:29:35.237 32489 32489 I S3TOUCH : root action=down x=2583 y=109
09-25 07:29:35.237 32489 32489 I S3TOUCH : monitor action=down consumed=false
09-25 07:29:35.237 32489 32489 I S3TOUCH : pad action=down menu=false
09-25 07:29:35.240 32489 32675 D RPCS3   : sys_tty_write(ch=0, buf=*0x58bf20, len=63, pwritelen=*0xd000fde0)
09-25 07:29:35.240 32489 32675 D RPCS3   : sys_tty_write(): “BATCHJOB: AddJob: waiting for room in job list 3 for job 56...“ << endl
09-25 07:29:35.463 32489 32489 I S3TOUCH : root action=down x=2595 y=105
09-25 07:29:35.463 32489 32489 I S3TOUCH : monitor action=down consumed=false
09-25 07:29:35.463 32489 32489 I S3TOUCH : pad action=down menu=false
09-25 07:29:35.517 32489 32675 D RPCS3   : sys_tty_write(ch=0, buf=*0x58bf20, len=63, pwritelen=*0xd000fde0)
09-25 07:29:35.517 32489 32675 D RPCS3   : sys_tty_write(): “BATCHJOB: AddJob: waiting for room in job list 3 for job 56...“ << endl
09-25 07:29:35.606 32489 32675 D RPCS3   : sys_tty_write(ch=0, buf=*0x58bf20, len=63, pwritelen=*0xd000fde0)
09-25 07:29:35.606 32489 32675 D RPCS3   : sys_tty_write(): “BATCHJOB: AddJob: waiting for room in job list 3 for job 56...“ << endl
09-25 07:29:35.788 32489 32675 D RPCS3   : sys_tty_write(ch=0, buf=*0x58bf20, len=63, pwritelen=*0xd000fde0)
09-25 07:29:35.788 32489 32675 D RPCS3   : sys_tty_write(): “BATCHJOB: AddJob: waiting for room in job list 3 for job 56...“ << endl
09-25 07:29:35.873 32489 32675 D RPCS3   : sys_tty_write(ch=0, buf=*0x58bf20, len=63, pwritelen=*0xd000fde0)
09-25 07:29:35.873 32489 32675 D RPCS3   : sys_tty_write(): “BATCHJOB: AddJob: waiting for room in job list 3 for job 56...“ << endl
09-25 07:29:35.970 32489 32527 D S3PERF  : crosscheck ui_snapshot_fps=8.39708 ui_snapshot_frametime_ms=146.878
09-25 07:29:35.997 32489 32675 D RPCS3   : sys_tty_write(ch=0, buf=*0x58bf20, len=63, pwritelen=*0xd000fde0)
09-25 07:29:35.997 32489 32675 D RPCS3   : sys_tty_write(): “BATCHJOB: AddJob: waiting for room in job list 3 for job 56...“ << endl
09-25 07:29:36.278 32489 32527 D S3PERF  : crosscheck source=surface presented=2489 json_fps=8.05166 json_frametime_ms=93.676
09-25 07:29:36.282 32489 32527 D S3PERF  : GPU load [/sys/class/kgsl/kgsl-3d0/gpubusy]: raw='526512 1000367' -> load=52.631884098535835%
09-25 07:29:36.313 32489 32675 D RPCS3   : sys_tty_write(ch=0, buf=*0x58bf20, len=63, pwritelen=*0xd000fde0)
09-25 07:29:36.313 32489 32675 D RPCS3   : sys_tty_write(): “BATCHJOB: AddJob: waiting for room in job list 3 for job 56...“ << endl
09-25 07:29:36.483 32489 32675 D RPCS3   : sys_tty_write(ch=0, buf=*0x58bf20, len=63, pwritelen=*0xd000fde0)
09-25 07:29:36.483 32489 32675 D RPCS3   : sys_tty_write(): “BATCHJOB: AddJob: waiting for room in job list 3 for job 56...“ << endl
09-25 07:29:36.659 32489 32675 D RPCS3   : sys_tty_write(ch=0, buf=*0x58bf20, len=63, pwritelen=*0xd000fde0)
09-25 07:29:36.659 32489 32675 D RPCS3   : sys_tty_write(): “BATCHJOB: AddJob: waiting for room in job list 3 for job 56...“ << endl
09-25 07:29:36.743 32489 32675 D RPCS3   : sys_tty_write(ch=0, buf=*0x58bf20, len=63, pwritelen=*0xd000fde0)
09-25 07:29:36.743 32489 32675 D RPCS3   : sys_tty_write(): “BATCHJOB: AddJob: waiting for room in job list 3 for job 56...“ << endl
09-25 07:29:36.816 32489 32675 D RPCS3   : sys_tty_write(ch=0, buf=*0x58bf20, len=63, pwritelen=*0xd000fde0)
09-25 07:29:36.816 32489 32675 D RPCS3   : sys_tty_write(): “BATCHJOB: AddJob: waiting for room in job list 3 for job 56...“ << endl
09-25 07:29:36.904 32489 32675 D RPCS3   : sys_tty_write(ch=0, buf=*0x58bf20, len=63, pwritelen=*0xd000fde0)
09-25 07:29:36.904 32489 32675 D RPCS3   : sys_tty_write(): “BATCHJOB: AddJob: waiting for room in job list 3 for job 56...“ << endl
09-25 07:29:37.008 32489 32675 D RPCS3   : sys_tty_write(ch=0, buf=*0x58bf20, len=63, pwritelen=*0xd000fde0)
09-25 07:29:37.008 32489 32675 D RPCS3   : sys_tty_write(): “BATCHJOB: AddJob: waiting for room in job list 3 for job 56...“ << endl
09-25 07:29:37.190 32489 32675 D RPCS3   : sys_tty_write(ch=0, buf=*0x58bf20, len=63, pwritelen=*0xd000fde0)
09-25 07:29:37.190 32489 32675 D RPCS3   : sys_tty_write(): “BATCHJOB: AddJob: waiting for room in job list 3 for job 56...“ << endl
09-25 07:29:37.219 32489 32527 D S3PERF  : crosscheck ui_snapshot_fps=11.6707 ui_snapshot_frametime_ms=69.095
09-25 07:29:37.294 32489 32675 D RPCS3   : sys_tty_write(ch=0, buf=*0x58bf20, len=63, pwritelen=*0xd000fde0)
09-25 07:29:37.294 32489 32675 D RPCS3   : sys_tty_write(): “BATCHJOB: AddJob: waiting for room in job list 3 for job 56...“ << endl
09-25 07:29:37.520 32489 32527 D S3PERF  : crosscheck source=surface presented=2504 json_fps=11.7312 json_frametime_ms=44.495
09-25 07:29:37.649 32489 32675 D RPCS3   : sys_tty_write(ch=0, buf=*0x58bf20, len=63, pwritelen=*0xd000fde0)
09-25 07:29:37.649 32489 32675 D RPCS3   : sys_tty_write(): “BATCHJOB: AddJob: waiting for room in job list 3 for job 56...“ << endl
09-25 07:29:37.838 32489 32675 D RPCS3   : sys_tty_write(ch=0, buf=*0x58bf20, len=63, pwritelen=*0xd000fde0)
09-25 07:29:37.838 32489 32675 D RPCS3   : sys_tty_write(): “BATCHJOB: AddJob: waiting for room in job list 3 for job 56...“ << endl
09-25 07:29:38.096 32489 32675 D RPCS3   : sys_tty_write(ch=0, buf=*0x58bf20, len=63, pwritelen=*0xd000fde0)
09-25 07:29:38.096 32489 32675 D RPCS3   : sys_tty_write(): “BATCHJOB: AddJob: waiting for room in job list 3 for job 56...“ << endl
09-25 07:29:38.144 32489 32675 D RPCS3   : sys_tty_write(ch=0, buf=*0x58bf20, len=63, pwritelen=*0xd000fde0)
09-25 07:29:38.144 32489 32675 D RPCS3   : sys_tty_write(): “BATCHJOB: AddJob: waiting for room in job list 3 for job 56...“ << endl
09-25 07:29:38.417 32489 32673 E RPCS3   : Invalid NV4097_SET_INDEX_ARRAY_DMA value: 0x85049530
09-25 07:29:38.418 32489 32673 D RPCS3   : Add program (vp id = 28, fp id = 207)
09-25 07:29:38.418 32489 32673 W RPCS3   : Vertex program has no POS output, shader will be NOPed
09-25 07:29:38.418 32489 32671 W libc    : Access denied finding property "vendor.mesa.spirv.dump.path"
09-25 07:29:38.418 32489 32671 W libc    : Access denied finding property "vendor.mesa.spirv.read.path"
09-25 07:29:38.426 32489 32673 D RPCS3   : Add program (vp id = 384, fp id = 207)
09-25 07:29:38.426 32489 32670 W libc    : Access denied finding property "vendor.mesa.spirv.dump.path"
09-25 07:29:38.426 32489 32670 W libc    : Access denied finding property "vendor.mesa.spirv.read.path"
09-25 07:29:38.429 32489 32673 E RPCS3   : FIFO: CALL found inside a subroutine (last cmd = 0x2)
09-25 07:29:38.431 32489 32673 E RPCS3   : FIFO: CALL found inside a subroutine (last cmd = 0x2)
09-25 07:29:38.432 32489 32670 W libc    : Access denied finding property "vendor.mesa.spirv.dump.path"
09-25 07:29:38.432 32489 32670 W libc    : Access denied finding property "vendor.mesa.spirv.read.path"
09-25 07:29:38.433 32489 32673 E RPCS3   : FIFO: CALL found inside a subroutine (last cmd = 0x2)
09-25 07:29:38.434 32489 32675 D RPCS3   : sys_tty_write(ch=0, buf=*0x58bf20, len=63, pwritelen=*0xd000fde0)
09-25 07:29:38.434 32489 32675 D RPCS3   : sys_tty_write(): “BATCHJOB: AddJob: waiting for room in job list 3 for job 56...“ << endl
09-25 07:29:38.436 32489 32673 E RPCS3   : FIFO: CALL found inside a subroutine (last cmd = 0x2)
09-25 07:29:38.440 32489 32673 E RPCS3   : FIFO: CALL found inside a subroutine (last cmd = 0x2)
09-25 07:29:38.442 32489 32673 E RPCS3   : FIFO: CALL found inside a subroutine (last cmd = 0x2)
09-25 07:29:38.444 32489 32673 E RPCS3   : FIFO: CALL found inside a subroutine (last cmd = 0x2)
09-25 07:29:38.447 32489 32673 E RPCS3   : FIFO: CALL found inside a subroutine (last cmd = 0x2)
09-25 07:29:38.449 32489 32673 E RPCS3   : FIFO: CALL found inside a subroutine (last cmd = 0x2)
09-25 07:29:38.453 32489 32673 E RPCS3   : FIFO: CALL found inside a subroutine (last cmd = 0x2)
09-25 07:29:38.455 32489 32673 E RPCS3   : FIFO: CALL found inside a subroutine (last cmd = 0x2)
09-25 07:29:38.458 32489 32673 E RPCS3   : FIFO: CALL found inside a subroutine (last cmd = 0x2)
09-25 07:29:38.459 32489 32527 D S3PERF  : crosscheck ui_snapshot_fps=12.5368 ui_snapshot_frametime_ms=58.357
09-25 07:29:38.460 32489 32673 E RPCS3   : FIFO: CALL found inside a subroutine (last cmd = 0x2)
09-25 07:29:38.462 32489 32673 E RPCS3   : FIFO: CALL found inside a subroutine (last cmd = 0x2)
09-25 07:29:38.464 32489 32673 E RPCS3   : FIFO: CALL found inside a subroutine (last cmd = 0x2)
09-25 07:29:38.466 32489 32673 E RPCS3   : FIFO: CALL found inside a subroutine (last cmd = 0x2)
09-25 07:29:38.469 32489 32673 E RPCS3   : FIFO: CALL found inside a subroutine (last cmd = 0x2)
09-25 07:29:38.471 32489 32673 E RPCS3   : FIFO: CALL found inside a subroutine (last cmd = 0x2)
09-25 07:29:38.473 32489 32673 E RPCS3   : FIFO: CALL found inside a subroutine (last cmd = 0x2)
09-25 07:29:38.475 32489 32673 E RPCS3   : FIFO: CALL found inside a subroutine (last cmd = 0x2)
09-25 07:29:38.477 32489 32673 D RPCS3   : PPU[0x1000000] main_thread's thread context:
09-25 07:29:38.477 32489 32673 D RPCS3   : Type: PPU; State: 0x7273618cbc[w|t|p|s|a|pend|pend-re|G-PAUSE|PAUSE|0x15|0x16|0x18|0x19|0x1c|0x1d|0x1e|0x21|0x24|0x25|0x26]
09-25 07:29:38.477 32489 32673 D RPCS3   : Priority: 1000
09-25 07:29:38.477 32489 32673 D RPCS3   : Stack: 0xd0001000..0xd0010fff
09-25 07:29:38.477 32489 32673 D RPCS3   : Joiner: detached
09-25 07:29:38.477 32489 32673 D RPCS3   : 
09-25 07:29:38.477 32489 32673 D RPCS3   : 
09-25 07:29:38.477 32489 32673 D RPCS3   : 
09-25 07:29:38.477 32489 32673 D RPCS3   : r0 : 0xda
09-25 07:29:38.477 32489 32673 D RPCS3   : r1 : 0xd000f4c0 -> 00 00 00 00 d0 00 f7 30
09-25 07:29:38.477 32489 32673 D RPCS3   : r2 : 0x52d6c8   -> e6 4c a6 d7 28 8a c4 d8
09-25 07:29:38.477 32489 32673 D RPCS3   : r3 : 0xd000f430 -> 00 41 dd 80 00 00 8d c0
09-25 07:29:38.477 32489 32673 D RPCS3   : r4 : 0x7
09-25 07:29:38.477 32489 32673 D RPCS3   : r5 : 0x8
09-25 07:29:38.477 32489 32673 D RPCS3   : r6 : 0xd000f430 -> 00 41 dd 80 00 00 8d c0
09-25 07:29:38.477 32489 32673 D RPCS3   : r7 : 0x0
09-25 07:29:38.477 32489 32673 D RPCS3   : r8 : 0x0
09-25 07:29:38.477 32489 32673 D RPCS3   : r9 : 0x30038c80 -> 00 00 00 00 00 00 00 08
09-25 07:29:38.477 32489 32673 D RPCS3   : r10: 0x30038c80 -> 00 00 00 00 00 00 00 08
09-25 07:29:38.477 32489 32673 D RPCS3   : r11: 0x1
09-25 07:29:38.477 32489 32673 D RPCS3   : r12: 0x24000044
09-25 07:29:38.477 32489 32673 D RPCS3   : r13: 0x10007060 -> 00 00 00 00 00 00 00 00
09-25 07:29:38.477 32489 32673 D RPCS3   : r14: 0x321abb70 -> 3f 7f 3a 73 bc be ee 5f
09-25 07:29:38.477 32489 32673 D RPCS3   : r15: 0x30
09-25 07:29:38.477 32489 32673 D RPCS3   : r16: 0x20
09-25 07:29:38.477 32489 32673 D RPCS3   : r17: 0x10
09-25 07:29:38.477 32489 32673 D RPCS3   : r18: 0x320db48c -> 00 00 00 00 bc be a5 2d
09-25 07:29:38.477 32489 32673 D RPCS3   : r19: 0xe3
09-25 07:29:38.477 32489 32673 D RPCS3   : r20: 0x59b500   -> 00 00 06 01 01 01 00 00
09-25 07:29:38.477 32489 32673 D RPCS3   : r21: 0xe3
09-25 07:29:38.477 32489 32673 D RPCS3   : r22: 0xe3
09-25 07:29:38.477 32489 32673 D RPCS3   : r23: 0x3126fca0 -> 00 50 46 40 40 0d 00 0c
09-25 07:29:38.477 32489 32673 D RPCS3   : r24: 0x320db100 -> 31 c6 bb 50 31 c6 e3 e0
09-25 07:29:38.477 32489 32673 D RPCS3   : r25: 0xe2
09-25 07:29:38.477 32489 32673 D RPCS3   : r26: 0x320e7bf0 -> 00 00 00 00 bf 77 28 e2
09-25 07:29:38.477 32489 32673 D RPCS3   : r27: 0x320e7be0 -> bf 66 d0 b8 00 00 00 00
09-25 07:29:38.477 32489 32673 D RPCS3   : r28: 0x80
09-25 07:29:38.477 32489 32673 D RPCS3   : r29: 0x3014e6f0 -> 30 a7 44 00 30 03 8c 80
09-25 07:29:38.477 32489 32673 D RPCS3   : r30: 0x320e7b40 -> 3d 9c 00 5e 00 02 00 e2
09-25 07:29:38.477 32489 32673 D RPCS3   : r31: 0x320e7b40 -> 3d 9c 00 5e 00 02 00 e2
09-25 07:29:38.477 32489 32673 D RPCS3   : CR: 0x24000044, CR7: [LT=0 GT=1 EQ=0 SO=0]
09-25 07:29:38.477 32489 32673 D RPCS3   : f0 : 0.93283      [0x3fedd9bda0000000] (f32=0x3f6ecded)
09-25 07:29:38.477 32489 32673 D RPCS3   : f1 : 0.93283      [0x3fedd9bda0000000] (f32=0x3f6ecded)
09-25 07:29:38.477 32489 32673 D RPCS3   : f2 : 107.938      [0x405afc01c0000000] (f32=0x42d7e00e)
09-25 07:29:38.477 32489 32673 D RPCS3   : f3 : 0.615906     [0x3fe3b58175f50b52] (f32=0x3f1dac0c)
09-25 07:29:38.477 32489 32673 D RPCS3   : f4 : 0            [                  ] (f32=0x0)
09-25 07:29:38.477 32489 32673 D RPCS3   : f5 : 1            [0x3ff0000000000000] (f32=0x3f800000)
09-25 07:29:38.477 32489 32673 D RPCS3   : f6 : 2            [0x4000000000000000] (f32=0x40000000)
09-25 07:29:38.477 32489 32673 D RPCS3   : f7 : 80           [0x4054000000000000] (f32=0x42a00000)
09-25 07:29:38.477 32489 32673 D RPCS3   : f8 : 20           [0x4034000000000000] (f32=0x41a00000)
09-25 07:29:38.477 32489 32673 D RPCS3   : f9 : 8            [0x4020000000000000] (f32=0x41000000)
09-25 07:29:38.477 32489 32673 D RPCS3   : f10: 0.200069     [0x3fc99bdbe0000000] (f32=0x3e4cdedf)
09-25 07:29:38.477 32489 32673 D RPCS3   : f11: 0.166667     [0x3fc5555420000000] (f32=0x3e2aaaa1)
09-25 07:29:38.477 32489 32673 D RPCS3   : f12: 0.089489     [0x3fb6e8bfc0000000] (f32=0x3db745fe)
09-25 07:29:38.477 32489 32673 D RPCS3   : f13: 0.00833208   [0x3f81106840000000] (f32=0x3c088342)
09-25 07:29:38.477 32489 32673 D RPCS3   : f14: 0            [                  ] (f32=0x0)
09-25 07:29:38.477 32489 32673 D RPCS3   : f15: 0            [                  ] (f32=0x0)
09-25 07:29:38.477 32489 32673 D RPCS3   : f16: 0            [                  ] (f32=0x0)
09-25 07:29:38.477 32489 32673 D RPCS3   : f17: 0            [                  ] (f32=0x0)
09-25 07:29:38.477 32489 32673 D RPCS3   : f18: 0            [                  ] (f32=0x0)
09-25 07:29:38.477 32489 32673 D RPCS3   : f19: 0            [                  ] (f32=0x0)
09-25 07:29:38.477 32489 32673 D RPCS3   : f20: 0            [                  ] (f32=0x0)
09-25 07:29:38.477 32489 32673 D RPCS3   : f21: 0            [                  ] (f32=0x0)
09-25 07:29:38.477 32489 32673 D RPCS3   : f22: 0            [                  ] (f32=0x0)
09-25 07:29:38.477 32489 32673 D RPCS3   : f23: 0            [                  ] (f32=0x0)
09-25 07:29:38.477 32489 32673 D RPCS3   : f24: 0            [                  ] (f32=0x0)
09-25 07:29:38.477 32489 32673 D RPCS3   : f25: 0            [                  ] (f32=0x0)
09-25 07:29:38.477 32489 32673 D RPCS3   : f26: 0            [                  ] (f32=0x0)
09-25 07:29:38.477 32489 32673 D RPCS3   : f27: 0            [                  ] (f32=0x0)
09-25 07:29:38.477 32489 32673 D RPCS3   : f28: 0            [                  ] (f32=0x0)
09-25 07:29:38.477 32489 32673 D RPCS3   : f29: 0            [                  ] (f32=0x0)
09-25 07:29:38.477 32489 32673 D RPCS3   : f30: 0            [                  ] (f32=0x0)
09-25 07:29:38.477 32489 32673 D RPCS3   : f31: 5.37741E+06  [0x4154836100000000] (f32=0x4aa41b08)
09-25 07:29:38.477 32489 32673 D RPCS3   : v0 : 31c4a840 320db500 31c7d810 31c7cfa0 [x: 5.72348e-09 y: 8.24843e-09 z: 5.81623e-09 w: 5.81527e-09]
09-25 07:29:38.477 32489 32673 D RPCS3   : v1 : 00000000 bf7728e2 be856347 c61c4000 [x: 0 y: -0.965468 z: -0.260523 w: -10000]
09-25 07:29:38.477 32489 32673 D RPCS3   : v2 : 00000000 [x: 0]
09-25 07:29:38.477 32489 32673 D RPCS3   : v3 : 00000000 [x: 0]
09-25 07:29:38.477 32489 32673 D RPCS3   : v4 : 3f800004 00000000 3412ed15 00000000 [x: 1 y: 0 z: 1.36836e-07 w: 0]
09-25 07:29:38.477 32489 32673 D RPCS3   : v5 : 00000000 3f800000 00000000 00000000 [x: 0 y: 1 z: 0 w: 0]
09-25 07:29:38.477 32489 32673 D RPCS3   : v6 : 3f800004 00000000 3412ed15 00000000 [x: 1 y: 0 z: 1.36836e-07 w: 0]
09-25 07:29:38.477 32489 32673 D RPCS3   : v7 : 3f800000 [x: 1]
09-25 07:29:38.477 32489 32673 D RPCS3   : v8 : 00000000 3f800000 00000000 00000000 [x: 0 y: 1 z: 0 w: 0]
09-25 07:29:38.477 32489 32673 D RPCS3   : v9 : bf66d0b8 00000000 bedd73d5 00000000 [x: -0.901622 y: 0 z: -0.432524 w: 0]
09-25 07:29:38.477 32489 32673 D RPCS3   : v10: 00000000 bf7728e2 be856347 00000000 [x: 0 y: -0.965468 z: -0.260523 w: 0]
09-25 07:29:38.477 32489 32673 D RPCS3   : v11: be800000 317d93e8 320a6964 00000000 [x: -0.25 y: 3.69004e-09 z: 8.05662e-09 w: 0]
09-25 07:29:38.477 32489 32673 D RPCS3   : v12: 10111213 04050607 08090a0b 0c0d0e0f [x: 2.86101e-29 y: 1.56368e-36 z: 4.12387e-34 w: 1.08665e-31]
09-25 07:29:38.477 32489 32673 D RPCS3   : v13: 00000000 00000000 00000000 ffffffff [x: 0 y: 0 z: 0 w: -nan]
09-25 07:29:38.477 32489 32673 D RPCS3   : v14: ffffffff ffffffff ffffffff 00000000 [x: -nan y: -nan z: -nan w: 0]
09-25 07:29:38.477 32489 32673 D RPCS3   : v15: 3f2820b9 [x: 0.656749]
09-25 07:29:38.477 32489 32673 D RPCS3   : v16: ffffffff [x: -nan]
09-25 07:29:38.477 32489 32673 D RPCS3   : v17: 3f5d2995 [x: 0.863916]
09-25 07:29:38.477 32489 32673 D RPCS3   : v18: 3f800000 [x: 1]
09-25 07:29:38.477 32489 32673 D RPCS3   : v19: 00000000 [x: 0]
09-25 07:29:38.477 32489 32673 D RPCS3   : v20: 00000000 [x: 0]
09-25 07:29:38.477 32489 32673 D RPCS3   : v21: 00000000 [x: 0]
09-25 07:29:38.477 32489 32673 D RPCS3   : v22: 3f7f3a73 bcbeee5f 3d978f06 00000000 [x: 0.996986 y: -0.023307 z: 0.0740033 w: 0]
09-25 07:29:38.477 32489 32673 D RPCS3   : v23: 00000000 3f742d1e 3e99cdfb 00000000 [x: 0 y: 0.953813 z: 0.3004 w: 0]
09-25 07:29:38.477 32489 32673 D RPCS3   : v24: bd9ee5ca be99574b 3f7370b1 00000000 [x: -0.0775867 y: -0.299494 z: 0.950938 w: 0]
09-25 07:29:38.477 32489 32673 D RPCS3   : v25: c19d3e4b c3ad9d2f c308d70b 3f800000 [x: -19.6554 y: -347.228 z: -136.84 w: 1]
09-25 07:29:38.477 32489 32673 D RPCS3   : v26: 3f7f3a73 00000000 bd9ee5ca 00000000 [x: 0.996986 y: 0 z: -0.0775867 w: 0]
09-25 07:29:38.477 32489 32673 D RPCS3   : v27: bcbeee5f 3f742d1e be99574b 00000000 [x: -0.023307 y: 0.953813 z: -0.299494 w: 0]
09-25 07:29:38.477 32489 32673 D RPCS3   : v28: 3d978f06 3e99cdfb 3f7370b1 00000000 [x: 0.0740033 y: 0.3004 z: 0.950938 w: 0]
09-25 07:29:38.477 32489 32673 D RPCS3   : v29: 41ad0a15 43ba2612 41c4de8c 3f800000 [x: 21.6299 y: 372.297 z: 24.6087 w: 1]
09-25 07:29:38.477 32489 32673 D RPCS3   : v30: bf66d0b8 00000000 bedd73d5 be800000 [x: -0.901622 y: 0 z: -0.432524 w: -0.25]
09-25 07:29:38.477 32489 32673 D RPCS3   : v31: 00000000 bf7728e2 be856347 c61c4000 [x: 0 y: -0.965468 z: -0.260523 w: -10000]
09-25 07:29:38.477 32489 32673 D RPCS3   : CIA: 0x2303e4
09-25 07:29:38.477 32489 32673 D RPCS3   : LR: 0x230048
09-25 07:29:38.477 32489 32673 D RPCS3   : CTR: 0x92ac24
09-25 07:29:38.477 32489 32673 D RPCS3   : VRSAVE: 0xffffffff
09-25 07:29:38.477 32489 32673 D RPCS3   : XER: [CA=1 | OV=0 | SO=0 | CNT=0]
09-25 07:29:38.477 32489 32673 D RPCS3   : VSCR: [SAT=505294527200 | NJ=1]
09-25 07:29:38.477 32489 32673 D RPCS3   : FPSCR: [FL=0 | FG=1 | FE=0 | FU=0]
09-25 07:29:38.477 32489 32673 D RPCS3   : Reservation Addr: none
09-25 07:29:38.477 32489 32673 D RPCS3   : Reservation Data (entire cache line):
09-25 07:29:38.477 32489 32673 D RPCS3   : [0x00] 31c7d480 320a6964 00040605 01000000
09-25 07:29:38.477 32489 32673 D RPCS3   : [0x10] 00000000 0005ff08 00d9ff08 01000000
09-25 07:29:38.477 32489 32673 D RPCS3   : [0x20] 00000003 00000000 00000003 00000000
09-25 07:29:38.477 32489 32673 D RPCS3   : [0x30] 00000000 00000000 00000003 00000000
09-25 07:29:38.477 32489 32673 D RPCS3   : [0x40] 00000003 00000000 00000003 00000000
09-25 07:29:38.477 32489 32673 D RPCS3   : [0x50] 00000003 00000000 00000003 00000000
09-25 07:29:38.477 32489 32673 D RPCS3   : [0x60] 00160016 ffffffff 00000003 00000000
09-25 07:29:38.477 32489 32673 D RPCS3   : [0x70] 00000003 00000000 00000000 318c52f0
09-25 07:29:38.477 32489 32673 D RPCS3   : 
09-25 07:29:38.477 32489 32673 D RPCS3   : Call stack:
09-25 07:29:38.477 32489 32673 D RPCS3   : =========
09-25 07:29:38.477 32489 32673 D RPCS3   : 0x002303e4 (0x0) called
09-25 07:29:38.477 32489 32673 D RPCS3   : > from 0x0021e7b4 (sp=0xd000f730)
09-25 07:29:38.477 32489 32673 D RPCS3   : > from 0x0026249c (sp=0xd0010a20)
09-25 07:29:38.477 32489 32673 D RPCS3   : > from 0x0026281c (sp=0xd0010ac0)
09-25 07:29:38.477 32489 32673 D RPCS3   : > from 0x001b4b2c (sp=0xd0010b40)
09-25 07:29:38.477 32489 32673 D RPCS3   : > from 0x000ed64c (sp=0xd0010be0)
09-25 07:29:38.477 32489 32673 D RPCS3   : > from 0x000104d8 (sp=0xd0010c60)
09-25 07:29:38.477 32489 32673 D RPCS3   : > from 0x00010250 (sp=0xd0010d00)
09-25 07:29:38.477 32489 32673 D RPCS3   : 
09-25 07:29:38.477 32489 32673 D RPCS3   : [00230394]  11 6b 01 2c: vsldoi     v11,v11,v0,0x4
09-25 07:29:38.477 32489 32673 D RPCS3   : [00230398]  10 e2 3a 8c: vspltw     v7,v7,0x2
09-25 07:29:38.477 32489 32673 D RPCS3   : [0023039c]  11 49 62 ae: vmaddfp    v10,v9,v10,v12
09-25 07:29:38.477 32489 32673 D RPCS3   : [002303a0]  11 9f 61 2c: vsldoi     v12,v31,v12,0x4
09-25 07:29:38.477 32489 32673 D RPCS3   : [002303a4]  11 60 5b 4a: vcfsx      v11,v11,00
09-25 07:29:38.477 32489 32673 D RPCS3   : [002303a8]  10 0d 64 04: vand       v0,v13,v12
09-25 07:29:38.477 32489 32673 D RPCS3   : [002303ac]  11 01 64 04: vand       v8,v1,v12
09-25 07:29:38.477 32489 32673 D RPCS3   : [002303b0]  11 29 64 04: vand       v9,v9,v12
09-25 07:29:38.477 32489 32673 D RPCS3   : [002303b4]  7d 20 49 ce: stvx       v9,r0,r9
09-25 07:29:38.477 32489 32673 D RPCS3   : [002303b8]  11 ad 51 ae: vmaddfp    v13,v13,v6,v10
09-25 07:29:38.477 32489 32673 D RPCS3   : [002303bc]  7c 09 51 ce: stvx       v0,r9,r10
09-25 07:29:38.477 32489 32673 D RPCS3   : [002303c0]  7d 09 41 ce: stvx       v8,r9,r8
09-25 07:29:38.477 32489 32673 D RPCS3   : [002303c4]  10 21 69 ee: vmaddfp    v1,v1,v7,v13
09-25 07:29:38.477 32489 32673 D RPCS3   : [002303c8]  10 21 64 04: vand       v1,v1,v12
09-25 07:29:38.477 32489 32673 D RPCS3   : [002303cc]  10 21 5c 84: vor        v1,v1,v11
09-25 07:29:38.477 32489 32673 D RPCS3   : [002303d0]  7c 29 39 ce: stvx       v1,r9,r7
09-25 07:29:38.477 32489 32673 D RPCS3   : [002303d4]  80 1f 01 1c: lwz        r0,0x11c(r31)
09-25 07:29:38.477 32489 32673 D RPCS3   : [002303d8]  60 00 00 01: ori        r0,1(r0)
09-25 07:29:38.477 32489 32673 D RPCS3   : [002303dc]  90 1f 01 1c: stw        r0,0x11c(r31)
09-25 07:29:38.477 32489 32673 D RPCS3   : [002303e0]  4b ff ef 7c: b          0x22f35c
09-25 07:29:38.477 32489 32673 D RPCS3   : [002303e4]  a0 14 00 18: lhz        r0,0x18(r20)
09-25 07:29:38.477 32489 32673 D RPCS3   : [002303e8]  2f 80 00 00: cmpwi      cr7,r0,0
09-25 07:29:38.477 32489 32673 D RPCS3   : [002303ec]  40 9e ff f8: bne        cr7,0x2303e4 
09-25 07:29:38.477 32489 32673 D RPCS3   : [002303f0]  56 be 08 3c: slwi       r30,r21,1
09-25 07:29:38.477 32489 32673 D RPCS3   : [002303f4]  38 a0 00 10: li         r5,0x10
09-25 07:29:38.477 32489 32673 D RPCS3   : [002303f8]  57 c4 00 3c: rlwinm     r4,r30,0,0,30
09-25 07:29:38.477 32489 32673 D RPCS3   : [002303fc]  38 60 00 04: li         r3,4
09-25 07:29:38.477 32489 32673 D RPCS3   : [00230400]  48 03 ca d5: bl         0x26ced4
09-25 07:29:38.477 32489 32673 D RPCS3   : [00230404]  60 00 00 00: nop
09-25 07:29:38.477 32489 32673 D RPCS3   : [00230408]  4b ff f2 e0: b          0x22f6e8
09-25 07:29:38.477 32489 32673 D RPCS3   : 
09-25 07:29:38.477 32489 32673 D RPCS3   : rsx::thread's thread context:
09-25 07:29:38.477 32489 32673 D RPCS3   : Type: RSX; State: 0x7273618d1c[w|t|p|sig|pend|pend-re|G-PAUSE|PAUSE|0x15|0x16|0x18|0x19|0x1c|0x1d|0x1e|0x21|0x24|0x25|0x26]
09-25 07:29:38.477 32489 32673 D RPCS3   : 
09-25 07:29:38.477 32489 32673 D RPCS3   : 
09-25 07:29:38.477 32489 32673 D RPCS3   : FIFO: GET=0x016ec80, PUT=0x0a4e800, REF=0x000009d4
09-25 07:29:38.477 32489 32673 D RPCS3   : [0000] NV4097_SET_OBJECT: 0x31337000
09-25 07:29:38.477 32489 32673 D RPCS3   : [0014] NV406E Ref: 0x000009d4
09-25 07:29:38.477 32489 32673 D RPCS3   : [0018] NV406E semaphore: context: DEVICE-R
09-25 07:29:38.477 32489 32673 D RPCS3   : [0019] NV406E semaphore: offset: 0x30
09-25 07:29:38.477 32489 32673 D RPCS3   : [001a] NV406E semaphore: acquire: 0x1
09-25 07:29:38.477 32489 32673 D RPCS3   : [001b] NV406E semaphore: release: 0x0
09-25 07:29:38.477 32489 32673 D RPCS3   : [0041] NV4097_NOTIFY: 0x00000000
09-25 07:29:38.477 32489 32673 D RPCS3   : [0060] NV4097_SET_CONTEXT_DMA_NOTIFIES: 0x66604200
09-25 07:29:38.477 32489 32673 D RPCS3   : [0061] NV4097_SET_CONTEXT_DMA_A: 0xfeed0000
09-25 07:29:38.477 32489 32673 D RPCS3   : [0062] NV4097_SET_CONTEXT_DMA_B: 0xfeed0001
09-25 07:29:38.477 32489 32673 D RPCS3   : [0063] Surface: B DMA: Local-Buffer
09-25 07:29:38.477 32489 32673 D RPCS3   : [0064] NV4097_SET_CONTEXT_DMA_STATE: 0x00000000
09-25 07:29:38.477 32489 32673 D RPCS3   : [0065] Surface: A DMA: Local-Buffer
09-25 07:29:38.477 32489 32673 D RPCS3   : [0066] Surface: Z DMA: Local-Buffer
09-25 07:29:38.477 32489 32673 D RPCS3   : [0067] NV4097_SET_CONTEXT_DMA_VERTEX_A: 0xfeed0000
09-25 07:29:38.477 32489 32673 D RPCS3   : [0068] NV4097_SET_CONTEXT_DMA_VERTEX_B: 0xfeed0001
09-25 07:29:38.477 32489 32673 D RPCS3   : [0069] NV4097_SET_CONTEXT_DMA_SEMAPHORE: 0x66606660
09-25 07:29:38.478 32489 32673 D RPCS3   : [006a] REPORT: context DMA: memory host buffer
09-25 07:29:38.478 32489 32673 D RPCS3   : [006b] NV4097_SET_CONTEXT_DMA_CLIP_ID: 0x00000000
09-25 07:29:38.478 32489 32673 D RPCS3   : [006c] NV4097_SET_CONTEXT_DMA_CULL_DATA: 0x00000000
09-25 07:29:38.478 32489 32673 D RPCS3   : [006d] Surface: C DMA: Local-Buffer
09-25 07:29:38.478 32489 32673 D RPCS3   : [006e] Surface: D DMA: Local-Buffer
09-25 07:29:38.478 32489 32673 D RPCS3   : [0080] Surface: clip x: 0 width: 1280
09-25 07:29:38.478 32489 32673 D RPCS3   : [0081] Surface: clip y: 0 height: 720
09-25 07:29:38.478 32489 32673 D RPCS3   : [0082] Surface: Color format: A8R8G8B8 DepthStencil format: Z24S8 Anti aliasing: 1 sample centered w: 0 h: 0
09-25 07:29:38.478 32489 32673 D RPCS3   : [0083] Surface: A pitch: 5120
09-25 07:29:38.478 32489 32673 D RPCS3   : [0084] Surface: A offset 0x384000
09-25 07:29:38.478 32489 32673 D RPCS3   : [0085] Surface: Z offset: 0x18e0000
09-25 07:29:38.478 32489 32673 D RPCS3   : [0086] Surface: B offset 0x384000
09-25 07:29:38.478 32489 32673 D RPCS3   : [0087] Surface: B pitch: 5120
09-25 07:29:38.478 32489 32673 D RPCS3   : [0088] Surface: Color target(s): surface A
09-25 07:29:38.478 32489 32673 D RPCS3   : [0089] Unnamed method 0x0089: 0x00000080
09-25 07:29:38.478 32489 32673 D RPCS3   : [008a] Unnamed method 0x008a: 0x00000100
09-25 07:29:38.478 32489 32673 D RPCS3   : [008b] Surface: Z pitch: 5120
09-25 07:29:38.478 32489 32673 D RPCS3   : [008c] Unnamed method 0x008c: 0x00000000
09-25 07:29:38.478 32489 32673 D RPCS3   : [008e] NV4097_SET_CYLINDRICAL_WRAP: 0x00000000
09-25 07:29:38.478 32489 32673 D RPCS3   : [008f] NV4097_SET_CYLINDRICAL_WRAP1: 0x00000000
09-25 07:29:38.478 32489 32673 D RPCS3   : [0090] Unnamed method 0x0090: 0x0000ffff
09-25 07:29:38.478 32489 32673 D RPCS3   : [0091] Unnamed method 0x0091: 0x00000000
09-25 07:29:38.478 32489 32673 D RPCS3   : [0092] Unnamed method 0x0092: 0x00000000
09-25 07:29:38.478 32489 32673 D RPCS3   : [0093] Unnamed method 0x0093: 0x00000000
09-25 07:29:38.478 32489 32673 D RPCS3   : [00a0] Surface: C pitch: 5120
09-25 07:29:38.478 32489 32673 D RPCS3   : [00a1] Surface: D pitch: 5120
09-25 07:29:38.478 32489 32673 D RPCS3   : [00a2] Surface: C offset 0x384000
09-25 07:29:38.478 32489 32673 D RPCS3   : [00a3] Surface: D offset 0x384000
09-25 07:29:38.478 32489 32673 D RPCS3   : [00ae] Window: offset x: 0 y: 0
09-25 07:29:38.478 32489 32673 D RPCS3   : [00af] NV4097_SET_WINDOW_CLIP_TYPE: 0x00000000
09-25 07:29:38.478 32489 32673 D RPCS3   : [00b0] NV4097_SET_WINDOW_CLIP_HORIZONTAL: 0x0fff0000
09-25 07:29:38.478 32489 32673 D RPCS3   : [00b1] NV4097_SET_WINDOW_CLIP_VERTICAL: 0x0fff0000
09-25 07:29:38.478 32489 32673 D RPCS3   : [00b2] Unnamed method 0x00b2: 0x0fff0000
09-25 07:29:38.478 32489 32673 D RPCS3   : [00b3] Unnamed method 0x00b3: 0x0fff0000
09-25 07:29:38.478 32489 32673 D RPCS3   : [00b4] Unnamed method 0x00b4: 0x0fff0000
09-25 07:29:38.478 32489 32673 D RPCS3   : [00b5] Unnamed method 0x00b5: 0x0fff0000
09-25 07:29:38.478 32489 32673 D RPCS3   : [00b6] Unnamed method 0x00b6: 0x0fff0000
09-25 07:29:38.478 32489 32673 D RPCS3   : [00b7] Unnamed method 0x00b7: 0x0fff0000
09-25 07:29:38.478 32489 32673 D RPCS3   : [00b8] Unnamed method 0x00b8: 0x0fff0000
09-25 07:29:38.478 32489 32673 D RPCS3   : [00b9] Unnamed method 0x00b9: 0x0fff0000
09-25 07:29:38.478 32489 32673 D RPCS3   : [00ba] Unnamed method 0x00ba: 0x0fff0000
09-25 07:29:38.478 32489 32673 D RPCS3   : [00bb] Unnamed method 0x00bb: 0x0fff0000
09-25 07:29:38.478 32489 32673 D RPCS3   : [00bc] Unnamed method 0x00bc: 0x0fff0000
09-25 07:29:38.478 32489 32673 D RPCS3   : [00bd] Unnamed method 0x00bd: 0x0fff0000
09-25 07:29:38.478 32489 32673 D RPCS3   : [00be] Unnamed method 0x00be: 0x0fff0000
09-25 07:29:38.478 32489 32673 D RPCS3   : [00bf] Unnamed method 0x00bf: 0x0fff0000
09-25 07:29:38.478 32489 32673 D RPCS3   : [00c0] Dither: true
09-25 07:29:38.478 32489 32673 D RPCS3   : [00c1] Alpha: test true
09-25 07:29:38.478 32489 32673 D RPCS3   : [00c2] Alpha: compare_function: Greater
09-25 07:29:38.478 32489 32673 D RPCS3   : [00c3] Alpha: ref unorm8: 0, f16: 0
09-25 07:29:38.478 32489 32673 D RPCS3   : [00c4] Blend: true
09-25 07:29:38.478 32489 32673 D RPCS3   : [00c5] Blend: sfactor rgb: src.a a: 1
09-25 07:29:38.478 32489 32673 D RPCS3   : [00c6] Blend: dfactor rgb: (1 - src.a) a: 0
09-25 07:29:38.478 32489 32673 D RPCS3   : [00c7] Blend color: 8b BGRA = 0, 0, 0, 0 16b RG = 0 , 0
09-25 07:29:38.478 32489 32673 D RPCS3   : [00c8] Blend: equation rgb: Add a: Min
09-25 07:29:38.478 32489 32673 D RPCS3   : [00c9] Surface: color mask A = false R = true G = true B = true
09-25 07:29:38.478 32489 32673 D RPCS3   : [00ca] Stencil: test false
09-25 07:29:38.478 32489 32673 D RPCS3   : [00cb] Stencil: (front) mask: 0
09-25 07:29:38.478 32489 32673 D RPCS3   : [00cc] Stencil: (front) compare_function: Greater
09-25 07:29:38.478 32489 32673 D RPCS3   : [00cd] Stencil: (front) func ref: 95
09-25 07:29:38.478 32489 32673 D RPCS3   : [00ce] Stencil: (front) func mask: 95
09-25 07:29:38.478 32489 32673 D RPCS3   : [00cf] Stencil: (front) fail op: Keep
09-25 07:29:38.478 32489 32673 D RPCS3   : [00d0] Stencil: (front) zfail op: Keep
09-25 07:29:38.478 32489 32673 D RPCS3   : [00d1] Stencil: (front) zpass op: Keep
09-25 07:29:38.478 32489 32673 D RPCS3   : [00d2] Stencil: per side: false
09-25 07:29:38.478 32489 32673 D RPCS3   : [00d3] Stencil: (back) mask: 0
09-25 07:29:38.478 32489 32673 D RPCS3   : [00d4] Stencil: back compare_function: Greater
09-25 07:29:38.478 32489 32673 D RPCS3   : [00d5] Stencil: (back) func ref: 95
09-25 07:29:38.478 32489 32673 D RPCS3   : [00d6] Stencil: (back) func mask: 95
09-25 07:29:38.478 32489 32673 D RPCS3   : [00d7] Stencil: (back) fail op: Keep
09-25 07:29:38.478 32489 32673 D RPCS3   : [00d8] Stencil: (back) zfail op: Keep
09-25 07:29:38.478 32489 32673 D RPCS3   : [00d9] Stencil: (back) zpass op: Keep
09-25 07:29:38.478 32489 32673 D RPCS3   : [00da] NV4097_SET_SHADE_MODE: 0x00001d01
09-25 07:29:38.478 32489 32673 D RPCS3   : [00db] Blend: mrt1 = true, mrt2 = true, mrt3 = true
09-25 07:29:38.478 32489 32673 D RPCS3   : [00dc] NV4097_SET_COLOR_MASK_MRT: 0x0000eee0
09-25 07:29:38.478 32489 32673 D RPCS3   : [00dd] Logic: false
09-25 07:29:38.478 32489 32673 D RPCS3   : [00de] Logic: op: Copy
09-25 07:29:38.478 32489 32673 D RPCS3   : [00df] Blend color: 16b BA = 0, 0
09-25 07:29:38.478 32489 32673 D RPCS3   : [00e0] Depth: bound test false
09-25 07:29:38.478 32489 32673 D RPCS3   : [00e1] Depth: bound min: 0.990682
09-25 07:29:38.478 32489 32673 D RPCS3   : [00e2] Depth: bound max: 0.991938
09-25 07:29:38.478 32489 32673 D RPCS3   : [00e5] Depth: clip min: 0
09-25 07:29:38.478 32489 32673 D RPCS3   : [00e6] Depth: clip max: 1
09-25 07:29:38.478 32489 32673 D RPCS3   : [00ec] NV4097_SET_CONTROL0: 0x00100000
09-25 07:29:38.478 32489 32673 D RPCS3   : [00ee] Line width: 1
09-25 07:29:38.478 32489 32673 D RPCS3   : [00ef] Line smooth: false
09-25 07:29:38.478 32489 32673 D RPCS3   : [00f0] NV4097_SET_ANISO_SPREAD: 0x00010101
09-25 07:29:38.478 32489 32673 D RPCS3   : [00f1] NV4097_SET_ANISO_SPREAD + 4: 0x00010101
09-25 07:29:38.478 32489 32673 D RPCS3   : [00f2] NV4097_SET_ANISO_SPREAD + 8: 0x00010101
09-25 07:29:38.478 32489 32673 D RPCS3   : [00f3] NV4097_SET_ANISO_SPREAD + 12: 0x00010101
09-25 07:29:38.478 32489 32673 D RPCS3   : [00f4] NV4097_SET_ANISO_SPREAD + 16: 0x00010101
09-25 07:29:38.478 32489 32673 D RPCS3   : [00f5] NV4097_SET_ANISO_SPREAD + 20: 0x00010101
09-25 07:29:38.478 32489 32673 D RPCS3   : [00f6] NV4097_SET_ANISO_SPREAD + 24: 0x00010101
09-25 07:29:38.478 32489 32673 D RPCS3   : [00f7] NV4097_SET_ANISO_SPREAD + 28: 0x00010101
09-25 07:29:38.478 32489 32673 D RPCS3   : [00f8] NV4097_SET_ANISO_SPREAD + 32: 0x00010101
09-25 07:29:38.478 32489 32673 D RPCS3   : [00f9] NV4097_SET_ANISO_SPREAD + 36: 0x00010101
09-25 07:29:38.478 32489 32673 D RPCS3   : [00fa] NV4097_SET_ANISO_SPREAD + 40: 0x00010101
09-25 07:29:38.478 32489 32673 D RPCS3   : [00fb] NV4097_SET_ANISO_SPREAD + 44: 0x00010101
09-25 07:29:38.478 32489 32673 D RPCS3   : [00fc] NV4097_SET_ANISO_SPREAD + 48: 0x00010101
09-25 07:29:38.478 32489 32673 D RPCS3   : [00fd] NV4097_SET_ANISO_SPREAD + 52: 0x00010101
09-25 07:29:38.478 32489 32673 D RPCS3   : [00fe] NV4097_SET_ANISO_SPREAD + 56: 0x00010101
09-25 07:29:38.478 32489 32673 D RPCS3   : [00ff] NV4097_SET_ANISO_SPREAD + 60: 0x00010101
09-25 07:29:38.478 32489 32673 D RPCS3   : [0100] Unnamed method 0x0100: 0x00007421
09-25 07:29:38.478 32489 32673 D RPCS3   : [0101] Unnamed method 0x0101: 0x00007421
09-25 07:29:38.478 32489 32673 D RPCS3   : [0102] Unnamed method 0x0102: 0x00007421
09-25 07:29:38.478 32489 32673 D RPCS3   : [0103] Unnamed method 0x0103: 0x00007421
09-25 07:29:38.478 32489 32673 D RPCS3   : [0104] Unnamed method 0x0104: 0x00007421
09-25 07:29:38.478 32489 32673 D RPCS3   : [0105] Unnamed method 0x0105: 0x00007421
09-25 07:29:38.478 32489 32673 D RPCS3   : [0106] Unnamed method 0x0106: 0x00007421
09-25 07:29:38.478 32489 32673 D RPCS3   : [0107] Unnamed method 0x0107: 0x00007421
09-25 07:29:38.478 32489 32673 D RPCS3   : [0108] Unnamed method 0x0108: 0x00007421
09-25 07:29:38.478 32489 32673 D RPCS3   : [0109] Unnamed method 0x0109: 0x00007421
09-25 07:29:38.478 32489 32673 D RPCS3   : [010a] Unnamed method 0x010a: 0x00007421
09-25 07:29:38.478 32489 32673 D RPCS3   : [010b] Unnamed method 0x010b: 0x00007421
09-25 07:29:38.478 32489 32673 D RPCS3   : [010c] Unnamed method 0x010c: 0x00007421
09-25 07:29:38.478 32489 32673 D RPCS3   : [010d] Unnamed method 0x010d: 0x00007421
09-25 07:29:38.478 32489 32673 D RPCS3   : [010e] Unnamed method 0x010e: 0x00007421
09-25 07:29:38.478 32489 32673 D RPCS3   : [010f] Unnamed method 0x010f: 0x00007421
09-25 07:29:38.478 32489 32673 D RPCS3   : [0110] Unnamed method 0x0110: 0x9aabaa98
09-25 07:29:38.478 32489 32673 D RPCS3   : [0111] Unnamed method 0x0111: 0x66666789
09-25 07:29:38.478 32489 32673 D RPCS3   : [0112] Unnamed method 0x0112: 0x98766666
09-25 07:29:38.478 32489 32673 D RPCS3   : [0113] Unnamed method 0x0113: 0x89aabaa9
09-25 07:29:38.478 32489 32673 D RPCS3   : [0114] Unnamed method 0x0114: 0x99999999
09-25 07:29:38.478 32489 32673 D RPCS3   : [0115] Unnamed method 0x0115: 0x88888889
09-25 07:29:38.478 32489 32673 D RPCS3   : [0116] Unnamed method 0x0116: 0x98888888
09-25 07:29:38.478 32489 32673 D RPCS3   : [0117] Unnamed method 0x0117: 0x99999999
09-25 07:29:38.478 32489 32673 D RPCS3   : [0118] Unnamed method 0x0118: 0x56676654
09-25 07:29:38.478 32489 32673 D RPCS3   : [0119] Unnamed method 0x0119: 0x33333345
09-25 07:29:38.478 32489 32673 D RPCS3   : [011a] Unnamed method 0x011a: 0x54333333
09-25 07:29:38.478 32489 32673 D RPCS3   : [011b] Unnamed method 0x011b: 0x45667665
09-25 07:29:38.478 32489 32673 D RPCS3   : [011c] Unnamed method 0x011c: 0xaabbba99
09-25 07:29:38.478 32489 32673 D RPCS3   : [011d] Unnamed method 0x011d: 0x66667899
09-25 07:29:38.478 32489 32673 D RPCS3   : [011e] Unnamed method 0x011e: 0x99876666
09-25 07:29:38.478 32489 32673 D RPCS3   : [011f] Unnamed method 0x011f: 0x99abbbaa
09-25 07:29:38.478 32489 32673 D RPCS3   : [0120] Unnamed method 0x0120: 0x00000000
09-25 07:29:38.478 32489 32673 D RPCS3   : [0121] Unnamed method 0x0121: 0x00000000
09-25 07:29:38.478 32489 32673 D RPCS3   : [0122] Unnamed method 0x0122: 0x00000000
09-25 07:29:38.478 32489 32673 D RPCS3   : [0123] Unnamed method 0x0123: 0x00000000
09-25 07:29:38.478 32489 32673 D RPCS3   : [0124] Unnamed method 0x0124: 0x00000000
09-25 07:29:38.478 32489 32673 D RPCS3   : [0125] Unnamed method 0x0125: 0x00000000
09-25 07:29:38.478 32489 32673 D RPCS3   : [0126] Unnamed method 0x0126: 0x00000000
09-25 07:29:38.478 32489 32673 D RPCS3   : [0127] Unnamed method 0x0127: 0x00000000
09-25 07:29:38.478 32489 32673 D RPCS3   : [0128] Unnamed method 0x0128: 0x00000000
09-25 07:29:38.478 32489 32673 D RPCS3   : [0129] Unnamed method 0x0129: 0x00000000
09-25 07:29:38.478 32489 32673 D RPCS3   : [012a] Unnamed method 0x012a: 0x00000000
09-25 07:29:38.478 32489 32673 D RPCS3   : [012b] Unnamed method 0x012b: 0x00000000
09-25 07:29:38.478 32489 32673 D RPCS3   : [012c] Unnamed method 0x012c: 0x00000000
09-25 07:29:38.478 32489 32673 D RPCS3   : [012d] Unnamed method 0x012d: 0x00000000
09-25 07:29:38.478 32489 32673 D RPCS3   : [012e] Unnamed method 0x012e: 0x00000000
09-25 07:29:38.478 32489 32673 D RPCS3   : [012f] Unnamed method 0x012f: 0x00000000
09-25 07:29:38.478 32489 32673 D RPCS3   : [0230] Scissor: x: 0 width: 1280
09-25 07:29:38.478 32489 32673 D RPCS3   : [0231] Scissor: y: 0 height: 720
09-25 07:29:38.478 32489 32673 D RPCS3   : [0233] Fog: exponential
09-25 07:29:38.478 32489 32673 D RPCS3   : [0234] Fog: param 0: 0
09-25 07:29:38.478 32489 32673 D RPCS3   : [0235] Fog: param 1: 0
09-25 07:29:38.478 32489 32673 D RPCS3   : [0236] NV4097_SET_FOG_PARAMS + 8: 0x00000000
09-25 07:29:38.478 32489 32673 D RPCS3   : [0239] Shader: Main, offset: 0x165d900
09-25 07:29:38.478 32489 32673 D RPCS3   : [0240] NV4097_SET_VERTEX_TEXTURE_OFFSET: 0x00000000
09-25 07:29:38.478 32489 32673 D RPCS3   : [0241] NV4097_SET_VERTEX_TEXTURE_FORMAT: 0x0001bc21
09-25 07:29:38.478 32489 32673 D RPCS3   : [0242] NV4097_SET_VERTEX_TEXTURE_ADDRESS: 0x00000101
09-25 07:29:38.478 32489 32673 D RPCS3   : [0243] VTexture 0: false, Min/Max LOD: 0/12
09-25 07:29:38.478 32489 32673 D RPCS3   : [0244] NV4097_SET_VERTEX_TEXTURE_CONTROL3: 0x00000008
09-25 07:29:38.478 32489 32673 D RPCS3   : [0245] NV4097_SET_VERTEX_TEXTURE_FILTER: 0x00000000
09-25 07:29:38.478 32489 32673 D RPCS3   : [0246] NV4097_SET_VERTEX_TEXTURE_IMAGE_RECT: 0x00080008
09-25 07:29:38.478 32489 32673 D RPCS3   : [0247] NV4097_SET_VERTEX_TEXTURE_BORDER_COLOR: 0x00000000
09-25 07:29:38.478 32489 32673 D RPCS3   : [0248] NV4097_SET_VERTEX_TEXTURE_OFFSET + 0x20: 0x00000000
09-25 07:29:38.478 32489 32673 D RPCS3   : [0249] NV4097_SET_VERTEX_TEXTURE_FORMAT + 0x20: 0x0001bc21
09-25 07:29:38.478 32489 32673 D RPCS3   : [024a] NV4097_SET_VERTEX_TEXTURE_ADDRESS + 0x20: 0x00000101
09-25 07:29:38.478 32489 32673 D RPCS3   : [024b] VTexture 1: false, Min/Max LOD: 0/12
09-25 07:29:38.478 32489 32673 D RPCS3   : [024c] NV4097_SET_VERTEX_TEXTURE_CONTROL3 + 0x20: 0x00000008
09-25 07:29:38.478 32489 32673 D RPCS3   : [024d] NV4097_SET_VERTEX_TEXTURE_FILTER + 0x20: 0x00000000
09-25 07:29:38.478 32489 32673 D RPCS3   : [024e] NV4097_SET_VERTEX_TEXTURE_IMAGE_RECT + 0x20: 0x00080008
09-25 07:29:38.478 32489 32673 D RPCS3   : [024f] NV4097_SET_VERTEX_TEXTURE_BORDER_COLOR + 0x20: 0x00000000
09-25 07:29:38.478 32489 32673 D RPCS3   : [0250] NV4097_SET_VERTEX_TEXTURE_OFFSET + 0x40: 0x00000000
09-25 07:29:38.478 32489 32673 D RPCS3   : [0251] NV4097_SET_VERTEX_TEXTURE_FORMAT + 0x40: 0x0001bc21
09-25 07:29:38.478 32489 32673 D RPCS3   : [0252] NV4097_SET_VERTEX_TEXTURE_ADDRESS + 0x40: 0x00000101
09-25 07:29:38.478 32489 32673 D RPCS3   : [0253] VTexture 2: false, Min/Max LOD: 0/12
09-25 07:29:38.478 32489 32673 D RPCS3   : [0254] NV4097_SET_VERTEX_TEXTURE_CONTROL3 + 0x40: 0x00000008
09-25 07:29:38.478 32489 32673 D RPCS3   : [0255] NV4097_SET_VERTEX_TEXTURE_FILTER + 0x40: 0x00000000
09-25 07:29:38.478 32489 32673 D RPCS3   : [0256] NV4097_SET_VERTEX_TEXTURE_IMAGE_RECT + 0x40: 0x00080008
09-25 07:29:38.478 32489 32673 D RPCS3   : [0257] NV4097_SET_VERTEX_TEXTURE_BORDER_COLOR + 0x40: 0x00000000
09-25 07:29:38.478 32489 32673 D RPCS3   : [0258] NV4097_SET_VERTEX_TEXTURE_OFFSET + 0x60: 0x00000000
09-25 07:29:38.478 32489 32673 D RPCS3   : [0259] NV4097_SET_VERTEX_TEXTURE_FORMAT + 0x60: 0x0001bc21
09-25 07:29:38.478 32489 32673 D RPCS3   : [025a] NV4097_SET_VERTEX_TEXTURE_ADDRESS + 0x60: 0x00000101
09-25 07:29:38.478 32489 32673 D RPCS3   : [025b] VTexture 3: false, Min/Max LOD: 0/12
09-25 07:29:38.478 32489 32673 D RPCS3   : [025c] NV4097_SET_VERTEX_TEXTURE_CONTROL3 + 0x60: 0x00000008
09-25 07:29:38.478 32489 32673 D RPCS3   : [025d] NV4097_SET_VERTEX_TEXTURE_FILTER + 0x60: 0x00000000
09-25 07:29:38.478 32489 32673 D RPCS3   : [025e] NV4097_SET_VERTEX_TEXTURE_IMAGE_RECT + 0x60: 0x00080008
09-25 07:29:38.478 32489 32673 D RPCS3   : [025f] NV4097_SET_VERTEX_TEXTURE_BORDER_COLOR + 0x60: 0x00000000
09-25 07:29:38.478 32489 32673 D RPCS3   : [0280] Viewport: x: 0 width: 1280
09-25 07:29:38.478 32489 32673 D RPCS3   : [0281] Viewport: y: 0 height: 720
09-25 07:29:38.478 32489 32673 D RPCS3   : [0283] NV4097_SET_POINT_CENTER_MODE: 0x00000000
09-25 07:29:38.478 32489 32673 D RPCS3   : [0288] Viewport: offset x: 640
09-25 07:29:38.478 32489 32673 D RPCS3   : [0289] Viewport: offset y: 360
09-25 07:29:38.478 32489 32673 D RPCS3   : [028a] Viewport: offset z: 0.5
09-25 07:29:38.478 32489 32673 D RPCS3   : [028b] Viewport: offset w: 0
09-25 07:29:38.478 32489 32673 D RPCS3   : [028c] Viewport: scale x: 640
09-25 07:29:38.478 32489 32673 D RPCS3   : [028d] Viewport: scale y: -360
09-25 07:29:38.478 32489 32673 D RPCS3   : [028e] Viewport: scale z: 0.5
09-25 07:29:38.478 32489 32673 D RPCS3   : [028f] Viewport: scale w: 0
09-25 07:29:38.478 32489 32673 D RPCS3   : [0298] Polygon: offset point: false
09-25 07:29:38.478 32489 32673 D RPCS3   : [0299] Polygon: offset line: false
09-25 07:29:38.478 32489 32673 D RPCS3   : [029a] Polygon: offset fill: false
09-25 07:29:38.478 32489 32673 D RPCS3   : [029b] Depth: compare_function: Less_equal
09-25 07:29:38.478 32489 32673 D RPCS3   : [029c] Depth: write: false
09-25 07:29:38.478 32489 32673 D RPCS3   : [029d] Depth: test true
09-25 07:29:38.478 32489 32673 D RPCS3   : [029e] Polygon: offset scale: 0
09-25 07:29:38.478 32489 32673 D RPCS3   : [029f] Polygon: offset bias: -2
09-25 07:29:38.478 32489 32673 D RPCS3   : [02a0] NV4097_SET_VERTEX_DATA_SCALED4S_M: 0x00000000
09-25 07:29:38.478 32489 32673 D RPCS3   : [02a1] NV4097_SET_VERTEX_DATA_SCALED4S_M + 4: 0x00000000
09-25 07:29:38.478 32489 32673 D RPCS3   : [02a2] NV4097_SET_VERTEX_DATA_SCALED4S_M + 8: 0x00000000
09-25 07:29:38.478 32489 32673 D RPCS3   : [02a3] NV4097_SET_VERTEX_DATA_SCALED4S_M + 12: 0x00000000
09-25 07:29:38.478 32489 32673 D RPCS3   : [02a4] NV4097_SET_VERTEX_DATA_SCALED4S_M + 16: 0x00000000
09-25 07:29:38.478 32489 32673 D RPCS3   : [02a5] NV4097_SET_VERTEX_DATA_SCALED4S_M + 20: 0x00000000
09-25 07:29:38.478 32489 32673 D RPCS3   : [02a6] NV4097_SET_VERTEX_DATA_SCALED4S_M + 24: 0x00000000
09-25 07:29:38.478 32489 32673 D RPCS3   : [02a7] NV4097_SET_VERTEX_DATA_SCALED4S_M + 28: 0x00000000
09-25 07:29:38.478 32489 32673 D RPCS3   : [02a8] NV4097_SET_VERTEX_DATA_SCALED4S_M + 32: 0x00000000
09-25 07:29:38.478 32489 32673 D RPCS3   : [02a9] NV4097_SET_VERTEX_DATA_SCALED4S_M + 36: 0x00000000
09-25 07:29:38.478 32489 32673 D RPCS3   : [02aa] NV4097_SET_VERTEX_DATA_SCALED4S_M + 40: 0x00000000
09-25 07:29:38.478 32489 32673 D RPCS3   : [02ab] NV4097_SET_VERTEX_DATA_SCALED4S_M + 44: 0x00000000
09-25 07:29:38.478 32489 32673 D RPCS3   : [02ac] NV4097_SET_VERTEX_DATA_SCALED4S_M + 48: 0x00000000
09-25 07:29:38.478 32489 32673 D RPCS3   : [02ad] NV4097_SET_VERTEX_DATA_SCALED4S_M + 52: 0x00000000
09-25 07:29:38.478 32489 32673 D RPCS3   : [02ae] NV4097_SET_VERTEX_DATA_SCALED4S_M + 56: 0x00000000
09-25 07:29:38.478 32489 32673 D RPCS3   : [02af] NV4097_SET_VERTEX_DATA_SCALED4S_M + 60: 0x00000000
09-25 07:29:38.478 32489 32673 D RPCS3   : [02b0] NV4097_SET_VERTEX_DATA_SCALED4S_M + 64: 0x00000000
09-25 07:29:38.478 32489 32673 D RPCS3   : [02b1] NV4097_SET_VERTEX_DATA_SCALED4S_M + 68: 0x00000000
09-25 07:29:38.478 32489 32673 D RPCS3   : [02b2] NV4097_SET_VERTEX_DATA_SCALED4S_M + 72: 0x00000000
09-25 07:29:38.478 32489 32673 D RPCS3   : [02b3] NV4097_SET_VERTEX_DATA_SCALED4S_M + 76: 0x00000000
09-25 07:29:38.478 32489 32673 D RPCS3   : [02b4] NV4097_SET_VERTEX_DATA_SCALED4S_M + 80: 0x00000000
09-25 07:29:38.478 32489 32673 D RPCS3   : [02b5] NV4097_SET_VERTEX_DATA_SCALED4S_M + 84: 0x00000000
09-25 07:29:38.478 32489 32673 D RPCS3   : [02b6] NV4097_SET_VERTEX_DATA_SCALED4S_M + 88: 0x00000000
09-25 07:29:38.478 32489 32673 D RPCS3   : [02b7] NV4097_SET_VERTEX_DATA_SCALED4S_M + 92: 0x00000000
09-25 07:29:38.478 32489 32673 D RPCS3   : [02b8] NV4097_SET_VERTEX_DATA_SCALED4S_M + 96: 0x00000000
09-25 07:29:38.478 32489 32673 D RPCS3   : [02b9] NV4097_SET_VERTEX_DATA_SCALED4S_M + 100: 0x00000000
09-25 07:29:38.478 32489 32673 D RPCS3   : [02ba] NV4097_SET_VERTEX_DATA_SCALED4S_M + 104: 0x00000000
09-25 07:29:38.478 32489 32673 D RPCS3   : [02bb] NV4097_SET_VERTEX_DATA_SCALED4S_M + 108: 0x00000000
09-25 07:29:38.478 32489 32673 D RPCS3   : [02bc] NV4097_SET_VERTEX_DATA_SCALED4S_M + 112: 0x00000000
09-25 07:29:38.478 32489 32673 D RPCS3   : [02bd] NV4097_SET_VERTEX_DATA_SCALED4S_M + 116: 0x00000000
09-25 07:29:38.478 32489 32673 D RPCS3   : [02be] NV4097_SET_VERTEX_DATA_SCALED4S_M + 120: 0x00000000
09-25 07:29:38.478 32489 32673 D RPCS3   : [02bf] NV4097_SET_VERTEX_DATA_SCALED4S_M + 124: 0x00000000
09-25 07:29:38.478 32489 32673 D RPCS3   : [02c0] NV4097_SET_TEXTURE_CONTROL2: 0x00002dc4
09-25 07:29:38.478 32489 32673 D RPCS3   : [02c1] NV4097_SET_TEXTURE_CONTROL2 + 4: 0x00002dc4
09-25 07:29:38.478 32489 32673 D RPCS3   : [02c2] NV4097_SET_TEXTURE_CONTROL2 + 8: 0x00002dc4
09-25 07:29:38.478 32489 32673 D RPCS3   : [02c3] NV4097_SET_TEXTURE_CONTROL2 + 12: 0x00002dc4
09-25 07:29:38.478 32489 32673 D RPCS3   : [02c4] NV4097_SET_TEXTURE_CONTROL2 + 16: 0x00002dc4
09-25 07:29:38.478 32489 32673 D RPCS3   : [02c5] NV4097_SET_TEXTURE_CONTROL2 + 20: 0x00002dc4
09-25 07:29:38.478 32489 32673 D RPCS3   : [02c6] NV4097_SET_TEXTURE_CONTROL2 + 24: 0x00002dc4
09-25 07:29:38.478 32489 32673 D RPCS3   : [02c7] NV4097_SET_TEXTURE_CONTROL2 + 28: 0x00002dc4
09-25 07:29:38.478 32489 32673 D RPCS3   : [02c8] NV4097_SET_TEXTURE_CONTROL2 + 32: 0x00002dc4
09-25 07:29:38.478 32489 32673 D RPCS3   : [02c9] NV4097_SET_TEXTURE_CONTROL2 + 36: 0x00002dc4
09-25 07:29:38.478 32489 32673 D RPCS3   : [02ca] NV4097_SET_TEXTURE_CONTROL2 + 40: 0x00002dc8
09-25 07:29:38.478 32489 32673 D RPCS3   : [02cb] NV4097_SET_TEXTURE_CONTROL2 + 44: 0x00002dc8
09-25 07:29:38.478 32489 32673 D RPCS3   : [02cc] NV4097_SET_TEXTURE_CONTROL2 + 48: 0x00002dc8
09-25 07:29:38.478 32489 32673 D RPCS3   : [02cd] NV4097_SET_TEXTURE_CONTROL2 + 52: 0x00002dc8
09-25 07:29:38.478 32489 32673 D RPCS3   : [02ce] NV4097_SET_TEXTURE_CONTROL2 + 56: 0x00002dc8
09-25 07:29:38.478 32489 32673 D RPCS3   : [02cf] NV4097_SET_TEXTURE_CONTROL2 + 60: 0x00002dc8
09-25 07:29:38.478 32489 32673 D RPCS3   : [02d0] NV4097_SET_TEX_COORD_CONTROL: 0x00000000
09-25 07:29:38.478 32489 32673 D RPCS3   : [02d1] NV4097_SET_TEX_COORD_CONTROL + 4: 0x00000000
09-25 07:29:38.478 32489 32673 D RPCS3   : [02d2] NV4097_SET_TEX_COORD_CONTROL + 8: 0x00000001
09-25 07:29:38.478 32489 32673 D RPCS3   : [02d3] NV4097_SET_TEX_COORD_CONTROL + 12: 0x00000001
09-25 07:29:38.478 32489 32673 D RPCS3   : [02d4] NV4097_SET_TEX_COORD_CONTROL + 16: 0x00000001
09-25 07:29:38.478 32489 32673 D RPCS3   : [02d5] NV4097_SET_TEX_COORD_CONTROL + 20: 0x00000000
09-25 07:29:38.478 32489 32673 D RPCS3   : [02d6] NV4097_SET_TEX_COORD_CONTROL + 24: 0x00000001
09-25 07:29:38.478 32489 32673 D RPCS3   : [02d7] NV4097_SET_TEX_COORD_CONTROL + 28: 0x00000001
09-25 07:29:38.478 32489 32673 D RPCS3   : [02d8] NV4097_SET_TEX_COORD_CONTROL + 32: 0x00000001
09-25 07:29:38.478 32489 32673 D RPCS3   : [02d9] NV4097_SET_TEX_COORD_CONTROL + 36: 0x00000001
09-25 07:29:38.478 32489 32673 D RPCS3   : [02e0] Transform Program (0): 0x401f9c6c
09-25 07:29:38.478 32489 32673 D RPCS3   : [02e1] Transform Program (1): 0x00000000
09-25 07:29:38.478 32489 32673 D RPCS3   : [02e2] Transform Program (2): 0x00000000
09-25 07:29:38.478 32489 32673 D RPCS3   : [02e3] Transform Program (3): 0x00000000
09-25 07:29:38.478 32489 32673 D RPCS3   : [02e4] Transform Program (4): 0x00000000
09-25 07:29:38.478 32489 32673 D RPCS3   : [02e5] Transform Program (5): 0x00000000
09-25 07:29:38.478 32489 32673 D RPCS3   : [02e6] Transform Program (6): 0x00000000
09-25 07:29:38.478 32489 32673 D RPCS3   : [02e7] Transform Program (7): 0x00000000
09-25 07:29:38.478 32489 32673 D RPCS3   : [02e8] Transform Program (8): 0x00000000
09-25 07:29:38.478 32489 32673 D RPCS3   : [02e9] Transform Program (9): 0x00000000
09-25 07:29:38.478 32489 32673 D RPCS3   : [02ea] Transform Program (10): 0x00000000
09-25 07:29:38.478 32489 32673 D RPCS3   : [02eb] Transform Program (11): 0x00000000
09-25 07:29:38.478 32489 32673 D RPCS3   : [02ec] Transform Program (12): 0x00000000
09-25 07:29:38.478 32489 32673 D RPCS3   : [02ed] Transform Program (13): 0x00000000
09-25 07:29:38.478 32489 32673 D RPCS3   : [02ee] Transform Program (14): 0x00000000
09-25 07:29:38.478 32489 32673 D RPCS3   : [02ef] Transform Program (15): 0x00000000
09-25 07:29:38.478 32489 32673 D RPCS3   : [02f0] Transform Program (16): 0x00000000
09-25 07:29:38.478 32489 32673 D RPCS3   : [02f1] Transform Program (17): 0x00000000
09-25 07:29:38.478 32489 32673 D RPCS3   : [02f2] Transform Program (18): 0x00000000
09-25 07:29:38.478 32489 32673 D RPCS3   : [02f3] Transform Program (19): 0x00000000
09-25 07:29:38.478 32489 32673 D RPCS3   : [02f4] Transform Program (20): 0x00000000
09-25 07:29:38.478 32489 32673 D RPCS3   : [02f5] Transform Program (21): 0x00000000
09-25 07:29:38.478 32489 32673 D RPCS3   : [02f6] Transform Program (22): 0x00000000
09-25 07:29:38.478 32489 32673 D RPCS3   : [02f7] Transform Program (23): 0x00000000
09-25 07:29:38.478 32489 32673 D RPCS3   : [02f8] Transform Program (24): 0x00000000
09-25 07:29:38.478 32489 32673 D RPCS3   : [02f9] Transform Program (25): 0x00000000
09-25 07:29:38.478 32489 32673 D RPCS3   : [02fa] Transform Program (26): 0x00000000
09-25 07:29:38.478 32489 32673 D RPCS3   : [02fb] Transform Program (27): 0x00000000
09-25 07:29:38.478 32489 32673 D RPCS3   : [02fc] Transform Program (28): 0x00000000
09-25 07:29:38.478 32489 32673 D RPCS3   : [02fd] Transform Program (29): 0x00000000
09-25 07:29:38.478 32489 32673 D RPCS3   : [02fe] Transform Program (30): 0x00000000
09-25 07:29:38.478 32489 32673 D RPCS3   : [02ff] Transform Program (31): 0x00000000
09-25 07:29:38.478 32489 32673 D RPCS3   : [050a] NV4097_SET_SPECULAR_ENABLE: 0x00000001
09-25 07:29:38.478 32489 32673 D RPCS3   : [050b] Light: per side: false
09-25 07:29:38.478 32489 32673 D RPCS3   : [050e] NV4097_CLEAR_ZCULL_SURFACE: 0x00000002
09-25 07:29:38.478 32489 32673 D RPCS3   : [0514] NV4097_SET_PERFORMANCE_PARAMS: 0x00080004
09-25 07:29:38.478 32489 32673 D RPCS3   : [0515] NV4097_SET_FLAT_SHADE_OP: 0x00000000
09-25 07:29:38.478 32489 32673 D RPCS3   : [0517] NV4097_SET_EDGE_FLAG: 0x00000001
09-25 07:29:38.478 32489 32673 D RPCS3   : [051e] User clip: UC0: disabled UC1: disabled UC2: disabled UC3: disabled UC4: disabled
09-25 07:29:38.478 32489 32673 D RPCS3   : [051f] NV4097_SET_POLYGON_STIPPLE: 0x00000000
09-25 07:29:38.478 32489 32673 D RPCS3   : [0520] NV4097_SET_POLYGON_STIPPLE_PATTERN: 0xfff7f7ff
09-25 07:29:38.478 32489 32673 D RPCS3   : [0521] NV4097_SET_POLYGON_STIPPLE_PATTERN + 1: 0xffdfdfff
09-25 07:29:38.478 32489 32673 D RPCS3   : [0522] NV4097_SET_POLYGON_STIPPLE_PATTERN + 2: 0xffbfbfff
09-25 07:29:38.478 32489 32673 D RPCS3   : [0523] NV4097_SET_POLYGON_STIPPLE_PATTERN + 3: 0xfffefeff
09-25 07:29:38.478 32489 32673 D RPCS3   : [0524] NV4097_SET_POLYGON_STIPPLE_PATTERN + 4: 0xfffbfbff
09-25 07:29:38.478 32489 32673 D RPCS3   : [0525] NV4097_SET_POLYGON_STIPPLE_PATTERN + 5: 0xff7f7fff
09-25 07:29:38.478 32489 32673 D RPCS3   : [0526] NV4097_SET_POLYGON_STIPPLE_PATTERN + 6: 0xffefefff
09-25 07:29:38.478 32489 32673 D RPCS3   : [0527] NV4097_SET_POLYGON_STIPPLE_PATTERN + 7: 0xfffdfdff
09-25 07:29:38.478 32489 32673 D RPCS3   : [0528] NV4097_SET_POLYGON_STIPPLE_PATTERN + 8: 0xf7fffff7
09-25 07:29:38.478 32489 32673 D RPCS3   : [0529] NV4097_SET_POLYGON_STIPPLE_PATTERN + 9: 0xdfffffdf
09-25 07:29:38.478 32489 32673 D RPCS3   : [052a] NV4097_SET_POLYGON_STIPPLE_PATTERN + 10: 0xbfffffbf
09-25 07:29:38.478 32489 32673 D RPCS3   : [052b] NV4097_SET_POLYGON_STIPPLE_PATTERN + 11: 0xfefffffe
09-25 07:29:38.478 32489 32673 D RPCS3   : [052c] NV4097_SET_POLYGON_STIPPLE_PATTERN + 12: 0xfbfffffb
09-25 07:29:38.478 32489 32673 D RPCS3   : [052d] NV4097_SET_POLYGON_STIPPLE_PATTERN + 13: 0x7fffff7f
09-25 07:29:38.478 32489 32673 D RPCS3   : [052e] NV4097_SET_POLYGON_STIPPLE_PATTERN + 14: 0xefffffef
09-25 07:29:38.478 32489 32673 D RPCS3   : [052f] NV4097_SET_POLYGON_STIPPLE_PATTERN + 15: 0xfdfffffd
09-25 07:29:38.478 32489 32673 D RPCS3   : [0530] NV4097_SET_POLYGON_STIPPLE_PATTERN + 16: 0xfffff7ff
09-25 07:29:38.478 32489 32673 D RPCS3   : [0531] NV4097_SET_POLYGON_STIPPLE_PATTERN + 17: 0xffffdfff
09-25 07:29:38.478 32489 32673 D RPCS3   : [0532] NV4097_SET_POLYGON_STIPPLE_PATTERN + 18: 0xffffbfff
09-25 07:29:38.478 32489 32673 D RPCS3   : [0533] NV4097_SET_POLYGON_STIPPLE_PATTERN + 19: 0xfffffeff
09-25 07:29:38.478 32489 32673 D RPCS3   : [0534] NV4097_SET_POLYGON_STIPPLE_PATTERN + 20: 0xfffffbff
09-25 07:29:38.478 32489 32673 D RPCS3   : [0535] NV4097_SET_POLYGON_STIPPLE_PATTERN + 21: 0xffff7fff
09-25 07:29:38.478 32489 32673 D RPCS3   : [0536] NV4097_SET_POLYGON_STIPPLE_PATTERN + 22: 0xffffefff
09-25 07:29:38.478 32489 32673 D RPCS3   : [0537] NV4097_SET_POLYGON_STIPPLE_PATTERN + 23: 0xfffffdff
09-25 07:29:38.478 32489 32673 D RPCS3   : [0538] NV4097_SET_POLYGON_STIPPLE_PATTERN + 24: 0xf7f7ffff
09-25 07:29:38.478 32489 32673 D RPCS3   : [0539] NV4097_SET_POLYGON_STIPPLE_PATTERN + 25: 0xdfdfffff
09-25 07:29:38.478 32489 32673 D RPCS3   : [053a] NV4097_SET_POLYGON_STIPPLE_PATTERN + 26: 0xbfbfffff
09-25 07:29:38.478 32489 32673 D RPCS3   : [053b] Unnamed method 0x053b: 0xfefeffff
09-25 07:29:38.478 32489 32673 D RPCS3   : [053c] NV4097_SET_POLYGON_STIPPLE_PATTERN + 28: 0xfbfbffff
09-25 07:29:38.478 32489 32673 D RPCS3   : [053d] NV4097_SET_POLYGON_STIPPLE_PATTERN + 29: 0x7f7fffff
09-25 07:29:38.478 32489 32673 D RPCS3   : [053e] NV4097_SET_POLYGON_STIPPLE_PATTERN + 30: 0xefefffff
09-25 07:29:38.478 32489 32673 D RPCS3   : [053f] NV4097_SET_POLYGON_STIPPLE_PATTERN + 31: 0xfdfdffff
09-25 07:29:38.478 32489 32673 D RPCS3   : [0540] NV4097_SET_VERTEX_DATA3F_M: 0x00000000
09-25 07:29:38.478 32489 32673 D RPCS3   : [0541] NV4097_SET_VERTEX_DATA3F_M + 4: 0x00000000
09-25 07:29:38.478 32489 32673 D RPCS3   : [0542] NV4097_SET_VERTEX_DATA3F_M + 8: 0x00000000
09-25 07:29:38.478 32489 32673 D RPCS3   : [0543] NV4097_SET_VERTEX_DATA3F_M + 12: 0x00000000
09-25 07:29:38.478 32489 32673 D RPCS3   : [0544] NV4097_SET_VERTEX_DATA3F_M + 16: 0x00000000
09-25 07:29:38.478 32489 32673 D RPCS3   : [0545] NV4097_SET_VERTEX_DATA3F_M + 20: 0x00000000
09-25 07:29:38.478 32489 32673 D RPCS3   : [0546] NV4097_SET_VERTEX_DATA3F_M + 24: 0x00000000
09-25 07:29:38.478 32489 32673 D RPCS3   : [0547] NV4097_SET_VERTEX_DATA3F_M + 28: 0x00000000
09-25 07:29:38.478 32489 32673 D RPCS3   : [0548] NV4097_SET_VERTEX_DATA3F_M + 32: 0x00000000
09-25 07:29:38.478 32489 32673 D RPCS3   : [0549] NV4097_SET_VERTEX_DATA3F_M + 36: 0x00000000
09-25 07:29:38.478 32489 32673 D RPCS3   : [054a] NV4097_SET_VERTEX_DATA3F_M + 40: 0x00000000
09-25 07:29:38.478 32489 32673 D RPCS3   : [054b] NV4097_SET_VERTEX_DATA3F_M + 44: 0x00000000
09-25 07:29:38.478 32489 32673 D RPCS3   : [054c] NV4097_SET_VERTEX_DATA3F_M + 48: 0x00000000
09-25 07:29:38.478 32489 32673 D RPCS3   : [054d] NV4097_SET_VERTEX_DATA3F_M + 52: 0x00000000
09-25 07:29:38.478 32489 32673 D RPCS3   : [054e] NV4097_SET_VERTEX_DATA3F_M + 56: 0x00000000
09-25 07:29:38.478 32489 32673 D RPCS3   : [054f] NV4097_SET_VERTEX_DATA3F_M + 60: 0x00000000
09-25 07:29:38.478 32489 32673 D RPCS3   : [0550] NV4097_SET_VERTEX_DATA3F_M + 64: 0x00000000
09-25 07:29:38.478 32489 32673 D RPCS3   : [0551] NV4097_SET_VERTEX_DATA3F_M + 68: 0x00000000
09-25 07:29:38.478 32489 32673 D RPCS3   : [0552] NV4097_SET_VERTEX_DATA3F_M + 72: 0x00000000
09-25 07:29:38.478 32489 32673 D RPCS3   : [0553] NV4097_SET_VERTEX_DATA3F_M + 76: 0x00000000
09-25 07:29:38.478 32489 32673 D RPCS3   : [0554] NV4097_SET_VERTEX_DATA3F_M + 80: 0x00000000
09-25 07:29:38.478 32489 32673 D RPCS3   : [0555] NV4097_SET_VERTEX_DATA3F_M + 84: 0x00000000
09-25 07:29:38.478 32489 32673 D RPCS3   : [0556] NV4097_SET_VERTEX_DATA3F_M + 88: 0x00000000
09-25 07:29:38.478 32489 32673 D RPCS3   : [0557] NV4097_SET_VERTEX_DATA3F_M + 92: 0x00000000
09-25 07:29:38.478 32489 32673 D RPCS3   : [0558] NV4097_SET_VERTEX_DATA3F_M + 96: 0x00000000
09-25 07:29:38.478 32489 32673 D RPCS3   : [0559] NV4097_SET_VERTEX_DATA3F_M + 100: 0x00000000
09-25 07:29:38.478 32489 32673 D RPCS3   : [055a] NV4097_SET_VERTEX_DATA3F_M + 104: 0x00000000
09-25 07:29:38.478 32489 32673 D RPCS3   : [055b] NV4097_SET_VERTEX_DATA3F_M + 108: 0x00000000
09-25 07:29:38.478 32489 32673 D RPCS3   : [055c] NV4097_SET_VERTEX_DATA3F_M + 112: 0x00000000
09-25 07:29:38.478 32489 32673 D RPCS3   : [055d] NV4097_SET_VERTEX_DATA3F_M + 116: 0x00000000
09-25 07:29:38.478 32489 32673 D RPCS3   : [055e] NV4097_SET_VERTEX_DATA3F_M + 120: 0x00000000
09-25 07:29:38.478 32489 32673 D RPCS3   : [055f] NV4097_SET_VERTEX_DATA3F_M + 124: 0x00000000
09-25 07:29:38.478 32489 32673 D RPCS3   : [0560] NV4097_SET_VERTEX_DATA3F_M + 128: 0x00000000
09-25 07:29:38.478 32489 32673 D RPCS3   : [0561] NV4097_SET_VERTEX_DATA3F_M + 132: 0x00000000
09-25 07:29:38.478 32489 32673 D RPCS3   : [0562] NV4097_SET_VERTEX_DATA3F_M + 136: 0x00000000
09-25 07:29:38.478 32489 32673 D RPCS3   : [0563] NV4097_SET_VERTEX_DATA3F_M + 140: 0x00000000
09-25 07:29:38.478 32489 32673 D RPCS3   : [0564] NV4097_SET_VERTEX_DATA3F_M + 144: 0x00000000
09-25 07:29:38.478 32489 32673 D RPCS3   : [0565] NV4097_SET_VERTEX_DATA3F_M + 148: 0x00000000
09-25 07:29:38.478 32489 32673 D RPCS3   : [0566] NV4097_SET_VERTEX_DATA3F_M + 152: 0x00000000
09-25 07:29:38.478 32489 32673 D RPCS3   : [0567] NV4097_SET_VERTEX_DATA3F_M + 156: 0x00000000
09-25 07:29:38.478 32489 32673 D RPCS3   : [0568] NV4097_SET_VERTEX_DATA3F_M + 160: 0x00000000
09-25 07:29:38.478 32489 32673 D RPCS3   : [0569] NV4097_SET_VERTEX_DATA3F_M + 164: 0x00000000
09-25 07:29:38.478 32489 32673 D RPCS3   : [056a] NV4097_SET_VERTEX_DATA3F_M + 168: 0x00000000
09-25 07:29:38.478 32489 32673 D RPCS3   : [056b] NV4097_SET_VERTEX_DATA3F_M + 172: 0x00000000
09-25 07:29:38.478 32489 32673 D RPCS3   : [056c] NV4097_SET_VERTEX_DATA3F_M + 176: 0x00000000
09-25 07:29:38.478 32489 32673 D RPCS3   : [056d] NV4097_SET_VERTEX_DATA3F_M + 180: 0x00000000
09-25 07:29:38.478 32489 32673 D RPCS3   : [056e] NV4097_SET_VERTEX_DATA3F_M + 184: 0x00000000
09-25 07:29:38.478 32489 32673 D RPCS3   : [056f] NV4097_SET_VERTEX_DATA3F_M + 188: 0x00000000
09-25 07:29:38.478 32489 32673 D RPCS3   : [0570] Unnamed method 0x0570: 0x00000000
09-25 07:29:38.478 32489 32673 D RPCS3   : [0571] Unnamed method 0x0571: 0x00000000
09-25 07:29:38.478 32489 32673 D RPCS3   : [0572] Unnamed method 0x0572: 0x00000000
09-25 07:29:38.478 32489 32673 D RPCS3   : [0573] Unnamed method 0x0573: 0x00000000
09-25 07:29:38.478 32489 32673 D RPCS3   : [0574] Unnamed method 0x0574: 0x00000000
09-25 07:29:38.478 32489 32673 D RPCS3   : [0575] Unnamed method 0x0575: 0x00000000
09-25 07:29:38.478 32489 32673 D RPCS3   : [0576] Unnamed method 0x0576: 0x00000000
09-25 07:29:38.478 32489 32673 D RPCS3   : [0577] Unnamed method 0x0577: 0x00000000
09-25 07:29:38.478 32489 32673 D RPCS3   : [0578] Unnamed method 0x0578: 0x00000000
09-25 07:29:38.478 32489 32673 D RPCS3   : [0579] Unnamed method 0x0579: 0x00000000
09-25 07:29:38.478 32489 32673 D RPCS3   : [057a] Unnamed method 0x057a: 0x00000000
09-25 07:29:38.478 32489 32673 D RPCS3   : [057b] Unnamed method 0x057b: 0x00000000
09-25 07:29:38.478 32489 32673 D RPCS3   : [057c] Unnamed method 0x057c: 0x00000000
09-25 07:29:38.478 32489 32673 D RPCS3   : [057d] Unnamed method 0x057d: 0x00000000
09-25 07:29:38.478 32489 32673 D RPCS3   : [057e] Unnamed method 0x057e: 0x00000000
09-25 07:29:38.478 32489 32673 D RPCS3   : [057f] Unnamed method 0x057f: 0x00000000
09-25 07:29:38.478 32489 32673 D RPCS3   : [05a0] Vertex Array 0: Offset: 0x8130c530
09-25 07:29:38.478 32489 32673 D RPCS3   : [05a1] Vertex Array 1: Offset: 0x8341870c
09-25 07:29:38.478 32489 32673 D RPCS3   : [05a2] Vertex Array 2: Offset: 0x8130c53c
09-25 07:29:38.478 32489 32673 D RPCS3   : [05a3] Vertex Array 3: Offset: 0x8000001c
09-25 07:29:38.478 32489 32673 D RPCS3   : [05a4] Vertex Array 4: Offset: 0x83e0c03e
09-25 07:29:38.478 32489 32673 D RPCS3   : [05a5] Vertex Array 5: Offset: 0x830ccc24
09-25 07:29:38.478 32489 32673 D RPCS3   : [05a6] Vertex Array 6: Offset: 0x8130c670
09-25 07:29:38.478 32489 32673 D RPCS3   : [05a7] Vertex Array 7: Offset: 0x8130c678
09-25 07:29:38.478 32489 32673 D RPCS3   : [05a8] Vertex Array 8: Offset: 0x830ccc34
09-25 07:29:38.478 32489 32673 D RPCS3   : [05a9] Vertex Array 9: Offset: 0x86de8110
09-25 07:29:38.478 32489 32673 D RPCS3   : [05aa] Vertex Array 10: Offset: 0x897e57c8
09-25 07:29:38.478 32489 32673 D RPCS3   : [05ab] Vertex Array 11: Offset: 0x0
09-25 07:29:38.478 32489 32673 D RPCS3   : [05ac] Vertex Array 12: Offset: 0x80000024
09-25 07:29:38.478 32489 32673 D RPCS3   : [05ad] Vertex Array 13: Offset: 0x85307ba8
09-25 07:29:38.478 32489 32673 D RPCS3   : [05ae] Vertex Array 14: Offset: 0x830ccc3a
09-25 07:29:38.478 32489 32673 D RPCS3   : [05af] Vertex Array 15: Offset: 0x830ccc40
09-25 07:29:38.478 32489 32673 D RPCS3   : [05c6] NV4097_PIPE_NOP: 0x00000000
09-25 07:29:38.478 32489 32673 D RPCS3   : [05c7] Unnamed method 0x05c7: 0x00000000
09-25 07:29:38.478 32489 32673 D RPCS3   : [05ce] Vertex: base offset 0x0
09-25 07:29:38.478 32489 32673 D RPCS3   : [05cf] Vertex: base index: 0
09-25 07:29:38.478 32489 32673 D RPCS3   : [05d0] Vertex Data Array 0: Type: Float, size: 3, stride: 16, frequency: 0
09-25 07:29:38.478 32489 32673 D RPCS3   : [05d1] Vertex Data Array 1 (disabled): Type: Float, size: 0, stride: 0, frequency: 0
09-25 07:29:38.478 32489 32673 D RPCS3   : [05d2] Vertex Data Array 2: Type: Half float, size: 2, stride: 16, frequency: 0
09-25 07:29:38.478 32489 32673 D RPCS3   : [05d3] Vertex Data Array 3 (disabled): Type: Float, size: 0, stride: 0, frequency: 0
09-25 07:29:38.478 32489 32673 D RPCS3   : [05d4] Vertex Data Array 4 (disabled): Type: Float, size: 0, stride: 0, frequency: 0
09-25 07:29:38.478 32489 32673 D RPCS3   : [05d5] Vertex Data Array 5 (disabled): Type: Float, size: 0, stride: 0, frequency: 0
09-25 07:29:38.478 32489 32673 D RPCS3   : [05d6] Vertex Data Array 6: Type: Half float, size: 4, stride: 12, frequency: 4
09-25 07:29:38.478 32489 32673 D RPCS3   : [05d7] Vertex Data Array 7: Type: Unsigned byte normalized, size: 4, stride: 12, frequency: 4
09-25 07:29:38.478 32489 32673 D RPCS3   : [05d8] Vertex Data Array 8 (disabled): Type: Float, size: 0, stride: 0, frequency: 0
09-25 07:29:38.478 32489 32673 D RPCS3   : [05d9] Vertex Data Array 9 (disabled): Type: Float, size: 0, stride: 0, frequency: 0
09-25 07:29:38.478 32489 32673 D RPCS3   : [05da] Vertex Data Array 10 (disabled): Type: Float, size: 0, stride: 0, frequency: 0
09-25 07:29:38.478 32489 32673 D RPCS3   : [05db] Vertex Data Array 11 (disabled): Type: Float, size: 0, stride: 0, frequency: 0
09-25 07:29:38.478 32489 32673 D RPCS3   : [05dc] Vertex Data Array 12 (disabled): Type: Float, size: 0, stride: 0, frequency: 0
09-25 07:29:38.478 32489 32673 D RPCS3   : [05dd] Vertex Data Array 13 (disabled): Type: Float, size: 0, stride: 0, frequency: 0
09-25 07:29:38.478 32489 32673 D RPCS3   : [05de] Vertex Data Array 14 (disabled): Type: Float, size: 0, stride: 0, frequency: 0
09-25 07:29:38.478 32489 32673 D RPCS3   : [05df] Vertex Data Array 15 (disabled): Type: Float, size: 0, stride: 0, frequency: 0
09-25 07:29:38.478 32489 32673 D RPCS3   : [05f2] NV4097_CLEAR_REPORT_VALUE: 0x00000001
09-25 07:29:38.478 32489 32673 D RPCS3   : [05f3] ZCULL: pixel count false
09-25 07:29:38.478 32489 32673 D RPCS3   : [0600] NV4097_GET_REPORT: 0x0110e2f0
09-25 07:29:38.478 32489 32673 D RPCS3   : [0601] ZCULL: stats false
09-25 07:29:38.478 32489 32673 D RPCS3   : [0602] Primitive: Invalid enum
09-25 07:29:38.478 32489 32673 D RPCS3   : [0603] NV4097_ARRAY_ELEMENT16: 0x00000000
09-25 07:29:38.478 32489 32673 D RPCS3   : [0604] NV4097_ARRAY_ELEMENT32: 0x00000000
09-25 07:29:38.478 32489 32673 D RPCS3   : [0605] Draw vertexes range [0, 1]
09-25 07:29:38.478 32489 32673 D RPCS3   : [0606] NV4097_INLINE_ARRAY: 0x3f800000
09-25 07:29:38.478 32489 32673 D RPCS3   : [0607] Index: array offset 0x130b300
09-25 07:29:38.478 32489 32673 D RPCS3   : [0608] Index: type: u16 dma: Main
09-25 07:29:38.478 32489 32673 D RPCS3   : [0609] Draw vertexes range {IdxArray[0], IdxArray[30]}
09-25 07:29:38.478 32489 32673 D RPCS3   : [060a] Front polygon mode: fill
09-25 07:29:38.478 32489 32673 D RPCS3   : [060b] back polygon mode: fill
09-25 07:29:38.478 32489 32673 D RPCS3   : [060c] Cull Face: back
09-25 07:29:38.478 32489 32673 D RPCS3   : [060d] Front Face: clock wise
09-25 07:29:38.478 32489 32673 D RPCS3   : [060e] Polygon: smooth: false
09-25 07:29:38.478 32489 32673 D RPCS3   : [060f] Cull face: false
09-25 07:29:38.478 32489 32673 D RPCS3   : [0610] Texture 0: Pitch: 0, Depth: 1
09-25 07:29:38.478 32489 32673 D RPCS3   : [0611] Texture 1: Pitch: 0, Depth: 1
09-25 07:29:38.478 32489 32673 D RPCS3   : [0612] Texture 2: Pitch: 256, Depth: 1
09-25 07:29:38.478 32489 32673 D RPCS3   : [0613] Texture 3: Pitch: 0, Depth: 1
09-25 07:29:38.478 32489 32673 D RPCS3   : [0614] Texture 4: Pitch: 0, Depth: 1
09-25 07:29:38.478 32489 32673 D RPCS3   : [0615] Texture 5: Pitch: 0, Depth: 1
09-25 07:29:38.478 32489 32673 D RPCS3   : [0616] Texture 6: Pitch: 0, Depth: 1
09-25 07:29:38.478 32489 32673 D RPCS3   : [0617] Texture 7: Pitch: 0, Depth: 1
09-25 07:29:38.478 32489 32673 D RPCS3   : [0618] Texture 8: Pitch: 0, Depth: 1
09-25 07:29:38.478 32489 32673 D RPCS3   : [0619] Texture 9: Pitch: 0, Depth: 1
09-25 07:29:38.478 32489 32673 D RPCS3   : [061a] Texture 10: Pitch: 8, Depth: 1
09-25 07:29:38.478 32489 32673 D RPCS3   : [061b] Texture 11: Pitch: 8, Depth: 1
09-25 07:29:38.478 32489 32673 D RPCS3   : [061c] Texture 12: Pitch: 8, Depth: 1
09-25 07:29:38.478 32489 32673 D RPCS3   : [061d] Texture 13: Pitch: 8, Depth: 1
09-25 07:29:38.478 32489 32673 D RPCS3   : [061e] Texture 14: Pitch: 8, Depth: 1
09-25 07:29:38.478 32489 32673 D RPCS3   : [061f] Texture 15: Pitch: 8, Depth: 1
09-25 07:29:38.478 32489 32673 D RPCS3   : [0620] NV4097_SET_VERTEX_DATA2F_M: 0x00000000
09-25 07:29:38.478 32489 32673 D RPCS3   : [0621] NV4097_SET_VERTEX_DATA2F_M + 4: 0x00000000
09-25 07:29:38.478 32489 32673 D RPCS3   : [0622] NV4097_SET_VERTEX_DATA2F_M + 8: 0x00000000
09-25 07:29:38.478 32489 32673 D RPCS3   : [0623] NV4097_SET_VERTEX_DATA2F_M + 12: 0x00000000
09-25 07:29:38.478 32489 32673 D RPCS3   : [0624] NV4097_SET_VERTEX_DATA2F_M + 16: 0x00000000
09-25 07:29:38.478 32489 32673 D RPCS3   : [0625] NV4097_SET_VERTEX_DATA2F_M + 20: 0x00000000
09-25 07:29:38.478 32489 32673 D RPCS3   : [0626] NV4097_SET_VERTEX_DATA2F_M + 24: 0x00000000
09-25 07:29:38.478 32489 32673 D RPCS3   : [0627] NV4097_SET_VERTEX_DATA2F_M + 28: 0x00000000
09-25 07:29:38.478 32489 32673 D RPCS3   : [0628] NV4097_SET_VERTEX_DATA2F_M + 32: 0x00000000
09-25 07:29:38.478 32489 32673 D RPCS3   : [0629] NV4097_SET_VERTEX_DATA2F_M + 36: 0x00000000
09-25 07:29:38.478 32489 32673 D RPCS3   : [062a] NV4097_SET_VERTEX_DATA2F_M + 40: 0x00000000
09-25 07:29:38.478 32489 32673 D RPCS3   : [062b] NV4097_SET_VERTEX_DATA2F_M + 44: 0x00000000
09-25 07:29:38.478 32489 32673 D RPCS3   : [062c] NV4097_SET_VERTEX_DATA2F_M + 48: 0x00000000
09-25 07:29:38.478 32489 32673 D RPCS3   : [062d] NV4097_SET_VERTEX_DATA2F_M + 52: 0x00000000
09-25 07:29:38.478 32489 32673 D RPCS3   : [062e] NV4097_SET_VERTEX_DATA2F_M + 56: 0x00000000
09-25 07:29:38.478 32489 32673 D RPCS3   : [062f] NV4097_SET_VERTEX_DATA2F_M + 60: 0x00000000
09-25 07:29:38.478 32489 32673 D RPCS3   : [0630] NV4097_SET_VERTEX_DATA2F_M + 64: 0x00000000
09-25 07:29:38.478 32489 32673 D RPCS3   : [0631] NV4097_SET_VERTEX_DATA2F_M + 68: 0x00000000
09-25 07:29:38.478 32489 32673 D RPCS3   : [0632] NV4097_SET_VERTEX_DATA2F_M + 72: 0x00000000
09-25 07:29:38.478 32489 32673 D RPCS3   : [0633] NV4097_SET_VERTEX_DATA2F_M + 76: 0x00000000
09-25 07:29:38.478 32489 32673 D RPCS3   : [0634] NV4097_SET_VERTEX_DATA2F_M + 80: 0x00000000
09-25 07:29:38.478 32489 32673 D RPCS3   : [0635] NV4097_SET_VERTEX_DATA2F_M + 84: 0x00000000
09-25 07:29:38.478 32489 32673 D RPCS3   : [0636] NV4097_SET_VERTEX_DATA2F_M + 88: 0x00000000
09-25 07:29:38.478 32489 32673 D RPCS3   : [0637] NV4097_SET_VERTEX_DATA2F_M + 92: 0x00000000
09-25 07:29:38.478 32489 32673 D RPCS3   : [0638] NV4097_SET_VERTEX_DATA2F_M + 96: 0x00000000
09-25 07:29:38.478 32489 32673 D RPCS3   : [0639] NV4097_SET_VERTEX_DATA2F_M + 100: 0x00000000
09-25 07:29:38.478 32489 32673 D RPCS3   : [063a] NV4097_SET_VERTEX_DATA2F_M + 104: 0x00000000
09-25 07:29:38.478 32489 32673 D RPCS3   : [063b] NV4097_SET_VERTEX_DATA2F_M + 108: 0x00000000
09-25 07:29:38.478 32489 32673 D RPCS3   : [063c] NV4097_SET_VERTEX_DATA2F_M + 112: 0x00000000
09-25 07:29:38.478 32489 32673 D RPCS3   : [063d] NV4097_SET_VERTEX_DATA2F_M + 116: 0x00000000
09-25 07:29:38.478 32489 32673 D RPCS3   : [063e] NV4097_SET_VERTEX_DATA2F_M + 120: 0x00000000
09-25 07:29:38.478 32489 32673 D RPCS3   : [063f] NV4097_SET_VERTEX_DATA2F_M + 124: 0x00000000
09-25 07:29:38.478 32489 32673 D RPCS3   : [0640] NV4097_SET_VERTEX_DATA2S_M: 0x00000000
09-25 07:29:38.478 32489 32673 D RPCS3   : [0641] NV4097_SET_VERTEX_DATA2S_M + 4: 0x00000000
09-25 07:29:38.478 32489 32673 D RPCS3   : [0642] NV4097_SET_VERTEX_DATA2S_M + 8: 0x00000000
09-25 07:29:38.478 32489 32673 D RPCS3   : [0643] NV4097_SET_VERTEX_DATA2S_M + 12: 0x00000000
09-25 07:29:38.478 32489 32673 D RPCS3   : [0644] NV4097_SET_VERTEX_DATA2S_M + 16: 0x00000000
09-25 07:29:38.478 32489 32673 D RPCS3   : [0645] NV4097_SET_VERTEX_DATA2S_M + 20: 0x00000000
09-25 07:29:38.478 32489 32673 D RPCS3   : [0646] NV4097_SET_VERTEX_DATA2S_M + 24: 0x00000000
09-25 07:29:38.478 32489 32673 D RPCS3   : [0647] NV4097_SET_VERTEX_DATA2S_M + 28: 0x00000000
09-25 07:29:38.478 32489 32673 D RPCS3   : [0648] NV4097_SET_VERTEX_DATA2S_M + 32: 0x00000000
09-25 07:29:38.478 32489 32673 D RPCS3   : [0649] NV4097_SET_VERTEX_DATA2S_M + 36: 0x00000000
09-25 07:29:38.478 32489 32673 D RPCS3   : [064a] NV4097_SET_VERTEX_DATA2S_M + 40: 0x00000000
09-25 07:29:38.478 32489 32673 D RPCS3   : [064b] NV4097_SET_VERTEX_DATA2S_M + 44: 0x00000000
09-25 07:29:38.478 32489 32673 D RPCS3   : [064c] NV4097_SET_VERTEX_DATA2S_M + 48: 0x00000000
09-25 07:29:38.478 32489 32673 D RPCS3   : [064d] NV4097_SET_VERTEX_DATA2S_M + 52: 0x00000000
09-25 07:29:38.478 32489 32673 D RPCS3   : [064e] NV4097_SET_VERTEX_DATA2S_M + 56: 0x00000000
09-25 07:29:38.478 32489 32673 D RPCS3   : [064f] NV4097_SET_VERTEX_DATA2S_M + 60: 0x00000000
09-25 07:29:38.478 32489 32673 D RPCS3   : [0650] NV4097_SET_VERTEX_DATA4UB_M: 0x00000000
09-25 07:29:38.478 32489 32673 D RPCS3   : [0651] NV4097_SET_VERTEX_DATA4UB_M + 4: 0x00000000
09-25 07:29:38.478 32489 32673 D RPCS3   : [0652] NV4097_SET_VERTEX_DATA4UB_M + 8: 0x00000000
09-25 07:29:38.478 32489 32673 D RPCS3   : [0653] NV4097_SET_VERTEX_DATA4UB_M + 12: 0x00000000
09-25 07:29:38.478 32489 32673 D RPCS3   : [0654] NV4097_SET_VERTEX_DATA4UB_M + 16: 0x00000000
09-25 07:29:38.478 32489 32673 D RPCS3   : [0655] NV4097_SET_VERTEX_DATA4UB_M + 20: 0x00000000
09-25 07:29:38.478 32489 32673 D RPCS3   : [0656] NV4097_SET_VERTEX_DATA4UB_M + 24: 0x00000000
09-25 07:29:38.478 32489 32673 D RPCS3   : [0657] NV4097_SET_VERTEX_DATA4UB_M + 28: 0x00000000
09-25 07:29:38.478 32489 32673 D RPCS3   : [0658] NV4097_SET_VERTEX_DATA4UB_M + 32: 0x00000000
09-25 07:29:38.478 32489 32673 D RPCS3   : [0659] NV4097_SET_VERTEX_DATA4UB_M + 36: 0x00000000
09-25 07:29:38.478 32489 32673 D RPCS3   : [065a] NV4097_SET_VERTEX_DATA4UB_M + 40: 0x00000000
09-25 07:29:38.478 32489 32673 D RPCS3   : [065b] NV4097_SET_VERTEX_DATA4UB_M + 44: 0x00000000
09-25 07:29:38.478 32489 32673 D RPCS3   : [065c] NV4097_SET_VERTEX_DATA4UB_M + 48: 0x00000000
09-25 07:29:38.478 32489 32673 D RPCS3   : [065d] NV4097_SET_VERTEX_DATA4UB_M + 52: 0x00000000
09-25 07:29:38.478 32489 32673 D RPCS3   : [065e] NV4097_SET_VERTEX_DATA4UB_M + 56: 0x00000000
09-25 07:29:38.478 32489 32673 D RPCS3   : [065f] NV4097_SET_VERTEX_DATA4UB_M + 60: 0x00000000
09-25 07:29:38.478 32489 32673 D RPCS3   : [0660] NV4097_SET_VERTEX_DATA4S_M: 0x00000000
09-25 07:29:38.478 32489 32673 D RPCS3   : [0661] NV4097_SET_VERTEX_DATA4S_M + 4: 0x00000000
09-25 07:29:38.478 32489 32673 D RPCS3   : [0662] NV4097_SET_VERTEX_DATA4S_M + 8: 0x00000000
09-25 07:29:38.478 32489 32673 D RPCS3   : [0663] NV4097_SET_VERTEX_DATA4S_M + 12: 0x00000000
09-25 07:29:38.478 32489 32673 D RPCS3   : [0664] NV4097_SET_VERTEX_DATA4S_M + 16: 0x00000000
09-25 07:29:38.478 32489 32673 D RPCS3   : [0665] NV4097_SET_VERTEX_DATA4S_M + 20: 0x00000000
09-25 07:29:38.478 32489 32673 D RPCS3   : [0666] NV4097_SET_VERTEX_DATA4S_M + 24: 0x00000000
09-25 07:29:38.478 32489 32673 D RPCS3   : [0667] NV4097_SET_VERTEX_DATA4S_M + 28: 0x00000000
09-25 07:29:38.478 32489 32673 D RPCS3   : [0668] NV4097_SET_VERTEX_DATA4S_M + 32: 0x00000000
09-25 07:29:38.478 32489 32673 D RPCS3   : [0669] NV4097_SET_VERTEX_DATA4S_M + 36: 0x00000000
09-25 07:29:38.478 32489 32673 D RPCS3   : [066a] NV4097_SET_VERTEX_DATA4S_M + 40: 0x00000000
09-25 07:29:38.478 32489 32673 D RPCS3   : [066b] NV4097_SET_VERTEX_DATA4S_M + 44: 0x00000000
09-25 07:29:38.478 32489 32673 D RPCS3   : [066c] NV4097_SET_VERTEX_DATA4S_M + 48: 0x00000000
09-25 07:29:38.478 32489 32673 D RPCS3   : [066d] NV4097_SET_VERTEX_DATA4S_M + 52: 0x00000000
09-25 07:29:38.478 32489 32673 D RPCS3   : [066e] NV4097_SET_VERTEX_DATA4S_M + 56: 0x00000000
09-25 07:29:38.478 32489 32673 D RPCS3   : [066f] NV4097_SET_VERTEX_DATA4S_M + 60: 0x00000000
09-25 07:29:38.478 32489 32673 D RPCS3   : [0670] NV4097_SET_VERTEX_DATA4S_M + 64: 0x00000000
09-25 07:29:38.478 32489 32673 D RPCS3   : [0671] NV4097_SET_VERTEX_DATA4S_M + 68: 0x00000000
09-25 07:29:38.478 32489 32673 D RPCS3   : [0672] NV4097_SET_VERTEX_DATA4S_M + 72: 0x00000000
09-25 07:29:38.478 32489 32673 D RPCS3   : [0673] NV4097_SET_VERTEX_DATA4S_M + 76: 0x00000000
09-25 07:29:38.478 32489 32673 D RPCS3   : [0674] NV4097_SET_VERTEX_DATA4S_M + 80: 0x00000000
09-25 07:29:38.478 32489 32673 D RPCS3   : [0675] NV4097_SET_VERTEX_DATA4S_M + 84: 0x00000000
09-25 07:29:38.478 32489 32673 D RPCS3   : [0676] NV4097_SET_VERTEX_DATA4S_M + 88: 0x00000000
09-25 07:29:38.478 32489 32673 D RPCS3   : [0677] NV4097_SET_VERTEX_DATA4S_M + 92: 0x00000000
09-25 07:29:38.478 32489 32673 D RPCS3   : [0678] NV4097_SET_VERTEX_DATA4S_M + 96: 0x00000000
09-25 07:29:38.478 32489 32673 D RPCS3   : [0679] NV4097_SET_VERTEX_DATA4S_M + 100: 0x00000000
09-25 07:29:38.478 32489 32673 D RPCS3   : [067a] NV4097_SET_VERTEX_DATA4S_M + 104: 0x00000000
09-25 07:29:38.478 32489 32673 D RPCS3   : [067b] NV4097_SET_VERTEX_DATA4S_M + 108: 0x00000000
09-25 07:29:38.478 32489 32673 D RPCS3   : [067c] NV4097_SET_VERTEX_DATA4S_M + 112: 0x00000000
09-25 07:29:38.478 32489 32673 D RPCS3   : [067d] NV4097_SET_VERTEX_DATA4S_M + 116: 0x00000000
09-25 07:29:38.478 32489 32673 D RPCS3   : [067e] NV4097_SET_VERTEX_DATA4S_M + 120: 0x00000000
09-25 07:29:38.478 32489 32673 D RPCS3   : [067f] NV4097_SET_VERTEX_DATA4S_M + 124: 0x00000000
09-25 07:29:38.478 32489 32673 D RPCS3   : [0680] Texture 0: Offset: 0x4672780
09-25 07:29:38.478 32489 32673 D RPCS3   : [0681] Texture 0: Local, Cubemap: false, 2D, COMPRESSED_DXT45, Mipmap: 7
09-25 07:29:38.478 32489 32673 D RPCS3   : [0682] NV4097_SET_TEXTURE_ADDRESS: 0x00710101
09-25 07:29:38.478 32489 32673 D RPCS3   : [0683] Texture 0: true, Min/Max LOD: 0/8, Max Aniso: 1, AKill: false
09-25 07:29:38.478 32489 32673 D RPCS3   : [0684] NV4097_SET_TEXTURE_CONTROL1: 0x0000aae4
09-25 07:29:38.478 32489 32673 D RPCS3   : [0685] NV4097_SET_TEXTURE_FILTER: 0x02063f00
09-25 07:29:38.478 32489 32673 D RPCS3   : [0686] Texture 0: W: 64, H: 64
09-25 07:29:38.478 32489 32673 D RPCS3   : [0687] NV4097_SET_TEXTURE_BORDER_COLOR: 0x00000000
09-25 07:29:38.478 32489 32673 D RPCS3   : [0688] Texture 1: Offset: 0x4b81380
09-25 07:29:38.478 32489 32673 D RPCS3   : [0689] Texture 1: Local, Cubemap: false, 2D, COMPRESSED_DXT1, Mipmap: 1
09-25 07:29:38.478 32489 32673 D RPCS3   : [068a] NV4097_SET_TEXTURE_ADDRESS + 0x20: 0x00710101
09-25 07:29:38.478 32489 32673 D RPCS3   : [068b] Texture 1: true, Min/Max LOD: 0/0, Max Aniso: 1, AKill: false
09-25 07:29:38.478 32489 32673 D RPCS3   : [068c] NV4097_SET_TEXTURE_CONTROL1 + 0x20: 0x0000aae4
09-25 07:29:38.478 32489 32673 D RPCS3   : [068d] NV4097_SET_TEXTURE_FILTER + 0x20: 0x02013f00
09-25 07:29:38.478 32489 32673 D RPCS3   : [068e] Texture 1: W: 32, H: 32
09-25 07:29:38.478 32489 32673 D RPCS3   : [068f] NV4097_SET_TEXTURE_BORDER_COLOR + 0x20: 0x00000000
09-25 07:29:38.478 32489 32673 D RPCS3   : [0690] Texture 2: Offset: 0x48bf900
09-25 07:29:38.478 32489 32673 D RPCS3   : [0691] Texture 2: Local, Cubemap: false, 2D, B8-LN, Mipmap: 1
09-25 07:29:38.478 32489 32673 D RPCS3   : [0692] NV4097_SET_TEXTURE_ADDRESS + 0x40: 0x00710101
09-25 07:29:38.478 32489 32673 D RPCS3   : [0693] Texture 2: false, Min/Max LOD: 0/0, Max Aniso: 1, AKill: false
09-25 07:29:38.478 32489 32673 D RPCS3   : [0694] NV4097_SET_TEXTURE_CONTROL1 + 0x40: 0x000002ff
09-25 07:29:38.478 32489 32673 D RPCS3   : [0695] NV4097_SET_TEXTURE_FILTER + 0x40: 0x02062000
09-25 07:29:38.478 32489 32673 D RPCS3   : [0696] Texture 2: W: 256, H: 256
09-25 07:29:38.478 32489 32673 D RPCS3   : [0697] NV4097_SET_TEXTURE_BORDER_COLOR + 0x40: 0x00000000
09-25 07:29:38.478 32489 32673 D RPCS3   : [0698] Texture 3: Offset: 0x461b800
09-25 07:29:38.478 32489 32673 D RPCS3   : [0699] Texture 3: Local, Cubemap: true, 2D, COMPRESSED_DXT45, Mipmap: 8
09-25 07:29:38.478 32489 32673 D RPCS3   : [069a] NV4097_SET_TEXTURE_ADDRESS + 0x60: 0x00710303
09-25 07:29:38.478 32489 32673 D RPCS3   : [069b] Texture 3: false, Min/Max LOD: 0/0, Max Aniso: 1, AKill: false
09-25 07:29:38.478 32489 32673 D RPCS3   : [069c] NV4097_SET_TEXTURE_CONTROL1 + 0x60: 0x0000aae4
09-25 07:29:38.478 32489 32673 D RPCS3   : [069d] NV4097_SET_TEXTURE_FILTER + 0x60: 0x02063f00
09-25 07:29:38.478 32489 32673 D RPCS3   : [069e] Texture 3: W: 128, H: 128
09-25 07:29:38.478 32489 32673 D RPCS3   : [069f] NV4097_SET_TEXTURE_BORDER_COLOR + 0x60: 0x00000000
09-25 07:29:38.478 32489 32673 D RPCS3   : [06a0] Texture 4: Offset: 0x4a1aa80
09-25 07:29:38.478 32489 32673 D RPCS3   : [06a1] Texture 4: Local, Cubemap: false, 2D, COMPRESSED_DXT45, Mipmap: 1
09-25 07:29:38.478 32489 32673 D RPCS3   : [06a2] NV4097_SET_TEXTURE_ADDRESS + 0x80: 0x00710101
09-25 07:29:38.478 32489 32673 D RPCS3   : [06a3] Texture 4: false, Min/Max LOD: 0/0, Max Aniso: 1, AKill: false
09-25 07:29:38.478 32489 32673 D RPCS3   : [06a4] NV4097_SET_TEXTURE_CONTROL1 + 0x80: 0x0000aae4
09-25 07:29:38.478 32489 32673 D RPCS3   : [06a5] NV4097_SET_TEXTURE_FILTER + 0x80: 0x02013f00
09-25 07:29:38.478 32489 32673 D RPCS3   : [06a6] Texture 4: W: 512, H: 256
09-25 07:29:38.478 32489 32673 D RPCS3   : [06a7] NV4097_SET_TEXTURE_BORDER_COLOR + 0x80: 0x00000000
09-25 07:29:38.478 32489 32673 D RPCS3   : [06a8] Texture 5: Offset: 0x5ed7300
09-25 07:29:38.478 32489 32673 D RPCS3   : [06a9] Texture 5: Local, Cubemap: false, 2D, COMPRESSED_DXT1, Mipmap: 11
09-25 07:29:38.478 32489 32673 D RPCS3   : [06aa] NV4097_SET_TEXTURE_ADDRESS + 0xa0: 0x00710101
09-25 07:29:38.478 32489 32673 D RPCS3   : [06ab] Texture 5: false, Min/Max LOD: 0/0, Max Aniso: 1, AKill: false
09-25 07:29:38.478 32489 32673 D RPCS3   : [06ac] NV4097_SET_TEXTURE_CONTROL1 + 0xa0: 0x0000aae4
09-25 07:29:38.478 32489 32673 D RPCS3   : [06ad] NV4097_SET_TEXTURE_FILTER + 0xa0: 0x02063f00
09-25 07:29:38.478 32489 32673 D RPCS3   : [06ae] Texture 5: W: 1024, H: 1024
09-25 07:29:38.478 32489 32673 D RPCS3   : [06af] NV4097_SET_TEXTURE_BORDER_COLOR + 0xa0: 0x00000000
09-25 07:29:38.478 32489 32673 D RPCS3   : [06b0] Texture 6: Offset: 0x5781b80
09-25 07:29:38.478 32489 32673 D RPCS3   : [06b1] Texture 6: Local, Cubemap: false, 2D, COMPRESSED_DXT1, Mipmap: 11
09-25 07:29:38.478 32489 32673 D RPCS3   : [06b2] NV4097_SET_TEXTURE_ADDRESS + 0xc0: 0x00710101
09-25 07:29:38.478 32489 32673 D RPCS3   : [06b3] Texture 6: false, Min/Max LOD: 0/0, Max Aniso: 1, AKill: false
09-25 07:29:38.478 32489 32673 D RPCS3   : [06b4] NV4097_SET_TEXTURE_CONTROL1 + 0xc0: 0x0000aae4
09-25 07:29:38.478 32489 32673 D RPCS3   : [06b5] NV4097_SET_TEXTURE_FILTER + 0xc0: 0x02063f00
09-25 07:29:38.478 32489 32673 D RPCS3   : [06b6] Texture 6: W: 2048, H: 1024
09-25 07:29:38.478 32489 32673 D RPCS3   : [06b7] NV4097_SET_TEXTURE_BORDER_COLOR + 0xc0: 0x00000000
09-25 07:29:38.478 32489 32673 D RPCS3   : [06b8] Texture 7: Offset: 0xa878f80
09-25 07:29:38.478 32489 32673 D RPCS3   : [06b9] Texture 7: Local, Cubemap: false, 2D, COMPRESSED_DXT1, Mipmap: 12
09-25 07:29:38.478 32489 32673 D RPCS3   : [06ba] NV4097_SET_TEXTURE_ADDRESS + 0xe0: 0x00710101
09-25 07:29:38.478 32489 32673 D RPCS3   : [06bb] Texture 7: false, Min/Max LOD: 0/0, Max Aniso: 1, AKill: false
09-25 07:29:38.478 32489 32673 D RPCS3   : [06bc] NV4097_SET_TEXTURE_CONTROL1 + 0xe0: 0x0000aae4
09-25 07:29:38.478 32489 32673 D RPCS3   : [06bd] NV4097_SET_TEXTURE_FILTER + 0xe0: 0x02063f00
09-25 07:29:38.478 32489 32673 D RPCS3   : [06be] Texture 7: W: 2048, H: 2048
09-25 07:29:38.478 32489 32673 D RPCS3   : [06bf] NV4097_SET_TEXTURE_BORDER_COLOR + 0xe0: 0x00000000
09-25 07:29:38.478 32489 32673 D RPCS3   : [06c0] Texture 8: Offset: 0x8d58780
09-25 07:29:38.478 32489 32673 D RPCS3   : [06c1] Texture 8: Local, Cubemap: false, 2D, COMPRESSED_DXT1, Mipmap: 11
09-25 07:29:38.478 32489 32673 D RPCS3   : [06c2] NV4097_SET_TEXTURE_ADDRESS + 0x100: 0x00710101
09-25 07:29:38.478 32489 32673 D RPCS3   : [06c3] Texture 8: false, Min/Max LOD: 0/0, Max Aniso: 1, AKill: false
09-25 07:29:38.478 32489 32673 D RPCS3   : [06c4] NV4097_SET_TEXTURE_CONTROL1 + 0x100: 0x0000aae4
09-25 07:29:38.478 32489 32673 D RPCS3   : [06c5] NV4097_SET_TEXTURE_FILTER + 0x100: 0x02063f00
09-25 07:29:38.478 32489 32673 D RPCS3   : [06c6] Texture 8: W: 1024, H: 1024
09-25 07:29:38.478 32489 32673 D RPCS3   : [06c7] NV4097_SET_TEXTURE_BORDER_COLOR + 0x100: 0x00000000
09-25 07:29:38.478 32489 32673 D RPCS3   : [06c8] Texture 9: Offset: 0x9fa3880
09-25 07:29:38.478 32489 32673 D RPCS3   : [06c9] Texture 9: Local, Cubemap: false, 2D, COMPRESSED_DXT1, Mipmap: 11
09-25 07:29:38.478 32489 32673 D RPCS3   : [06ca] NV4097_SET_TEXTURE_ADDRESS + 0x120: 0x00710101
09-25 07:29:38.478 32489 32673 D RPCS3   : [06cb] Texture 9: false, Min/Max LOD: 0/0, Max Aniso: 1, AKill: false
09-25 07:29:38.478 32489 32673 D RPCS3   : [06cc] NV4097_SET_TEXTURE_CONTROL1 + 0x120: 0x0000aae4
09-25 07:29:38.478 32489 32673 D RPCS3   : [06cd] NV4097_SET_TEXTURE_FILTER + 0x120: 0x02063f00
09-25 07:29:38.478 32489 32673 D RPCS3   : [06ce] Texture 9: W: 1024, H: 1024
09-25 07:29:38.478 32489 32673 D RPCS3   : [06cf] NV4097_SET_TEXTURE_BORDER_COLOR + 0x120: 0x00000000
09-25 07:29:38.478 32489 32673 D RPCS3   : [06d0] Texture 10: Offset: 0x0
09-25 07:29:38.478 32489 32673 D RPCS3   : [06d1] Texture 10: Local, Cubemap: false, 2D, R5G6B5, Mipmap: 1
09-25 07:29:38.478 32489 32673 D RPCS3   : [06d2] NV4097_SET_TEXTURE_ADDRESS + 0x140: 0x00030101
09-25 07:29:38.478 32489 32673 D RPCS3   : [06d3] Texture 10: false, Min/Max LOD: 0/0, Max Aniso: 1, AKill: false
09-25 07:29:38.478 32489 32673 D RPCS3   : [06d4] NV4097_SET_TEXTURE_CONTROL1 + 0x140: 0x0000aae4
09-25 07:29:38.478 32489 32673 D RPCS3   : [06d5] NV4097_SET_TEXTURE_FILTER + 0x140: 0x02052000
09-25 07:29:38.478 32489 32673 D RPCS3   : [06d6] Texture 10: W: 8, H: 8
09-25 07:29:38.478 32489 32673 D RPCS3   : [06d7] NV4097_SET_TEXTURE_BORDER_COLOR + 0x140: 0x00000000
09-25 07:29:38.478 32489 32673 D RPCS3   : [06d8] Texture 11: Offset: 0x0
09-25 07:29:38.478 32489 32673 D RPCS3   : [06d9] Texture 11: Local, Cubemap: false, 2D, R5G6B5, Mipmap: 1
09-25 07:29:38.478 32489 32673 D RPCS3   : [06da] NV4097_SET_TEXTURE_ADDRESS + 0x160: 0x00030101
09-25 07:29:38.478 32489 32673 D RPCS3   : [06db] Texture 11: false, Min/Max LOD: 0/0, Max Aniso: 1, AKill: false
09-25 07:29:38.478 32489 32673 D RPCS3   : [06dc] NV4097_SET_TEXTURE_CONTROL1 + 0x160: 0x0000aae4
09-25 07:29:38.478 32489 32673 D RPCS3   : [06dd] NV4097_SET_TEXTURE_FILTER + 0x160: 0x02052000
09-25 07:29:38.478 32489 32673 D RPCS3   : [06de] Texture 11: W: 8, H: 8
09-25 07:29:38.479 32489 32673 D RPCS3   : [06df] NV4097_SET_TEXTURE_BORDER_COLOR + 0x160: 0x00000000
09-25 07:29:38.479 32489 32673 D RPCS3   : [06e0] Texture 12: Offset: 0x0
09-25 07:29:38.479 32489 32673 D RPCS3   : [06e1] Texture 12: Local, Cubemap: false, 2D, R5G6B5, Mipmap: 1
09-25 07:29:38.479 32489 32673 D RPCS3   : [06e2] NV4097_SET_TEXTURE_ADDRESS + 0x180: 0x00030101
09-25 07:29:38.479 32489 32673 D RPCS3   : [06e3] Texture 12: false, Min/Max LOD: 0/0, Max Aniso: 1, AKill: false
09-25 07:29:38.479 32489 32673 D RPCS3   : [06e4] NV4097_SET_TEXTURE_CONTROL1 + 0x180: 0x0000aae4
09-25 07:29:38.479 32489 32673 D RPCS3   : [06e5] NV4097_SET_TEXTURE_FILTER + 0x180: 0x02052000
09-25 07:29:38.479 32489 32673 D RPCS3   : [06e6] Texture 12: W: 8, H: 8
09-25 07:29:38.479 32489 32673 D RPCS3   : [06e7] NV4097_SET_TEXTURE_BORDER_COLOR + 0x180: 0x00000000
09-25 07:29:38.479 32489 32673 D RPCS3   : [06e8] Texture 13: Offset: 0x0
09-25 07:29:38.479 32489 32673 D RPCS3   : [06e9] Texture 13: Local, Cubemap: false, 2D, R5G6B5, Mipmap: 1
09-25 07:29:38.479 32489 32673 D RPCS3   : [06ea] NV4097_SET_TEXTURE_ADDRESS + 0x1a0: 0x00030101
09-25 07:29:38.479 32489 32673 D RPCS3   : [06eb] Texture 13: false, Min/Max LOD: 0/0, Max Aniso: 1, AKill: false
09-25 07:29:38.479 32489 32673 D RPCS3   : [06ec] NV4097_SET_TEXTURE_CONTROL1 + 0x1a0: 0x0000aae4
09-25 07:29:38.479 32489 32673 D RPCS3   : [06ed] NV4097_SET_TEXTURE_FILTER + 0x1a0: 0x02052000
09-25 07:29:38.479 32489 32673 D RPCS3   : [06ee] Texture 13: W: 8, H: 8
09-25 07:29:38.479 32489 32673 D RPCS3   : [06ef] NV4097_SET_TEXTURE_BORDER_COLOR + 0x1a0: 0x00000000
09-25 07:29:38.479 32489 32673 D RPCS3   : [06f0] Texture 14: Offset: 0x0
09-25 07:29:38.479 32489 32673 D RPCS3   : [06f1] Texture 14: Local, Cubemap: false, 2D, R5G6B5, Mipmap: 1
09-25 07:29:38.479 32489 32673 D RPCS3   : [06f2] NV4097_SET_TEXTURE_ADDRESS + 0x1c0: 0x00030101
09-25 07:29:38.479 32489 32673 D RPCS3   : [06f3] Texture 14: false, Min/Max LOD: 0/0, Max Aniso: 1, AKill: false
09-25 07:29:38.479 32489 32673 D RPCS3   : [06f4] NV4097_SET_TEXTURE_CONTROL1 + 0x1c0: 0x0000aae4
09-25 07:29:38.479 32489 32673 D RPCS3   : [06f5] NV4097_SET_TEXTURE_FILTER + 0x1c0: 0x02052000
09-25 07:29:38.479 32489 32673 D RPCS3   : [06f6] Texture 14: W: 8, H: 8
09-25 07:29:38.479 32489 32673 D RPCS3   : [06f7] NV4097_SET_TEXTURE_BORDER_COLOR + 0x1c0: 0x00000000
09-25 07:29:38.479 32489 32673 D RPCS3   : [06f8] Texture 15: Offset: 0x0
09-25 07:29:38.479 32489 32673 D RPCS3   : [06f9] Texture 15: Local, Cubemap: false, 2D, R5G6B5, Mipmap: 1
09-25 07:29:38.479 32489 32673 D RPCS3   : [06fa] NV4097_SET_TEXTURE_ADDRESS + 0x1e0: 0x00030101
09-25 07:29:38.479 32489 32673 D RPCS3   : [06fb] Texture 15: false, Min/Max LOD: 0/0, Max Aniso: 1, AKill: false
09-25 07:29:38.479 32489 32673 D RPCS3   : [06fc] NV4097_SET_TEXTURE_CONTROL1 + 0x1e0: 0x0000aae4
09-25 07:29:38.479 32489 32673 D RPCS3   : [06fd] NV4097_SET_TEXTURE_FILTER + 0x1e0: 0x02052000
09-25 07:29:38.479 32489 32673 D RPCS3   : [06fe] Texture 15: W: 8, H: 8
09-25 07:29:38.479 32489 32673 D RPCS3   : [06ff] NV4097_SET_TEXTURE_BORDER_COLOR + 0x1e0: 0x00000000
09-25 07:29:38.479 32489 32673 D RPCS3   : [0700] NV4097_SET_VERTEX_DATA4F_M: 0x00000000
09-25 07:29:38.479 32489 32673 D RPCS3   : [0701] NV4097_SET_VERTEX_DATA4F_M + 4: 0x00000000
09-25 07:29:38.479 32489 32673 D RPCS3   : [0702] NV4097_SET_VERTEX_DATA4F_M + 8: 0x00000000
09-25 07:29:38.479 32489 32673 D RPCS3   : [0703] NV4097_SET_VERTEX_DATA4F_M + 12: 0x00000000
09-25 07:29:38.479 32489 32673 D RPCS3   : [0704] NV4097_SET_VERTEX_DATA4F_M + 16: 0x00000000
09-25 07:29:38.479 32489 32673 D RPCS3   : [0705] NV4097_SET_VERTEX_DATA4F_M + 20: 0x00000000
09-25 07:29:38.479 32489 32673 D RPCS3   : [0706] NV4097_SET_VERTEX_DATA4F_M + 24: 0x00000000
09-25 07:29:38.479 32489 32673 D RPCS3   : [0707] NV4097_SET_VERTEX_DATA4F_M + 28: 0x00000000
09-25 07:29:38.479 32489 32673 D RPCS3   : [0708] NV4097_SET_VERTEX_DATA4F_M + 32: 0x00000000
09-25 07:29:38.479 32489 32673 D RPCS3   : [0709] NV4097_SET_VERTEX_DATA4F_M + 36: 0x00000000
09-25 07:29:38.479 32489 32673 D RPCS3   : [070a] NV4097_SET_VERTEX_DATA4F_M + 40: 0x00000000
09-25 07:29:38.479 32489 32673 D RPCS3   : [070b] NV4097_SET_VERTEX_DATA4F_M + 44: 0x00000000
09-25 07:29:38.479 32489 32673 D RPCS3   : [070c] NV4097_SET_VERTEX_DATA4F_M + 48: 0x00000000
09-25 07:29:38.479 32489 32673 D RPCS3   : [070d] NV4097_SET_VERTEX_DATA4F_M + 52: 0x00000000
09-25 07:29:38.479 32489 32673 D RPCS3   : [070e] NV4097_SET_VERTEX_DATA4F_M + 56: 0x00000000
09-25 07:29:38.479 32489 32673 D RPCS3   : [070f] NV4097_SET_VERTEX_DATA4F_M + 60: 0x00000000
09-25 07:29:38.479 32489 32673 D RPCS3   : [0710] NV4097_SET_VERTEX_DATA4F_M + 64: 0x00000000
09-25 07:29:38.479 32489 32673 D RPCS3   : [0711] NV4097_SET_VERTEX_DATA4F_M + 68: 0x00000000
09-25 07:29:38.479 32489 32673 D RPCS3   : [0712] NV4097_SET_VERTEX_DATA4F_M + 72: 0x00000000
09-25 07:29:38.479 32489 32673 D RPCS3   : [0713] NV4097_SET_VERTEX_DATA4F_M + 76: 0x00000000
09-25 07:29:38.479 32489 32673 D RPCS3   : [0714] NV4097_SET_VERTEX_DATA4F_M + 80: 0x00000000
09-25 07:29:38.479 32489 32673 D RPCS3   : [0715] NV4097_SET_VERTEX_DATA4F_M + 84: 0x00000000
09-25 07:29:38.479 32489 32673 D RPCS3   : [0716] NV4097_SET_VERTEX_DATA4F_M + 88: 0x00000000
09-25 07:29:38.479 32489 32673 D RPCS3   : [0717] NV4097_SET_VERTEX_DATA4F_M + 92: 0x00000000
09-25 07:29:38.479 32489 32673 D RPCS3   : [0718] NV4097_SET_VERTEX_DATA4F_M + 96: 0x00000000
09-25 07:29:38.479 32489 32673 D RPCS3   : [0719] NV4097_SET_VERTEX_DATA4F_M + 100: 0x00000000
09-25 07:29:38.479 32489 32673 D RPCS3   : [071a] NV4097_SET_VERTEX_DATA4F_M + 104: 0x00000000
09-25 07:29:38.479 32489 32673 D RPCS3   : [071b] NV4097_SET_VERTEX_DATA4F_M + 108: 0x00000000
09-25 07:29:38.479 32489 32673 D RPCS3   : [071c] NV4097_SET_VERTEX_DATA4F_M + 112: 0x00000000
09-25 07:29:38.479 32489 32673 D RPCS3   : [071d] NV4097_SET_VERTEX_DATA4F_M + 116: 0x00000000
09-25 07:29:38.479 32489 32673 D RPCS3   : [071e] NV4097_SET_VERTEX_DATA4F_M + 120: 0x00000000
09-25 07:29:38.479 32489 32673 D RPCS3   : [071f] NV4097_SET_VERTEX_DATA4F_M + 124: 0x00000000
09-25 07:29:38.479 32489 32673 D RPCS3   : [0720] NV4097_SET_VERTEX_DATA4F_M + 128: 0x00000000
09-25 07:29:38.479 32489 32673 D RPCS3   : [0721] NV4097_SET_VERTEX_DATA4F_M + 132: 0x00000000
09-25 07:29:38.479 32489 32673 D RPCS3   : [0722] NV4097_SET_VERTEX_DATA4F_M + 136: 0x00000000
09-25 07:29:38.479 32489 32673 D RPCS3   : [0723] NV4097_SET_VERTEX_DATA4F_M + 140: 0x00000000
09-25 07:29:38.479 32489 32673 D RPCS3   : [0724] NV4097_SET_VERTEX_DATA4F_M + 144: 0x00000000
09-25 07:29:38.479 32489 32673 D RPCS3   : [0725] NV4097_SET_VERTEX_DATA4F_M + 148: 0x00000000
09-25 07:29:38.479 32489 32673 D RPCS3   : [0726] NV4097_SET_VERTEX_DATA4F_M + 152: 0x00000000
09-25 07:29:38.479 32489 32673 D RPCS3   : [0727] NV4097_SET_VERTEX_DATA4F_M + 156: 0x00000000
09-25 07:29:38.479 32489 32673 D RPCS3   : [0728] NV4097_SET_VERTEX_DATA4F_M + 160: 0x00000000
09-25 07:29:38.479 32489 32673 D RPCS3   : [0729] NV4097_SET_VERTEX_DATA4F_M + 164: 0x00000000
09-25 07:29:38.479 32489 32673 D RPCS3   : [072a] NV4097_SET_VERTEX_DATA4F_M + 168: 0x00000000
09-25 07:29:38.479 32489 32673 D RPCS3   : [072b] NV4097_SET_VERTEX_DATA4F_M + 172: 0x00000000
09-25 07:29:38.479 32489 32673 D RPCS3   : [072c] NV4097_SET_VERTEX_DATA4F_M + 176: 0x00000000
09-25 07:29:38.479 32489 32673 D RPCS3   : [072d] NV4097_SET_VERTEX_DATA4F_M + 180: 0x00000000
09-25 07:29:38.479 32489 32673 D RPCS3   : [072e] NV4097_SET_VERTEX_DATA4F_M + 184: 0x00000000
09-25 07:29:38.479 32489 32673 D RPCS3   : [072f] NV4097_SET_VERTEX_DATA4F_M + 188: 0x00000000
09-25 07:29:38.479 32489 32673 D RPCS3   : [0730] NV4097_SET_VERTEX_DATA4F_M + 192: 0x00000000
09-25 07:29:38.479 32489 32673 D RPCS3   : [0731] NV4097_SET_VERTEX_DATA4F_M + 196: 0x00000000
09-25 07:29:38.479 32489 32673 D RPCS3   : [0732] NV4097_SET_VERTEX_DATA4F_M + 200: 0x00000000
09-25 07:29:38.479 32489 32673 D RPCS3   : [0733] NV4097_SET_VERTEX_DATA4F_M + 204: 0x00000000
09-25 07:29:38.479 32489 32673 D RPCS3   : [0734] NV4097_SET_VERTEX_DATA4F_M + 208: 0x00000000
09-25 07:29:38.479 32489 32673 D RPCS3   : [0735] NV4097_SET_VERTEX_DATA4F_M + 212: 0x00000000
09-25 07:29:38.479 32489 32673 D RPCS3   : [0736] NV4097_SET_VERTEX_DATA4F_M + 216: 0x00000000
09-25 07:29:38.479 32489 32673 D RPCS3   : [0737] NV4097_SET_VERTEX_DATA4F_M + 220: 0x00000000
09-25 07:29:38.479 32489 32673 D RPCS3   : [0738] NV4097_SET_VERTEX_DATA4F_M + 224: 0x00000000
09-25 07:29:38.479 32489 32673 D RPCS3   : [0739] NV4097_SET_VERTEX_DATA4F_M + 228: 0x00000000
09-25 07:29:38.479 32489 32673 D RPCS3   : [073a] NV4097_SET_VERTEX_DATA4F_M + 232: 0x00000000
09-25 07:29:38.479 32489 32673 D RPCS3   : [073b] NV4097_SET_VERTEX_DATA4F_M + 236: 0x00000000
09-25 07:29:38.479 32489 32673 D RPCS3   : [073c] NV4097_SET_VERTEX_DATA4F_M + 240: 0x00000000
09-25 07:29:38.479 32489 32673 D RPCS3   : [073d] NV4097_SET_VERTEX_DATA4F_M + 244: 0x00000000
09-25 07:29:38.479 32489 32673 D RPCS3   : [073e] NV4097_SET_VERTEX_DATA4F_M + 248: 0x00000000
09-25 07:29:38.479 32489 32673 D RPCS3   : [073f] NV4097_SET_VERTEX_DATA4F_M + 252: 0x00000000
09-25 07:29:38.479 32489 32673 D RPCS3   : [0740] NV4097_SET_COLOR_KEY_COLOR: 0x00000000
09-25 07:29:38.479 32489 32673 D RPCS3   : [0741] Unnamed method 0x0741: 0x00000000
09-25 07:29:38.479 32489 32673 D RPCS3   : [0742] Unnamed method 0x0742: 0x00000000
09-25 07:29:38.479 32489 32673 D RPCS3   : [0743] Unnamed method 0x0743: 0x00000000
09-25 07:29:38.479 32489 32673 D RPCS3   : [0744] Unnamed method 0x0744: 0x00000000
09-25 07:29:38.479 32489 32673 D RPCS3   : [0745] Unnamed method 0x0745: 0x00000000
09-25 07:29:38.479 32489 32673 D RPCS3   : [0746] Unnamed method 0x0746: 0x00000000
09-25 07:29:38.479 32489 32673 D RPCS3   : [0747] Unnamed method 0x0747: 0x00000000
09-25 07:29:38.479 32489 32673 D RPCS3   : [0748] Unnamed method 0x0748: 0x00000000
09-25 07:29:38.479 32489 32673 D RPCS3   : [0749] Unnamed method 0x0749: 0x00000000
09-25 07:29:38.479 32489 32673 D RPCS3   : [074a] Unnamed method 0x074a: 0x00000000
09-25 07:29:38.479 32489 32673 D RPCS3   : [074b] Unnamed method 0x074b: 0x00000000
09-25 07:29:38.479 32489 32673 D RPCS3   : [074c] Unnamed method 0x074c: 0x00000000
09-25 07:29:38.479 32489 32673 D RPCS3   : [074d] Unnamed method 0x074d: 0x00000000
09-25 07:29:38.479 32489 32673 D RPCS3   : [074e] Unnamed method 0x074e: 0x00000000
09-25 07:29:38.479 32489 32673 D RPCS3   : [074f] Unnamed method 0x074f: 0x00000000
09-25 07:29:38.479 32489 32673 D RPCS3   : [0758] Shader control: raw_value: 0x2000400 reg_count: 2
09-25 07:29:38.479 32489 32673 D RPCS3   : [0759] NV4097_SET_INDEXED_CONSTANT_READ_LIMITS: 0x02000000
09-25 07:29:38.479 32489 32673 D RPCS3   : [075b] NV4097 semaphore: offset: 0x480
09-25 07:29:38.479 32489 32673 D RPCS3   : [075c] NV4097_BACK_END_WRITE_SEMAPHORE_RELEASE: 0x00d40900
09-25 07:29:38.479 32489 32673 D RPCS3   : [075d] NV4097_TEXTURE_READ_SEMAPHORE_RELEASE: 0x00000001
09-25 07:29:38.479 32489 32673 D RPCS3   : [075e] NV4097_SET_ZMIN_MAX_CONTROL: 0x00000001
09-25 07:29:38.479 32489 32673 D RPCS3   : [075f] Anti_aliasing: false alpha_to_coverage: false alpha_to_one: false sample_mask: 65535
09-25 07:29:38.479 32489 32673 D RPCS3   : [0760] NV4097_SET_SURFACE_COMPRESSION: 0x00000003
09-25 07:29:38.479 32489 32673 D RPCS3   : [0761] ZCULL: true
09-25 07:29:38.479 32489 32673 D RPCS3   : [0762] Viewport: height: 720 origin: bottom pixel center: half
09-25 07:29:38.479 32489 32673 D RPCS3   : [0763] Clear: Z24 = 16777215, z16 = 65280, Stencil = 0
09-25 07:29:38.479 32489 32673 D RPCS3   : [0764] Clear: R = 0 G = 0 B = 0 A = 0
09-25 07:29:38.479 32489 32673 D RPCS3   : [0765] NV4097_CLEAR_SURFACE: 0x00000001
09-25 07:29:38.479 32489 32673 D RPCS3   : [0766] Clear: rect x: 0 width: 4095
09-25 07:29:38.479 32489 32673 D RPCS3   : [0767] Clear: rect y: 0 height: 4095
09-25 07:29:38.479 32489 32673 D RPCS3   : [0769] NV4097_SET_CLIP_ID_TEST_ENABLE: 0x00000000
09-25 07:29:38.479 32489 32673 D RPCS3   : [076b] Restart Index: false
09-25 07:29:38.479 32489 32673 D RPCS3   : [076c] Restart index: 4294967295
09-25 07:29:38.479 32489 32673 D RPCS3   : [076d] NV4097_SET_LINE_STIPPLE: 0x00000000
09-25 07:29:38.479 32489 32673 D RPCS3   : [076e] NV4097_SET_LINE_STIPPLE_PATTERN: 0x00000000
09-25 07:29:38.479 32489 32673 D RPCS3   : [0790] NV4097_SET_VERTEX_DATA1F_M: 0x00000000
09-25 07:29:38.479 32489 32673 D RPCS3   : [0791] NV4097_SET_VERTEX_DATA1F_M + 4: 0x00000000
09-25 07:29:38.479 32489 32673 D RPCS3   : [0792] NV4097_SET_VERTEX_DATA1F_M + 8: 0x00000000
09-25 07:29:38.479 32489 32673 D RPCS3   : [0793] NV4097_SET_VERTEX_DATA1F_M + 12: 0x00000000
09-25 07:29:38.479 32489 32673 D RPCS3   : [0794] NV4097_SET_VERTEX_DATA1F_M + 16: 0x00000000
09-25 07:29:38.479 32489 32673 D RPCS3   : [0795] NV4097_SET_VERTEX_DATA1F_M + 20: 0x00000000
09-25 07:29:38.479 32489 32673 D RPCS3   : [0796] NV4097_SET_VERTEX_DATA1F_M + 24: 0x00000000
09-25 07:29:38.479 32489 32673 D RPCS3   : [0797] NV4097_SET_VERTEX_DATA1F_M + 28: 0x00000000
09-25 07:29:38.479 32489 32673 D RPCS3   : [0798] NV4097_SET_VERTEX_DATA1F_M + 32: 0x00000000
09-25 07:29:38.479 32489 32673 D RPCS3   : [0799] NV4097_SET_VERTEX_DATA1F_M + 36: 0x00000000
09-25 07:29:38.479 32489 32673 D RPCS3   : [079a] NV4097_SET_VERTEX_DATA1F_M + 40: 0x00000000
09-25 07:29:38.479 32489 32673 D RPCS3   : [079b] NV4097_SET_VERTEX_DATA1F_M + 44: 0x00000000
09-25 07:29:38.479 32489 32673 D RPCS3   : [079c] NV4097_SET_VERTEX_DATA1F_M + 48: 0x00000000
09-25 07:29:38.479 32489 32673 D RPCS3   : [079d] NV4097_SET_VERTEX_DATA1F_M + 52: 0x00000000
09-25 07:29:38.479 32489 32673 D RPCS3   : [079e] NV4097_SET_VERTEX_DATA1F_M + 56: 0x00000000
09-25 07:29:38.479 32489 32673 D RPCS3   : [079f] NV4097_SET_VERTEX_DATA1F_M + 60: 0x00000000
09-25 07:29:38.479 32489 32673 D RPCS3   : [07a5] NV4097_SET_TRANSFORM_EXECUTION_MODE: 0x00000011
09-25 07:29:38.479 32489 32673 D RPCS3   : [07a6] NV4097_SET_RENDER_ENABLE: 0x01000000
09-25 07:29:38.479 32489 32673 D RPCS3   : [07a7] Transform Program Load: 8
09-25 07:29:38.479 32489 32673 D RPCS3   : [07a8] Transform program: start: 0
09-25 07:29:38.479 32489 32673 D RPCS3   : [07a9] NV4097_SET_ZCULL_CONTROL0: 0x00000010
09-25 07:29:38.479 32489 32673 D RPCS3   : [07aa] NV4097_SET_ZCULL_CONTROL1: 0xffff0000
09-25 07:29:38.479 32489 32673 D RPCS3   : [07ab] NV4097_SET_SCULL_CONTROL: 0x5f000002
09-25 07:29:38.479 32489 32673 D RPCS3   : [07b8] NV4097_SET_POINT_SIZE: 0x3f800000
09-25 07:29:38.479 32489 32673 D RPCS3   : [07b9] NV4097_SET_POINT_PARAMS_ENABLE: 0x00000000
09-25 07:29:38.479 32489 32673 D RPCS3   : [07ba] NV4097_SET_POINT_SPRITE_CONTROL: 0x00000000
09-25 07:29:38.479 32489 32673 D RPCS3   : [07be] NV4097_SET_TRANSFORM_TIMEOUT: 0x0020ffff
09-25 07:29:38.479 32489 32673 D RPCS3   : [07bf] Transform constant load: 3
09-25 07:29:38.479 32489 32673 D RPCS3   : [07c0] TransformConstant[0].x: 0 (0x00000000)
09-25 07:29:38.479 32489 32673 D RPCS3   : [07c1] TransformConstant[0].y: 0 (0x00000000)
09-25 07:29:38.479 32489 32673 D RPCS3   : [07c2] TransformConstant[0].z: 0 (0x00000000)
09-25 07:29:38.479 32489 32673 D RPCS3   : [07c3] TransformConstant[0].w: 0 (0x00000000)
09-25 07:29:38.479 32489 32673 D RPCS3   : [07c4] TransformConstant[1].x: 0 (0x00000000)
09-25 07:29:38.479 32489 32673 D RPCS3   : [07c5] TransformConstant[1].y: 0 (0x00000000)
09-25 07:29:38.479 32489 32673 D RPCS3   : [07c6] TransformConstant[1].z: 0 (0x00000000)
09-25 07:29:38.479 32489 32673 D RPCS3   : [07c7] TransformConstant[1].w: 0 (0x00000000)
09-25 07:29:38.479 32489 32673 D RPCS3   : [07c8] TransformConstant[2].x: 0 (0x00000000)
09-25 07:29:38.479 32489 32673 D RPCS3   : [07c9] TransformConstant[2].y: 0 (0x00000000)
09-25 07:29:38.479 32489 32673 D RPCS3   : [07ca] TransformConstant[2].z: 0 (0x00000000)
09-25 07:29:38.479 32489 32673 D RPCS3   : [07cb] TransformConstant[2].w: 0 (0x00000000)
09-25 07:29:38.479 32489 32673 D RPCS3   : [07cc] TransformConstant[3].x: 0 (0x00000000)
09-25 07:29:38.479 32489 32673 D RPCS3   : [07cd] TransformConstant[3].y: 0 (0x00000000)
09-25 07:29:38.479 32489 32673 D RPCS3   : [07ce] TransformConstant[3].z: 0 (0x00000000)
09-25 07:29:38.479 32489 32673 D RPCS3   : [07cf] TransformConstant[3].w: 0 (0x00000000)
09-25 07:29:38.479 32489 32673 D RPCS3   : [07d0] TransformConstant[4].x: 0 (0x00000000)
09-25 07:29:38.479 32489 32673 D RPCS3   : [07d1] TransformConstant[4].y: 0 (0x00000000)
09-25 07:29:38.479 32489 32673 D RPCS3   : [07d2] TransformConstant[4].z: 0 (0x00000000)
09-25 07:29:38.479 32489 32673 D RPCS3   : [07d3] TransformConstant[4].w: 0 (0x00000000)
09-25 07:29:38.479 32489 32673 D RPCS3   : [07d4] TransformConstant[5].x: 0 (0x00000000)
09-25 07:29:38.479 32489 32673 D RPCS3   : [07d5] TransformConstant[5].y: 0 (0x00000000)
09-25 07:29:38.479 32489 32673 D RPCS3   : [07d6] TransformConstant[5].z: 0 (0x00000000)
09-25 07:29:38.479 32489 32673 D RPCS3   : [07d7] TransformConstant[5].w: 0 (0x00000000)
09-25 07:29:38.479 32489 32673 D RPCS3   : [07d8] TransformConstant[6].x: 0 (0x00000000)
09-25 07:29:38.479 32489 32673 D RPCS3   : [07d9] TransformConstant[6].y: 0 (0x00000000)
09-25 07:29:38.479 32489 32673 D RPCS3   : [07da] TransformConstant[6].z: 0 (0x00000000)
09-25 07:29:38.479 32489 32673 D RPCS3   : [07db] TransformConstant[6].w: 0 (0x00000000)
09-25 07:29:38.479 32489 32673 D RPCS3   : [07dc] TransformConstant[7].x: 0 (0x00000000)
09-25 07:29:38.479 32489 32673 D RPCS3   : [07dd] TransformConstant[7].y: 0 (0x00000000)
09-25 07:29:38.479 32489 32673 D RPCS3   : [07de] TransformConstant[7].z: 0 (0x00000000)
09-25 07:29:38.479 32489 32673 D RPCS3   : [07df] TransformConstant[7].w: 0 (0x00000000)
09-25 07:29:38.479 32489 32673 D RPCS3   : [07f0] Frequency divider: (none)
09-25 07:29:38.479 32489 32673 D RPCS3   : [07f1] NV4097_SET_ATTRIB_COLOR: 0x06144321
09-25 07:29:38.479 32489 32673 D RPCS3   : [07f2] NV4097_SET_ATTRIB_TEX_COORD: 0xedcba987
09-25 07:29:38.479 32489 32673 D RPCS3   : [07f3] NV4097_SET_ATTRIB_TEX_COORD_EX: 0x0000006f
09-25 07:29:38.479 32489 32673 D RPCS3   : [07f4] NV4097_SET_ATTRIB_UCLIP0: 0x00171615
09-25 07:29:38.479 32489 32673 D RPCS3   : [07f5] NV4097_SET_ATTRIB_UCLIP1: 0x001b1a19
09-25 07:29:38.479 32489 32673 D RPCS3   : [07f8] NV4097_SET_REDUCE_DST_COLOR: 0x00000001
09-25 07:29:38.479 32489 32673 D RPCS3   : [07fa] NV4097_SET_NO_PARANOID_TEXTURE_FETCHES: 0x00000000
09-25 07:29:38.479 32489 32673 D RPCS3   : [07fb] NV4097_SET_SHADER_PACKER: 0x00000001
09-25 07:29:38.479 32489 32673 D RPCS3   : [07fc] Transform program enabled inputs: in_pos in_normal in_point_size in_7
09-25 07:29:38.479 32489 32673 D RPCS3   : [07fd] Transform program outputs: tc0 tc1 tc5
09-25 07:29:38.479 32489 32673 D RPCS3   : [07fe] NV4097_SET_TRANSFORM_BRANCH_BITS: 0x00000000
09-25 07:29:38.479 32489 32673 D RPCS3   : [0800] NV0039_SET_OBJECT: 0x31337303
09-25 07:29:38.479 32489 32673 D RPCS3   : [0840] Unnamed method 0x0840: 0x00000000
09-25 07:29:38.479 32489 32673 D RPCS3   : [0860] NV0039_SET_CONTEXT_DMA_NOTIFIES: 0x66604200
09-25 07:29:38.479 32489 32673 D RPCS3   : [0861] NV0039: input DMA: Main-Buffer
09-25 07:29:38.479 32489 32673 D RPCS3   : [0862] NV0039: output DMA: Local-Buffer
09-25 07:29:38.479 32489 32673 D RPCS3   : [08c3] NV0039: input offset: 00x0
09-25 07:29:38.479 32489 32673 D RPCS3   : [08c4] NV0039: output offset: 0x0
09-25 07:29:38.479 32489 32673 D RPCS3   : [08c5] NV0039: input pitch: 0
09-25 07:29:38.479 32489 32673 D RPCS3   : [08c6] NV0039: output pitch: 0
09-25 07:29:38.479 32489 32673 D RPCS3   : [08c7] NV0039: line length input: 0
09-25 07:29:38.479 32489 32673 D RPCS3   : [08c8] NV0039: line count: 0
09-25 07:29:38.479 32489 32673 D RPCS3   : [08c9] NV0039: input format = 1, output format = 1
09-25 07:29:38.479 32489 32673 D RPCS3   : [08ca] NV0039_BUFFER_NOTIFY: 0x00000000
09-25 07:29:38.479 32489 32673 D RPCS3   : [1800] NV3062_SET_OBJECT: 0x313371c3
09-25 07:29:38.479 32489 32673 D RPCS3   : [1860] NV3062_SET_CONTEXT_DMA_NOTIFIES: 0x66604200
09-25 07:29:38.479 32489 32673 D RPCS3   : [1861] NV3062_SET_CONTEXT_DMA_IMAGE_SOURCE: 0xfeed0001
09-25 07:29:38.479 32489 32673 D RPCS3   : [1862] NV3062: output DMA: Main-Buffer
09-25 07:29:38.479 32489 32673 D RPCS3   : [18c0] NV3062: output fmt: y32
09-25 07:29:38.479 32489 32673 D RPCS3   : [18c1] Blit engine: output alignment: 4096 pitch: 4096
09-25 07:29:38.479 32489 32673 D RPCS3   : [18c2] NV3062_SET_OFFSET_SOURCE: 0x00000000
09-25 07:29:38.479 32489 32673 D RPCS3   : [18c3] NV3062: output offset: 0x3d0d500
09-25 07:29:38.479 32489 32673 D RPCS3   : [2000] NV309E_SET_OBJECT: 0x31337a73
09-25 07:29:38.479 32489 32673 D RPCS3   : [2060] NV309E_SET_CONTEXT_DMA_NOTIFIES: 0x66604200
09-25 07:29:38.479 32489 32673 D RPCS3   : [2061] NV309E: output DMA: Local-Buffer
09-25 07:29:38.479 32489 32673 D RPCS3   : [20c0] NV309E: output fmt: a8r8g8b8 log2-width: 0 log2-height: 1
09-25 07:29:38.479 32489 32673 D RPCS3   : [20c1] NV309E: offset: 0x0
09-25 07:29:38.479 32489 32673 D RPCS3   : [2800] NV308A_SET_OBJECT: 0x31337808
09-25 07:29:38.479 32489 32673 D RPCS3   : [2860] NV308A_SET_CONTEXT_DMA_NOTIFIES: 0x66604200
09-25 07:29:38.479 32489 32673 D RPCS3   : [2861] NV308A_SET_CONTEXT_COLOR_KEY: 0x00000000
09-25 07:29:38.479 32489 32673 D RPCS3   : [2862] NV308A_SET_CONTEXT_CLIP_RECTANGLE: 0x00000000
09-25 07:29:38.479 32489 32673 D RPCS3   : [2863] NV308A_SET_CONTEXT_PATTERN: 0x00000000
09-25 07:29:38.479 32489 32673 D RPCS3   : [2864] NV308A_SET_CONTEXT_ROP: 0x00000000
09-25 07:29:38.479 32489 32673 D RPCS3   : [2865] NV308A_SET_CONTEXT_BETA1: 0x00000000
09-25 07:29:38.479 32489 32673 D RPCS3   : [2866] NV308A_SET_CONTEXT_BETA4: 0x00000000
09-25 07:29:38.479 32489 32673 D RPCS3   : [2867] NV308A_SET_CONTEXT_SURFACE: 0x313371c3
09-25 07:29:38.479 32489 32673 D RPCS3   : [28be] NV308A_SET_COLOR_CONVERSION: 0x00000000
09-25 07:29:38.479 32489 32673 D RPCS3   : [28bf] NV308A_SET_OPERATION: 0x00000003
09-25 07:29:38.479 32489 32673 D RPCS3   : [28c0] NV308A_SET_COLOR_FORMAT: 0x00000004
09-25 07:29:38.479 32489 32673 D RPCS3   : [28c1] NV308A: x: 8 y: 0
09-25 07:29:38.479 32489 32673 D RPCS3   : [28c2] NV308A_SIZE_OUT: 0x00010004
09-25 07:29:38.479 32489 32673 D RPCS3   : [28c3] NV308A_SIZE_IN: 0x00010004
09-25 07:29:38.479 32489 32673 D RPCS3   : [3060] NV3089_SET_CONTEXT_DMA_NOTIFIES: 0x66604200
09-25 07:29:38.479 32489 32673 D RPCS3   : [3061] NV3089: input DMA: Local-Buffer
09-25 07:29:38.479 32489 32673 D RPCS3   : [3062] NV3089_SET_CONTEXT_PATTERN: 0x00000000
09-25 07:29:38.479 32489 32673 D RPCS3   : [3063] NV3089_SET_CONTEXT_ROP: 0x00000000
09-25 07:29:38.479 32489 32673 D RPCS3   : [3064] NV3089_SET_CONTEXT_BETA1: 0x00000000
09-25 07:29:38.479 32489 32673 D RPCS3   : [3065] NV3089_SET_CONTEXT_BETA4: 0x00000000
09-25 07:29:38.479 32489 32673 D RPCS3   : [3066] NV3089: context surface: surface 2d
09-25 07:29:38.479 32489 32673 D RPCS3   : [30bf] NV3089_SET_COLOR_CONVERSION: 0x00000001
09-25 07:29:38.479 32489 32673 D RPCS3   : [30c0] NV3089: source fmt: a8r8g8b8
09-25 07:29:38.479 32489 32673 D RPCS3   : [30c1] NV3089: op: srccopy
09-25 07:29:38.479 32489 32673 D RPCS3   : [30c2] Blit engine: clip x: 0 y: 0
09-25 07:29:38.479 32489 32673 D RPCS3   : [30c3] Blit engine: clip width: 352 height: 1
09-25 07:29:38.479 32489 32673 D RPCS3   : [30c4] Blit engine: output x: 0 y: 0
09-25 07:29:38.479 32489 32673 D RPCS3   : [30c5] Blit engine: output width: 352 height: 1
09-25 07:29:38.479 32489 32673 D RPCS3   : [30c6] NV3089: DS DX: 1
09-25 07:29:38.479 32489 32673 D RPCS3   : [30c7] NV3089: DT DY: 1
09-25 07:29:38.479 32489 32673 D RPCS3   : [3100] Blit engine: input width: 352 height: 1
09-25 07:29:38.479 32489 32673 D RPCS3   : [3101] NV3089: input fmt: 1408 origin: corner interp: zoh
09-25 07:29:38.479 32489 32673 D RPCS3   : [3102] NV3089: input offset: 0xbd74400
09-25 07:29:38.479 32489 32673 D RPCS3   : [3103] NV3089: in x = 0 y = 0
09-25 07:29:38.479 32489 32673 D RPCS3   : [3800] SET_DRIVER_OBJECT: 0xcafebabe
09-25 07:29:38.479 32489 32673 D RPCS3   : [3a48] FLIP_HEAD: 0x00000000
09-25 07:29:38.479 32489 32673 D RPCS3   : [3a49] FLIP_HEAD + 0x4: 0x8000010f
09-25 07:29:38.479 32489 32673 D RPCS3   : [3a50] DRIVER_QUEUE + 0x0: 0x00000000
09-25 07:29:38.479 32489 32673 D RPCS3   : [3a51] DRIVER_QUEUE + 0x4: 0x00000001
09-25 07:29:38.479 32489 32673 D RPCS3   : [3a52] Unnamed method 0x3a52: 0x00000000
09-25 07:29:38.479 32489 32673 D RPCS3   : [3a53] Unnamed method 0x3a53: 0x00000000
09-25 07:29:38.479 32489 32673 D RPCS3   : [3a54] Unnamed method 0x3a54: 0x00000000
09-25 07:29:38.479 32489 32673 D RPCS3   : [3a55] Unnamed method 0x3a55: 0x00000000
09-25 07:29:38.479 32489 32673 D RPCS3   : [3a56] Unnamed method 0x3a56: 0x00000000
09-25 07:29:38.479 32489 32673 D RPCS3   : [3a57] Unnamed method 0x3a57: 0x00000000
09-25 07:29:38.479 32489 32673 D RPCS3   : [3ac0] SET_USER_COMMAND: 0x00000000
09-25 07:29:38.479 32489 32673 D RPCS3   : [3ac1] Unnamed method 0x3ac1: 0x00000000
09-25 07:29:38.479 32489 32673 D RPCS3   : [3c7e] Unnamed method 0x3c7e: 0x00000000
09-25 07:29:38.479 32489 32673 D RPCS3   : [3fab] FLIP_COMMAND: 0x00000000
09-25 07:29:38.479 32489 32673 D RPCS3   : 
09-25 07:29:38.479 32489 32673 D RPCS3   : Call stack:
09-25 07:29:38.479 32489 32673 D RPCS3   : =========
09-25 07:29:38.479 32489 32673 D RPCS3   : 0x0016ec80 (0x0) called
09-25 07:29:38.479 32489 32673 D RPCS3   : > from 0x00a27de8 (sp=0x00000000)
09-25 07:29:38.479 32489 32673 D RPCS3   : 
09-25 07:29:38.479 32489 32673 D RPCS3   : [0016ec00] ( )    NV406E semaphore: offset: 0x520
09-25 07:29:38.479 32489 32673 D RPCS3   : [0016ec08] ( )    NV406E semaphore: release: 0x3016ec00
09-25 07:29:38.479 32489 32673 D RPCS3   : [0016ec10] ( )    NV4097 semaphore: offset: 0x4f0
09-25 07:29:38.479 32489 32673 D RPCS3   : [0016ec18] ( )    NV4097_TEXTURE_READ_SEMAPHORE_RELEASE: 0x00000001
09-25 07:29:38.479 32489 32673 D RPCS3   : [0016ec20] ( )    NV4097_GET_REPORT: 0x0110e2f0
09-25 07:29:38.479 32489 32673 D RPCS3   : [0016ec28] ( )    NV4097 semaphore: offset: 0x480
09-25 07:29:38.479 32489 32673 D RPCS3   : [0016ec30] ( )    NV4097_BACK_END_WRITE_SEMAPHORE_RELEASE: 0x00d40900
09-25 07:29:38.479 32489 32673 D RPCS3   : [0016ec38] ( )    NV406E Ref: 0x000009d4
09-25 07:29:38.479 32489 32673 D RPCS3   : [0016ec40] ( )    NV406E semaphore: offset: 0x10
09-25 07:29:38.479 32489 32673 D RPCS3   : [0016ec48] ( )    NV406E semaphore: acquire: 0x0
09-25 07:29:38.479 32489 32673 D RPCS3   : [0016ec50] ( )    DRIVER_QUEUE + 0x4: 0x00000001
09-25 07:29:38.479 32489 32673 D RPCS3   : [0016ec58] ( )    NV406E semaphore: context: DEVICE-R
09-25 07:29:38.479 32489 32673 D RPCS3   : [0016ec60] ( )    NV406E semaphore: offset: 0x30
09-25 07:29:38.479 32489 32673 D RPCS3   : [0016ec68] ( )    NV406E semaphore: release: 0x0
09-25 07:29:38.479 32489 32673 D RPCS3   : [0016ec70] ( )    NV406E semaphore: offset: 0x30
09-25 07:29:38.479 32489 32673 D RPCS3   : [0016ec78] ( )    NV406E semaphore: acquire: 0x1
09-25 07:29:38.479 32489 32673 D RPCS3   : [0016ec80] (x)    call 0x0000000
09-25 07:29:38.479 32489 32673 D RPCS3   : [0016ec84] ( )    NV406E semaphore: offset: 0x10
09-25 07:29:38.479 32489 32673 D RPCS3   : [0016ec8c] ( )    NV406E semaphore: release: 0xffffffff
09-25 07:29:38.479 32489 32673 D RPCS3   : [0016ec94] ( )    FLIP_HEAD + 0x4: 0x8000010f
09-25 07:29:38.479 32489 32673 D RPCS3   : [0016ec9c] ( )    Surface: Color target(s): surface A
09-25 07:29:38.479 32489 32673 D RPCS3   : [0016eca4] ( )    Surface: color mask A = true R = true G = true B = true
09-25 07:29:38.479 32489 32673 D RPCS3   : [0016ecac] ( )    NV4097_SET_COLOR_MASK_MRT: 0x0000fff0
09-25 07:29:38.479 32489 32673 D RPCS3   : [0016ecb4] ( )    Front Face: counter clock wise
09-25 07:29:38.479 32489 32673 D RPCS3   : [0016ecbc] ( )    NV4097_SET_ATTRIB_TEX_COORD_EX: 0x0000006f
09-25 07:29:38.479 32489 32673 D RPCS3   : [0016ecc4] ( )    REPORT: context DMA: memory host buffer
09-25 07:29:38.479 32489 32673 D RPCS3   : [0016eccc] ( )    NV4097_SET_PERFORMANCE_PARAMS: 0x00080004
09-25 07:29:38.479 32489 32673 D RPCS3   : [0016ecd4] ( )    (invalidate vertex cache file)
09-25 07:29:38.479 32489 32673 D RPCS3   : [0016ecdc] ( )    (invalidate vertex file)
09-25 07:29:38.479 32489 32673 D RPCS3   : [0016ece4] ( )    NV4097_INVALIDATE_L2: 0x00000001
09-25 07:29:38.479 32489 32673 F RPCS3   : Thread terminated due to fatal error: Dead FIFO commands queue state has been detected!
09-25 07:29:38.479 32489 32673 F RPCS3   : Try increasing "Driver Wake-Up Delay" setting or setting "RSX FIFO Accuracy" to "Atomic", both in Advanced settings. Called from 
09-25 07:29:38.479 32489 32673 F RPCS3   : (in file /home/abhaybyte/repos/samba-s3/app/src/main/cpp/rpcsx/rpcs3/Emu/RSX/RSXFIFO.cpp:725[:6], in function 'void rsx::thread::run_FIFO()') (errno=22=Invalid argument)
09-25 07:29:38.479 32489 32673 F RPCS3   : (in file /home/abhaybyte/repos/samba-s3/app/src/main/cpp/rpcsx/rpcs3/Emu/RSX/RSXThread.cpp:2670[:4], in function 'void rsx::thread::recover_fifo(std::source_location)') (errno=22=Invalid argument)
09-25 07:29:38.486 32489 32671 W libc    : Access denied finding property "vendor.mesa.spirv.dump.path"
09-25 07:29:38.486 32489 32671 W libc    : Access denied finding property "vendor.mesa.spirv.read.path"
09-25 07:29:38.505 32489 32673 D RPCS3   : Thread time: 39.344313s (0.000000Gc); Faults: 2580 [rsx:2580, spu:0]; [soft:850238 hard:0]; Switches:[vol:24840 unvol:35630]; Wait:[53.078s, spur:0]
09-25 07:29:38.506 32489 32673 W RPCS3   : CPU Thread 'rsx::thread' terminated abnormally!
09-25 07:29:38.518 32489 32670 I RPCS3   : Program compiled successfully
09-25 07:29:38.599 32489 32489 W Bundle  : Key battery_low expected Integer but value was a java.lang.Boolean.  The default value 0 was returned.
09-25 07:29:38.599 32489 32489 W Bundle  : Attempt to cast generated internal exception:
09-25 07:29:38.599 32489 32489 W Bundle  : java.lang.ClassCastException: java.lang.Boolean cannot be cast to java.lang.Integer
09-25 07:29:38.599 32489 32489 W Bundle  : 	at android.os.BaseBundle.getInt(BaseBundle.java:1348)
09-25 07:29:38.599 32489 32489 W Bundle  : 	at android.content.Intent.getIntExtra(Intent.java:9617)
09-25 07:29:38.599 32489 32489 W Bundle  : 	at oy0.b0(r8-map-id-17f7c70882317d4204493123240a7bf10e0c883fb95f59a42ca18332ce6a96ad:47)
09-25 07:29:38.599 32489 32489 W Bundle  : 	at qa.onReceive(r8-map-id-17f7c70882317d4204493123240a7bf10e0c883fb95f59a42ca18332ce6a96ad:16)
09-25 07:29:38.599 32489 32489 W Bundle  : 	at android.app.LoadedApk$ReceiverDispatcher$Args.lambda$getRunnable$0(LoadedApk.java:1931)
09-25 07:29:38.599 32489 32489 W Bundle  : 	at android.app.LoadedApk$ReceiverDispatcher$Args.$r8$lambda$mcNAAl1SQ4MyJPyDg8TJ2x2h0Rk(Unknown Source:0)
09-25 07:29:38.599 32489 32489 W Bundle  : 	at android.app.LoadedApk$ReceiverDispatcher$Args$$ExternalSyntheticLambda0.run(D8$$SyntheticClass:0)
09-25 07:29:38.599 32489 32489 W Bundle  : 	at android.os.Handler.handleCallback(Handler.java:1070)
09-25 07:29:38.599 32489 32489 W Bundle  : 	at android.os.Handler.dispatchMessage(Handler.java:125)
09-25 07:29:38.599 32489 32489 W Bundle  : 	at android.os.Looper.dispatchMessage(Looper.java:333)
09-25 07:29:38.599 32489 32489 W Bundle  : 	at android.os.Looper.loopOnce(Looper.java:263)
09-25 07:29:38.599 32489 32489 W Bundle  : 	at android.os.Looper.loop(Looper.java:367)
09-25 07:29:38.599 32489 32489 W Bundle  : 	at android.app.ActivityThread.main(ActivityThread.java:9328)
09-25 07:29:38.599 32489 32489 W Bundle  : 	at java.lang.reflect.Method.invoke(Native Method)
09-25 07:29:38.599 32489 32489 W Bundle  : 	at com.android.internal.os.RuntimeInit$MethodAndArgsCaller.run(RuntimeInit.java:569)
09-25 07:29:38.599 32489 32489 W Bundle  : 	at com.android.internal.os.ZygoteInit.main(ZygoteInit.java:929)
09-25 07:29:38.638 32489 32630 D RPCS3   : CPU Usage: Total: 82.5%, Cores: 0.0%, 0.0%, 0.0%, 0.0%, 0.0%, 0.0%, 0.0%, 0.0%
09-25 07:29:38.764 32489 32527 D S3PERF  : crosscheck source=surface presented=2514 json_fps=12.5368 json_frametime_ms=58.357
09-25 07:29:38.764 32489 32655 D RPCS3   : PPU Syscall Usage Stats:
09-25 07:29:38.764 32489 32655 D RPCS3   : 	⁂ sys_timer_usleep [257816]
09-25 07:29:38.764 32489 32655 D RPCS3   : 	⁂ _sys_lwcond_queue_wait [105037]
09-25 07:29:38.764 32489 32655 D RPCS3   : 	⁂ _sys_lwmutex_lock [101144]
09-25 07:29:38.764 32489 32655 D RPCS3   : 	⁂ _sys_lwmutex_unlock [97301]
09-25 07:29:38.764 32489 32655 D RPCS3   : 	⁂ _sys_lwcond_signal [63281]
09-25 07:29:38.764 32489 32655 D RPCS3   : 	⁂ _sys_lwcond_signal_all [40495]
09-25 07:29:38.764 32489 32655 D RPCS3   : 	⁂ sys_event_queue_receive [28744]
09-25 07:29:38.764 32489 32655 D RPCS3   : 	⁂ sys_time_get_current_time [28501]
09-25 07:29:38.764 32489 32655 D RPCS3   : 	⁂ sys_fs_read [16424]
09-25 07:29:38.764 32489 32655 D RPCS3   : 	⁂ sys_fs_write [14254]
09-25 07:29:38.764 32489 32655 D RPCS3   : 	⁂ sys_event_port_send [9809]
09-25 07:29:38.764 32489 32655 D RPCS3   : 	⁂ sys_event_flag_wait [2912]
09-25 07:29:38.764 32489 32655 D RPCS3   : 	⁂ sys_event_flag_clear [2912]
09-25 07:29:38.764 32489 32655 D RPCS3   : 	⁂ sys_fs_fsync [2376]
09-25 07:29:38.764 32489 32655 D RPCS3   : 	⁂ sys_fs_lseek [2046]
09-25 07:29:38.764 32489 32655 D RPCS3   : 	⁂ _sys_lwmutex_trylock [109]
09-25 07:29:38.764 32489 32655 D RPCS3   : 	⁂ sys_tty_write [38]
09-25 07:29:38.766 32489 32671 I RPCS3   : Program compiled successfully
09-25 07:29:39.298 32489   504 E RPCS3   : Video au decode has been waiting for a consumer for 5 seconds. (handle=0xf0000300, seq_id=1, cmd_id=63, queue_size=61)
09-25 07:29:39.682 32489 32527 D S3PERF  : crosscheck ui_snapshot_fps=12.5368 ui_snapshot_frametime_ms=58.357
09-25 07:29:39.986 32489 32527 D S3PERF  : crosscheck source=surface presented=2514 json_fps=12.5368 json_frametime_ms=58.357
09-25 07:29:40.898 32489 32489 W DefaultDispatch: type=1400 audit(0.0:6952705): avc:  denied  { search } for  name="zram0" dev="sysfs" ino=107524 scontext=u:r:untrusted_app:s0:c207,c257,c512,c768 tcontext=u:object_r:sysfs_zram:s0 tclass=dir permissive=0 app=com.zenithblue.sambas3
09-25 07:29:40.898 32489 32489 W DefaultDispatch: type=1400 audit(0.0:6952706): avc:  denied  { search } for  name="zram0" dev="sysfs" ino=107524 scontext=u:r:untrusted_app:s0:c207,c257,c512,c768 tcontext=u:object_r:sysfs_zram:s0 tclass=dir permissive=0 app=com.zenithblue.sambas3
09-25 07:29:41.369 32489 32489 W DebugPad: BUTTON SQUARE d1=0 d2=128 press 120ms request_id=s3-1790301581322817029-1827017-27348
09-25 07:29:41.489 32489 32489 W DebugPad: BUTTON SQUARE release request_id=s3-1790301581322817029-1827017-27348
09-25 07:29:44.431 32489   504 E RPCS3   : Video au decode has been waiting for a consumer for 5 seconds. (handle=0xf0000300, seq_id=1, cmd_id=63, queue_size=61)
09-25 07:29:47.313 32489 32527 D S3PERF  : GPU load [/sys/class/kgsl/kgsl-3d0/gpubusy]: raw='0       0' -> load=null%
09-25 07:29:48.636 32489 32630 D RPCS3   : CPU Usage: Total: 47.2%, Cores: 0.0%, 0.0%, 0.0%, 0.0%, 0.0%, 0.0%, 0.0%, 0.0%
09-25 07:29:48.763 32489 32655 D RPCS3   : PPU Syscall Usage Stats:
09-25 07:29:48.763 32489 32655 D RPCS3   : 	⁂ sys_timer_usleep [362044]
09-25 07:29:48.763 32489 32655 D RPCS3   : 	⁂ _sys_lwcond_queue_wait [106048]
09-25 07:29:48.763 32489 32655 D RPCS3   : 	⁂ _sys_lwmutex_lock [101996]
09-25 07:29:48.763 32489 32655 D RPCS3   : 	⁂ _sys_lwmutex_unlock [97681]
09-25 07:29:48.763 32489 32655 D RPCS3   : 	⁂ _sys_lwcond_signal [63477]
09-25 07:29:48.763 32489 32655 D RPCS3   : 	⁂ _sys_lwcond_signal_all [40779]
09-25 07:29:48.763 32489 32655 D RPCS3   : 	⁂ sys_event_queue_receive [33068]
09-25 07:29:48.763 32489 32655 D RPCS3   : 	⁂ sys_time_get_current_time [28633]
09-25 07:29:48.763 32489 32655 D RPCS3   : 	⁂ sys_fs_read [16475]
09-25 07:29:48.763 32489 32655 D RPCS3   : 	⁂ sys_event_port_send [11604]
09-25 07:29:48.763 32489 32655 D RPCS3   : 	⁂ sys_fs_lseek [2071]
09-25 07:29:49.524 32489   504 E RPCS3   : Video au decode has been waiting for a consumer for 5 seconds. (handle=0xf0000300, seq_id=1, cmd_id=63, queue_size=61)
09-25 07:29:49.826 32489 32489 W DefaultDispatch: type=1400 audit(0.0:6952707): avc:  denied  { search } for  name="zram0" dev="sysfs" ino=107524 scontext=u:r:untrusted_app:s0:c207,c257,c512,c768 tcontext=u:object_r:sysfs_zram:s0 tclass=dir permissive=0 app=com.zenithblue.sambas3
09-25 07:29:49.826 32489 32489 W DefaultDispatch: type=1400 audit(0.0:6952708): avc:  denied  { search } for  name="zram0" dev="sysfs" ino=107524 scontext=u:r:untrusted_app:s0:c207,c257,c512,c768 tcontext=u:object_r:sysfs_zram:s0 tclass=dir permissive=0 app=com.zenithblue.sambas3
09-25 07:29:50.461 32489 32489 W DebugPad: BUTTON SQUARE d1=0 d2=128 press 120ms request_id=s3-1790301590428272938-1827300-9009
09-25 07:29:50.582 32489 32489 W DebugPad: BUTTON SQUARE release request_id=s3-1790301590428272938-1827300-9009
09-25 07:29:54.423 32489 32489 I S3TOUCH : root action=down x=1387 y=114
09-25 07:29:54.423 32489 32489 I S3TOUCH : monitor action=down consumed=false
09-25 07:29:54.423 32489 32489 I S3TOUCH : pad action=down menu=false
09-25 07:29:54.429 32489 32674 D RPCS3   : FRONTEND_MENU home-request consumed
09-25 07:29:54.435 32489 32489 I S3HOME  : source=NativeFrontendEvent edge=down action=open state=Running
09-25 07:29:54.435 32489 32527 D RPCS3   : FRONTEND_MENU begin isPaused=0 wasRunning=1
09-25 07:29:54.435 32489 32527 I RPCS3   : Emulation is being paused... (mark=0)
09-25 07:29:54.435 32489 32527 D RPCS3   : FRONTEND_MENU begin pausedByMenu=1
09-25 07:29:54.438 32489 32527 D RPCS3   : Loading RPCN config. Path: /storage/emulated/0/Android/data/com.zenithblue.sambas3/files/config/rpcn.yml
09-25 07:29:54.441 32489 32504 W qdgralloc: getInterlacedFlag: getMetaData returned 3, defaulting to interlaced_flag = 0
09-25 07:29:54.468 32489 32489 I S3PERF  : monitor enabled=true intervalMs=300
09-25 07:29:54.469 32489 32489 I S3MENU  : paused-frame captured generation=1 1920x872
09-25 07:29:54.630 32489   504 E RPCS3   : Video au decode has been waiting for a consumer for 5 seconds. (handle=0xf0000300, seq_id=1, cmd_id=63, queue_size=61)
09-25 07:29:54.763 32489 32655 D RPCS3   : PPU Syscall Usage Stats:
09-25 07:29:54.763 32489 32655 D RPCS3   : 	⁂ sys_timer_usleep [421481]
09-25 07:29:54.763 32489 32655 D RPCS3   : 	⁂ _sys_lwcond_queue_wait [106656]
09-25 07:29:54.763 32489 32655 D RPCS3   : 	⁂ _sys_lwmutex_lock [102510]
09-25 07:29:54.763 32489 32655 D RPCS3   : 	⁂ _sys_lwmutex_unlock [97921]
09-25 07:29:54.763 32489 32655 D RPCS3   : 	⁂ _sys_lwcond_signal [63599]
09-25 07:29:54.763 32489 32655 D RPCS3   : 	⁂ _sys_lwcond_signal_all [40952]
09-25 07:29:54.763 32489 32655 D RPCS3   : 	⁂ sys_event_queue_receive [35544]
09-25 07:29:54.763 32489 32655 D RPCS3   : 	⁂ sys_time_get_current_time [28716]
09-25 07:29:54.763 32489 32655 D RPCS3   : 	⁂ sys_fs_read [16508]
09-25 07:29:54.763 32489 32655 D RPCS3   : 	⁂ sys_fs_write [14254]
09-25 07:29:54.763 32489 32655 D RPCS3   : 	⁂ sys_event_port_send [12647]
09-25 07:29:54.763 32489 32655 D RPCS3   : 	⁂ sys_event_flag_wait [2912]
09-25 07:29:54.763 32489 32655 D RPCS3   : 	⁂ sys_event_flag_clear [2912]
09-25 07:29:54.763 32489 32655 D RPCS3   : 	⁂ sys_fs_fsync [2376]
09-25 07:29:54.763 32489 32655 D RPCS3   : 	⁂ sys_fs_lseek [2085]
09-25 07:29:54.763 32489 32655 D RPCS3   : 	⁂ sys_mmapper_map_shared_memory [425]
09-25 07:29:54.763 32489 32655 D RPCS3   : 	⁂ sys_mmapper_unmap_shared_memory [255]
09-25 07:29:54.763 32489 32655 D RPCS3   : 	⁂ sys_mmapper_allocate_shared_memory [200]
09-25 07:29:54.763 32489 32655 D RPCS3   : 	⁂ sys_time_get_timezone [142]
09-25 07:29:54.763 32489 32655 D RPCS3   : 	⁂ _sys_lwmutex_create [133]
09-25 07:29:54.763 32489 32655 D RPCS3   : 	⁂ _sys_lwmutex_trylock [109]
09-25 07:29:54.763 32489 32655 D RPCS3   : 	⁂ sys_fs_fcntl [68]
09-25 07:29:54.763 32489 32655 D RPCS3   : 	⁂ sys_mutex_lock [50]
09-25 07:29:54.763 32489 32655 D RPCS3   : 	⁂ sys_mutex_unlock [50]
09-25 07:29:54.763 32489 32655 D RPCS3   : 	⁂ _sys_lwcond_create [50]
09-25 07:29:54.763 32489 32655 D RPCS3   : 	⁂ sys_time_get_timebase_frequency [48]
09-25 07:29:54.763 32489 32655 D RPCS3   : 	⁂ sys_rsx_context_attribute [46]
09-25 07:29:54.763 32489 32655 D RPCS3   : 	⁂ _sys_ppu_thread_create [43]
09-25 07:29:54.763 32489 32655 D RPCS3   : 	⁂ sys_fs_fstat [42]
09-25 07:29:54.763 32489 32655 D RPCS3   : 	⁂ sys_fs_open [40]
09-25 07:29:54.763 32489 32655 D RPCS3   : 	⁂ sys_ppu_thread_start [39]
09-25 07:29:54.763 32489 32655 D RPCS3   : 	⁂ sys_tty_write [38]
09-25 07:29:54.763 32489 32655 D RPCS3   : 	⁂ sys_semaphore_create [34]
09-25 07:29:54.763 32489 32655 D RPCS3   : 	⁂ sys_fs_stat [27]
09-25 07:29:54.763 32489 32655 D RPCS3   : 	⁂ _sys_prx_start_module [26]
09-25 07:29:54.763 32489 32655 D RPCS3   : 	⁂ sys_fs_close [20]
09-25 07:29:54.763 32489 32655 D RPCS3   : 	⁂ sys_rsx_context_iomap [16]
09-25 07:29:54.763 32489 32655 D RPCS3   : 	⁂ _sys_prx_load_module [13]
09-25 07:29:54.763 32489 32655 D RPCS3   : 	⁂ sys_event_queue_create [8]
09-25 07:29:54.763 32489 32655 D RPCS3   : 	⁂ sys_rsx_context_iounmap [7]
09-25 07:29:54.763 32489 32655 D RPCS3   : 	⁂ sys_event_flag_create [6]
09-25 07:29:54.763 32489 32655 D RPCS3   : 	⁂ sys_event_port_create [6]
09-25 07:29:54.763 32489 32655 D RPCS3   : 	⁂ sys_event_port_connect_local [6]
09-25 07:29:54.763 32489 32655 D RPCS3   : 	⁂ sys_spu_thread_initialize [6]
09-25 07:29:54.763 32489 32655 D RPCS3   : 	⁂ sys_process_getpid [5]
09-25 07:29:54.763 32489 32655 D RPCS3   : 	⁂ sys_mutex_create [5]
09-25 07:29:54.763 32489 32655 D RPCS3   : 	⁂ sys_spu_thread_group_connect_event_all_threads [5]
09-25 07:29:54.763 32489 32655 D RPCS3   : 	⁂ sys_process_get_sdk_version [4]
09-25 07:29:54.763 32489 32655 D RPCS3   : 	⁂ sys_memory_get_user_memory_size [4]
09-25 07:29:54.763 32489 32655 D RPCS3   : 	⁂ sys_rsx_attribute [4]
09-25 07:29:54.763 32489 32655 D RPCS3   : 	⁂ _sys_ppu_thread_exit [3]
09-25 07:29:54.763 32489 32655 D RPCS3   : 	⁂ _sys_interrupt_thread_disestablish [3]
09-25 07:29:54.763 32489 32655 D RPCS3   : 	⁂ sys_memory_allocate [3]
09-25 07:29:54.763 32489 32655 D RPCS3   : 	⁂ sys_process_is_spu_lock_line_reservation_address [2]
09-25 07:29:54.763 32489 32655 D RPCS3   : 	⁂ sys_cond_create [2]
09-25 07:29:54.763 32489 32655 D RPCS3   : 	⁂ sys_spu_thread_group_create [2]
09-25 07:29:54.763 32489 32655 D RPCS3   : 	⁂ sys_spu_thread_group_start [2]
09-25 07:29:54.763 32489 32655 D RPCS3   : 	⁂ sys_spu_thread_group_join [2]
09-25 07:29:54.763 32489 32655 D RPCS3   : 	⁂ sys_spu_thread_group_connect_event [2]
09-25 07:29:54.763 32489 32655 D RPCS3   : 	⁂ _sys_prx_register_module [2]
09-25 07:29:54.763 32489 32655 D RPCS3   : 	⁂ _sys_prx_get_module_id_by_name [2]
09-25 07:29:54.763 32489 32655 D RPCS3   : 	⁂ sys_fs_get_block_size [2]
09-25 07:29:54.763 32489 32655 D RPCS3   : 	⁂ sys_fs_disk_free [2]
09-25 07:29:54.763 32489 32655 D RPCS3   : 	⁂ sys_ss_access_control_engine [2]
09-25 07:29:54.763 32489 32655 D RPCS3   : 	⁂ _sys_process_get_paramsfo [1]
09-25 07:29:54.763 32489 32655 D RPCS3   : 	⁂ sys_ppu_thread_get_priority [1]
09-25 07:29:54.763 32489 32655 D RPCS3   : 	⁂ sys_timer_create [1]
09-25 07:29:54.763 32489 32655 D RPCS3   : 	⁂ _sys_timer_start [1]
09-25 07:29:54.763 32489 32655 D RPCS3   : 	⁂ sys_timer_connect_event_queue [1]
09-25 07:29:54.763 32489 32655 D RPCS3   : 	⁂ sys_spu_initialize [1]
09-25 07:29:54.763 32489 32655 D RPCS3   : 	⁂ sys_mmapper_allocate_address [1]
09-25 07:29:54.763 32489 32655 D RPCS3   : 	⁂ syscall_462 [1]
09-25 07:29:54.763 32489 32655 D RPCS3   : 	⁂ sys_rsx_memory_allocate [1]
09-25 07:29:54.763 32489 32655 D RPCS3   : 	⁂ sys_rsx_context_allocate [1]
09-25 07:29:54.763 32489 32655 D RPCS3   : 	⁂ sys_rsx_device_map [1]
09-25 07:29:54.763 32489 32655 D RPCS3   : 	⁂ sys_fs_opendir [1]
09-25 07:29:54.763 32489 32655 D RPCS3   : 	⁂ sys_fs_mkdir [1]
09-25 07:29:56.510 32489 32489 I S3TOUCH : root action=down x=667 y=789
09-25 07:29:57.275 32489 32489 I S3TOUCH : root action=down x=2254 y=787
09-25 07:29:57.479 32489 32527 D S3PERF  : GPU load [/sys/class/kgsl/kgsl-3d0/gpubusy]: raw='0       0' -> load=null%
09-25 07:29:58.071 32489 32489 I S3TOUCH : root action=down x=2409 y=835
09-25 07:29:58.082 32489 32489 W DefaultDispatch: type=1400 audit(0.0:6952709): avc:  denied  { search } for  name="zram0" dev="sysfs" ino=107524 scontext=u:r:untrusted_app:s0:c207,c257,c512,c768 tcontext=u:object_r:sysfs_zram:s0 tclass=dir permissive=0 app=com.zenithblue.sambas3
09-25 07:29:58.082 32489 32489 W DefaultDispatch: type=1400 audit(0.0:6952710): avc:  denied  { search } for  name="zram0" dev="sysfs" ino=107524 scontext=u:r:untrusted_app:s0:c207,c257,c512,c768 tcontext=u:object_r:sysfs_zram:s0 tclass=dir permissive=0 app=com.zenithblue.sambas3
09-25 07:29:58.142 32489 32489 W DefaultDispatch: type=1400 audit(0.0:6952711): avc:  denied  { getattr } for  path="/sys/devices/platform/soc/3d00000.qcom,kgsl-3d0/kgsl/kgsl-3d0/gpu_busy_percentage" dev="sysfs" ino=136039 scontext=u:r:untrusted_app:s0:c207,c257,c512,c768 tcontext=u:object_r:vendor_sysfs_kgsl:s0 tclass=file permissive=0 app=com.zenithblue.sambas3
09-25 07:29:58.142 32489 32489 W DefaultDispatch: type=1400 audit(0.0:6952712): avc:  denied  { getattr } for  path="/sys/devices/platform/soc/3d00000.qcom,kgsl-3d0/devfreq/3d00000.qcom,kgsl-3d0/cur_freq" dev="sysfs" ino=137494 scontext=u:r:untrusted_app:s0:c207,c257,c512,c768 tcontext=u:object_r:vendor_sysfs_kgsl:s0 tclass=file permissive=0 app=com.zenithblue.sambas3
09-25 07:29:58.142 32489 32489 W DefaultDispatch: type=1400 audit(0.0:6952713): avc:  denied  { getattr } for  path="/sys/devices/platform/soc/3d00000.qcom,kgsl-3d0/kgsl/kgsl-3d0/gpuclk" dev="sysfs" ino=136020 scontext=u:r:untrusted_app:s0:c207,c257,c512,c768 tcontext=u:object_r:vendor_sysfs_kgsl_gpuclk:s0 tclass=file permissive=0 app=com.zenithblue.sambas3
09-25 07:29:58.142 32489 32489 W DefaultDispatch: type=1400 audit(0.0:6952714): avc:  denied  { read } for  name="devfreq" dev="sysfs" ino=53645 scontext=u:r:untrusted_app:s0:c207,c257,c512,c768 tcontext=u:object_r:vendor_sysfs_devfreq:s0 tclass=dir permissive=0 app=com.zenithblue.sambas3
09-25 07:29:58.146 32489 32529 I S3PERF  : Selected GPU load source: path=/sys/class/kgsl/kgsl-3d0/gpubusy, format=KGSL_WINDOWED_PAIR, semantics=WINDOWED
09-25 07:29:58.211 32489 32494 I ithblue.sambas3: Background concurrent mark compact GC freed 17MB AllocSpace bytes, 236(4564KB) LOS objects, 75% free, 8087KB/31MB, paused 272us,8.689ms total 48.140ms
09-25 07:29:58.470 32489 32529 D S3PERF  : GPU load [/sys/class/kgsl/kgsl-3d0/gpubusy]: raw='411694 1012150' -> load=40.67519636417527%
09-25 07:29:58.470 32489 32529 D S3PERF  : android telemetry available ram=true gpu=true temp=true power=false
09-25 07:29:58.637 32489 32630 D RPCS3   : CPU Usage: Total: 14.4%, Cores: 0.0%, 0.0%, 0.0%, 0.0%, 0.0%, 0.0%, 0.0%, 0.0%
09-25 07:29:59.547 32489 32489 I S3TOUCH : root action=down x=157 y=85
09-25 07:29:59.632 32489 32489 W DebugPad: BUTTON SQUARE d1=0 d2=128 press 120ms request_id=s3-1790301599535015863-1827567-28275
09-25 07:29:59.752 32489 32489 W DebugPad: BUTTON SQUARE release request_id=s3-1790301599535015863-1827567-28275
09-25 07:29:59.754 32489   504 E RPCS3   : Video au decode has been waiting for a consumer for 5 seconds. (handle=0xf0000300, seq_id=1, cmd_id=63, queue_size=61)
09-25 07:30:00.513 32489 32489 I S3TOUCH : root action=down x=577 y=482
09-25 07:30:01.056 32489 32489 I S3TOUCH : root action=down x=432 y=340
09-25 07:30:01.097 32489 32527 D RPCS3   : FRONTEND_MENU end resume_if_owned=1 owns_pause=1 isPaused=1
09-25 07:30:01.097 32489 32527 D RPCS3   : Performance report begin (0 src, 0 acc):
09-25 07:30:01.097 32489 32527 D RPCS3   : Performance report end.
09-25 07:30:01.098 32489 32527 I RPCS3   : Emulation has been resumed!
09-25 07:30:01.099 32489 32527 D RPCS3   : FRONTEND_MENU resumed
09-25 07:30:01.128 32489 32489 I S3PERF  : monitor enabled=true intervalMs=300
09-25 07:30:01.227 32489 32527 I S3PERF  : export=1 payload_length=455 version=2 source=surface presented=2514 vblank=null/null fps=null frametime_ms=null fps_samples=0 frametime_samples=0 merged_fallback=0 fallback_presented=2514 ppu=0.882373 spu=31.7654 rsx=0.0 rsx_load=0
09-25 07:30:04.885 32489   504 E RPCS3   : Video au decode has been waiting for a consumer for 5 seconds. (handle=0xf0000300, seq_id=1, cmd_id=63, queue_size=61)
09-25 07:30:06.261 32489 32499 I ithblue.sambas3: Explicit concurrent mark compact GC freed 6892KB AllocSpace bytes, 96(1916KB) LOS objects, 78% free, 6556KB/30MB, paused 80us,577us total 32.759ms
09-25 07:30:06.722 32489 32489 W DefaultDispatch: type=1400 audit(0.0:6952715): avc:  denied  { search } for  name="zram0" dev="sysfs" ino=107524 scontext=u:r:untrusted_app:s0:c207,c257,c512,c768 tcontext=u:object_r:sysfs_zram:s0 tclass=dir permissive=0 app=com.zenithblue.sambas3
09-25 07:30:06.722 32489 32489 W DefaultDispatch: type=1400 audit(0.0:6952716): avc:  denied  { search } for  name="zram0" dev="sysfs" ino=107524 scontext=u:r:untrusted_app:s0:c207,c257,c512,c768 tcontext=u:object_r:sysfs_zram:s0 tclass=dir permissive=0 app=com.zenithblue.sambas3
09-25 07:30:08.636 32489 32630 D RPCS3   : CPU Usage: Total: 46.2%, Cores: 0.0%, 0.0%, 0.0%, 0.0%, 0.0%, 0.0%, 0.0%, 0.0%
09-25 07:30:08.763 32489 32655 D RPCS3   : PPU Syscall Usage Stats:
09-25 07:30:08.763 32489 32655 D RPCS3   : 	⁂ sys_timer_usleep [503475]
09-25 07:30:08.763 32489 32655 D RPCS3   : 	⁂ _sys_lwcond_queue_wait [107436]
09-25 07:30:08.763 32489 32655 D RPCS3   : 	⁂ _sys_lwmutex_lock [103162]
09-25 07:30:08.763 32489 32655 D RPCS3   : 	⁂ _sys_lwmutex_unlock [98201]
09-25 07:30:08.763 32489 32655 D RPCS3   : 	⁂ _sys_lwcond_signal [63744]
09-25 07:30:08.763 32489 32655 D RPCS3   : 	⁂ _sys_lwcond_signal_all [41167]
09-25 07:30:08.763 32489 32655 D RPCS3   : 	⁂ sys_event_queue_receive [38833]
09-25 07:30:08.763 32489 32655 D RPCS3   : 	⁂ sys_time_get_current_time [28815]
09-25 07:30:08.763 32489 32655 D RPCS3   : 	⁂ sys_fs_read [16547]
09-25 07:30:08.763 32489 32655 D RPCS3   : 	⁂ sys_event_port_send [13995]
09-25 07:30:08.763 32489 32655 D RPCS3   : 	⁂ sys_fs_lseek [2104]
09-25 07:30:09.151 32489 32529 D S3PERF  : GPU load [/sys/class/kgsl/kgsl-3d0/gpubusy]: raw='0       0' -> load=null%
09-25 07:30:10.019 32489   504 E RPCS3   : Video au decode has been waiting for a consumer for 5 seconds. (handle=0xf0000300, seq_id=1, cmd_id=63, queue_size=61)
