--------- beginning of main
09-25 12:36:40.930  1550  7858 D vendor.qti.bluetooth@1.1-ibs_handler: SerialClockVote: vote for UART CLK OFF
09-25 12:36:40.952 28772 29844 D IsochronousClockModel: processTimestamp() - STATE_RUNNING - #1294, 64138 micros VERY LATE, 0 times
09-25 12:36:40.960  1549  1598 I AHAL: AudioStream: GetFramesWritten: 3406: mmap position is 5788656
09-25 12:36:40.960  1549  1598 I AHAL: AudioStream: GetFramesWritten: 3409: mmap signed frames 5788512
09-25 12:36:40.976  1570  1606 I android.hardware.thermal-service.qti: sensor: cpu-1-0-0 temperature: 89.9 old: 3 new: 0
09-25 12:36:40.988  1570  1606 I android.hardware.thermal-service.qti: sensor: cpu-2-1-0 temperature: 89.9 old: 3 new: 0
09-25 12:36:40.994  1570  1606 I android.hardware.thermal-service.qti: sensor: cpu-1-0-0 temperature: 95 old: 0 new: 3
09-25 12:36:41.002  1616  1871 I SDM     : DisplayBase::CommitThread: Received idle timeout, panel: cmd, timeout: 70000 us
09-25 12:36:41.010  1549  1598 I AHAL: AudioStream: GetFramesWritten: 3406: mmap position is 5791056
09-25 12:36:41.010  1549  1598 I AHAL: AudioStream: GetFramesWritten: 3409: mmap signed frames 5790912
09-25 12:36:41.028  1695  1792 D BatteryChargeControl: bcc get no support from charging protocol
09-25 12:36:41.053 28772 29844 D IsochronousClockModel: processTimestamp() - STATE_RUNNING - #1295, 64142 micros VERY LATE, 1 times
09-25 12:36:41.060  1570  1606 I android.hardware.thermal-service.qti: sensor: cpu-1-2-0 temperature: 95 old: 0 new: 3
09-25 12:36:41.061  1549  1598 I AHAL: AudioStream: GetFramesWritten: 3406: mmap position is 5793504
09-25 12:36:41.061  1549  1598 I AHAL: AudioStream: GetFramesWritten: 3409: mmap signed frames 5793360
09-25 12:36:41.076  1616  1871 I SDM     : DisplayBase::CommitThread: Received idle timeout, panel: cmd, timeout: 70000 us
09-25 12:36:41.077  1570  1606 I android.hardware.thermal-service.qti: sensor: cpu-2-1-0 temperature: 95 old: 0 new: 3
09-25 12:36:41.079  1768  1768 D SurfaceFlinger: initiateModeChange 4630946652107814787 {mode={fps=60.00 Hz, modePtr={id=1, vsyncRate=60.00 Hz, peakRefreshRate=60.00 Hz}}, emitEvent=false, force=false}
09-25 12:36:41.079  1616  2136 I SDM     : HWCDisplay::SetActiveConfigToIrisWrapper: SetActiveConfigToIrisWrapper on id_: 0
09-25 12:36:41.079  1616  2136 W SDM     : HWCDisplay::SetActiveConfigToIrisWrapper: HWC SetActiveConfig [0, 1], switch to [1264x2780@60]
09-25 12:36:41.079  1616  2136 W SDM     : HWDeviceDRM::GetSupportedBitClkRate: Requested rate not supported: 1012000000
09-25 12:36:41.079  1616  2136 I SDM     : HWDeviceDRM::UpdateMixerAttributes: Mixer WxH 1264x2780-1 for Peripheral
09-25 12:36:41.080  1616  2136 I CwbService: CwbService::notifyConfigChange: display:0, config:1 size:4, sec.size():0
09-25 12:36:41.080  1616  2136 I SDM     : HWCDisplay::SubmitDisplayConfig: Active configuration changed from config 0 to 1
09-25 12:36:41.080  1550  7849 E vendor.qti.bluetooth@1.1-wake_lock: Release wake lock not initialized/acquired
09-25 12:36:41.086 28772 28810 D S3PERF  : crosscheck source=surface presented=2312 json_fps=12.0591 json_frametime_ms=80.457
09-25 12:36:41.087  1570  1606 I android.hardware.thermal-service.qti: sensor: cpu-1-2-0 temperature: 89.9 old: 3 new: 0
09-25 12:36:41.095 28772 28810 D S3PERF  : crosscheck ui_snapshot_fps=12.0591 ui_snapshot_frametime_ms=80.457
09-25 12:36:41.109  1570  1606 I android.hardware.thermal-service.qti: sensor: cpu-2-1-0 temperature: 89.9 old: 3 new: 0
09-25 12:36:41.111  1549  1598 I AHAL: AudioStream: GetFramesWritten: 3406: mmap position is 5795904
09-25 12:36:41.112  1549  1598 I AHAL: AudioStream: GetFramesWritten: 3409: mmap signed frames 5795760
09-25 12:36:41.121  1768  1768 D SurfaceFlinger: initiateModeChange 4630946652107814787 {mode={fps=120.00 Hz, modePtr={id=0, vsyncRate=120.00 Hz, peakRefreshRate=120.00 Hz}}, emitEvent=false, force=false}
09-25 12:36:41.121  1616  2136 I SDM     : HWCDisplay::SetActiveConfigToIrisWrapper: SetActiveConfigToIrisWrapper on id_: 0
09-25 12:36:41.121  1616  2136 W SDM     : HWCDisplay::SetActiveConfigToIrisWrapper: HWC SetActiveConfig [1, 0], switch to [1264x2780@120]
09-25 12:36:41.121  1616  2136 W SDM     : HWDeviceDRM::GetSupportedBitClkRate: Requested rate not supported: 1012000000
09-25 12:36:41.122  1616  2136 I SDM     : HWDeviceDRM::UpdateMixerAttributes: Mixer WxH 1264x2780-1 for Peripheral
09-25 12:36:41.122  1616  2136 I CwbService: CwbService::notifyConfigChange: display:0, config:0 size:4, sec.size():0
09-25 12:36:41.122  1616  2136 I SDM     : HWCDisplay::SubmitDisplayConfig: Active configuration changed from config 1 to 0
09-25 12:36:41.156 28772 29844 D IsochronousClockModel: processTimestamp() - STATE_RUNNING - #1296, 64117 micros VERY LATE, 2 times
09-25 12:36:41.156 28772 29844 W IsochronousClockModel: processTimestamp() - STATE_RUNNING - #1296, 64117 micros VERY LATE! Force window jump, mDspStallCount = 2
09-25 12:36:41.162  1549  1598 I AHAL: AudioStream: GetFramesWritten: 3406: mmap position is 5798352
09-25 12:36:41.162  1549  1598 I AHAL: AudioStream: GetFramesWritten: 3409: mmap signed frames 5798208
09-25 12:36:41.171  1570  1606 I android.hardware.thermal-service.qti: sensor: cpu-1-0-0 temperature: 89.9 old: 3 new: 0
09-25 12:36:41.213  1549  1598 I AHAL: AudioStream: GetFramesWritten: 3406: mmap position is 5800800
09-25 12:36:41.213  1549  1598 I AHAL: AudioStream: GetFramesWritten: 3409: mmap signed frames 5800656
09-25 12:36:41.232  1570  1606 I android.hardware.thermal-service.qti: sensor: cpu-1-0-0 temperature: 95 old: 0 new: 3
09-25 12:36:41.232  1570  1606 I android.hardware.thermal-service.qti: sensor: cpu-2-1-0 temperature: 95 old: 0 new: 3
09-25 12:36:41.261  1616  1871 I SDM     : DisplayBase::CommitThread: Received idle timeout, panel: cmd, timeout: 70000 us
09-25 12:36:41.262  1768  1768 D SurfaceFlinger: initiateModeChange 4630946652107814787 {mode={fps=60.00 Hz, modePtr={id=1, vsyncRate=60.00 Hz, peakRefreshRate=60.00 Hz}}, emitEvent=false, force=false}
09-25 12:36:41.262  1616  2136 I SDM     : HWCDisplay::SetActiveConfigToIrisWrapper: SetActiveConfigToIrisWrapper on id_: 0
09-25 12:36:41.262  1616  2136 W SDM     : HWCDisplay::SetActiveConfigToIrisWrapper: HWC SetActiveConfig [0, 1], switch to [1264x2780@60]
09-25 12:36:41.263  1616  2136 W SDM     : HWDeviceDRM::GetSupportedBitClkRate: Requested rate not supported: 1012000000
09-25 12:36:41.263  1616  2136 I SDM     : HWDeviceDRM::UpdateMixerAttributes: Mixer WxH 1264x2780-1 for Peripheral
09-25 12:36:41.263  1549  1598 I AHAL: AudioStream: GetFramesWritten: 3406: mmap position is 5803200
09-25 12:36:41.263  1549  1598 I AHAL: AudioStream: GetFramesWritten: 3409: mmap signed frames 5803056
09-25 12:36:41.263  1616  2136 I CwbService: CwbService::notifyConfigChange: display:0, config:1 size:4, sec.size():0
09-25 12:36:41.263  1616  2136 I SDM     : HWCDisplay::SubmitDisplayConfig: Active configuration changed from config 0 to 1
09-25 12:36:41.304  1768  1768 D SurfaceFlinger: initiateModeChange 4630946652107814787 {mode={fps=120.00 Hz, modePtr={id=0, vsyncRate=120.00 Hz, peakRefreshRate=120.00 Hz}}, emitEvent=false, force=false}
09-25 12:36:41.304  1616  2136 I SDM     : HWCDisplay::SetActiveConfigToIrisWrapper: SetActiveConfigToIrisWrapper on id_: 0
09-25 12:36:41.304  1616  2136 W SDM     : HWCDisplay::SetActiveConfigToIrisWrapper: HWC SetActiveConfig [1, 0], switch to [1264x2780@120]
09-25 12:36:41.305  1616  2136 W SDM     : HWDeviceDRM::GetSupportedBitClkRate: Requested rate not supported: 1012000000
09-25 12:36:41.305  1616  2136 I SDM     : HWDeviceDRM::UpdateMixerAttributes: Mixer WxH 1264x2780-1 for Peripheral
09-25 12:36:41.305  1616  2136 I CwbService: CwbService::notifyConfigChange: display:0, config:0 size:4, sec.size():0
09-25 12:36:41.305  1616  2136 I SDM     : HWCDisplay::SubmitDisplayConfig: Active configuration changed from config 1 to 0
09-25 12:36:41.314  1549  1598 I AHAL: AudioStream: GetFramesWritten: 3406: mmap position is 5805648
09-25 12:36:41.314  1549  1598 I AHAL: AudioStream: GetFramesWritten: 3409: mmap signed frames 5805504
09-25 12:36:41.327  2159  3343 D QmiClient: qmiServiceEventCallback recv msg id 47
09-25 12:36:41.327  2159  3343 D QmiClient: enter -mServiceType 10 onQmiServiceEventCallback msgId 47
09-25 12:36:41.327  2159  3343 D QmiClient: onQmiServiceEventCallback - enter. msgId=47
09-25 12:36:41.327  2159  2222 D OttProxy: handleMessage msg is 3001
09-25 12:36:41.327  2159  2159 E RadioServiceIndication: mSubsysRadioIndication null
09-25 12:36:41.364  1549  1598 I AHAL: AudioStream: GetFramesWritten: 3406: mmap position is 5808048
09-25 12:36:41.364  1549  1598 I AHAL: AudioStream: GetFramesWritten: 3409: mmap signed frames 5807904
09-25 12:36:41.378  1768  1768 D SurfaceFlinger: initiateModeChange 4630946652107814787 {mode={fps=60.00 Hz, modePtr={id=1, vsyncRate=60.00 Hz, peakRefreshRate=60.00 Hz}}, emitEvent=false, force=false}
09-25 12:36:41.378  1616  2136 I SDM     : HWCDisplay::SetActiveConfigToIrisWrapper: SetActiveConfigToIrisWrapper on id_: 0
09-25 12:36:41.378  1616  2136 W SDM     : HWCDisplay::SetActiveConfigToIrisWrapper: HWC SetActiveConfig [0, 1], switch to [1264x2780@60]
09-25 12:36:41.379  1616  2136 W SDM     : HWDeviceDRM::GetSupportedBitClkRate: Requested rate not supported: 1012000000
09-25 12:36:41.379  1616  2136 I SDM     : HWDeviceDRM::UpdateMixerAttributes: Mixer WxH 1264x2780-1 for Peripheral
09-25 12:36:41.379  1616  2136 I CwbService: CwbService::notifyConfigChange: display:0, config:1 size:4, sec.size():0
09-25 12:36:41.379  1616  2136 I SDM     : HWCDisplay::SubmitDisplayConfig: Active configuration changed from config 0 to 1
09-25 12:36:41.381  1570  1606 I android.hardware.thermal-service.qti: sensor: cpu-2-1-0 temperature: 89.9 old: 3 new: 0
09-25 12:36:41.403 28772 28772 W DefaultDispatch: type=1400 audit(0.0:6991137): avc:  denied  { search } for  name="zram0" dev="sysfs" ino=107524 scontext=u:r:untrusted_app:s0:c207,c257,c512,c768 tcontext=u:object_r:sysfs_zram:s0 tclass=dir permissive=0 app=com.zenithblue.sambas3
09-25 12:36:41.403 28772 28772 W DefaultDispatch: type=1400 audit(0.0:6991138): avc:  denied  { search } for  name="zram0" dev="sysfs" ino=107524 scontext=u:r:untrusted_app:s0:c207,c257,c512,c768 tcontext=u:object_r:sysfs_zram:s0 tclass=dir permissive=0 app=com.zenithblue.sambas3
09-25 12:36:41.415  1549  1598 I AHAL: AudioStream: GetFramesWritten: 3406: mmap position is 5810496
09-25 12:36:41.415  1549  1598 I AHAL: AudioStream: GetFramesWritten: 3409: mmap signed frames 5810352
09-25 12:36:41.437  1768  1768 D SurfaceFlinger: initiateModeChange 4630946652107814787 {mode={fps=120.00 Hz, modePtr={id=0, vsyncRate=120.00 Hz, peakRefreshRate=120.00 Hz}}, emitEvent=false, force=false}
09-25 12:36:41.437  1616  2136 I SDM     : HWCDisplay::SetActiveConfigToIrisWrapper: SetActiveConfigToIrisWrapper on id_: 0
09-25 12:36:41.437  1616  2136 W SDM     : HWCDisplay::SetActiveConfigToIrisWrapper: HWC SetActiveConfig [1, 0], switch to [1264x2780@120]
09-25 12:36:41.438  1616  2136 W SDM     : HWDeviceDRM::GetSupportedBitClkRate: Requested rate not supported: 1012000000
09-25 12:36:41.438  1616  2136 I SDM     : HWDeviceDRM::UpdateMixerAttributes: Mixer WxH 1264x2780-1 for Peripheral
09-25 12:36:41.438  1616  2136 I CwbService: CwbService::notifyConfigChange: display:0, config:0 size:4, sec.size():0
09-25 12:36:41.438  1616  2136 I SDM     : HWCDisplay::SubmitDisplayConfig: Active configuration changed from config 1 to 0
09-25 12:36:41.465  1549  1598 I AHAL: AudioStream: GetFramesWritten: 3406: mmap position is 5812896
09-25 12:36:41.465  1549  1598 I AHAL: AudioStream: GetFramesWritten: 3409: mmap signed frames 5812752
09-25 12:36:41.510  1570  1606 I android.hardware.thermal-service.qti: sensor: cpu-1-0-0 temperature: 89.9 old: 3 new: 0
09-25 12:36:41.516  1549  1598 I AHAL: AudioStream: GetFramesWritten: 3406: mmap position is 5815344
09-25 12:36:41.516  1549  1598 I AHAL: AudioStream: GetFramesWritten: 3409: mmap signed frames 5815200
09-25 12:36:41.566  1549  1598 I AHAL: AudioStream: GetFramesWritten: 3406: mmap position is 5817744
09-25 12:36:41.566  1549  1598 I AHAL: AudioStream: GetFramesWritten: 3409: mmap signed frames 5817600
09-25 12:36:41.617  1549  1598 I AHAL: AudioStream: GetFramesWritten: 3406: mmap position is 5820192
09-25 12:36:41.617  1549  1598 I AHAL: AudioStream: GetFramesWritten: 3409: mmap signed frames 5820048
09-25 12:36:41.668  1549  1598 I AHAL: AudioStream: GetFramesWritten: 3406: mmap position is 5822640
09-25 12:36:41.668  1549  1598 I AHAL: AudioStream: GetFramesWritten: 3409: mmap signed frames 5822496
09-25 12:36:41.678  1768  1768 D SurfaceFlinger: initiateModeChange 4630946652107814787 {mode={fps=60.00 Hz, modePtr={id=1, vsyncRate=60.00 Hz, peakRefreshRate=60.00 Hz}}, emitEvent=false, force=false}
09-25 12:36:41.678  1616  2136 I SDM     : HWCDisplay::SetActiveConfigToIrisWrapper: SetActiveConfigToIrisWrapper on id_: 0
09-25 12:36:41.678  1616  2136 W SDM     : HWCDisplay::SetActiveConfigToIrisWrapper: HWC SetActiveConfig [0, 1], switch to [1264x2780@60]
09-25 12:36:41.679  1616  2136 W SDM     : HWDeviceDRM::GetSupportedBitClkRate: Requested rate not supported: 1012000000
09-25 12:36:41.679  1616  2136 I SDM     : HWDeviceDRM::UpdateMixerAttributes: Mixer WxH 1264x2780-1 for Peripheral
09-25 12:36:41.679  1616  2136 I CwbService: CwbService::notifyConfigChange: display:0, config:1 size:4, sec.size():0
09-25 12:36:41.679  1616  2136 I SDM     : HWCDisplay::SubmitDisplayConfig: Active configuration changed from config 0 to 1
09-25 12:36:41.680  1616  1871 I SDM     : DisplayBase::CommitThread: Received idle timeout, panel: cmd, timeout: 70000 us
09-25 12:36:41.686  1768  1768 D SurfaceFlinger: initiateModeChange 4630946652107814787 {mode={fps=120.00 Hz, modePtr={id=0, vsyncRate=120.00 Hz, peakRefreshRate=120.00 Hz}}, emitEvent=false, force=false}
09-25 12:36:41.686  1616  2136 I SDM     : HWCDisplay::SetActiveConfigToIrisWrapper: SetActiveConfigToIrisWrapper on id_: 0
09-25 12:36:41.686  1616  2136 W SDM     : HWCDisplay::SetActiveConfigToIrisWrapper: HWC SetActiveConfig [1, 0], switch to [1264x2780@120]
09-25 12:36:41.686  1616  2136 W SDM     : HWDeviceDRM::GetSupportedBitClkRate: Requested rate not supported: 1012000000
09-25 12:36:41.686  1616  2136 I SDM     : HWDeviceDRM::UpdateMixerAttributes: Mixer WxH 1264x2780-1 for Peripheral
09-25 12:36:41.686  1616  2136 I CwbService: CwbService::notifyConfigChange: display:0, config:0 size:4, sec.size():0
09-25 12:36:41.686  1616  2136 I SDM     : HWCDisplay::SubmitDisplayConfig: Active configuration changed from config 1 to 0
09-25 12:36:41.717  1570  1606 I android.hardware.thermal-service.qti: sensor: cpu-1-0-0 temperature: 95 old: 0 new: 3
09-25 12:36:41.718  1549  1598 I AHAL: AudioStream: GetFramesWritten: 3406: mmap position is 5825040
09-25 12:36:41.718  1549  1598 I AHAL: AudioStream: GetFramesWritten: 3409: mmap signed frames 5824896
09-25 12:36:41.754  1570  1606 I android.hardware.thermal-service.qti: sensor: cpu-1-0-0 temperature: 89.9 old: 3 new: 0
09-25 12:36:41.755  1570  1606 I android.hardware.thermal-service.qti: sensor: cpu-2-0-0 temperature: 95 old: 0 new: 3
09-25 12:36:41.756  1570  1606 I android.hardware.thermal-service.qti: sensor: cpu-2-1-0 temperature: 95 old: 0 new: 3
09-25 12:36:41.768  1549  1598 I AHAL: AudioStream: GetFramesWritten: 3406: mmap position is 5827440
09-25 12:36:41.768  1549  1598 I AHAL: AudioStream: GetFramesWritten: 3409: mmap signed frames 5827296
09-25 12:36:41.797  1570  1606 I android.hardware.thermal-service.qti: sensor: cpu-2-0-0 temperature: 89.9 old: 3 new: 0
09-25 12:36:41.798  1570  1606 I android.hardware.thermal-service.qti: sensor: cpu-2-1-0 temperature: 89.9 old: 3 new: 0
09-25 12:36:41.810  1570  1606 I android.hardware.thermal-service.qti: sensor: cpu-2-1-0 temperature: 95 old: 0 new: 3
09-25 12:36:41.818  1549  1598 I AHAL: AudioStream: GetFramesWritten: 3406: mmap position is 5829840
09-25 12:36:41.818  1549  1598 I AHAL: AudioStream: GetFramesWritten: 3409: mmap signed frames 5829696
09-25 12:36:41.842  1570  1606 I android.hardware.thermal-service.qti: sensor: cpu-1-0-0 temperature: 95 old: 0 new: 3
09-25 12:36:41.859  1570  1606 I android.hardware.thermal-service.qti: sensor: cpu-1-0-0 temperature: 89.9 old: 3 new: 0
09-25 12:36:41.859  1570  1606 I android.hardware.thermal-service.qti: sensor: cpu-2-1-0 temperature: 89.9 old: 3 new: 0
09-25 12:36:41.868  1549  1598 I AHAL: AudioStream: GetFramesWritten: 3406: mmap position is 5832240
09-25 12:36:41.868  1549  1598 I AHAL: AudioStream: GetFramesWritten: 3409: mmap signed frames 5832096
09-25 12:36:41.873  1570  1606 I android.hardware.thermal-service.qti: sensor: cpu-2-1-0 temperature: 95 old: 0 new: 3
09-25 12:36:41.876  1570  1606 I android.hardware.thermal-service.qti: sensor: cpu-1-0-0 temperature: 95 old: 0 new: 3
09-25 12:36:41.881 10644 29868 I NearbyMediums: No BLE Fast/GATT advertisements found in the latest cycle.
09-25 12:36:41.881 10644 29868 I NearbyMediums: Current Tracked Scanning Clients are : {NearbyConnections.EnvironmentMonitor, NearbySharing, NearbyConnections.TxAdvertisement}
09-25 12:36:41.906  1570  1606 I android.hardware.thermal-service.qti: sensor: cpu-2-1-0 temperature: 89.9 old: 3 new: 0
09-25 12:36:41.911  1570  1606 I android.hardware.thermal-service.qti: sensor: cpu-2-1-0 temperature: 95.4 old: 0 new: 3
09-25 12:36:41.917  1570  1606 I android.hardware.thermal-service.qti: sensor: cpu-1-0-0 temperature: 89.9 old: 3 new: 0
09-25 12:36:41.919  1549  1598 I AHAL: AudioStream: GetFramesWritten: 3406: mmap position is 5834688
09-25 12:36:41.919  1549  1598 I AHAL: AudioStream: GetFramesWritten: 3409: mmap signed frames 5834544
09-25 12:36:41.925  1570  1606 I android.hardware.thermal-service.qti: sensor: cpu-1-0-0 temperature: 95 old: 0 new: 3
09-25 12:36:41.970  1549  1598 I AHAL: AudioStream: GetFramesWritten: 3406: mmap position is 5837136
09-25 12:36:41.970  1549  1598 I AHAL: AudioStream: GetFramesWritten: 3409: mmap signed frames 5836992
09-25 12:36:41.990  1570  1606 I android.hardware.thermal-service.qti: sensor: cpu-2-1-0 temperature: 89.9 old: 3 new: 0
09-25 12:36:42.020  1549  1598 I AHAL: AudioStream: GetFramesWritten: 3406: mmap position is 5839536
09-25 12:36:42.020  1549  1598 I AHAL: AudioStream: GetFramesWritten: 3409: mmap signed frames 5839392
09-25 12:36:42.028  1570  1606 I android.hardware.thermal-service.qti: sensor: cpu-2-1-0 temperature: 95 old: 0 new: 3
09-25 12:36:42.029  1695  1792 D BatteryChargeControl: bcc get no support from charging protocol
09-25 12:36:42.037  1570  1606 I android.hardware.thermal-service.qti: sensor: cpu-1-0-0 temperature: 89.9 old: 3 new: 0
09-25 12:36:42.043  1570  1606 I android.hardware.thermal-service.qti: sensor: cpu-2-1-0 temperature: 89.9 old: 3 new: 0
09-25 12:36:42.071  1549  1598 I AHAL: AudioStream: GetFramesWritten: 3406: mmap position is 5841984
09-25 12:36:42.071  1549  1598 I AHAL: AudioStream: GetFramesWritten: 3409: mmap signed frames 5841840
09-25 12:36:42.120  1549  1598 I AHAL: AudioStream: GetFramesWritten: 3406: mmap position is 5844336
09-25 12:36:42.120  1549  1598 I AHAL: AudioStream: GetFramesWritten: 3409: mmap signed frames 5844192
09-25 12:36:42.144  1616  1871 I SDM     : DisplayBase::CommitThread: Received idle timeout, panel: cmd, timeout: 70000 us
09-25 12:36:42.144  1768  1768 D SurfaceFlinger: initiateModeChange 4630946652107814787 {mode={fps=60.00 Hz, modePtr={id=1, vsyncRate=60.00 Hz, peakRefreshRate=60.00 Hz}}, emitEvent=false, force=false}
09-25 12:36:42.145  1616  2136 I SDM     : HWCDisplay::SetActiveConfigToIrisWrapper: SetActiveConfigToIrisWrapper on id_: 0
09-25 12:36:42.145  1616  2136 W SDM     : HWCDisplay::SetActiveConfigToIrisWrapper: HWC SetActiveConfig [0, 1], switch to [1264x2780@60]
09-25 12:36:42.146  1616  2136 W SDM     : HWDeviceDRM::GetSupportedBitClkRate: Requested rate not supported: 1012000000
09-25 12:36:42.146  1616  2136 I SDM     : HWDeviceDRM::UpdateMixerAttributes: Mixer WxH 1264x2780-1 for Peripheral
09-25 12:36:42.147  1616  2136 I CwbService: CwbService::notifyConfigChange: display:0, config:1 size:4, sec.size():0
09-25 12:36:42.147  1616  2136 I SDM     : HWCDisplay::SubmitDisplayConfig: Active configuration changed from config 0 to 1
09-25 12:36:42.153  1768  1768 D SurfaceFlinger: initiateModeChange 4630946652107814787 {mode={fps=120.00 Hz, modePtr={id=0, vsyncRate=120.00 Hz, peakRefreshRate=120.00 Hz}}, emitEvent=false, force=false}
09-25 12:36:42.153  1616  2136 I SDM     : HWCDisplay::SetActiveConfigToIrisWrapper: SetActiveConfigToIrisWrapper on id_: 0
09-25 12:36:42.153  1616  2136 W SDM     : HWCDisplay::SetActiveConfigToIrisWrapper: HWC SetActiveConfig [1, 0], switch to [1264x2780@120]
09-25 12:36:42.154  1616  2136 W SDM     : HWDeviceDRM::GetSupportedBitClkRate: Requested rate not supported: 1012000000
09-25 12:36:42.154  1616  2136 I SDM     : HWDeviceDRM::UpdateMixerAttributes: Mixer WxH 1264x2780-1 for Peripheral
09-25 12:36:42.154  1616  2136 I CwbService: CwbService::notifyConfigChange: display:0, config:0 size:4, sec.size():0
09-25 12:36:42.154  1616  2136 I SDM     : HWCDisplay::SubmitDisplayConfig: Active configuration changed from config 1 to 0
09-25 12:36:42.171  1549  1598 I AHAL: AudioStream: GetFramesWritten: 3406: mmap position is 5846784
09-25 12:36:42.171  1549  1598 I AHAL: AudioStream: GetFramesWritten: 3409: mmap signed frames 5846640
09-25 12:36:42.221  1549  1598 I AHAL: AudioStream: GetFramesWritten: 3406: mmap position is 5849184
09-25 12:36:42.221  1549  1598 I AHAL: AudioStream: GetFramesWritten: 3409: mmap signed frames 5849040
09-25 12:36:42.235  1768  1768 D SurfaceFlinger: initiateModeChange 4630946652107814787 {mode={fps=60.00 Hz, modePtr={id=1, vsyncRate=60.00 Hz, peakRefreshRate=60.00 Hz}}, emitEvent=false, force=false}
09-25 12:36:42.235  1616  2136 I SDM     : HWCDisplay::SetActiveConfigToIrisWrapper: SetActiveConfigToIrisWrapper on id_: 0
09-25 12:36:42.235  1616  2136 W SDM     : HWCDisplay::SetActiveConfigToIrisWrapper: HWC SetActiveConfig [0, 1], switch to [1264x2780@60]
09-25 12:36:42.235  1616  2136 W SDM     : HWDeviceDRM::GetSupportedBitClkRate: Requested rate not supported: 1012000000
09-25 12:36:42.235  1616  2136 I SDM     : HWDeviceDRM::UpdateMixerAttributes: Mixer WxH 1264x2780-1 for Peripheral
09-25 12:36:42.235  1570  1606 I android.hardware.thermal-service.qti: sensor: cpu-1-0-0 temperature: 95 old: 0 new: 3
09-25 12:36:42.235  1616  2136 I CwbService: CwbService::notifyConfigChange: display:0, config:1 size:4, sec.size():0
09-25 12:36:42.235  1616  2136 I SDM     : HWCDisplay::SubmitDisplayConfig: Active configuration changed from config 0 to 1
09-25 12:36:42.239  1570  1606 I android.hardware.thermal-service.qti: sensor: cpu-2-1-0 temperature: 95 old: 0 new: 3
09-25 12:36:42.244  1570  1606 I android.hardware.thermal-service.qti: sensor: cpu-1-0-0 temperature: 89.9 old: 3 new: 0
09-25 12:36:42.261  1768  1768 D SurfaceFlinger: initiateModeChange 4630946652107814787 {mode={fps=120.00 Hz, modePtr={id=0, vsyncRate=120.00 Hz, peakRefreshRate=120.00 Hz}}, emitEvent=false, force=false}
09-25 12:36:42.263  1616  2136 I SDM     : HWCDisplay::SetActiveConfigToIrisWrapper: SetActiveConfigToIrisWrapper on id_: 0
09-25 12:36:42.263  1616  2136 W SDM     : HWCDisplay::SetActiveConfigToIrisWrapper: HWC SetActiveConfig [1, 0], switch to [1264x2780@120]
09-25 12:36:42.264  1616  2136 W SDM     : HWDeviceDRM::GetSupportedBitClkRate: Requested rate not supported: 1012000000
09-25 12:36:42.264  1616  2136 I SDM     : HWDeviceDRM::UpdateMixerAttributes: Mixer WxH 1264x2780-1 for Peripheral
09-25 12:36:42.264  1616  2136 I CwbService: CwbService::notifyConfigChange: display:0, config:0 size:4, sec.size():0
09-25 12:36:42.264  1616  2136 I SDM     : HWCDisplay::SubmitDisplayConfig: Active configuration changed from config 1 to 0
09-25 12:36:42.271  1549  1598 I AHAL: AudioStream: GetFramesWritten: 3406: mmap position is 5851584
09-25 12:36:42.271  1549  1598 I AHAL: AudioStream: GetFramesWritten: 3409: mmap signed frames 5851440
09-25 12:36:42.275  1570  1606 I android.hardware.thermal-service.qti: sensor: cpu-1-0-0 temperature: 95 old: 0 new: 3
09-25 12:36:42.322  1549  1598 I AHAL: AudioStream: GetFramesWritten: 3406: mmap position is 5854032
09-25 12:36:42.322  1549  1598 I AHAL: AudioStream: GetFramesWritten: 3409: mmap signed frames 5853888
09-25 12:36:42.333  1570  1606 I android.hardware.thermal-service.qti: sensor: cpu-2-1-0 temperature: 89.9 old: 3 new: 0
09-25 12:36:42.338 28772 28810 D S3PERF  : crosscheck source=surface presented=2328 json_fps=13.9468 json_frametime_ms=56.386
09-25 12:36:42.341  1570  1606 I android.hardware.thermal-service.qti: sensor: cpu-1-0-0 temperature: 89.9 old: 3 new: 0
09-25 12:36:42.346 28772 28810 D S3PERF  : crosscheck ui_snapshot_fps=13.9468 ui_snapshot_frametime_ms=56.386
09-25 12:36:42.373  1549  1598 I AHAL: AudioStream: GetFramesWritten: 3406: mmap position is 5856480
09-25 12:36:42.374  1549  1598 I AHAL: AudioStream: GetFramesWritten: 3409: mmap signed frames 5856336
09-25 12:36:42.408  1570  1606 I android.hardware.thermal-service.qti: sensor: cpu-2-1-0 temperature: 95 old: 0 new: 3
09-25 12:36:42.420 28772 30114 E RPCS3   : Video au decode has been waiting for a consumer for 5 seconds. (handle=0xf0000300, seq_id=1, cmd_id=63, queue_size=61)
09-25 12:36:42.424  1549  1598 I AHAL: AudioStream: GetFramesWritten: 3406: mmap position is 5858928
09-25 12:36:42.424  1549  1598 I AHAL: AudioStream: GetFramesWritten: 3409: mmap signed frames 5858784
09-25 12:36:42.441  1570  1606 I android.hardware.thermal-service.qti: sensor: cpu-1-0-0 temperature: 95 old: 0 new: 3
09-25 12:36:42.446  2159  3343 D QmiClient: qmiServiceEventCallback recv msg id 47
09-25 12:36:42.446  2159  3343 D QmiClient: enter -mServiceType 10 onQmiServiceEventCallback msgId 47
09-25 12:36:42.446  2159  3343 D QmiClient: onQmiServiceEventCallback - enter. msgId=47
09-25 12:36:42.446  2159  2222 D OttProxy: handleMessage msg is 3001
09-25 12:36:42.446  2159  2159 E RadioServiceIndication: mSubsysRadioIndication null
09-25 12:36:42.473  1549  1598 I AHAL: AudioStream: GetFramesWritten: 3406: mmap position is 5861280
09-25 12:36:42.473  1549  1598 I AHAL: AudioStream: GetFramesWritten: 3409: mmap signed frames 5861136
09-25 12:36:42.493  1616  1871 I SDM     : DisplayBase::CommitThread: Received idle timeout, panel: cmd, timeout: 70000 us
09-25 12:36:42.523  1549  1598 I AHAL: AudioStream: GetFramesWritten: 3406: mmap position is 5863680
09-25 12:36:42.523  1549  1598 I AHAL: AudioStream: GetFramesWritten: 3409: mmap signed frames 5863536
09-25 12:36:42.536  1570  1606 I android.hardware.thermal-service.qti: sensor: cpu-1-0-0 temperature: 89.9 old: 3 new: 0
09-25 12:36:42.575  1549  1598 I AHAL: AudioStream: GetFramesWritten: 3406: mmap position is 5866176
09-25 12:36:42.575  1549  1598 I AHAL: AudioStream: GetFramesWritten: 3409: mmap signed frames 5866032
09-25 12:36:42.604  1570  1606 I android.hardware.thermal-service.qti: sensor: cpu-2-0-0 temperature: 95 old: 0 new: 3
09-25 12:36:42.613  1570  1606 I android.hardware.thermal-service.qti: sensor: cpu-2-1-0 temperature: 89.9 old: 3 new: 0
09-25 12:36:42.625  1549  1598 I AHAL: AudioStream: GetFramesWritten: 3406: mmap position is 5868576
09-25 12:36:42.625  1549  1598 I AHAL: AudioStream: GetFramesWritten: 3409: mmap signed frames 5868432
09-25 12:36:42.632  1570  1606 I android.hardware.thermal-service.qti: sensor: cpu-2-0-0 temperature: 89.9 old: 3 new: 0
09-25 12:36:42.659  1570  1606 I android.hardware.thermal-service.qti: sensor: cpu-2-1-0 temperature: 95 old: 0 new: 3
09-25 12:36:42.675  1549  1598 I AHAL: AudioStream: GetFramesWritten: 3406: mmap position is 5870976
09-25 12:36:42.675  1549  1598 I AHAL: AudioStream: GetFramesWritten: 3409: mmap signed frames 5870832
09-25 12:36:42.725  1549  1598 I AHAL: AudioStream: GetFramesWritten: 3406: mmap position is 5873376
09-25 12:36:42.726  1549  1598 I AHAL: AudioStream: GetFramesWritten: 3409: mmap signed frames 5873232
09-25 12:36:42.776  1549  1598 I AHAL: AudioStream: GetFramesWritten: 3406: mmap position is 5875824
09-25 12:36:42.776  1549  1598 I AHAL: AudioStream: GetFramesWritten: 3409: mmap signed frames 5875680
09-25 12:36:42.801  1570  1606 I android.hardware.thermal-service.qti: sensor: cpu-2-1-0 temperature: 89.9 old: 3 new: 0
09-25 12:36:42.826  1549  1598 I AHAL: AudioStream: GetFramesWritten: 3406: mmap position is 5878224
09-25 12:36:42.826  1549  1598 I AHAL: AudioStream: GetFramesWritten: 3409: mmap signed frames 5878080
09-25 12:36:42.827  1570  1606 I android.hardware.thermal-service.qti: sensor: cpu-2-1-0 temperature: 95 old: 0 new: 3
09-25 12:36:42.850  1570  1606 I android.hardware.thermal-service.qti: sensor: cpu-2-1-0 temperature: 89.9 old: 3 new: 0
09-25 12:36:42.854  1570  1606 I android.hardware.thermal-service.qti: sensor: cpu-2-1-0 temperature: 95 old: 0 new: 3
09-25 12:36:42.858  1570  1606 I android.hardware.thermal-service.qti: sensor: cpu-1-0-0 temperature: 95 old: 0 new: 3
09-25 12:36:42.876  1549  1598 I AHAL: AudioStream: GetFramesWritten: 3406: mmap position is 5880624
09-25 12:36:42.876  1549  1598 I AHAL: AudioStream: GetFramesWritten: 3409: mmap signed frames 5880480
09-25 12:36:42.915  1570  1606 I android.hardware.thermal-service.qti: sensor: cpu-1-0-0 temperature: 89.9 old: 3 new: 0
09-25 12:36:42.926  1549  1598 I AHAL: AudioStream: GetFramesWritten: 3406: mmap position is 5883024
09-25 12:36:42.926  1549  1598 I AHAL: AudioStream: GetFramesWritten: 3409: mmap signed frames 5882880
09-25 12:36:42.929  1570  1606 I android.hardware.thermal-service.qti: sensor: cpu-2-1-0 temperature: 89.9 old: 3 new: 0
09-25 12:36:42.962  1570  1606 I android.hardware.thermal-service.qti: sensor: cpu-2-1-0 temperature: 95 old: 0 new: 3
09-25 12:36:42.976  1549  1598 I AHAL: AudioStream: GetFramesWritten: 3406: mmap position is 5885424
09-25 12:36:42.976  1549  1598 I AHAL: AudioStream: GetFramesWritten: 3409: mmap signed frames 5885280
09-25 12:36:43.027  1549  1598 I AHAL: AudioStream: GetFramesWritten: 3406: mmap position is 5887872
09-25 12:36:43.027  1549  1598 I AHAL: AudioStream: GetFramesWritten: 3409: mmap signed frames 5887728
09-25 12:36:43.029  1695  1792 D BatteryChargeControl: bcc get no support from charging protocol
09-25 12:36:43.062  1570  1606 I android.hardware.thermal-service.qti: sensor: cpu-2-1-0 temperature: 89.9 old: 3 new: 0
09-25 12:36:43.077  1549  1598 I AHAL: AudioStream: GetFramesWritten: 3406: mmap position is 5890272
09-25 12:36:43.077  1549  1598 I AHAL: AudioStream: GetFramesWritten: 3409: mmap signed frames 5890128
09-25 12:36:43.114  1570  1606 I android.hardware.thermal-service.qti: sensor: cpu-2-1-0 temperature: 95.4 old: 0 new: 3
09-25 12:36:43.128  1549  1598 I AHAL: AudioStream: GetFramesWritten: 3406: mmap position is 5892720
09-25 12:36:43.128  1549  1598 I AHAL: AudioStream: GetFramesWritten: 3409: mmap signed frames 5892576
09-25 12:36:43.148  1570  1606 I android.hardware.thermal-service.qti: sensor: cpu-2-1-0 temperature: 89.9 old: 3 new: 0
09-25 12:36:43.178  1549  1598 I AHAL: AudioStream: GetFramesWritten: 3406: mmap position is 5895120
09-25 12:36:43.178  1549  1598 I AHAL: AudioStream: GetFramesWritten: 3409: mmap signed frames 5894976
09-25 12:36:43.226  1570  1606 I android.hardware.thermal-service.qti: sensor: cpu-2-1-0 temperature: 95 old: 0 new: 3
09-25 12:36:43.228  1549  1598 I AHAL: AudioStream: GetFramesWritten: 3406: mmap position is 5897520
09-25 12:36:43.228  1549  1598 I AHAL: AudioStream: GetFramesWritten: 3409: mmap signed frames 5897376
09-25 12:36:43.279  1549  1598 I AHAL: AudioStream: GetFramesWritten: 3406: mmap position is 5899968
09-25 12:36:43.279  1549  1598 I AHAL: AudioStream: GetFramesWritten: 3409: mmap signed frames 5899824
09-25 12:36:43.330  1549  1598 I AHAL: AudioStream: GetFramesWritten: 3406: mmap position is 5902416
09-25 12:36:43.330  1549  1598 I AHAL: AudioStream: GetFramesWritten: 3409: mmap signed frames 5902272
09-25 12:36:43.338  1570  1606 I android.hardware.thermal-service.qti: sensor: cpu-2-1-0 temperature: 89.9 old: 3 new: 0
09-25 12:36:43.373  2866  3121 I ActivityManager: Broadcasting: Intent { act=com.zenithblue.sambas3.DEBUG_PAD_SQUARE flg=0x400000 pkg=com.zenithblue.sambas3 (has extras) }
--------- beginning of system
09-25 12:36:43.374  2866  3121 I ActivityManager: Enqueued broadcast Intent { act=com.zenithblue.sambas3.DEBUG_PAD_SQUARE flg=0x400000 pkg=com.zenithblue.sambas3 (has extras) }: 0
09-25 12:36:43.376 28772 28772 W DebugPad: BUTTON SQUARE d1=0 d2=128 press 120ms request_id=s3-1790320003334173964-2414686-8607
09-25 12:36:43.377  2866  2907 I ActivityManager: Broadcast completed: result=0
09-25 12:36:43.379  1570  1606 I android.hardware.thermal-service.qti: sensor: cpu-2-1-0 temperature: 95 old: 0 new: 3
09-25 12:36:43.379  1549  1598 I AHAL: AudioStream: GetFramesWritten: 3406: mmap position is 5904768
09-25 12:36:43.379  1549  1598 I AHAL: AudioStream: GetFramesWritten: 3409: mmap signed frames 5904624
09-25 12:36:43.392  1570  1606 I android.hardware.thermal-service.qti: sensor: cpu-1-0-0 temperature: 95 old: 0 new: 3
09-25 12:36:43.406  2159  3343 D QmiClient: qmiServiceEventCallback recv msg id 47
09-25 12:36:43.406  2159  3343 D QmiClient: enter -mServiceType 10 onQmiServiceEventCallback msgId 47
09-25 12:36:43.406  2159  3343 D QmiClient: onQmiServiceEventCallback - enter. msgId=47
09-25 12:36:43.406  2159  2222 D OttProxy: handleMessage msg is 3001
09-25 12:36:43.406  2159  2159 E RadioServiceIndication: mSubsysRadioIndication null
09-25 12:36:43.429  1549  1598 I AHAL: AudioStream: GetFramesWritten: 3406: mmap position is 5907168
09-25 12:36:43.429  1549  1598 I AHAL: AudioStream: GetFramesWritten: 3409: mmap signed frames 5907024
09-25 12:36:43.448  1570  1606 I android.hardware.thermal-service.qti: sensor: cpu-2-1-0 temperature: 89.9 old: 3 new: 0
09-25 12:36:43.454  1570  1606 I android.hardware.thermal-service.qti: sensor: cpu-2-1-0 temperature: 95 old: 0 new: 3
09-25 12:36:43.480  1549  1598 I AHAL: AudioStream: GetFramesWritten: 3406: mmap position is 5909616
09-25 12:36:43.480  1549  1598 I AHAL: AudioStream: GetFramesWritten: 3409: mmap signed frames 5909472
09-25 12:36:43.482  1570  1606 I android.hardware.thermal-service.qti: sensor: cpu-1-0-0 temperature: 89.9 old: 3 new: 0
09-25 12:36:43.497 28772 28772 W DebugPad: BUTTON SQUARE release request_id=s3-1790320003334173964-2414686-8607
09-25 12:36:43.530  1570  1606 I android.hardware.thermal-service.qti: sensor: cpu-1-0-0 temperature: 95.4 old: 0 new: 3
09-25 12:36:43.532  1549  1598 I AHAL: AudioStream: GetFramesWritten: 3406: mmap position is 5912112
09-25 12:36:43.532  1549  1598 I AHAL: AudioStream: GetFramesWritten: 3409: mmap signed frames 5911968
09-25 12:36:43.545  1570  1606 I android.hardware.thermal-service.qti: sensor: cpu-2-1-0 temperature: 89.9 old: 3 new: 0
09-25 12:36:43.557  1570  1606 I android.hardware.thermal-service.qti: sensor: cpu-2-1-0 temperature: 95.4 old: 0 new: 3
09-25 12:36:43.565  1570  1606 I android.hardware.thermal-service.qti: sensor: cpu-2-1-0 temperature: 89.9 old: 3 new: 0
09-25 12:36:43.570  1570  1606 I android.hardware.thermal-service.qti: sensor: cpu-1-0-0 temperature: 89.9 old: 3 new: 0
09-25 12:36:43.580  1549  1598 I AHAL: AudioStream: GetFramesWritten: 3406: mmap position is 5914416
09-25 12:36:43.580  1549  1598 I AHAL: AudioStream: GetFramesWritten: 3409: mmap signed frames 5914272
09-25 12:36:43.592  1570  1606 I android.hardware.thermal-service.qti: sensor: cpu-2-1-0 temperature: 95 old: 0 new: 3
09-25 12:36:43.599  1616  1871 I SDM     : DisplayBase::CommitThread: Received idle timeout, panel: cmd, timeout: 70000 us
09-25 12:36:43.600 28772 28810 D S3PERF  : crosscheck source=surface presented=2349 json_fps=16.5125 json_frametime_ms=102.113
09-25 12:36:43.605 28772 28810 D S3PERF  : crosscheck ui_snapshot_fps=16.5125 ui_snapshot_frametime_ms=102.113
09-25 12:36:43.630  1549  1598 I AHAL: AudioStream: GetFramesWritten: 3406: mmap position is 5916816
09-25 12:36:43.630  1549  1598 I AHAL: AudioStream: GetFramesWritten: 3409: mmap signed frames 5916672
09-25 12:36:43.635  1570  1606 I android.hardware.thermal-service.qti: sensor: cpu-2-1-0 temperature: 89.9 old: 3 new: 0
09-25 12:36:43.640  1570  1606 I android.hardware.thermal-service.qti: sensor: cpu-2-0-0 temperature: 95 old: 0 new: 3
09-25 12:36:43.646  1570  1606 I android.hardware.thermal-service.qti: sensor: cpu-2-1-0 temperature: 95 old: 0 new: 3
09-25 12:36:43.650  1570  1606 I android.hardware.thermal-service.qti: sensor: cpu-2-0-0 temperature: 89.9 old: 3 new: 0
09-25 12:36:43.683  1549  1598 I AHAL: AudioStream: GetFramesWritten: 3406: mmap position is 5919360
09-25 12:36:43.683  1549  1598 I AHAL: AudioStream: GetFramesWritten: 3409: mmap signed frames 5919216
09-25 12:36:43.731  1549  1598 I AHAL: AudioStream: GetFramesWritten: 3406: mmap position is 5921664
09-25 12:36:43.732  1549  1598 I AHAL: AudioStream: GetFramesWritten: 3409: mmap signed frames 5921520
09-25 12:36:43.782  1549  1598 I AHAL: AudioStream: GetFramesWritten: 3406: mmap position is 5924112
09-25 12:36:43.782  1549  1598 I AHAL: AudioStream: GetFramesWritten: 3409: mmap signed frames 5923968
09-25 12:36:43.794  1570  1606 I android.hardware.thermal-service.qti: sensor: cpu-2-1-0 temperature: 89.9 old: 3 new: 0
09-25 12:36:43.818  1616  1871 I SDM     : DisplayBase::CommitThread: Received idle timeout, panel: cmd, timeout: 70000 us
09-25 12:36:43.832  1549  1598 I AHAL: AudioStream: GetFramesWritten: 3406: mmap position is 5926512
09-25 12:36:43.832  1549  1598 I AHAL: AudioStream: GetFramesWritten: 3409: mmap signed frames 5926368
09-25 12:36:43.879  1550  7858 I vendor.qti.bluetooth@1.1-ibs_handler: ProcessIbsCmd: Received IBS_WAKE_IND: 0xFD
09-25 12:36:43.879  1550  7858 D vendor.qti.bluetooth@1.1-ibs_handler: SerialClockVote: vote for UART CLK ON
09-25 12:36:43.879  1550  7858 E vendor.qti.bluetooth@1.1-wake_lock: Acquire write to wakelock file failed -1 - Operation not permitted
09-25 12:36:43.879  1550  7858 I vendor.qti.bluetooth@1.1-ibs_handler: ProcessIbsCmd: Writing IBS_WAKE_ACK
09-25 12:36:43.880  7761  7842 V bt_btm_ble: system/stack/btm/btm_ble_gap.cc:1438 btm_ble_process_adv_addr: bda=xx:xx:xx:xx:04:66
09-25 12:36:43.880  7761  7842 V bluetooth: system/gd/hci/le_scanning_reassembler.cc:54 ProcessAdvertisingReport: Dropping repeated legacy advertising data
09-25 12:36:43.880  7761  7835 V SEC_CB  : system/stack/btm/btm_sec_cb.cc:187 IsDeviceBonded: No record for xx:xx:xx:xx:04:66
09-25 12:36:43.880  7761  7842 V bt_btm_ble: system/stack/btm/btm_ble_gap.cc:1438 btm_ble_process_adv_addr: bda=xx:xx:xx:xx:04:66
09-25 12:36:43.880  7761  7842 V bluetooth: system/gd/hci/le_scanning_reassembler.cc:93 ProcessAdvertisingReport: Full advertising report has been reassembled
09-25 12:36:43.880  7761  7835 V SEC_CB  : system/stack/btm/btm_sec_cb.cc:187 IsDeviceBonded: No record for xx:xx:xx:xx:04:66
09-25 12:36:43.880  7761  7835 V bt_btm_ble: system/stack/btm/btm_ble_gap.cc:1426 btm_ble_update_inq_result: Random address, treat device as LE only
09-25 12:36:43.881  7761  7876 V ScanController: onScanResult() - eventType=0x13, addressType=1, address=XX:XX:XX:XX:04:66, primaryPhy=1, secondaryPhy=0, advertisingSid=0xff, txPower=127, rssi=-65, periodicAdvInt=0x0, originalAddress=00:00:00:00:00:00
09-25 12:36:43.881  7761  7876 V ScanController: onScanResult() - eventType=0x1b, addressType=1, address=XX:XX:XX:XX:04:66, primaryPhy=1, secondaryPhy=0, advertisingSid=0xff, txPower=127, rssi=-64, periodicAdvInt=0x0, originalAddress=00:00:00:00:00:00
09-25 12:36:43.881  7761  7876 V ScanController: Skipping client: No filter match
09-25 12:36:43.881  7761  7876 V ScanController: Skipping client: No filter match
09-25 12:36:43.881  7761  7876 V bt_btif : system/btif/src/bluetooth.cc:1337 operator(): HAL bt_hal_cbacks->remote_device_properties_cb
09-25 12:36:43.881  7761  7876 V BluetoothServiceJni: android/app/jni/com_android_bluetooth_btservice_AdapterService.cpp:245 remote_device_properties_callback: Device: xx:xx:xx:xx:04:66, Status: success, Properties: 4
09-25 12:36:43.882 10644 13075 D BluetoothLeScanner: onScanResult() - ScanResult{device=XX:XX:XX:XX:04:66, scanRecord=ScanRecord [mAdvertiseFlags=24, mServiceUuids=null, mServiceSolicitationUuids=[], mManufacturerSpecificData={}, mServiceData={0000fe2c-0000-1000-8000-00805f9b34fb=[0, 96, 104, 34, -38, 53, -28, 69, 17, -113, 52, -1, 90, -1]}, mTxPowerLevel=-12, mDeviceName=realme Buds Air7, mTransportDiscoveryData=null], rssi=-64, timestampNanos=931647605660943, eventType=27, primaryPhy=1, secondaryPhy=0, advertisingSid=255, txPower=127, periodicAdvertisingInterval=0}
09-25 12:36:43.882  7761  7876 W BluetoothRemoteDevices: Address type mismatch for XX:XX:XX:XX:04:66, new type: 1
09-25 12:36:43.882  7761  7876 D BluetoothRemoteDevices: Update property, device=XX:XX:XX:XX:04:66, type: 1
09-25 12:36:43.882  7761  7876 D BluetoothRemoteDevices: Skip name update for XX:XX:XX:XX:04:66
09-25 12:36:43.882  7761  7876 D BluetoothRemoteDevices: Update property, device=XX:XX:XX:XX:04:66, type: 4
09-25 12:36:43.882  7761  7876 D BluetoothRemoteDevices: Skip class update, device=XX:XX:XX:XX:04:66, cod=0x1f00
09-25 12:36:43.882  7761  7876 D BluetoothRemoteDevices: Update property, device=XX:XX:XX:XX:04:66, type: 5
09-25 12:36:43.882  7761  7876 D BluetoothRemoteDevices: Update property, device=XX:XX:XX:XX:04:66, type: 24
09-25 12:36:43.882  7761  7876 V bt_btif : system/btif/src/bluetooth.cc:1337 operator(): HAL bt_hal_cbacks->remote_device_properties_cb
09-25 12:36:43.882  7761  7876 V BluetoothServiceJni: android/app/jni/com_android_bluetooth_btservice_AdapterService.cpp:245 remote_device_properties_callback: Device: xx:xx:xx:xx:04:66, Status: success, Properties: 4
09-25 12:36:43.882  7761  7876 W BluetoothRemoteDevices: Address type mismatch for XX:XX:XX:XX:04:66, new type: 1
09-25 12:36:43.882  7761  7876 D BluetoothRemoteDevices: Update property, device=XX:XX:XX:XX:04:66, type: 1
09-25 12:36:43.882  7761  7876 D BluetoothRemoteDevices: Skip name update for XX:XX:XX:XX:04:66
09-25 12:36:43.882  7761  7876 D BluetoothRemoteDevices: Update property, device=XX:XX:XX:XX:04:66, type: 4
09-25 12:36:43.882  7761  7876 D BluetoothRemoteDevices: Skip class update, device=XX:XX:XX:XX:04:66, cod=0x1f00
09-25 12:36:43.882  7761  7876 D BluetoothRemoteDevices: Update property, device=XX:XX:XX:XX:04:66, type: 5
09-25 12:36:43.882  7761  7876 D BluetoothRemoteDevices: Update property, device=XX:XX:XX:XX:04:66, type: 24
09-25 12:36:43.883 10644 12577 I NearbyDiscovery: (REDACTED) BloomFilterAdvManager: Detected bloom filter but too far away, ignoring. %sm, %s
09-25 12:36:43.883  1549  1598 I AHAL: AudioStream: GetFramesWritten: 3406: mmap position is 5928960
09-25 12:36:43.883  1549  1598 I AHAL: AudioStream: GetFramesWritten: 3409: mmap signed frames 5928816
09-25 12:36:43.900  1616  1871 I SDM     : DisplayBase::CommitThread: Received idle timeout, panel: cmd, timeout: 70000 us
09-25 12:36:43.920  1550  7858 I vendor.qti.bluetooth@1.1-ibs_handler: ProcessIbsCmd: Received IBS_SLEEP_IND: 0xFE
09-25 12:36:43.920  1550  7858 D vendor.qti.bluetooth@1.1-ibs_handler: SerialClockVote: vote for UART CLK OFF
09-25 12:36:43.934  1549  1598 I AHAL: AudioStream: GetFramesWritten: 3406: mmap position is 5931408
09-25 12:36:43.934  1549  1598 I AHAL: AudioStream: GetFramesWritten: 3409: mmap signed frames 5931264
09-25 12:36:43.939  1570  1606 I android.hardware.thermal-service.qti: sensor: cpu-2-1-0 temperature: 95 old: 0 new: 3
09-25 12:36:43.964  1570  1606 I android.hardware.thermal-service.qti: sensor: cpu-2-1-0 temperature: 89.9 old: 3 new: 0
09-25 12:36:43.984  1549  1598 I AHAL: AudioStream: GetFramesWritten: 3406: mmap position is 5933808
09-25 12:36:43.984  1549  1598 I AHAL: AudioStream: GetFramesWritten: 3409: mmap signed frames 5933664
09-25 12:36:44.029  1695  1792 D BatteryChargeControl: bcc get no support from charging protocol
09-25 12:36:44.035  1549  1598 I AHAL: AudioStream: GetFramesWritten: 3406: mmap position is 5936256
09-25 12:36:44.035  1549  1598 I AHAL: AudioStream: GetFramesWritten: 3409: mmap signed frames 5936112
09-25 12:36:44.070  1550  7849 E vendor.qti.bluetooth@1.1-wake_lock: Release wake lock not initialized/acquired
09-25 12:36:44.086  1549  1598 I AHAL: AudioStream: GetFramesWritten: 3406: mmap position is 5938704
09-25 12:36:44.086  1549  1598 I AHAL: AudioStream: GetFramesWritten: 3409: mmap signed frames 5938560
09-25 12:36:44.136  1549  1598 I AHAL: AudioStream: GetFramesWritten: 3406: mmap position is 5941104
09-25 12:36:44.137  1549  1598 I AHAL: AudioStream: GetFramesWritten: 3409: mmap signed frames 5940960
09-25 12:36:44.138  1570  1606 I android.hardware.thermal-service.qti: sensor: cpu-1-0-0 temperature: 95 old: 0 new: 3
09-25 12:36:44.140  1616  1871 I SDM     : DisplayBase::CommitThread: Received idle timeout, panel: cmd, timeout: 70000 us
09-25 12:36:44.187  1549  1598 I AHAL: AudioStream: GetFramesWritten: 3406: mmap position is 5943552
09-25 12:36:44.187  1549  1598 I AHAL: AudioStream: GetFramesWritten: 3409: mmap signed frames 5943408
09-25 12:36:44.233  1570  1606 I android.hardware.thermal-service.qti: sensor: cpu-2-1-0 temperature: 95 old: 0 new: 3
09-25 12:36:44.237  1616  1871 I SDM     : DisplayBase::CommitThread: Received idle timeout, panel: cmd, timeout: 70000 us
09-25 12:36:44.237  1549  1598 I AHAL: AudioStream: GetFramesWritten: 3406: mmap position is 5945952
09-25 12:36:44.237  1549  1598 I AHAL: AudioStream: GetFramesWritten: 3409: mmap signed frames 5945808
09-25 12:36:44.287  1549  1598 I AHAL: AudioStream: GetFramesWritten: 3406: mmap position is 5948352
09-25 12:36:44.288  1549  1598 I AHAL: AudioStream: GetFramesWritten: 3409: mmap signed frames 5948208
09-25 12:36:44.313  1570  1606 I android.hardware.thermal-service.qti: sensor: cpu-1-0-0 temperature: 89.9 old: 3 new: 0
09-25 12:36:44.331  1616  1871 I SDM     : DisplayBase::CommitThread: Received idle timeout, panel: cmd, timeout: 70000 us
09-25 12:36:44.339  1549  1598 I AHAL: AudioStream: GetFramesWritten: 3406: mmap position is 5950848
09-25 12:36:44.339  1549  1598 I AHAL: AudioStream: GetFramesWritten: 3409: mmap signed frames 5950704
09-25 12:36:44.366  2159  3343 D QmiClient: qmiServiceEventCallback recv msg id 47
09-25 12:36:44.366  2159  3343 D QmiClient: enter -mServiceType 10 onQmiServiceEventCallback msgId 47
09-25 12:36:44.366  2159  3343 D QmiClient: onQmiServiceEventCallback - enter. msgId=47
09-25 12:36:44.366  2159  2222 D OttProxy: handleMessage msg is 3001
09-25 12:36:44.367  2159  2159 E RadioServiceIndication: mSubsysRadioIndication null
09-25 12:36:44.389  1549  1598 I AHAL: AudioStream: GetFramesWritten: 3406: mmap position is 5953248
09-25 12:36:44.389  1549  1598 I AHAL: AudioStream: GetFramesWritten: 3409: mmap signed frames 5953104
09-25 12:36:44.440  1549  1598 I AHAL: AudioStream: GetFramesWritten: 3406: mmap position is 5955696
09-25 12:36:44.440  1549  1598 I AHAL: AudioStream: GetFramesWritten: 3409: mmap signed frames 5955552
09-25 12:36:44.466  1616  1871 I SDM     : DisplayBase::CommitThread: Received idle timeout, panel: cmd, timeout: 70000 us
09-25 12:36:44.491  1549  1598 I AHAL: AudioStream: GetFramesWritten: 3406: mmap position is 5958144
09-25 12:36:44.491  1549  1598 I AHAL: AudioStream: GetFramesWritten: 3409: mmap signed frames 5958000
09-25 12:36:44.503  1570  1606 I android.hardware.thermal-service.qti: sensor: cpu-1-0-0 temperature: 95.4 old: 0 new: 3
09-25 12:36:44.541  1549  1598 I AHAL: AudioStream: GetFramesWritten: 3406: mmap position is 5960544
09-25 12:36:44.541  1549  1598 I AHAL: AudioStream: GetFramesWritten: 3409: mmap signed frames 5960400
09-25 12:36:44.592  1549  1598 I AHAL: AudioStream: GetFramesWritten: 3406: mmap position is 5962992
09-25 12:36:44.592  1549  1598 I AHAL: AudioStream: GetFramesWritten: 3409: mmap signed frames 5962848
09-25 12:36:44.631  1616  1871 I SDM     : DisplayBase::CommitThread: Received idle timeout, panel: cmd, timeout: 70000 us
09-25 12:36:44.643  1570  1606 I android.hardware.thermal-service.qti: sensor: cpu-2-1-0 temperature: 89.9 old: 3 new: 0
09-25 12:36:44.643  1549  1598 I AHAL: AudioStream: GetFramesWritten: 3406: mmap position is 5965440
09-25 12:36:44.643  1549  1598 I AHAL: AudioStream: GetFramesWritten: 3409: mmap signed frames 5965296
09-25 12:36:44.666  1570  1606 I android.hardware.thermal-service.qti: sensor: cpu-1-0-0 temperature: 89.9 old: 3 new: 0
09-25 12:36:44.692  1570  1606 I android.hardware.thermal-service.qti: sensor: cpu-2-1-0 temperature: 95 old: 0 new: 3
09-25 12:36:44.694  1549  1598 I AHAL: AudioStream: GetFramesWritten: 3406: mmap position is 5967888
09-25 12:36:44.694  1549  1598 I AHAL: AudioStream: GetFramesWritten: 3409: mmap signed frames 5967744
09-25 12:36:44.725  1570  1606 I android.hardware.thermal-service.qti: sensor: cpu-2-1-0 temperature: 89.9 old: 3 new: 0
09-25 12:36:44.735  1570  1606 I android.hardware.thermal-service.qti: sensor: cpu-2-1-0 temperature: 95 old: 0 new: 3
09-25 12:36:44.745  1549  1598 I AHAL: AudioStream: GetFramesWritten: 3406: mmap position is 5970336
09-25 12:36:44.745  1549  1598 I AHAL: AudioStream: GetFramesWritten: 3409: mmap signed frames 5970192
09-25 12:36:44.791  1570  1606 I android.hardware.thermal-service.qti: sensor: cpu-1-0-0 temperature: 95 old: 0 new: 3
09-25 12:36:44.794  1549  1598 I AHAL: AudioStream: GetFramesWritten: 3406: mmap position is 5972688
09-25 12:36:44.794  1549  1598 I AHAL: AudioStream: GetFramesWritten: 3409: mmap signed frames 5972544
09-25 12:36:44.823  1616  1871 I SDM     : DisplayBase::CommitThread: Received idle timeout, panel: cmd, timeout: 70000 us
09-25 12:36:44.842 28772 29102 D S3PERF  : crosscheck source=surface presented=2366 json_fps=14.0079 json_frametime_ms=71.93
09-25 12:36:44.846  1549  1598 I AHAL: AudioStream: GetFramesWritten: 3406: mmap position is 5975184
09-25 12:36:44.846  1549  1598 I AHAL: AudioStream: GetFramesWritten: 3409: mmap signed frames 5975040
09-25 12:36:44.850 28772 29102 D S3PERF  : crosscheck ui_snapshot_fps=14.0079 ui_snapshot_frametime_ms=71.93
09-25 12:36:44.895  1549  1598 I AHAL: AudioStream: GetFramesWritten: 3406: mmap position is 5977536
09-25 12:36:44.895  1549  1598 I AHAL: AudioStream: GetFramesWritten: 3409: mmap signed frames 5977392
09-25 12:36:44.939  1616  1871 I SDM     : DisplayBase::CommitThread: Received idle timeout, panel: cmd, timeout: 70000 us
09-25 12:36:44.940  1570  1606 I android.hardware.thermal-service.qti: sensor: cpu-1-0-0 temperature: 89.9 old: 3 new: 0
09-25 12:36:44.942  1570  1606 I android.hardware.thermal-service.qti: sensor: cpu-2-1-0 temperature: 89.9 old: 3 new: 0
09-25 12:36:44.946  1549  1598 I AHAL: AudioStream: GetFramesWritten: 3406: mmap position is 5979984
09-25 12:36:44.946  1549  1598 I AHAL: AudioStream: GetFramesWritten: 3409: mmap signed frames 5979840
09-25 12:36:44.996  1549  1598 I AHAL: AudioStream: GetFramesWritten: 3406: mmap position is 5982384
09-25 12:36:44.996  1549  1598 I AHAL: AudioStream: GetFramesWritten: 3409: mmap signed frames 5982240
09-25 12:36:45.021  1570  1606 I android.hardware.thermal-service.qti: sensor: cpu-1-0-0 temperature: 95 old: 0 new: 3
09-25 12:36:45.030  1695  1792 D BatteryChargeControl: bcc get no support from charging protocol
09-25 12:36:45.046  1549  1598 I AHAL: AudioStream: GetFramesWritten: 3406: mmap position is 5984784
09-25 12:36:45.046  1549  1598 I AHAL: AudioStream: GetFramesWritten: 3409: mmap signed frames 5984640
09-25 12:36:45.089  1768  1768 D SurfaceFlinger: initiateModeChange 4630946652107814787 {mode={fps=60.00 Hz, modePtr={id=1, vsyncRate=60.00 Hz, peakRefreshRate=60.00 Hz}}, emitEvent=false, force=false}
09-25 12:36:45.089  1616  2136 I SDM     : HWCDisplay::SetActiveConfigToIrisWrapper: SetActiveConfigToIrisWrapper on id_: 0
09-25 12:36:45.089  1616  2136 W SDM     : HWCDisplay::SetActiveConfigToIrisWrapper: HWC SetActiveConfig [0, 1], switch to [1264x2780@60]
09-25 12:36:45.090  1616  2136 W SDM     : HWDeviceDRM::GetSupportedBitClkRate: Requested rate not supported: 1012000000
09-25 12:36:45.090  1616  2136 I SDM     : HWDeviceDRM::UpdateMixerAttributes: Mixer WxH 1264x2780-1 for Peripheral
09-25 12:36:45.090  1616  2136 I CwbService: CwbService::notifyConfigChange: display:0, config:1 size:4, sec.size():0
09-25 12:36:45.090  1616  2136 I SDM     : HWCDisplay::SubmitDisplayConfig: Active configuration changed from config 0 to 1
09-25 12:36:45.093  1616  1871 I SDM     : DisplayBase::CommitThread: Received idle timeout, panel: cmd, timeout: 70000 us
09-25 12:36:45.096  1549  1598 I AHAL: AudioStream: GetFramesWritten: 3406: mmap position is 5987184
09-25 12:36:45.096  1549  1598 I AHAL: AudioStream: GetFramesWritten: 3409: mmap signed frames 5987040
09-25 12:36:45.123  1768  1768 D SurfaceFlinger: initiateModeChange 4630946652107814787 {mode={fps=120.00 Hz, modePtr={id=0, vsyncRate=120.00 Hz, peakRefreshRate=120.00 Hz}}, emitEvent=false, force=false}
09-25 12:36:45.126  1616  2136 I SDM     : HWCDisplay::SetActiveConfigToIrisWrapper: SetActiveConfigToIrisWrapper on id_: 0
09-25 12:36:45.126  1616  2136 W SDM     : HWCDisplay::SetActiveConfigToIrisWrapper: HWC SetActiveConfig [1, 0], switch to [1264x2780@120]
09-25 12:36:45.126  1616  2136 W SDM     : HWDeviceDRM::GetSupportedBitClkRate: Requested rate not supported: 1012000000
09-25 12:36:45.126  1616  2136 I SDM     : HWDeviceDRM::UpdateMixerAttributes: Mixer WxH 1264x2780-1 for Peripheral
09-25 12:36:45.126  1616  2136 I CwbService: CwbService::notifyConfigChange: display:0, config:0 size:4, sec.size():0
09-25 12:36:45.126  1616  2136 I SDM     : HWCDisplay::SubmitDisplayConfig: Active configuration changed from config 1 to 0
09-25 12:36:45.147  1549  1598 I AHAL: AudioStream: GetFramesWritten: 3406: mmap position is 5989632
09-25 12:36:45.147  1549  1598 I AHAL: AudioStream: GetFramesWritten: 3409: mmap signed frames 5989488
09-25 12:36:45.191  1570  1606 I android.hardware.thermal-service.qti: sensor: cpu-1-0-0 temperature: 89.9 old: 3 new: 0
09-25 12:36:45.198  1549  1598 I AHAL: AudioStream: GetFramesWritten: 3406: mmap position is 5992080
09-25 12:36:45.198  1549  1598 I AHAL: AudioStream: GetFramesWritten: 3409: mmap signed frames 5991936
09-25 12:36:45.212  1550  7858 I vendor.qti.bluetooth@1.1-ibs_handler: ProcessIbsCmd: Received IBS_WAKE_IND: 0xFD
09-25 12:36:45.212  1550  7858 D vendor.qti.bluetooth@1.1-ibs_handler: SerialClockVote: vote for UART CLK ON
09-25 12:36:45.212  1550  7858 E vendor.qti.bluetooth@1.1-wake_lock: Acquire write to wakelock file failed -1 - Operation not permitted
09-25 12:36:45.212  1550  7858 I vendor.qti.bluetooth@1.1-ibs_handler: ProcessIbsCmd: Writing IBS_WAKE_ACK
09-25 12:36:45.213  7761  7842 V bt_btm_ble: system/stack/btm/btm_ble_gap.cc:1438 btm_ble_process_adv_addr: bda=xx:xx:xx:xx:04:66
09-25 12:36:45.213  7761  7842 V bluetooth: system/gd/hci/le_scanning_reassembler.cc:54 ProcessAdvertisingReport: Dropping repeated legacy advertising data
09-25 12:36:45.213  7761  7835 V SEC_CB  : system/stack/btm/btm_sec_cb.cc:187 IsDeviceBonded: No record for xx:xx:xx:xx:04:66
09-25 12:36:45.213  7761  7842 V bt_btm_ble: system/stack/btm/btm_ble_gap.cc:1438 btm_ble_process_adv_addr: bda=xx:xx:xx:xx:04:66
09-25 12:36:45.213  7761  7842 V bluetooth: system/gd/hci/le_scanning_reassembler.cc:93 ProcessAdvertisingReport: Full advertising report has been reassembled
09-25 12:36:45.213  7761  7835 V SEC_CB  : system/stack/btm/btm_sec_cb.cc:187 IsDeviceBonded: No record for xx:xx:xx:xx:04:66
09-25 12:36:45.213  7761  7835 V bt_btm_ble: system/stack/btm/btm_ble_gap.cc:1426 btm_ble_update_inq_result: Random address, treat device as LE only
09-25 12:36:45.214  7761  7876 V ScanController: onScanResult() - eventType=0x13, addressType=1, address=XX:XX:XX:XX:04:66, primaryPhy=1, secondaryPhy=0, advertisingSid=0xff, txPower=127, rssi=-63, periodicAdvInt=0x0, originalAddress=00:00:00:00:00:00
09-25 12:36:45.214  7761  7876 V ScanController: onScanResult() - eventType=0x1b, addressType=1, address=XX:XX:XX:XX:04:66, primaryPhy=1, secondaryPhy=0, advertisingSid=0xff, txPower=127, rssi=-61, periodicAdvInt=0x0, originalAddress=00:00:00:00:00:00
09-25 12:36:45.214  7761  7876 V ScanController: Skipping client: No filter match
09-25 12:36:45.214  7761  7876 V ScanController: Skipping client: No filter match
09-25 12:36:45.214  7761  7876 V bt_btif : system/btif/src/bluetooth.cc:1337 operator(): HAL bt_hal_cbacks->remote_device_properties_cb
09-25 12:36:45.214  7761  7876 V BluetoothServiceJni: android/app/jni/com_android_bluetooth_btservice_AdapterService.cpp:245 remote_device_properties_callback: Device: xx:xx:xx:xx:04:66, Status: success, Properties: 4
09-25 12:36:45.214  7761  7876 W BluetoothRemoteDevices: Address type mismatch for XX:XX:XX:XX:04:66, new type: 1
09-25 12:36:45.214  7761  7876 D BluetoothRemoteDevices: Update property, device=XX:XX:XX:XX:04:66, type: 1
09-25 12:36:45.214  7761  7876 D BluetoothRemoteDevices: Skip name update for XX:XX:XX:XX:04:66
09-25 12:36:45.214  7761  7876 D BluetoothRemoteDevices: Update property, device=XX:XX:XX:XX:04:66, type: 4
09-25 12:36:45.214  7761  7876 D BluetoothRemoteDevices: Skip class update, device=XX:XX:XX:XX:04:66, cod=0x1f00
09-25 12:36:45.214  7761  7876 D BluetoothRemoteDevices: Update property, device=XX:XX:XX:XX:04:66, type: 5
09-25 12:36:45.214  7761  7876 D BluetoothRemoteDevices: Update property, device=XX:XX:XX:XX:04:66, type: 24
09-25 12:36:45.214  7761  7876 V bt_btif : system/btif/src/bluetooth.cc:1337 operator(): HAL bt_hal_cbacks->remote_device_properties_cb
09-25 12:36:45.214  7761  7876 V BluetoothServiceJni: android/app/jni/com_android_bluetooth_btservice_AdapterService.cpp:245 remote_device_properties_callback: Device: xx:xx:xx:xx:04:66, Status: success, Properties: 4
09-25 12:36:45.214 10644 13075 D BluetoothLeScanner: onScanResult() - ScanResult{device=XX:XX:XX:XX:04:66, scanRecord=ScanRecord [mAdvertiseFlags=24, mServiceUuids=null, mServiceSolicitationUuids=[], mManufacturerSpecificData={}, mServiceData={0000fe2c-0000-1000-8000-00805f9b34fb=[0, 96, 104, 34, -38, 53, -28, 69, 17, -113, 52, -1, 90, -1]}, mTxPowerLevel=-12, mDeviceName=realme Buds Air7, mTransportDiscoveryData=null], rssi=-61, timestampNanos=931648938266099, eventType=27, primaryPhy=1, secondaryPhy=0, advertisingSid=255, txPower=127, periodicAdvertisingInterval=0}
09-25 12:36:45.214  7761  7876 W BluetoothRemoteDevices: Address type mismatch for XX:XX:XX:XX:04:66, new type: 1
09-25 12:36:45.214  7761  7876 D BluetoothRemoteDevices: Update property, device=XX:XX:XX:XX:04:66, type: 1
09-25 12:36:45.214  7761  7876 D BluetoothRemoteDevices: Skip name update for XX:XX:XX:XX:04:66
09-25 12:36:45.214  7761  7876 D BluetoothRemoteDevices: Update property, device=XX:XX:XX:XX:04:66, type: 4
09-25 12:36:45.214  7761  7876 D BluetoothRemoteDevices: Skip class update, device=XX:XX:XX:XX:04:66, cod=0x1f00
09-25 12:36:45.214  7761  7876 D BluetoothRemoteDevices: Update property, device=XX:XX:XX:XX:04:66, type: 5
09-25 12:36:45.214  7761  7876 D BluetoothRemoteDevices: Update property, device=XX:XX:XX:XX:04:66, type: 24
09-25 12:36:45.241  1570  1606 I android.hardware.thermal-service.qti: sensor: cpu-1-0-0 temperature: 95 old: 0 new: 3
09-25 12:36:45.249  1549  1598 I AHAL: AudioStream: GetFramesWritten: 3406: mmap position is 5994528
09-25 12:36:45.249  1549  1598 I AHAL: AudioStream: GetFramesWritten: 3409: mmap signed frames 5994384
09-25 12:36:45.253  1550  7858 I vendor.qti.bluetooth@1.1-ibs_handler: ProcessIbsCmd: Received IBS_SLEEP_IND: 0xFE
09-25 12:36:45.253  1550  7858 D vendor.qti.bluetooth@1.1-ibs_handler: SerialClockVote: vote for UART CLK OFF
09-25 12:36:45.265  1549  2821 I PAL: OplusSpeakerSia: isGainChanged: 371: vddValue 4064000, mCurVddThres 3800000, mPreVddThres 3800000
09-25 12:36:45.265  1549  2821 D PAL: OplusPalCommon: getActiveStreamPcmId: 2077:  dir: 1, stream: 0xb400006f4aad2e10, pcmDevId: 126
09-25 12:36:45.265  1549  2821 I PAL: SessionAlsaUtils: getModuleInstanceId: 1247: tag_id 0xc0000029, MIID is 0x4761
09-25 12:36:45.265  1549  2821 D sixth_if_gift: sixth_get_lp_protection_val: 1443: ch:0, f0(671), lpx(40984), re(6803175), is_valid(1)
09-25 12:36:45.266  1549  2821 D sixth_if_gift: sixth_get_lp_protection_val: 1443: ch:1, f0(873), lpx(40069), re(6583911), is_valid(1)
09-25 12:36:45.273  1695  1756 D vendor.oplus.hardware.charger-V10-service: parallel fold conf file parse fail parallel_fold_state 2
09-25 12:36:45.273  1695  1756 D vendor.oplus.hardware.charger-V10-service: scale_chg Start!!!
09-25 12:36:45.273  1695  1756 D vendor.oplus.hardware.charger-V10-service: [0, 0, 3]
09-25 12:36:45.273  1695  1756 D vendor.oplus.hardware.charger-V10-service: [0, 2, 11]
09-25 12:36:45.273  1695  1756 D vendor.oplus.hardware.charger-V10-service: [0, 1, 4]
09-25 12:36:45.273  1695  1756 D vendor.oplus.hardware.charger-V10-service: [0, 3, 3]
09-25 12:36:45.273  1695  1756 D vendor.oplus.hardware.charger-V10-service: [0, 4, 3]
09-25 12:36:45.274  1695  1756 D vendor.oplus.hardware.charger-V10-service: [0, 5, 8]
09-25 12:36:45.274  1695  1756 D vendor.oplus.hardware.charger-V10-service: [0, 6, 8]
09-25 12:36:45.274  1695  1756 D vendor.oplus.hardware.charger-V10-service: scale_chg Start!!!
09-25 12:36:45.274  1695  1756 D vendor.oplus.hardware.charger-V10-service: [0, 0, 3]
09-25 12:36:45.274  1695  1756 D vendor.oplus.hardware.charger-V10-service: [0, 2, 11]
09-25 12:36:45.274  1695  1756 D vendor.oplus.hardware.charger-V10-service: [0, 1, 4]
09-25 12:36:45.274  1695  1756 D vendor.oplus.hardware.charger-V10-service: [0, 3, 3]
09-25 12:36:45.274  1695  1756 D vendor.oplus.hardware.charger-V10-service: [0, 4, 3]
09-25 12:36:45.274  1695  1756 D vendor.oplus.hardware.charger-V10-service: [0, 5, 8]
09-25 12:36:45.274  1695  1756 D vendor.oplus.hardware.charger-V10-service: [0, 6, 8]
09-25 12:36:45.279  1616  1871 I SDM     : DisplayBase::CommitThread: Received idle timeout, panel: cmd, timeout: 70000 us
09-25 12:36:45.280  1768  1768 D SurfaceFlinger: initiateModeChange 4630946652107814787 {mode={fps=60.00 Hz, modePtr={id=1, vsyncRate=60.00 Hz, peakRefreshRate=60.00 Hz}}, emitEvent=false, force=false}
09-25 12:36:45.280  1616  2136 I SDM     : HWCDisplay::SetActiveConfigToIrisWrapper: SetActiveConfigToIrisWrapper on id_: 0
09-25 12:36:45.280  1616  2136 W SDM     : HWCDisplay::SetActiveConfigToIrisWrapper: HWC SetActiveConfig [0, 1], switch to [1264x2780@60]
09-25 12:36:45.281  1616  2136 W SDM     : HWDeviceDRM::GetSupportedBitClkRate: Requested rate not supported: 1012000000
09-25 12:36:45.281  1616  2136 I SDM     : HWDeviceDRM::UpdateMixerAttributes: Mixer WxH 1264x2780-1 for Peripheral
09-25 12:36:45.281  1616  2136 I CwbService: CwbService::notifyConfigChange: display:0, config:1 size:4, sec.size():0
09-25 12:36:45.281  1616  2136 I SDM     : HWCDisplay::SubmitDisplayConfig: Active configuration changed from config 0 to 1
09-25 12:36:45.299  1549  1598 I AHAL: AudioStream: GetFramesWritten: 3406: mmap position is 5996928
09-25 12:36:45.299  1549  1598 I AHAL: AudioStream: GetFramesWritten: 3409: mmap signed frames 5996784
09-25 12:36:45.306  1768  1768 D SurfaceFlinger: initiateModeChange 4630946652107814787 {mode={fps=120.00 Hz, modePtr={id=0, vsyncRate=120.00 Hz, peakRefreshRate=120.00 Hz}}, emitEvent=false, force=false}
09-25 12:36:45.308  1616  2136 I SDM     : HWCDisplay::SetActiveConfigToIrisWrapper: SetActiveConfigToIrisWrapper on id_: 0
09-25 12:36:45.308  1616  2136 W SDM     : HWCDisplay::SetActiveConfigToIrisWrapper: HWC SetActiveConfig [1, 0], switch to [1264x2780@120]
09-25 12:36:45.308  1616  2136 W SDM     : HWDeviceDRM::GetSupportedBitClkRate: Requested rate not supported: 1012000000
09-25 12:36:45.309  1616  2136 I SDM     : HWDeviceDRM::UpdateMixerAttributes: Mixer WxH 1264x2780-1 for Peripheral
09-25 12:36:45.309  1616  2136 I CwbService: CwbService::notifyConfigChange: display:0, config:0 size:4, sec.size():0
09-25 12:36:45.309  1616  2136 I SDM     : HWCDisplay::SubmitDisplayConfig: Active configuration changed from config 1 to 0
09-25 12:36:45.327  2159  3343 D QmiClient: qmiServiceEventCallback recv msg id 47
09-25 12:36:45.327  2159  3343 D QmiClient: enter -mServiceType 10 onQmiServiceEventCallback msgId 47
09-25 12:36:45.327  2159  3343 D QmiClient: onQmiServiceEventCallback - enter. msgId=47
09-25 12:36:45.327  2159  2222 D OttProxy: handleMessage msg is 3001
09-25 12:36:45.327  2159  2159 E RadioServiceIndication: mSubsysRadioIndication null
09-25 12:36:45.349  1549  1598 I AHAL: AudioStream: GetFramesWritten: 3406: mmap position is 5999328
09-25 12:36:45.349  1549  1598 I AHAL: AudioStream: GetFramesWritten: 3409: mmap signed frames 5999184
09-25 12:36:45.396  1570  1606 I android.hardware.thermal-service.qti: sensor: cpu-2-1-0 temperature: 95 old: 0 new: 3
09-25 12:36:45.400  1549  1598 I AHAL: AudioStream: GetFramesWritten: 3406: mmap position is 6001776
09-25 12:36:45.400  1549  1598 I AHAL: AudioStream: GetFramesWritten: 3409: mmap signed frames 6001632
09-25 12:36:45.403  1550  7849 E vendor.qti.bluetooth@1.1-wake_lock: Release wake lock not initialized/acquired
09-25 12:36:45.442  1570  1606 I android.hardware.thermal-service.qti: sensor: cpu-1-0-0 temperature: 89.9 old: 3 new: 0
09-25 12:36:45.450  1549  1598 I AHAL: AudioStream: GetFramesWritten: 3406: mmap position is 6004176
09-25 12:36:45.450  1549  1598 I AHAL: AudioStream: GetFramesWritten: 3409: mmap signed frames 6004032
09-25 12:36:45.462  1570  1606 I android.hardware.thermal-service.qti: sensor: cpu-1-0-0 temperature: 95 old: 0 new: 3
09-25 12:36:45.496  4851  4882 E horae   : 0: target_temp:35600, back:35600,frame:35600,front:35600, 4, +(0), 1 ,35600, algo:0
09-25 12:36:45.501  1549  1598 I AHAL: AudioStream: GetFramesWritten: 3406: mmap position is 6006624
09-25 12:36:45.501  1549  1598 I AHAL: AudioStream: GetFramesWritten: 3409: mmap signed frames 6006480
09-25 12:36:45.552  1549  1598 I AHAL: AudioStream: GetFramesWritten: 3406: mmap position is 6009072
09-25 12:36:45.552  1549  1598 I AHAL: AudioStream: GetFramesWritten: 3409: mmap signed frames 6008928
09-25 12:36:45.568  1616  1871 I SDM     : DisplayBase::CommitThread: Received idle timeout, panel: cmd, timeout: 70000 us
09-25 12:36:45.571  1768  1768 D SurfaceFlinger: initiateModeChange 4630946652107814787 {mode={fps=60.00 Hz, modePtr={id=1, vsyncRate=60.00 Hz, peakRefreshRate=60.00 Hz}}, emitEvent=false, force=false}
09-25 12:36:45.571  1616  2136 I SDM     : HWCDisplay::SetActiveConfigToIrisWrapper: SetActiveConfigToIrisWrapper on id_: 0
09-25 12:36:45.571  1616  2136 W SDM     : HWCDisplay::SetActiveConfigToIrisWrapper: HWC SetActiveConfig [0, 1], switch to [1264x2780@60]
09-25 12:36:45.572  1616  2136 W SDM     : HWDeviceDRM::GetSupportedBitClkRate: Requested rate not supported: 1012000000
09-25 12:36:45.572  1616  2136 I SDM     : HWDeviceDRM::UpdateMixerAttributes: Mixer WxH 1264x2780-1 for Peripheral
09-25 12:36:45.572  1616  2136 I CwbService: CwbService::notifyConfigChange: display:0, config:1 size:4, sec.size():0
09-25 12:36:45.572  1616  2136 I SDM     : HWCDisplay::SubmitDisplayConfig: Active configuration changed from config 0 to 1
09-25 12:36:45.602  1549  1598 I AHAL: AudioStream: GetFramesWritten: 3406: mmap position is 6011472
09-25 12:36:45.602  1549  1598 I AHAL: AudioStream: GetFramesWritten: 3409: mmap signed frames 6011328
09-25 12:36:45.603  1570  1606 I android.hardware.thermal-service.qti: sensor: cpu-2-1-0 temperature: 89.9 old: 3 new: 0
09-25 12:36:45.605  1768  1768 D SurfaceFlinger: initiateModeChange 4630946652107814787 {mode={fps=120.00 Hz, modePtr={id=0, vsyncRate=120.00 Hz, peakRefreshRate=120.00 Hz}}, emitEvent=false, force=false}
09-25 12:36:45.605  1616  2136 I SDM     : HWCDisplay::SetActiveConfigToIrisWrapper: SetActiveConfigToIrisWrapper on id_: 0
09-25 12:36:45.605  1616  2136 W SDM     : HWCDisplay::SetActiveConfigToIrisWrapper: HWC SetActiveConfig [1, 0], switch to [1264x2780@120]
09-25 12:36:45.605  1616  2136 W SDM     : HWDeviceDRM::GetSupportedBitClkRate: Requested rate not supported: 1012000000
09-25 12:36:45.605  1616  2136 I SDM     : HWDeviceDRM::UpdateMixerAttributes: Mixer WxH 1264x2780-1 for Peripheral
09-25 12:36:45.606  1616  2136 I CwbService: CwbService::notifyConfigChange: display:0, config:0 size:4, sec.size():0
09-25 12:36:45.606  1616  2136 I SDM     : HWCDisplay::SubmitDisplayConfig: Active configuration changed from config 1 to 0
09-25 12:36:45.652  1549  1598 I AHAL: AudioStream: GetFramesWritten: 3406: mmap position is 6013872
09-25 12:36:45.652  1549  1598 I AHAL: AudioStream: GetFramesWritten: 3409: mmap signed frames 6013728
09-25 12:36:45.703  1549  1598 I AHAL: AudioStream: GetFramesWritten: 3406: mmap position is 6016320
09-25 12:36:45.703  1549  1598 I AHAL: AudioStream: GetFramesWritten: 3409: mmap signed frames 6016176
09-25 12:36:45.705  1570  1606 I android.hardware.thermal-service.qti: sensor: cpu-1-0-0 temperature: 89.9 old: 3 new: 0
09-25 12:36:45.753  1549  1598 I AHAL: AudioStream: GetFramesWritten: 3406: mmap position is 6018720
09-25 12:36:45.753  1549  1598 I AHAL: AudioStream: GetFramesWritten: 3409: mmap signed frames 6018576
09-25 12:36:45.802  1570  1606 I android.hardware.thermal-service.qti: sensor: cpu-1-0-0 temperature: 95 old: 0 new: 3
09-25 12:36:45.804  1549  1598 I AHAL: AudioStream: GetFramesWritten: 3406: mmap position is 6021168
09-25 12:36:45.804  1549  1598 I AHAL: AudioStream: GetFramesWritten: 3409: mmap signed frames 6021024
09-25 12:36:45.820  1570  1606 I android.hardware.thermal-service.qti: sensor: cpu-1-0-0 temperature: 89.9 old: 3 new: 0
09-25 12:36:45.838  1570  1606 I android.hardware.thermal-service.qti: sensor: cpu-2-1-0 temperature: 95 old: 0 new: 3
09-25 12:36:45.854  1549  1598 I AHAL: AudioStream: GetFramesWritten: 3406: mmap position is 6023568
09-25 12:36:45.854  1549  1598 I AHAL: AudioStream: GetFramesWritten: 3409: mmap signed frames 6023424
09-25 12:36:45.865  1570  1606 I android.hardware.thermal-service.qti: sensor: cpu-1-0-0 temperature: 95 old: 0 new: 3
09-25 12:36:45.904  1549  1598 I AHAL: AudioStream: GetFramesWritten: 3406: mmap position is 6025968
09-25 12:36:45.904  1549  1598 I AHAL: AudioStream: GetFramesWritten: 3409: mmap signed frames 6025824
09-25 12:36:45.913  1616  1871 I SDM     : DisplayBase::CommitThread: Received idle timeout, panel: cmd, timeout: 70000 us
09-25 12:36:45.955  1549  1598 I AHAL: AudioStream: GetFramesWritten: 3406: mmap position is 6028416
09-25 12:36:45.955  1549  1598 I AHAL: AudioStream: GetFramesWritten: 3409: mmap signed frames 6028272
09-25 12:36:46.006  1549  1598 I AHAL: AudioStream: GetFramesWritten: 3406: mmap position is 6030864
09-25 12:36:46.006  1549  1598 I AHAL: AudioStream: GetFramesWritten: 3409: mmap signed frames 6030720
09-25 12:36:46.030  1570  1606 I android.hardware.thermal-service.qti: sensor: cpu-2-1-0 temperature: 89.9 old: 3 new: 0
09-25 12:36:46.030  1695  1792 D BatteryChargeControl: bcc get no support from charging protocol
09-25 12:36:46.056  1616  1871 I SDM     : DisplayBase::CommitThread: Received idle timeout, panel: cmd, timeout: 70000 us
09-25 12:36:46.058  1549  1598 I AHAL: AudioStream: GetFramesWritten: 3406: mmap position is 6033360
09-25 12:36:46.058  1549  1598 I AHAL: AudioStream: GetFramesWritten: 3409: mmap signed frames 6033216
09-25 12:36:46.083  1570  1606 I android.hardware.thermal-service.qti: sensor: cpu-1-0-0 temperature: 89.9 old: 3 new: 0
09-25 12:36:46.090  1570  1606 I android.hardware.thermal-service.qti: sensor: cpu-1-0-0 temperature: 95 old: 0 new: 3
09-25 12:36:46.101 28772 29102 D S3PERF  : crosscheck source=surface presented=2381 json_fps=12.2719 json_frametime_ms=55.737
09-25 12:36:46.106 28772 29102 D S3PERF  : crosscheck ui_snapshot_fps=12.2719 ui_snapshot_frametime_ms=55.737
09-25 12:36:46.108  1549  1598 I AHAL: AudioStream: GetFramesWritten: 3406: mmap position is 6035760
09-25 12:36:46.108  1549  1598 I AHAL: AudioStream: GetFramesWritten: 3409: mmap signed frames 6035616
09-25 12:36:46.158  1549  1598 I AHAL: AudioStream: GetFramesWritten: 3406: mmap position is 6038160
09-25 12:36:46.158  1549  1598 I AHAL: AudioStream: GetFramesWritten: 3409: mmap signed frames 6038016
09-25 12:36:46.193  1616  1871 I SDM     : DisplayBase::CommitThread: Received idle timeout, panel: cmd, timeout: 69999 us
09-25 12:36:46.209  1549  1598 I AHAL: AudioStream: GetFramesWritten: 3406: mmap position is 6040608
09-25 12:36:46.209  1549  1598 I AHAL: AudioStream: GetFramesWritten: 3409: mmap signed frames 6040464
09-25 12:36:46.260  1549  1598 I AHAL: AudioStream: GetFramesWritten: 3406: mmap position is 6043056
09-25 12:36:46.260  1549  1598 I AHAL: AudioStream: GetFramesWritten: 3409: mmap signed frames 6042912
09-25 12:36:46.278  1616  1871 I SDM     : DisplayBase::CommitThread: Received idle timeout, panel: cmd, timeout: 70000 us
09-25 12:36:46.310  1549  1598 I AHAL: AudioStream: GetFramesWritten: 3406: mmap position is 6045456
09-25 12:36:46.310  1549  1598 I AHAL: AudioStream: GetFramesWritten: 3409: mmap signed frames 6045312
09-25 12:36:46.361  1549  1598 I AHAL: AudioStream: GetFramesWritten: 3406: mmap position is 6047904
09-25 12:36:46.361  1549  1598 I AHAL: AudioStream: GetFramesWritten: 3409: mmap signed frames 6047760
09-25 12:36:46.369  1616  1871 I SDM     : DisplayBase::CommitThread: Received idle timeout, panel: cmd, timeout: 69999 us
09-25 12:36:46.370  1768  1768 D SurfaceFlinger: initiateModeChange 4630946652107814787 {mode={fps=60.00 Hz, modePtr={id=1, vsyncRate=60.00 Hz, peakRefreshRate=60.00 Hz}}, emitEvent=false, force=false}
09-25 12:36:46.371  1616  2136 I SDM     : HWCDisplay::SetActiveConfigToIrisWrapper: SetActiveConfigToIrisWrapper on id_: 0
09-25 12:36:46.371  1616  2136 W SDM     : HWCDisplay::SetActiveConfigToIrisWrapper: HWC SetActiveConfig [0, 1], switch to [1264x2780@60]
09-25 12:36:46.371  1616  2136 W SDM     : HWDeviceDRM::GetSupportedBitClkRate: Requested rate not supported: 1012000000
09-25 12:36:46.371  1616  2136 I SDM     : HWDeviceDRM::UpdateMixerAttributes: Mixer WxH 1264x2780-1 for Peripheral
09-25 12:36:46.371  1616  2136 I CwbService: CwbService::notifyConfigChange: display:0, config:1 size:4, sec.size():0
09-25 12:36:46.371  1616  2136 I SDM     : HWCDisplay::SubmitDisplayConfig: Active configuration changed from config 0 to 1
09-25 12:36:46.404  1768  1768 D SurfaceFlinger: initiateModeChange 4630946652107814787 {mode={fps=120.00 Hz, modePtr={id=0, vsyncRate=120.00 Hz, peakRefreshRate=120.00 Hz}}, emitEvent=false, force=false}
09-25 12:36:46.404  1616  2136 I SDM     : HWCDisplay::SetActiveConfigToIrisWrapper: SetActiveConfigToIrisWrapper on id_: 0
09-25 12:36:46.404  1616  2136 W SDM     : HWCDisplay::SetActiveConfigToIrisWrapper: HWC SetActiveConfig [1, 0], switch to [1264x2780@120]
09-25 12:36:46.404  1616  2136 W SDM     : HWDeviceDRM::GetSupportedBitClkRate: Requested rate not supported: 1012000000
09-25 12:36:46.404  1616  2136 I SDM     : HWDeviceDRM::UpdateMixerAttributes: Mixer WxH 1264x2780-1 for Peripheral
09-25 12:36:46.404  1616  2136 I CwbService: CwbService::notifyConfigChange: display:0, config:0 size:4, sec.size():0
09-25 12:36:46.404  1616  2136 I SDM     : HWCDisplay::SubmitDisplayConfig: Active configuration changed from config 1 to 0
09-25 12:36:46.412  1549  1598 I AHAL: AudioStream: GetFramesWritten: 3406: mmap position is 6050352
09-25 12:36:46.412  1549  1598 I AHAL: AudioStream: GetFramesWritten: 3409: mmap signed frames 6050208
09-25 12:36:46.439  1570  1606 I android.hardware.thermal-service.qti: sensor: cpu-2-1-0 temperature: 95 old: 0 new: 3
09-25 12:36:46.446  2159  3343 D QmiClient: qmiServiceEventCallback recv msg id 47
09-25 12:36:46.446  2159  3343 D QmiClient: enter -mServiceType 10 onQmiServiceEventCallback msgId 47
09-25 12:36:46.446  2159  3343 D QmiClient: onQmiServiceEventCallback - enter. msgId=47
09-25 12:36:46.446  2159  2222 D OttProxy: handleMessage msg is 3001
09-25 12:36:46.446  2159  2159 E RadioServiceIndication: mSubsysRadioIndication null
09-25 12:36:46.463  1549  1598 I AHAL: AudioStream: GetFramesWritten: 3406: mmap position is 6052800
09-25 12:36:46.463  1549  1598 I AHAL: AudioStream: GetFramesWritten: 3409: mmap signed frames 6052656
09-25 12:36:46.489  1570  1606 I android.hardware.thermal-service.qti: sensor: cpu-1-0-0 temperature: 89.9 old: 3 new: 0
09-25 12:36:46.507  1570  1606 I android.hardware.thermal-service.qti: sensor: cpu-1-0-0 temperature: 95 old: 0 new: 3
09-25 12:36:46.513  1549  1598 I AHAL: AudioStream: GetFramesWritten: 3406: mmap position is 6055200
09-25 12:36:46.513  1549  1598 I AHAL: AudioStream: GetFramesWritten: 3409: mmap signed frames 6055056
09-25 12:36:46.564  1549  1598 I AHAL: AudioStream: GetFramesWritten: 3406: mmap position is 6057648
09-25 12:36:46.564  1549  1598 I AHAL: AudioStream: GetFramesWritten: 3409: mmap signed frames 6057504
09-25 12:36:46.568  1616  1871 I SDM     : DisplayBase::CommitThread: Received idle timeout, panel: cmd, timeout: 70000 us
09-25 12:36:46.614  1549  1598 I AHAL: AudioStream: GetFramesWritten: 3406: mmap position is 6060048
09-25 12:36:46.614  1549  1598 I AHAL: AudioStream: GetFramesWritten: 3409: mmap signed frames 6059904
09-25 12:36:46.661  1768  1768 D SurfaceFlinger: initiateModeChange 4630946652107814787 {mode={fps=60.00 Hz, modePtr={id=1, vsyncRate=60.00 Hz, peakRefreshRate=60.00 Hz}}, emitEvent=false, force=false}
09-25 12:36:46.661  1616  1871 I SDM     : DisplayBase::CommitThread: Received idle timeout, panel: cmd, timeout: 70000 us
09-25 12:36:46.661  1616  2136 I SDM     : HWCDisplay::SetActiveConfigToIrisWrapper: SetActiveConfigToIrisWrapper on id_: 0
09-25 12:36:46.662  1616  2136 W SDM     : HWCDisplay::SetActiveConfigToIrisWrapper: HWC SetActiveConfig [0, 1], switch to [1264x2780@60]
09-25 12:36:46.662  1616  2136 W SDM     : HWDeviceDRM::GetSupportedBitClkRate: Requested rate not supported: 1012000000
09-25 12:36:46.662  1616  2136 I SDM     : HWDeviceDRM::UpdateMixerAttributes: Mixer WxH 1264x2780-1 for Peripheral
09-25 12:36:46.662  1616  2136 I CwbService: CwbService::notifyConfigChange: display:0, config:1 size:4, sec.size():0
09-25 12:36:46.662  1616  2136 I SDM     : HWCDisplay::SubmitDisplayConfig: Active configuration changed from config 0 to 1
09-25 12:36:46.666  1549  1598 I AHAL: AudioStream: GetFramesWritten: 3406: mmap position is 6062544
09-25 12:36:46.666  1549  1598 I AHAL: AudioStream: GetFramesWritten: 3409: mmap signed frames 6062400
09-25 12:36:46.686  1768  1768 D SurfaceFlinger: initiateModeChange 4630946652107814787 {mode={fps=120.00 Hz, modePtr={id=0, vsyncRate=120.00 Hz, peakRefreshRate=120.00 Hz}}, emitEvent=false, force=false}
09-25 12:36:46.689  1616  2136 I SDM     : HWCDisplay::SetActiveConfigToIrisWrapper: SetActiveConfigToIrisWrapper on id_: 0
09-25 12:36:46.689  1616  2136 W SDM     : HWCDisplay::SetActiveConfigToIrisWrapper: HWC SetActiveConfig [1, 0], switch to [1264x2780@120]
09-25 12:36:46.689  1616  2136 W SDM     : HWDeviceDRM::GetSupportedBitClkRate: Requested rate not supported: 1012000000
09-25 12:36:46.689  1616  2136 I SDM     : HWDeviceDRM::UpdateMixerAttributes: Mixer WxH 1264x2780-1 for Peripheral
09-25 12:36:46.690  1616  2136 I CwbService: CwbService::notifyConfigChange: display:0, config:0 size:4, sec.size():0
09-25 12:36:46.690  1616  2136 I SDM     : HWCDisplay::SubmitDisplayConfig: Active configuration changed from config 1 to 0
09-25 12:36:46.715  1549  1598 I AHAL: AudioStream: GetFramesWritten: 3406: mmap position is 6064896
09-25 12:36:46.715  1549  1598 I AHAL: AudioStream: GetFramesWritten: 3409: mmap signed frames 6064752
09-25 12:36:46.722  1550  7858 I vendor.qti.bluetooth@1.1-ibs_handler: ProcessIbsCmd: Received IBS_WAKE_IND: 0xFD
09-25 12:36:46.722  1550  7858 D vendor.qti.bluetooth@1.1-ibs_handler: SerialClockVote: vote for UART CLK ON
09-25 12:36:46.722  1550  7858 E vendor.qti.bluetooth@1.1-wake_lock: Acquire write to wakelock file failed -1 - Operation not permitted
09-25 12:36:46.723  1550  7858 I vendor.qti.bluetooth@1.1-ibs_handler: ProcessIbsCmd: Writing IBS_WAKE_ACK
09-25 12:36:46.724  7761  7842 V bt_btm_ble: system/stack/btm/btm_ble_gap.cc:1438 btm_ble_process_adv_addr: bda=xx:xx:xx:xx:04:66
09-25 12:36:46.724  7761  7842 V bluetooth: system/gd/hci/le_scanning_reassembler.cc:54 ProcessAdvertisingReport: Dropping repeated legacy advertising data
09-25 12:36:46.724  7761  7835 V SEC_CB  : system/stack/btm/btm_sec_cb.cc:187 IsDeviceBonded: No record for xx:xx:xx:xx:04:66
09-25 12:36:46.724  7761  7842 V bt_btm_ble: system/stack/btm/btm_ble_gap.cc:1438 btm_ble_process_adv_addr: bda=xx:xx:xx:xx:04:66
09-25 12:36:46.724  7761  7842 V bluetooth: system/gd/hci/le_scanning_reassembler.cc:93 ProcessAdvertisingReport: Full advertising report has been reassembled
09-25 12:36:46.724  7761  7835 V SEC_CB  : system/stack/btm/btm_sec_cb.cc:187 IsDeviceBonded: No record for xx:xx:xx:xx:04:66
09-25 12:36:46.724  7761  7835 V bt_btm_ble: system/stack/btm/btm_ble_gap.cc:1426 btm_ble_update_inq_result: Random address, treat device as LE only
09-25 12:36:46.724  7761  7876 V ScanController: onScanResult() - eventType=0x13, addressType=1, address=XX:XX:XX:XX:04:66, primaryPhy=1, secondaryPhy=0, advertisingSid=0xff, txPower=127, rssi=-61, periodicAdvInt=0x0, originalAddress=00:00:00:00:00:00
09-25 12:36:46.724  7761  7876 V ScanController: onScanResult() - eventType=0x1b, addressType=1, address=XX:XX:XX:XX:04:66, primaryPhy=1, secondaryPhy=0, advertisingSid=0xff, txPower=127, rssi=-59, periodicAdvInt=0x0, originalAddress=00:00:00:00:00:00
09-25 12:36:46.724  7761  7876 V ScanController: Skipping client: No filter match
09-25 12:36:46.724  7761  7876 V ScanController: Skipping client: No filter match
09-25 12:36:46.725  7761  7876 V bt_btif : system/btif/src/bluetooth.cc:1337 operator(): HAL bt_hal_cbacks->remote_device_properties_cb
09-25 12:36:46.725  7761  7876 V BluetoothServiceJni: android/app/jni/com_android_bluetooth_btservice_AdapterService.cpp:245 remote_device_properties_callback: Device: xx:xx:xx:xx:04:66, Status: success, Properties: 4
09-25 12:36:46.725  7761  7876 W BluetoothRemoteDevices: Address type mismatch for XX:XX:XX:XX:04:66, new type: 1
09-25 12:36:46.725  7761  7876 D BluetoothRemoteDevices: Update property, device=XX:XX:XX:XX:04:66, type: 1
09-25 12:36:46.725  7761  7876 D BluetoothRemoteDevices: Skip name update for XX:XX:XX:XX:04:66
09-25 12:36:46.725  7761  7876 D BluetoothRemoteDevices: Update property, device=XX:XX:XX:XX:04:66, type: 4
09-25 12:36:46.725  7761  7876 D BluetoothRemoteDevices: Skip class update, device=XX:XX:XX:XX:04:66, cod=0x1f00
09-25 12:36:46.725  7761  7876 D BluetoothRemoteDevices: Update property, device=XX:XX:XX:XX:04:66, type: 5
09-25 12:36:46.725  7761  7876 D BluetoothRemoteDevices: Update property, device=XX:XX:XX:XX:04:66, type: 24
09-25 12:36:46.725  7761  7876 V bt_btif : system/btif/src/bluetooth.cc:1337 operator(): HAL bt_hal_cbacks->remote_device_properties_cb
09-25 12:36:46.725  7761  7876 V BluetoothServiceJni: android/app/jni/com_android_bluetooth_btservice_AdapterService.cpp:245 remote_device_properties_callback: Device: xx:xx:xx:xx:04:66, Status: success, Properties: 4
09-25 12:36:46.725  7761  7876 W BluetoothRemoteDevices: Address type mismatch for XX:XX:XX:XX:04:66, new type: 1
09-25 12:36:46.725 10644 13075 D BluetoothLeScanner: onScanResult() - ScanResult{device=XX:XX:XX:XX:04:66, scanRecord=ScanRecord [mAdvertiseFlags=24, mServiceUuids=null, mServiceSolicitationUuids=[], mManufacturerSpecificData={}, mServiceData={0000fe2c-0000-1000-8000-00805f9b34fb=[0, 96, 104, 34, -38, 53, -28, 69, 17, -113, 52, -1, 90, -1]}, mTxPowerLevel=-12, mDeviceName=realme Buds Air7, mTransportDiscoveryData=null], rssi=-59, timestampNanos=931650448812609, eventType=27, primaryPhy=1, secondaryPhy=0, advertisingSid=255, txPower=127, periodicAdvertisingInterval=0}
09-25 12:36:46.725  7761  7876 D BluetoothRemoteDevices: Update property, device=XX:XX:XX:XX:04:66, type: 1
09-25 12:36:46.725  7761  7876 D BluetoothRemoteDevices: Skip name update for XX:XX:XX:XX:04:66
09-25 12:36:46.725  7761  7876 D BluetoothRemoteDevices: Update property, device=XX:XX:XX:XX:04:66, type: 4
09-25 12:36:46.725  7761  7876 D BluetoothRemoteDevices: Skip class update, device=XX:XX:XX:XX:04:66, cod=0x1f00
09-25 12:36:46.725  7761  7876 D BluetoothRemoteDevices: Update property, device=XX:XX:XX:XX:04:66, type: 5
09-25 12:36:46.725  7761  7876 D BluetoothRemoteDevices: Update property, device=XX:XX:XX:XX:04:66, type: 24
09-25 12:36:46.763  1550  7858 I vendor.qti.bluetooth@1.1-ibs_handler: ProcessIbsCmd: Received IBS_SLEEP_IND: 0xFE
09-25 12:36:46.763  1550  7858 D vendor.qti.bluetooth@1.1-ibs_handler: SerialClockVote: vote for UART CLK OFF
09-25 12:36:46.766  1549  1598 I AHAL: AudioStream: GetFramesWritten: 3406: mmap position is 6067344
09-25 12:36:46.766  1549  1598 I AHAL: AudioStream: GetFramesWritten: 3409: mmap signed frames 6067200
09-25 12:36:46.810  1616  1871 I SDM     : DisplayBase::CommitThread: Received idle timeout, panel: cmd, timeout: 70000 us
09-25 12:36:46.817  1549  1598 I AHAL: AudioStream: GetFramesWritten: 3406: mmap position is 6069792
09-25 12:36:46.817  1549  1598 I AHAL: AudioStream: GetFramesWritten: 3409: mmap signed frames 6069648
09-25 12:36:46.841  1570  1606 I android.hardware.thermal-service.qti: sensor: cpu-2-1-0 temperature: 89.9 old: 3 new: 0
09-25 12:36:46.855  1570  1606 I android.hardware.thermal-service.qti: sensor: cpu-2-1-0 temperature: 95.4 old: 0 new: 3
09-25 12:36:46.867  1549  1598 I AHAL: AudioStream: GetFramesWritten: 3406: mmap position is 6072192
09-25 12:36:46.868  1549  1598 I AHAL: AudioStream: GetFramesWritten: 3409: mmap signed frames 6072048
09-25 12:36:46.902  1616  1871 I SDM     : DisplayBase::CommitThread: Received idle timeout, panel: cmd, timeout: 70000 us
09-25 12:36:46.913  1550  7849 E vendor.qti.bluetooth@1.1-wake_lock: Release wake lock not initialized/acquired
09-25 12:36:46.918  1549  1598 I AHAL: AudioStream: GetFramesWritten: 3406: mmap position is 6074640
09-25 12:36:46.918  1549  1598 I AHAL: AudioStream: GetFramesWritten: 3409: mmap signed frames 6074496
09-25 12:36:46.969  1549  1598 I AHAL: AudioStream: GetFramesWritten: 3406: mmap position is 6077088
09-25 12:36:46.969  1549  1598 I AHAL: AudioStream: GetFramesWritten: 3409: mmap signed frames 6076944
09-25 12:36:46.977  1616  1871 I SDM     : DisplayBase::CommitThread: Received idle timeout, panel: cmd, timeout: 70000 us
09-25 12:36:46.977  1768  1768 D SurfaceFlinger: initiateModeChange 4630946652107814787 {mode={fps=60.00 Hz, modePtr={id=1, vsyncRate=60.00 Hz, peakRefreshRate=60.00 Hz}}, emitEvent=false, force=false}
09-25 12:36:46.977  1616  2136 I SDM     : HWCDisplay::SetActiveConfigToIrisWrapper: SetActiveConfigToIrisWrapper on id_: 0
09-25 12:36:46.977  1616  2136 W SDM     : HWCDisplay::SetActiveConfigToIrisWrapper: HWC SetActiveConfig [0, 1], switch to [1264x2780@60]
09-25 12:36:46.978  1616  2136 W SDM     : HWDeviceDRM::GetSupportedBitClkRate: Requested rate not supported: 1012000000
09-25 12:36:46.978  1616  2136 I SDM     : HWDeviceDRM::UpdateMixerAttributes: Mixer WxH 1264x2780-1 for Peripheral
09-25 12:36:46.978  1616  2136 I CwbService: CwbService::notifyConfigChange: display:0, config:1 size:4, sec.size():0
09-25 12:36:46.978  1616  2136 I SDM     : HWCDisplay::SubmitDisplayConfig: Active configuration changed from config 0 to 1
09-25 12:36:47.009  1570  1606 I android.hardware.thermal-service.qti: sensor: cpu-1-0-0 temperature: 89.6 old: 3 new: 0
09-25 12:36:47.020  1768  1768 D SurfaceFlinger: initiateModeChange 4630946652107814787 {mode={fps=120.00 Hz, modePtr={id=0, vsyncRate=120.00 Hz, peakRefreshRate=120.00 Hz}}, emitEvent=false, force=false}
09-25 12:36:47.020  1616  2136 I SDM     : HWCDisplay::SetActiveConfigToIrisWrapper: SetActiveConfigToIrisWrapper on id_: 0
09-25 12:36:47.020  1616  2136 W SDM     : HWCDisplay::SetActiveConfigToIrisWrapper: HWC SetActiveConfig [1, 0], switch to [1264x2780@120]
09-25 12:36:47.020  1549  1598 I AHAL: AudioStream: GetFramesWritten: 3406: mmap position is 6079536
09-25 12:36:47.020  1549  1598 I AHAL: AudioStream: GetFramesWritten: 3409: mmap signed frames 6079392
09-25 12:36:47.021  1616  2136 W SDM     : HWDeviceDRM::GetSupportedBitClkRate: Requested rate not supported: 1012000000
09-25 12:36:47.021  1616  2136 I SDM     : HWDeviceDRM::UpdateMixerAttributes: Mixer WxH 1264x2780-1 for Peripheral
09-25 12:36:47.021  1616  2136 I CwbService: CwbService::notifyConfigChange: display:0, config:0 size:4, sec.size():0
09-25 12:36:47.021  1616  2136 I SDM     : HWCDisplay::SubmitDisplayConfig: Active configuration changed from config 1 to 0
09-25 12:36:47.031  1695  1792 D BatteryChargeControl: bcc get no support from charging protocol
09-25 12:36:47.070  1549  1598 I AHAL: AudioStream: GetFramesWritten: 3406: mmap position is 6081936
09-25 12:36:47.070  1549  1598 I AHAL: AudioStream: GetFramesWritten: 3409: mmap signed frames 6081792
09-25 12:36:47.121  1549  1598 I AHAL: AudioStream: GetFramesWritten: 3406: mmap position is 6084384
09-25 12:36:47.121  1549  1598 I AHAL: AudioStream: GetFramesWritten: 3409: mmap signed frames 6084240
09-25 12:36:47.171  1549  1598 I AHAL: AudioStream: GetFramesWritten: 3406: mmap position is 6086784
09-25 12:36:47.171  1549  1598 I AHAL: AudioStream: GetFramesWritten: 3409: mmap signed frames 6086640
09-25 12:36:47.222  1549  1598 I AHAL: AudioStream: GetFramesWritten: 3406: mmap position is 6089232
09-25 12:36:47.222  1549  1598 I AHAL: AudioStream: GetFramesWritten: 3409: mmap signed frames 6089088
09-25 12:36:47.245  1570  1606 I android.hardware.thermal-service.qti: sensor: cpu-2-1-0 temperature: 89.9 old: 3 new: 0
09-25 12:36:47.259  1616  1871 I SDM     : DisplayBase::CommitThread: Received idle timeout, panel: cmd, timeout: 70000 us
09-25 12:36:47.273  1549  1598 I AHAL: AudioStream: GetFramesWritten: 3406: mmap position is 6091680
09-25 12:36:47.274  1549  1598 I AHAL: AudioStream: GetFramesWritten: 3409: mmap signed frames 6091536
09-25 12:36:47.287  1570  1606 I android.hardware.thermal-service.qti: sensor: cpu-1-0-0 temperature: 95 old: 0 new: 3
09-25 12:36:47.304  1570  1606 I android.hardware.thermal-service.qti: sensor: cpu-1-0-0 temperature: 89.9 old: 3 new: 0
09-25 12:36:47.311  1570  1606 I android.hardware.thermal-service.qti: sensor: cpu-2-1-0 temperature: 95.4 old: 0 new: 3
09-25 12:36:47.318  1570  1606 I android.hardware.thermal-service.qti: sensor: cpu-2-1-0 temperature: 89.9 old: 3 new: 0
09-25 12:36:47.323  1570  1606 I android.hardware.thermal-service.qti: sensor: cpu-2-1-0 temperature: 95 old: 0 new: 3
09-25 12:36:47.324  1549  1598 I AHAL: AudioStream: GetFramesWritten: 3406: mmap position is 6094128
09-25 12:36:47.324  1549  1598 I AHAL: AudioStream: GetFramesWritten: 3409: mmap signed frames 6093984
09-25 12:36:47.324 28772 29102 D S3PERF  : crosscheck source=surface presented=2394 json_fps=10.8702 json_frametime_ms=66.401
09-25 12:36:47.330 28772 29102 D S3PERF  : crosscheck ui_snapshot_fps=10.8702 ui_snapshot_frametime_ms=66.401
09-25 12:36:47.341  1570  1606 I android.hardware.thermal-service.qti: sensor: cpu-1-0-0 temperature: 95 old: 0 new: 3
09-25 12:36:47.373  1549  1598 I AHAL: AudioStream: GetFramesWritten: 3406: mmap position is 6096480
09-25 12:36:47.373  1549  1598 I AHAL: AudioStream: GetFramesWritten: 3409: mmap signed frames 6096336
09-25 12:36:47.406  2159  3343 D QmiClient: qmiServiceEventCallback recv msg id 47
09-25 12:36:47.406  2159  3343 D QmiClient: enter -mServiceType 10 onQmiServiceEventCallback msgId 47
09-25 12:36:47.406  2159  3343 D QmiClient: onQmiServiceEventCallback - enter. msgId=47
09-25 12:36:47.406  2159  2222 D OttProxy: handleMessage msg is 3001
09-25 12:36:47.406  2159  2159 E RadioServiceIndication: mSubsysRadioIndication null
09-25 12:36:47.415  1570  1606 I android.hardware.thermal-service.qti: sensor: cpu-2-1-0 temperature: 89.9 old: 3 new: 0
09-25 12:36:47.424  1549  1598 I AHAL: AudioStream: GetFramesWritten: 3406: mmap position is 6098928
09-25 12:36:47.424  1549  1598 I AHAL: AudioStream: GetFramesWritten: 3409: mmap signed frames 6098784
09-25 12:36:47.427  1768  1768 D SurfaceFlinger: initiateModeChange 4630946652107814787 {mode={fps=60.00 Hz, modePtr={id=1, vsyncRate=60.00 Hz, peakRefreshRate=60.00 Hz}}, emitEvent=false, force=false}
09-25 12:36:47.427  1616  2136 I SDM     : HWCDisplay::SetActiveConfigToIrisWrapper: SetActiveConfigToIrisWrapper on id_: 0
09-25 12:36:47.427  1616  2136 W SDM     : HWCDisplay::SetActiveConfigToIrisWrapper: HWC SetActiveConfig [0, 1], switch to [1264x2780@60]
09-25 12:36:47.428  1616  2136 W SDM     : HWDeviceDRM::GetSupportedBitClkRate: Requested rate not supported: 1012000000
09-25 12:36:47.428  1616  2136 I SDM     : HWDeviceDRM::UpdateMixerAttributes: Mixer WxH 1264x2780-1 for Peripheral
09-25 12:36:47.428  1616  2136 I CwbService: CwbService::notifyConfigChange: display:0, config:1 size:4, sec.size():0
09-25 12:36:47.428  1616  2136 I SDM     : HWCDisplay::SubmitDisplayConfig: Active configuration changed from config 0 to 1
09-25 12:36:47.440  1570  1606 I android.hardware.thermal-service.qti: sensor: cpu-2-1-0 temperature: 95 old: 0 new: 3
09-25 12:36:47.460  1768  1768 D SurfaceFlinger: initiateModeChange 4630946652107814787 {mode={fps=120.00 Hz, modePtr={id=0, vsyncRate=120.00 Hz, peakRefreshRate=120.00 Hz}}, emitEvent=false, force=false}
09-25 12:36:47.463  1616  2136 I SDM     : HWCDisplay::SetActiveConfigToIrisWrapper: SetActiveConfigToIrisWrapper on id_: 0
09-25 12:36:47.463  1616  2136 W SDM     : HWCDisplay::SetActiveConfigToIrisWrapper: HWC SetActiveConfig [1, 0], switch to [1264x2780@120]
09-25 12:36:47.463  1616  2136 W SDM     : HWDeviceDRM::GetSupportedBitClkRate: Requested rate not supported: 1012000000
09-25 12:36:47.463  1616  2136 I SDM     : HWDeviceDRM::UpdateMixerAttributes: Mixer WxH 1264x2780-1 for Peripheral
09-25 12:36:47.464  1616  2136 I CwbService: CwbService::notifyConfigChange: display:0, config:0 size:4, sec.size():0
09-25 12:36:47.464  1616  2136 I SDM     : HWCDisplay::SubmitDisplayConfig: Active configuration changed from config 1 to 0
09-25 12:36:47.464  2159  3343 D QmiClient: qmiServiceEventCallback recv msg id 47
09-25 12:36:47.467  2159  3343 D QmiClient: enter -mServiceType 10 onQmiServiceEventCallback msgId 47
09-25 12:36:47.467  2159  3343 D QmiClient: onQmiServiceEventCallback - enter. msgId=47
09-25 12:36:47.467  2159  3343 D QmiClient: qmiServiceEventCallback recv msg id 47
09-25 12:36:47.467  2159  3343 D QmiClient: enter -mServiceType 10 onQmiServiceEventCallback msgId 47
09-25 12:36:47.467  2159  3343 D QmiClient: onQmiServiceEventCallback - enter. msgId=47
09-25 12:36:47.467  2159  2222 D OttProxy: handleMessage msg is 3001
09-25 12:36:47.467  2159  2222 D OttProxy: handleMessage msg is 3001
09-25 12:36:47.467  2159  2159 E RadioServiceIndication: mSubsysRadioIndication null
09-25 12:36:47.467  2159  2159 E RadioServiceIndication: mSubsysRadioIndication null
09-25 12:36:47.475  1556  3075 E LOCRIL_SESSION: operator():200] SubId: 1 Failed to get sim IO with error: 38
09-25 12:36:47.475  1549  1598 I AHAL: AudioStream: GetFramesWritten: 3406: mmap position is 6101376
09-25 12:36:47.475  1549  1598 I AHAL: AudioStream: GetFramesWritten: 3409: mmap signed frames 6101232
09-25 12:36:47.478  3931  4403 D IWlanJni: getDataRegistrationState start
09-25 12:36:47.480  3931  4444 D IWlanJni: new aidl event arrived
09-25 12:36:47.480  3931  4444 D IWlanJni: handleEvent 10
09-25 12:36:47.480  3931  4444 D IWlanJni: isThreadAttached start
09-25 12:36:47.480  3931  4444 D IWlanJni: jni detached
09-25 12:36:47.480  3931  4444 D IWlanJni: jni attached
09-25 12:36:47.480  3931  4444 D IWlanJni: getDataRegistrationStateResponse start
09-25 12:36:47.480  3931  4444 D IWlanJni: getJavaCallbackClass start
09-25 12:36:47.480  3931  4444 D IWlanJni: getJavaCallbackClass End midIs[1]
09-25 12:36:47.480  3931  4444 I IWlanAidlClient: getDataRegistrationStateResponse called
09-25 12:36:47.480  3931  4437 W IWlanNetworkService: 28336 > Response Processed
09-25 12:36:47.485  1556  3075 E LOCRIL_SESSION: operator():241] SubId: 1 Failed to get sim IMSI with error: 38
09-25 12:36:47.493  4006  4006 D SatelliteController: getCarrierRoamingNtnAllSatellitePlmnSetFromStorage: [302723, 310830, 312190, 73029, 44055, 53013, 255707, 50511, 310210, 50559]
09-25 12:36:47.493  4006  4006 D SatelliteController: getAllPlmnList: [302723, 310830, 312190, 73029, 44055, 53013, 255707, 50511, 310210, 50559]
09-25 12:36:47.493  4006  4006 D SatelliteController: getCarrierRoamingNtnAllSatellitePlmnSetFromStorage: [302723, 310830, 312190, 73029, 44055, 53013, 255707, 50511, 310210, 50559]
09-25 12:36:47.493  4006  4006 D SatelliteController: getAllPlmnList: [302723, 310830, 312190, 73029, 44055, 53013, 255707, 50511, 310210, 50559]
09-25 12:36:47.493  4006  4006 D SatelliteController: registerForSatelliteModemStateChanged: add Listeners for ModemState
09-25 12:36:47.493  4006  4006 E SatelliteController: registerForSatelliteModemStateChanged: mSatelliteSessionController is not initialized yet
09-25 12:36:47.494  1570  1606 I android.hardware.thermal-service.qti: sensor: cpu-1-0-0 temperature: 89.9 old: 3 new: 0
09-25 12:36:47.506 28772 30114 E RPCS3   : Video au decode has been waiting for a consumer for 5 seconds. (handle=0xf0000300, seq_id=1, cmd_id=63, queue_size=61)
09-25 12:36:47.525  1549  1598 I AHAL: AudioStream: GetFramesWritten: 3406: mmap position is 6103776
09-25 12:36:47.525  1549  1598 I AHAL: AudioStream: GetFramesWritten: 3409: mmap signed frames 6103632
09-25 12:36:47.576  1549  1598 I AHAL: AudioStream: GetFramesWritten: 3406: mmap position is 6106224
09-25 12:36:47.576  1549  1598 I AHAL: AudioStream: GetFramesWritten: 3409: mmap signed frames 6106080
09-25 12:36:47.605  1570  1606 I android.hardware.thermal-service.qti: sensor: cpu-2-1-0 temperature: 89.9 old: 3 new: 0
09-25 12:36:47.607  1570  1606 I android.hardware.thermal-service.qti: sensor: cpu-2-0-0 temperature: 95 old: 0 new: 3
09-25 12:36:47.627  1570  1606 I android.hardware.thermal-service.qti: sensor: cpu-2-0-0 temperature: 89.9 old: 3 new: 0
09-25 12:36:47.627  1549  1598 I AHAL: AudioStream: GetFramesWritten: 3406: mmap position is 6108672
09-25 12:36:47.627  1549  1598 I AHAL: AudioStream: GetFramesWritten: 3409: mmap signed frames 6108528
09-25 12:36:47.677  1549  1598 I AHAL: AudioStream: GetFramesWritten: 3406: mmap position is 6111072
09-25 12:36:47.677  1549  1598 I AHAL: AudioStream: GetFramesWritten: 3409: mmap signed frames 6110928
09-25 12:36:47.704  1570  1606 I android.hardware.thermal-service.qti: sensor: cpu-2-1-0 temperature: 95 old: 0 new: 3
09-25 12:36:47.729  1549  1598 I AHAL: AudioStream: GetFramesWritten: 3406: mmap position is 6113568
09-25 12:36:47.729  1549  1598 I AHAL: AudioStream: GetFramesWritten: 3409: mmap signed frames 6113424
09-25 12:36:47.778  1549  1598 I AHAL: AudioStream: GetFramesWritten: 3406: mmap position is 6115920
09-25 12:36:47.778  1549  1598 I AHAL: AudioStream: GetFramesWritten: 3409: mmap signed frames 6115776
09-25 12:36:47.829  1549  1598 I AHAL: AudioStream: GetFramesWritten: 3406: mmap position is 6118368
09-25 12:36:47.829  1549  1598 I AHAL: AudioStream: GetFramesWritten: 3409: mmap signed frames 6118224
09-25 12:36:47.845  1570  1606 I android.hardware.thermal-service.qti: sensor: cpu-2-1-0 temperature: 89.9 old: 3 new: 0
09-25 12:36:47.852  1570  1606 I android.hardware.thermal-service.qti: sensor: cpu-2-1-0 temperature: 95 old: 0 new: 3
09-25 12:36:47.857  1616  1871 I SDM     : DisplayBase::CommitThread: Received idle timeout, panel: cmd, timeout: 69999 us
09-25 12:36:47.881  1549  1598 I AHAL: AudioStream: GetFramesWritten: 3406: mmap position is 6120864
09-25 12:36:47.881  1549  1598 I AHAL: AudioStream: GetFramesWritten: 3409: mmap signed frames 6120720
09-25 12:36:47.882  1570  1606 I android.hardware.thermal-service.qti: sensor: cpu-2-1-0 temperature: 89.9 old: 3 new: 0
09-25 12:36:47.890  1570  1606 I android.hardware.thermal-service.qti: sensor: cpu-2-1-0 temperature: 95 old: 0 new: 3
09-25 12:36:47.930  1549  1598 I AHAL: AudioStream: GetFramesWritten: 3406: mmap position is 6123216
09-25 12:36:47.930  1549  1598 I AHAL: AudioStream: GetFramesWritten: 3409: mmap signed frames 6123072
09-25 12:36:47.980  1549  1598 I AHAL: AudioStream: GetFramesWritten: 3406: mmap position is 6125616
09-25 12:36:47.980  1549  1598 I AHAL: AudioStream: GetFramesWritten: 3409: mmap signed frames 6125472
09-25 12:36:48.031  1549  1598 I AHAL: AudioStream: GetFramesWritten: 3406: mmap position is 6128064
09-25 12:36:48.031  1549  1598 I AHAL: AudioStream: GetFramesWritten: 3409: mmap signed frames 6127920
09-25 12:36:48.031  1695  1792 D BatteryChargeControl: bcc get no support from charging protocol
09-25 12:36:48.034  1550  7858 I vendor.qti.bluetooth@1.1-ibs_handler: ProcessIbsCmd: Received IBS_WAKE_IND: 0xFD
09-25 12:36:48.034  1550  7858 D vendor.qti.bluetooth@1.1-ibs_handler: SerialClockVote: vote for UART CLK ON
09-25 12:36:48.034  1550  7858 E vendor.qti.bluetooth@1.1-wake_lock: Acquire write to wakelock file failed -1 - Operation not permitted
09-25 12:36:48.034  1550  7858 I vendor.qti.bluetooth@1.1-ibs_handler: ProcessIbsCmd: Writing IBS_WAKE_ACK
09-25 12:36:48.035  7761  7842 V bt_btm_ble: system/stack/btm/btm_ble_gap.cc:1438 btm_ble_process_adv_addr: bda=xx:xx:xx:xx:04:66
09-25 12:36:48.035  7761  7842 V bluetooth: system/gd/hci/le_scanning_reassembler.cc:54 ProcessAdvertisingReport: Dropping repeated legacy advertising data
09-25 12:36:48.035  7761  7835 V SEC_CB  : system/stack/btm/btm_sec_cb.cc:187 IsDeviceBonded: No record for xx:xx:xx:xx:04:66
09-25 12:36:48.035  7761  7842 V bt_btm_ble: system/stack/btm/btm_ble_gap.cc:1438 btm_ble_process_adv_addr: bda=xx:xx:xx:xx:04:66
09-25 12:36:48.036  7761  7842 V bluetooth: system/gd/hci/le_scanning_reassembler.cc:93 ProcessAdvertisingReport: Full advertising report has been reassembled
09-25 12:36:48.036  7761  7835 V SEC_CB  : system/stack/btm/btm_sec_cb.cc:187 IsDeviceBonded: No record for xx:xx:xx:xx:04:66
09-25 12:36:48.036  7761  7835 V bt_btm_ble: system/stack/btm/btm_ble_gap.cc:1426 btm_ble_update_inq_result: Random address, treat device as LE only
09-25 12:36:48.036  7761  7876 V ScanController: onScanResult() - eventType=0x13, addressType=1, address=XX:XX:XX:XX:04:66, primaryPhy=1, secondaryPhy=0, advertisingSid=0xff, txPower=127, rssi=-63, periodicAdvInt=0x0, originalAddress=00:00:00:00:00:00
09-25 12:36:48.036  7761  7876 V ScanController: onScanResult() - eventType=0x1b, addressType=1, address=XX:XX:XX:XX:04:66, primaryPhy=1, secondaryPhy=0, advertisingSid=0xff, txPower=127, rssi=-62, periodicAdvInt=0x0, originalAddress=00:00:00:00:00:00
09-25 12:36:48.036  7761  7876 V ScanController: Skipping client: No filter match
09-25 12:36:48.036  7761  7876 V ScanController: Skipping client: No filter match
09-25 12:36:48.036  7761  7876 V bt_btif : system/btif/src/bluetooth.cc:1337 operator(): HAL bt_hal_cbacks->remote_device_properties_cb
09-25 12:36:48.036  7761  7876 V BluetoothServiceJni: android/app/jni/com_android_bluetooth_btservice_AdapterService.cpp:245 remote_device_properties_callback: Device: xx:xx:xx:xx:04:66, Status: success, Properties: 4
09-25 12:36:48.036  7761  7876 W BluetoothRemoteDevices: Address type mismatch for XX:XX:XX:XX:04:66, new type: 1
09-25 12:36:48.036  7761  7876 D BluetoothRemoteDevices: Update property, device=XX:XX:XX:XX:04:66, type: 1
09-25 12:36:48.036  7761  7876 D BluetoothRemoteDevices: Skip name update for XX:XX:XX:XX:04:66
09-25 12:36:48.036  7761  7876 D BluetoothRemoteDevices: Update property, device=XX:XX:XX:XX:04:66, type: 4
09-25 12:36:48.036 10644 13075 D BluetoothLeScanner: onScanResult() - ScanResult{device=XX:XX:XX:XX:04:66, scanRecord=ScanRecord [mAdvertiseFlags=24, mServiceUuids=null, mServiceSolicitationUuids=[], mManufacturerSpecificData={}, mServiceData={0000fe2c-0000-1000-8000-00805f9b34fb=[0, 96, 104, 34, -38, 53, -28, 69, 17, -113, 52, -1, 90, -1]}, mTxPowerLevel=-12, mDeviceName=realme Buds Air7, mTransportDiscoveryData=null], rssi=-62, timestampNanos=931651760628806, eventType=27, primaryPhy=1, secondaryPhy=0, advertisingSid=255, txPower=127, periodicAdvertisingInterval=0}
09-25 12:36:48.037  7761  7876 D BluetoothRemoteDevices: Skip class update, device=XX:XX:XX:XX:04:66, cod=0x1f00
09-25 12:36:48.037  7761  7876 D BluetoothRemoteDevices: Update property, device=XX:XX:XX:XX:04:66, type: 5
09-25 12:36:48.037  7761  7876 D BluetoothRemoteDevices: Update property, device=XX:XX:XX:XX:04:66, type: 24
09-25 12:36:48.037  7761  7876 V bt_btif : system/btif/src/bluetooth.cc:1337 operator(): HAL bt_hal_cbacks->remote_device_properties_cb
09-25 12:36:48.037  7761  7876 V BluetoothServiceJni: android/app/jni/com_android_bluetooth_btservice_AdapterService.cpp:245 remote_device_properties_callback: Device: xx:xx:xx:xx:04:66, Status: success, Properties: 4
09-25 12:36:48.037  7761  7876 W BluetoothRemoteDevices: Address type mismatch for XX:XX:XX:XX:04:66, new type: 1
09-25 12:36:48.037  7761  7876 D BluetoothRemoteDevices: Update property, device=XX:XX:XX:XX:04:66, type: 1
09-25 12:36:48.037  7761  7876 D BluetoothRemoteDevices: Skip name update for XX:XX:XX:XX:04:66
09-25 12:36:48.037  7761  7876 D BluetoothRemoteDevices: Update property, device=XX:XX:XX:XX:04:66, type: 4
09-25 12:36:48.037  7761  7876 D BluetoothRemoteDevices: Skip class update, device=XX:XX:XX:XX:04:66, cod=0x1f00
09-25 12:36:48.037  7761  7876 D BluetoothRemoteDevices: Update property, device=XX:XX:XX:XX:04:66, type: 5
09-25 12:36:48.037  7761  7876 D BluetoothRemoteDevices: Update property, device=XX:XX:XX:XX:04:66, type: 24
09-25 12:36:48.075  1550  7858 I vendor.qti.bluetooth@1.1-ibs_handler: ProcessIbsCmd: Received IBS_SLEEP_IND: 0xFE
09-25 12:36:48.075  1550  7858 D vendor.qti.bluetooth@1.1-ibs_handler: SerialClockVote: vote for UART CLK OFF
09-25 12:36:48.082  1549  1598 I AHAL: AudioStream: GetFramesWritten: 3406: mmap position is 6130512
09-25 12:36:48.082  1549  1598 I AHAL: AudioStream: GetFramesWritten: 3409: mmap signed frames 6130368
09-25 12:36:48.083  1616  1871 I SDM     : DisplayBase::CommitThread: Received idle timeout, panel: cmd, timeout: 70000 us
09-25 12:36:48.084  1768  1768 D SurfaceFlinger: initiateModeChange 4630946652107814787 {mode={fps=60.00 Hz, modePtr={id=1, vsyncRate=60.00 Hz, peakRefreshRate=60.00 Hz}}, emitEvent=false, force=false}
09-25 12:36:48.084  1616  2136 I SDM     : HWCDisplay::SetActiveConfigToIrisWrapper: SetActiveConfigToIrisWrapper on id_: 0
09-25 12:36:48.084  1616  2136 W SDM     : HWCDisplay::SetActiveConfigToIrisWrapper: HWC SetActiveConfig [0, 1], switch to [1264x2780@60]
09-25 12:36:48.085  1616  2136 W SDM     : HWDeviceDRM::GetSupportedBitClkRate: Requested rate not supported: 1012000000
09-25 12:36:48.085  1616  2136 I SDM     : HWDeviceDRM::UpdateMixerAttributes: Mixer WxH 1264x2780-1 for Peripheral
09-25 12:36:48.085  1616  2136 I CwbService: CwbService::notifyConfigChange: display:0, config:1 size:4, sec.size():0
09-25 12:36:48.085  1616  2136 I SDM     : HWCDisplay::SubmitDisplayConfig: Active configuration changed from config 0 to 1
09-25 12:36:48.115  1570  1606 I android.hardware.thermal-service.qti: sensor: cpu-1-0-0 temperature: 95 old: 0 new: 3
09-25 12:36:48.118  1768  1768 D SurfaceFlinger: initiateModeChange 4630946652107814787 {mode={fps=120.00 Hz, modePtr={id=0, vsyncRate=120.00 Hz, peakRefreshRate=120.00 Hz}}, emitEvent=false, force=false}
09-25 12:36:48.128  1570  1606 I android.hardware.thermal-service.qti: sensor: cpu-1-0-0 temperature: 89.9 old: 3 new: 0
09-25 12:36:48.132  1549  1598 I AHAL: AudioStream: GetFramesWritten: 3406: mmap position is 6132912
09-25 12:36:48.132  1549  1598 I AHAL: AudioStream: GetFramesWritten: 3409: mmap signed frames 6132768
09-25 12:36:48.137  1616  2136 I SDM     : HWCDisplay::SetActiveConfigToIrisWrapper: SetActiveConfigToIrisWrapper on id_: 0
09-25 12:36:48.137  1616  2136 W SDM     : HWCDisplay::SetActiveConfigToIrisWrapper: HWC SetActiveConfig [1, 0], switch to [1264x2780@120]
09-25 12:36:48.138  1616  2136 W SDM     : HWDeviceDRM::GetSupportedBitClkRate: Requested rate not supported: 1012000000
09-25 12:36:48.138  1616  2136 I SDM     : HWDeviceDRM::UpdateMixerAttributes: Mixer WxH 1264x2780-1 for Peripheral
09-25 12:36:48.138  1616  2136 I CwbService: CwbService::notifyConfigChange: display:0, config:0 size:4, sec.size():0
09-25 12:36:48.138  1616  2136 I SDM     : HWCDisplay::SubmitDisplayConfig: Active configuration changed from config 1 to 0
09-25 12:36:48.182  1549  1598 I AHAL: AudioStream: GetFramesWritten: 3406: mmap position is 6135312
09-25 12:36:48.182  1549  1598 I AHAL: AudioStream: GetFramesWritten: 3409: mmap signed frames 6135168
09-25 12:36:48.184  1768  1768 D SurfaceFlinger: initiateModeChange 4630946652107814787 {mode={fps=60.00 Hz, modePtr={id=1, vsyncRate=60.00 Hz, peakRefreshRate=60.00 Hz}}, emitEvent=false, force=false}
09-25 12:36:48.184  1616  2136 I SDM     : HWCDisplay::SetActiveConfigToIrisWrapper: SetActiveConfigToIrisWrapper on id_: 0
09-25 12:36:48.184  1616  2136 W SDM     : HWCDisplay::SetActiveConfigToIrisWrapper: HWC SetActiveConfig [0, 1], switch to [1264x2780@60]
09-25 12:36:48.184  1616  2136 W SDM     : HWDeviceDRM::GetSupportedBitClkRate: Requested rate not supported: 1012000000
09-25 12:36:48.185  1616  2136 I SDM     : HWDeviceDRM::UpdateMixerAttributes: Mixer WxH 1264x2780-1 for Peripheral
09-25 12:36:48.185  1616  2136 I CwbService: CwbService::notifyConfigChange: display:0, config:1 size:4, sec.size():0
09-25 12:36:48.185  1616  2136 I SDM     : HWCDisplay::SubmitDisplayConfig: Active configuration changed from config 0 to 1
09-25 12:36:48.218  1768  1768 D SurfaceFlinger: initiateModeChange 4630946652107814787 {mode={fps=120.00 Hz, modePtr={id=0, vsyncRate=120.00 Hz, peakRefreshRate=120.00 Hz}}, emitEvent=false, force=false}
09-25 12:36:48.218  1616  2136 I SDM     : HWCDisplay::SetActiveConfigToIrisWrapper: SetActiveConfigToIrisWrapper on id_: 0
09-25 12:36:48.218  1616  2136 W SDM     : HWCDisplay::SetActiveConfigToIrisWrapper: HWC SetActiveConfig [1, 0], switch to [1264x2780@120]
09-25 12:36:48.219  1616  2136 W SDM     : HWDeviceDRM::GetSupportedBitClkRate: Requested rate not supported: 1012000000
09-25 12:36:48.219  1616  2136 I SDM     : HWDeviceDRM::UpdateMixerAttributes: Mixer WxH 1264x2780-1 for Peripheral
09-25 12:36:48.219  1616  2136 I CwbService: CwbService::notifyConfigChange: display:0, config:0 size:4, sec.size():0
09-25 12:36:48.219  1616  2136 I SDM     : HWCDisplay::SubmitDisplayConfig: Active configuration changed from config 1 to 0
09-25 12:36:48.225  1550  7849 E vendor.qti.bluetooth@1.1-wake_lock: Release wake lock not initialized/acquired
09-25 12:36:48.232  1549  1598 I AHAL: AudioStream: GetFramesWritten: 3406: mmap position is 6137712
09-25 12:36:48.232  1549  1598 I AHAL: AudioStream: GetFramesWritten: 3409: mmap signed frames 6137568
09-25 12:36:48.276  1570  1606 I android.hardware.thermal-service.qti: sensor: cpu-2-1-0 temperature: 89.9 old: 3 new: 0
09-25 12:36:48.284  1549  1598 I AHAL: AudioStream: GetFramesWritten: 3406: mmap position is 6140208
09-25 12:36:48.284  1549  1598 I AHAL: AudioStream: GetFramesWritten: 3409: mmap signed frames 6140064
09-25 12:36:48.333  1549  1598 I AHAL: AudioStream: GetFramesWritten: 3406: mmap position is 6142560
09-25 12:36:48.333  1549  1598 I AHAL: AudioStream: GetFramesWritten: 3409: mmap signed frames 6142416
09-25 12:36:48.364  1616  1871 I SDM     : DisplayBase::CommitThread: Received idle timeout, panel: cmd, timeout: 70000 us
09-25 12:36:48.384  1549  1598 I AHAL: AudioStream: GetFramesWritten: 3406: mmap position is 6145008
09-25 12:36:48.384  1549  1598 I AHAL: AudioStream: GetFramesWritten: 3409: mmap signed frames 6144864
09-25 12:36:48.428  1570  1606 I android.hardware.thermal-service.qti: sensor: cpu-2-1-0 temperature: 95 old: 0 new: 3
09-25 12:36:48.435  1549  1598 I AHAL: AudioStream: GetFramesWritten: 3406: mmap position is 6147456
09-25 12:36:48.435  1549  1598 I AHAL: AudioStream: GetFramesWritten: 3409: mmap signed frames 6147312
09-25 12:36:48.486  1549  1598 I AHAL: AudioStream: GetFramesWritten: 3406: mmap position is 6149904
09-25 12:36:48.486  1549  1598 I AHAL: AudioStream: GetFramesWritten: 3409: mmap signed frames 6149760
09-25 12:36:48.535  1549  1598 I AHAL: AudioStream: GetFramesWritten: 3406: mmap position is 6152256
09-25 12:36:48.535  1549  1598 I AHAL: AudioStream: GetFramesWritten: 3409: mmap signed frames 6152112
09-25 12:36:48.572 28772 29102 D S3PERF  : crosscheck source=surface presented=2408 json_fps=11.8425 json_frametime_ms=90.417
09-25 12:36:48.579 28772 29102 D S3PERF  : GPU load [/sys/class/kgsl/kgsl-3d0/gpubusy]: raw='555557 1002509' -> load=55.416659601060935%
09-25 12:36:48.579 28772 29102 D S3PERF  : crosscheck ui_snapshot_fps=11.8425 ui_snapshot_frametime_ms=90.417
09-25 12:36:48.586  1549  1598 I AHAL: AudioStream: GetFramesWritten: 3406: mmap position is 6154704
09-25 12:36:48.586  1549  1598 I AHAL: AudioStream: GetFramesWritten: 3409: mmap signed frames 6154560
09-25 12:36:48.593  1616  1871 I SDM     : DisplayBase::CommitThread: Received idle timeout, panel: cmd, timeout: 70000 us
09-25 12:36:48.636  1549  1598 I AHAL: AudioStream: GetFramesWritten: 3406: mmap position is 6157104
09-25 12:36:48.636  1549  1598 I AHAL: AudioStream: GetFramesWritten: 3409: mmap signed frames 6156960
09-25 12:36:48.686  1549  1598 I AHAL: AudioStream: GetFramesWritten: 3406: mmap position is 6159504
09-25 12:36:48.686  1549  1598 I AHAL: AudioStream: GetFramesWritten: 3409: mmap signed frames 6159360
09-25 12:36:48.717  1768  1768 D SurfaceFlinger: initiateModeChange 4630946652107814787 {mode={fps=60.00 Hz, modePtr={id=1, vsyncRate=60.00 Hz, peakRefreshRate=60.00 Hz}}, emitEvent=false, force=false}
09-25 12:36:48.717  1616  2136 I SDM     : HWCDisplay::SetActiveConfigToIrisWrapper: SetActiveConfigToIrisWrapper on id_: 0
09-25 12:36:48.717  1616  2136 W SDM     : HWCDisplay::SetActiveConfigToIrisWrapper: HWC SetActiveConfig [0, 1], switch to [1264x2780@60]
09-25 12:36:48.718  1616  2136 W SDM     : HWDeviceDRM::GetSupportedBitClkRate: Requested rate not supported: 1012000000
09-25 12:36:48.719  1616  2136 I SDM     : HWDeviceDRM::UpdateMixerAttributes: Mixer WxH 1264x2780-1 for Peripheral
09-25 12:36:48.719  1616  1871 I SDM     : DisplayBase::CommitThread: Received idle timeout, panel: cmd, timeout: 70000 us
09-25 12:36:48.719  1616  2136 I CwbService: CwbService::notifyConfigChange: display:0, config:1 size:4, sec.size():0
09-25 12:36:48.719  1616  2136 I SDM     : HWCDisplay::SubmitDisplayConfig: Active configuration changed from config 0 to 1
09-25 12:36:48.737  1570  1606 I android.hardware.thermal-service.qti: sensor: cpu-2-1-0 temperature: 89.9 old: 3 new: 0
09-25 12:36:48.750  1549  1598 I AHAL: AudioStream: GetFramesWritten: 3406: mmap position is 6159504
09-25 12:36:48.750  1549  1598 I AHAL: AudioStream: GetFramesWritten: 3409: mmap signed frames 6159360
09-25 12:36:48.750  1725 29840 W AAudioServiceEndpointMMAP: getObservablePosition, the reported position is not changed within 5 msec. Set the external position as not supported
09-25 12:36:48.751  1725 29842 D IsochronousClockModel: processTimestamp() - STATE_RUNNING - #2644, 64318 micros VERY LATE, 0 times
09-25 12:36:48.789  1725 29842 D IsochronousClockModel: processTimestamp() - STATE_RUNNING - #2645, 64300 micros VERY LATE, 1 times
09-25 12:36:48.798  1570  1606 I android.hardware.thermal-service.qti: sensor: cpu-1-0-0 temperature: 95.8 old: 0 new: 3
09-25 12:36:48.839  1725 29842 D IsochronousClockModel: processTimestamp() - STATE_RUNNING - #2646, 64198 micros VERY LATE, 2 times
09-25 12:36:48.839  1725 29842 W IsochronousClockModel: processTimestamp() - STATE_RUNNING - #2646, 64198 micros VERY LATE! Force window jump, mDspStallCount = 3
09-25 12:36:48.847  1616  1871 I SDM     : DisplayBase::CommitThread: Received idle timeout, panel: cmd, timeout: 70000 us
09-25 12:36:48.913  2159  3289 D QmiClient: qmiServiceEventCallback recv msg id 1110
09-25 12:36:48.913  2159  3289 D QmiClient: enter -mServiceType 4 onQmiServiceEventCallback msgId 1110
09-25 12:36:48.913  2159  3289 D QmiClient: onQmiServiceEventCallback - enter. msgId=1110
09-25 12:36:48.913  2159  3289 D QmiVsClientEvent: qmiVsClientNotifyNrcaInfoChangeEvent - RADIO_EVENT_NRCA_INFO_IND
09-25 12:36:48.913  2159  2217 D VsProxy : handleMessage msg is 2429
09-25 12:36:48.914  2159  2217 D VsProxy : handleNrcaInfoChangeInd for instance 1
09-25 12:36:48.914  2159  2159 D VendorService: NrcaInfoChangeInd numCarriers 1
09-25 12:36:48.914  2159  2159 E RadioServiceIndication: mSubsysRadioIndication null
09-25 12:36:48.925  1768  1768 D SurfaceFlinger: initiateModeChange 4630946652107814787 {mode={fps=120.00 Hz, modePtr={id=0, vsyncRate=120.00 Hz, peakRefreshRate=120.00 Hz}}, emitEvent=false, force=false}
09-25 12:36:48.925  1616  2136 I SDM     : HWCDisplay::SetActiveConfigToIrisWrapper: SetActiveConfigToIrisWrapper on id_: 0
09-25 12:36:48.925  1616  2136 W SDM     : HWCDisplay::SetActiveConfigToIrisWrapper: HWC SetActiveConfig [1, 0], switch to [1264x2780@120]
09-25 12:36:48.925  1616  2136 W SDM     : HWDeviceDRM::GetSupportedBitClkRate: Requested rate not supported: 1012000000
09-25 12:36:48.925  1616  2136 I SDM     : HWDeviceDRM::UpdateMixerAttributes: Mixer WxH 1264x2780-1 for Peripheral
09-25 12:36:48.925  1616  2136 I CwbService: CwbService::notifyConfigChange: display:0, config:0 size:4, sec.size():0
09-25 12:36:48.925  1616  2136 I SDM     : HWCDisplay::SubmitDisplayConfig: Active configuration changed from config 1 to 0
09-25 12:36:48.936 28772 29844 D IsochronousClockModel: processTimestamp() - STATE_RUNNING - #1373, 64264 micros VERY LATE, 0 times
09-25 12:36:49.032  1695  1792 D BatteryChargeControl: bcc get no support from charging protocol
09-25 12:36:49.036 28772 29844 D IsochronousClockModel: processTimestamp() - STATE_RUNNING - #1374, 64210 micros VERY LATE, 1 times
09-25 12:36:49.064  1616  1871 I SDM     : DisplayBase::CommitThread: Received idle timeout, panel: cmd, timeout: 70000 us
09-25 12:36:49.137 28772 29844 D IsochronousClockModel: processTimestamp() - STATE_RUNNING - #1375, 64258 micros VERY LATE, 2 times
09-25 12:36:49.137 28772 29844 W IsochronousClockModel: processTimestamp() - STATE_RUNNING - #1375, 64258 micros VERY LATE! Force window jump, mDspStallCount = 3
09-25 12:36:49.147  1616  1871 I SDM     : DisplayBase::CommitThread: Received idle timeout, panel: cmd, timeout: 70000 us
09-25 12:36:49.238  1570  1606 I android.hardware.thermal-service.qti: sensor: cpu-1-0-0 temperature: 89.9 old: 3 new: 0
09-25 12:36:49.246  1570  1606 I android.hardware.thermal-service.qti: sensor: cpu-1-0-0 temperature: 95 old: 0 new: 3
09-25 12:36:49.252  1570  1606 I android.hardware.thermal-service.qti: sensor: cpu-1-0-0 temperature: 89.9 old: 3 new: 0
09-25 12:36:49.341  1768  1768 D SurfaceFlinger: initiateModeChange 4630946652107814787 {mode={fps=60.00 Hz, modePtr={id=1, vsyncRate=60.00 Hz, peakRefreshRate=60.00 Hz}}, emitEvent=false, force=false}
09-25 12:36:49.341  1616  1871 I SDM     : DisplayBase::CommitThread: Received idle timeout, panel: cmd, timeout: 70000 us
09-25 12:36:49.342  1616  2136 I SDM     : HWCDisplay::SetActiveConfigToIrisWrapper: SetActiveConfigToIrisWrapper on id_: 0
09-25 12:36:49.342  1616  2136 W SDM     : HWCDisplay::SetActiveConfigToIrisWrapper: HWC SetActiveConfig [0, 1], switch to [1264x2780@60]
09-25 12:36:49.342  1616  2136 W SDM     : HWDeviceDRM::GetSupportedBitClkRate: Requested rate not supported: 1012000000
09-25 12:36:49.343  1616  2136 I SDM     : HWDeviceDRM::UpdateMixerAttributes: Mixer WxH 1264x2780-1 for Peripheral
09-25 12:36:49.343  1616  2136 I CwbService: CwbService::notifyConfigChange: display:0, config:1 size:4, sec.size():0
09-25 12:36:49.343  1616  2136 I SDM     : HWCDisplay::SubmitDisplayConfig: Active configuration changed from config 0 to 1
09-25 12:36:49.355  1550  7858 I vendor.qti.bluetooth@1.1-ibs_handler: ProcessIbsCmd: Received IBS_WAKE_IND: 0xFD
09-25 12:36:49.356  1550  7858 D vendor.qti.bluetooth@1.1-ibs_handler: SerialClockVote: vote for UART CLK ON
09-25 12:36:49.356  1550  7858 E vendor.qti.bluetooth@1.1-wake_lock: Acquire write to wakelock file failed -1 - Operation not permitted
09-25 12:36:49.356  1550  7858 I vendor.qti.bluetooth@1.1-ibs_handler: ProcessIbsCmd: Writing IBS_WAKE_ACK
09-25 12:36:49.357  7761  7842 V bt_btm_ble: system/stack/btm/btm_ble_gap.cc:1438 btm_ble_process_adv_addr: bda=xx:xx:xx:xx:04:66
09-25 12:36:49.357  7761  7842 V bluetooth: system/gd/hci/le_scanning_reassembler.cc:54 ProcessAdvertisingReport: Dropping repeated legacy advertising data
09-25 12:36:49.357  7761  7842 V bt_btm_ble: system/stack/btm/btm_ble_gap.cc:1438 btm_ble_process_adv_addr: bda=xx:xx:xx:xx:04:66
09-25 12:36:49.357  7761  7842 V bluetooth: system/gd/hci/le_scanning_reassembler.cc:93 ProcessAdvertisingReport: Full advertising report has been reassembled
09-25 12:36:49.357  7761  7835 V SEC_CB  : system/stack/btm/btm_sec_cb.cc:187 IsDeviceBonded: No record for xx:xx:xx:xx:04:66
09-25 12:36:49.357  7761  7835 V SEC_CB  : system/stack/btm/btm_sec_cb.cc:187 IsDeviceBonded: No record for xx:xx:xx:xx:04:66
09-25 12:36:49.357  7761  7835 V bt_btm_ble: system/stack/btm/btm_ble_gap.cc:1426 btm_ble_update_inq_result: Random address, treat device as LE only
09-25 12:36:49.357  1570  1606 I android.hardware.thermal-service.qti: sensor: cpu-2-1-0 temperature: 95 old: 0 new: 3
09-25 12:36:49.358  7761  7876 V ScanController: onScanResult() - eventType=0x13, addressType=1, address=XX:XX:XX:XX:04:66, primaryPhy=1, secondaryPhy=0, advertisingSid=0xff, txPower=127, rssi=-62, periodicAdvInt=0x0, originalAddress=00:00:00:00:00:00
09-25 12:36:49.358  7761  7876 V ScanController: onScanResult() - eventType=0x1b, addressType=1, address=XX:XX:XX:XX:04:66, primaryPhy=1, secondaryPhy=0, advertisingSid=0xff, txPower=127, rssi=-61, periodicAdvInt=0x0, originalAddress=00:00:00:00:00:00
09-25 12:36:49.358  7761  7876 V ScanController: Skipping client: No filter match
09-25 12:36:49.358  7761  7876 V ScanController: Skipping client: No filter match
09-25 12:36:49.358  7761  7876 V bt_btif : system/btif/src/bluetooth.cc:1337 operator(): HAL bt_hal_cbacks->remote_device_properties_cb
09-25 12:36:49.358  7761  7876 V BluetoothServiceJni: android/app/jni/com_android_bluetooth_btservice_AdapterService.cpp:245 remote_device_properties_callback: Device: xx:xx:xx:xx:04:66, Status: success, Properties: 4
09-25 12:36:49.358  7761  7876 W BluetoothRemoteDevices: Address type mismatch for XX:XX:XX:XX:04:66, new type: 1
09-25 12:36:49.358  7761  7876 D BluetoothRemoteDevices: Update property, device=XX:XX:XX:XX:04:66, type: 1
09-25 12:36:49.358  7761  7876 D BluetoothRemoteDevices: Skip name update for XX:XX:XX:XX:04:66
09-25 12:36:49.358  7761  7876 D BluetoothRemoteDevices: Update property, device=XX:XX:XX:XX:04:66, type: 4
09-25 12:36:49.358  7761  7876 D BluetoothRemoteDevices: Skip class update, device=XX:XX:XX:XX:04:66, cod=0x1f00
09-25 12:36:49.358  7761  7876 D BluetoothRemoteDevices: Update property, device=XX:XX:XX:XX:04:66, type: 5
09-25 12:36:49.358 10644 13075 D BluetoothLeScanner: onScanResult() - ScanResult{device=XX:XX:XX:XX:04:66, scanRecord=ScanRecord [mAdvertiseFlags=24, mServiceUuids=null, mServiceSolicitationUuids=[], mManufacturerSpecificData={}, mServiceData={0000fe2c-0000-1000-8000-00805f9b34fb=[0, 96, 104, 34, -38, 53, -28, 69, 17, -113, 52, -1, 90, -1]}, mTxPowerLevel=-12, mDeviceName=realme Buds Air7, mTransportDiscoveryData=null], rssi=-61, timestampNanos=931653082264274, eventType=27, primaryPhy=1, secondaryPhy=0, advertisingSid=255, txPower=127, periodicAdvertisingInterval=0}
09-25 12:36:49.358  7761  7876 D BluetoothRemoteDevices: Update property, device=XX:XX:XX:XX:04:66, type: 24
09-25 12:36:49.358  7761  7876 V bt_btif : system/btif/src/bluetooth.cc:1337 operator(): HAL bt_hal_cbacks->remote_device_properties_cb
09-25 12:36:49.358  7761  7876 V BluetoothServiceJni: android/app/jni/com_android_bluetooth_btservice_AdapterService.cpp:245 remote_device_properties_callback: Device: xx:xx:xx:xx:04:66, Status: success, Properties: 4
09-25 12:36:49.358  7761  7876 W BluetoothRemoteDevices: Address type mismatch for XX:XX:XX:XX:04:66, new type: 1
09-25 12:36:49.358  7761  7876 D BluetoothRemoteDevices: Update property, device=XX:XX:XX:XX:04:66, type: 1
09-25 12:36:49.359  7761  7876 D BluetoothRemoteDevices: Skip name update for XX:XX:XX:XX:04:66
09-25 12:36:49.359  7761  7876 D BluetoothRemoteDevices: Update property, device=XX:XX:XX:XX:04:66, type: 4
09-25 12:36:49.359  7761  7876 D BluetoothRemoteDevices: Skip class update, device=XX:XX:XX:XX:04:66, cod=0x1f00
09-25 12:36:49.359  7761  7876 D BluetoothRemoteDevices: Update property, device=XX:XX:XX:XX:04:66, type: 5
09-25 12:36:49.359  7761  7876 D BluetoothRemoteDevices: Update property, device=XX:XX:XX:XX:04:66, type: 24
09-25 12:36:49.366  1570  1606 I android.hardware.thermal-service.qti: sensor: cpu-2-1-0 temperature: 89.9 old: 3 new: 0
09-25 12:36:49.374  1768  1768 D SurfaceFlinger: initiateModeChange 4630946652107814787 {mode={fps=120.00 Hz, modePtr={id=0, vsyncRate=120.00 Hz, peakRefreshRate=120.00 Hz}}, emitEvent=false, force=false}
09-25 12:36:49.377  1616  2136 I SDM     : HWCDisplay::SetActiveConfigToIrisWrapper: SetActiveConfigToIrisWrapper on id_: 0
09-25 12:36:49.377  1616  2136 W SDM     : HWCDisplay::SetActiveConfigToIrisWrapper: HWC SetActiveConfig [1, 0], switch to [1264x2780@120]
09-25 12:36:49.377  1616  2136 W SDM     : HWDeviceDRM::GetSupportedBitClkRate: Requested rate not supported: 1012000000
09-25 12:36:49.377  1616  2136 I SDM     : HWDeviceDRM::UpdateMixerAttributes: Mixer WxH 1264x2780-1 for Peripheral
09-25 12:36:49.377  1616  2136 I CwbService: CwbService::notifyConfigChange: display:0, config:0 size:4, sec.size():0
09-25 12:36:49.377  1616  2136 I SDM     : HWCDisplay::SubmitDisplayConfig: Active configuration changed from config 1 to 0
09-25 12:36:49.396  1550  7858 I vendor.qti.bluetooth@1.1-ibs_handler: ProcessIbsCmd: Received IBS_SLEEP_IND: 0xFE
09-25 12:36:49.396  1550  7858 D vendor.qti.bluetooth@1.1-ibs_handler: SerialClockVote: vote for UART CLK OFF
09-25 12:36:49.438  1570  1606 I android.hardware.thermal-service.qti: sensor: cpu-2-1-0 temperature: 95 old: 0 new: 3
09-25 12:36:49.457  1768  1768 D SurfaceFlinger: initiateModeChange 4630946652107814787 {mode={fps=60.00 Hz, modePtr={id=1, vsyncRate=60.00 Hz, peakRefreshRate=60.00 Hz}}, emitEvent=false, force=false}
09-25 12:36:49.457  1616  2136 I SDM     : HWCDisplay::SetActiveConfigToIrisWrapper: SetActiveConfigToIrisWrapper on id_: 0
09-25 12:36:49.457  1616  2136 W SDM     : HWCDisplay::SetActiveConfigToIrisWrapper: HWC SetActiveConfig [0, 1], switch to [1264x2780@60]
09-25 12:36:49.457  1616  2136 W SDM     : HWDeviceDRM::GetSupportedBitClkRate: Requested rate not supported: 1012000000
09-25 12:36:49.457  1616  2136 I SDM     : HWDeviceDRM::UpdateMixerAttributes: Mixer WxH 1264x2780-1 for Peripheral
09-25 12:36:49.458  1616  2136 I CwbService: CwbService::notifyConfigChange: display:0, config:1 size:4, sec.size():0
09-25 12:36:49.458  1616  2136 I SDM     : HWCDisplay::SubmitDisplayConfig: Active configuration changed from config 0 to 1
09-25 12:36:49.463 28772 29819 W RPCS3   : Cached object for address 0xC7B98400 was found, but it does not match stored parameters (width=128 vs 64; height=64 vs 64; depth=1 vs 1; mipmaps=5 vs 5)
09-25 12:36:49.474  1768  1768 D SurfaceFlinger: initiateModeChange 4630946652107814787 {mode={fps=120.00 Hz, modePtr={id=0, vsyncRate=120.00 Hz, peakRefreshRate=120.00 Hz}}, emitEvent=false, force=false}
09-25 12:36:49.484  1570  1606 I android.hardware.thermal-service.qti: sensor: cpu-2-1-0 temperature: 89.9 old: 3 new: 0
09-25 12:36:49.485  1616  2136 I SDM     : HWCDisplay::SetActiveConfigToIrisWrapper: SetActiveConfigToIrisWrapper on id_: 0
09-25 12:36:49.485  1616  2136 W SDM     : HWCDisplay::SetActiveConfigToIrisWrapper: HWC SetActiveConfig [1, 0], switch to [1264x2780@120]
09-25 12:36:49.485  1616  2136 W SDM     : HWDeviceDRM::GetSupportedBitClkRate: Requested rate not supported: 1012000000
09-25 12:36:49.485  1616  2136 I SDM     : HWDeviceDRM::UpdateMixerAttributes: Mixer WxH 1264x2780-1 for Peripheral
09-25 12:36:49.485  1616  2136 I CwbService: CwbService::notifyConfigChange: display:0, config:0 size:4, sec.size():0
09-25 12:36:49.485  1616  2136 I SDM     : HWCDisplay::SubmitDisplayConfig: Active configuration changed from config 1 to 0
09-25 12:36:49.492  1570  1606 I android.hardware.thermal-service.qti: sensor: cpu-1-0-0 temperature: 95 old: 0 new: 3
09-25 12:36:49.547  1550  7849 E vendor.qti.bluetooth@1.1-wake_lock: Release wake lock not initialized/acquired
09-25 12:36:49.634 28772 29777 D RPCS3   : CPU Usage: Total: 61.9%, Cores: 0.0%, 0.0%, 0.0%, 0.0%, 0.0%, 0.0%, 0.0%, 0.0%
09-25 12:36:49.655  1570  1606 I android.hardware.thermal-service.qti: sensor: cpu-2-1-0 temperature: 95 old: 0 new: 3
09-25 12:36:49.719  1570  1606 I android.hardware.thermal-service.qti: sensor: cpu-2-1-0 temperature: 89.9 old: 3 new: 0
09-25 12:36:49.734  1570  1606 I android.hardware.thermal-service.qti: sensor: cpu-2-0-0 temperature: 95 old: 0 new: 3
09-25 12:36:49.741  1570  1606 I android.hardware.thermal-service.qti: sensor: cpu-2-0-0 temperature: 89.6 old: 3 new: 0
09-25 12:36:49.746  1616  1871 I SDM     : DisplayBase::CommitThread: Received idle timeout, panel: cmd, timeout: 70000 us
09-25 12:36:49.748  1768  1768 D SurfaceFlinger: initiateModeChange 4630946652107814787 {mode={fps=60.00 Hz, modePtr={id=1, vsyncRate=60.00 Hz, peakRefreshRate=60.00 Hz}}, emitEvent=false, force=false}
09-25 12:36:49.749  1616  2136 I SDM     : HWCDisplay::SetActiveConfigToIrisWrapper: SetActiveConfigToIrisWrapper on id_: 0
09-25 12:36:49.749  1616  2136 W SDM     : HWCDisplay::SetActiveConfigToIrisWrapper: HWC SetActiveConfig [0, 1], switch to [1264x2780@60]
09-25 12:36:49.749  1616  2136 W SDM     : HWDeviceDRM::GetSupportedBitClkRate: Requested rate not supported: 1012000000
09-25 12:36:49.750  1616  2136 I SDM     : HWDeviceDRM::UpdateMixerAttributes: Mixer WxH 1264x2780-1 for Peripheral
09-25 12:36:49.750  1616  2136 I CwbService: CwbService::notifyConfigChange: display:0, config:1 size:4, sec.size():0
09-25 12:36:49.750  1616  2136 I SDM     : HWCDisplay::SubmitDisplayConfig: Active configuration changed from config 0 to 1
09-25 12:36:49.757  1768  1768 D SurfaceFlinger: initiateModeChange 4630946652107814787 {mode={fps=120.00 Hz, modePtr={id=0, vsyncRate=120.00 Hz, peakRefreshRate=120.00 Hz}}, emitEvent=false, force=false}
09-25 12:36:49.757  1616  2136 I SDM     : HWCDisplay::SetActiveConfigToIrisWrapper: SetActiveConfigToIrisWrapper on id_: 0
09-25 12:36:49.757  1616  2136 W SDM     : HWCDisplay::SetActiveConfigToIrisWrapper: HWC SetActiveConfig [1, 0], switch to [1264x2780@120]
09-25 12:36:49.758  1616  2136 W SDM     : HWDeviceDRM::GetSupportedBitClkRate: Requested rate not supported: 1012000000
09-25 12:36:49.758  1616  2136 I SDM     : HWDeviceDRM::UpdateMixerAttributes: Mixer WxH 1264x2780-1 for Peripheral
09-25 12:36:49.758  1616  2136 I CwbService: CwbService::notifyConfigChange: display:0, config:0 size:4, sec.size():0
09-25 12:36:49.758  1616  2136 I SDM     : HWCDisplay::SubmitDisplayConfig: Active configuration changed from config 1 to 0
09-25 12:36:49.768  1570  1606 I android.hardware.thermal-service.qti: sensor: cpu-1-0-0 temperature: 89.9 old: 3 new: 0
09-25 12:36:49.774 28772 29801 D RPCS3   : PPU Syscall Usage Stats:
09-25 12:36:49.774 28772 29801 D RPCS3   : 	⁂ sys_timer_usleep [317974]
09-25 12:36:49.774 28772 29801 D RPCS3   : 	⁂ _sys_lwcond_queue_wait [117863]
09-25 12:36:49.774 28772 29801 D RPCS3   : 	⁂ _sys_lwmutex_lock [116579]
09-25 12:36:49.774 28772 29801 D RPCS3   : 	⁂ _sys_lwmutex_unlock [111225]
09-25 12:36:49.774 28772 29801 D RPCS3   : 	⁂ _sys_lwcond_signal [72015]
09-25 12:36:49.774 28772 29801 D RPCS3   : 	⁂ _sys_lwcond_signal_all [46094]
09-25 12:36:49.774 28772 29801 D RPCS3   : 	⁂ sys_time_get_current_time [36482]
09-25 12:36:49.774 28772 29801 D RPCS3   : 	⁂ sys_event_queue_receive [33020]
09-25 12:36:49.774 28772 29801 D RPCS3   : 	⁂ sys_fs_read [18634]
09-25 12:36:49.774 28772 29801 D RPCS3   : 	⁂ sys_fs_write [17050]
09-25 12:36:49.774 28772 29801 D RPCS3   : 	⁂ sys_event_port_send [11346]
09-25 12:36:49.774 28772 29801 D RPCS3   : 	⁂ sys_fs_fsync [2842]
09-25 12:36:49.774 28772 29801 D RPCS3   : 	⁂ sys_fs_lseek [2101]
09-25 12:36:49.774 28772 29801 D RPCS3   : 	⁂ sys_event_flag_wait [1660]
09-25 12:36:49.774 28772 29801 D RPCS3   : 	⁂ sys_event_flag_clear [1660]
09-25 12:36:49.774 28772 29801 D RPCS3   : 	⁂ _sys_lwmutex_trylock [121]
09-25 12:36:49.839  1768  1768 D SurfaceFlinger: initiateModeChange 4630946652107814787 {mode={fps=60.00 Hz, modePtr={id=1, vsyncRate=60.00 Hz, peakRefreshRate=60.00 Hz}}, emitEvent=false, force=false}
09-25 12:36:49.839  1616  2136 I SDM     : HWCDisplay::SetActiveConfigToIrisWrapper: SetActiveConfigToIrisWrapper on id_: 0
09-25 12:36:49.839  1616  2136 W SDM     : HWCDisplay::SetActiveConfigToIrisWrapper: HWC SetActiveConfig [0, 1], switch to [1264x2780@60]
09-25 12:36:49.840  1616  2136 W SDM     : HWDeviceDRM::GetSupportedBitClkRate: Requested rate not supported: 1012000000
09-25 12:36:49.840  1616  2136 I SDM     : HWDeviceDRM::UpdateMixerAttributes: Mixer WxH 1264x2780-1 for Peripheral
09-25 12:36:49.840  1616  2136 I CwbService: CwbService::notifyConfigChange: display:0, config:1 size:4, sec.size():0
09-25 12:36:49.840  1616  2136 I SDM     : HWCDisplay::SubmitDisplayConfig: Active configuration changed from config 0 to 1
09-25 12:36:49.843 28772 29102 D S3PERF  : crosscheck source=surface presented=2419 json_fps=9.91628 json_frametime_ms=116.399
09-25 12:36:49.852 28772 29102 D S3PERF  : crosscheck ui_snapshot_fps=9.91628 ui_snapshot_frametime_ms=116.399
09-25 12:36:49.873  1768  1768 D SurfaceFlinger: initiateModeChange 4630946652107814787 {mode={fps=120.00 Hz, modePtr={id=0, vsyncRate=120.00 Hz, peakRefreshRate=120.00 Hz}}, emitEvent=false, force=false}
09-25 12:36:49.873  1616  2136 I SDM     : HWCDisplay::SetActiveConfigToIrisWrapper: SetActiveConfigToIrisWrapper on id_: 0
09-25 12:36:49.873  1616  2136 W SDM     : HWCDisplay::SetActiveConfigToIrisWrapper: HWC SetActiveConfig [1, 0], switch to [1264x2780@120]
09-25 12:36:49.873  1616  2136 W SDM     : HWDeviceDRM::GetSupportedBitClkRate: Requested rate not supported: 1012000000
09-25 12:36:49.874  1616  2136 I SDM     : HWDeviceDRM::UpdateMixerAttributes: Mixer WxH 1264x2780-1 for Peripheral
09-25 12:36:49.874  1616  2136 I CwbService: CwbService::notifyConfigChange: display:0, config:0 size:4, sec.size():0
09-25 12:36:49.874  1616  2136 I SDM     : HWCDisplay::SubmitDisplayConfig: Active configuration changed from config 1 to 0
09-25 12:36:50.009  1570  1606 I android.hardware.thermal-service.qti: sensor: cpu-1-0-0 temperature: 95 old: 0 new: 3
09-25 12:36:50.031  1616  1871 I SDM     : DisplayBase::CommitThread: Received idle timeout, panel: cmd, timeout: 70000 us
09-25 12:36:50.032  1695  1792 D BatteryChargeControl: bcc get no support from charging protocol
09-25 12:36:50.052  1570  1606 I android.hardware.thermal-service.qti: sensor: cpu-2-1-0 temperature: 95 old: 0 new: 3
09-25 12:36:50.138  1570  1606 I android.hardware.thermal-service.qti: sensor: cpu-2-1-0 temperature: 89.9 old: 3 new: 0
09-25 12:36:50.139  1616  1871 I SDM     : DisplayBase::CommitThread: Received idle timeout, panel: cmd, timeout: 70000 us
09-25 12:36:50.191 28772 28772 W DefaultDispatch: type=1400 audit(0.0:6991139): avc:  denied  { search } for  name="zram0" dev="sysfs" ino=107524 scontext=u:r:untrusted_app:s0:c207,c257,c512,c768 tcontext=u:object_r:sysfs_zram:s0 tclass=dir permissive=0 app=com.zenithblue.sambas3
09-25 12:36:50.195 28772 28772 W DefaultDispatch: type=1400 audit(0.0:6991140): avc:  denied  { search } for  name="zram0" dev="sysfs" ino=107524 scontext=u:r:untrusted_app:s0:c207,c257,c512,c768 tcontext=u:object_r:sysfs_zram:s0 tclass=dir permissive=0 app=com.zenithblue.sambas3
09-25 12:36:50.228  1570  1606 I android.hardware.thermal-service.qti: sensor: cpu-1-0-0 temperature: 89.9 old: 3 new: 0
09-25 12:36:50.237  1570  1606 I android.hardware.thermal-service.qti: sensor: cpu-2-1-0 temperature: 95 old: 0 new: 3
09-25 12:36:50.266  1549  2821 I PAL: OplusSpeakerSia: isGainChanged: 371: vddValue 4050000, mCurVddThres 3800000, mPreVddThres 3800000
09-25 12:36:50.267  1549  2821 D PAL: OplusPalCommon: getActiveStreamPcmId: 2077:  dir: 1, stream: 0xb400006f4aad2e10, pcmDevId: 126
09-25 12:36:50.267  1549  2821 D PAL: OplusSpeakerSia: checkSpeakerStatus: 1156: SIA SPK1: re=6566, te=54
09-25 12:36:50.268  1549  2821 D PAL: OplusSpeakerSia: checkSpeakerStatus: 1156: SIA SPK2: re=6529, te=66
09-25 12:36:50.274  1695  1756 D vendor.oplus.hardware.charger-V10-service: parallel fold conf file parse fail parallel_fold_state 2
09-25 12:36:50.274  1695  1756 D vendor.oplus.hardware.charger-V10-service: scale_chg Start!!!
09-25 12:36:50.274  1695  1756 D vendor.oplus.hardware.charger-V10-service: [0, 0, 3]
09-25 12:36:50.274  1695  1756 D vendor.oplus.hardware.charger-V10-service: [0, 2, 11]
09-25 12:36:50.275  1695  1756 D vendor.oplus.hardware.charger-V10-service: [0, 1, 4]
09-25 12:36:50.275  1695  1756 D vendor.oplus.hardware.charger-V10-service: [0, 3, 3]
09-25 12:36:50.275  1695  1756 D vendor.oplus.hardware.charger-V10-service: [0, 4, 3]
09-25 12:36:50.275  1695  1756 D vendor.oplus.hardware.charger-V10-service: [0, 5, 8]
09-25 12:36:50.275  1695  1756 D vendor.oplus.hardware.charger-V10-service: [0, 6, 8]
09-25 12:36:50.275  1695  1756 D vendor.oplus.hardware.charger-V10-service: scale_chg Start!!!
09-25 12:36:50.275  1695  1756 D vendor.oplus.hardware.charger-V10-service: [0, 0, 3]
09-25 12:36:50.275  1695  1756 D vendor.oplus.hardware.charger-V10-service: [0, 2, 11]
09-25 12:36:50.275  1695  1756 D vendor.oplus.hardware.charger-V10-service: [0, 1, 4]
09-25 12:36:50.275  1695  1756 D vendor.oplus.hardware.charger-V10-service: [0, 3, 3]
09-25 12:36:50.275  1695  1756 D vendor.oplus.hardware.charger-V10-service: [0, 4, 3]
09-25 12:36:50.275  1695  1756 D vendor.oplus.hardware.charger-V10-service: [0, 5, 8]
09-25 12:36:50.275  1695  1756 D vendor.oplus.hardware.charger-V10-service: [0, 6, 8]
09-25 12:36:50.354  1570  1606 I android.hardware.thermal-service.qti: sensor: cpu-1-0-0 temperature: 95 old: 0 new: 3
09-25 12:36:50.379  1616  1871 I SDM     : DisplayBase::CommitThread: Received idle timeout, panel: cmd, timeout: 70000 us
09-25 12:36:50.423 28772 29819 W RPCS3   : Cached object for address 0xC7B65880 was found, but it does not match stored parameters (width=128 vs 64; height=64 vs 64; depth=1 vs 1; mipmaps=5 vs 5)
09-25 12:36:50.454  1570  1606 I android.hardware.thermal-service.qti: sensor: cpu-1-0-0 temperature: 89.9 old: 3 new: 0
09-25 12:36:50.456  1616  1871 I SDM     : DisplayBase::CommitThread: Received idle timeout, panel: cmd, timeout: 70000 us
09-25 12:36:50.496  4851  4882 E horae   : 0: target_temp:35600, back:35600,frame:35600,front:35600, 4, +(0), 1 ,35600, algo:0
09-25 12:36:50.534  1570  1606 I android.hardware.thermal-service.qti: sensor: cpu-2-1-0 temperature: 89.9 old: 3 new: 0
09-25 12:36:50.538  1570  1606 I android.hardware.thermal-service.qti: sensor: cpu-2-1-0 temperature: 95 old: 0 new: 3
09-25 12:36:50.592  1570  1606 I android.hardware.thermal-service.qti: sensor: cpu-2-1-0 temperature: 89.9 old: 3 new: 0
09-25 12:36:50.646  1616  1871 I SDM     : DisplayBase::CommitThread: Received idle timeout, panel: cmd, timeout: 69999 us
09-25 12:36:50.647  1768  1768 D SurfaceFlinger: initiateModeChange 4630946652107814787 {mode={fps=60.00 Hz, modePtr={id=1, vsyncRate=60.00 Hz, peakRefreshRate=60.00 Hz}}, emitEvent=false, force=false}
09-25 12:36:50.647  1616  2136 I SDM     : HWCDisplay::SetActiveConfigToIrisWrapper: SetActiveConfigToIrisWrapper on id_: 0
09-25 12:36:50.647  1616  2136 W SDM     : HWCDisplay::SetActiveConfigToIrisWrapper: HWC SetActiveConfig [0, 1], switch to [1264x2780@60]
09-25 12:36:50.647  1616  2136 W SDM     : HWDeviceDRM::GetSupportedBitClkRate: Requested rate not supported: 1012000000
09-25 12:36:50.648  1616  2136 I SDM     : HWDeviceDRM::UpdateMixerAttributes: Mixer WxH 1264x2780-1 for Peripheral
09-25 12:36:50.648  1616  2136 I CwbService: CwbService::notifyConfigChange: display:0, config:1 size:4, sec.size():0
09-25 12:36:50.648  1616  2136 I SDM     : HWCDisplay::SubmitDisplayConfig: Active configuration changed from config 0 to 1
09-25 12:36:50.675  1768  1768 D SurfaceFlinger: initiateModeChange 4630946652107814787 {mode={fps=120.00 Hz, modePtr={id=0, vsyncRate=120.00 Hz, peakRefreshRate=120.00 Hz}}, emitEvent=false, force=false}
09-25 12:36:50.675  1616  2136 I SDM     : HWCDisplay::SetActiveConfigToIrisWrapper: SetActiveConfigToIrisWrapper on id_: 0
09-25 12:36:50.675  1616  2136 W SDM     : HWCDisplay::SetActiveConfigToIrisWrapper: HWC SetActiveConfig [1, 0], switch to [1264x2780@120]
09-25 12:36:50.675  1616  2136 W SDM     : HWDeviceDRM::GetSupportedBitClkRate: Requested rate not supported: 1012000000
09-25 12:36:50.675  1616  2136 I SDM     : HWDeviceDRM::UpdateMixerAttributes: Mixer WxH 1264x2780-1 for Peripheral
09-25 12:36:50.675  1616  2136 I CwbService: CwbService::notifyConfigChange: display:0, config:0 size:4, sec.size():0
09-25 12:36:50.675  1616  2136 I SDM     : HWCDisplay::SubmitDisplayConfig: Active configuration changed from config 1 to 0
09-25 12:36:50.688  1570  1606 I android.hardware.thermal-service.qti: sensor: cpu-1-0-0 temperature: 95 old: 0 new: 3
09-25 12:36:50.691  1570  1606 I android.hardware.thermal-service.qti: sensor: cpu-2-1-0 temperature: 95 old: 0 new: 3
09-25 12:36:50.786  1570  1606 I android.hardware.thermal-service.qti: sensor: cpu-1-0-0 temperature: 89.9 old: 3 new: 0
09-25 12:36:50.831  1616  1871 I SDM     : DisplayBase::CommitThread: Received idle timeout, panel: cmd, timeout: 70000 us
09-25 12:36:50.856  1550  7858 I vendor.qti.bluetooth@1.1-ibs_handler: ProcessIbsCmd: Received IBS_WAKE_IND: 0xFD
09-25 12:36:50.856  1550  7858 D vendor.qti.bluetooth@1.1-ibs_handler: SerialClockVote: vote for UART CLK ON
09-25 12:36:50.857  1550  7858 E vendor.qti.bluetooth@1.1-wake_lock: Acquire write to wakelock file failed -1 - Operation not permitted
09-25 12:36:50.857  1550  7858 I vendor.qti.bluetooth@1.1-ibs_handler: ProcessIbsCmd: Writing IBS_WAKE_ACK
09-25 12:36:50.858  7761  7842 V bt_btm_ble: system/stack/btm/btm_ble_gap.cc:1438 btm_ble_process_adv_addr: bda=xx:xx:xx:xx:04:66
09-25 12:36:50.858  7761  7842 V bluetooth: system/gd/hci/le_scanning_reassembler.cc:54 ProcessAdvertisingReport: Dropping repeated legacy advertising data
09-25 12:36:50.858  7761  7835 V SEC_CB  : system/stack/btm/btm_sec_cb.cc:187 IsDeviceBonded: No record for xx:xx:xx:xx:04:66
09-25 12:36:50.858  7761  7842 V bt_btm_ble: system/stack/btm/btm_ble_gap.cc:1438 btm_ble_process_adv_addr: bda=xx:xx:xx:xx:04:66
09-25 12:36:50.858  7761  7842 V bluetooth: system/gd/hci/le_scanning_reassembler.cc:93 ProcessAdvertisingReport: Full advertising report has been reassembled
09-25 12:36:50.858  7761  7835 V SEC_CB  : system/stack/btm/btm_sec_cb.cc:187 IsDeviceBonded: No record for xx:xx:xx:xx:04:66
09-25 12:36:50.858  7761  7835 V bt_btm_ble: system/stack/btm/btm_ble_gap.cc:1426 btm_ble_update_inq_result: Random address, treat device as LE only
09-25 12:36:50.858  7761  7876 V ScanController: onScanResult() - eventType=0x13, addressType=1, address=XX:XX:XX:XX:04:66, primaryPhy=1, secondaryPhy=0, advertisingSid=0xff, txPower=127, rssi=-61, periodicAdvInt=0x0, originalAddress=00:00:00:00:00:00
09-25 12:36:50.858  7761  7876 V ScanController: onScanResult() - eventType=0x1b, addressType=1, address=XX:XX:XX:XX:04:66, primaryPhy=1, secondaryPhy=0, advertisingSid=0xff, txPower=127, rssi=-59, periodicAdvInt=0x0, originalAddress=00:00:00:00:00:00
09-25 12:36:50.858  7761  7876 V ScanController: Skipping client: No filter match
09-25 12:36:50.859  7761  7876 V ScanController: Skipping client: No filter match
09-25 12:36:50.859  7761  7876 V bt_btif : system/btif/src/bluetooth.cc:1337 operator(): HAL bt_hal_cbacks->remote_device_properties_cb
09-25 12:36:50.859  7761  7876 V BluetoothServiceJni: android/app/jni/com_android_bluetooth_btservice_AdapterService.cpp:245 remote_device_properties_callback: Device: xx:xx:xx:xx:04:66, Status: success, Properties: 4
09-25 12:36:50.859  7761  7876 W BluetoothRemoteDevices: Address type mismatch for XX:XX:XX:XX:04:66, new type: 1
09-25 12:36:50.859  7761  7876 D BluetoothRemoteDevices: Update property, device=XX:XX:XX:XX:04:66, type: 1
09-25 12:36:50.859 10644 13075 D BluetoothLeScanner: onScanResult() - ScanResult{device=XX:XX:XX:XX:04:66, scanRecord=ScanRecord [mAdvertiseFlags=24, mServiceUuids=null, mServiceSolicitationUuids=[], mManufacturerSpecificData={}, mServiceData={0000fe2c-0000-1000-8000-00805f9b34fb=[0, 96, 104, 34, -38, 53, -28, 69, 17, -113, 52, -1, 90, -1]}, mTxPowerLevel=-12, mDeviceName=realme Buds Air7, mTransportDiscoveryData=null], rssi=-59, timestampNanos=931654582766617, eventType=27, primaryPhy=1, secondaryPhy=0, advertisingSid=255, txPower=127, periodicAdvertisingInterval=0}
09-25 12:36:50.859  7761  7876 D BluetoothRemoteDevices: Skip name update for XX:XX:XX:XX:04:66
09-25 12:36:50.859  7761  7876 D BluetoothRemoteDevices: Update property, device=XX:XX:XX:XX:04:66, type: 4
09-25 12:36:50.859  7761  7876 D BluetoothRemoteDevices: Skip class update, device=XX:XX:XX:XX:04:66, cod=0x1f00
09-25 12:36:50.859  7761  7876 D BluetoothRemoteDevices: Update property, device=XX:XX:XX:XX:04:66, type: 5
09-25 12:36:50.859  7761  7876 D BluetoothRemoteDevices: Update property, device=XX:XX:XX:XX:04:66, type: 24
09-25 12:36:50.859  7761  7876 V bt_btif : system/btif/src/bluetooth.cc:1337 operator(): HAL bt_hal_cbacks->remote_device_properties_cb
09-25 12:36:50.859  7761  7876 V BluetoothServiceJni: android/app/jni/com_android_bluetooth_btservice_AdapterService.cpp:245 remote_device_properties_callback: Device: xx:xx:xx:xx:04:66, Status: success, Properties: 4
09-25 12:36:50.859  7761  7876 W BluetoothRemoteDevices: Address type mismatch for XX:XX:XX:XX:04:66, new type: 1
09-25 12:36:50.859  7761  7876 D BluetoothRemoteDevices: Update property, device=XX:XX:XX:XX:04:66, type: 1
09-25 12:36:50.859  7761  7876 D BluetoothRemoteDevices: Skip name update for XX:XX:XX:XX:04:66
09-25 12:36:50.859  7761  7876 D BluetoothRemoteDevices: Update property, device=XX:XX:XX:XX:04:66, type: 4
09-25 12:36:50.859  7761  7876 D BluetoothRemoteDevices: Skip class update, device=XX:XX:XX:XX:04:66, cod=0x1f00
09-25 12:36:50.859  7761  7876 D BluetoothRemoteDevices: Update property, device=XX:XX:XX:XX:04:66, type: 5
09-25 12:36:50.859  7761  7876 D BluetoothRemoteDevices: Update property, device=XX:XX:XX:XX:04:66, type: 24
09-25 12:36:50.897  1550  7858 I vendor.qti.bluetooth@1.1-ibs_handler: ProcessIbsCmd: Received IBS_SLEEP_IND: 0xFE
09-25 12:36:50.897  1550  7858 D vendor.qti.bluetooth@1.1-ibs_handler: SerialClockVote: vote for UART CLK OFF
09-25 12:36:50.918  1570  1606 I android.hardware.thermal-service.qti: sensor: cpu-1-0-0 temperature: 95 old: 0 new: 3
09-25 12:36:50.980  1616  1871 I SDM     : DisplayBase::CommitThread: Received idle timeout, panel: cmd, timeout: 69999 us
09-25 12:36:51.032  1695  1792 D BatteryChargeControl: bcc get no support from charging protocol
09-25 12:36:51.048  1550  7849 E vendor.qti.bluetooth@1.1-wake_lock: Release wake lock not initialized/acquired
09-25 12:36:51.114  1570  1606 I android.hardware.thermal-service.qti: sensor: cpu-2-1-0 temperature: 89.9 old: 3 new: 0
09-25 12:36:51.118 28772 29102 D S3PERF  : crosscheck source=surface presented=2435 json_fps=12.8626 json_frametime_ms=69.302
09-25 12:36:51.124 28772 29102 D S3PERF  : crosscheck ui_snapshot_fps=12.8626 ui_snapshot_frametime_ms=69.302
09-25 12:36:51.145  1616  1871 I SDM     : DisplayBase::CommitThread: Received idle timeout, panel: cmd, timeout: 70000 us
09-25 12:36:51.203 28772 29822 D RPCS3   : sys_tty_write(ch=0, buf=*0x58bf20, len=63, pwritelen=*0xd000fde0)
09-25 12:36:51.204 28772 29822 D RPCS3   : PPU[0x1000000] main_thread's thread context:
09-25 12:36:51.204 28772 29822 D RPCS3   : Type: PPU; State: 0x726a9cdbbc[w|t|p|s|a|sig|mem|pend-re|ntf|PREEMPT|G-PAUSE|0x12|0x13|0x14|0x17|0x19|0x1b|0x1d|0x1e|0x21|0x24|0x25|0x26]
09-25 12:36:51.204 28772 29822 D RPCS3   : Priority: 1000
09-25 12:36:51.204 28772 29822 D RPCS3   : Stack: 0xd0001000..0xd0010fff
09-25 12:36:51.204 28772 29822 D RPCS3   : Joiner: detached
09-25 12:36:51.204 28772 29822 D RPCS3   : In function: sys_tty_write
09-25 12:36:51.204 28772 29822 D RPCS3   : 
09-25 12:36:51.204 28772 29822 D RPCS3   : 
09-25 12:36:51.204 28772 29822 D RPCS3   : r0 : 0x0
09-25 12:36:51.204 28772 29822 D RPCS3   : r1 : 0xd000fd70 -> 00 00 00 00 d0 00 fe 10
09-25 12:36:51.204 28772 29822 D RPCS3   : r2 : 0x52d6c8   -> e6 4c a6 d7 28 8a c4 d8
09-25 12:36:51.204 28772 29822 D RPCS3   : r3 : 0x0
09-25 12:36:51.204 28772 29822 D RPCS3   : r4 : 0x58bf20   -> "BATCHJOB: AddJob: waiting for ro"
09-25 12:36:51.204 28772 29822 D RPCS3   : r5 : 0x3f
09-25 12:36:51.204 28772 29822 D RPCS3   : r6 : 0xd000fde0 -> 35 8e d1 80 00 00 17 80
09-25 12:36:51.204 28772 29822 D RPCS3   : r7 : 0x0
09-25 12:36:51.204 28772 29822 D RPCS3   : r8 : 0x0
09-25 12:36:51.204 28772 29822 D RPCS3   : r9 : 0x58bf20   -> "BATCHJOB: AddJob: waiting for ro"
09-25 12:36:51.204 28772 29822 D RPCS3   : r10: 0x0
09-25 12:36:51.204 28772 29822 D RPCS3   : r11© 0x193
09-25 12:36:51.204 28772 29822 D RPCS3   : r12: 0x8d02e8   -> func(at=0x8b4ee4, toc=0x8d8ab0)
09-25 12:36:51.204 28772 29822 D RPCS3   : r13: 0x10007060 -> 00 00 00 00 00 00 00 00
09-25 12:36:51.204 28772 29822 D RPCS3   : r14: 0x0
09-25 12:36:51.204 28772 29822 D RPCS3   : r15: 0x0
09-25 12:36:51.204 28772 29822 D RPCS3   : r16: 0x0
09-25 12:36:51.204 28772 29822 D RPCS3   : r17: 0x0
09-25 12:36:51.204 28772 29822 D RPCS3   : r18: 0x358ea22c -> 00 50 2a 58 35 8d 20 38
09-25 12:36:51.204 28772 29822 D RPCS3   : r19: 0x358ea22c -> 00 50 2a 58 35 8d 20 38
09-25 12:36:51.204 28772 29822 D RPCS3   : r20: 0x1
09-25 12:36:51.204 28772 29822 D RPCS3   : r21: 0x0
09-25 12:36:51.204 28772 29822 D RPCS3   : r22: 0x4
09-25 12:36:51.204 28772 29822 D RPCS3   : r23: 0x1
09-25 12:36:51.204 28772 29822 D RPCS3   : r24: 0x542f90   -> 64 02 01 00 00 01 00 00
09-25 12:36:51.204 28772 29822 D RPCS3   : r25: 0x3e9acf   -> 0a 00 00 00 00 00 00 00
09-25 12:36:51.204 28772 29822 D RPCS3   : r26: 0x3e9ad0   -> 00 00 00 00 00 00 00 00
09-25 12:36:51.204 28772 29822 D RPCS3   : r27: 0x3e9acc   -> cmpdi cr4,r14,0x2e0a
09-25 12:36:51.204 28772 29822 D RPCS3   : r28: 0x0
09-25 12:36:51.204 28772 29822 D RPCS3   : r29: 0x3f
09-25 12:36:51.204 28772 29822 D RPCS3   : r30: 0x542f90   -> 64 02 01 00 00 01 00 00
09-25 12:36:51.204 28772 29822 D RPCS3   : r31: 0x58bf20   -> "BATCHJOB: AddJob: waiting for ro"
09-25 12:36:51.204 28772 29822 D RPCS3   : CR: 0x48002082, CR7: [LT=0 GT=0 EQ=1 SO=0]
09-25 12:36:51.204 28772 29822 D RPCS3   : f0 : 0.785862     [0x3fe925c800000000] (f32=0x3f492e40)
09-25 12:36:51.204 28772 29822 D RPCS3   : f1 : 2            [0x4000000000000000] (f32=0x40000000)
09-25 12:36:51.204 28772 29822 D RPCS3   : f2 : 1            [0x3ff0000000000000] (f32=0x3f800000)
09-25 12:36:51.204 28772 29822 D RPCS3   : f3 : 0.975309     [0x3fef35ba80000000] (f32=0x3f79add4)
09-25 12:36:51.204 28772 29822 D RPCS3   : f4 : 0.22         [0x3fcc28f5c0000000] (f32=0x3e6147ae)
09-25 12:36:51.204 28772 29822 D RPCS3   : f5 : 1            [0x3ff0000000000000] (f32=0x3f800000)
09-25 12:36:51.204 28772 29822 D RPCS3   : f6 : 0            [                  ] (f32=0x0)
09-25 12:36:51.204 28772 29822 D RPCS3   : f7 : -720         [0xc086800000000000] (f32=0xc4340000)
09-25 12:36:51.204 28772 29822 D RPCS3   : f8 : -360         [0xc076800000000000] (f32=0xc3b40000)
09-25 12:36:51.204 28772 29822 D RPCS3   : f9 : 0            [                  ] (f32=0x0)
09-25 12:36:51.204 28772 29822 D RPCS3   : f10: 360          [0x4076800000000000] (f32=0x43b40000)
09-25 12:36:51.204 28772 29822 D RPCS3   : f11: 9.88131E-324 [0x0000000000000002] (f32=0x0)
09-25 12:36:51.204 28772 29822 D RPCS3   : f12: 9.22337E+18  [0x43e0000000000000] (f32=0x5f000000)
09-25 12:36:51.204 28772 29822 D RPCS3   : f13: 0            [                  ] (f32=0x0)
09-25 12:36:51.204 28772 29822 D RPCS3   : f14: 0            [                  ] (f32=0x0)
09-25 12:36:51.204 28772 29822 D RPCS3   : f15: 0            [                  ] (f32=0x0)
09-25 12:36:51.204 28772 29822 D RPCS3   : f16: 0            [                  ] (f32=0x0)
09-25 12:36:51.204 28772 29822 D RPCS3   : f17: 0            [                  ] (f32=0x0)
09-25 12:36:51.204 28772 29822 D RPCS3   : f18: 0            [                  ] (f32=0x0)
09-25 12:36:51.204 28772 29822 D RPCS3   : f19: 0            [                  ] (f32=0x0)
09-25 12:36:51.204 28772 29822 D RPCS3   : f20: 0            [                  ] (f32=0x0)
09-25 12:36:51.204 28772 29822 D RPCS3   : f21: 0            [                  ] (f32=0x0)
09-25 12:36:51.204 28772 29822 D RPCS3   : f22: 0            [                  ] (f32=0x0)
09-25 12:36:51.204 28772 29822 D RPCS3   : f23: 0            [                  ] (f32=0x0)
09-25 12:36:51.204 28772 29822 D RPCS3   : f24: 0            [                  ] (f32=0x0)
09-25 12:36:51.204 28772 29822 D RPCS3   : f25: 0            [                  ] (f32=0x0)
09-25 12:36:51.204 28772 29822 D RPCS3   : f26: 0            [                  ] (f32=0x0)
09-25 12:36:51.204 28772 29822 D RPCS3   : f27: 0            [                  ] (f32=0x0)
09-25 12:36:51.204 28772 29822 D RPCS3   : f28: 0            [                  ] (f32=0x0)
09-25 12:36:51.204 28772 29822 D RPCS3   : f29: 0            [                  ] (f32=0x0)
09-25 12:36:51.204 28772 29822 D RPCS3   : f30: 0            [                  ] (f32=0x0)
09-25 12:36:51.204 28772 29822 D RPCS3   : f31: 1            [0x3ff0000000000000] (f32=0x3f800000)
09-25 12:36:51.204 28772 29822 D RPCS3   : v0 : 00061180 00002780 35a18a80 00041a80 [x: 5.57291e-40 y: 1.41699e-41 z: 1.20357e-06 w: 3.76848e-40]
09-25 12:36:51.204 28772 29822 D RPCS3   : v1 : 00000000 00000000 00000000 3f800000 [x: 0 y: 0 z: 0 w: 1]
09-25 12:36:51.204 28772 29822 D RPCS3   : v2 : 3f800000 [x: 1]
09-25 12:36:51.204 28772 29822 D RPCS3   : v3 : 10111213 04050607 08090a0b 0c0d0e0f [x: 2.86101e-29 y: 1.56368e-36 z: 4.12387e-34 w: 1.08665e-31]
09-25 12:36:51.204 28772 29822 D RPCS3   : v4 : bf866ec3 c100f696 c16f9a48 3f7fffff [x: -1.05026 y: -8.0602 z: -14.9752 w: 1]
09-25 12:36:51.204 28772 29822 D RPCS3   : v5 : 00000000 00000000 00000000 ffffffff [x: 0 y: 0 z: 0 w: -nan]
09-25 12:36:51.204 28772 29822 D RPCS3   : v6 : 408e38e3 00000000 00000000 00000000 [x: 4.44444 y: 0 z: 0 w: 0]
09-25 12:36:51.204 28772 29822 D RPCS3   : v7 : 4091745d 80000000 3f4ccccd 3e4ccccd [x: 4.54545 y: -0 z: 0.8 w: 0.2]
09-25 12:36:51.204 28772 29822 D RPCS3   : v8 : 00000000 ffffffff 00000000 00000000 [x: 0 y: -nan z: 0 w: 0]
09-25 12:36:51.204 28772 29822 D RPCS3   : v9 : 3f800000 [x: 1]
09-25 12:36:51.204 28772 29822 D RPCS3   : v10: 00000000 00000000 00000000 3f800000 [x: 0 y: 0 z: 0 w: 1]
09-25 12:36:51.204 28772 29822 D RPCS3   : v11: 00000000 [x: 0]
09-25 12:36:51.204 28772 29822 D RPCS3   : v12: 00000000 00000000 3f800000 00000000 [x: 0 y: 0 z: 1 w: 0]
09-25 12:36:51.204 28772 29822 D RPCS3   : v13: 00000000 3f800000 00000000 00000000 [x: 0 y: 1 z: 0 w: 0]
09-25 12:36:51.204 28772 29822 D RPCS3   : v14: 00000000 00000000 40300c97 00000000 [x: 0 y: 0 z: 2.75077 w: 0]
09-25 12:36:51.204 28772 29822 D RPCS3   : v15: 3bfd9e0f bdbee573 3f187bd7 00000000 [x: 0.00773979 y: -0.0932111 z: 0.59564 w: 0]
09-25 12:36:51.204 28772 29822 D RPCS3   : v16: 00000000 [x: 0]
09-25 12:36:51.204 28772 29822 D RPCS3   : v17: bf800000 [x: -1]
09-25 12:36:51.204 28772 29822 D RPCS3   : v18: bf9f6623 c0976f2b bfaad77e 00000000 [x: -1.2453 y: -4.73232 z: -1.3347 w: 0]
09-25 12:36:51.204 28772 29822 D RPCS3   : v19: bd0b1560 c0a23387 be3ad214 00000000 [x: -0.0339559 y: -5.06879 z: -0.182442 w: 0]
09-25 12:36:51.204 28772 29822 D RPCS3   : v20: 00000000 [x: 0]
09-25 12:36:51.204 28772 29822 D RPCS3   : v21: 00000000 [x: 0]
09-25 12:36:51.204 28772 29822 D RPCS3   : v22: 00000000 [x: 0]
09-25 12:36:51.204 28772 29822 D RPCS3   : v23: 00000000 [x: 0]
09-25 12:36:51.204 28772 29822 D RPCS3   : v24: 00000000 [x: 0]
09-25 12:36:51.204 28772 29822 D RPCS3   : v25: 00000000 [x: 0]
09-25 12:36:51.204 28772 29822 D RPCS3   : v26: 00000000 [x: 0]
09-25 12:36:51.204 28772 29822 D RPCS3   : v27: 00000000 [x: 0]
09-25 12:36:51.204 28772 29822 D RPCS3   : v28: 00000000 [x: 0]
09-25 12:36:51.204 28772 29822 D RPCS3   : v29: 00000000 [x: 0]
09-25 12:36:51.204 28772 29822 D RPCS3   : v30: 00000000 [x: 0]
09-25 12:36:51.204 28772 29822 D RPCS3   : v31: 00000000 [x: 0]
09-25 12:36:51.204 28772 29822 D RPCS3   : CIA: 0x336084
09-25 12:36:51.204 28772 29822 D RPCS3   : LR: 0x32ab28
09-25 12:36:51.204 28772 29822 D RPCS3   : CTR: 0x8b4ee4
09-25 12:36:51.204 28772 29822 D RPCS3   : VRSAVE: 0xffffffff
09-25 12:36:51.204 28772 29822 D RPCS3   : XER: [CA=1 | OV=0 | SO=0 | CNT=0]
09-25 12:36:51.204 28772 29822 D RPCS3   : VSCR: [SAT=505294638240 | NJ=1]
09-25 12:36:51.204 28772 29822 D RPCS3   : FPSCR: [FL=1 | FG=0 | FE=0 | FU=0]
09-25 12:36:51.204 28772 29822 D RPCS3   : Reservation Addr: none
09-25 12:36:51.204 28772 29822 D RPCS3   : Reservation Data (entire cache line):
09-25 12:36:51.204 28772 29822 D RPCS3   : [0x00] 31d00fc0 320a6964 ffffffff 00000000
09-25 12:36:51.204 28772 29822 D RPCS3   : [0x10] 00000000 00000000 00000000 00000012
09-25 12:36:51.204 28772 29822 D RPCS3   : [0x20] 00000000 00000000 00000000 00000012
09-25 12:36:51.204 28772 29822 D RPCS3   : [0x30] 08000000 00000000 00000000 00000012
09-25 12:36:51.204 28772 29822 D RPCS3   : [0x40] 00000000 00000000 00000000 00000012
09-25 12:36:51.204 28772 29822 D RPCS3   : [0x50] 01000000 00000000 01000000 00000000
09-25 12:36:51.204 28772 29822 D RPCS3   : [0x60] 01000000 00000000 30738c00 00000000
09-25 12:36:51.204 28772 29822 D RPCS3   : [0x70] 00018004 00000000 00000166 3188c6f0
09-25 12:36:51.204 28772 29822 D RPCS3   : 
09-25 12:36:51.204 28772 29822 D RPCS3   : Call stack:
09-25 12:36:51.204 28772 29822 D RPCS3   : =========
09-25 12:36:51.204 28772 29822 D RPCS3   : 0x00336084 (0x0) called
09-25 12:36:51.204 28772 29822 D RPCS3   : > from 0x0032ab28 (sp=0xd000fe10)
09-25 12:36:51.204 28772 29822 D RPCS3   : > from 0x0032b084 (sp=0xd000fea0)
09-25 12:36:51.204 28772 29822 D RPCS3   : > from 0x003331ec (sp=0xd000ff60)
09-25 12:36:51.204 28772 29822 D RPCS3   : > from 0x00333c10 (sp=0xd000fff0)
09-25 12:36:51.204 28772 29822 D RPCS3   : > from 0x0033318c (sp=0xd0010150)
09-25 12:36:51.204 28772 29822 D RPCS3   : > from 0x002e5cc4 (sp=0xd00101f0)
09-25 12:36:51.204 28772 29822 D RPCS3   : > from 0x002bf6bc (sp=0xd00102c0)
09-25 12:36:51.204 28772 29822 D RPCS3   : > from 0x001a77e8 (sp=0xd0010350)
09-25 12:36:51.204 28772 29822 D RPCS3   : > from 0x001a6070 (sp=0xd00104d0)
09-25 12:36:51.204 28772 29822 D RPCS3   : > from 0x0019a0ac (sp=0xd00107b0)
09-25 12:36:51.204 28772 29822 D RPCS3   : > from 0x001aad74 (sp=0xd0010830)
09-25 12:36:51.204 28772 29822 D RPCS3   : > from 0x00260394 (sp=0xd00108c0)
09-25 12:36:51.204 28772 29822 D RPCS3   : > from 0x001aa9ec (sp=0xd0010990)
09-25 12:36:51.204 28772 29822 D RPCS3   : > from 0x00262700 (sp=0xd0010a20)
09-25 12:36:51.204 28772 29822 D RPCS3   : > from 0x0026281c (sp=0xd0010ac0)
09-25 12:36:51.204 28772 29822 D RPCS3   : > from 0x001b4b2c (sp=0xd0010b40)
09-25 12:36:51.204 28772 29822 D RPCS3   : > from 0x000ed64c (sp=0xd0010be0)
09-25 12:36:51.204 28772 29822 D RPCS3   : > from 0x000104d8 (sp=0xd0010c60)
09-25 12:36:51.204 28772 29822 D RPCS3   : > from 0x00010250 (sp=0xd0010d00)
09-25 12:36:51.204 28772 29822 D RPCS3   : 
09-25 12:36:51.204 28772 29822 D RPCS3   : [00336034]  2f 83 00 00: cmpwi      cr7,r3,0
09-25 12:36:51.204 28772 29822 D RPCS3   : [00336038]  7c 7d 1b 78: mr         r29,r3
09-25 12:36:51.204 28772 29822 D RPCS3   : [0033603c]  40 de 00 c0: bne-       cr7,0x3360fc 
09-25 12:36:51.204 28772 29822 D RPCS3   : [00336040]  80 a1 00 7c: lwz        r5,0x7c(r1)
09-25 12:36:51.204 28772 29822 D RPCS3   : [00336044]  e8 01 00 b0: ld         r0,0xb0(r1)
09-25 12:36:51.204 28772 29822 D RPCS3   : [00336048]  7c a3 07 b4: extsw      r3,r5
09-25 12:36:51.204 28772 29822 D RPCS3   : [0033604c]  eb a1 00 88: ld         r29,0x88(r1)
09-25 12:36:51.204 28772 29822 D RPCS3   : [00336050]  eb e1 00 98: ld         r31,0x98(r1)
09-25 12:36:51.204 28772 29822 D RPCS3   : [00336054]  7c 08 03 a6: mtlr       r0
09-25 12:36:51.204 28772 29822 D RPCS3   : [00336058]  38 21 00 a0: addi       r1,0xa0(r1)
09-25 12:36:51.204 28772 29822 D RPCS3   : [0033605c]  4e 80 00 20: blr
09-25 12:36:51.204 28772 29822 D RPCS3   : [00336060]  2f 84 00 00: cmpwi      cr7,r4,0
09-25 12:36:51.204 28772 29822 D RPCS3   : [00336064]  41 de 00 ac: beq-       cr7,0x336110 
09-25 12:36:51.204 28772 29822 D RPCS3   : [00336068]  2f 83 00 01: cmpwi      cr7,r3,1
09-25 12:36:51.204 28772 29822 D RPCS3   : [0033606c]  41 9e 00 40: beq        cr7,0x3360ac 
09-25 12:36:51.204 28772 29822 D RPCS3   : [00336070]  78 84 00 20: clrldi     r4,r4,32
09-25 12:36:51.204 28772 29822 D RPCS3   : [00336074]  38 60 00 01: li         r3,1
09-25 12:36:51.204 28772 29822 D RPCS3   : [00336078]  7b a5 00 20: clrldi     r5,r29,32
09-25 12:36:51.204 28772 29822 D RPCS3   : [0033607c]  38 c1 00 70: addi       r6,0x70(r1)
09-25 12:36:51.204 28772 29822 D RPCS3   : [00336080]  39 60 01 93: li         r11,0x193
09-25 12:36:51.204 28772 29822 D RPCS3   : [00336084]  44 00 00 02: sc         #sys_tty_write
09-25 12:36:51.204 28772 29822 D RPCS3   : [00336088]  2f 83 00 00: cmpwi      cr7,r3,0
09-25 12:36:51.204 28772 29822 D RPCS3   : [0033608c]  7c 7f 1b 78: mr         r31,r3
09-25 12:36:51.204 28772 29822 D RPCS3   : [00336090]  7f a5 eb 78: mr         r5,r29
09-25 12:36:51.204 28772 29822 D RPCS3   : [00336094]  41 fe ff b0: beq+       cr7,0x336044 
09-25 12:36:51.204 28772 29822 D RPCS3   : [00336098]  4b ff 48 01: bl         0x32a898
09-25 12:36:51.204 28772 29822 D RPCS3   : [0033609c]  60 00 00 00: nop
09-25 12:36:51.204 28772 29822 D RPCS3   : [003360a0]  38 a0 ff ff: li         r5,-1
09-25 12:36:51.204 28772 29822 D RPCS3   : [003360a4]  93 e3 00 00: stw        r31,0(r3)
09-25 12:36:51.204 28772 29822 D RPCS3   : [003360a8]  4b ff ff 9c: b          0x336044
09-25 12:36:51.204 28772 29822 D RPCS3   : sys_tty_write(): “BATCHJOB: AddJob: waiting for room in job list 3 for job 56...“ << endl
09-25 12:36:51.211  1570  1606 I android.hardware.thermal-service.qti: sensor: cpu-1-0-0 temperature: 89.9 old: 3 new: 0
09-25 12:36:51.263  1570  1606 I android.hardware.thermal-service.qti: sensor: cpu-2-1-0 temperature: 95 old: 0 new: 3
09-25 12:36:51.264 28772 29877 D RPCS3   : Building function 0xd398... (size 98, __spu-0x0d398-Qt7EMsE3a8YJ642th9HPk83XK9rQ-s3cg1-cortex-a34-neon)
09-25 12:36:51.265 28772 29875 D RPCS3   : Building function 0x51c8... (size 18, __spu-0x051c8-CvCFhfXRsvu4YrgYEf27S4NHSayo-s3cg1-cortex-a34-neon)
09-25 12:36:51.274 28772 29875 I RPCS3   : New SPU block compiled successfully (size=18)
09-25 12:36:51.274 28772 29875 W RPCS3   : [0x4fd0] At 0x50a4: indirect branch to 0x50a8 (D)
09-25 12:36:51.274 28772 29875 W RPCS3   : [0x4fd0] At 0x50a4: indirect branch to 0x50a8 (D)
09-25 12:36:51.274 28772 29875 D RPCS3   : Building function 0x4fd0... (size 54, __spu-0x04fd0-0kz4MSHN6KeNitxr2M9MGfXkNNcz-s3cg1-cortex-a34-neon)
09-25 12:36:51.274  1570  1606 I android.hardware.thermal-service.qti: sensor: cpu-1-0-0 temperature: 95 old: 0 new: 3
09-25 12:36:51.288 28772 29875 I RPCS3   : New SPU block compiled successfully (size=54)
09-25 12:36:51.288 28772 29875 W RPCS3   : [0x4a30] At 0x5258: indirect branch to 0x525c (D)
09-25 12:36:51.288 28772 29875 W RPCS3   : [0x4a30] At 0x50a4: indirect branch to 0x50a8 (D)
09-25 12:36:51.295  1570  1606 I android.hardware.thermal-service.qti: sensor: cpu-2-1-0 temperature: 89.9 old: 3 new: 0
09-25 12:36:51.302  1616  1871 I SDM     : DisplayBase::CommitThread: Received idle timeout, panel: cmd, timeout: 70000 us
09-25 12:36:51.304 28772 29877 I RPCS3   : New SPU block compiled successfully (size=98)
09-25 12:36:51.311  1570  1606 I android.hardware.thermal-service.qti: sensor: cpu-1-0-0 temperature: 89.9 old: 3 new: 0
09-25 12:36:51.313 28772 29875 D RPCS3   : SPU block is a loop at [0x04ad0 -> 0x04ad0]
09-25 12:36:51.313 28772 29875 D RPCS3   : SPU block is a loop at [0x04b50 -> 0x04b50]
09-25 12:36:51.313 28772 29875 D RPCS3   : Building function 0x4a30... (size 414, __spu-0x04a30-oxT8r9kRgq2Un3Y6QvsjU4WzdZEF-s3cg1-cortex-a34-neon)
09-25 12:36:51.314 28772 29875 D RPCS3   : mpy32 in __spu-0x04a30-oxT8r9kRgq2Un3Y6QvsjU4WzdZEF-s3cg1-cortex-a34-neon at 0x04a74
09-25 12:36:51.314 28772 29875 D RPCS3   : mpy32 in __spu-0x04a30-oxT8r9kRgq2Un3Y6QvsjU4WzdZEF-s3cg1-cortex-a34-neon at 0x04bd0
09-25 12:36:51.314 28772 29875 D RPCS3   : mpy32 in __spu-0x04a30-oxT8r9kRgq2Un3Y6QvsjU4WzdZEF-s3cg1-cortex-a34-neon at 0x04bd4
09-25 12:36:51.314 28772 29875 D RPCS3   : mpy32 in __spu-0x04a30-oxT8r9kRgq2Un3Y6QvsjU4WzdZEF-s3cg1-cortex-a34-neon at 0x04c4c
09-25 12:36:51.315 28772 29875 W RPCS3   : [__spu-0x04a30-oxT8r9kRgq2Un3Y6QvsjU4WzdZEF-s3cg1-cortex-a34-neon:0x04df4] Unmatched spu_rsqrte(c) found in FMA
09-25 12:36:51.315 28772 29875 W RPCS3   : [__spu-0x04a30-oxT8r9kRgq2Un3Y6QvsjU4WzdZEF-s3cg1-cortex-a34-neon:0x04d54] Unmatched spu_rsqrte(c) found in FMA
09-25 12:36:51.315 28772 29875 W RPCS3   : [__spu-0x04a30-oxT8r9kRgq2Un3Y6QvsjU4WzdZEF-s3cg1-cortex-a34-neon:0x04e54] Unmatched spu_rsqrte(c) found in FMA
09-25 12:36:51.315 28772 29875 W RPCS3   : [__spu-0x04a30-oxT8r9kRgq2Un3Y6QvsjU4WzdZEF-s3cg1-cortex-a34-neon:0x04eb8] Unmatched spu_rsqrte(c) found in FMA
09-25 12:36:51.316 28772 29875 W RPCS3   : [__spu-0x04a30-oxT8r9kRgq2Un3Y6QvsjU4WzdZEF-s3cg1-cortex-a34-neon:0x04f14] Unmatched spu_rsqrte(c) found in FMA
09-25 12:36:51.385 28772 29875 I RPCS3   : New SPU block compiled successfully (size=414)
09-25 12:36:51.385 28772 29875 D RPCS3   : Building function 0x55a8... (size 58, __spu-0x055a8-RX1tcSpvtxvkFvAeevRHAiRxJcp7-s3cg1-cortex-a34-neon)
09-25 12:36:51.386 28772 29875 W RPCS3   : [__spu-0x055a8-RX1tcSpvtxvkFvAeevRHAiRxJcp7-s3cg1-cortex-a34-neon:0x05678] Unmatched spu_rsqrte(c) found in FMA
09-25 12:36:51.388  1768  1768 D SurfaceFlinger: initiateModeChange 4630946652107814787 {mode={fps=60.00 Hz, modePtr={id=1, vsyncRate=60.00 Hz, peakRefreshRate=60.00 Hz}}, emitEvent=false, force=false}
09-25 12:36:51.388  1616  2136 I SDM     : HWCDisplay::SetActiveConfigToIrisWrapper: SetActiveConfigToIrisWrapper on id_: 0
09-25 12:36:51.388  1616  2136 W SDM     : HWCDisplay::SetActiveConfigToIrisWrapper: HWC SetActiveConfig [0, 1], switch to [1264x2780@60]
09-25 12:36:51.388  1616  1871 I SDM     : DisplayBase::CommitThread: Received idle timeout, panel: cmd, timeout: 70000 us
09-25 12:36:51.389  1616  2136 W SDM     : HWDeviceDRM::GetSupportedBitClkRate: Requested rate not supported: 1012000000
09-25 12:36:51.389  1616  2136 I SDM     : HWDeviceDRM::UpdateMixerAttributes: Mixer WxH 1264x2780-1 for Peripheral
09-25 12:36:51.389  1616  2136 I CwbService: CwbService::notifyConfigChange: display:0, config:1 size:4, sec.size():0
09-25 12:36:51.389  1616  2136 I SDM     : HWCDisplay::SubmitDisplayConfig: Active configuration changed from config 0 to 1
09-25 12:36:51.401 28772 29875 I RPCS3   : New SPU block compiled successfully (size=58)
09-25 12:36:51.402 28772 29875 W RPCS3   : [0x5060] At 0x50a4: indirect branch to 0x50a8 (D)
09-25 12:36:51.402 28772 29875 D RPCS3   : Building function 0x5060... (size 18, __spu-0x05060-o1w9nxY8vJAisZPZLHK7P26jnAaG-s3cg1-cortex-a34-neon)
09-25 12:36:51.411 28772 29875 I RPCS3   : New SPU block compiled successfully (size=18)
09-25 12:36:51.420  1570  1606 I android.hardware.thermal-service.qti: sensor: cpu-2-1-0 temperature: 95 old: 0 new: 3
09-25 12:36:51.444  1570  1606 I android.hardware.thermal-service.qti: sensor: cpu-1-0-0 temperature: 95 old: 0 new: 3
09-25 12:36:51.462  1768  1768 D SurfaceFlinger: initiateModeChange 4630946652107814787 {mode={fps=120.00 Hz, modePtr={id=0, vsyncRate=120.00 Hz, peakRefreshRate=120.00 Hz}}, emitEvent=false, force=false}
09-25 12:36:51.462  1616  2136 I SDM     : HWCDisplay::SetActiveConfigToIrisWrapper: SetActiveConfigToIrisWrapper on id_: 0
09-25 12:36:51.462  1616  2136 W SDM     : HWCDisplay::SetActiveConfigToIrisWrapper: HWC SetActiveConfig [1, 0], switch to [1264x2780@120]
09-25 12:36:51.462  1616  2136 W SDM     : HWDeviceDRM::GetSupportedBitClkRate: Requested rate not supported: 1012000000
09-25 12:36:51.462  1616  2136 I SDM     : HWDeviceDRM::UpdateMixerAttributes: Mixer WxH 1264x2780-1 for Peripheral
09-25 12:36:51.462  1616  2136 I CwbService: CwbService::notifyConfigChange: display:0, config:0 size:4, sec.size():0
09-25 12:36:51.462  1616  2136 I SDM     : HWCDisplay::SubmitDisplayConfig: Active configuration changed from config 1 to 0
09-25 12:36:51.519  1570  1606 I android.hardware.thermal-service.qti: sensor: cpu-2-1-0 temperature: 89.9 old: 3 new: 0
09-25 12:36:51.577  1616  1871 I SDM     : DisplayBase::CommitThread: Received idle timeout, panel: cmd, timeout: 70000 us
09-25 12:36:51.622 28772 29822 D RPCS3   : sys_tty_write(ch=0, buf=*0x58bf20, len=63, pwritelen=*0xd000fde0)
09-25 12:36:51.622 28772 29822 D RPCS3   : sys_tty_write(): “BATCHJOB: AddJob: waiting for room in job list 3 for job 56...“ << endl
09-25 12:36:51.624  1570  1606 I android.hardware.thermal-service.qti: sensor: cpu-2-1-0 temperature: 95 old: 0 new: 3
09-25 12:36:51.662  1616  1871 I SDM     : DisplayBase::CommitThread: Received idle timeout, panel: cmd, timeout: 70000 us
09-25 12:36:51.681  1570  1606 I android.hardware.thermal-service.qti: sensor: cpu-1-0-0 temperature: 89.9 old: 3 new: 0
09-25 12:36:51.729  1570  1606 I android.hardware.thermal-service.qti: sensor: cpu-1-0-0 temperature: 95 old: 0 new: 3
09-25 12:36:51.783 28772 29878 W RPCS3   : [0x4a10] At 0x50a4: indirect branch to 0x50a8 (D)
09-25 12:36:51.783 28772 29878 W RPCS3   : [0x4a10] At 0x50a4: indirect branch to 0x50a8 (D)
09-25 12:36:51.807  1570  1606 I android.hardware.thermal-service.qti: sensor: cpu-2-1-0 temperature: 89.9 old: 3 new: 0
09-25 12:36:51.810  1570  1606 I android.hardware.thermal-service.qti: sensor: cpu-2-1-0 temperature: 95 old: 0 new: 3
09-25 12:36:51.828  1570  1606 I android.hardware.thermal-service.qti: sensor: cpu-2-1-0 temperature: 89.9 old: 3 new: 0
09-25 12:36:51.831  1570  1606 I android.hardware.thermal-service.qti: sensor: cpu-2-1-0 temperature: 95 old: 0 new: 3
09-25 12:36:51.841 28772 29878 D RPCS3   : SPU block is a loop at [0x04a4c -> 0x04a10]
09-25 12:36:51.841 28772 29878 D RPCS3   : SPU block is a loop at [0x04ad0 -> 0x04ad0]
09-25 12:36:51.841 28772 29878 D RPCS3   : SPU block is a loop at [0x04b50 -> 0x04b50]
09-25 12:36:51.841 28772 29878 D RPCS3   : Building function 0x4a10... (size 422, __spu-0x04a10-6gwvYrjuacjk6ydSFtw3nLtTAucv-s3cg1-cortex-a34-neon)
09-25 12:36:51.843 28772 29878 D RPCS3   : mpy32 in __spu-0x04a10-6gwvYrjuacjk6ydSFtw3nLtTAucv-s3cg1-cortex-a34-neon at 0x04a74
09-25 12:36:51.843 28772 29878 D RPCS3   : mpy32 in __spu-0x04a10-6gwvYrjuacjk6ydSFtw3nLtTAucv-s3cg1-cortex-a34-neon at 0x04bd0
09-25 12:36:51.843 28772 29878 D RPCS3   : mpy32 in __spu-0x04a10-6gwvYrjuacjk6ydSFtw3nLtTAucv-s3cg1-cortex-a34-neon at 0x04bd4
09-25 12:36:51.843 28772 29878 D RPCS3   : mpy32 in __spu-0x04a10-6gwvYrjuacjk6ydSFtw3nLtTAucv-s3cg1-cortex-a34-neon at 0x04c4c
09-25 12:36:51.844 28772 29878 W RPCS3   : [__spu-0x04a10-6gwvYrjuacjk6ydSFtw3nLtTAucv-s3cg1-cortex-a34-neon:0x04df4] Unmatched spu_rsqrte(c) found in FMA
09-25 12:36:51.845 28772 29878 W RPCS3   : [__spu-0x04a10-6gwvYrjuacjk6ydSFtw3nLtTAucv-s3cg1-cortex-a34-neon:0x04d54] Unmatched spu_rsqrte(c) found in FMA
09-25 12:36:51.845 28772 29878 W RPCS3   : [__spu-0x04a10-6gwvYrjuacjk6ydSFtw3nLtTAucv-s3cg1-cortex-a34-neon:0x04e54] Unmatched spu_rsqrte(c) found in FMA
09-25 12:36:51.845 28772 29878 W RPCS3   : [__spu-0x04a10-6gwvYrjuacjk6ydSFtw3nLtTAucv-s3cg1-cortex-a34-neon:0x04eb8] Unmatched spu_rsqrte(c) found in FMA
09-25 12:36:51.845 28772 29878 W RPCS3   : [__spu-0x04a10-6gwvYrjuacjk6ydSFtw3nLtTAucv-s3cg1-cortex-a34-neon:0x04f14] Unmatched spu_rsqrte(c) found in FMA
09-25 12:36:51.882 10644 29868 I NearbyMediums: No BLE Fast/GATT advertisements found in the latest cycle.
09-25 12:36:51.882 10644 29868 I NearbyMediums: Current Tracked Scanning Clients are : {NearbyConnections.EnvironmentMonitor, NearbySharing, NearbyConnections.TxAdvertisement}
09-25 12:36:51.884  1570  1606 I android.hardware.thermal-service.qti: sensor: cpu-2-1-0 temperature: 89.9 old: 3 new: 0
09-25 12:36:51.886  1616  1871 I SDM     : DisplayBase::CommitThread: Received idle timeout, panel: cmd, timeout: 70000 us
09-25 12:36:51.887  1768  1768 D SurfaceFlinger: initiateModeChange 4630946652107814787 {mode={fps=60.00 Hz, modePtr={id=1, vsyncRate=60.00 Hz, peakRefreshRate=60.00 Hz}}, emitEvent=false, force=false}
09-25 12:36:51.887  1616  2136 I SDM     : HWCDisplay::SetActiveConfigToIrisWrapper: SetActiveConfigToIrisWrapper on id_: 0
09-25 12:36:51.887  1616  2136 W SDM     : HWCDisplay::SetActiveConfigToIrisWrapper: HWC SetActiveConfig [0, 1], switch to [1264x2780@60]
09-25 12:36:51.888  1616  2136 W SDM     : HWDeviceDRM::GetSupportedBitClkRate: Requested rate not supported: 1012000000
09-25 12:36:51.888  1616  2136 I SDM     : HWDeviceDRM::UpdateMixerAttributes: Mixer WxH 1264x2780-1 for Peripheral
09-25 12:36:51.888  1616  2136 I CwbService: CwbService::notifyConfigChange: display:0, config:1 size:4, sec.size():0
09-25 12:36:51.888  1616  2136 I SDM     : HWCDisplay::SubmitDisplayConfig: Active configuration changed from config 0 to 1
09-25 12:36:51.969 28772 29878 I RPCS3   : New SPU block compiled successfully (size=422)
09-25 12:36:51.993  1616  1871 I SDM     : DisplayBase::CommitThread: Received idle timeout, panel: cmd, timeout: 70000 us
09-25 12:36:52.003  1570  1606 I android.hardware.thermal-service.qti: sensor: cpu-2-1-0 temperature: 95 old: 0 new: 3
09-25 12:36:52.025 28772 29822 D RPCS3   : sys_tty_write(ch=0, buf=*0x58bf20, len=63, pwritelen=*0xd000fde0)
09-25 12:36:52.025 28772 29822 D RPCS3   : sys_tty_write(): “BATCHJOB: AddJob: waiting for room in job list 3 for job 56...“ << endl
09-25 12:36:52.033  1695  1792 D BatteryChargeControl: bcc get no support from charging protocol
09-25 12:36:52.036  1768  1768 D SurfaceFlinger: initiateModeChange 4630946652107814787 {mode={fps=120.00 Hz, modePtr={id=0, vsyncRate=120.00 Hz, peakRefreshRate=120.00 Hz}}, emitEvent=false, force=false}
09-25 12:36:52.036  1616  2136 I SDM     : HWCDisplay::SetActiveConfigToIrisWrapper: SetActiveConfigToIrisWrapper on id_: 0
09-25 12:36:52.036  1616  2136 W SDM     : HWCDisplay::SetActiveConfigToIrisWrapper: HWC SetActiveConfig [1, 0], switch to [1264x2780@120]
09-25 12:36:52.037  1616  2136 W SDM     : HWDeviceDRM::GetSupportedBitClkRate: Requested rate not supported: 1012000000
09-25 12:36:52.037  1616  2136 I SDM     : HWDeviceDRM::UpdateMixerAttributes: Mixer WxH 1264x2780-1 for Peripheral
09-25 12:36:52.037  1616  2136 I CwbService: CwbService::notifyConfigChange: display:0, config:0 size:4, sec.size():0
09-25 12:36:52.037  1616  2136 I SDM     : HWCDisplay::SubmitDisplayConfig: Active configuration changed from config 1 to 0
09-25 12:36:52.041  1570  1606 I android.hardware.thermal-service.qti: sensor: cpu-2-1-0 temperature: 89.9 old: 3 new: 0
09-25 12:36:52.091 28772 29822 D RPCS3   : sys_tty_write(ch=0, buf=*0x58bf20, len=63, pwritelen=*0xd000fde0)
09-25 12:36:52.091 28772 29822 D RPCS3   : sys_tty_write(): “BATCHJOB: AddJob: waiting for room in job list 3 for job 56...“ << endl
09-25 12:36:52.115  1570  1606 I android.hardware.thermal-service.qti: sensor: cpu-1-0-0 temperature: 89.6 old: 3 new: 0
09-25 12:36:52.148  1570  1606 I android.hardware.thermal-service.qti: sensor: cpu-2-1-0 temperature: 95 old: 0 new: 3
09-25 12:36:52.175  1570  1606 I android.hardware.thermal-service.qti: sensor: cpu-1-0-0 temperature: 95 old: 0 new: 3
09-25 12:36:52.185 32732 32732 I OplusTouchDaemon: ts_run_service: shellback temperature updated 35 (35600)
09-25 12:36:52.189  1550  7858 I vendor.qti.bluetooth@1.1-ibs_handler: ProcessIbsCmd: Received IBS_WAKE_IND: 0xFD
09-25 12:36:52.189  1550  7858 D vendor.qti.bluetooth@1.1-ibs_handler: SerialClockVote: vote for UART CLK ON
09-25 12:36:52.189  1550  7858 E vendor.qti.bluetooth@1.1-wake_lock: Acquire write to wakelock file failed -1 - Operation not permitted
09-25 12:36:52.189  1550  7858 I vendor.qti.bluetooth@1.1-ibs_handler: ProcessIbsCmd: Writing IBS_WAKE_ACK
09-25 12:36:52.190  7761  7842 V bt_btm_ble: system/stack/btm/btm_ble_gap.cc:1438 btm_ble_process_adv_addr: bda=xx:xx:xx:xx:04:66
09-25 12:36:52.190  7761  7842 V bluetooth: system/gd/hci/le_scanning_reassembler.cc:54 ProcessAdvertisingReport: Dropping repeated legacy advertising data
09-25 12:36:52.190  7761  7835 V SEC_CB  : system/stack/btm/btm_sec_cb.cc:187 IsDeviceBonded: No record for xx:xx:xx:xx:04:66
09-25 12:36:52.191  7761  7842 V bt_btm_ble: system/stack/btm/btm_ble_gap.cc:1438 btm_ble_process_adv_addr: bda=xx:xx:xx:xx:04:66
09-25 12:36:52.191  7761  7842 V bluetooth: system/gd/hci/le_scanning_reassembler.cc:93 ProcessAdvertisingReport: Full advertising report has been reassembled
09-25 12:36:52.191  7761  7835 V SEC_CB  : system/stack/btm/btm_sec_cb.cc:187 IsDeviceBonded: No record for xx:xx:xx:xx:04:66
09-25 12:36:52.191  7761  7835 V bt_btm_ble: system/stack/btm/btm_ble_gap.cc:1426 btm_ble_update_inq_result: Random address, treat device as LE only
09-25 12:36:52.191  7761  7876 V ScanController: onScanResult() - eventType=0x13, addressType=1, address=XX:XX:XX:XX:04:66, primaryPhy=1, secondaryPhy=0, advertisingSid=0xff, txPower=127, rssi=-61, periodicAdvInt=0x0, originalAddress=00:00:00:00:00:00
09-25 12:36:52.192  7761  7876 V ScanController: onScanResult() - eventType=0x1b, addressType=1, address=XX:XX:XX:XX:04:66, primaryPhy=1, secondaryPhy=0, advertisingSid=0xff, txPower=127, rssi=-59, periodicAdvInt=0x0, originalAddress=00:00:00:00:00:00
09-25 12:36:52.192  7761  7876 V ScanController: Skipping client: No filter match
09-25 12:36:52.192  7761  7876 V ScanController: Skipping client: No filter match
09-25 12:36:52.192  7761  7876 V bt_btif : system/btif/src/bluetooth.cc:1337 operator(): HAL bt_hal_cbacks->remote_device_properties_cb
09-25 12:36:52.192  7761  7876 V BluetoothServiceJni: android/app/jni/com_android_bluetooth_btservice_AdapterService.cpp:245 remote_device_properties_callback: Device: xx:xx:xx:xx:04:66, Status: success, Properties: 4
09-25 12:36:52.192 10644 13075 D BluetoothLeScanner: onScanResult() - ScanResult{device=XX:XX:XX:XX:04:66, scanRecord=ScanRecord [mAdvertiseFlags=24, mServiceUuids=null, mServiceSolicitationUuids=[], mManufacturerSpecificData={}, mServiceData={0000fe2c-0000-1000-8000-00805f9b34fb=[0, 96, 104, 34, -38, 53, -28, 69, 17, -113, 52, -1, 90, -1]}, mTxPowerLevel=-12, mDeviceName=realme Buds Air7, mTransportDiscoveryData=null], rssi=-59, timestampNanos=931655916428648, eventType=27, primaryPhy=1, secondaryPhy=0, advertisingSid=255, txPower=127, periodicAdvertisingInterval=0}
09-25 12:36:52.192  7761  7876 W BluetoothRemoteDevices: Address type mismatch for XX:XX:XX:XX:04:66, new type: 1
09-25 12:36:52.192  7761  7876 D BluetoothRemoteDevices: Update property, device=XX:XX:XX:XX:04:66, type: 1
09-25 12:36:52.193  7761  7876 D BluetoothRemoteDevices: Skip name update for XX:XX:XX:XX:04:66
09-25 12:36:52.193  7761  7876 D BluetoothRemoteDevices: Update property, device=XX:XX:XX:XX:04:66, type: 4
09-25 12:36:52.193  7761  7876 D BluetoothRemoteDevices: Skip class update, device=XX:XX:XX:XX:04:66, cod=0x1f00
09-25 12:36:52.193  7761  7876 D BluetoothRemoteDevices: Update property, device=XX:XX:XX:XX:04:66, type: 5
09-25 12:36:52.193  7761  7876 D BluetoothRemoteDevices: Update property, device=XX:XX:XX:XX:04:66, type: 24
09-25 12:36:52.193  7761  7876 V bt_btif : system/btif/src/bluetooth.cc:1337 operator(): HAL bt_hal_cbacks->remote_device_properties_cb
09-25 12:36:52.193  7761  7876 V BluetoothServiceJni: android/app/jni/com_android_bluetooth_btservice_AdapterService.cpp:245 remote_device_properties_callback: Device: xx:xx:xx:xx:04:66, Status: success, Properties: 4
09-25 12:36:52.193  7761  7876 W BluetoothRemoteDevices: Address type mismatch for XX:XX:XX:XX:04:66, new type: 1
09-25 12:36:52.193  7761  7876 D BluetoothRemoteDevices: Update property, device=XX:XX:XX:XX:04:66, type: 1
09-25 12:36:52.193  7761  7876 D BluetoothRemoteDevices: Skip name update for XX:XX:XX:XX:04:66
09-25 12:36:52.193  7761  7876 D BluetoothRemoteDevices: Update property, device=XX:XX:XX:XX:04:66, type: 4
09-25 12:36:52.193  7761  7876 D BluetoothRemoteDevices: Skip class update, device=XX:XX:XX:XX:04:66, cod=0x1f00
09-25 12:36:52.193  7761  7876 D BluetoothRemoteDevices: Update property, device=XX:XX:XX:XX:04:66, type: 5
09-25 12:36:52.193  7761  7876 D BluetoothRemoteDevices: Update property, device=XX:XX:XX:XX:04:66, type: 24
09-25 12:36:52.230  1550  7858 I vendor.qti.bluetooth@1.1-ibs_handler: ProcessIbsCmd: Received IBS_SLEEP_IND: 0xFE
09-25 12:36:52.230  1550  7858 D vendor.qti.bluetooth@1.1-ibs_handler: SerialClockVote: vote for UART CLK OFF
09-25 12:36:52.326  1616  1871 I SDM     : DisplayBase::CommitThread: Received idle timeout, panel: cmd, timeout: 70000 us
09-25 12:36:52.369 28772 29102 D S3PERF  : crosscheck source=surface presented=2448 json_fps=10.8013 json_frametime_ms=83.558
09-25 12:36:52.375 28772 29102 D S3PERF  : crosscheck ui_snapshot_fps=10.8013 ui_snapshot_frametime_ms=83.558
09-25 12:36:52.380  1550  7849 E vendor.qti.bluetooth@1.1-wake_lock: Release wake lock not initialized/acquired
09-25 12:36:52.410  1616  1871 I SDM     : DisplayBase::CommitThread: Received idle timeout, panel: cmd, timeout: 70000 us
09-25 12:36:52.436 28772 29822 D RPCS3   : sys_tty_write(ch=0, buf=*0x58bf20, len=63, pwritelen=*0xd000fde0)
09-25 12:36:52.436 28772 29822 D RPCS3   : sys_tty_write(): “BATCHJOB: AddJob: waiting for room in job list 3 for job 56...“ << endl
09-25 12:36:52.473  2866  4363 I ActivityManager: Broadcasting: Intent { act=com.zenithblue.sambas3.DEBUG_PAD_SQUARE flg=0x400000 pkg=com.zenithblue.sambas3 (has extras) }
09-25 12:36:52.474  2866  4363 I ActivityManager: Enqueued broadcast Intent { act=com.zenithblue.sambas3.DEBUG_PAD_SQUARE flg=0x400000 pkg=com.zenithblue.sambas3 (has extras) }: 0
09-25 12:36:52.475  2866  2918 W ProcessStats: Tracking association SourceState{c6fc2e com.zenithblue.sambas3/10463 BTop #460829} whose proc state 2 is better than process ProcessState{d844a61 com.android.externalstorage/10278 pkg=com.android.externalstorage} proc state 14 (3 skipped)
09-25 12:36:52.476 28772 28772 W DebugPad: BUTTON SQUARE d1=0 d2=128 press 120ms request_id=s3-1790320012453410751-2415021-9348
09-25 12:36:52.477  2866  2907 I ActivityManager: Broadcast completed: result=0
09-25 12:36:52.493  1616  1871 I SDM     : DisplayBase::CommitThread: Received idle timeout, panel: cmd, timeout: 70000 us
09-25 12:36:52.563  1570  1606 I android.hardware.thermal-service.qti: sensor: cpu-1-2-0 temperature: 95 old: 0 new: 3
09-25 12:36:52.597 28772 28772 W DebugPad: BUTTON SQUARE release request_id=s3-1790320012453410751-2415021-9348
09-25 12:36:52.597 28772 30114 E RPCS3   : Video au decode has been waiting for a consumer for 5 seconds. (handle=0xf0000300, seq_id=1, cmd_id=63, queue_size=61)
09-25 12:36:52.603  1616  1871 I SDM     : DisplayBase::CommitThread: Received idle timeout, panel: cmd, timeout: 70000 us
09-25 12:36:52.619  1570  1606 I android.hardware.thermal-service.qti: sensor: cpu-1-2-0 temperature: 89.9 old: 3 new: 0
09-25 12:36:52.677  1570  1606 I android.hardware.thermal-service.qti: sensor: cpu-1-0-0 temperature: 89.9 old: 3 new: 0
09-25 12:36:52.693  1616  1871 I SDM     : DisplayBase::CommitThread: Received idle timeout, panel: cmd, timeout: 70000 us
09-25 12:36:52.768  1616  1871 I SDM     : DisplayBase::CommitThread: Received idle timeout, panel: cmd, timeout: 70000 us
09-25 12:36:52.780  1570  1606 I android.hardware.thermal-service.qti: sensor: cpu-2-1-0 temperature: 89.9 old: 3 new: 0
09-25 12:36:52.858  1616  1871 I SDM     : DisplayBase::CommitThread: Received idle timeout, panel: cmd, timeout: 70000 us
09-25 12:36:52.858  1570  1606 I android.hardware.thermal-service.qti: sensor: cpu-2-1-0 temperature: 95 old: 0 new: 3
09-25 12:36:52.861  1768  1768 D SurfaceFlinger: initiateModeChange 4630946652107814787 {mode={fps=60.00 Hz, modePtr={id=1, vsyncRate=60.00 Hz, peakRefreshRate=60.00 Hz}}, emitEvent=false, force=false}
09-25 12:36:52.861  1616  2136 I SDM     : HWCDisplay::SetActiveConfigToIrisWrapper: SetActiveConfigToIrisWrapper on id_: 0
09-25 12:36:52.861  1616  2136 W SDM     : HWCDisplay::SetActiveConfigToIrisWrapper: HWC SetActiveConfig [0, 1], switch to [1264x2780@60]
09-25 12:36:52.861  1616  2136 W SDM     : HWDeviceDRM::GetSupportedBitClkRate: Requested rate not supported: 1012000000
09-25 12:36:52.862  1616  2136 I SDM     : HWDeviceDRM::UpdateMixerAttributes: Mixer WxH 1264x2780-1 for Peripheral
09-25 12:36:52.862  1616  2136 I CwbService: CwbService::notifyConfigChange: display:0, config:1 size:4, sec.size():0
09-25 12:36:52.862  1616  2136 I SDM     : HWCDisplay::SubmitDisplayConfig: Active configuration changed from config 0 to 1
09-25 12:36:52.868  1768  1768 D SurfaceFlinger: initiateModeChange 4630946652107814787 {mode={fps=120.00 Hz, modePtr={id=0, vsyncRate=120.00 Hz, peakRefreshRate=120.00 Hz}}, emitEvent=false, force=false}
09-25 12:36:52.868  1616  2136 I SDM     : HWCDisplay::SetActiveConfigToIrisWrapper: SetActiveConfigToIrisWrapper on id_: 0
09-25 12:36:52.868  1616  2136 W SDM     : HWCDisplay::SetActiveConfigToIrisWrapper: HWC SetActiveConfig [1, 0], switch to [1264x2780@120]
09-25 12:36:52.868  1616  2136 W SDM     : HWDeviceDRM::GetSupportedBitClkRate: Requested rate not supported: 1012000000
09-25 12:36:52.868  1616  2136 I SDM     : HWDeviceDRM::UpdateMixerAttributes: Mixer WxH 1264x2780-1 for Peripheral
09-25 12:36:52.868  1616  2136 I CwbService: CwbService::notifyConfigChange: display:0, config:0 size:4, sec.size():0
09-25 12:36:52.868  1616  2136 I SDM     : HWCDisplay::SubmitDisplayConfig: Active configuration changed from config 1 to 0
09-25 12:36:52.945  1570  1606 I android.hardware.thermal-service.qti: sensor: cpu-1-0-0 temperature: 95 old: 0 new: 3
09-25 12:36:53.018  1570  1606 I android.hardware.thermal-service.qti: sensor: cpu-1-0-0 temperature: 89.9 old: 3 new: 0
09-25 12:36:53.023  1570  1606 I android.hardware.thermal-service.qti: sensor: cpu-1-2-0 temperature: 95.4 old: 0 new: 3
09-25 12:36:53.024  1570  1606 I android.hardware.thermal-service.qti: sensor: cpu-1-0-0 temperature: 95 old: 0 new: 3
09-25 12:36:53.033  1695  1792 D BatteryChargeControl: bcc get no support from charging protocol
09-25 12:36:53.083  1570  1606 I android.hardware.thermal-service.qti: sensor: cpu-1-2-0 temperature: 89.9 old: 3 new: 0
09-25 12:36:53.133  1616  1871 I SDM     : DisplayBase::CommitThread: Received idle timeout, panel: cmd, timeout: 70000 us
09-25 12:36:53.216  1616  1871 I SDM     : DisplayBase::CommitThread: Received idle timeout, panel: cmd, timeout: 69999 us
09-25 12:36:53.217  1768  1768 D SurfaceFlinger: initiateModeChange 4630946652107814787 {mode={fps=60.00 Hz, modePtr={id=1, vsyncRate=60.00 Hz, peakRefreshRate=60.00 Hz}}, emitEvent=false, force=false}
09-25 12:36:53.217  1616  2136 I SDM     : HWCDisplay::SetActiveConfigToIrisWrapper: SetActiveConfigToIrisWrapper on id_: 0
09-25 12:36:53.217  1616  2136 W SDM     : HWCDisplay::SetActiveConfigToIrisWrapper: HWC SetActiveConfig [0, 1], switch to [1264x2780@60]
09-25 12:36:53.218  1616  2136 W SDM     : HWDeviceDRM::GetSupportedBitClkRate: Requested rate not supported: 1012000000
09-25 12:36:53.218  1616  2136 I SDM     : HWDeviceDRM::UpdateMixerAttributes: Mixer WxH 1264x2780-1 for Peripheral
09-25 12:36:53.218  1616  2136 I CwbService: CwbService::notifyConfigChange: display:0, config:1 size:4, sec.size():0
09-25 12:36:53.218  1616  2136 I SDM     : HWCDisplay::SubmitDisplayConfig: Active configuration changed from config 0 to 1
09-25 12:36:53.220 28772 29822 D RPCS3   : sys_tty_write(ch=0, buf=*0x58bf20, len=63, pwritelen=*0xd000fde0)
09-25 12:36:53.220 28772 29822 D RPCS3   : sys_tty_write(): “BATCHJOB: AddJob: waiting for room in job list 3 for job 56...“ << endl
09-25 12:36:53.226  1768  1768 D SurfaceFlinger: initiateModeChange 4630946652107814787 {mode={fps=120.00 Hz, modePtr={id=0, vsyncRate=120.00 Hz, peakRefreshRate=120.00 Hz}}, emitEvent=false, force=false}
09-25 12:36:53.226  1616  2136 I SDM     : HWCDisplay::SetActiveConfigToIrisWrapper: SetActiveConfigToIrisWrapper on id_: 0
09-25 12:36:53.226  1616  2136 W SDM     : HWCDisplay::SetActiveConfigToIrisWrapper: HWC SetActiveConfig [1, 0], switch to [1264x2780@120]
09-25 12:36:53.227  1616  2136 W SDM     : HWDeviceDRM::GetSupportedBitClkRate: Requested rate not supported: 1012000000
09-25 12:36:53.227  1616  2136 I SDM     : HWDeviceDRM::UpdateMixerAttributes: Mixer WxH 1264x2780-1 for Peripheral
09-25 12:36:53.227  1616  2136 I CwbService: CwbService::notifyConfigChange: display:0, config:0 size:4, sec.size():0
09-25 12:36:53.227  1616  2136 I SDM     : HWCDisplay::SubmitDisplayConfig: Active configuration changed from config 1 to 0
09-25 12:36:53.346  1570  1606 I android.hardware.thermal-service.qti: sensor: cpu-2-0-0 temperature: 95 old: 0 new: 3
09-25 12:36:53.360  1570  1606 I android.hardware.thermal-service.qti: sensor: cpu-2-0-0 temperature: 89.9 old: 3 new: 0
09-25 12:36:53.426  1616  1871 I SDM     : DisplayBase::CommitThread: Received idle timeout, panel: cmd, timeout: 70000 us
09-25 12:36:53.525  1768  1768 D SurfaceFlinger: initiateModeChange 4630946652107814787 {mode={fps=60.00 Hz, modePtr={id=1, vsyncRate=60.00 Hz, peakRefreshRate=60.00 Hz}}, emitEvent=false, force=false}
09-25 12:36:53.525  1616  2136 I SDM     : HWCDisplay::SetActiveConfigToIrisWrapper: SetActiveConfigToIrisWrapper on id_: 0
09-25 12:36:53.525  1616  2136 W SDM     : HWCDisplay::SetActiveConfigToIrisWrapper: HWC SetActiveConfig [0, 1], switch to [1264x2780@60]
09-25 12:36:53.526  1616  2136 W SDM     : HWDeviceDRM::GetSupportedBitClkRate: Requested rate not supported: 1012000000
09-25 12:36:53.526  1616  2136 I SDM     : HWDeviceDRM::UpdateMixerAttributes: Mixer WxH 1264x2780-1 for Peripheral
09-25 12:36:53.526  1616  2136 I CwbService: CwbService::notifyConfigChange: display:0, config:1 size:4, sec.size():0
09-25 12:36:53.526  1616  1871 I SDM     : DisplayBase::CommitThread: Received idle timeout, panel: cmd, timeout: 70000 us
09-25 12:36:53.526  1616  2136 I SDM     : HWCDisplay::SubmitDisplayConfig: Active configuration changed from config 0 to 1
09-25 12:36:53.531  1550  7858 I vendor.qti.bluetooth@1.1-ibs_handler: ProcessIbsCmd: Received IBS_WAKE_IND: 0xFD
09-25 12:36:53.531  1550  7858 D vendor.qti.bluetooth@1.1-ibs_handler: SerialClockVote: vote for UART CLK ON
09-25 12:36:53.531  1550  7858 E vendor.qti.bluetooth@1.1-wake_lock: Acquire write to wakelock file failed -1 - Operation not permitted
09-25 12:36:53.531  1550  7858 I vendor.qti.bluetooth@1.1-ibs_handler: ProcessIbsCmd: Writing IBS_WAKE_ACK
09-25 12:36:53.532  7761  7842 V bt_btm_ble: system/stack/btm/btm_ble_gap.cc:1438 btm_ble_process_adv_addr: bda=xx:xx:xx:xx:04:66
09-25 12:36:53.532  7761  7842 V bluetooth: system/gd/hci/le_scanning_reassembler.cc:54 ProcessAdvertisingReport: Dropping repeated legacy advertising data
09-25 12:36:53.532  7761  7842 V bt_btm_ble: system/stack/btm/btm_ble_gap.cc:1438 btm_ble_process_adv_addr: bda=xx:xx:xx:xx:04:66
09-25 12:36:53.532  7761  7842 V bluetooth: system/gd/hci/le_scanning_reassembler.cc:93 ProcessAdvertisingReport: Full advertising report has been reassembled
09-25 12:36:53.532  7761  7835 V SEC_CB  : system/stack/btm/btm_sec_cb.cc:187 IsDeviceBonded: No record for xx:xx:xx:xx:04:66
09-25 12:36:53.532  7761  7835 V SEC_CB  : system/stack/btm/btm_sec_cb.cc:187 IsDeviceBonded: No record for xx:xx:xx:xx:04:66
09-25 12:36:53.532  7761  7835 V bt_btm_ble: system/stack/btm/btm_ble_gap.cc:1426 btm_ble_update_inq_result: Random address, treat device as LE only
09-25 12:36:53.533  7761  7876 V ScanController: onScanResult() - eventType=0x13, addressType=1, address=XX:XX:XX:XX:04:66, primaryPhy=1, secondaryPhy=0, advertisingSid=0xff, txPower=127, rssi=-60, periodicAdvInt=0x0, originalAddress=00:00:00:00:00:00
09-25 12:36:53.533  1768  1768 D SurfaceFlinger: initiateModeChange 4630946652107814787 {mode={fps=120.00 Hz, modePtr={id=0, vsyncRate=120.00 Hz, peakRefreshRate=120.00 Hz}}, emitEvent=false, force=false}
09-25 12:36:53.533  1616  2136 I SDM     : HWCDisplay::SetActiveConfigToIrisWrapper: SetActiveConfigToIrisWrapper on id_: 0
09-25 12:36:53.533  1616  2136 W SDM     : HWCDisplay::SetActiveConfigToIrisWrapper: HWC SetActiveConfig [1, 0], switch to [1264x2780@120]
09-25 12:36:53.533  7761  7876 V ScanController: onScanResult() - eventType=0x1b, addressType=1, address=XX:XX:XX:XX:04:66, primaryPhy=1, secondaryPhy=0, advertisingSid=0xff, txPower=127, rssi=-59, periodicAdvInt=0x0, originalAddress=00:00:00:00:00:00
09-25 12:36:53.534  1616  2136 W SDM     : HWDeviceDRM::GetSupportedBitClkRate: Requested rate not supported: 1012000000
09-25 12:36:53.534  7761  7876 V ScanController: Skipping client: No filter match
09-25 12:36:53.534  7761  7876 V ScanController: Skipping client: No filter match
09-25 12:36:53.534  7761  7876 V bt_btif : system/btif/src/bluetooth.cc:1337 operator(): HAL bt_hal_cbacks->remote_device_properties_cb
09-25 12:36:53.534  1616  2136 I SDM     : HWDeviceDRM::UpdateMixerAttributes: Mixer WxH 1264x2780-1 for Peripheral
09-25 12:36:53.534  7761  7876 V BluetoothServiceJni: android/app/jni/com_android_bluetooth_btservice_AdapterService.cpp:245 remote_device_properties_callback: Device: xx:xx:xx:xx:04:66, Status: success, Properties: 4
09-25 12:36:53.534  1616  2136 I CwbService: CwbService::notifyConfigChange: display:0, config:0 size:4, sec.size():0
09-25 12:36:53.534  1616  2136 I SDM     : HWCDisplay::SubmitDisplayConfig: Active configuration changed from config 1 to 0
09-25 12:36:53.534  7761  7876 W BluetoothRemoteDevices: Address type mismatch for XX:XX:XX:XX:04:66, new type: 1
09-25 12:36:53.534  7761  7876 D BluetoothRemoteDevices: Update property, device=XX:XX:XX:XX:04:66, type: 1
09-25 12:36:53.534  7761  7876 D BluetoothRemoteDevices: Skip name update for XX:XX:XX:XX:04:66
09-25 12:36:53.534  7761  7876 D BluetoothRemoteDevices: Update property, device=XX:XX:XX:XX:04:66, type: 4
09-25 12:36:53.534  7761  7876 D BluetoothRemoteDevices: Skip class update, device=XX:XX:XX:XX:04:66, cod=0x1f00
09-25 12:36:53.534  7761  7876 D BluetoothRemoteDevices: Update property, device=XX:XX:XX:XX:04:66, type: 5
09-25 12:36:53.534  7761  7876 D BluetoothRemoteDevices: Update property, device=XX:XX:XX:XX:04:66, type: 24
09-25 12:36:53.534  7761  7876 V bt_btif : system/btif/src/bluetooth.cc:1337 operator(): HAL bt_hal_cbacks->remote_device_properties_cb
09-25 12:36:53.534  7761  7876 V BluetoothServiceJni: android/app/jni/com_android_bluetooth_btservice_AdapterService.cpp:245 remote_device_properties_callback: Device: xx:xx:xx:xx:04:66, Status: success, Properties: 4
09-25 12:36:53.534  7761  7876 W BluetoothRemoteDevices: Address type mismatch for XX:XX:XX:XX:04:66, new type: 1
09-25 12:36:53.534  7761  7876 D BluetoothRemoteDevices: Update property, device=XX:XX:XX:XX:04:66, type: 1
09-25 12:36:53.534  7761  7876 D BluetoothRemoteDevices: Skip name update for XX:XX:XX:XX:04:66
09-25 12:36:53.534  7761  7876 D BluetoothRemoteDevices: Update property, device=XX:XX:XX:XX:04:66, type: 4
09-25 12:36:53.534  7761  7876 D BluetoothRemoteDevices: Skip class update, device=XX:XX:XX:XX:04:66, cod=0x1f00
09-25 12:36:53.534  7761  7876 D BluetoothRemoteDevices: Update property, device=XX:XX:XX:XX:04:66, type: 5
09-25 12:36:53.534  7761  7876 D BluetoothRemoteDevices: Update property, device=XX:XX:XX:XX:04:66, type: 24
09-25 12:36:53.534 10644 13075 D BluetoothLeScanner: onScanResult() - ScanResult{device=XX:XX:XX:XX:04:66, scanRecord=ScanRecord [mAdvertiseFlags=24, mServiceUuids=null, mServiceSolicitationUuids=[], mManufacturerSpecificData={}, mServiceData={0000fe2c-0000-1000-8000-00805f9b34fb=[0, 96, 104, 34, -38, 53, -28, 69, 17, -113, 52, -1, 90, -1]}, mTxPowerLevel=-12, mDeviceName=realme Buds Air7, mTransportDiscoveryData=null], rssi=-59, timestampNanos=931657258032293, eventType=27, primaryPhy=1, secondaryPhy=0, advertisingSid=255, txPower=127, periodicAdvertisingInterval=0}
09-25 12:36:53.572  1550  7858 I vendor.qti.bluetooth@1.1-ibs_handler: ProcessIbsCmd: Received IBS_SLEEP_IND: 0xFE
09-25 12:36:53.572  1550  7858 D vendor.qti.bluetooth@1.1-ibs_handler: SerialClockVote: vote for UART CLK OFF
09-25 12:36:53.596 28772 29102 D S3PERF  : crosscheck source=surface presented=2461 json_fps=10.5606 json_frametime_ms=106.233
09-25 12:36:53.601 28772 29102 D S3PERF  : crosscheck ui_snapshot_fps=10.5606 ui_snapshot_frametime_ms=106.233
09-25 12:36:53.660 32732 32732 I synaLib : tcm: STATUS: Exit DOZE mode
09-25 12:36:53.661 32732 32732 E OplusTouchDaemon: [prevent][curved_large_handle_V2][3008]: id:0 pos:1 center_down:1 (16403 36749)(0 0 0 0) 
09-25 12:36:53.661 32732 32732 E OplusTouchDaemon: [touchEvent][ts_report_touch_data][643]: first touch point id 0 [16403 36749    4    0    0    0    0]
09-25 12:36:53.663  1561  1561 I android.hardware.power-service-qti: Power setBoost: 0, duration: 0
09-25 12:36:53.663  1561  1561 E QTI PowerHAL: Failed to acquire lock.
09-25 12:36:53.663  1561  1561 E QTI PowerHAL: Failed process_boost for boost_handle
09-25 12:36:53.663 10806 10806 D TaskbarManager: dispatchTouchEvent:  displayId=0 isDefaultDisplay=true
09-25 12:36:53.664 28772 28772 I S3TOUCH : root action=down x=2296 y=238
09-25 12:36:53.664 28772 28772 I S3TOUCH : monitor action=down consumed=false
09-25 12:36:53.664 28772 28772 I S3TOUCH : pad action=down menu=false
09-25 12:36:53.666  1621  1722 E ANDR-PERF-RESOURCEQS: ANDR-PERF-RESOURCEQS: AddAndApply() 125: Resource with major=16, minor=30 not supported
09-25 12:36:53.666  1621  1722 E ANDR-PERF-RESOURCEQS: ANDR-PERF-RESOURCEQS: AddAndApply() 125: Resource with major=16, minor=31 not supported
09-25 12:36:53.700 32732 32732 E OplusTouchDaemon: [prevent][curved_large_handle_V2][3082]: up id(0) status: 1, 1, 1, 0.
09-25 12:36:53.722  1550  7849 E vendor.qti.bluetooth@1.1-wake_lock: Release wake lock not initialized/acquired
09-25 12:36:53.770 28772 29822 D RPCS3   : sys_tty_write(ch=0, buf=*0x58bf20, len=63, pwritelen=*0xd000fde0)
09-25 12:36:53.771 28772 29822 D RPCS3   : sys_tty_write(): “BATCHJOB: AddJob: waiting for room in job list 3 for job 56...“ << endl
09-25 12:36:53.816  1570  1606 I android.hardware.thermal-service.qti: sensor: cpu-1-0-0 temperature: 89.9 old: 3 new: 0
09-25 12:36:53.821  1570  1606 I android.hardware.thermal-service.qti: sensor: cpu-2-1-0 temperature: 89.9 old: 3 new: 0
09-25 12:36:53.914 28772 29822 D RPCS3   : sys_tty_write(ch=0, buf=*0x58bf20, len=63, pwritelen=*0xd000fde0)
09-25 12:36:53.914 28772 29822 D RPCS3   : sys_tty_write(): “BATCHJOB: AddJob: waiting for room in job list 3 for job 56...“ << endl
09-25 12:36:54.006 32732 32732 I synaLib : tcm: STATUS: Enter DOZE mode
09-25 12:36:54.034  1695  1792 D BatteryChargeControl: bcc get no support from charging protocol
09-25 12:36:54.159  1570  1606 I android.hardware.thermal-service.qti: sensor: cpu-1-0-0 temperature: 95 old: 0 new: 3
09-25 12:36:54.227  1570  1606 I android.hardware.thermal-service.qti: sensor: cpu-1-0-0 temperature: 89.9 old: 3 new: 0
09-25 12:36:54.340  1616  1871 I SDM     : DisplayBase::CommitThread: Received idle timeout, panel: cmd, timeout: 70000 us
09-25 12:36:54.359  1570  1606 I android.hardware.thermal-service.qti: sensor: cpu-2-1-0 temperature: 95 old: 0 new: 3
09-25 12:36:54.367  1570  1606 I android.hardware.thermal-service.qti: sensor: cpu-1-0-0 temperature: 95 old: 0 new: 3
09-25 12:36:54.370 32732 32732 I synaLib : tcm: STATUS: Exit DOZE mode
09-25 12:36:54.377 32732 32732 E OplusTouchDaemon: [prevent][curved_large_handle_V2][3008]: id:0 pos:7 center_down:1 (18636 41236)(0 4 0 2) 
09-25 12:36:54.378 32732 32732 E OplusTouchDaemon: [touchEvent][ts_report_touch_data][659]: first touch point id 0 [18636 41236   13    4    0    2    0](ignore)
09-25 12:36:54.426  1616  1871 I SDM     : DisplayBase::CommitThread: Received idle timeout, panel: cmd, timeout: 69999 us
09-25 12:36:54.436 28772 29822 D RPCS3   : sys_tty_write(ch=0, buf=*0x58bf20, len=63, pwritelen=*0xd000fde0)
09-25 12:36:54.436 28772 29822 D RPCS3   : sys_tty_write(): “BATCHJOB: AddJob: waiting for room in job list 3 for job 56...“ << endl
09-25 12:36:54.467 32732 32732 E OplusTouchDaemon: [prevent][corner_exit_matched][1534]: corner_exit_matched: exit matched_1(0) (18636 41236 0 3 0 1)
09-25 12:36:54.467 32732 32732 E OplusTouchDaemon: [prevent][corner_exit_matched][1534]: corner_exit_matched: exit matched_1(0) (18636 41236 0 3 0 1)
09-25 12:36:54.475 32732 32732 E OplusTouchDaemon: [prevent][curved_large_handle_V2][3082]: up id(0) status: 7, 1, 0, 1.
09-25 12:36:54.475 32732 32732 E OplusTouchDaemon: [prevent][curved_large_handle_V2][3147]: id:0 uniform_point_num:2 shift_leftover:0,0 move_speed:0,0. 
09-25 12:36:54.476  1561  1561 I android.hardware.power-service-qti: Power setBoost: 0, duration: 0
09-25 12:36:54.476 10806 10806 D TaskbarManager: dispatchTouchEvent:  displayId=0 isDefaultDisplay=true
09-25 12:36:54.476  1561  1561 E QTI PowerHAL: Failed to acquire lock.
09-25 12:36:54.476  1561  1561 E QTI PowerHAL: Failed process_boost for boost_handle
09-25 12:36:54.477  1621  1722 E ANDR-PERF-RESOURCEQS: ANDR-PERF-RESOURCEQS: AddAndApply() 125: Resource with major=16, minor=30 not supported
09-25 12:36:54.477  1621  1722 E ANDR-PERF-RESOURCEQS: ANDR-PERF-RESOURCEQS: AddAndApply() 125: Resource with major=16, minor=31 not supported
09-25 12:36:54.479 28772 28772 I S3TOUCH : root action=down x=2577 y=99
09-25 12:36:54.479 28772 28772 I S3TOUCH : monitor action=down consumed=false
09-25 12:36:54.479 28772 28772 I S3TOUCH : pad action=down menu=false
09-25 12:36:54.482  1633  1633 D vendor.qti.vibratorOL: Vibrator perform effect 2
09-25 12:36:54.483 32732 30186 E OplusTouchDaemon: [prevent][touch_up_timer_func][538]: time called once.
09-25 12:36:54.483 32732 30186 E OplusTouchDaemon: [touchEvent][ts_send_input_extra_point][336]: ts_send_input_extra_point fd (10) report id(0) point(18636 41236).
09-25 12:36:54.485  1633 30188 D vendor.qti.vibratorOL: Starting perform on another thread
09-25 12:36:54.492 32732 30186 E OplusTouchDaemon: [prevent][touch_report_work][468]: report id(0) up, left total:0.
09-25 12:36:54.492 32732 30186 E OplusTouchDaemon: [prevent][touch_report_work][478]: up id 0  ,makeup the real point end report up.
09-25 12:36:54.495  1633 30188 D vendor.qti.vibratorOL: Notifying perform complete
09-25 12:36:54.495  1633  1633 D vendor.qti.vibratorOL: QTI Vibrator off
09-25 12:36:54.550 28772 29822 D RPCS3   : sys_tty_write(ch=0, buf=*0x58bf20, len=63, pwritelen=*0xd000fde0)
09-25 12:36:54.550 28772 29822 D RPCS3   : sys_tty_write(): “BATCHJOB: AddJob: waiting for room in job list 3 for job 56...“ << endl
09-25 12:36:54.570  1570  1606 I android.hardware.thermal-service.qti: sensor: cpu-1-0-0 temperature: 89.9 old: 3 new: 0
09-25 12:36:54.636 28772 29822 D RPCS3   : sys_tty_write(ch=0, buf=*0x58bf20, len=63, pwritelen=*0xd000fde0)
09-25 12:36:54.636 28772 29822 D RPCS3   : sys_tty_write(): “BATCHJOB: AddJob: waiting for room in job list 3 for job 56...“ << endl
09-25 12:36:54.740 32732 32732 E OplusTouchDaemon: [prevent][curved_large_handle_V2][3008]: id:0 pos:7 center_down:1 (18452 41064)(0 4 0 2) 
09-25 12:36:54.741  1570  1606 I android.hardware.thermal-service.qti: sensor: cpu-1-0-0 temperature: 95 old: 0 new: 3
09-25 12:36:54.743  1570  1606 I android.hardware.thermal-service.qti: sensor: cpu-2-1-0 temperature: 89.9 old: 3 new: 0
09-25 12:36:54.784  1570  1606 I android.hardware.thermal-service.qti: sensor: cpu-2-1-0 temperature: 95 old: 0 new: 3
09-25 12:36:54.802 28772 29822 D RPCS3   : sys_tty_write(ch=0, buf=*0x58bf20, len=63, pwritelen=*0xd000fde0)
09-25 12:36:54.802 28772 29822 D RPCS3   : sys_tty_write(): “BATCHJOB: AddJob: waiting for room in job list 3 for job 56...“ << endl
09-25 12:36:54.821 32732 32732 E OplusTouchDaemon: [prevent][corner_exit_matched][1534]: corner_exit_matched: exit matched_1(0) (18452 41064 0 3 0 1)
09-25 12:36:54.821 32732 32732 E OplusTouchDaemon: [prevent][corner_exit_matched][1534]: corner_exit_matched: exit matched_1(0) (18452 41064 0 3 0 1)
09-25 12:36:54.829 32732 32732 E OplusTouchDaemon: [prevent][curved_large_handle_V2][3082]: up id(0) status: 7, 1, 0, 1.
09-25 12:36:54.829 32732 32732 E OplusTouchDaemon: [prevent][curved_large_handle_V2][3147]: id:0 uniform_point_num:2 shift_leftover:0,0 move_speed:0,0. 
09-25 12:36:54.830 10806 10806 D TaskbarManager: dispatchTouchEvent:  displayId=0 isDefaultDisplay=true
09-25 12:36:54.830  1561  1561 I android.hardware.power-service-qti: Power setBoost: 0, duration: 0
09-25 12:36:54.831  1561  1561 E QTI PowerHAL: Failed to acquire lock.
09-25 12:36:54.831  1561  1561 E QTI PowerHAL: Failed process_boost for boost_handle
09-25 12:36:54.832  1621  1722 E ANDR-PERF-RESOURCEQS: ANDR-PERF-RESOURCEQS: AddAndApply() 125: Resource with major=16, minor=30 not supported
09-25 12:36:54.832  1621  1722 E ANDR-PERF-RESOURCEQS: ANDR-PERF-RESOURCEQS: AddAndApply() 125: Resource with major=16, minor=31 not supported
09-25 12:36:54.833 28772 28772 I S3TOUCH : root action=down x=2566 y=110
09-25 12:36:54.833 28772 28772 I S3TOUCH : monitor action=down consumed=false
09-25 12:36:54.833 28772 28772 I S3TOUCH : pad action=down menu=false
09-25 12:36:54.836  1633  1633 D vendor.qti.vibratorOL: Vibrator perform effect 2
09-25 12:36:54.838  1633 30191 D vendor.qti.vibratorOL: Starting perform on another thread
09-25 12:36:54.838 32732 30189 E OplusTouchDaemon: [prevent][touch_up_timer_func][538]: time called once.
09-25 12:36:54.838 32732 30189 E OplusTouchDaemon: [touchEvent][ts_send_input_extra_point][336]: ts_send_input_extra_point fd (10) report id(0) point(18452 41064).
09-25 12:36:54.846 32732 30189 E OplusTouchDaemon: [prevent][touch_report_work][468]: report id(0) up, left total:0.
09-25 12:36:54.846 32732 30189 E OplusTouchDaemon: [prevent][touch_report_work][478]: up id 0  ,makeup the real point end report up.
09-25 12:36:54.848  1633 30191 D vendor.qti.vibratorOL: Notifying perform complete
09-25 12:36:54.849  1633  1633 D vendor.qti.vibratorOL: QTI Vibrator off
09-25 12:36:54.868  1550  7858 I vendor.qti.bluetooth@1.1-ibs_handler: ProcessIbsCmd: Received IBS_WAKE_IND: 0xFD
09-25 12:36:54.868  1550  7858 D vendor.qti.bluetooth@1.1-ibs_handler: SerialClockVote: vote for UART CLK ON
09-25 12:36:54.868  1550  7858 E vendor.qti.bluetooth@1.1-wake_lock: Acquire write to wakelock file failed -1 - Operation not permitted
09-25 12:36:54.868  1550  7858 I vendor.qti.bluetooth@1.1-ibs_handler: ProcessIbsCmd: Writing IBS_WAKE_ACK
09-25 12:36:54.869  7761  7842 V bt_btm_ble: system/stack/btm/btm_ble_gap.cc:1438 btm_ble_process_adv_addr: bda=xx:xx:xx:xx:04:66
09-25 12:36:54.869  7761  7842 V bluetooth: system/gd/hci/le_scanning_reassembler.cc:54 ProcessAdvertisingReport: Dropping repeated legacy advertising data
09-25 12:36:54.869  7761  7835 V SEC_CB  : system/stack/btm/btm_sec_cb.cc:187 IsDeviceBonded: No record for xx:xx:xx:xx:04:66
09-25 12:36:54.869  7761  7842 V bt_btm_ble: system/stack/btm/btm_ble_gap.cc:1438 btm_ble_process_adv_addr: bda=xx:xx:xx:xx:04:66
09-25 12:36:54.869  7761  7842 V bluetooth: system/gd/hci/le_scanning_reassembler.cc:93 ProcessAdvertisingReport: Full advertising report has been reassembled
09-25 12:36:54.869  7761  7835 V SEC_CB  : system/stack/btm/btm_sec_cb.cc:187 IsDeviceBonded: No record for xx:xx:xx:xx:04:66
09-25 12:36:54.869  7761  7835 V bt_btm_ble: system/stack/btm/btm_ble_gap.cc:1426 btm_ble_update_inq_result: Random address, treat device as LE only
09-25 12:36:54.869  7761  7876 V ScanController: onScanResult() - eventType=0x13, addressType=1, address=XX:XX:XX:XX:04:66, primaryPhy=1, secondaryPhy=0, advertisingSid=0xff, txPower=127, rssi=-60, periodicAdvInt=0x0, originalAddress=00:00:00:00:00:00
09-25 12:36:54.870  7761  7876 V ScanController: onScanResult() - eventType=0x1b, addressType=1, address=XX:XX:XX:XX:04:66, primaryPhy=1, secondaryPhy=0, advertisingSid=0xff, txPower=127, rssi=-60, periodicAdvInt=0x0, originalAddress=00:00:00:00:00:00
09-25 12:36:54.870  7761  7876 V ScanController: Skipping client: No filter match
09-25 12:36:54.870  7761  7876 V ScanController: Skipping client: No filter match
09-25 12:36:54.870  7761  7876 V bt_btif : system/btif/src/bluetooth.cc:1337 operator(): HAL bt_hal_cbacks->remote_device_properties_cb
09-25 12:36:54.870  7761  7876 V BluetoothServiceJni: android/app/jni/com_android_bluetooth_btservice_AdapterService.cpp:245 remote_device_properties_callback: Device: xx:xx:xx:xx:04:66, Status: success, Properties: 4
09-25 12:36:54.870 10644 13075 D BluetoothLeScanner: onScanResult() - ScanResult{device=XX:XX:XX:XX:04:66, scanRecord=ScanRecord [mAdvertiseFlags=24, mServiceUuids=null, mServiceSolicitationUuids=[], mManufacturerSpecificData={}, mServiceData={0000fe2c-0000-1000-8000-00805f9b34fb=[0, 96, 104, 34, -38, 53, -28, 69, 17, -113, 52, -1, 90, -1]}, mTxPowerLevel=-12, mDeviceName=realme Buds Air7, mTransportDiscoveryData=null], rssi=-60, timestampNanos=931658594189116, eventType=27, primaryPhy=1, secondaryPhy=0, advertisingSid=255, txPower=127, periodicAdvertisingInterval=0}
09-25 12:36:54.870  7761  7876 W BluetoothRemoteDevices: Address type mismatch for XX:XX:XX:XX:04:66, new type: 1
09-25 12:36:54.870  7761  7876 D BluetoothRemoteDevices: Update property, device=XX:XX:XX:XX:04:66, type: 1
09-25 12:36:54.870  7761  7876 D BluetoothRemoteDevices: Skip name update for XX:XX:XX:XX:04:66
09-25 12:36:54.870  7761  7876 D BluetoothRemoteDevices: Update property, device=XX:XX:XX:XX:04:66, type: 4
09-25 12:36:54.870  7761  7876 D BluetoothRemoteDevices: Skip class update, device=XX:XX:XX:XX:04:66, cod=0x1f00
09-25 12:36:54.870  7761  7876 D BluetoothRemoteDevices: Update property, device=XX:XX:XX:XX:04:66, type: 5
09-25 12:36:54.870  7761  7876 D BluetoothRemoteDevices: Update property, device=XX:XX:XX:XX:04:66, type: 24
09-25 12:36:54.870  7761  7876 V bt_btif : system/btif/src/bluetooth.cc:1337 operator(): HAL bt_hal_cbacks->remote_device_properties_cb
09-25 12:36:54.870  7761  7876 V BluetoothServiceJni: android/app/jni/com_android_bluetooth_btservice_AdapterService.cpp:245 remote_device_properties_callback: Device: xx:xx:xx:xx:04:66, Status: success, Properties: 4
09-25 12:36:54.870  7761  7876 W BluetoothRemoteDevices: Address type mismatch for XX:XX:XX:XX:04:66, new type: 1
09-25 12:36:54.870  7761  7876 D BluetoothRemoteDevices: Update property, device=XX:XX:XX:XX:04:66, type: 1
09-25 12:36:54.870  7761  7876 D BluetoothRemoteDevices: Skip name update for XX:XX:XX:XX:04:66
09-25 12:36:54.870  7761  7876 D BluetoothRemoteDevices: Update property, device=XX:XX:XX:XX:04:66, type: 4
09-25 12:36:54.870  7761  7876 D BluetoothRemoteDevices: Skip class update, device=XX:XX:XX:XX:04:66, cod=0x1f00
09-25 12:36:54.870  7761  7876 D BluetoothRemoteDevices: Update property, device=XX:XX:XX:XX:04:66, type: 5
09-25 12:36:54.870  7761  7876 D BluetoothRemoteDevices: Update property, device=XX:XX:XX:XX:04:66, type: 24
09-25 12:36:54.890 28772 29102 D S3PERF  : crosscheck source=surface presented=2474 json_fps=10.4278 json_frametime_ms=54.15
09-25 12:36:54.900 28772 29102 D S3PERF  : crosscheck ui_snapshot_fps=10.4278 ui_snapshot_frametime_ms=54.15
09-25 12:36:54.909  1550  7858 I vendor.qti.bluetooth@1.1-ibs_handler: ProcessIbsCmd: Received IBS_SLEEP_IND: 0xFE
09-25 12:36:54.909  1550  7858 D vendor.qti.bluetooth@1.1-ibs_handler: SerialClockVote: vote for UART CLK OFF
09-25 12:36:54.950 32732 32732 I OplusTouchDaemon: ts_run_service: shellback temperature updated 35 (35600)
09-25 12:36:54.997 32732 32732 E OplusTouchDaemon: [prevent][curved_large_handle_V2][3008]: id:0 pos:7 center_down:1 (18600 40706)(0 4 0 2) 
09-25 12:36:55.034  1695  1792 D BatteryChargeControl: bcc get no support from charging protocol
09-25 12:36:55.054 32732 32732 E OplusTouchDaemon: [prevent][corner_exit_matched][1534]: corner_exit_matched: exit matched_1(0) (18600 40706 0 3 0 2)
09-25 12:36:55.054 32732 32732 E OplusTouchDaemon: [prevent][corner_exit_matched][1534]: corner_exit_matched: exit matched_1(0) (18600 40706 0 3 0 2)
09-25 12:36:55.060  1550  7849 E vendor.qti.bluetooth@1.1-wake_lock: Release wake lock not initialized/acquired
09-25 12:36:55.062 32732 32732 E OplusTouchDaemon: [prevent][corner_exit_matched][1534]: corner_exit_matched: exit matched_1(0) (18600 40706 0 3 0 2)
09-25 12:36:55.062 32732 32732 E OplusTouchDaemon: [prevent][large_area_judged_V2][2744]: large_area_judged_V2: id(0) judge corner long move.
09-25 12:36:55.063 10806 10806 D TaskbarManager: dispatchTouchEvent:  displayId=0 isDefaultDisplay=true
09-25 12:36:55.063  1561  1561 I android.hardware.power-service-qti: Power setBoost: 0, duration: 0
09-25 12:36:55.064 28772 28772 I S3TOUCH : root action=down x=2544 y=101
09-25 12:36:55.066 28772 28772 I S3TOUCH : monitor action=down consumed=false
09-25 12:36:55.067 28772 28772 I S3TOUCH : pad action=down menu=false
09-25 12:36:55.070  1633  1633 D vendor.qti.vibratorOL: Vibrator perform effect 2
09-25 12:36:55.070 32732 32732 E OplusTouchDaemon: [prevent][curved_large_handle_V2][3082]: up id(0) status: 7, 1, 1, 1.
09-25 12:36:55.071  1633 30192 D vendor.qti.vibratorOL: Starting perform on another thread
09-25 12:36:55.080  1633 30192 D vendor.qti.vibratorOL: Notifying perform complete
09-25 12:36:55.083  1633  1633 D vendor.qti.vibratorOL: QTI Vibrator off
09-25 12:36:55.142  1570  1606 I android.hardware.thermal-service.qti: sensor: cpu-1-0-0 temperature: 89.9 old: 3 new: 0
09-25 12:36:55.184  1570  1606 I android.hardware.thermal-service.qti: sensor: cpu-1-0-0 temperature: 95 old: 0 new: 3
09-25 12:36:55.223 32732 32732 E OplusTouchDaemon: [prevent][curved_large_handle_V2][3008]: id:0 pos:7 center_down:1 (18660 40527)(0 3 0 2) 
09-25 12:36:55.223 32732 32732 E OplusTouchDaemon: [prevent][corner_exit_matched][1534]: corner_exit_matched: exit matched_1(0) (18660 40527 0 3 0 2)
09-25 12:36:55.223 32732 32732 E OplusTouchDaemon: [prevent][corner_exit_matched][1534]: corner_exit_matched: exit matched_1(0) (18660 40527 0 3 0 2)
09-25 12:36:55.223 32732 32732 E OplusTouchDaemon: [touchEvent][ts_report_touch_data][659]: first touch point id 0 [18660 40527    9    3    0    2    0](ignore)
09-25 12:36:55.226  1570  1606 I android.hardware.thermal-service.qti: sensor: cpu-2-1-0 temperature: 89.9 old: 3 new: 0
09-25 12:36:55.231 32732 32732 E OplusTouchDaemon: [prevent][corner_exit_matched][1534]: corner_exit_matched: exit matched_1(0) (18660 40527 0 3 0 2)
09-25 12:36:55.231 32732 32732 E OplusTouchDaemon: [prevent][large_area_judged_V2][2744]: large_area_judged_V2: id(0) judge corner long move.
09-25 12:36:55.231 32732 32732 E OplusTouchDaemon: [touchEvent][ts_report_touch_data][654]:Touchpanel id 0 :Down[18660 40527   11    3    0    2    0]K0 A0 D0
09-25 12:36:55.232 28772 28772 I S3TOUCH : root action=down x=2532 y=97
09-25 12:36:55.232 28772 28772 I S3TOUCH : monitor action=down consumed=false
09-25 12:36:55.232 28772 28772 I S3TOUCH : pad action=down menu=false
09-25 12:36:55.232 10806 10806 D TaskbarManager: dispatchTouchEvent:  displayId=0 isDefaultDisplay=true
09-25 12:36:55.233  1561  1561 I android.hardware.power-service-qti: Power setBoost: 0, duration: 0
09-25 12:36:55.235  1561  1561 E QTI PowerHAL: Failed to acquire lock.
09-25 12:36:55.235  1561  1561 E QTI PowerHAL: Failed process_boost for boost_handle
09-25 12:36:55.237  1621  1722 E ANDR-PERF-RESOURCEQS: ANDR-PERF-RESOURCEQS: AddAndApply() 125: Resource with major=16, minor=30 not supported
09-25 12:36:55.237  1621  1722 E ANDR-PERF-RESOURCEQS: ANDR-PERF-RESOURCEQS: AddAndApply() 125: Resource with major=16, minor=31 not supported
09-25 12:36:55.237  1633  1633 D vendor.qti.vibratorOL: Vibrator perform effect 2
09-25 12:36:55.239  1570  1606 I android.hardware.thermal-service.qti: sensor: cpu-2-1-0 temperature: 95 old: 0 new: 3
09-25 12:36:55.239  1633 30194 D vendor.qti.vibratorOL: Starting perform on another thread
09-25 12:36:55.246 28772 29822 D RPCS3   : sys_tty_write(ch=0, buf=*0x58bf20, len=63, pwritelen=*0xd000fde0)
09-25 12:36:55.246 28772 29822 D RPCS3   : sys_tty_write(): “BATCHJOB: AddJob: waiting for room in job list 3 for job 56...“ << endl
09-25 12:36:55.248  1633 30194 D vendor.qti.vibratorOL: Notifying perform complete
09-25 12:36:55.249  1633  1633 D vendor.qti.vibratorOL: QTI Vibrator off
09-25 12:36:55.269  1549  2821 I PAL: OplusSpeakerSia: isGainChanged: 371: vddValue 4060000, mCurVddThres 3800000, mPreVddThres 3800000
09-25 12:36:55.269  1549  2821 D PAL: OplusPalCommon: getActiveStreamPcmId: 2077:  dir: 1, stream: 0xb400006f4aad2e10, pcmDevId: 126
09-25 12:36:55.269  1549  2821 I PAL: SessionAlsaUtils: getModuleInstanceId: 1247: tag_id 0xc0000029, MIID is 0x4761
09-25 12:36:55.270  1549  2821 D sixth_if_gift: sixth_get_lp_protection_val: 1443: ch:0, f0(671), lpx(40685), re(6818475), is_valid(1)
09-25 12:36:55.270  1549  2821 D sixth_if_gift: sixth_get_lp_protection_val: 1443: ch:1, f0(871), lpx(40059), re(6594302), is_valid(1)
09-25 12:36:55.277  1695  1756 D vendor.oplus.hardware.charger-V10-service: parallel fold conf file parse fail parallel_fold_state 2
09-25 12:36:55.277  1695  1756 D vendor.oplus.hardware.charger-V10-service: scale_chg Start!!!
09-25 12:36:55.277  1695  1756 D vendor.oplus.hardware.charger-V10-service: [0, 0, 3]
09-25 12:36:55.277  1695  1756 D vendor.oplus.hardware.charger-V10-service: [0, 2, 11]
09-25 12:36:55.278  1695  1756 D vendor.oplus.hardware.charger-V10-service: [0, 1, 4]
09-25 12:36:55.278  1695  1756 D vendor.oplus.hardware.charger-V10-service: [0, 3, 3]
09-25 12:36:55.278  1695  1756 D vendor.oplus.hardware.charger-V10-service: [0, 4, 3]
09-25 12:36:55.278  1695  1756 D vendor.oplus.hardware.charger-V10-service: [0, 5, 8]
09-25 12:36:55.278  1695  1756 D vendor.oplus.hardware.charger-V10-service: [0, 6, 8]
09-25 12:36:55.278  1695  1756 D vendor.oplus.hardware.charger-V10-service: scale_chg Start!!!
09-25 12:36:55.289  1695  1756 D vendor.oplus.hardware.charger-V10-service: [0, 0, 3]
09-25 12:36:55.289  1695  1756 D vendor.oplus.hardware.charger-V10-service: [0, 2, 11]
09-25 12:36:55.295 32732 32732 E OplusTouchDaemon: [prevent][curved_large_handle_V2][3082]: up id(0) status: 7, 1, 1, 1.
09-25 12:36:55.297  1695  1756 D vendor.oplus.hardware.charger-V10-service: [0, 1, 4]
09-25 12:36:55.297  1695  1756 D vendor.oplus.hardware.charger-V10-service: [0, 3, 3]
09-25 12:36:55.297  1695  1756 D vendor.oplus.hardware.charger-V10-service: [0, 4, 3]
09-25 12:36:55.297  1695  1756 D vendor.oplus.hardware.charger-V10-service: [0, 5, 8]
09-25 12:36:55.298  1695  1756 D vendor.oplus.hardware.charger-V10-service: [0, 6, 8]
09-25 12:36:55.497  4851  4882 E horae   : 0: target_temp:35700, back:35700,frame:35700,front:35700, 4, +(0), 1 ,35700, algo:0
09-25 12:36:55.521 32732 32732 E OplusTouchDaemon: [prevent][curved_large_handle_V2][3008]: id:0 pos:7 center_down:1 (18577 40493)(0 3 0 2) 
09-25 12:36:55.521 32732 32732 E OplusTouchDaemon: [prevent][corner_exit_matched][1534]: corner_exit_matched: exit matched_1(0) (18577 40493 0 3 0 2)
09-25 12:36:55.521 32732 32732 E OplusTouchDaemon: [prevent][corner_exit_matched][1534]: corner_exit_matched: exit matched_1(0) (18577 40493 0 3 0 2)
09-25 12:36:55.521 32732 32732 E OplusTouchDaemon: [touchEvent][ts_report_touch_data][659]: first touch point id 0 [18577 40493   11    3    0    2    0](ignore)
09-25 12:36:55.529 32732 32732 E OplusTouchDaemon: [prevent][corner_exit_matched][1534]: corner_exit_matched: exit matched_1(0) (18577 40493 0 3 0 2)
09-25 12:36:55.529 32732 32732 E OplusTouchDaemon: [prevent][large_area_judged_V2][2744]: large_area_judged_V2: id(0) judge corner long move.
09-25 12:36:55.531  1561  1561 I android.hardware.power-service-qti: Power setBoost: 0, duration: 0
09-25 12:36:55.531  1561  1561 E QTI PowerHAL: Failed to acquire lock.
09-25 12:36:55.531  1561  1561 E QTI PowerHAL: Failed process_boost for boost_handle
09-25 12:36:55.532 28772 28772 I S3TOUCH : root action=down x=2530 y=102
09-25 12:36:55.532 28772 28772 I S3TOUCH : monitor action=down consumed=false
09-25 12:36:55.532 10806 10806 D TaskbarManager: dispatchTouchEvent:  displayId=0 isDefaultDisplay=true
09-25 12:36:55.532  1621  1722 E ANDR-PERF-RESOURCEQS: ANDR-PERF-RESOURCEQS: AddAndApply() 125: Resource with major=16, minor=30 not supported
09-25 12:36:55.533  1621  1722 E ANDR-PERF-RESOURCEQS: ANDR-PERF-RESOURCEQS: AddAndApply() 125: Resource with major=16, minor=31 not supported
09-25 12:36:55.532 28772 28772 I S3TOUCH : pad action=down menu=false
09-25 12:36:55.535  1633  1633 D vendor.qti.vibratorOL: Vibrator perform effect 2
09-25 12:36:55.538  1633 30201 D vendor.qti.vibratorOL: Starting perform on another thread
09-25 12:36:55.547  1633 30201 D vendor.qti.vibratorOL: Notifying perform complete
09-25 12:36:55.547  1633  1633 D vendor.qti.vibratorOL: QTI Vibrator off
09-25 12:36:55.568 28772 29822 D RPCS3   : sys_tty_write(ch=0, buf=*0x58bf20, len=63, pwritelen=*0xd000fde0)
09-25 12:36:55.568 28772 29822 D RPCS3   : sys_tty_write(): “BATCHJOB: AddJob: waiting for room in job list 3 for job 56...“ << endl
09-25 12:36:55.610 32732 32732 E OplusTouchDaemon: [prevent][curved_large_handle_V2][3082]: up id(0) status: 7, 1, 1, 1.
09-25 12:36:55.667  1570  1606 I android.hardware.thermal-service.qti: sensor: cpu-1-0-0 temperature: 89.9 old: 3 new: 0
09-25 12:36:55.668 28772 29822 D RPCS3   : sys_tty_write(ch=0, buf=*0x58bf20, len=63, pwritelen=*0xd000fde0)
09-25 12:36:55.668 28772 29822 D RPCS3   : sys_tty_write(): “BATCHJOB: AddJob: waiting for room in job list 3 for job 56...“ << endl
09-25 12:36:55.746 32732 32732 E OplusTouchDaemon: [prevent][curved_large_handle_V2][3008]: id:0 pos:7 center_down:1 (18680 40168)(0 3 0 2) 
09-25 12:36:55.746 32732 32732 E OplusTouchDaemon: [prevent][corner_exit_matched][1534]: corner_exit_matched: exit matched_1(0) (18680 40168 0 3 0 2)
09-25 12:36:55.746 32732 32732 E OplusTouchDaemon: [prevent][corner_exit_matched][1534]: corner_exit_matched: exit matched_1(0) (18680 40168 0 3 0 2)
09-25 12:36:55.746 32732 32732 E OplusTouchDaemon: [touchEvent][ts_report_touch_data][659]: first touch point id 0 [18680 40168   10    3    0    2    0](ignore)
09-25 12:36:55.785 28772 29822 D RPCS3   : sys_tty_write(ch=0, buf=*0x58bf20, len=63, pwritelen=*0xd000fde0)
09-25 12:36:55.785 28772 29822 D RPCS3   : sys_tty_write(): “BATCHJOB: AddJob: waiting for room in job list 3 for job 56...“ << endl
09-25 12:36:55.803 32732 32732 E OplusTouchDaemon: [prevent][corner_exit_matched][1534]: corner_exit_matched: exit matched_1(0) (18680 40168 0 3 0 2)
09-25 12:36:55.803 32732 32732 E OplusTouchDaemon: [prevent][large_area_judged_V2][2744]: large_area_judged_V2: id(0) judge corner long move.
09-25 12:36:55.804  1561  1561 I android.hardware.power-service-qti: Power setBoost: 0, duration: 0
09-25 12:36:55.804  1561  1561 E QTI PowerHAL: Failed to acquire lock.
09-25 12:36:55.805  1561  1561 E QTI PowerHAL: Failed process_boost for boost_handle
09-25 12:36:55.805 28772 28772 I S3TOUCH : root action=down x=2510 y=96
09-25 12:36:55.805 28772 28772 I S3TOUCH : monitor action=down consumed=false
09-25 12:36:55.805 28772 28772 I S3TOUCH : pad action=down menu=false
09-25 12:36:55.805 10806 10806 D TaskbarManager: dispatchTouchEvent:  displayId=0 isDefaultDisplay=true
09-25 12:36:55.808  1621  1722 E ANDR-PERF-RESOURCEQS: ANDR-PERF-RESOURCEQS: AddAndApply() 125: Resource with major=16, minor=30 not supported
09-25 12:36:55.808  1621  1722 E ANDR-PERF-RESOURCEQS: ANDR-PERF-RESOURCEQS: AddAndApply() 125: Resource with major=16, minor=31 not supported
09-25 12:36:55.810  1633  1633 D vendor.qti.vibratorOL: Vibrator perform effect 2
09-25 12:36:55.813  1633 30213 D vendor.qti.vibratorOL: Starting perform on another thread
09-25 12:36:55.819 32732 32732 E OplusTouchDaemon: [prevent][curved_large_handle_V2][3082]: up id(0) status: 7, 1, 1, 1.
09-25 12:36:55.823  1633 30213 D vendor.qti.vibratorOL: Notifying perform complete
09-25 12:36:55.824  1633  1633 D vendor.qti.vibratorOL: QTI Vibrator off
09-25 12:36:55.978 28772 29822 D RPCS3   : sys_tty_write(ch=0, buf=*0x58bf20, len=63, pwritelen=*0xd000fde0)
09-25 12:36:55.979 28772 29822 D RPCS3   : sys_tty_write(): “BATCHJOB: AddJob: waiting for room in job list 3 for job 56...“ << endl
09-25 12:36:56.035  1695  1792 D BatteryChargeControl: bcc get no support from charging protocol
09-25 12:36:56.062 28772 29102 D S3PERF  : crosscheck ui_snapshot_fps=9.26323 ui_snapshot_frametime_ms=186.484
09-25 12:36:56.069 32732 32732 E OplusTouchDaemon: [prevent][curved_large_handle_V2][3008]: id:0 pos:7 center_down:1 (18508 40067)(0 4 0 2) 
09-25 12:36:56.069 32732 32732 E OplusTouchDaemon: [touchEvent][ts_report_touch_data][659]: first touch point id 0 [18508 40067   13    4    0    2    0](ignore)
09-25 12:36:56.109 32732 32732 I OplusTouchDaemon: ts_run_service: shellback temperature updated 35 (35700)
09-25 12:36:56.149 32732 32732 E OplusTouchDaemon: [prevent][corner_exit_matched][1534]: corner_exit_matched: exit matched_1(0) (18508 40067 0 3 0 1)
09-25 12:36:56.149 32732 32732 E OplusTouchDaemon: [prevent][corner_exit_matched][1534]: corner_exit_matched: exit matched_1(0) (18508 40067 0 3 0 1)
09-25 12:36:56.157 32732 32732 E OplusTouchDaemon: [prevent][curved_large_handle_V2][3082]: up id(0) status: 7, 1, 0, 1.
09-25 12:36:56.157 32732 32732 E OplusTouchDaemon: [prevent][curved_large_handle_V2][3147]: id:0 uniform_point_num:2 shift_leftover:0,0 move_speed:0,0. 
09-25 12:36:56.158 10806 10806 D TaskbarManager: dispatchTouchEvent:  displayId=0 isDefaultDisplay=true
09-25 12:36:56.158  1561  1561 I android.hardware.power-service-qti: Power setBoost: 0, duration: 0
09-25 12:36:56.159 28772 28772 I S3TOUCH : root action=down x=2504 y=107
09-25 12:36:56.159 28772 28772 I S3TOUCH : monitor action=down consumed=false
09-25 12:36:56.159 28772 28772 I S3TOUCH : pad action=down menu=false
09-25 12:36:56.159  1561  1561 E QTI PowerHAL: Failed to acquire lock.
09-25 12:36:56.159  1561  1561 E QTI PowerHAL: Failed process_boost for boost_handle
09-25 12:36:56.161  1633  1633 D vendor.qti.vibratorOL: Vibrator perform effect 2
09-25 12:36:56.163  1621  1722 E ANDR-PERF-RESOURCEQS: ANDR-PERF-RESOURCEQS: AddAndApply() 125: Resource with major=16, minor=30 not supported
09-25 12:36:56.163  1621  1722 E ANDR-PERF-RESOURCEQS: ANDR-PERF-RESOURCEQS: AddAndApply() 125: Resource with major=16, minor=31 not supported
09-25 12:36:56.165 32732 30239 E OplusTouchDaemon: [prevent][touch_up_timer_func][538]: time called once.
09-25 12:36:56.165 32732 30239 E OplusTouchDaemon: [touchEvent][ts_send_input_extra_point][336]: ts_send_input_extra_point fd (10) report id(0) point(18508 40067).
09-25 12:36:56.166  1633 30242 D vendor.qti.vibratorOL: Starting perform on another thread
09-25 12:36:56.173 32732 30239 E OplusTouchDaemon: [prevent][touch_report_work][468]: report id(0) up, left total:0.
09-25 12:36:56.173 32732 30239 E OplusTouchDaemon: [prevent][touch_report_work][478]: up id 0  ,makeup the real point end report up.
09-25 12:36:56.175  1633 30242 D vendor.qti.vibratorOL: Notifying perform complete
09-25 12:36:56.175  1633  1633 D vendor.qti.vibratorOL: QTI Vibrator off
09-25 12:36:56.187  1570  1606 I android.hardware.thermal-service.qti: sensor: cpu-1-2-0 temperature: 95 old: 0 new: 3
09-25 12:36:56.295  1570  1606 I android.hardware.thermal-service.qti: sensor: cpu-1-0-0 temperature: 95 old: 0 new: 3
09-25 12:36:56.330 28772 29822 D RPCS3   : sys_tty_write(ch=0, buf=*0x58bf20, len=63, pwritelen=*0xd000fde0)
09-25 12:36:56.331 28772 29822 D RPCS3   : sys_tty_write(): “BATCHJOB: AddJob: waiting for room in job list 3 for job 56...“ << endl
09-25 12:36:56.377 28772 29102 D S3PERF  : crosscheck source=surface presented=2488 json_fps=9.47234 json_frametime_ms=86.578
09-25 12:36:56.397  1570  1606 I android.hardware.thermal-service.qti: sensor: cpu-2-1-0 temperature: 89.9 old: 3 new: 0
09-25 12:36:56.463 32732 32732 E OplusTouchDaemon: [prevent][curved_large_handle_V2][3008]: id:0 pos:7 center_down:1 (18368 39834)(0 4 0 2) 
09-25 12:36:56.493  1570  1606 I android.hardware.thermal-service.qti: sensor: cpu-1-0-0 temperature: 89.9 old: 3 new: 0
09-25 12:36:56.503  1550  7858 I vendor.qti.bluetooth@1.1-ibs_handler: ProcessIbsCmd: Received IBS_WAKE_IND: 0xFD
09-25 12:36:56.503  1550  7858 D vendor.qti.bluetooth@1.1-ibs_handler: SerialClockVote: vote for UART CLK ON
09-25 12:36:56.503  1550  7858 E vendor.qti.bluetooth@1.1-wake_lock: Acquire write to wakelock file failed -1 - Operation not permitted
09-25 12:36:56.503  1550  7858 I vendor.qti.bluetooth@1.1-ibs_handler: ProcessIbsCmd: Writing IBS_WAKE_ACK
09-25 12:36:56.504  7761  7842 V bt_btm_ble: system/stack/btm/btm_ble_gap.cc:1438 btm_ble_process_adv_addr: bda=xx:xx:xx:xx:04:66
09-25 12:36:56.504  7761  7842 V bluetooth: system/gd/hci/le_scanning_reassembler.cc:54 ProcessAdvertisingReport: Dropping repeated legacy advertising data
09-25 12:36:56.505  7761  7835 V SEC_CB  : system/stack/btm/btm_sec_cb.cc:187 IsDeviceBonded: No record for xx:xx:xx:xx:04:66
09-25 12:36:56.505  7761  7842 V bt_btm_ble: system/stack/btm/btm_ble_gap.cc:1438 btm_ble_process_adv_addr: bda=xx:xx:xx:xx:04:66
09-25 12:36:56.505  7761  7842 V bluetooth: system/gd/hci/le_scanning_reassembler.cc:93 ProcessAdvertisingReport: Full advertising report has been reassembled
09-25 12:36:56.505  7761  7835 V SEC_CB  : system/stack/btm/btm_sec_cb.cc:187 IsDeviceBonded: No record for xx:xx:xx:xx:04:66
09-25 12:36:56.505  7761  7835 V bt_btm_ble: system/stack/btm/btm_ble_gap.cc:1426 btm_ble_update_inq_result: Random address, treat device as LE only
09-25 12:36:56.505  7761  7876 V ScanController: onScanResult() - eventType=0x13, addressType=1, address=XX:XX:XX:XX:04:66, primaryPhy=1, secondaryPhy=0, advertisingSid=0xff, txPower=127, rssi=-63, periodicAdvInt=0x0, originalAddress=00:00:00:00:00:00
09-25 12:36:56.505  7761  7876 V ScanController: onScanResult() - eventType=0x1b, addressType=1, address=XX:XX:XX:XX:04:66, primaryPhy=1, secondaryPhy=0, advertisingSid=0xff, txPower=127, rssi=-62, periodicAdvInt=0x0, originalAddress=00:00:00:00:00:00
09-25 12:36:56.506  7761  7876 V ScanController: Skipping client: No filter match
09-25 12:36:56.506  7761  7876 V ScanController: Skipping client: No filter match
09-25 12:36:56.506  7761  7876 V bt_btif : system/btif/src/bluetooth.cc:1337 operator(): HAL bt_hal_cbacks->remote_device_properties_cb
09-25 12:36:56.506  7761  7876 V BluetoothServiceJni: android/app/jni/com_android_bluetooth_btservice_AdapterService.cpp:245 remote_device_properties_callback: Device: xx:xx:xx:xx:04:66, Status: success, Properties: 4
09-25 12:36:56.506  7761  7876 W BluetoothRemoteDevices: Address type mismatch for XX:XX:XX:XX:04:66, new type: 1
09-25 12:36:56.506  7761  7876 D BluetoothRemoteDevices: Update property, device=XX:XX:XX:XX:04:66, type: 1
09-25 12:36:56.506 10644 13075 D BluetoothLeScanner: onScanResult() - ScanResult{device=XX:XX:XX:XX:04:66, scanRecord=ScanRecord [mAdvertiseFlags=24, mServiceUuids=null, mServiceSolicitationUuids=[], mManufacturerSpecificData={}, mServiceData={0000fe2c-0000-1000-8000-00805f9b34fb=[0, 96, 104, 34, -38, 53, -28, 69, 17, -113, 52, -1, 90, -1]}, mTxPowerLevel=-12, mDeviceName=realme Buds Air7, mTransportDiscoveryData=null], rssi=-62, timestampNanos=931660229912240, eventType=27, primaryPhy=1, secondaryPhy=0, advertisingSid=255, txPower=127, periodicAdvertisingInterval=0}
09-25 12:36:56.506  7761  7876 D BluetoothRemoteDevices: Skip name update for XX:XX:XX:XX:04:66
09-25 12:36:56.506  7761  7876 D BluetoothRemoteDevices: Update property, device=XX:XX:XX:XX:04:66, type: 4
09-25 12:36:56.506  7761  7876 D BluetoothRemoteDevices: Skip class update, device=XX:XX:XX:XX:04:66, cod=0x1f00
09-25 12:36:56.506  7761  7876 D BluetoothRemoteDevices: Update property, device=XX:XX:XX:XX:04:66, type: 5
09-25 12:36:56.506  7761  7876 D BluetoothRemoteDevices: Update property, device=XX:XX:XX:XX:04:66, type: 24
09-25 12:36:56.506  7761  7876 V bt_btif : system/btif/src/bluetooth.cc:1337 operator(): HAL bt_hal_cbacks->remote_device_properties_cb
09-25 12:36:56.506  7761  7876 V BluetoothServiceJni: android/app/jni/com_android_bluetooth_btservice_AdapterService.cpp:245 remote_device_properties_callback: Device: xx:xx:xx:xx:04:66, Status: success, Properties: 4
09-25 12:36:56.506  7761  7876 W BluetoothRemoteDevices: Address type mismatch for XX:XX:XX:XX:04:66, new type: 1
09-25 12:36:56.506  7761  7876 D BluetoothRemoteDevices: Update property, device=XX:XX:XX:XX:04:66, type: 1
09-25 12:36:56.506  7761  7876 D BluetoothRemoteDevices: Skip name update for XX:XX:XX:XX:04:66
09-25 12:36:56.506  7761  7876 D BluetoothRemoteDevices: Update property, device=XX:XX:XX:XX:04:66, type: 4
09-25 12:36:56.506  7761  7876 D BluetoothRemoteDevices: Skip class update, device=XX:XX:XX:XX:04:66, cod=0x1f00
09-25 12:36:56.506  7761  7876 D BluetoothRemoteDevices: Update property, device=XX:XX:XX:XX:04:66, type: 5
09-25 12:36:56.506  7761  7876 D BluetoothRemoteDevices: Update property, device=XX:XX:XX:XX:04:66, type: 24
09-25 12:36:56.544  1550  7858 I vendor.qti.bluetooth@1.1-ibs_handler: ProcessIbsCmd: Received IBS_SLEEP_IND: 0xFE
09-25 12:36:56.544  1550  7858 D vendor.qti.bluetooth@1.1-ibs_handler: SerialClockVote: vote for UART CLK OFF
09-25 12:36:56.560 32732 32732 E OplusTouchDaemon: [prevent][corner_exit_matched][1534]: corner_exit_matched: exit matched_1(0) (18368 39834 0 2 0 1)
09-25 12:36:56.560 32732 32732 E OplusTouchDaemon: [prevent][corner_exit_matched][1534]: corner_exit_matched: exit matched_1(0) (18368 39834 0 2 0 1)
09-25 12:36:56.568 32732 32732 E OplusTouchDaemon: [prevent][curved_large_handle_V2][3082]: up id(0) status: 7, 1, 0, 1.
09-25 12:36:56.568 32732 32732 E OplusTouchDaemon: [prevent][curved_large_handle_V2][3147]: id:0 uniform_point_num:2 shift_leftover:0,0 move_speed:0,0. 
09-25 12:36:56.569 28772 28772 I S3TOUCH : root action=down x=2489 y=115
09-25 12:36:56.569 28772 28772 I S3TOUCH : monitor action=down consumed=false
09-25 12:36:56.569 10806 10806 D TaskbarManager: dispatchTouchEvent:  displayId=0 isDefaultDisplay=true
09-25 12:36:56.569 28772 28772 I S3TOUCH : pad action=down menu=false
09-25 12:36:56.570  1633  1633 D vendor.qti.vibratorOL: Vibrator perform effect 2
09-25 12:36:56.571  1633 30275 D vendor.qti.vibratorOL: Starting perform on another thread
09-25 12:36:56.576  1561  1561 I android.hardware.power-service-qti: Power setBoost: 0, duration: 0
09-25 12:36:56.576 32732 30274 E OplusTouchDaemon: [prevent][touch_up_timer_func][538]: time called once.
09-25 12:36:56.576 32732 30274 E OplusTouchDaemon: [touchEvent][ts_send_input_extra_point][336]: ts_send_input_extra_point fd (10) report id(0) point(18368 39834).
09-25 12:36:56.577  1561  1561 E QTI PowerHAL: Failed to acquire lock.
09-25 12:36:56.577  1621  1722 E ANDR-PERF-RESOURCEQS: ANDR-PERF-RESOURCEQS: AddAndApply() 125: Resource with major=16, minor=30 not supported
09-25 12:36:56.577  1621  1722 E ANDR-PERF-RESOURCEQS: ANDR-PERF-RESOURCEQS: AddAndApply() 125: Resource with major=16, minor=31 not supported
09-25 12:36:56.580  1633 30275 D vendor.qti.vibratorOL: Notifying perform complete
09-25 12:36:56.580  1633  1633 D vendor.qti.vibratorOL: QTI Vibrator off
09-25 12:36:56.581  1561  1561 E QTI PowerHAL: Failed process_boost for boost_handle
09-25 12:36:56.583  1570  1606 I android.hardware.thermal-service.qti: sensor: cpu-1-0-0 temperature: 95.4 old: 0 new: 3
09-25 12:36:56.584 32732 30274 E OplusTouchDaemon: [prevent][touch_report_work][468]: report id(0) up, left total:0.
09-25 12:36:56.584 32732 30274 E OplusTouchDaemon: [prevent][touch_report_work][478]: up id 0  ,makeup the real point end report up.
09-25 12:36:56.617 28772 29822 D RPCS3   : sys_tty_write(ch=0, buf=*0x58bf20, len=63, pwritelen=*0xd000fde0)
09-25 12:36:56.618 28772 29822 D RPCS3   : sys_tty_write(): “BATCHJOB: AddJob: waiting for room in job list 3 for job 56...“ << endl
09-25 12:36:56.695  1550  7849 E vendor.qti.bluetooth@1.1-wake_lock: Release wake lock not initialized/acquired
09-25 12:36:56.775 28772 29822 W RPCS3   : _sys_ppu_thread_create(thread_id=*0x52bdd8, param=*0xd0010730, arg=0x0, unk=0x0, prio=1001, stacksize=0x4000, flags=0x0, threadname=*0x3dcc00)
09-25 12:36:56.775 28772 29822 W RPCS3   : _sys_ppu_thread_create(): Thread "SaveDataUtil::SaveUnlocksPrefs" created (id=0x100002c, func=*0x23ecf8, rtoc=0x52d6c8, user-tls=0x1000ad50)
09-25 12:36:56.776 28772 30289 W RPCS3   : cellSaveDataAutoSave2(version=0, dirName=“BCUS98111-AUTOSAVE”, errDialog=2, setBuf=*0xd010d8f0, funcStat=*0x51c5f0, funcFile=*0x51c5b0, container=0xffffffff, userdata=*0x51c600)
09-25 12:36:56.776 28772 30289 D RPCS3   : savedata_op(): setBuf  = { .dirListMax=1, .fileListMax=2, .bufSize=1632 }
09-25 12:36:56.781 28772 30289 W RPCS3   : savedata_op(): Recreating savedata. (mode=3)
09-25 12:36:56.792 28772 30289 W RPCS3   : savedata_op(): Fileop: file='ICON0.PNG', type=2, op=1, bufSize=38000, fileSize=38000, offset=0
09-25 12:36:56.798 28772 30289 D RPCS3   : SECUREFILE: SAVEDATA -> 0xd6485e21cfb9078544fb0183e823923e
09-25 12:36:56.798 28772 30289 W RPCS3   : savedata_op(): Fileop: file='SAVEDATA', type=0, op=1, bufSize=147456, fileSize=147456, offset=0
09-25 12:36:56.862 28772 29822 D RPCS3   : sys_tty_write(ch=0, buf=*0x58bf20, len=63, pwritelen=*0xd000fde0)
09-25 12:36:56.862 28772 29822 D RPCS3   : sys_tty_write(): “BATCHJOB: AddJob: waiting for room in job list 3 for job 56...“ << endl
09-25 12:36:56.873 32732 32732 I synaLib : tcm: STATUS: Enter DOZE mode
09-25 12:36:56.885  1570  1606 I android.hardware.thermal-service.qti: sensor: cpu-2-1-0 temperature: 95 old: 0 new: 3
09-25 12:36:56.891  1570  1606 I android.hardware.thermal-service.qti: sensor: cpu-1-2-0 temperature: 89.9 old: 3 new: 0
09-25 12:36:56.895  1616  1871 I SDM     : DisplayBase::CommitThread: Received idle timeout, panel: cmd, timeout: 70000 us
09-25 12:36:56.898 32732 32732 I synaLib : tcm: STATUS: Exit DOZE mode
09-25 12:36:56.906 32732 32732 E OplusTouchDaemon: [prevent][curved_large_handle_V2][3008]: id:0 pos:7 center_down:1 (18592 40274)(0 4 0 2) 
09-25 12:36:56.968 28772 29822 D RPCS3   : sys_tty_write(ch=0, buf=*0x58bf20, len=63, pwritelen=*0xd000fde0)
09-25 12:36:56.968 28772 29822 D RPCS3   : sys_tty_write(): “BATCHJOB: AddJob: waiting for room in job list 3 for job 56...“ << endl
09-25 12:36:56.976  1616  1871 I SDM     : DisplayBase::CommitThread: Received idle timeout, panel: cmd, timeout: 70000 us
09-25 12:36:57.035  1695  1792 D BatteryChargeControl: bcc get no support from charging protocol
09-25 12:36:57.102 28772 29822 D RPCS3   : sys_tty_write(ch=0, buf=*0x58bf20, len=63, pwritelen=*0xd000fde0)
09-25 12:36:57.102 28772 29822 D RPCS3   : sys_tty_write(): “BATCHJOB: AddJob: waiting for room in job list 3 for job 56...“ << endl
09-25 12:36:57.147 32732 32732 E OplusTouchDaemon: [prevent][corner_exit_matched][1534]: corner_exit_matched: exit matched_1(0) (18592 40274 0 3 0 2)
09-25 12:36:57.147 32732 32732 E OplusTouchDaemon: [prevent][corner_exit_matched][1534]: corner_exit_matched: exit matched_1(0) (18592 40274 0 3 0 2)
09-25 12:36:57.155 32732 32732 E OplusTouchDaemon: [prevent][corner_exit_matched][1534]: corner_exit_matched: exit matched_1(0) (18592 40274 0 3 0 2)
09-25 12:36:57.155 32732 32732 E OplusTouchDaemon: [prevent][large_area_judged_V2][2744]: large_area_judged_V2: id(0) judge corner long move.
09-25 12:36:57.156 28772 28772 I S3TOUCH : root action=down x=2517 y=101
09-25 12:36:57.156  1561  1561 I android.hardware.power-service-qti: Power setBoost: 0, duration: 0
09-25 12:36:57.156  1561  1561 E QTI PowerHAL: Failed to acquire lock.
09-25 12:36:57.156  1561  1561 E QTI PowerHAL: Failed process_boost for boost_handle
09-25 12:36:57.157 10806 10806 D TaskbarManager: dispatchTouchEvent:  displayId=0 isDefaultDisplay=true
09-25 12:36:57.157 28772 28772 I S3TOUCH : monitor action=down consumed=false
09-25 12:36:57.157  1621  1722 E ANDR-PERF-RESOURCEQS: ANDR-PERF-RESOURCEQS: AddAndApply() 125: Resource with major=16, minor=30 not supported
09-25 12:36:57.157  1621  1722 E ANDR-PERF-RESOURCEQS: ANDR-PERF-RESOURCEQS: AddAndApply() 125: Resource with major=16, minor=31 not supported
09-25 12:36:57.157 28772 28772 I S3TOUCH : pad action=down menu=false
09-25 12:36:57.158  1633  1633 D vendor.qti.vibratorOL: Vibrator perform effect 2
09-25 12:36:57.163 32732 32732 E OplusTouchDaemon: [prevent][curved_large_handle_V2][3082]: up id(0) status: 7, 1, 1, 1.
09-25 12:36:57.167  1633 30324 D vendor.qti.vibratorOL: Starting perform on another thread
09-25 12:36:57.176  1633 30324 D vendor.qti.vibratorOL: Notifying perform complete
09-25 12:36:57.176  1633  1633 D vendor.qti.vibratorOL: QTI Vibrator off
09-25 12:36:57.218  1570  1606 I android.hardware.thermal-service.qti: sensor: cpu-1-0-0 temperature: 89.6 old: 3 new: 0
09-25 12:36:57.267  1570  1606 I android.hardware.thermal-service.qti: sensor: cpu-1-0-0 temperature: 95 old: 0 new: 3
09-25 12:36:57.333 28772 30289 D RPCS3   : HLE/LV2 history: 
09-25 12:36:57.333 28772 30289 D RPCS3   : (0) 0x008b21fc: sys_mutex_unlock, 0x0, r3=0x0, r4=0x0, r5=0x0, r6=0x0
09-25 12:36:57.333 28772 30289 W RPCS3   : '_sys_ppu_thread_exit' aborted (0.000282s)
09-25 12:36:57.333 28772 30289 D RPCS3   : PPU thread perf stats are not available.
09-25 12:36:57.333 28772 30289 D RPCS3   : PPU thread perf stats are not available.
09-25 12:36:57.340 32732 32732 I OplusTouchDaemon: ts_run_service: shellback temperature updated 35 (35700)
09-25 12:36:57.340 32732 32732 E OplusTouchDaemon: [prevent][curved_large_handle_V2][3008]: id:0 pos:7 center_down:1 (18605 40212)(0 4 0 3) 
09-25 12:36:57.340 32732 32732 E OplusTouchDaemon: [touchEvent][ts_report_touch_data][659]: first touch point id 0 [18605 40212   13    4    0    3    0](ignore)
09-25 12:36:57.366 28772 29822 D RPCS3   : sys_tty_write(ch=0, buf=*0x58bf20, len=63, pwritelen=*0xd000fde0)
09-25 12:36:57.366 28772 29822 D RPCS3   : sys_tty_write(): “BATCHJOB: AddJob: waiting for room in job list 3 for job 56...“ << endl
09-25 12:36:57.374 28772 29102 D S3PERF  : crosscheck ui_snapshot_fps=8.46456 ui_snapshot_frametime_ms=127.195
09-25 12:36:57.457  1570  1606 I android.hardware.thermal-service.qti: sensor: cpu-1-0-0 temperature: 89.9 old: 3 new: 0
09-25 12:36:57.461 32732 32732 E OplusTouchDaemon: [prevent][corner_exit_matched][1534]: corner_exit_matched: exit matched_1(0) (18605 40212 0 3 0 2)
09-25 12:36:57.461 32732 32732 E OplusTouchDaemon: [prevent][corner_exit_matched][1534]: corner_exit_matched: exit matched_1(0) (18605 40212 0 3 0 2)
09-25 12:36:57.469 32732 32732 E OplusTouchDaemon: [prevent][corner_exit_matched][1534]: corner_exit_matched: exit matched_1(0) (18605 40212 0 3 0 2)
09-25 12:36:57.469 32732 32732 E OplusTouchDaemon: [prevent][large_area_judged_V2][2744]: large_area_judged_V2: id(0) judge corner long move.
09-25 12:36:57.470 28772 28772 I S3TOUCH : root action=down x=2513 y=101
09-25 12:36:57.470 28772 28772 I S3TOUCH : monitor action=down consumed=false
09-25 12:36:57.470 28772 28772 I S3TOUCH : pad action=down menu=false
09-25 12:36:57.470 10806 10806 D TaskbarManager: dispatchTouchEvent:  displayId=0 isDefaultDisplay=true
09-25 12:36:57.474  1561  1561 I android.hardware.power-service-qti: Power setBoost: 0, duration: 0
09-25 12:36:57.475  1633  1633 D vendor.qti.vibratorOL: Vibrator perform effect 2
09-25 12:36:57.477 32732 32732 E OplusTouchDaemon: [prevent][curved_large_handle_V2][3082]: up id(0) status: 7, 1, 1, 1.
09-25 12:36:57.480  1561  1561 E QTI PowerHAL: Failed to acquire lock.
09-25 12:36:57.480  1561  1561 E QTI PowerHAL: Failed process_boost for boost_handle
09-25 12:36:57.483  1621  1722 E ANDR-PERF-RESOURCEQS: ANDR-PERF-RESOURCEQS: AddAndApply() 125: Resource with major=16, minor=30 not supported
09-25 12:36:57.483  1621  1722 E ANDR-PERF-RESOURCEQS: ANDR-PERF-RESOURCEQS: AddAndApply() 125: Resource with major=16, minor=31 not supported
09-25 12:36:57.486  1633 30346 D vendor.qti.vibratorOL: Starting perform on another thread
09-25 12:36:57.487  1570  1606 I android.hardware.thermal-service.qti: sensor: cpu-1-0-0 temperature: 95 old: 0 new: 3
09-25 12:36:57.496  1633 30346 D vendor.qti.vibratorOL: Notifying perform complete
09-25 12:36:57.497  1633  1633 D vendor.qti.vibratorOL: QTI Vibrator off
09-25 12:36:57.532 28772 29822 D RPCS3   : sys_tty_write(ch=0, buf=*0x58bf20, len=63, pwritelen=*0xd000fde0)
09-25 12:36:57.532 28772 29822 D RPCS3   : sys_tty_write(): “BATCHJOB: AddJob: waiting for room in job list 3 for job 56...“ << endl
09-25 12:36:57.548  1570  1606 I android.hardware.thermal-service.qti: sensor: cpu-1-0-0 temperature: 89.9 old: 3 new: 0
09-25 12:36:57.626  1570  1606 I android.hardware.thermal-service.qti: sensor: cpu-2-1-0 temperature: 89.6 old: 3 new: 0
09-25 12:36:57.662 28772 29822 D RPCS3   : sys_tty_write(ch=0, buf=*0x58bf20, len=63, pwritelen=*0xd000fde0)
09-25 12:36:57.662 28772 29822 D RPCS3   : sys_tty_write(): “BATCHJOB: AddJob: waiting for room in job list 3 for job 56...“ << endl
09-25 12:36:57.675  1570  1606 I android.hardware.thermal-service.qti: sensor: cpu-1-0-0 temperature: 95 old: 0 new: 3
09-25 12:36:57.686 28772 29102 D S3PERF  : crosscheck source=surface presented=2500 json_fps=9.23966 json_frametime_ms=98.568
09-25 12:36:57.687 32732 32732 E OplusTouchDaemon: [prevent][curved_large_handle_V2][3008]: id:0 pos:7 center_down:1 (18826 39988)(0 4 0 3) 
09-25 12:36:57.687 32732 32732 E OplusTouchDaemon: [touchEvent][ts_report_touch_data][659]: first touch point id 0 [18826 39988   11    4    0    3    0](ignore)
09-25 12:36:57.688 28772 30114 E RPCS3   : Video au decode has been waiting for a consumer for 5 seconds. (handle=0xf0000300, seq_id=1, cmd_id=63, queue_size=61)
09-25 12:36:57.778 28772 29822 D RPCS3   : sys_tty_write(ch=0, buf=*0x58bf20, len=63, pwritelen=*0xd000fde0)
09-25 12:36:57.778 28772 29822 D RPCS3   : sys_tty_write(): “BATCHJOB: AddJob: waiting for room in job list 3 for job 56...“ << endl
09-25 12:36:57.808  1616  1871 I SDM     : DisplayBase::CommitThread: Received idle timeout, panel: cmd, timeout: 70000 us
09-25 12:36:57.837  1550  7858 I vendor.qti.bluetooth@1.1-ibs_handler: ProcessIbsCmd: Received IBS_WAKE_IND: 0xFD
09-25 12:36:57.837  1550  7858 D vendor.qti.bluetooth@1.1-ibs_handler: SerialClockVote: vote for UART CLK ON
09-25 12:36:57.837  1550  7858 E vendor.qti.bluetooth@1.1-wake_lock: Acquire write to wakelock file failed -1 - Operation not permitted
09-25 12:36:57.837  1550  7858 I vendor.qti.bluetooth@1.1-ibs_handler: ProcessIbsCmd: Writing IBS_WAKE_ACK
09-25 12:36:57.838  7761  7842 V bt_btm_ble: system/stack/btm/btm_ble_gap.cc:1438 btm_ble_process_adv_addr: bda=xx:xx:xx:xx:04:66
09-25 12:36:57.838  7761  7842 V bluetooth: system/gd/hci/le_scanning_reassembler.cc:54 ProcessAdvertisingReport: Dropping repeated legacy advertising data
09-25 12:36:57.839  7761  7835 V SEC_CB  : system/stack/btm/btm_sec_cb.cc:187 IsDeviceBonded: No record for xx:xx:xx:xx:04:66
09-25 12:36:57.839  7761  7842 V bt_btm_ble: system/stack/btm/btm_ble_gap.cc:1438 btm_ble_process_adv_addr: bda=xx:xx:xx:xx:04:66
09-25 12:36:57.839  7761  7842 V bluetooth: system/gd/hci/le_scanning_reassembler.cc:93 ProcessAdvertisingReport: Full advertising report has been reassembled
09-25 12:36:57.839  7761  7835 V SEC_CB  : system/stack/btm/btm_sec_cb.cc:187 IsDeviceBonded: No record for xx:xx:xx:xx:04:66
09-25 12:36:57.839  7761  7835 V bt_btm_ble: system/stack/btm/btm_ble_gap.cc:1426 btm_ble_update_inq_result: Random address, treat device as LE only
09-25 12:36:57.839  7761  7876 V ScanController: onScanResult() - eventType=0x13, addressType=1, address=XX:XX:XX:XX:04:66, primaryPhy=1, secondaryPhy=0, advertisingSid=0xff, txPower=127, rssi=-63, periodicAdvInt=0x0, originalAddress=00:00:00:00:00:00
09-25 12:36:57.839  7761  7876 V bt_btif : system/btif/src/bluetooth.cc:1337 operator(): HAL bt_hal_cbacks->remote_device_properties_cb
09-25 12:36:57.839  7761  7876 V BluetoothServiceJni: android/app/jni/com_android_bluetooth_btservice_AdapterService.cpp:245 remote_device_properties_callback: Device: xx:xx:xx:xx:04:66, Status: success, Properties: 4
09-25 12:36:57.839  7761  7876 W BluetoothRemoteDevices: Address type mismatch for XX:XX:XX:XX:04:66, new type: 1
09-25 12:36:57.839  7761  7876 D BluetoothRemoteDevices: Update property, device=XX:XX:XX:XX:04:66, type: 1
09-25 12:36:57.839  7761  7876 D BluetoothRemoteDevices: Skip name update for XX:XX:XX:XX:04:66
09-25 12:36:57.839  7761  7876 D BluetoothRemoteDevices: Update property, device=XX:XX:XX:XX:04:66, type: 4
09-25 12:36:57.839  7761  7876 D BluetoothRemoteDevices: Skip class update, device=XX:XX:XX:XX:04:66, cod=0x1f00
09-25 12:36:57.839  7761  7876 D BluetoothRemoteDevices: Update property, device=XX:XX:XX:XX:04:66, type: 5
09-25 12:36:57.839  7761  7876 D BluetoothRemoteDevices: Update property, device=XX:XX:XX:XX:04:66, type: 24
09-25 12:36:57.840  7761  7876 V ScanController: onScanResult() - eventType=0x1b, addressType=1, address=XX:XX:XX:XX:04:66, primaryPhy=1, secondaryPhy=0, advertisingSid=0xff, txPower=127, rssi=-62, periodicAdvInt=0x0, originalAddress=00:00:00:00:00:00
09-25 12:36:57.840  7761  7876 V ScanController: Skipping client: No filter match
09-25 12:36:57.840  7761  7876 V ScanController: Skipping client: No filter match
09-25 12:36:57.840  7761  7876 V bt_btif : system/btif/src/bluetooth.cc:1337 operator(): HAL bt_hal_cbacks->remote_device_properties_cb
09-25 12:36:57.840  7761  7876 V BluetoothServiceJni: android/app/jni/com_android_bluetooth_btservice_AdapterService.cpp:245 remote_device_properties_callback: Device: xx:xx:xx:xx:04:66, Status: success, Properties: 4
09-25 12:36:57.840  7761  7876 W BluetoothRemoteDevices: Address type mismatch for XX:XX:XX:XX:04:66, new type: 1
09-25 12:36:57.840  7761  7876 D BluetoothRemoteDevices: Update property, device=XX:XX:XX:XX:04:66, type: 1
09-25 12:36:57.840  7761  7876 D BluetoothRemoteDevices: Skip name update for XX:XX:XX:XX:04:66
09-25 12:36:57.840 10644 13075 D BluetoothLeScanner: onScanResult() - ScanResult{device=XX:XX:XX:XX:04:66, scanRecord=ScanRecord [mAdvertiseFlags=24, mServiceUuids=null, mServiceSolicitationUuids=[], mManufacturerSpecificData={}, mServiceData={0000fe2c-0000-1000-8000-00805f9b34fb=[0, 96, 104, 34, -38, 53, -28, 69, 17, -113, 52, -1, 90, -1]}, mTxPowerLevel=-12, mDeviceName=realme Buds Air7, mTransportDiscoveryData=null], rssi=-62, timestampNanos=931661564158959, eventType=27, primaryPhy=1, secondaryPhy=0, advertisingSid=255, txPower=127, periodicAdvertisingInterval=0}
09-25 12:36:57.840  7761  7876 D BluetoothRemoteDevices: Update property, device=XX:XX:XX:XX:04:66, type: 4
09-25 12:36:57.840  7761  7876 D BluetoothRemoteDevices: Skip class update, device=XX:XX:XX:XX:04:66, cod=0x1f00
09-25 12:36:57.840  7761  7876 D BluetoothRemoteDevices: Update property, device=XX:XX:XX:XX:04:66, type: 5
09-25 12:36:57.840  7761  7876 D BluetoothRemoteDevices: Update property, device=XX:XX:XX:XX:04:66, type: 24
09-25 12:36:57.848 32732 32732 E OplusTouchDaemon: [prevent][corner_exit_matched][1534]: corner_exit_matched: exit matched_1(0) (18826 39988 0 3 0 2)
09-25 12:36:57.848 32732 32732 E OplusTouchDaemon: [prevent][corner_exit_matched][1534]: corner_exit_matched: exit matched_1(0) (18826 39988 0 3 0 2)
09-25 12:36:57.856 32732 32732 E OplusTouchDaemon: [prevent][curved_large_handle_V2][3082]: up id(0) status: 7, 1, 0, 1.
09-25 12:36:57.856 32732 32732 E OplusTouchDaemon: [prevent][curved_large_handle_V2][3147]: id:0 uniform_point_num:2 shift_leftover:0,0 move_speed:0,0. 
09-25 12:36:57.857 10806 10806 D TaskbarManager: dispatchTouchEvent:  displayId=0 isDefaultDisplay=true
09-25 12:36:57.859  1561  1561 I android.hardware.power-service-qti: Power setBoost: 0, duration: 0
09-25 12:36:57.859  1561  1561 E QTI PowerHAL: Failed to acquire lock.
09-25 12:36:57.859  1561  1561 E QTI PowerHAL: Failed process_boost for boost_handle
09-25 12:36:57.860  1621  1722 E ANDR-PERF-RESOURCEQS: ANDR-PERF-RESOURCEQS: AddAndApply() 125: Resource with major=16, minor=30 not supported
09-25 12:36:57.860  1621  1722 E ANDR-PERF-RESOURCEQS: ANDR-PERF-RESOURCEQS: AddAndApply() 125: Resource with major=16, minor=31 not supported
09-25 12:36:57.860 28772 28772 I S3TOUCH : root action=down x=2499 y=87
09-25 12:36:57.861 28772 28772 I S3TOUCH : monitor action=down consumed=false
09-25 12:36:57.861 28772 28772 I S3TOUCH : pad action=down menu=false
09-25 12:36:57.863  1633  1633 D vendor.qti.vibratorOL: Vibrator perform effect 2
09-25 12:36:57.864 32732 30379 E OplusTouchDaemon: [prevent][touch_up_timer_func][538]: time called once.
09-25 12:36:57.864 32732 30379 E OplusTouchDaemon: [touchEvent][ts_send_input_extra_point][336]: ts_send_input_extra_point fd (10) report id(0) point(18826 39988).
09-25 12:36:57.865  1633 30381 D vendor.qti.vibratorOL: Starting perform on another thread
09-25 12:36:57.872 32732 30379 E OplusTouchDaemon: [prevent][touch_report_work][468]: report id(0) up, left total:0.
09-25 12:36:57.872 32732 30379 E OplusTouchDaemon: [prevent][touch_report_work][478]: up id 0  ,makeup the real point end report up.
09-25 12:36:57.874  1633 30381 D vendor.qti.vibratorOL: Notifying perform complete
09-25 12:36:57.875  1633  1633 D vendor.qti.vibratorOL: QTI Vibrator off
09-25 12:36:57.878  1550  7858 I vendor.qti.bluetooth@1.1-ibs_handler: ProcessIbsCmd: Received IBS_SLEEP_IND: 0xFE
09-25 12:36:57.878  1550  7858 D vendor.qti.bluetooth@1.1-ibs_handler: SerialClockVote: vote for UART CLK OFF
09-25 12:36:57.893  1570  1606 I android.hardware.thermal-service.qti: sensor: cpu-2-1-0 temperature: 95 old: 0 new: 3
09-25 12:36:57.898  1570  1606 I android.hardware.thermal-service.qti: sensor: cpu-1-0-0 temperature: 89.9 old: 3 new: 0
09-25 12:36:57.995  1570  1606 I android.hardware.thermal-service.qti: sensor: cpu-1-0-0 temperature: 95 old: 0 new: 3
09-25 12:36:58.033  1550  7849 E vendor.qti.bluetooth@1.1-wake_lock: Release wake lock not initialized/acquired
09-25 12:36:58.036  1695  1792 D BatteryChargeControl: bcc get no support from charging protocol
09-25 12:36:58.061 28772 29876 D RPCS3   : Building function 0x7004... (size 2, __spu-0x07004-oN8Cb87oUxWZCVZrJorJC8Krz1Ko-s3cg1-cortex-a34-neon)
09-25 12:36:58.069 28772 29876 I RPCS3   : New SPU block compiled successfully (size=2)
09-25 12:36:58.090 28772 29876 D RPCS3   : SPU block is a loop at [0x05de0 -> 0x05de0]
09-25 12:36:58.090 28772 29876 D RPCS3   : SPU block is a loop at [0x05cd4 -> 0x05c44]
09-25 12:36:58.090 28772 29876 D RPCS3   : SPU block is a loop at [0x05b5c -> 0x05ac8]
09-25 12:36:58.090 28772 29876 D RPCS3   : Building function 0x5980... (size 327, __spu-0x05980-hV2fbJCb0U1MV81um4z62TXmvwws-s3cg1-cortex-a34-neon)
09-25 12:36:58.091 28772 29876 D RPCS3   : mpy32 in __spu-0x05980-hV2fbJCb0U1MV81um4z62TXmvwws-s3cg1-cortex-a34-neon at 0x05aac
09-25 12:36:58.092 28772 29876 D RPCS3   : mpy32 in __spu-0x05980-hV2fbJCb0U1MV81um4z62TXmvwws-s3cg1-cortex-a34-neon at 0x05b6c
09-25 12:36:58.093 28772 29876 D RPCS3   : mpy32 in __spu-0x05980-hV2fbJCb0U1MV81um4z62TXmvwws-s3cg1-cortex-a34-neon at 0x05c28
09-25 12:36:58.094 28772 29876 D RPCS3   : mpy32 in __spu-0x05980-hV2fbJCb0U1MV81um4z62TXmvwws-s3cg1-cortex-a34-neon at 0x05ce4
09-25 12:36:58.105 32732 32732 E OplusTouchDaemon: [prevent][curved_large_handle_V2][3008]: id:0 pos:7 center_down:1 (18526 41184)(0 4 0 2) 
09-25 12:36:58.167  1616  1871 I SDM     : DisplayBase::CommitThread: Received idle timeout, panel: cmd, timeout: 70000 us
09-25 12:36:58.176  1768  1768 D SurfaceFlinger: initiateModeChange 4630946652107814787 {mode={fps=60.00 Hz, modePtr={id=1, vsyncRate=60.00 Hz, peakRefreshRate=60.00 Hz}}, emitEvent=false, force=false}
09-25 12:36:58.177  1616  2136 I SDM     : HWCDisplay::SetActiveConfigToIrisWrapper: SetActiveConfigToIrisWrapper on id_: 0
09-25 12:36:58.177  1616  2136 W SDM     : HWCDisplay::SetActiveConfigToIrisWrapper: HWC SetActiveConfig [0, 1], switch to [1264x2780@60]
09-25 12:36:58.177  1616  2136 W SDM     : HWDeviceDRM::GetSupportedBitClkRate: Requested rate not supported: 1012000000
09-25 12:36:58.178  1616  2136 I SDM     : HWDeviceDRM::UpdateMixerAttributes: Mixer WxH 1264x2780-1 for Peripheral
09-25 12:36:58.178  1616  2136 I CwbService: CwbService::notifyConfigChange: display:0, config:1 size:4, sec.size():0
09-25 12:36:58.178  1616  2136 I SDM     : HWCDisplay::SubmitDisplayConfig: Active configuration changed from config 0 to 1
09-25 12:36:58.191 28772 29876 I RPCS3   : New SPU block compiled successfully (size=327)
09-25 12:36:58.206  1621  5332 E ANDR-PERF-LM: SilkyScrolls: emptyContentDetection() 762: empty Content found
09-25 12:36:58.212  1570  1606 I android.hardware.thermal-service.qti: sensor: cpu-2-1-0 temperature: 89.9 old: 3 new: 0
09-25 12:36:58.217 28772 29876 D RPCS3   : SPU block is a loop at [0x05964 -> 0x058d8]
09-25 12:36:58.217 28772 29876 D RPCS3   : Building function 0x58d8... (size 369, __spu-0x058d8-cP0vJnfAtZ1Lwh1F9oLh7jAoMMk3-s3cg1-cortex-a34-neon)
09-25 12:36:58.218 28772 29876 D RPCS3   : mpy32 in __spu-0x058d8-cP0vJnfAtZ1Lwh1F9oLh7jAoMMk3-s3cg1-cortex-a34-neon at 0x05974
09-25 12:36:58.219 28772 29876 D RPCS3   : mpy32 in __spu-0x058d8-cP0vJnfAtZ1Lwh1F9oLh7jAoMMk3-s3cg1-cortex-a34-neon at 0x05aac
09-25 12:36:58.220 28772 29876 D RPCS3   : mpy32 in __spu-0x058d8-cP0vJnfAtZ1Lwh1F9oLh7jAoMMk3-s3cg1-cortex-a34-neon at 0x05b6c
09-25 12:36:58.220 28772 29876 D RPCS3   : mpy32 in __spu-0x058d8-cP0vJnfAtZ1Lwh1F9oLh7jAoMMk3-s3cg1-cortex-a34-neon at 0x05c28
09-25 12:36:58.221 28772 29876 D RPCS3   : mpy32 in __spu-0x058d8-cP0vJnfAtZ1Lwh1F9oLh7jAoMMk3-s3cg1-cortex-a34-neon at 0x05ce4
09-25 12:36:58.229  1570  1606 I android.hardware.thermal-service.qti: sensor: cpu-2-1-0 temperature: 95 old: 0 new: 3
09-25 12:36:58.237  1570  1606 I android.hardware.thermal-service.qti: sensor: cpu-2-1-0 temperature: 89.9 old: 3 new: 0
09-25 12:36:58.243  1570  1606 I android.hardware.thermal-service.qti: sensor: cpu-1-0-0 temperature: 89.9 old: 3 new: 0
09-25 12:36:58.290  1616  1871 I SDM     : DisplayBase::CommitThread: Received idle timeout, panel: cmd, timeout: 70000 us
09-25 12:36:58.315 32732 32732 E OplusTouchDaemon: [touchEvent][ts_report_touch_data][669]:Touchpanel id 0 :Down[18526 41184   16    4    0    2    0](ignore)
09-25 12:36:58.337 28772 29876 I RPCS3   : New SPU block compiled successfully (size=369)
09-25 12:36:58.339 28772 29822 D RPCS3   : sys_tty_write(ch=0, buf=*0x58bf20, len=63, pwritelen=*0xd000fde0)
09-25 12:36:58.339 28772 29822 D RPCS3   : sys_tty_write(): “BATCHJOB: AddJob: waiting for room in job list 3 for job 56...“ << endl
09-25 12:36:58.345  1570  1606 I android.hardware.thermal-service.qti: sensor: cpu-2-1-0 temperature: 95 old: 0 new: 3
09-25 12:36:58.368  1768  1768 D SurfaceFlinger: initiateModeChange 4630946652107814787 {mode={fps=120.00 Hz, modePtr={id=0, vsyncRate=120.00 Hz, peakRefreshRate=120.00 Hz}}, emitEvent=false, force=false}
09-25 12:36:58.368  1616  2136 I SDM     : HWCDisplay::SetActiveConfigToIrisWrapper: SetActiveConfigToIrisWrapper on id_: 0
09-25 12:36:58.368  1616  2136 W SDM     : HWCDisplay::SetActiveConfigToIrisWrapper: HWC SetActiveConfig [1, 0], switch to [1264x2780@120]
09-25 12:36:58.368  1616  2136 W SDM     : HWDeviceDRM::GetSupportedBitClkRate: Requested rate not supported: 1012000000
09-25 12:36:58.368  1616  2136 I SDM     : HWDeviceDRM::UpdateMixerAttributes: Mixer WxH 1264x2780-1 for Peripheral
09-25 12:36:58.369  1616  2136 I CwbService: CwbService::notifyConfigChange: display:0, config:0 size:4, sec.size():0
09-25 12:36:58.369  1616  2136 I SDM     : HWCDisplay::SubmitDisplayConfig: Active configuration changed from config 1 to 0
09-25 12:36:58.404  1570  1606 I android.hardware.thermal-service.qti: sensor: cpu-1-0-0 temperature: 95 old: 0 new: 3
09-25 12:36:58.516 32732 32732 I OplusTouchDaemon: ts_run_service: shellback temperature updated 35 (35700)
09-25 12:36:58.524 32732 32732 E OplusTouchDaemon: [prevent][corner_exit_matched][1534]: corner_exit_matched: exit matched_1(0) (18526 41184 0 3 0 1)
09-25 12:36:58.525 32732 32732 E OplusTouchDaemon: [prevent][corner_exit_matched][1534]: corner_exit_matched: exit matched_1(0) (18526 41184 0 3 0 1)
09-25 12:36:58.525 28772 29822 D RPCS3   : sys_tty_write(ch=0, buf=*0x58bf20, len=63, pwritelen=*0xd000fde0)
09-25 12:36:58.525 28772 29822 D RPCS3   : sys_tty_write(): “BATCHJOB: AddJob: waiting for room in job list 3 for job 56...“ << endl
09-25 12:36:58.533 32732 32732 E OplusTouchDaemon: [prevent][curved_large_handle_V2][3082]: up id(0) status: 7, 1, 0, 1.
09-25 12:36:58.533 32732 32732 E OplusTouchDaemon: [prevent][curved_large_handle_V2][3147]: id:0 uniform_point_num:2 shift_leftover:0,0 move_speed:0,0. 
09-25 12:36:58.534 28772 28772 I S3TOUCH : root action=down x=2573 y=106
09-25 12:36:58.534 28772 28772 I S3TOUCH : monitor action=down consumed=false
09-25 12:36:58.534  1561  1561 I android.hardware.power-service-qti: Power setBoost: 0, duration: 0
09-25 12:36:58.534 28772 28772 I S3TOUCH : pad action=down menu=false
09-25 12:36:58.535 10806 10806 D TaskbarManager: dispatchTouchEvent:  displayId=0 isDefaultDisplay=true
09-25 12:36:58.536  1633  1633 D vendor.qti.vibratorOL: Vibrator perform effect 2
09-25 12:36:58.538  1621  1722 E ANDR-PERF-RESOURCEQS: ANDR-PERF-RESOURCEQS: AddAndApply() 125: Resource with major=16, minor=30 not supported
09-25 12:36:58.538  1621  1722 E ANDR-PERF-RESOURCEQS: ANDR-PERF-RESOURCEQS: AddAndApply() 125: Resource with major=16, minor=31 not supported
09-25 12:36:58.538  1633 30442 D vendor.qti.vibratorOL: Starting perform on another thread
09-25 12:36:58.538  1561  1561 E QTI PowerHAL: Failed to acquire lock.
09-25 12:36:58.538  1561  1561 E QTI PowerHAL: Failed process_boost for boost_handle
09-25 12:36:58.541 32732 30440 E OplusTouchDaemon: [prevent][touch_up_timer_func][538]: time called once.
09-25 12:36:58.541 32732 30440 E OplusTouchDaemon: [touchEvent][ts_send_input_extra_point][336]: ts_send_input_extra_point fd (10) report id(0) point(18526 41184).
09-25 12:36:58.542  1616  1871 I SDM     : DisplayBase::CommitThread: Received idle timeout, panel: cmd, timeout: 70000 us
09-25 12:36:58.549 32732 30440 E OplusTouchDaemon: [prevent][touch_report_work][468]: report id(0) up, left total:0.
09-25 12:36:58.549 32732 30440 E OplusTouchDaemon: [prevent][touch_report_work][478]: up id 0  ,makeup the real point end report up.
09-25 12:36:58.555  1633 30442 D vendor.qti.vibratorOL: Notifying perform complete
09-25 12:36:58.556  1633  1633 D vendor.qti.vibratorOL: QTI Vibrator off
09-25 12:36:58.641 28772 29874 D RPCS3   : Building function 0x4ed8... (size 44, __spu-0x04ed8-LV2vECT1qLvV4wjz9nm4fJb5m88f-s3cg1-cortex-a34-neon)
09-25 12:36:58.641 28772 29822 D RPCS3   : sys_tty_write(ch=0, buf=*0x58bf20, len=63, pwritelen=*0xd000fde0)
09-25 12:36:58.641 28772 29822 D RPCS3   : sys_tty_write(): “BATCHJOB: AddJob: waiting for room in job list 3 for job 56...“ << endl
09-25 12:36:58.657 28772 29102 D S3PERF  : crosscheck ui_snapshot_fps=7.02631 ui_snapshot_frametime_ms=108.063
09-25 12:36:58.667 28772 29874 I RPCS3   : New SPU block compiled successfully (size=44)
09-25 12:36:58.668 28772 29874 D RPCS3   : Building function 0x4f00... (size 34, __spu-0x04f00-SP7G0vwkrCuPdxGiU2LvHPpTg7b2-s3cg1-cortex-a34-neon)
09-25 12:36:58.691 28772 29874 I RPCS3   : New SPU block compiled successfully (size=34)
09-25 12:36:58.701 32732 32732 E OplusTouchDaemon: [prevent][curved_large_handle_V2][3008]: id:0 pos:7 center_down:1 (18586 40515)(0 3 0 2) 
09-25 12:36:58.701 32732 32732 E OplusTouchDaemon: [prevent][corner_exit_matched][1534]: corner_exit_matched: exit matched_1(0) (18586 40515 0 3 0 2)
09-25 12:36:58.701 32732 32732 E OplusTouchDaemon: [prevent][corner_exit_matched][1534]: corner_exit_matched: exit matched_1(0) (18586 40515 0 3 0 2)
09-25 12:36:58.709 32732 32732 E OplusTouchDaemon: [prevent][corner_exit_matched][1534]: corner_exit_matched: exit matched_1(0) (18586 40515 0 3 0 2)
09-25 12:36:58.709 32732 32732 E OplusTouchDaemon: [prevent][large_area_judged_V2][2744]: large_area_judged_V2: id(0) judge corner long move.
09-25 12:36:58.710 10806 10806 D TaskbarManager: dispatchTouchEvent:  displayId=0 isDefaultDisplay=true
09-25 12:36:58.711 28772 28772 I S3TOUCH : root action=down x=2532 y=102
09-25 12:36:58.711 28772 28772 I S3TOUCH : monitor action=down consumed=false
09-25 12:36:58.711 28772 28772 I S3TOUCH : pad action=down menu=false
09-25 12:36:58.714  1633  1633 D vendor.qti.vibratorOL: Vibrator perform effect 2
09-25 12:36:58.715  1561  1561 I android.hardware.power-service-qti: Power setBoost: 0, duration: 0
09-25 12:36:58.715  1633 30452 D vendor.qti.vibratorOL: Starting perform on another thread
09-25 12:36:58.725  1633 30452 D vendor.qti.vibratorOL: Notifying perform complete
09-25 12:36:58.727  1633  1633 D vendor.qti.vibratorOL: QTI Vibrator off
09-25 12:36:58.815  1561  1561 I android.hardware.power-service-qti: Power setBoost: 0, duration: 0
09-25 12:36:58.815  1561  1561 E QTI PowerHAL: Failed to acquire lock.
09-25 12:36:58.815  1561  1561 E QTI PowerHAL: Failed process_boost for boost_handle
09-25 12:36:58.816  1621  1722 E ANDR-PERF-RESOURCEQS: ANDR-PERF-RESOURCEQS: AddAndApply() 125: Resource with major=16, minor=30 not supported
09-25 12:36:58.817  1621  1722 E ANDR-PERF-RESOURCEQS: ANDR-PERF-RESOURCEQS: AddAndApply() 125: Resource with major=16, minor=31 not supported
09-25 12:36:58.822 32732 32732 E OplusTouchDaemon: [prevent][curved_large_handle_V2][3082]: up id(0) status: 7, 1, 1, 1.
09-25 12:36:58.927  1570  1606 I android.hardware.thermal-service.qti: sensor: cpu-1-2-0 temperature: 95 old: 0 new: 3
09-25 12:36:58.948  1570  1606 I android.hardware.thermal-service.qti: sensor: cpu-2-1-0 temperature: 89.9 old: 3 new: 0
09-25 12:36:58.967 32732 32732 E OplusTouchDaemon: [prevent][curved_large_handle_V2][3008]: id:0 pos:7 center_down:1 (18782 40375)(0 3 0 3) 
09-25 12:36:58.967 32732 32732 E OplusTouchDaemon: [touchEvent][ts_report_touch_data][659]: first touch point id 0 [18782 40375   12    3    0    3    0](ignore)
09-25 12:36:58.969 28772 29822 D RPCS3   : sys_tty_write(ch=0, buf=*0x58bf20, len=63, pwritelen=*0xd000fde0)
09-25 12:36:58.969 28772 29822 D RPCS3   : sys_tty_write(): “BATCHJOB: AddJob: waiting for room in job list 3 for job 56...“ << endl
09-25 12:36:58.976 28772 29102 D S3PERF  : crosscheck source=surface presented=2509 json_fps=6.08873 json_frametime_ms=151.169
09-25 12:36:58.984 28772 29102 D S3PERF  : GPU load [/sys/class/kgsl/kgsl-3d0/gpubusy]: raw='585007 1001917' -> load=58.388768730343934%
09-25 12:36:58.983 28772 28772 W DefaultDispatch: type=1400 audit(0.0:6991141): avc:  denied  { search } for  name="zram0" dev="sysfs" ino=107524 scontext=u:r:untrusted_app:s0:c207,c257,c512,c768 tcontext=u:object_r:sysfs_zram:s0 tclass=dir permissive=0 app=com.zenithblue.sambas3
09-25 12:36:58.983 28772 28772 W DefaultDispatch: type=1400 audit(0.0:6991142): avc:  denied  { search } for  name="zram0" dev="sysfs" ino=107524 scontext=u:r:untrusted_app:s0:c207,c257,c512,c768 tcontext=u:object_r:sysfs_zram:s0 tclass=dir permissive=0 app=com.zenithblue.sambas3
09-25 12:36:59.036  1695  1792 D BatteryChargeControl: bcc get no support from charging protocol
09-25 12:36:59.119  1616  1871 I SDM     : DisplayBase::CommitThread: Received idle timeout, panel: cmd, timeout: 70000 us
09-25 12:36:59.155  1570  1606 I android.hardware.thermal-service.qti: sensor: cpu-1-2-0 temperature: 89.9 old: 3 new: 0
09-25 12:36:59.177 32732 32732 E OplusTouchDaemon: [prevent][corner_exit_matched][1534]: corner_exit_matched: exit matched_1(0) (18782 40375 0 3 0 2)
09-25 12:36:59.177 32732 32732 E OplusTouchDaemon: [prevent][corner_exit_matched][1534]: corner_exit_matched: exit matched_1(0) (18782 40375 0 3 0 2)
09-25 12:36:59.185 32732 32732 E OplusTouchDaemon: [prevent][corner_exit_matched][1534]: corner_exit_matched: exit matched_1(0) (18782 40375 0 3 0 2)
09-25 12:36:59.185 32732 32732 E OplusTouchDaemon: [prevent][large_area_judged_V2][2744]: large_area_judged_V2: id(0) judge corner long move.
09-25 12:36:59.186 10806 10806 D TaskbarManager: dispatchTouchEvent:  displayId=0 isDefaultDisplay=true
09-25 12:36:59.187 28772 28772 I S3TOUCH : root action=down x=2523 y=90
09-25 12:36:59.187 28772 28772 I S3TOUCH : monitor action=down consumed=false
09-25 12:36:59.187 28772 28772 I S3TOUCH : pad action=down menu=false
09-25 12:36:59.189  1633  1633 D vendor.qti.vibratorOL: Vibrator perform effect 2
09-25 12:36:59.189  1561  1561 I android.hardware.power-service-qti: Power setBoost: 0, duration: 0
09-25 12:36:59.190  1561  1561 E QTI PowerHAL: Failed to acquire lock.
09-25 12:36:59.190  1561  1561 E QTI PowerHAL: Failed process_boost for boost_handle
09-25 12:36:59.193 32732 32732 E OplusTouchDaemon: [prevent][curved_large_handle_V2][3082]: up id(0) status: 7, 1, 1, 1.
09-25 12:36:59.194  1621  1722 E ANDR-PERF-RESOURCEQS: ANDR-PERF-RESOURCEQS: AddAndApply() 125: Resource with major=16, minor=30 not supported
09-25 12:36:59.194  1621  1722 E ANDR-PERF-RESOURCEQS: ANDR-PERF-RESOURCEQS: AddAndApply() 125: Resource with major=16, minor=31 not supported
09-25 12:36:59.194  1633 30489 D vendor.qti.vibratorOL: Starting perform on another thread
09-25 12:36:59.204  1633 30489 D vendor.qti.vibratorOL: Notifying perform complete
09-25 12:36:59.204  1633  1633 D vendor.qti.vibratorOL: QTI Vibrator off
09-25 12:36:59.226 28772 29877 D RPCS3   : SPU block is a loop at [0x09c68 -> 0x09c68]
09-25 12:36:59.226 28772 29877 D RPCS3   : Building function 0x9bf8... (size 97, __spu-0x09bf8-ctWsLqdLuJ3N1uupF4kpzTWkKVsd-s3cg1-cortex-a34-neon)
09-25 12:36:59.227 28772 29877 W RPCS3   : [__spu-0x09bf8-ctWsLqdLuJ3N1uupF4kpzTWkKVsd-s3cg1-cortex-a34-neon:0x09ce8] Unmatched spu_rsqrte(c) found in FMA
09-25 12:36:59.227 28772 29877 W RPCS3   : [__spu-0x09bf8-ctWsLqdLuJ3N1uupF4kpzTWkKVsd-s3cg1-cortex-a34-neon:0x09d40] Unmatched spu_rsqrte(c) found in FMA
09-25 12:36:59.273 28772 29877 I RPCS3   : New SPU block compiled successfully (size=97)
09-25 12:36:59.274 28772 29822 D RPCS3   : sys_tty_write(ch=0, buf=*0x58bf20, len=63, pwritelen=*0xd000fde0)
09-25 12:36:59.274 28772 29822 D RPCS3   : sys_tty_write(): “BATCHJOB: AddJob: waiting for room in job list 3 for job 56...“ << endl
09-25 12:36:59.278  1570  1606 I android.hardware.thermal-service.qti: sensor: cpu-2-1-0 temperature: 95 old: 0 new: 3
09-25 12:36:59.320  1570  1606 I android.hardware.thermal-service.qti: sensor: cpu-1-0-0 temperature: 89.9 old: 3 new: 0
09-25 12:36:59.346 32732 32732 E OplusTouchDaemon: [prevent][curved_large_handle_V2][3008]: id:0 pos:7 center_down:1 (18593 40447)(0 3 0 2) 
09-25 12:36:59.346 32732 32732 E OplusTouchDaemon: [prevent][corner_exit_matched][1534]: corner_exit_matched: exit matched_1(0) (18593 40447 0 3 0 2)
09-25 12:36:59.346 32732 32732 E OplusTouchDaemon: [prevent][corner_exit_matched][1534]: corner_exit_matched: exit matched_1(0) (18593 40447 0 3 0 2)
09-25 12:36:59.346 32732 32732 E OplusTouchDaemon: [touchEvent][ts_report_touch_data][659]: first touch point id 0 [18593 40447   13    3    0    2    0](ignore)
09-25 12:36:59.356  1570  1606 I android.hardware.thermal-service.qti: sensor: cpu-1-0-0 temperature: 95 old: 0 new: 3
09-25 12:36:59.448  1570  1606 I android.hardware.thermal-service.qti: sensor: cpu-1-0-0 temperature: 89.9 old: 3 new: 0
09-25 12:36:59.475 32732 32732 E OplusTouchDaemon: [prevent][corner_exit_matched][1534]: corner_exit_matched: exit matched_1(0) (18593 40447 0 3 0 2)
09-25 12:36:59.475 32732 32732 E OplusTouchDaemon: [prevent][large_area_judged_V2][2744]: large_area_judged_V2: id(0) judge corner long move.
09-25 12:36:59.476 28772 28772 I S3TOUCH : root action=down x=2527 y=101
09-25 12:36:59.477 28772 28772 I S3TOUCH : monitor action=down consumed=false
09-25 12:36:59.477 10806 10806 D TaskbarManager: dispatchTouchEvent:  displayId=0 isDefaultDisplay=true
09-25 12:36:59.477 28772 28772 I S3TOUCH : pad action=down menu=false
09-25 12:36:59.479  1633  1633 D vendor.qti.vibratorOL: Vibrator perform effect 2
09-25 12:36:59.480  1633 30510 D vendor.qti.vibratorOL: Starting perform on another thread
09-25 12:36:59.481  1561  1561 I android.hardware.power-service-qti: Power setBoost: 0, duration: 0
09-25 12:36:59.481  1561  1561 E QTI PowerHAL: Failed to acquire lock.
09-25 12:36:59.481  1561  1561 E QTI PowerHAL: Failed process_boost for boost_handle
09-25 12:36:59.491  1621  1722 E ANDR-PERF-RESOURCEQS: ANDR-PERF-RESOURCEQS: AddAndApply() 125: Resource with major=16, minor=30 not supported
09-25 12:36:59.491  1621  1722 E ANDR-PERF-RESOURCEQS: ANDR-PERF-RESOURCEQS: AddAndApply() 125: Resource with major=16, minor=31 not supported
09-25 12:36:59.491  1633 30510 D vendor.qti.vibratorOL: Notifying perform complete
09-25 12:36:59.492  1633  1633 D vendor.qti.vibratorOL: QTI Vibrator off
09-25 12:36:59.492 32732 32732 E OplusTouchDaemon: [prevent][curved_large_handle_V2][3082]: up id(0) status: 7, 1, 1, 1.
09-25 12:36:59.530  1570  1606 I android.hardware.thermal-service.qti: sensor: cpu-1-0-0 temperature: 95 old: 0 new: 3
09-25 12:36:59.536 28772 29822 D RPCS3   : sys_tty_write(ch=0, buf=*0x58bf20, len=63, pwritelen=*0xd000fde0)
09-25 12:36:59.536 28772 29822 D RPCS3   : sys_tty_write(): “BATCHJOB: AddJob: waiting for room in job list 3 for job 56...“ << endl
09-25 12:36:59.634 28772 29777 D RPCS3   : CPU Usage: Total: 67.9%, Cores: 0.0%, 0.0%, 0.0%, 0.0%, 0.0%, 0.0%, 0.0%, 0.0%
09-25 12:36:59.639 28772 29822 D RPCS3   : sys_tty_write(ch=0, buf=*0x58bf20, len=63, pwritelen=*0xd000fde0)
09-25 12:36:59.639 28772 29822 D RPCS3   : sys_tty_write(): “BATCHJOB: AddJob: waiting for room in job list 3 for job 56...“ << endl
09-25 12:36:59.660 32732 32732 E OplusTouchDaemon: [prevent][curved_large_handle_V2][3008]: id:0 pos:7 center_down:1 (18756 40456)(0 3 0 3) 
09-25 12:36:59.661 32732 32732 E OplusTouchDaemon: [touchEvent][ts_report_touch_data][659]: first touch point id 0 [18756 40456   10    3    0    3    0](ignore)
09-25 12:36:59.668 32732 32732 E OplusTouchDaemon: [prevent][corner_exit_matched][1534]: corner_exit_matched: exit matched_1(0) (18756 40456 0 3 0 2)
09-25 12:36:59.668 32732 32732 E OplusTouchDaemon: [prevent][corner_exit_matched][1534]: corner_exit_matched: exit matched_1(0) (18756 40456 0 3 0 2)
09-25 12:36:59.676 32732 32732 I OplusTouchDaemon: ts_run_service: shellback temperature updated 35 (35700)
09-25 12:36:59.738 28772 29822 D RPCS3   : sys_tty_write(ch=0, buf=*0x58bf20, len=63, pwritelen=*0xd000fde0)
09-25 12:36:59.738 28772 29822 D RPCS3   : sys_tty_write(): “BATCHJOB: AddJob: waiting for room in job list 3 for job 56...“ << endl
09-25 12:36:59.765 32732 32732 E OplusTouchDaemon: [prevent][corner_exit_matched][1534]: corner_exit_matched: exit matched_1(0) (18756 40456 0 3 0 2)
09-25 12:36:59.765 32732 32732 E OplusTouchDaemon: [prevent][large_area_judged_V2][2744]: large_area_judged_V2: id(0) judge corner long move.
09-25 12:36:59.766 28772 28772 I S3TOUCH : root action=down x=2528 y=91
09-25 12:36:59.766 28772 28772 I S3TOUCH : monitor action=down consumed=false
09-25 12:36:59.766  1561  1561 I android.hardware.power-service-qti: Power setBoost: 0, duration: 0
09-25 12:36:59.766 28772 28772 I S3TOUCH : pad action=down menu=false
09-25 12:36:59.766  1561  1561 E QTI PowerHAL: Failed to acquire lock.
09-25 12:36:59.766  1561  1561 E QTI PowerHAL: Failed process_boost for boost_handle
09-25 12:36:59.767 10806 10806 D TaskbarManager: dispatchTouchEvent:  displayId=0 isDefaultDisplay=true
09-25 12:36:59.767  1633  1633 D vendor.qti.vibratorOL: Vibrator perform effect 2
09-25 12:36:59.768  1621  1722 E ANDR-PERF-RESOURCEQS: ANDR-PERF-RESOURCEQS: AddAndApply() 125: Resource with major=16, minor=30 not supported
09-25 12:36:59.768  1621  1722 E ANDR-PERF-RESOURCEQS: ANDR-PERF-RESOURCEQS: AddAndApply() 125: Resource with major=16, minor=31 not supported
09-25 12:36:59.769  1633 30535 D vendor.qti.vibratorOL: Starting perform on another thread
09-25 12:36:59.770  1570  1606 I android.hardware.thermal-service.qti: sensor: cpu-2-0-0 temperature: 95 old: 0 new: 3
09-25 12:36:59.774  1570  1606 I android.hardware.thermal-service.qti: sensor: cpu-2-0-0 temperature: 89.9 old: 3 new: 0
09-25 12:36:59.776 28772 29801 D RPCS3   : PPU Syscall Usage Stats:
09-25 12:36:59.776 28772 29801 D RPCS3   : 	⁂ sys_timer_usleep [325442]
09-25 12:36:59.776 28772 29801 D RPCS3   : 	⁂ _sys_lwcond_queue_wait [143397]
09-25 12:36:59.776 28772 29801 D RPCS3   : 	⁂ _sys_lwmutex_lock [142066]
09-25 12:36:59.776 28772 29801 D RPCS3   : 	⁂ _sys_lwmutex_unlock [136273]
09-25 12:36:59.776 28772 29801 D RPCS3   : 	⁂ _sys_lwcond_signal [89166]
09-25 12:36:59.776 28772 29801 D RPCS3   : 	⁂ _sys_lwcond_signal_all [56532]
09-25 12:36:59.776 28772 29801 D RPCS3   : 	⁂ sys_time_get_current_time [47531]
09-25 12:36:59.776 28772 29801 D RPCS3   : 	⁂ sys_event_queue_receive [35464]
09-25 12:36:59.776 28772 29801 D RPCS3   : 	⁂ sys_fs_read [22840]
09-25 12:36:59.776 28772 29801 D RPCS3   : 	⁂ sys_fs_write [21364]
09-25 12:36:59.776 28772 29801 D RPCS3   : 	⁂ sys_event_port_send [12011]
09-25 12:36:59.776 28772 29801 D RPCS3   : 	⁂ sys_fs_fsync [3561]
09-25 12:36:59.776 28772 29801 D RPCS3   : 	⁂ sys_fs_lseek [2534]
09-25 12:36:59.776 28772 29801 D RPCS3   : 	⁂ sys_event_flag_wait [1736]
09-25 12:36:59.776 28772 29801 D RPCS3   : 	⁂ sys_event_flag_clear [1736]
09-25 12:36:59.776 28772 29801 D RPCS3   : 	⁂ _sys_lwmutex_trylock [144]
09-25 12:36:59.776 28772 29801 D RPCS3   : 	⁂ sys_mutex_lock [52]
09-25 12:36:59.776 28772 29801 D RPCS3   : 	⁂ sys_mutex_unlock [52]
09-25 12:36:59.776 28772 29801 D RPCS3   : 	⁂ sys_time_get_timebase_frequency [49]
09-25 12:36:59.776 28772 29801 D RPCS3   : 	⁂ _sys_ppu_thread_create [44]
09-25 12:36:59.776 28772 29801 D RPCS3   : 	⁂ sys_ppu_thread_start [40]
09-25 12:36:59.776 28772 29801 D RPCS3   : 	⁂ sys_tty_write [34]
09-25 12:36:59.776 28772 29801 D RPCS3   : 	⁂ _sys_ppu_thread_exit [4]
09-25 12:36:59.779  1633 30535 D vendor.qti.vibratorOL: Notifying perform complete
09-25 12:36:59.780  1633  1633 D vendor.qti.vibratorOL: QTI Vibrator off
09-25 12:36:59.781 32732 32732 E OplusTouchDaemon: [prevent][curved_large_handle_V2][3082]: up id(0) status: 7, 1, 1, 1.
09-25 12:36:59.821 28772 29877 D RPCS3   : SPU block is a loop at [0x089c8 -> 0x089c8]
09-25 12:36:59.821 28772 29877 D RPCS3   : Building function 0x885c... (size 133, __spu-0x0885c-sMGPUijUjCX2iThdu3d6ejSaw5nG-s3cg1-cortex-a34-neon)
09-25 12:36:59.821 28772 29877 W RPCS3   : [__spu-0x0885c-sMGPUijUjCX2iThdu3d6ejSaw5nG-s3cg1-cortex-a34-neon:0x08918] Unmatched spu_rsqrte(c) found in FMA
09-25 12:36:59.822 28772 29877 W RPCS3   : [__spu-0x0885c-sMGPUijUjCX2iThdu3d6ejSaw5nG-s3cg1-cortex-a34-neon:0x08974] Unmatched spu_rsqrte(c) found in FMA
09-25 12:36:59.848  1570  1606 I android.hardware.thermal-service.qti: sensor: cpu-2-1-0 temperature: 89.9 old: 3 new: 0
09-25 12:36:59.877 28772 29877 I RPCS3   : New SPU block compiled successfully (size=133)
09-25 12:36:59.878 28772 29822 D RPCS3   : sys_tty_write(ch=0, buf=*0x58bf20, len=63, pwritelen=*0xd000fde0)
09-25 12:36:59.878 28772 29822 D RPCS3   : sys_tty_write(): “BATCHJOB: AddJob: waiting for room in job list 3 for job 56...“ << endl
09-25 12:36:59.918 32732 32732 E OplusTouchDaemon: [prevent][curved_large_handle_V2][3008]: id:0 pos:7 center_down:1 (18685 40531)(0 5 0 3) 
09-25 12:36:59.918 32732 32732 E OplusTouchDaemon: [touchEvent][ts_report_touch_data][659]: first touch point id 0 [18685 40531   14    5    0    3    0](ignore)
09-25 12:36:59.919  1570  1606 I android.hardware.thermal-service.qti: sensor: cpu-2-1-0 temperature: 95 old: 0 new: 3
09-25 12:36:59.921 28772 29877 D RPCS3   : Building function 0xa310... (size 354, __spu-0x0a310-VRYovTz674UM17UfCS5KvUtT1poK-s3cg1-cortex-a34-neon)
09-25 12:36:59.922 28772 29877 W RPCS3   : [__spu-0x0a310-VRYovTz674UM17UfCS5KvUtT1poK-s3cg1-cortex-a34-neon:0x0a490] Unmatched spu_rsqrte(c) found in FMA
09-25 12:36:59.923 28772 29877 W RPCS3   : [__spu-0x0a310-VRYovTz674UM17UfCS5KvUtT1poK-s3cg1-cortex-a34-neon:0x0a748] Unmatched spu_rsqrte(c) found in FMA
09-25 12:36:59.923 28772 29877 W RPCS3   : [__spu-0x0a310-VRYovTz674UM17UfCS5KvUtT1poK-s3cg1-cortex-a34-neon:0x0a74c] Unmatched spu_rsqrte(c) found in FMA
09-25 12:36:59.923 28772 29877 W RPCS3   : [__spu-0x0a310-VRYovTz674UM17UfCS5KvUtT1poK-s3cg1-cortex-a34-neon:0x0a750] Unmatched spu_rsqrte(c) found in FMA
09-25 12:36:59.923 28772 29877 W RPCS3   : [__spu-0x0a310-VRYovTz674UM17UfCS5KvUtT1poK-s3cg1-cortex-a34-neon:0x0a754] Unmatched spu_rsqrte(c) found in FMA
09-25 12:36:59.948 28772 29102 D S3PERF  : crosscheck ui_snapshot_fps=8.84927 ui_snapshot_frametime_ms=98.88
09-25 12:36:59.971  1570  1606 I android.hardware.thermal-service.qti: sensor: cpu-2-1-0 temperature: 89.9 old: 3 new: 0
09-25 12:36:59.982  1570  1606 I android.hardware.thermal-service.qti: sensor: cpu-1-0-0 temperature: 89.9 old: 3 new: 0
09-25 12:37:00.030 28772 29877 I RPCS3   : New SPU block compiled successfully (size=354)
09-25 12:37:00.031 28772 29877 D RPCS3   : Building function 0x8c88... (size 450, __spu-0x08c88-4abH5uR6ZbP4CZ0tY3f9CZiZKcb8-s3cg1-cortex-a34-neon)
09-25 12:37:00.036  1695  1792 D BatteryChargeControl: bcc get no support from charging protocol
09-25 12:37:00.095  1616  1871 I SDM     : DisplayBase::CommitThread: Received idle timeout, panel: cmd, timeout: 70000 us
09-25 12:37:00.097  1768  1768 D SurfaceFlinger: initiateModeChange 4630946652107814787 {mode={fps=60.00 Hz, modePtr={id=1, vsyncRate=60.00 Hz, peakRefreshRate=60.00 Hz}}, emitEvent=false, force=false}
09-25 12:37:00.097  1616  2136 I SDM     : HWCDisplay::SetActiveConfigToIrisWrapper: SetActiveConfigToIrisWrapper on id_: 0
09-25 12:37:00.097  1616  2136 W SDM     : HWCDisplay::SetActiveConfigToIrisWrapper: HWC SetActiveConfig [0, 1], switch to [1264x2780@60]
09-25 12:37:00.098  1616  2136 W SDM     : HWDeviceDRM::GetSupportedBitClkRate: Requested rate not supported: 1012000000
09-25 12:37:00.098  1616  2136 I SDM     : HWDeviceDRM::UpdateMixerAttributes: Mixer WxH 1264x2780-1 for Peripheral
09-25 12:37:00.098  1616  2136 I CwbService: CwbService::notifyConfigChange: display:0, config:1 size:4, sec.size():0
09-25 12:37:00.098  1616  2136 I SDM     : HWCDisplay::SubmitDisplayConfig: Active configuration changed from config 0 to 1
09-25 12:37:00.104 32732 32732 E OplusTouchDaemon: [prevent][curved_large_handle_V2][3082]: up id(0) status: 7, 1, 0, 1.
09-25 12:37:00.104 32732 32732 E OplusTouchDaemon: [prevent][curved_large_handle_V2][3147]: id:0 uniform_point_num:2 shift_leftover:0,0 move_speed:0,0. 
09-25 12:37:00.104 28772 28772 I S3TOUCH : root action=down x=2533 y=96
09-25 12:37:00.104 28772 28772 I S3TOUCH : monitor action=down consumed=false
09-25 12:37:00.105 28772 28772 I S3TOUCH : pad action=down menu=false
09-25 12:37:00.105 10806 10806 D TaskbarManager: dispatchTouchEvent:  displayId=0 isDefaultDisplay=true
09-25 12:37:00.105  1561  1561 I android.hardware.power-service-qti: Power setBoost: 0, duration: 0
09-25 12:37:00.106  1561  1561 E QTI PowerHAL: Failed to acquire lock.
09-25 12:37:00.106  1768  1768 D SurfaceFlinger: initiateModeChange 4630946652107814787 {mode={fps=120.00 Hz, modePtr={id=0, vsyncRate=120.00 Hz, peakRefreshRate=120.00 Hz}}, emitEvent=false, force=false}
09-25 12:37:00.106  1633  1633 D vendor.qti.vibratorOL: Vibrator perform effect 2
09-25 12:37:00.106  1561  1561 E QTI PowerHAL: Failed process_boost for boost_handle
09-25 12:37:00.106  1616  2136 I SDM     : HWCDisplay::SetActiveConfigToIrisWrapper: SetActiveConfigToIrisWrapper on id_: 0
09-25 12:37:00.106  1616  2136 W SDM     : HWCDisplay::SetActiveConfigToIrisWrapper: HWC SetActiveConfig [1, 0], switch to [1264x2780@120]
09-25 12:37:00.107  1621  1722 E ANDR-PERF-RESOURCEQS: ANDR-PERF-RESOURCEQS: AddAndApply() 125: Resource with major=16, minor=30 not supported
09-25 12:37:00.107  1621  1722 E ANDR-PERF-RESOURCEQS: ANDR-PERF-RESOURCEQS: AddAndApply() 125: Resource with major=16, minor=31 not supported
09-25 12:37:00.107  1616  2136 W SDM     : HWDeviceDRM::GetSupportedBitClkRate: Requested rate not supported: 1012000000
09-25 12:37:00.107  1616  2136 I SDM     : HWDeviceDRM::UpdateMixerAttributes: Mixer WxH 1264x2780-1 for Peripheral
09-25 12:37:00.107  1616  2136 I CwbService: CwbService::notifyConfigChange: display:0, config:0 size:4, sec.size():0
09-25 12:37:00.107  1616  2136 I SDM     : HWCDisplay::SubmitDisplayConfig: Active configuration changed from config 1 to 0
09-25 12:37:00.112 32732 30563 E OplusTouchDaemon: [prevent][touch_up_timer_func][538]: time called once.
09-25 12:37:00.112 32732 30563 E OplusTouchDaemon: [touchEvent][ts_send_input_extra_point][336]: ts_send_input_extra_point fd (10) report id(0) point(18685 40531).
09-25 12:37:00.113  1633 30566 D vendor.qti.vibratorOL: Starting perform on another thread
09-25 12:37:00.117 28772 29877 I RPCS3   : New SPU block compiled successfully (size=450)
09-25 12:37:00.118 28772 29822 D RPCS3   : sys_tty_write(ch=0, buf=*0x58bf20, len=63, pwritelen=*0xd000fde0)
09-25 12:37:00.118 28772 29822 D RPCS3   : sys_tty_write(): “BATCHJOB: AddJob: waiting for room in job list 3 for job 56...“ << endl
09-25 12:37:00.120 32732 30563 E OplusTouchDaemon: [prevent][touch_report_work][468]: report id(0) up, left total:0.
09-25 12:37:00.120 32732 30563 E OplusTouchDaemon: [prevent][touch_report_work][478]: up id 0  ,makeup the real point end report up.
09-25 12:37:00.125  1633 30566 D vendor.qti.vibratorOL: Notifying perform complete
09-25 12:37:00.126  1633  1633 D vendor.qti.vibratorOL: QTI Vibrator off
09-25 12:37:00.162  1570  1606 I android.hardware.thermal-service.qti: sensor: cpu-1-0-0 temperature: 95 old: 0 new: 3
09-25 12:37:00.164  1570  1606 I android.hardware.thermal-service.qti: sensor: cpu-2-1-0 temperature: 95 old: 0 new: 3
09-25 12:37:00.186 28772 29822 D RPCS3   : sys_tty_write(ch=0, buf=*0x58bf20, len=63, pwritelen=*0xd000fde0)
09-25 12:37:00.186 28772 29822 D RPCS3   : sys_tty_write(): “BATCHJOB: AddJob: waiting for room in job list 3 for job 56...“ << endl
09-25 12:37:00.235 28772 29822 D RPCS3   : sys_tty_write(ch=0, buf=*0x58bf20, len=63, pwritelen=*0xd000fde0)
09-25 12:37:00.235 28772 29822 D RPCS3   : sys_tty_write(): “BATCHJOB: AddJob: waiting for room in job list 3 for job 56...“ << endl
09-25 12:37:00.270 28772 29102 D S3PERF  : crosscheck source=surface presented=2519 json_fps=8.4386 json_frametime_ms=217.259
09-25 12:37:00.271  1549  2821 I PAL: OplusSpeakerSia: isGainChanged: 371: vddValue 4059000, mCurVddThres 3800000, mPreVddThres 3800000
09-25 12:37:00.271  1549  2821 D PAL: OplusPalCommon: getActiveStreamPcmId: 2077:  dir: 1, stream: 0xb400006f4aad2e10, pcmDevId: 126
09-25 12:37:00.272  1549  2821 D PAL: OplusSpeakerSia: checkSpeakerStatus: 1156: SIA SPK1: re=6501, te=52
09-25 12:37:00.272  1549  2821 D PAL: OplusSpeakerSia: checkSpeakerStatus: 1156: SIA SPK2: re=6330, te=57
09-25 12:37:00.298  1695  1756 D vendor.oplus.hardware.charger-V10-service: parallel fold conf file parse fail parallel_fold_state 2
09-25 12:37:00.298  1695  1756 D vendor.oplus.hardware.charger-V10-service: scale_chg Start!!!
09-25 12:37:00.298  1695  1756 D vendor.oplus.hardware.charger-V10-service: [0, 0, 3]
09-25 12:37:00.298  1695  1756 D vendor.oplus.hardware.charger-V10-service: [0, 2, 11]
09-25 12:37:00.299  1695  1756 D vendor.oplus.hardware.charger-V10-service: [0, 1, 4]
09-25 12:37:00.299  1695  1756 D vendor.oplus.hardware.charger-V10-service: [0, 3, 3]
09-25 12:37:00.299  1695  1756 D vendor.oplus.hardware.charger-V10-service: [0, 4, 3]
09-25 12:37:00.299  1695  1756 D vendor.oplus.hardware.charger-V10-service: [0, 5, 8]
09-25 12:37:00.299  1695  1756 D vendor.oplus.hardware.charger-V10-service: [0, 6, 8]
09-25 12:37:00.299  1695  1756 D vendor.oplus.hardware.charger-V10-service: scale_chg Start!!!
09-25 12:37:00.300  1695  1756 D vendor.oplus.hardware.charger-V10-service: [0, 0, 3]
09-25 12:37:00.300  1695  1756 D vendor.oplus.hardware.charger-V10-service: [0, 2, 11]
09-25 12:37:00.300  1695  1756 D vendor.oplus.hardware.charger-V10-service: [0, 1, 4]
09-25 12:37:00.300  1695  1756 D vendor.oplus.hardware.charger-V10-service: [0, 3, 3]
09-25 12:37:00.302  1695  1756 D vendor.oplus.hardware.charger-V10-service: [0, 4, 3]
09-25 12:37:00.302  1695  1756 D vendor.oplus.hardware.charger-V10-service: [0, 5, 8]
09-25 12:37:00.302  1695  1756 D vendor.oplus.hardware.charger-V10-service: [0, 6, 8]
09-25 12:37:00.329 32732 32732 E OplusTouchDaemon: [prevent][curved_large_handle_V2][3008]: id:0 pos:7 center_down:1 (18719 41032)(0 4 0 2) 
09-25 12:37:00.329  1570  1606 I android.hardware.thermal-service.qti: sensor: cpu-1-0-0 temperature: 89.9 old: 3 new: 0
09-25 12:37:00.335  1570  1606 I android.hardware.thermal-service.qti: sensor: cpu-2-1-0 temperature: 89.9 old: 3 new: 0
09-25 12:37:00.413  1616  1871 I SDM     : DisplayBase::CommitThread: Received idle timeout, panel: cmd, timeout: 69999 us
09-25 12:37:00.422  1768  1768 D SurfaceFlinger: initiateModeChange 4630946652107814787 {mode={fps=60.00 Hz, modePtr={id=1, vsyncRate=60.00 Hz, peakRefreshRate=60.00 Hz}}, emitEvent=false, force=false}
09-25 12:37:00.422  1616  2136 I SDM     : HWCDisplay::SetActiveConfigToIrisWrapper: SetActiveConfigToIrisWrapper on id_: 0
09-25 12:37:00.422  1616  2136 W SDM     : HWCDisplay::SetActiveConfigToIrisWrapper: HWC SetActiveConfig [0, 1], switch to [1264x2780@60]
09-25 12:37:00.423  1616  2136 W SDM     : HWDeviceDRM::GetSupportedBitClkRate: Requested rate not supported: 1012000000
09-25 12:37:00.423  1616  2136 I SDM     : HWDeviceDRM::UpdateMixerAttributes: Mixer WxH 1264x2780-1 for Peripheral
09-25 12:37:00.423  1616  2136 I CwbService: CwbService::notifyConfigChange: display:0, config:1 size:4, sec.size():0
09-25 12:37:00.423  1616  2136 I SDM     : HWCDisplay::SubmitDisplayConfig: Active configuration changed from config 0 to 1
09-25 12:37:00.456  1768  1768 D SurfaceFlinger: initiateModeChange 4630946652107814787 {mode={fps=120.00 Hz, modePtr={id=0, vsyncRate=120.00 Hz, peakRefreshRate=120.00 Hz}}, emitEvent=false, force=false}
09-25 12:37:00.456  1616  2136 I SDM     : HWCDisplay::SetActiveConfigToIrisWrapper: SetActiveConfigToIrisWrapper on id_: 0
09-25 12:37:00.456  1616  2136 W SDM     : HWCDisplay::SetActiveConfigToIrisWrapper: HWC SetActiveConfig [1, 0], switch to [1264x2780@120]
09-25 12:37:00.457  1616  2136 W SDM     : HWDeviceDRM::GetSupportedBitClkRate: Requested rate not supported: 1012000000
09-25 12:37:00.457  1616  2136 I SDM     : HWDeviceDRM::UpdateMixerAttributes: Mixer WxH 1264x2780-1 for Peripheral
09-25 12:37:00.457  1616  2136 I CwbService: CwbService::notifyConfigChange: display:0, config:0 size:4, sec.size():0
09-25 12:37:00.457  1616  2136 I SDM     : HWCDisplay::SubmitDisplayConfig: Active configuration changed from config 1 to 0
09-25 12:37:00.496  4851  4882 E horae   : 0: target_temp:35800, back:35800,frame:35800,front:35800, 4, +(0), 1 ,35800, algo:0
09-25 12:37:00.514 32732 32732 E OplusTouchDaemon: [touchEvent][ts_report_touch_data][669]:Touchpanel id 0 :Down[18719 41032   17    4    0    3    0](ignore)
09-25 12:37:00.522  1768  1768 D SurfaceFlinger: initiateModeChange 4630946652107814787 {mode={fps=60.00 Hz, modePtr={id=1, vsyncRate=60.00 Hz, peakRefreshRate=60.00 Hz}}, emitEvent=false, force=false}
09-25 12:37:00.522  1616  2136 I SDM     : HWCDisplay::SetActiveConfigToIrisWrapper: SetActiveConfigToIrisWrapper on id_: 0
09-25 12:37:00.522  1616  2136 W SDM     : HWCDisplay::SetActiveConfigToIrisWrapper: HWC SetActiveConfig [0, 1], switch to [1264x2780@60]
09-25 12:37:00.523  1616  2136 W SDM     : HWDeviceDRM::GetSupportedBitClkRate: Requested rate not supported: 1012000000
09-25 12:37:00.523  1616  2136 I SDM     : HWDeviceDRM::UpdateMixerAttributes: Mixer WxH 1264x2780-1 for Peripheral
09-25 12:37:00.523  1616  2136 I CwbService: CwbService::notifyConfigChange: display:0, config:1 size:4, sec.size():0
09-25 12:37:00.523  1616  2136 I SDM     : HWCDisplay::SubmitDisplayConfig: Active configuration changed from config 0 to 1
09-25 12:37:00.527  1570  1606 I android.hardware.thermal-service.qti: sensor: cpu-1-0-0 temperature: 95 old: 0 new: 3
09-25 12:37:00.536  1570  1606 I android.hardware.thermal-service.qti: sensor: cpu-2-1-0 temperature: 95 old: 0 new: 3
09-25 12:37:00.547  1768  1768 D SurfaceFlinger: initiateModeChange 4630946652107814787 {mode={fps=120.00 Hz, modePtr={id=0, vsyncRate=120.00 Hz, peakRefreshRate=120.00 Hz}}, emitEvent=false, force=false}
09-25 12:37:00.550  1616  2136 I SDM     : HWCDisplay::SetActiveConfigToIrisWrapper: SetActiveConfigToIrisWrapper on id_: 0
09-25 12:37:00.550  1616  2136 W SDM     : HWCDisplay::SetActiveConfigToIrisWrapper: HWC SetActiveConfig [1, 0], switch to [1264x2780@120]
09-25 12:37:00.550  1616  2136 W SDM     : HWDeviceDRM::GetSupportedBitClkRate: Requested rate not supported: 1012000000
09-25 12:37:00.551  1616  2136 I SDM     : HWDeviceDRM::UpdateMixerAttributes: Mixer WxH 1264x2780-1 for Peripheral
09-25 12:37:00.551  1616  2136 I CwbService: CwbService::notifyConfigChange: display:0, config:0 size:4, sec.size():0
09-25 12:37:00.551  1616  2136 I SDM     : HWCDisplay::SubmitDisplayConfig: Active configuration changed from config 1 to 0
09-25 12:37:00.589 28772 29822 D RPCS3   : sys_tty_write(ch=0, buf=*0x58bf20, len=63, pwritelen=*0xd000fde0)
09-25 12:37:00.589 28772 29822 D RPCS3   : sys_tty_write(): “BATCHJOB: AddJob: waiting for room in job list 3 for job 56...“ << endl
09-25 12:37:00.671  1570  1606 I android.hardware.thermal-service.qti: sensor: cpu-1-0-0 temperature: 89.9 old: 3 new: 0
09-25 12:37:00.704  1570  1606 I android.hardware.thermal-service.qti: sensor: cpu-1-0-0 temperature: 95 old: 0 new: 3
09-25 12:37:00.788  1616  1871 I SDM     : DisplayBase::CommitThread: Received idle timeout, panel: cmd, timeout: 70000 us
09-25 12:37:00.853 32732 32732 I OplusTouchDaemon: ts_run_service: shellback temperature updated 35 (35800)
09-25 12:37:00.872  1768  1768 D SurfaceFlinger: initiateModeChange 4630946652107814787 {mode={fps=60.00 Hz, modePtr={id=1, vsyncRate=60.00 Hz, peakRefreshRate=60.00 Hz}}, emitEvent=false, force=false}
09-25 12:37:00.872  1616  2136 I SDM     : HWCDisplay::SetActiveConfigToIrisWrapper: SetActiveConfigToIrisWrapper on id_: 0
09-25 12:37:00.872  1616  2136 W SDM     : HWCDisplay::SetActiveConfigToIrisWrapper: HWC SetActiveConfig [0, 1], switch to [1264x2780@60]
09-25 12:37:00.872  1616  1871 I SDM     : DisplayBase::CommitThread: Received idle timeout, panel: cmd, timeout: 69999 us
09-25 12:37:00.873  1616  2136 W SDM     : HWDeviceDRM::GetSupportedBitClkRate: Requested rate not supported: 1012000000
09-25 12:37:00.873  1616  2136 I SDM     : HWDeviceDRM::UpdateMixerAttributes: Mixer WxH 1264x2780-1 for Peripheral
09-25 12:37:00.873  1616  2136 I CwbService: CwbService::notifyConfigChange: display:0, config:1 size:4, sec.size():0
09-25 12:37:00.873  1616  2136 I SDM     : HWCDisplay::SubmitDisplayConfig: Active configuration changed from config 0 to 1
09-25 12:37:00.880 28772 29822 D RPCS3   : sys_tty_write(ch=0, buf=*0x58bf20, len=63, pwritelen=*0xd000fde0)
09-25 12:37:00.881 28772 29822 D RPCS3   : sys_tty_write(): “BATCHJOB: AddJob: waiting for room in job list 3 for job 56...“ << endl
09-25 12:37:00.882 30608 30608 W libbinder.BackendUnifiedServiceManager: Thread Pool max thread count is 0. Cannot cache binder as linkToDeath cannot be implemented. serviceName: SurfaceFlingerAIDL
09-25 12:37:00.882 30608 30608 W libbinder.BpBinder: Linking to death on android.gui.ISurfaceComposer but there are no threads (yet?) listening to incoming transactions. See ProcessState::startThreadPool and ProcessState::setThreadPoolMaxThreadCount. Generally you should setup the binder threadpool before other initialization steps.
09-25 12:37:00.882 30608 30608 W libbinder.ProcessState: Extra binder thread started, but 0 threads requested. Do not use *startThreadPool when zero threads are requested.
09-25 12:37:00.893 32732 32732 E OplusTouchDaemon: [prevent][corner_exit_matched][1534]: corner_exit_matched: exit matched_1(0) (18719 41032 0 2 0 1)
09-25 12:37:00.893 32732 32732 E OplusTouchDaemon: [prevent][corner_exit_matched][1534]: corner_exit_matched: exit matched_1(0) (18719 41032 0 2 0 1)
09-25 12:37:00.901 32732 32732 E OplusTouchDaemon: [prevent][curved_large_handle_V2][3082]: up id(0) status: 7, 1, 0, 1.
09-25 12:37:00.901 32732 32732 E OplusTouchDaemon: [prevent][curved_large_handle_V2][3147]: id:0 uniform_point_num:2 shift_leftover:0,0 move_speed:0,0. 
09-25 12:37:00.902  1561  1561 I android.hardware.power-service-qti: Power setBoost: 0, duration: 0
09-25 12:37:00.903  1561  1561 E QTI PowerHAL: Failed to acquire lock.
09-25 12:37:00.903  1561  1561 E QTI PowerHAL: Failed process_boost for boost_handle
09-25 12:37:00.903 10806 10806 D TaskbarManager: dispatchTouchEvent:  displayId=0 isDefaultDisplay=true
09-25 12:37:00.903 28772 28772 I S3TOUCH : root action=down x=2564 y=94
09-25 12:37:00.904  1621  1722 E ANDR-PERF-RESOURCEQS: ANDR-PERF-RESOURCEQS: AddAndApply() 125: Resource with major=16, minor=30 not supported
09-25 12:37:00.904  1621  1722 E ANDR-PERF-RESOURCEQS: ANDR-PERF-RESOURCEQS: AddAndApply() 125: Resource with major=16, minor=31 not supported
09-25 12:37:00.904  1768  1768 D SurfaceFlinger: initiateModeChange 4630946652107814787 {mode={fps=120.00 Hz, modePtr={id=0, vsyncRate=120.00 Hz, peakRefreshRate=120.00 Hz}}, emitEvent=false, force=false}
09-25 12:37:00.905 28772 28772 I S3TOUCH : monitor action=down consumed=false
09-25 12:37:00.905 28772 28772 I S3TOUCH : pad action=down menu=false
09-25 12:37:00.906  1633  1633 D vendor.qti.vibratorOL: Vibrator perform effect 2
09-25 12:37:00.908  1616  2136 I SDM     : HWCDisplay::SetActiveConfigToIrisWrapper: SetActiveConfigToIrisWrapper on id_: 0
09-25 12:37:00.908  1616  2136 W SDM     : HWCDisplay::SetActiveConfigToIrisWrapper: HWC SetActiveConfig [1, 0], switch to [1264x2780@120]
09-25 12:37:00.908  1616  2136 W SDM     : HWDeviceDRM::GetSupportedBitClkRate: Requested rate not supported: 1012000000
09-25 12:37:00.908  1616  2136 I SDM     : HWDeviceDRM::UpdateMixerAttributes: Mixer WxH 1264x2780-1 for Peripheral
09-25 12:37:00.908  1616  2136 I CwbService: CwbService::notifyConfigChange: display:0, config:0 size:4, sec.size():0
09-25 12:37:00.908  1616  2136 I SDM     : HWCDisplay::SubmitDisplayConfig: Active configuration changed from config 1 to 0
09-25 12:37:00.909 32732 30610 E OplusTouchDaemon: [prevent][touch_up_timer_func][538]: time called once.
09-25 12:37:00.910 32732 30610 E OplusTouchDaemon: [touchEvent][ts_send_input_extra_point][336]: ts_send_input_extra_point fd (10) report id(0) point(18719 41032).
09-25 12:37:00.916  1633 30612 D vendor.qti.vibratorOL: Starting perform on another thread
09-25 12:37:00.918 32732 30610 E OplusTouchDaemon: [prevent][touch_report_work][468]: report id(0) up, left total:0.
09-25 12:37:00.918 32732 30610 E OplusTouchDaemon: [prevent][touch_report_work][478]: up id 0  ,makeup the real point end report up.
09-25 12:37:00.925  1633 30612 D vendor.qti.vibratorOL: Notifying perform complete
09-25 12:37:00.926  1633  1633 D vendor.qti.vibratorOL: QTI Vibrator off
09-25 12:37:00.927 30608 30609 I Gralloc4: Adding additional valid usage bits: 0x8202000
09-25 12:37:00.930 30608 30609 I AdrenoUtils: <ReadGpuID:357>: Reading chip ID through GSL
09-25 12:37:00.965  1570  1606 I android.hardware.thermal-service.qti: sensor: cpu-1-0-0 temperature: 89.9 old: 3 new: 0
09-25 12:37:01.001 11220 11344 I AiAiEcho: Predicting[14]: { Feature:1, creation:2026-09-25T06:56:00Z, expiry:2026-09-25T07:00:00Z, isExpired: true}, { Feature:1, creation:2026-09-25T07:00:00Z, expiry:2026-09-25T08:00:00Z, isExpired: false}, { Feature:1, creation:2026-09-25T08:00:00Z, expiry:2026-09-25T08:00:00Z, isExpired: true}, { Feature:1, creation:2026-09-25T09:00:00Z, expiry:2026-09-25T09:00:00Z, isExpired: true}, { Feature:1, creation:2026-09-25T10:00:00Z, expiry:2026-09-25T10:00:00Z, isExpired: true}, { Feature:1, creation:2026-09-25T11:00:00Z, expiry:2026-09-25T11:00:00Z, isExpired: true}, { Feature:1, creation:2026-09-25T12:00:00Z, expiry:2026-09-25T12:00:00Z, isExpired: true}, { Feature:2, creation:2026-09-26T14:00:00Z, expiry:2026-09-25T07:08:01Z, isExpired: true}, { Feature:2, creation:2026-09-26T08:00:00Z, expiry:2026-09-25T07:08:01Z, isExpired: true}, { Feature:2, creation:2026-09-26T14:30:00Z, expiry:2026-09-25T07:08:01Z, isExpired: true}, { Feature:2, creation:2026-09-26T15:30:00Z, expiry:2026-09-25T07:08:01Z, isExpired: true}, { Feature:2, creation:2026-09-26T22:30:00Z, expiry:2026-09-25T07:08:01Z, isExpired: true}, { Feature:2, creation:2026-09-27T00:00:00Z, expiry:2026-09-25T07:08:01Z, isExpired: true}, { Feature:2, creation:2026-09-26T16:00:00Z, expiry:2026-09-25T07:08:01Z, isExpired: true}
09-25 12:37:01.001 11220 11344 I AiAiEcho: [CONTEXT sampling_count=5 ]
09-25 12:37:01.002 11220 11344 I AiAiEcho: EchoTargets: Feature:1
09-25 12:37:01.002 11220 11344 I AiAiEcho: Filtered by AiAi flag check: 
09-25 12:37:01.002 11220 11344 I AiAiEcho: [CONTEXT ratelimit_period="10 SECONDS" ]
09-25 12:37:01.002 11220 11344 I AiAiEcho: #weatherTwiddler: Weather removes SubtitleSupplementalItem in surface: lockscreen [CONTEXT ratelimit_period="10 SECONDS" ]
09-25 12:37:01.003 11220 11344 I AiAiEcho: Predicting[14]: { Feature:1, creation:2026-09-25T06:56:00Z, expiry:2026-09-25T07:00:00Z, isExpired: true}, { Feature:1, creation:2026-09-25T07:00:00Z, expiry:2026-09-25T08:00:00Z, isExpired: false}, { Feature:1, creation:2026-09-25T08:00:00Z, expiry:2026-09-25T08:00:00Z, isExpired: true}, { Feature:1, creation:2026-09-25T09:00:00Z, expiry:2026-09-25T09:00:00Z, isExpired: true}, { Feature:1, creation:2026-09-25T10:00:00Z, expiry:2026-09-25T10:00:00Z, isExpired: true}, { Feature:1, creation:2026-09-25T11:00:00Z, expiry:2026-09-25T11:00:00Z, isExpired: true}, { Feature:1, creation:2026-09-25T12:00:00Z, expiry:2026-09-25T12:00:00Z, isExpired: true}, { Feature:2, creation:2026-09-26T14:00:00Z, expiry:2026-09-25T07:08:01Z, isExpired: true}, { Feature:2, creation:2026-09-26T08:00:00Z, expiry:2026-09-25T07:08:01Z, isExpired: true}, { Feature:2, creation:2026-09-26T14:30:00Z, expiry:2026-09-25T07:08:01Z, isExpired: true}, { Feature:2, creation:2026-09-26T15:30:00Z, expiry:2026-09-25T07:08:01Z, isExpired: true}, { Feature:2, creation:2026-09-26T22:30:00Z, expiry:2026-09-25T07:08:01Z, isExpired: true}, { Feature:2, creation:2026-09-27T00:00:00Z, expiry:2026-09-25T07:08:01Z, isExpired: true}, { Feature:2, creation:2026-09-26T16:00:00Z, expiry:2026-09-25T07:08:01Z, isExpired: true}
09-25 12:37:01.003 11220 11344 I AiAiEcho: [CONTEXT sampling_count=5 ]
09-25 12:37:01.003 11220 11344 I AiAiEcho: EchoTargets: Feature:1
09-25 12:37:01.003 11220 11344 I AiAiEcho: Filtered by AiAi flag check: 
09-25 12:37:01.003 11220 11344 I AiAiEcho: [CONTEXT ratelimit_period="10 SECONDS" ]
09-25 12:37:01.010 11220 11344 I AiAiEcho: #postPredictionTargets: Sending updates to UISurface lockscreen with targets# 1 (types=[1])
09-25 12:37:01.011 11220 11344 I AiAiEcho: #postPredictionTargets: Sending updates to UISurface glanceable_hub with targets# 0 (types=[])
09-25 12:37:01.011  3782  3782 I WeatherSmartspaceView: setFormattedContentDescription: text=32°C, iconDescription=Sunny, contentDescription=Sunny, 32°C
09-25 12:37:01.012  3782  3782 I WeatherSmartspaceView: setFormattedContentDescription: text=32°C, iconDescription=Sunny, contentDescription=Sunny, 32°C
09-25 12:37:01.012  3782  3782 I WeatherData: Weather data parsed SUNNY ("Sunny") 32°C from Bundle[{description=Sunny, feedback_intent=null, explanation_intent=Supplier{VAL_PARCELABLE@136+1744}, is_gaia_linked_data=true, use_celsius=true, state=1, temperature=32}]
09-25 12:37:01.012  1570  1606 I android.hardware.thermal-service.qti: sensor: cpu-1-0-0 temperature: 95 old: 0 new: 3
09-25 12:37:01.028  1570  1606 I android.hardware.thermal-service.qti: sensor: cpu-2-1-0 temperature: 89.9 old: 3 new: 0
09-25 12:37:01.034  1570  1606 I android.hardware.thermal-service.qti: sensor: cpu-1-0-0 temperature: 89.6 old: 3 new: 0
09-25 12:37:01.037  1695  1792 D BatteryChargeControl: bcc get no support from charging protocol
09-25 12:37:01.051  1570  1606 I android.hardware.thermal-service.qti: sensor: cpu-1-0-0 temperature: 95 old: 0 new: 3
09-25 12:37:01.207 32732 32732 I synaLib : tcm: STATUS: Enter DOZE mode
09-25 12:37:01.212  1616  1871 I SDM     : DisplayBase::CommitThread: Received idle timeout, panel: cmd, timeout: 70000 us
09-25 12:37:01.213 28772 29822 D RPCS3   : sys_tty_write(ch=0, buf=*0x58bf20, len=63, pwritelen=*0xd000fde0)
09-25 12:37:01.213 28772 29822 D RPCS3   : sys_tty_write(): “BATCHJOB: AddJob: waiting for room in job list 3 for job 56...“ << endl
09-25 12:37:01.215  1570  1606 I android.hardware.thermal-service.qti: sensor: cpu-2-1-0 temperature: 95 old: 0 new: 3
09-25 12:37:01.238 28772 29102 D S3PERF  : crosscheck ui_snapshot_fps=9.01554 ui_snapshot_frametime_ms=126.052
09-25 12:37:01.293 28772 29822 D RPCS3   : sys_tty_write(ch=0, buf=*0x58bf20, len=63, pwritelen=*0xd000fde0)
09-25 12:37:01.296 28772 29822 D RPCS3   : sys_tty_write(): “BATCHJOB: AddJob: waiting for room in job list 3 for job 56...“ << endl
09-25 12:37:01.301 28772 29881 D RPCS3   : Building function 0xff78... (size 3, __spu-0x0ff78-L8FGGMZJFnm5cjqv2iErSEccNCJN-s3cg1-cortex-a34-neon)
09-25 12:37:01.312 28772 29881 I RPCS3   : New SPU block compiled successfully (size=3)
09-25 12:37:01.312 28772 29881 D RPCS3   : Building function 0xfef8... (size 20, __spu-0x0fef8-eVHfVvACiC5mJvd87e6ArXKcgZij-s3cg1-cortex-a34-neon)
09-25 12:37:01.327 28772 29881 I RPCS3   : New SPU block compiled successfully (size=20)
09-25 12:37:01.327 28772 29881 D RPCS3   : Building function 0xfec8... (size 47, __spu-0x0fec8-gvpgCCvFr744K6yZnFfeyZWe4Ayn-s3cg1-cortex-a34-neon)
09-25 12:37:01.356 28772 29881 I RPCS3   : New SPU block compiled successfully (size=47)
09-25 12:37:01.402  1616  1871 I SDM     : DisplayBase::CommitThread: Received idle timeout, panel: cmd, timeout: 70000 us
09-25 12:37:01.404  1768  1768 D SurfaceFlinger: initiateModeChange 4630946652107814787 {mode={fps=60.00 Hz, modePtr={id=1, vsyncRate=60.00 Hz, peakRefreshRate=60.00 Hz}}, emitEvent=false, force=false}
09-25 12:37:01.405  1616  2136 I SDM     : HWCDisplay::SetActiveConfigToIrisWrapper: SetActiveConfigToIrisWrapper on id_: 0
09-25 12:37:01.405  1616  2136 W SDM     : HWCDisplay::SetActiveConfigToIrisWrapper: HWC SetActiveConfig [0, 1], switch to [1264x2780@60]
09-25 12:37:01.406  1616  2136 W SDM     : HWDeviceDRM::GetSupportedBitClkRate: Requested rate not supported: 1012000000
09-25 12:37:01.406  1616  2136 I SDM     : HWDeviceDRM::UpdateMixerAttributes: Mixer WxH 1264x2780-1 for Peripheral
09-25 12:37:01.406  1616  2136 I CwbService: CwbService::notifyConfigChange: display:0, config:1 size:4, sec.size():0
09-25 12:37:01.406  1616  2136 I SDM     : HWCDisplay::SubmitDisplayConfig: Active configuration changed from config 0 to 1
09-25 12:37:01.409  1570  1606 I android.hardware.thermal-service.qti: sensor: cpu-2-1-0 temperature: 89.9 old: 3 new: 0
09-25 12:37:01.413  1768  1768 D SurfaceFlinger: initiateModeChange 4630946652107814787 {mode={fps=120.00 Hz, modePtr={id=0, vsyncRate=120.00 Hz, peakRefreshRate=120.00 Hz}}, emitEvent=false, force=false}
09-25 12:37:01.413  1616  2136 I SDM     : HWCDisplay::SetActiveConfigToIrisWrapper: SetActiveConfigToIrisWrapper on id_: 0
09-25 12:37:01.413  1616  2136 W SDM     : HWCDisplay::SetActiveConfigToIrisWrapper: HWC SetActiveConfig [1, 0], switch to [1264x2780@120]
09-25 12:37:01.413  1616  2136 W SDM     : HWDeviceDRM::GetSupportedBitClkRate: Requested rate not supported: 1012000000
09-25 12:37:01.413  1616  2136 I SDM     : HWDeviceDRM::UpdateMixerAttributes: Mixer WxH 1264x2780-1 for Peripheral
09-25 12:37:01.414  1616  2136 I CwbService: CwbService::notifyConfigChange: display:0, config:0 size:4, sec.size():0
09-25 12:37:01.414  1616  2136 I SDM     : HWCDisplay::SubmitDisplayConfig: Active configuration changed from config 1 to 0
09-25 12:37:01.462 28772 29822 D RPCS3   : sys_tty_write(ch=0, buf=*0x58bf20, len=63, pwritelen=*0xd000fde0)
09-25 12:37:01.463 28772 29822 D RPCS3   : sys_tty_write(): “BATCHJOB: AddJob: waiting for room in job list 3 for job 56...“ << endl
09-25 12:37:01.496  1768  1768 D SurfaceFlinger: initiateModeChange 4630946652107814787 {mode={fps=60.00 Hz, modePtr={id=1, vsyncRate=60.00 Hz, peakRefreshRate=60.00 Hz}}, emitEvent=false, force=false}
09-25 12:37:01.496  1616  2136 I SDM     : HWCDisplay::SetActiveConfigToIrisWrapper: SetActiveConfigToIrisWrapper on id_: 0
09-25 12:37:01.496  1616  2136 W SDM     : HWCDisplay::SetActiveConfigToIrisWrapper: HWC SetActiveConfig [0, 1], switch to [1264x2780@60]
09-25 12:37:01.497  1616  2136 W SDM     : HWDeviceDRM::GetSupportedBitClkRate: Requested rate not supported: 1012000000
09-25 12:37:01.497  1616  2136 I SDM     : HWDeviceDRM::UpdateMixerAttributes: Mixer WxH 1264x2780-1 for Peripheral
09-25 12:37:01.497  1616  2136 I CwbService: CwbService::notifyConfigChange: display:0, config:1 size:4, sec.size():0
09-25 12:37:01.497  1616  2136 I SDM     : HWCDisplay::SubmitDisplayConfig: Active configuration changed from config 0 to 1
09-25 12:37:01.560 28772 29102 D S3PERF  : crosscheck source=surface presented=2530 json_fps=9.27114 json_frametime_ms=108.12
09-25 12:37:01.571  1768  1768 D SurfaceFlinger: initiateModeChange 4630946652107814787 {mode={fps=120.00 Hz, modePtr={id=0, vsyncRate=120.00 Hz, peakRefreshRate=120.00 Hz}}, emitEvent=false, force=false}
09-25 12:37:01.571  1616  2136 I SDM     : HWCDisplay::SetActiveConfigToIrisWrapper: SetActiveConfigToIrisWrapper on id_: 0
09-25 12:37:01.571  1616  2136 W SDM     : HWCDisplay::SetActiveConfigToIrisWrapper: HWC SetActiveConfig [1, 0], switch to [1264x2780@120]
09-25 12:37:01.572  1616  2136 W SDM     : HWDeviceDRM::GetSupportedBitClkRate: Requested rate not supported: 1012000000
09-25 12:37:01.572  1616  2136 I SDM     : HWDeviceDRM::UpdateMixerAttributes: Mixer WxH 1264x2780-1 for Peripheral
09-25 12:37:01.573  1616  2136 I CwbService: CwbService::notifyConfigChange: display:0, config:0 size:4, sec.size():0
09-25 12:37:01.573  1616  2136 I SDM     : HWCDisplay::SubmitDisplayConfig: Active configuration changed from config 1 to 0
09-25 12:37:01.581  1570  1606 I android.hardware.thermal-service.qti: sensor: cpu-2-1-0 temperature: 95 old: 0 new: 3
09-25 12:37:01.585 28772 29822 D RPCS3   : sys_tty_write(ch=0, buf=*0x58bf20, len=63, pwritelen=*0xd000fde0)
09-25 12:37:01.585 28772 29822 D RPCS3   : sys_tty_write(): “BATCHJOB: AddJob: waiting for room in job list 3 for job 56...“ << endl
09-25 12:37:01.745  1616  1871 I SDM     : DisplayBase::CommitThread: Received idle timeout, panel: cmd, timeout: 69999 us
09-25 12:37:01.745  1768  1768 D SurfaceFlinger: initiateModeChange 4630946652107814787 {mode={fps=60.00 Hz, modePtr={id=1, vsyncRate=60.00 Hz, peakRefreshRate=60.00 Hz}}, emitEvent=false, force=false}
09-25 12:37:01.745  1616  2136 I SDM     : HWCDisplay::SetActiveConfigToIrisWrapper: SetActiveConfigToIrisWrapper on id_: 0
09-25 12:37:01.745  1616  2136 W SDM     : HWCDisplay::SetActiveConfigToIrisWrapper: HWC SetActiveConfig [0, 1], switch to [1264x2780@60]
09-25 12:37:01.745  1616  2136 W SDM     : HWDeviceDRM::GetSupportedBitClkRate: Requested rate not supported: 1012000000
09-25 12:37:01.745  1616  2136 I SDM     : HWDeviceDRM::UpdateMixerAttributes: Mixer WxH 1264x2780-1 for Peripheral
09-25 12:37:01.745  1616  2136 I CwbService: CwbService::notifyConfigChange: display:0, config:1 size:4, sec.size():0
09-25 12:37:01.745  1616  2136 I SDM     : HWCDisplay::SubmitDisplayConfig: Active configuration changed from config 0 to 1
09-25 12:37:01.770  1768  1768 D SurfaceFlinger: initiateModeChange 4630946652107814787 {mode={fps=120.00 Hz, modePtr={id=0, vsyncRate=120.00 Hz, peakRefreshRate=120.00 Hz}}, emitEvent=false, force=false}
09-25 12:37:01.782  1616  2136 I SDM     : HWCDisplay::SetActiveConfigToIrisWrapper: SetActiveConfigToIrisWrapper on id_: 0
09-25 12:37:01.782  1616  2136 W SDM     : HWCDisplay::SetActiveConfigToIrisWrapper: HWC SetActiveConfig [1, 0], switch to [1264x2780@120]
09-25 12:37:01.782  1616  2136 W SDM     : HWDeviceDRM::GetSupportedBitClkRate: Requested rate not supported: 1012000000
09-25 12:37:01.782  1616  2136 I SDM     : HWDeviceDRM::UpdateMixerAttributes: Mixer WxH 1264x2780-1 for Peripheral
09-25 12:37:01.782  1616  2136 I CwbService: CwbService::notifyConfigChange: display:0, config:0 size:4, sec.size():0
09-25 12:37:01.782  1616  2136 I SDM     : HWCDisplay::SubmitDisplayConfig: Active configuration changed from config 1 to 0
09-25 12:37:01.809  1570  1606 I android.hardware.thermal-service.qti: sensor: cpu-2-1-0 temperature: 89.9 old: 3 new: 0
09-25 12:37:01.837  1570  1606 I android.hardware.thermal-service.qti: sensor: cpu-2-1-0 temperature: 95 old: 0 new: 3
09-25 12:37:01.853  1768  1768 D SurfaceFlinger: initiateModeChange 4630946652107814787 {mode={fps=60.00 Hz, modePtr={id=1, vsyncRate=60.00 Hz, peakRefreshRate=60.00 Hz}}, emitEvent=false, force=false}
09-25 12:37:01.854  1616  2136 I SDM     : HWCDisplay::SetActiveConfigToIrisWrapper: SetActiveConfigToIrisWrapper on id_: 0
09-25 12:37:01.854  1616  2136 W SDM     : HWCDisplay::SetActiveConfigToIrisWrapper: HWC SetActiveConfig [0, 1], switch to [1264x2780@60]
09-25 12:37:01.854  1616  2136 W SDM     : HWDeviceDRM::GetSupportedBitClkRate: Requested rate not supported: 1012000000
09-25 12:37:01.855  1616  2136 I SDM     : HWDeviceDRM::UpdateMixerAttributes: Mixer WxH 1264x2780-1 for Peripheral
09-25 12:37:01.855  1616  2136 I CwbService: CwbService::notifyConfigChange: display:0, config:1 size:4, sec.size():0
09-25 12:37:01.855  1616  2136 I SDM     : HWCDisplay::SubmitDisplayConfig: Active configuration changed from config 0 to 1
09-25 12:37:01.867  1570  1606 I android.hardware.thermal-service.qti: sensor: cpu-2-1-0 temperature: 89.9 old: 3 new: 0
09-25 12:37:01.879  1768  1768 D SurfaceFlinger: initiateModeChange 4630946652107814787 {mode={fps=120.00 Hz, modePtr={id=0, vsyncRate=120.00 Hz, peakRefreshRate=120.00 Hz}}, emitEvent=false, force=false}
09-25 12:37:01.879  1616  2136 I SDM     : HWCDisplay::SetActiveConfigToIrisWrapper: SetActiveConfigToIrisWrapper on id_: 0
09-25 12:37:01.879  1616  2136 W SDM     : HWCDisplay::SetActiveConfigToIrisWrapper: HWC SetActiveConfig [1, 0], switch to [1264x2780@120]
09-25 12:37:01.879  1616  2136 W SDM     : HWDeviceDRM::GetSupportedBitClkRate: Requested rate not supported: 1012000000
09-25 12:37:01.879  1616  2136 I SDM     : HWDeviceDRM::UpdateMixerAttributes: Mixer WxH 1264x2780-1 for Peripheral
09-25 12:37:01.879  1616  2136 I CwbService: CwbService::notifyConfigChange: display:0, config:0 size:4, sec.size():0
09-25 12:37:01.879  1616  2136 I SDM     : HWCDisplay::SubmitDisplayConfig: Active configuration changed from config 1 to 0
09-25 12:37:01.879  1570  1606 I android.hardware.thermal-service.qti: sensor: cpu-2-1-0 temperature: 95 old: 0 new: 3
09-25 12:37:01.883 10644 29868 I NearbyMediums: No BLE Fast/GATT advertisements found in the latest cycle.
09-25 12:37:01.883 10644 29868 I NearbyMediums: Current Tracked Scanning Clients are : {NearbyConnections.EnvironmentMonitor, NearbySharing, NearbyConnections.TxAdvertisement}
09-25 12:37:01.894 28772 29822 D RPCS3   : sys_tty_write(ch=0, buf=*0x58bf20, len=63, pwritelen=*0xd000fde0)
09-25 12:37:01.894 28772 29822 D RPCS3   : sys_tty_write(): “BATCHJOB: AddJob: waiting for room in job list 3 for job 56...“ << endl
09-25 12:37:01.912  1768  1768 D SurfaceFlinger: initiateModeChange 4630946652107814787 {mode={fps=60.00 Hz, modePtr={id=1, vsyncRate=60.00 Hz, peakRefreshRate=60.00 Hz}}, emitEvent=false, force=false}
09-25 12:37:01.912  1616  2136 I SDM     : HWCDisplay::SetActiveConfigToIrisWrapper: SetActiveConfigToIrisWrapper on id_: 0
09-25 12:37:01.912  1616  2136 W SDM     : HWCDisplay::SetActiveConfigToIrisWrapper: HWC SetActiveConfig [0, 1], switch to [1264x2780@60]
09-25 12:37:01.913  1616  2136 W SDM     : HWDeviceDRM::GetSupportedBitClkRate: Requested rate not supported: 1012000000
09-25 12:37:01.913  1616  2136 I SDM     : HWDeviceDRM::UpdateMixerAttributes: Mixer WxH 1264x2780-1 for Peripheral
09-25 12:37:01.913  1616  2136 I CwbService: CwbService::notifyConfigChange: display:0, config:1 size:4, sec.size():0
09-25 12:37:01.914  1616  2136 I SDM     : HWCDisplay::SubmitDisplayConfig: Active configuration changed from config 0 to 1
09-25 12:37:01.918  2866  2910 I DisplayDeviceRepository: Display device changed render timings: "Built-in Screen", renderFrameRate=60.000004, presentationDeadlineNanos=11500000, appVsyncOffsetNanos=9166666, frameRateOverrides=[]
09-25 12:37:01.919  2866  2908 D WindowManager: DeferredDisplayUpdater: partially applying DisplayInfo(1264 x 2780) immediately
09-25 12:37:01.923  1549  1598 D AHAL: AudioDevice: SetParameters: 1972: enter: screen_state=on
09-25 12:37:01.923  1549  1598 D AHAL: FM: fm_set_parameters: 261: Enter
09-25 12:37:01.923  1549  1598 D AHAL: FM: fm_set_parameters: 319: exit
09-25 12:37:01.923  1549  1598 D AHAL: AudioDevice: SetParameters: 2077:  - screen = on
09-25 12:37:01.924  1549  1598 D AHAL: AudioDevice: SetParameters: 2821: exit
09-25 12:37:02.009  1616  1871 I SDM     : DisplayBase::CommitThread: Received idle timeout, panel: cmd, timeout: 70000 us
09-25 12:37:02.022 28772 29822 D RPCS3   : sys_tty_write(ch=0, buf=*0x58bf20, len=63, pwritelen=*0xd000fde0)
09-25 12:37:02.027 28772 29822 D RPCS3   : sys_tty_write(): “BATCHJOB: AddJob: waiting for room in job list 3 for job 56...“ << endl
09-25 12:37:02.037  1695  1792 D BatteryChargeControl: bcc get no support from charging protocol
09-25 12:37:02.111  1616  1871 I SDM     : DisplayBase::CommitThread: Received idle timeout, panel: cmd, timeout: 70000 us
09-25 12:37:02.138  1570  1606 I android.hardware.thermal-service.qti: sensor: cpu-2-1-0 temperature: 89.9 old: 3 new: 0
09-25 12:37:02.164 28772 29822 D RPCS3   : sys_tty_write(ch=0, buf=*0x58bf20, len=63, pwritelen=*0xd000fde0)
09-25 12:37:02.164 28772 29822 D RPCS3   : sys_tty_write(): “BATCHJOB: AddJob: waiting for room in job list 3 for job 56...“ << endl
09-25 12:37:02.223  1570  1606 I android.hardware.thermal-service.qti: sensor: cpu-2-1-0 temperature: 95 old: 0 new: 3
09-25 12:37:02.252 28772 29822 D RPCS3   : sys_tty_write(ch=0, buf=*0x58bf20, len=63, pwritelen=*0xd000fde0)
09-25 12:37:02.252 28772 29822 D RPCS3   : sys_tty_write(): “BATCHJOB: AddJob: waiting for room in job list 3 for job 56...“ << endl
09-25 12:37:02.253 28772 29876 D RPCS3   : Building function 0x69a0... (size 80, __spu-0x069a0-9R0w3Zqb5PU0uHnHeShd1UaWsowp-s3cg1-cortex-a34-neon)
09-25 12:37:02.283 28772 29876 I RPCS3   : New SPU block compiled successfully (size=80)
09-25 12:37:02.283 28772 29876 D RPCS3   : Building function 0x6a00... (size 56, __spu-0x06a00-eJheib7UpFq5rZ9MgoNdC79revWa-s3cg1-cortex-a34-neon)
09-25 12:37:02.309 28772 29876 I RPCS3   : New SPU block compiled successfully (size=56)
09-25 12:37:02.313  1570  1606 I android.hardware.thermal-service.qti: sensor: cpu-2-1-0 temperature: 89.6 old: 3 new: 0
09-25 12:37:02.315 28772 29822 W RPCS3   : _sys_ppu_thread_create(thread_id=*0x52bdd8, param=*0xd0010730, arg=0x0, unk=0x0, prio=1001, stacksize=0x4000, flags=0x0, threadname=*0x3dcc00)
09-25 12:37:02.315 28772 29822 W RPCS3   : _sys_ppu_thread_create(): Thread "SaveDataUtil::SaveUnlocksPrefs" created (id=0x100002d, func=*0x23ecf8, rtoc=0x52d6c8, user-tls=0x10008320)
09-25 12:37:02.321 28772 30613 W RPCS3   : cellSaveDataAutoSave2(version=0, dirName=“BCUS98111-AUTOSAVE”, errDialog=2, setBuf=*0xd010d8f0, funcStat=*0x51c5f0, funcFile=*0x51c5b0, container=0xffffffff, userdata=*0x51c600)
09-25 12:37:02.322 28772 30613 D RPCS3   : savedata_op(): setBuf  = { .dirListMax=1, .fileListMax=2, .bufSize=1632 }
09-25 12:37:02.338 28772 30613 W RPCS3   : savedata_op(): Recreating savedata. (mode=3)
09-25 12:37:02.359  1616  1871 I SDM     : DisplayBase::CommitThread: Received idle timeout, panel: cmd, timeout: 70000 us
09-25 12:37:02.385 28772 30613 W RPCS3   : savedata_op(): Fileop: file='ICON0.PNG', type=2, op=1, bufSize=38000, fileSize=38000, offset=0
09-25 12:37:02.388 28772 30613 D RPCS3   : SECUREFILE: SAVEDATA -> 0xd6485e21cfb9078544fb0183e823923e
09-25 12:37:02.388 28772 30613 W RPCS3   : savedata_op(): Fileop: file='SAVEDATA', type=0, op=1, bufSize=147456, fileSize=147456, offset=0
09-25 12:37:02.443  1570  1606 I android.hardware.thermal-service.qti: sensor: cpu-1-0-0 temperature: 89.9 old: 3 new: 0
09-25 12:37:02.464 28772 29822 D RPCS3   : sys_tty_write(ch=0, buf=*0x58bf20, len=63, pwritelen=*0xd000fde0)
09-25 12:37:02.464 28772 29822 D RPCS3   : sys_tty_write(): “BATCHJOB: AddJob: waiting for room in job list 3 for job 56...“ << endl
09-25 12:37:02.493 28772 29102 D S3PERF  : crosscheck ui_snapshot_fps=7.87453 ui_snapshot_frametime_ms=170.274
09-25 12:37:02.503  1570  1606 I android.hardware.thermal-service.qti: sensor: cpu-1-0-0 temperature: 95 old: 0 new: 3
09-25 12:37:02.675  1616  1871 I SDM     : DisplayBase::CommitThread: Received idle timeout, panel: cmd, timeout: 69999 us
09-25 12:37:02.710 28772 29822 D RPCS3   : sys_tty_write(ch=0, buf=*0x58bf20, len=63, pwritelen=*0xd000fde0)
09-25 12:37:02.710 28772 29822 D RPCS3   : sys_tty_write(): “BATCHJOB: AddJob: waiting for room in job list 3 for job 56...“ << endl
09-25 12:37:02.761  1570  1606 I android.hardware.thermal-service.qti: sensor: cpu-1-0-0 temperature: 89.9 old: 3 new: 0
09-25 12:37:02.807 28772 29102 D S3PERF  : crosscheck source=surface presented=2540 json_fps=7.40039 json_frametime_ms=143.16
09-25 12:37:02.811 28772 29822 D RPCS3   : sys_tty_write(ch=0, buf=*0x58bf20, len=63, pwritelen=*0xd000fde0)
09-25 12:37:02.811 28772 29822 D RPCS3   : sys_tty_write(): “BATCHJOB: AddJob: waiting for room in job list 3 for job 56...“ << endl
09-25 12:37:02.814  1570  1606 I android.hardware.thermal-service.qti: sensor: cpu-2-1-0 temperature: 95 old: 0 new: 3
09-25 12:37:02.831 28772 30114 E RPCS3   : Video au decode has been waiting for a consumer for 5 seconds. (handle=0xf0000300, seq_id=1, cmd_id=63, queue_size=61)
09-25 12:37:02.890 28772 30613 D RPCS3   : HLE/LV2 history: 
09-25 12:37:02.890 28772 30613 D RPCS3   : (0) 0x008b21fc: sys_mutex_unlock, 0x0, r3=0x0, r4=0x0, r5=0x0, r6=0x0
09-25 12:37:02.890 28772 30613 W RPCS3   : '_sys_ppu_thread_exit' aborted (0.000161s)
09-25 12:37:02.890 28772 30613 D RPCS3   : PPU thread perf stats are not available.
09-25 12:37:02.890 28772 30613 D RPCS3   : PPU thread perf stats are not available.
09-25 12:37:02.926  1570  1606 I android.hardware.thermal-service.qti: sensor: cpu-1-0-0 temperature: 95 old: 0 new: 3
09-25 12:37:02.990  1616  1871 I SDM     : DisplayBase::CommitThread: Received idle timeout, panel: cmd, timeout: 70000 us
09-25 12:37:03.018  1768  1768 D SurfaceFlinger: initiateModeChange 4630946652107814787 {mode={fps=120.00 Hz, modePtr={id=0, vsyncRate=120.00 Hz, peakRefreshRate=120.00 Hz}}, emitEvent=false, force=false}
09-25 12:37:03.018  1616  2136 I SDM     : HWCDisplay::SetActiveConfigToIrisWrapper: SetActiveConfigToIrisWrapper on id_: 0
09-25 12:37:03.018  1616  2136 W SDM     : HWCDisplay::SetActiveConfigToIrisWrapper: HWC SetActiveConfig [1, 0], switch to [1264x2780@120]
09-25 12:37:03.019  1616  2136 W SDM     : HWDeviceDRM::GetSupportedBitClkRate: Requested rate not supported: 1012000000
09-25 12:37:03.019  1616  2136 I SDM     : HWDeviceDRM::UpdateMixerAttributes: Mixer WxH 1264x2780-1 for Peripheral
09-25 12:37:03.019  1616  2136 I CwbService: CwbService::notifyConfigChange: display:0, config:0 size:4, sec.size():0
09-25 12:37:03.019  1616  2136 I SDM     : HWCDisplay::SubmitDisplayConfig: Active configuration changed from config 1 to 0
09-25 12:37:03.019  2866  2910 I DisplayDeviceRepository: Display device changed render timings: "Built-in Screen", renderFrameRate=120.00001, presentationDeadlineNanos=11500000, appVsyncOffsetNanos=833333, frameRateOverrides=[]
09-25 12:37:03.024  2866  2908 D WindowManager: DeferredDisplayUpdater: partially applying DisplayInfo(1264 x 2780) immediately
09-25 12:37:03.028  1549  1598 D AHAL: AudioDevice: SetParameters: 1972: enter: screen_state=on
09-25 12:37:03.028  1549  1598 D AHAL: FM: fm_set_parameters: 261: Enter
09-25 12:37:03.028  1549  1598 D AHAL: FM: fm_set_parameters: 319: exit
09-25 12:37:03.029  1549  1598 D AHAL: AudioDevice: SetParameters: 2077:  - screen = on
09-25 12:37:03.029  1549  1598 D AHAL: AudioDevice: SetParameters: 2821: exit
09-25 12:37:03.038  1695  1792 D BatteryChargeControl: bcc get no support from charging protocol
09-25 12:37:03.125  1616  1871 I SDM     : DisplayBase::CommitThread: Received idle timeout, panel: cmd, timeout: 70000 us
09-25 12:37:03.233  1616  1871 I SDM     : DisplayBase::CommitThread: Received idle timeout, panel: cmd, timeout: 70000 us
09-25 12:37:03.235  1570  1606 I android.hardware.thermal-service.qti: sensor: cpu-1-0-0 temperature: 89.9 old: 3 new: 0
09-25 12:37:03.278  1570  1606 I android.hardware.thermal-service.qti: sensor: cpu-1-0-0 temperature: 95.4 old: 0 new: 3
09-25 12:37:03.287  1570  1606 I android.hardware.thermal-service.qti: sensor: cpu-2-1-0 temperature: 89.9 old: 3 new: 0
09-25 12:37:03.342  1768  1768 D SurfaceFlinger: initiateModeChange 4630946652107814787 {mode={fps=60.00 Hz, modePtr={id=1, vsyncRate=60.00 Hz, peakRefreshRate=60.00 Hz}}, emitEvent=false, force=false}
09-25 12:37:03.342  1616  2136 I SDM     : HWCDisplay::SetActiveConfigToIrisWrapper: SetActiveConfigToIrisWrapper on id_: 0
09-25 12:37:03.342  1616  2136 W SDM     : HWCDisplay::SetActiveConfigToIrisWrapper: HWC SetActiveConfig [0, 1], switch to [1264x2780@60]
09-25 12:37:03.343  1616  2136 W SDM     : HWDeviceDRM::GetSupportedBitClkRate: Requested rate not supported: 1012000000
09-25 12:37:03.343  1616  2136 I SDM     : HWDeviceDRM::UpdateMixerAttributes: Mixer WxH 1264x2780-1 for Peripheral
09-25 12:37:03.343  1616  2136 I CwbService: CwbService::notifyConfigChange: display:0, config:1 size:4, sec.size():0
09-25 12:37:03.343  1616  2136 I SDM     : HWCDisplay::SubmitDisplayConfig: Active configuration changed from config 0 to 1
09-25 12:37:03.344  1616  1871 I SDM     : DisplayBase::CommitThread: Received idle timeout, panel: cmd, timeout: 70000 us
09-25 12:37:03.362 30614 30614 W libbinder.BackendUnifiedServiceManager: Thread Pool max thread count is 0. Cannot cache binder as linkToDeath cannot be implemented. serviceName: thermalservice
09-25 12:37:03.410 30617 30617 W libbinder.BackendUnifiedServiceManager: Thread Pool max thread count is 0. Cannot cache binder as linkToDeath cannot be implemented. serviceName: battery
09-25 12:37:03.440  1616  1871 I SDM     : DisplayBase::CommitThread: Received idle timeout, panel: cmd, timeout: 70000 us
09-25 12:37:03.448 30620 30620 W libbinder.BackendUnifiedServiceManager: Thread Pool max thread count is 0. Cannot cache binder as linkToDeath cannot be implemented. serviceName: meminfo
09-25 12:37:03.448  2866  3121 D ActivityManager: freezer override set to true
09-25 12:37:03.450  2866  3121 D ActivityManager: sync unfroze 11890 com.android.settings for 19
09-25 12:37:03.450  2866  3121 D ActivityManager: sync unfroze 13163 com.android.calllogbackup for 19
09-25 12:37:03.451  2866  3121 D ActivityManager: sync unfroze 12972 com.android.dialer for 19
09-25 12:37:03.451  2866  3121 D ActivityManager: sync unfroze 4409 com.android.cellbroadcastreceiver.module for 19
09-25 12:37:03.452 12972 12972 D ActivityThread: Package [com.zenithblue.sambas3] reported as REPLACED, but missing application info. Assuming REMOVED.
09-25 12:37:03.452  2866  3121 D ActivityManager: sync unfroze 9836 android.process.media for 19
09-25 12:37:03.453  4409  4409 D ActivityThread: Package [com.zenithblue.sambas3] reported as REPLACED, but missing application info. Assuming REMOVED.
09-25 12:37:03.453  1570  1606 I android.hardware.thermal-service.qti: sensor: cpu-2-1-0 temperature: 95 old: 0 new: 3
09-25 12:37:03.454 13163 13163 D ActivityThread: Package [com.zenithblue.sambas3] reported as REPLACED, but missing application info. Assuming REMOVED.
09-25 12:37:03.454  2866  3121 D ActivityManager: sync unfroze 21744 com.google.android.apps.nbu.files for 19
09-25 12:37:03.454  9836  9836 D ActivityThread: Package [com.zenithblue.sambas3] reported as REPLACED, but missing application info. Assuming REMOVED.
09-25 12:37:03.455  4409  4409 D ActivityThread: Package [com.zenithblue.sambas3] reported as REPLACED, but missing application info. Assuming REMOVED.
09-25 12:37:03.455  2866  3121 D ActivityManager: sync unfroze 19821 com.google.android.apps.wellbeing for 19
09-25 12:37:03.455  4409  4409 D ActivityThread: Package [com.zenithblue.sambas3] reported as REPLACED, but missing application info. Assuming REMOVED.
09-25 12:37:03.456  2866  3121 D ActivityManager: sync unfroze 21652 com.android.documentsui for 19
09-25 12:37:03.456  2866  3121 D ActivityManager: sync unfroze 22886 com.google.android.projection.gearhead:car for 19
09-25 12:37:03.457 22886 22886 D ActivityThread: Package [com.zenithblue.sambas3] reported as REPLACED, but missing application info. Assuming REMOVED.
09-25 12:37:03.459 21652 21652 D ActivityThread: Package [com.zenithblue.sambas3] reported as REPLACED, but missing application info. Assuming REMOVED.
09-25 12:37:03.460 12972 12972 D ActivityThread: Package [com.zenithblue.sambas3] reported as REPLACED, but missing application info. Assuming REMOVED.
09-25 12:37:03.460 21652 21652 D ActivityThread: Package [com.zenithblue.sambas3] reported as REPLACED, but missing application info. Assuming REMOVED.
09-25 12:37:03.460  4409  4409 D ActivityThread: Package [com.zenithblue.sambas3] reported as REPLACED, but missing application info. Assuming REMOVED.
09-25 12:37:03.460 21652 21652 D ActivityThread: Package [com.zenithblue.sambas3] reported as REPLACED, but missing application info. Assuming REMOVED.
09-25 12:37:03.460 21652 21652 D ActivityThread: Package [com.zenithblue.sambas3] reported as REPLACED, but missing application info. Assuming REMOVED.
09-25 12:37:03.460 12972 12972 D ActivityThread: Package [com.zenithblue.sambas3] reported as REPLACED, but missing application info. Assuming REMOVED.
09-25 12:37:03.461 12972 12972 D ActivityThread: Package [com.zenithblue.sambas3] reported as REPLACED, but missing application info. Assuming REMOVED.
09-25 12:37:03.461 22886 22886 D ActivityThread: Package [com.zenithblue.sambas3] reported as REPLACED, but missing application info. Assuming REMOVED.
09-25 12:37:03.461 19821 19821 D ActivityThread: Package [com.zenithblue.sambas3] reported as REPLACED, but missing application info. Assuming REMOVED.
09-25 12:37:03.461 22886 22886 D ActivityThread: Package [com.zenithblue.sambas3] reported as REPLACED, but missing application info. Assuming REMOVED.
09-25 12:37:03.461 22886 22886 D ActivityThread: Package [com.zenithblue.sambas3] reported as REPLACED, but missing application info. Assuming REMOVED.
09-25 12:37:03.462  9836  9836 D ActivityThread: Package [com.zenithblue.sambas3] reported as REPLACED, but missing application info. Assuming REMOVED.
09-25 12:37:03.462 13163 13163 D ActivityThread: Package [com.zenithblue.sambas3] reported as REPLACED, but missing application info. Assuming REMOVED.
09-25 12:37:03.463  2866  3121 D ActivityManager: sync unfroze 22534 com.phonepe.app for 19
09-25 12:37:03.465  2866  3121 D ActivityManager: sync unfroze 22520 com.google.android.apps.youtube.creator for 19
09-25 12:37:03.466  2866  3121 D ActivityManager: sync unfroze 11211 com.google.android.apps.maps for 19
09-25 12:37:03.468  1768  1768 D SurfaceFlinger: initiateModeChange 4630946652107814787 {mode={fps=120.00 Hz, modePtr={id=0, vsyncRate=120.00 Hz, peakRefreshRate=120.00 Hz}}, emitEvent=false, force=false}
09-25 12:37:03.468  1616  2136 I SDM     : HWCDisplay::SetActiveConfigToIrisWrapper: SetActiveConfigToIrisWrapper on id_: 0
09-25 12:37:03.468  1616  2136 W SDM     : HWCDisplay::SetActiveConfigToIrisWrapper: HWC SetActiveConfig [1, 0], switch to [1264x2780@120]
09-25 12:37:03.468  2866  3121 D ActivityManager: sync unfroze 10058 android.process.acore for 19
09-25 12:37:03.468  1616  2136 W SDM     : HWDeviceDRM::GetSupportedBitClkRate: Requested rate not supported: 1012000000
09-25 12:37:03.468  1616  2136 I SDM     : HWDeviceDRM::UpdateMixerAttributes: Mixer WxH 1264x2780-1 for Peripheral
09-25 12:37:03.468  1616  2136 I CwbService: CwbService::notifyConfigChange: display:0, config:0 size:4, sec.size():0
09-25 12:37:03.468  1616  2136 I SDM     : HWCDisplay::SubmitDisplayConfig: Active configuration changed from config 1 to 0
09-25 12:37:03.468  2866  3121 D ActivityManager: sync unfroze 18760 com.android.rkpdapp for 19
09-25 12:37:03.471  2866  3121 D ActivityManager: sync unfroze 9993 com.google.android.apps.turbo:aab for 19
09-25 12:37:03.472  2866  3121 D ActivityManager: sync unfroze 19032 org.lineageos.etar for 19
09-25 12:37:03.473 18760 18760 D ActivityThread: Package [com.zenithblue.sambas3] reported as REPLACED, but missing application info. Assuming REMOVED.
09-25 12:37:03.474 19032 19032 D ActivityThread: Package [com.zenithblue.sambas3] reported as REPLACED, but missing application info. Assuming REMOVED.
09-25 12:37:03.476 13163 13163 D ActivityThread: Package [com.zenithblue.sambas3] reported as REPLACED, but missing application info. Assuming REMOVED.
09-25 12:37:03.478 18760 18760 D ActivityThread: Package [com.zenithblue.sambas3] reported as REPLACED, but missing application info. Assuming REMOVED.
09-25 12:37:03.478 18760 18760 D ActivityThread: Package [com.zenithblue.sambas3] reported as REPLACED, but missing application info. Assuming REMOVED.
09-25 12:37:03.478 18760 18760 D ActivityThread: Package [com.zenithblue.sambas3] reported as REPLACED, but missing application info. Assuming REMOVED.
09-25 12:37:03.479  2866  3121 D ActivityManager: sync unfroze 27883 com.google.android.apps.chromecast.app for 19
09-25 12:37:03.482  2866  3121 D ActivityManager: sync unfroze 10021 com.whatsapp for 19
09-25 12:37:03.482  2866  3121 D ActivityManager: sync unfroze 10606 com.android.keychain for 19
09-25 12:37:03.483  2866  3121 D ActivityManager: sync unfroze 24120 com.android.providers.calendar for 19
09-25 12:37:03.483  2866  3121 D ActivityManager: sync unfroze 11194 com.google.android.webview:sandboxed_process0:org.chromium.content.app.SandboxedProcessService0:0 for 19
09-25 12:37:03.484  2866  3121 D ActivityManager: sync unfroze 18238 org.mozilla.fenix:crashhelper_disable_art_image_ for 19
09-25 12:37:03.487  2866  3121 D ActivityManager: sync unfroze 10985 com.google.android.gm for 19
09-25 12:37:03.489  2866  3121 D ActivityManager: sync unfroze 18204 org.mozilla.fenix for 19
09-25 12:37:03.490  2866  3121 D ActivityManager: sync unfroze 5948 com.android.chrome for 19
09-25 12:37:03.492  2866  3121 D ActivityManager: sync unfroze 24634 com.jio.myjio for 19
09-25 12:37:03.493  2866  3121 D ActivityManager: sync unfroze 15456 com.google.android.gms.unstable for 19
09-25 12:37:03.493  2866  3121 D ActivityManager: sync unfroze 10500 com.google.android.verifier for 19
09-25 12:37:03.494  2866  3121 D ActivityManager: sync unfroze 21820 com.android.packageinstaller for 19
09-25 12:37:03.495  2866  3121 D ActivityManager: sync unfroze 10664 com.android.vending:background for 19
09-25 12:37:03.496  2866  3121 D ActivityManager: sync unfroze 10608 com.android.permissioncontroller for 19
09-25 12:37:03.498 10452 10466 I Finsky  : [946] Stats for Executor: LightweightExecutor xsm@525be95[Running, pool size = 4, active threads = 0, queued tasks = 0, completed tasks = 748]
09-25 12:37:03.498 10452 10466 I Finsky  : [946] Stats for Executor: BlockingExecutor xsm@10d6ae4[Running, pool size = 2, active threads = 0, queued tasks = 0, completed tasks = 148]
09-25 12:37:03.498 10452 10466 I Finsky  : [946] Stats for Executor: bgExecutor xsm@d06a8fe[Running, pool size = 4, active threads = 0, queued tasks = 1, completed tasks = 2390]
09-25 12:37:03.498 10452 10466 I Finsky  : [946] Stats for Executor: GrpcBackgroundExecutor xsm@36d21e2[Running, pool size = 2, active threads = 0, queued tasks = 0, completed tasks = 2]
09-25 12:37:03.498 10452 10481 I Finsky  : [961] AIM: AppInfoManager-Perf > Destroying AppInfoManager ...
09-25 12:37:03.499 10664 10684 I Finsky:background: [945] Stats for Executor: bgExecutor xsm@9a02b4d[Running, pool size = 4, active threads = 0, queued tasks = 0, completed tasks = 112]
09-25 12:37:03.499 10664 10684 I Finsky:background: [945] Stats for Executor: LightweightExecutor xsm@1ca7e81[Running, pool size = 4, active threads = 0, queued tasks = 0, completed tasks = 53]
09-25 12:37:03.499 10664 10684 I Finsky:background: [945] Stats for Executor: BlockingExecutor xsm@8cb51d2[Running, pool size = 2, active threads = 0, queued tasks = 0, completed tasks = 101]
09-25 12:37:03.502 10021 10021 D ActivityThread: Package [com.zenithblue.sambas3] reported as REPLACED, but missing application info. Assuming REMOVED.
09-25 12:37:03.504  2866  3121 D ActivityManager: sync unfroze 10452 com.android.vending for 19
09-25 12:37:03.505  2866  3121 D ActivityManager: sync unfroze 28640 org.telegram.messenger for 19
09-25 12:37:03.508 10608 16730 D AccessibilitySourceService: enabled a11y services count 0
09-25 12:37:03.508 10608 16730 D AccessibilitySourceService: a11y source sending 0 issue to sc
09-25 12:37:03.509 10058 10058 D ActivityThread: Package [com.zenithblue.sambas3] reported as REPLACED, but missing application info. Assuming REMOVED.
09-25 12:37:03.510  2866  4153 D SafetySourceDataValidat: No cert check requested for package com.android.permissioncontroller
09-25 12:37:03.516 10021 10216 D WM-NetworkStateTracker: Network capabilities changed: [ Transports: CELLULAR Capabilities: SUPL&INTERNET&NOT_RESTRICTED&TRUSTED&NOT_VPN&VALIDATED&NOT_ROAMING&FOREGROUND&NOT_CONGESTED&NOT_SUSPENDED&NOT_VCN_MANAGED&NOT_BANDWIDTH_CONSTRAINED LinkUpBandwidth>=60000Kbps LinkDnBandwidth>=155461Kbps Specifier: <TelephonyNetworkSpecifier [mSubId = 1]> SubscriptionIds: {1} UnderlyingNetworks: Null]
09-25 12:37:03.517  9836  9836 D ActivityThread: Package [com.zenithblue.sambas3] reported as REPLACED, but missing application info. Assuming REMOVED.
09-25 12:37:03.522  9836  9836 D ActivityThread: Package [com.zenithblue.sambas3] reported as REPLACED, but missing application info. Assuming REMOVED.
09-25 12:37:03.522 27883 27887 W .chromecast.app: Suspending all threads took: 39.080ms
09-25 12:37:03.522 13163 13163 D ActivityThread: Package [com.zenithblue.sambas3] reported as REPLACED, but missing application info. Assuming REMOVED.
09-25 12:37:03.524 10608 16730 D AccessibilitySourceService: enabled a11y services count 0
09-25 12:37:03.524 10608 16730 D AccessibilitySourceService: a11y source sending 0 issue to sc
09-25 12:37:03.524  2866  3814 D SafetySourceDataValidat: No cert check requested for package com.android.permissioncontroller
09-25 12:37:03.525 10058 10058 D ActivityThread: Package [com.zenithblue.sambas3] reported as REPLACED, but missing application info. Assuming REMOVED.
09-25 12:37:03.526 22520 22520 D ActivityThread: Package [com.zenithblue.sambas3] reported as REPLACED, but missing application info. Assuming REMOVED.
09-25 12:37:03.527 19032 19032 D ActivityThread: Package [com.zenithblue.sambas3] reported as REPLACED, but missing application info. Assuming REMOVED.
09-25 12:37:03.527 22520 22520 D ActivityThread: Package [com.zenithblue.sambas3] reported as REPLACED, but missing application info. Assuming REMOVED.
09-25 12:37:03.527 10021 10021 D ActivityThread: Package [com.zenithblue.sambas3] reported as REPLACED, but missing application info. Assuming REMOVED.
09-25 12:37:03.527 22520 22520 D ActivityThread: Package [com.zenithblue.sambas3] reported as REPLACED, but missing application info. Assuming REMOVED.
09-25 12:37:03.527 22520 22520 D ActivityThread: Package [com.zenithblue.sambas3] reported as REPLACED, but missing application info. Assuming REMOVED.
09-25 12:37:03.530 28640 28640 I Choreographer: Skipped 23472 frames!  The application may be doing too much work on its main thread.
09-25 12:37:03.531 10058 10058 D ActivityThread: Package [com.zenithblue.sambas3] reported as REPLACED, but missing application info. Assuming REMOVED.
09-25 12:37:03.533 10058 10058 D ActivityThread: Package [com.zenithblue.sambas3] reported as REPLACED, but missing application info. Assuming REMOVED.
09-25 12:37:03.534 10608 16730 D AccessibilitySourceService: enabled a11y services count 0
09-25 12:37:03.534 10608 16730 D AccessibilitySourceService: a11y source sending 0 issue to sc
09-25 12:37:03.535  2866  3895 D SafetySourceDataValidat: No cert check requested for package com.android.permissioncontroller
09-25 12:37:03.536 22534 22534 D ActivityThread: Package [com.zenithblue.sambas3] reported as REPLACED, but missing application info. Assuming REMOVED.
09-25 12:37:03.538 22534 22534 D ActivityThread: Package [com.zenithblue.sambas3] reported as REPLACED, but missing application info. Assuming REMOVED.
09-25 12:37:03.541 22534 22534 D ActivityThread: Package [com.zenithblue.sambas3] reported as REPLACED, but missing application info. Assuming REMOVED.
09-25 12:37:03.547 22534 22534 D ActivityThread: Package [com.zenithblue.sambas3] reported as REPLACED, but missing application info. Assuming REMOVED.
09-25 12:37:03.547 11211 11211 D ActivityThread: Package [com.zenithblue.sambas3] reported as REPLACED, but missing application info. Assuming REMOVED.
09-25 12:37:03.548 11211 11211 D ActivityThread: Package [com.zenithblue.sambas3] reported as REPLACED, but missing application info. Assuming REMOVED.
09-25 12:37:03.549 27883 27883 D ActivityThread: Package [com.zenithblue.sambas3] reported as REPLACED, but missing application info. Assuming REMOVED.
09-25 12:37:03.549 27883 27883 D ActivityThread: Package [com.zenithblue.sambas3] reported as REPLACED, but missing application info. Assuming REMOVED.
09-25 12:37:03.549 10608 16730 D AccessibilitySourceService: enabled a11y services count 0
09-25 12:37:03.549 10608 16730 D AccessibilitySourceService: a11y source sending 0 issue to sc
09-25 12:37:03.551 11211 11211 D ActivityThread: Package [com.zenithblue.sambas3] reported as REPLACED, but missing application info. Assuming REMOVED.
09-25 12:37:03.551  2866  4153 D SafetySourceDataValidat: No cert check requested for package com.android.permissioncontroller
09-25 12:37:03.554  9993  9993 D ActivityThread: Package [com.zenithblue.sambas3] reported as REPLACED, but missing application info. Assuming REMOVED.
09-25 12:37:03.555 10644 10644 D BoundBrokerSvc: onUnbind: Intent { act=com.google.android.gms.cloudmessaging.service.START dat=chimera-action:/... xflg=0x4 cmp=com.google.android.gms/.chimera.PersistentApiService }
09-25 12:37:03.556  1616  1871 I SDM     : DisplayBase::CommitThread: Received idle timeout, panel: cmd, timeout: 70000 us
09-25 12:37:03.557  9993  9993 D ActivityThread: Package [com.zenithblue.sambas3] reported as REPLACED, but missing application info. Assuming REMOVED.
09-25 12:37:03.557  2866  3119 D ConnectivityService: requestNetwork for uid/pid:10416/27883 activeRequest: null callbackRequest: 27172 [NetworkRequest [ REQUEST id=27173, [ Capabilities: INTERNET&NOT_RESTRICTED&TRUSTED&NOT_VCN_MANAGED&NOT_BANDWIDTH_CONSTRAINED Uid: 10416 RequestorUid: 10416 RequestorPkg: com.google.android.apps.chromecast.app UnderlyingNetworks: Null] ]] callback flags: 0 order: 2147483647 isUidTracked: false declaredMethods: AVAIL|LOST|NC|BLK
09-25 12:37:03.557 11211 11211 D ActivityThread: Package [com.zenithblue.sambas3] reported as REPLACED, but missing application info. Assuming REMOVED.
09-25 12:37:03.559  2866  3681 D ConnectivityService: NetReassign [27173 : null → 130] [c 0] [a 0] [i 1]
09-25 12:37:03.560  2866  3674 D WifiNetworkFactory: got request NetworkRequest [ REQUEST id=27173, [ Capabilities: INTERNET&NOT_RESTRICTED&TRUSTED&NOT_VCN_MANAGED&NOT_BANDWIDTH_CONSTRAINED Uid: 10416 RequestorUid: 10416 RequestorPkg: com.google.android.apps.chromecast.app UnderlyingNetworks: Null] ]
09-25 12:37:03.560  2866  3674 D UntrustedWifiNetworkFactory: got request NetworkRequest [ REQUEST id=27173, [ Capabilities: INTERNET&NOT_RESTRICTED&TRUSTED&NOT_VCN_MANAGED&NOT_BANDWIDTH_CONSTRAINED Uid: 10416 RequestorUid: 10416 RequestorPkg: com.google.android.apps.chromecast.app UnderlyingNetworks: Null] ]
09-25 12:37:03.560  2866  3674 D OemPaidWifiNetworkFactory: got request NetworkRequest [ REQUEST id=27173, [ Capabilities: INTERNET&NOT_RESTRICTED&TRUSTED&NOT_VCN_MANAGED&NOT_BANDWIDTH_CONSTRAINED Uid: 10416 RequestorUid: 10416 RequestorPkg: com.google.android.apps.chromecast.app UnderlyingNetworks: Null] ]
09-25 12:37:03.560  2866  3674 D MultiInternetWifiNetworkFactory: got request NetworkRequest [ REQUEST id=27173, [ Capabilities: INTERNET&NOT_RESTRICTED&TRUSTED&NOT_VCN_MANAGED&NOT_BANDWIDTH_CONSTRAINED Uid: 10416 RequestorUid: 10416 RequestorPkg: com.google.android.apps.chromecast.app UnderlyingNetworks: Null] ]
09-25 12:37:03.560 19821 19821 D ActivityThread: Package [com.zenithblue.sambas3] reported as REPLACED, but missing application info. Assuming REMOVED.
09-25 12:37:03.567 10608 16730 D AccessibilitySourceService: enabled a11y services count 0
09-25 12:37:03.567 10608 16730 D AccessibilitySourceService: a11y source sending 0 issue to sc
09-25 12:37:03.573  2866  3814 D SafetySourceDataValidat: No cert check requested for package com.android.permissioncontroller
09-25 12:37:03.577 10644 10644 D BoundBrokerSvc: onUnbind: Intent { act=com.google.android.gms.pay.service.BIND dat=chimera-action:/... xflg=0x4 cmp=com.google.android.gms/.chimera.GmsApiService }
09-25 12:37:03.578 10644 10644 D BoundBrokerSvc: onUnbind: Intent { act=com.google.android.gms.auth.service.START xflg=0x4 pkg=com.google.android.gms }
09-25 12:37:03.579  2866  3614 D ActivityManager: Skipping freeze for process 15456 com.google.android.gms.unstable curAdj = 915(override)
09-25 12:37:03.579 10644 10644 D BoundBrokerSvc: onUnbind: Intent { act=com.google.android.gms.auth.aang.events.services.START dat=chimera-action:/... xflg=0x4 cmp=com.google.android.gms/.chimera.PersistentApiService }
09-25 12:37:03.580  2866 10258 D ConnectivityService: requestNetwork for uid/pid:10418/22520 activeRequest: null callbackRequest: 27174 [NetworkRequest [ REQUEST id=27175, [ Capabilities: INTERNET&NOT_RESTRICTED&TRUSTED&NOT_VCN_MANAGED&NOT_BANDWIDTH_CONSTRAINED Uid: 10418 RequestorUid: 10418 RequestorPkg: com.google.android.apps.youtube.creator UnderlyingNetworks: Null] ]] callback flags: 0 order: 2147483647 isUidTracked: false declaredMethods: AVAIL|LOST|NC|BLK
09-25 12:37:03.581  2866  3681 D ConnectivityService: NetReassign [27175 : null → 130] [c 0] [a 0] [i 0]
09-25 12:37:03.583  2866  3674 D WifiNetworkFactory: got request NetworkRequest [ REQUEST id=27175, [ Capabilities: INTERNET&NOT_RESTRICTED&TRUSTED&NOT_VCN_MANAGED&NOT_BANDWIDTH_CONSTRAINED Uid: 10418 RequestorUid: 10418 RequestorPkg: com.google.android.apps.youtube.creator UnderlyingNetworks: Null] ]
09-25 12:37:03.583  2866  3674 D UntrustedWifiNetworkFactory: got request NetworkRequest [ REQUEST id=27175, [ Capabilities: INTERNET&NOT_RESTRICTED&TRUSTED&NOT_VCN_MANAGED&NOT_BANDWIDTH_CONSTRAINED Uid: 10418 RequestorUid: 10418 RequestorPkg: com.google.android.apps.youtube.creator UnderlyingNetworks: Null] ]
09-25 12:37:03.583  2866  3674 D OemPaidWifiNetworkFactory: got request NetworkRequest [ REQUEST id=27175, [ Capabilities: INTERNET&NOT_RESTRICTED&TRUSTED&NOT_VCN_MANAGED&NOT_BANDWIDTH_CONSTRAINED Uid: 10418 RequestorUid: 10418 RequestorPkg: com.google.android.apps.youtube.creator UnderlyingNetworks: Null] ]
09-25 12:37:03.583  2866  3674 D MultiInternetWifiNetworkFactory: got request NetworkRequest [ REQUEST id=27175, [ Capabilities: INTERNET&NOT_RESTRICTED&TRUSTED&NOT_VCN_MANAGED&NOT_BANDWIDTH_CONSTRAINED Uid: 10418 RequestorUid: 10418 RequestorPkg: com.google.android.apps.youtube.creator UnderlyingNetworks: Null] ]
09-25 12:37:03.584 19821 19821 D ActivityThread: Package [com.zenithblue.sambas3] reported as REPLACED, but missing application info. Assuming REMOVED.
09-25 12:37:03.584 19821 19821 D ActivityThread: Package [com.zenithblue.sambas3] reported as REPLACED, but missing application info. Assuming REMOVED.
09-25 12:37:03.586 10608 16730 D AccessibilitySourceService: enabled a11y services count 0
09-25 12:37:03.587 10608 16730 D AccessibilitySourceService: a11y source sending 0 issue to sc
09-25 12:37:03.589  2866  3895 D SafetySourceDataValidat: No cert check requested for package com.android.permissioncontroller
09-25 12:37:03.597  2866  3814 D FileUtils: Rounded bytes from 11768078336 to 16000000000
09-25 12:37:03.601 27883 30652 W brqv    : [{0}] Failed to resolve name. status={1}
09-25 12:37:03.617  1570  1606 I android.hardware.thermal-service.qti: sensor: cpu-1-2-0 temperature: 95 old: 0 new: 3
09-25 12:37:03.620 28772 29822 D RPCS3   : sys_tty_write(ch=0, buf=*0x58bf20, len=63, pwritelen=*0xd000fde0)
09-25 12:37:03.620 28772 29822 D RPCS3   : sys_tty_write(): “BATCHJOB: AddJob: waiting for room in job list 3 for job 56...“ << endl
09-25 12:37:03.630  2866 10258 D ConnectivityService: Returning BLOCKED NetworkInfo to uid=10444
09-25 12:37:03.645  2866  3614 D ActivityManager: Skipping freeze for process 10985 com.google.android.gm curAdj = 925(override)
09-25 12:37:03.653 22886 22917 V ClearcutMetricXmitter: Transmission is done.
09-25 12:37:03.655  1570  1606 I android.hardware.thermal-service.qti: sensor: cpu-2-1-0 temperature: 89.9 old: 3 new: 0
09-25 12:37:03.661  1570  1606 I android.hardware.thermal-service.qti: sensor: cpu-2-1-0 temperature: 95 old: 0 new: 3
09-25 12:37:03.679  1570  1606 I android.hardware.thermal-service.qti: sensor: cpu-1-0-0 temperature: 89.9 old: 3 new: 0
09-25 12:37:03.681  1616  1871 I SDM     : DisplayBase::CommitThread: Received idle timeout, panel: cmd, timeout: 70000 us
09-25 12:37:03.691  2866  3734 D BackgroundInstallControlService: Package event received: 0
09-25 12:37:03.692  1768  1768 D SurfaceFlinger: initiateModeChange 4630946652107814787 {mode={fps=60.00 Hz, modePtr={id=1, vsyncRate=60.00 Hz, peakRefreshRate=60.00 Hz}}, emitEvent=false, force=false}
09-25 12:37:03.692  1616  2136 I SDM     : HWCDisplay::SetActiveConfigToIrisWrapper: SetActiveConfigToIrisWrapper on id_: 0
09-25 12:37:03.692  1616  2136 W SDM     : HWCDisplay::SetActiveConfigToIrisWrapper: HWC SetActiveConfig [0, 1], switch to [1264x2780@60]
09-25 12:37:03.692  1616  2136 W SDM     : HWDeviceDRM::GetSupportedBitClkRate: Requested rate not supported: 1012000000
09-25 12:37:03.693  1616  2136 I SDM     : HWDeviceDRM::UpdateMixerAttributes: Mixer WxH 1264x2780-1 for Peripheral
09-25 12:37:03.693  1616  2136 I CwbService: CwbService::notifyConfigChange: display:0, config:1 size:4, sec.size():0
09-25 12:37:03.693  1616  2136 I SDM     : HWCDisplay::SubmitDisplayConfig: Active configuration changed from config 0 to 1
09-25 12:37:03.693  2866  3614 D ActivityManager: Skipping freeze for process 22520 com.google.android.apps.youtube.creator curAdj = 965(override)
09-25 12:37:03.702 28772 29022 I ithblue.sambas3: Explicit concurrent mark compact GC freed 25MB AllocSpace bytes, 301(5532KB) LOS objects, 75% free, 11MB/45MB, paused 319us,1.351ms total 48.086ms
09-25 12:37:03.703 10644 11136 W AdvertisingIdSettings: Package com.google.android.apps.youtube.creator failed Ad Id permission check. Apps that target Android SDK 33 or higher should declare com.google.android.gms.permission.AD_ID in the app manifest to access Ad Id.
09-25 12:37:03.712  2866  3614 D ActivityManager: Skipping freeze for process 22520 com.google.android.apps.youtube.creator curAdj = 965(override)
09-25 12:37:03.712 10644 10644 D BoundBrokerSvc: onRebind: Intent { act=com.google.android.gms.common.telemetry.service.START dat=chimera-action:/... xflg=0x4 cmp=com.google.android.gms/.chimera.PersistentApiService }
09-25 12:37:03.721  3958  3958 D QtiCarrierConfigHelper: WARNING, no carrier configs on phone Id: 0
09-25 12:37:03.723  2866  2866 I LineageHealth: isSupported mode called, param: 2, supported: 3
09-25 12:37:03.723  2866  2866 I LineageHealth: mIsPowerConnected: true, mBatteryPct: 78.0
09-25 12:37:03.723  2866  2866 I LineageHealth: Current battery level: 78.0, target: 80, limit set: false
09-25 12:37:03.726  2866  2910 I DisplayDeviceRepository: Display device changed render timings: "Built-in Screen", renderFrameRate=60.000004, presentationDeadlineNanos=11500000, appVsyncOffsetNanos=9166666, frameRateOverrides=[]
09-25 12:37:03.726  2866  2908 D WindowManager: DeferredDisplayUpdater: partially applying DisplayInfo(1264 x 2780) immediately
09-25 12:37:03.727  1549  1598 D AHAL: AudioDevice: SetParameters: 1972: enter: screen_state=on
09-25 12:37:03.727  1549  1598 D AHAL: FM: fm_set_parameters: 261: Enter
09-25 12:37:03.727  1549  1598 D AHAL: FM: fm_set_parameters: 319: exit
09-25 12:37:03.727  1549  1598 D AHAL: AudioDevice: SetParameters: 2077:  - screen = on
09-25 12:37:03.727  1549  1598 D AHAL: AudioDevice: SetParameters: 2821: exit
09-25 12:37:03.731 10644 11136 W AdvertisingIdSettings: Package com.google.android.apps.youtube.creator failed Ad Id permission check. Apps that target Android SDK 33 or higher should declare com.google.android.gms.permission.AD_ID in the app manifest to access Ad Id.
09-25 12:37:03.743  1570  1606 I android.hardware.thermal-service.qti: sensor: cpu-1-0-0 temperature: 95 old: 0 new: 3
09-25 12:37:03.760 28772 28772 W Bundle  : Key battery_low expected Integer but value was a java.lang.Boolean.  The default value 0 was returned.
09-25 12:37:03.760 28772 28772 W Bundle  : Attempt to cast generated internal exception:
09-25 12:37:03.760 28772 28772 W Bundle  : java.lang.ClassCastException: java.lang.Boolean cannot be cast to java.lang.Integer
09-25 12:37:03.760 28772 28772 W Bundle  : 	at android.os.BaseBundle.getInt(BaseBundle.java:1348)
09-25 12:37:03.760 28772 28772 W Bundle  : 	at android.content.Intent.getIntExtra(Intent.java:9617)
09-25 12:37:03.760 28772 28772 W Bundle  : 	at ry0.b0(r8-map-id-829dc4487d0d500cd2994be3a64f9d184aac50112651e684c7fffcf85fdf0b9e:47)
09-25 12:37:03.760 28772 28772 W Bundle  : 	at qa.onReceive(r8-map-id-829dc4487d0d500cd2994be3a64f9d184aac50112651e684c7fffcf85fdf0b9e:16)
09-25 12:37:03.760 28772 28772 W Bundle  : 	at android.app.LoadedApk$ReceiverDispatcher$Args.lambda$getRunnable$0(LoadedApk.java:1931)
09-25 12:37:03.760 28772 28772 W Bundle  : 	at android.app.LoadedApk$ReceiverDispatcher$Args.$r8$lambda$mcNAAl1SQ4MyJPyDg8TJ2x2h0Rk(Unknown Source:0)
09-25 12:37:03.760 28772 28772 W Bundle  : 	at android.app.LoadedApk$ReceiverDispatcher$Args$$ExternalSyntheticLambda0.run(D8$$SyntheticClass:0)
09-25 12:37:03.760 28772 28772 W Bundle  : 	at android.os.Handler.handleCallback(Handler.java:1070)
09-25 12:37:03.760 28772 28772 W Bundle  : 	at android.os.Handler.dispatchMessage(Handler.java:125)
09-25 12:37:03.760 28772 28772 W Bundle  : 	at android.os.Looper.dispatchMessage(Looper.java:333)
09-25 12:37:03.760 28772 28772 W Bundle  : 	at android.os.Looper.loopOnce(Looper.java:263)
09-25 12:37:03.760 28772 28772 W Bundle  : 	at android.os.Looper.loop(Looper.java:367)
09-25 12:37:03.760 28772 28772 W Bundle  : 	at android.app.ActivityThread.main(ActivityThread.java:9328)
09-25 12:37:03.760 28772 28772 W Bundle  : 	at java.lang.reflect.Method.invoke(Native Method)
09-25 12:37:03.760 28772 28772 W Bundle  : 	at com.android.internal.os.RuntimeInit$MethodAndArgsCaller.run(RuntimeInit.java:569)
09-25 12:37:03.760 28772 28772 W Bundle  : 	at com.android.internal.os.ZygoteInit.main(ZygoteInit.java:929)
09-25 12:37:03.761 28772 28772 W Bundle  : Key battery_low expected Integer but value was a java.lang.Boolean.  The default value 0 was returned.
09-25 12:37:03.761 28772 28772 W Bundle  : Attempt to cast generated internal exception:
09-25 12:37:03.761 28772 28772 W Bundle  : java.lang.ClassCastException: java.lang.Boolean cannot be cast to java.lang.Integer
09-25 12:37:03.761 28772 28772 W Bundle  : 	at android.os.BaseBundle.getInt(BaseBundle.java:1348)
09-25 12:37:03.761 28772 28772 W Bundle  : 	at android.content.Intent.getIntExtra(Intent.java:9617)
09-25 12:37:03.761 28772 28772 W Bundle  : 	at ry0.b0(r8-map-id-829dc4487d0d500cd2994be3a64f9d184aac50112651e684c7fffcf85fdf0b9e:47)
09-25 12:37:03.761 28772 28772 W Bundle  : 	at qa.onReceive(r8-map-id-829dc4487d0d500cd2994be3a64f9d184aac50112651e684c7fffcf85fdf0b9e:16)
09-25 12:37:03.761 28772 28772 W Bundle  : 	at android.app.LoadedApk$ReceiverDispatcher$Args.lambda$getRunnable$0(LoadedApk.java:1931)
09-25 12:37:03.761 28772 28772 W Bundle  : 	at android.app.LoadedApk$ReceiverDispatcher$Args.$r8$lambda$mcNAAl1SQ4MyJPyDg8TJ2x2h0Rk(Unknown Source:0)
09-25 12:37:03.761 28772 28772 W Bundle  : 	at android.app.LoadedApk$ReceiverDispatcher$Args$$ExternalSyntheticLambda0.run(D8$$SyntheticClass:0)
09-25 12:37:03.761 28772 28772 W Bundle  : 	at android.os.Handler.handleCallback(Handler.java:1070)
09-25 12:37:03.761 28772 28772 W Bundle  : 	at android.os.Handler.dispatchMessage(Handler.java:125)
09-25 12:37:03.761 28772 28772 W Bundle  : 	at android.os.Looper.dispatchMessage(Looper.java:333)
09-25 12:37:03.761 28772 28772 W Bundle  : 	at android.os.Looper.loopOnce(Looper.java:263)
09-25 12:37:03.761 28772 28772 W Bundle  : 	at android.os.Looper.loop(Looper.java:367)
09-25 12:37:03.761 28772 28772 W Bundle  : 	at android.app.ActivityThread.main(ActivityThread.java:9328)
09-25 12:37:03.761 28772 28772 W Bundle  : 	at java.lang.reflect.Method.invoke(Native Method)
09-25 12:37:03.761 28772 28772 W Bundle  : 	at com.android.internal.os.RuntimeInit$MethodAndArgsCaller.run(RuntimeInit.java:569)
09-25 12:37:03.761 28772 28772 W Bundle  : 	at com.android.internal.os.ZygoteInit.main(ZygoteInit.java:929)
09-25 12:37:03.761 28772 28772 W Bundle  : Key battery_low expected Integer but value was a java.lang.Boolean.  The default value 0 was returned.
09-25 12:37:03.761 28772 28772 W Bundle  : Attempt to cast generated internal exception:
09-25 12:37:03.761 28772 28772 W Bundle  : java.lang.ClassCastException: java.lang.Boolean cannot be cast to java.lang.Integer
09-25 12:37:03.761 28772 28772 W Bundle  : 	at android.os.BaseBundle.getInt(BaseBundle.java:1348)
09-25 12:37:03.761 28772 28772 W Bundle  : 	at android.content.Intent.getIntExtra(Intent.java:9617)
09-25 12:37:03.761 28772 28772 W Bundle  : 	at ry0.b0(r8-map-id-829dc4487d0d500cd2994be3a64f9d184aac50112651e684c7fffcf85fdf0b9e:47)
09-25 12:37:03.761 28772 28772 W Bundle  : 	at qa.onReceive(r8-map-id-829dc4487d0d500cd2994be3a64f9d184aac50112651e684c7fffcf85fdf0b9e:16)
09-25 12:37:03.761 28772 28772 W Bundle  : 	at android.app.LoadedApk$ReceiverDispatcher$Args.lambda$getRunnable$0(LoadedApk.java:1931)
09-25 12:37:03.761 28772 28772 W Bundle  : 	at android.app.LoadedApk$ReceiverDispatcher$Args.$r8$lambda$mcNAAl1SQ4MyJPyDg8TJ2x2h0Rk(Unknown Source:0)
09-25 12:37:03.761 28772 28772 W Bundle  : 	at android.app.LoadedApk$ReceiverDispatcher$Args$$ExternalSyntheticLambda0.run(D8$$SyntheticClass:0)
09-25 12:37:03.761 28772 28772 W Bundle  : 	at android.os.Handler.handleCallback(Handler.java:1070)
09-25 12:37:03.761 28772 28772 W Bundle  : 	at android.os.Handler.dispatchMessage(Handler.java:125)
09-25 12:37:03.761 28772 28772 W Bundle  : 	at android.os.Looper.dispatchMessage(Looper.java:333)
09-25 12:37:03.761 28772 28772 W Bundle  : 	at android.os.Looper.loopOnce(Looper.java:263)
09-25 12:37:03.761 28772 28772 W Bundle  : 	at android.os.Looper.loop(Looper.java:367)
09-25 12:37:03.761 28772 28772 W Bundle  : 	at android.app.ActivityThread.main(ActivityThread.java:9328)
09-25 12:37:03.761 28772 28772 W Bundle  : 	at java.lang.reflect.Method.invoke(Native Method)
09-25 12:37:03.761 28772 28772 W Bundle  : 	at com.android.internal.os.RuntimeInit$MethodAndArgsCaller.run(RuntimeInit.java:569)
09-25 12:37:03.761 28772 28772 W Bundle  : 	at com.android.internal.os.ZygoteInit.main(ZygoteInit.java:929)
09-25 12:37:03.761  2866  3121 D ActivityManager: freezer override set to false
09-25 12:37:03.764 10452 10452 I Finsky  : [2] Memory trim requested to level 40
09-25 12:37:03.764 10452 10452 I Finsky  : [2] Flushing in-memory image cache
09-25 12:37:03.766 10664 10664 I Finsky:background: [2] Memory trim requested to level 40
09-25 12:37:03.766 28772 29102 D S3PERF  : crosscheck ui_snapshot_fps=7.42085 ui_snapshot_frametime_ms=38.86
09-25 12:37:03.769 18238 18238 I FenixApplication: onTrimMemory(), level=40, main=false
09-25 12:37:03.780 18204 18204 I MemoryController: onTrimMemory(40)
09-25 12:37:03.780 18204 18204 I MemoryController: onTrimMemory(40)
09-25 12:37:03.780 18204 18204 I FenixApplication: onTrimMemory(), level=40, main=true
09-25 12:37:03.783 18204 18204 I LogMiddleware - BrowserStore: mozilla.components.browser.state.action.SystemAction$LowMemoryAction
09-25 12:37:03.813  2866  3734 D BackgroundInstallControlService: Package event received: 0
09-25 12:37:03.824 10644 10644 D BoundBrokerSvc: onBind: Intent { act=com.google.android.gms.feedback.internal.IFeedbackService dat=chimera-action:/... xflg=0x4 cmp=com.google.android.gms/.chimera.GmsBoundBrokerService }
09-25 12:37:03.824 10644 10644 D BoundBrokerSvc: Loading bound service for intent: Intent { act=com.google.android.gms.feedback.internal.IFeedbackService dat=chimera-action:/... xflg=0x4 cmp=com.google.android.gms/.chimera.GmsBoundBrokerService }
09-25 12:37:03.835 10644 30112 E ActivityThread: Failed to find provider info for gmail-ofls
09-25 12:37:03.837 10644 30112 W Bundle  : Key name expected com.google.firebase.appindexing.internal.Thing[] but value was of a different type.  The default value <null> was returned.
09-25 12:37:03.837 10644 30112 W Bundle  : Attempt to cast generated internal exception:
09-25 12:37:03.837 10644 30112 W Bundle  : java.lang.ClassCastException: Cannot cast [Ljava.lang.String; to [Landroid.os.Parcelable;
09-25 12:37:03.837 10644 30112 W Bundle  : 	at java.lang.Class.cast(Class.java:4178)
09-25 12:37:03.837 10644 30112 W Bundle  : 	at android.os.BaseBundle.getValueAt(BaseBundle.java:436)
09-25 12:37:03.837 10644 30112 W Bundle  : 	at android.os.BaseBundle.getValue(BaseBundle.java:398)
09-25 12:37:03.837 10644 30112 W Bundle  : 	at android.os.Bundle.getParcelableArray(Bundle.java:1188)
09-25 12:37:03.837 10644 30112 W Bundle  : 	at mha.a(:com.google.android.gms@263436035@26.34.36 (260400-981326859):1)
09-25 12:37:03.837 10644 30112 W Bundle  : 	at com.google.firebase.appindexing.internal.Thing.h(:com.google.android.gms@263436035@26.34.36 (260400-981326859):5)
09-25 12:37:03.837 10644 30112 W Bundle  : 	at csbp.g(:com.google.android.gms@263436035@26.34.36 (260400-981326859):582)
09-25 12:37:03.837 10644 30112 W Bundle  : 	at csbp.g(:com.google.android.gms@263436035@26.34.36 (260400-981326859):658)
09-25 12:37:03.837 10644 30112 W Bundle  : 	at csbp.c(:com.google.android.gms@263436035@26.34.36 (260400-981326859):54)
09-25 12:37:03.837 10644 30112 W Bundle  : 	at csbi.i(:com.google.android.gms@263436035@26.34.36 (260400-981326859):8)
09-25 12:37:03.837 10644 30112 W Bundle  : 	at crzz.a(:com.google.android.gms@263436035@26.34.36 (260400-981326859):19)
09-25 12:37:03.837 10644 30112 W Bundle  : 	at csbk.f(:com.google.android.gms@263436035@26.34.36 (260400-981326859):26)
09-25 12:37:03.837 10644 30112 W Bundle  : 	at crzz.g(:com.google.android.gms@263436035@26.34.36 (260400-981326859):3)
09-25 12:37:03.837 10644 30112 W Bundle  : 	at csag.a(:com.google.android.gms@263436035@26.34.36 (260400-981326859):10)
09-25 12:37:03.837 10644 30112 W Bundle  : 	at csia.run(:com.google.android.gms@263436035@26.34.36 (260400-981326859):172)
09-25 12:37:03.837 10644 30112 W Bundle  : 	at java.util.concurrent.Executors$RunnableAdapter.call(Executors.java:520)
09-25 12:37:03.837 10644 30112 W Bundle  : 	at java.util.concurrent.FutureTask.run(FutureTask.java:317)
09-25 12:37:03.837 10644 30112 W Bundle  : 	at bpof.d(:com.google.android.gms@263436035@26.34.36 (260400-981326859):50)
09-25 12:37:03.837 10644 30112 W Bundle  : 	at bpof.c(:com.google.android.gms@263436035@26.34.36 (260400-981326859):6)
09-25 12:37:03.837 10644 30112 W Bundle  : 	at bpof.run(:com.google.android.gms@263436035@26.34.36 (260400-981326859):33)
09-25 12:37:03.837 10644 30112 W Bundle  : 	at java.util.concurrent.ThreadPoolExecutor.runWorker(ThreadPoolExecutor.java:1154)
09-25 12:37:03.837 10644 30112 W Bundle  : 	at java.util.concurrent.ThreadPoolExecutor$Worker.run(ThreadPoolExecutor.java:652)
09-25 12:37:03.837 10644 30112 W Bundle  : 	at bpuf.run(:com.google.android.gms@263436035@26.34.36 (260400-981326859):8)
09-25 12:37:03.837 10644 30112 W Bundle  : 	at java.lang.Thread.run(Thread.java:1563)
09-25 12:37:03.837 10644 30112 W Bundle  : Key email expected com.google.firebase.appindexing.internal.Thing[] but value was of a different type.  The default value <null> was returned.
09-25 12:37:03.837 10644 30112 W Bundle  : Attempt to cast generated internal exception:
09-25 12:37:03.837 10644 30112 W Bundle  : java.lang.ClassCastException: Cannot cast [Ljava.lang.String; to [Landroid.os.Parcelable;
09-25 12:37:03.837 10644 30112 W Bundle  : 	at java.lang.Class.cast(Class.java:4178)
09-25 12:37:03.837 10644 30112 W Bundle  : 	at android.os.BaseBundle.getValueAt(BaseBundle.java:436)
09-25 12:37:03.837 10644 30112 W Bundle  : 	at android.os.BaseBundle.getValue(BaseBundle.java:398)
09-25 12:37:03.837 10644 30112 W Bundle  : 	at android.os.Bundle.getParcelableArray(Bundle.java:1188)
09-25 12:37:03.837 10644 30112 W Bundle  : 	at mha.a(:com.google.android.gms@263436035@26.34.36 (260400-981326859):1)
09-25 12:37:03.837 10644 30112 W Bundle  : 	at com.google.firebase.appindexing.internal.Thing.h(:com.google.android.gms@263436035@26.34.36 (260400-981326859):5)
09-25 12:37:03.837 10644 30112 W Bundle  : 	at csbp.g(:com.google.android.gms@263436035@26.34.36 (260400-981326859):582)
09-25 12:37:03.837 10644 30112 W Bundle  : 	at csbp.g(:com.google.android.gms@263436035@26.34.36 (260400-981326859):658)
09-25 12:37:03.837 10644 30112 W Bundle  : 	at csbp.c(:com.google.android.gms@263436035@26.34.36 (260400-981326859):54)
09-25 12:37:03.837 10644 30112 W Bundle  : 	at csbi.i(:com.google.android.gms@263436035@26.34.36 (260400-981326859):8)
09-25 12:37:03.837 10644 30112 W Bundle  : 	at crzz.a(:com.google.android.gms@263436035@26.34.36 (260400-981326859):19)
09-25 12:37:03.837 10644 30112 W Bundle  : 	at csbk.f(:com.google.android.gms@263436035@26.34.36 (260400-981326859):26)
09-25 12:37:03.837 10644 30112 W Bundle  : 	at crzz.g(:com.google.android.gms@263436035@26.34.36 (260400-981326859):3)
09-25 12:37:03.837 10644 30112 W Bundle  : 	at csag.a(:com.google.android.gms@263436035@26.34.36 (260400-981326859):10)
09-25 12:37:03.837 10644 30112 W Bundle  : 	at csia.run(:com.google.android.gms@263436035@26.34.36 (260400-981326859):172)
09-25 12:37:03.837 10644 30112 W Bundle  : 	at java.util.concurrent.Executors$RunnableAdapter.call(Executors.java:520)
09-25 12:37:03.837 10644 30112 W Bundle  : 	at java.util.concurrent.FutureTask.run(FutureTask.java:317)
09-25 12:37:03.837 10644 30112 W Bundle  : 	at bpof.d(:com.google.android.gms@263436035@26.34.36 (260400-981326859):50)
09-25 12:37:03.837 10644 30112 W Bundle  : 	at bpof.c(:com.google.android.gms@263436035@26.34.36 (260400-981326859):6)
09-25 12:37:03.837 10644 30112 W Bundle  : 	at bpof.run(:com.google.android.gms@263436035@26.34.36 (260400-981326859):33)
09-25 12:37:03.837 10644 30112 W Bundle  : 	at java.util.concurrent.ThreadPoolExecutor.runWorker(ThreadPoolExecutor.java:1154)
09-25 12:37:03.837 10644 30112 W Bundle  : 	at java.util.concurrent.ThreadPoolExecutor$Worker.run(ThreadPoolExecutor.java:652)
09-25 12:37:03.837 10644 30112 W Bundle  : 	at bpuf.run(:com.google.android.gms@263436035@26.34.36 (260400-981326859):8)
09-25 12:37:03.837 10644 30112 W Bundle  : 	at java.lang.Thread.run(Thread.java:1563)
09-25 12:37:03.837  1570  1606 I android.hardware.thermal-service.qti: sensor: cpu-1-2-0 temperature: 89.9 old: 3 new: 0
09-25 12:37:03.837 10644 30112 W Bundle  : Key id expected com.google.firebase.appindexing.internal.Thing[] but value was of a different type.  The default value <null> was returned.
09-25 12:37:03.838 10644 30112 W Bundle  : Attempt to cast generated internal exception:
09-25 12:37:03.838 10644 30112 W Bundle  : java.lang.ClassCastException: Cannot cast [Ljava.lang.String; to [Landroid.os.Parcelable;
09-25 12:37:03.838 10644 30112 W Bundle  : 	at java.lang.Class.cast(Class.java:4178)
09-25 12:37:03.838 10644 30112 W Bundle  : 	at android.os.BaseBundle.getValueAt(BaseBundle.java:436)
09-25 12:37:03.838 10644 30112 W Bundle  : 	at android.os.BaseBundle.getValue(BaseBundle.java:398)
09-25 12:37:03.838 10644 30112 W Bundle  : 	at android.os.Bundle.getParcelableArray(Bundle.java:1188)
09-25 12:37:03.838 10644 30112 W Bundle  : 	at mha.a(:com.google.android.gms@263436035@26.34.36 (260400-981326859):1)
09-25 12:37:03.838 10644 30112 W Bundle  : 	at com.google.firebase.appindexing.internal.Thing.h(:com.google.android.gms@263436035@26.34.36 (260400-981326859):5)
09-25 12:37:03.838 10644 30112 W Bundle  : 	at csbp.g(:com.google.android.gms@263436035@26.34.36 (260400-981326859):582)
09-25 12:37:03.838 10644 30112 W Bundle  : 	at csbp.g(:com.google.android.gms@263436035@26.34.36 (260400-981326859):658)
09-25 12:37:03.838 10644 30112 W Bundle  : 	at csbp.c(:com.google.android.gms@263436035@26.34.36 (260400-981326859):54)
09-25 12:37:03.838 10644 30112 W Bundle  : 	at csbi.i(:com.google.android.gms@263436035@26.34.36 (260400-981326859):8)
09-25 12:37:03.838 10644 30112 W Bundle  : 	at crzz.a(:com.google.android.gms@263436035@26.34.36 (260400-981326859):19)
09-25 12:37:03.838 10644 30112 W Bundle  : 	at csbk.f(:com.google.android.gms@263436035@26.34.36 (260400-981326859):26)
09-25 12:37:03.838 10644 30112 W Bundle  : 	at crzz.g(:com.google.android.gms@263436035@26.34.36 (260400-981326859):3)
09-25 12:37:03.838 10644 30112 W Bundle  : 	at csag.a(:com.google.android.gms@263436035@26.34.36 (260400-981326859):10)
09-25 12:37:03.838 10644 30112 W Bundle  : 	at csia.run(:com.google.android.gms@263436035@26.34.36 (260400-981326859):172)
09-25 12:37:03.838 10644 30112 W Bundle  : 	at java.util.concurrent.Executors$RunnableAdapter.call(Executors.java:520)
09-25 12:37:03.838 10644 30112 W Bundle  : 	at java.util.concurrent.FutureTask.run(FutureTask.java:317)
09-25 12:37:03.838 10644 30112 W Bundle  : 	at bpof.d(:com.google.android.gms@263436035@26.34.36 (260400-981326859):50)
09-25 12:37:03.838 10644 30112 W Bundle  : 	at bpof.c(:com.google.android.gms@263436035@26.34.36 (260400-981326859):6)
09-25 12:37:03.838 10644 30112 W Bundle  : 	at bpof.run(:com.google.android.gms@263436035@26.34.36 (260400-981326859):33)
09-25 12:37:03.838 10644 30112 W Bundle  : 	at java.util.concurrent.ThreadPoolExecutor.runWorker(ThreadPoolExecutor.java:1154)
09-25 12:37:03.838 10644 30112 W Bundle  : 	at java.util.concurrent.ThreadPoolExecutor$Worker.run(ThreadPoolExecutor.java:652)
09-25 12:37:03.838 10644 30112 W Bundle  : 	at bpuf.run(:com.google.android.gms@263436035@26.34.36 (260400-981326859):8)
09-25 12:37:03.838 10644 30112 W Bundle  : 	at java.lang.Thread.run(Thread.java:1563)
09-25 12:37:03.838 10644 30112 W Bundle  : Key name expected com.google.firebase.appindexing.internal.Thing[] but value was of a different type.  The default value <null> was returned.
09-25 12:37:03.839 10644 30112 W Bundle  : Attempt to cast generated internal exception:
09-25 12:37:03.839 10644 30112 W Bundle  : java.lang.ClassCastException: Cannot cast [Ljava.lang.String; to [Landroid.os.Parcelable;
09-25 12:37:03.839 10644 30112 W Bundle  : 	at java.lang.Class.cast(Class.java:4178)
09-25 12:37:03.839 10644 30112 W Bundle  : 	at android.os.BaseBundle.getValueAt(BaseBundle.java:436)
09-25 12:37:03.839 10644 30112 W Bundle  : 	at android.os.BaseBundle.getValue(BaseBundle.java:398)
09-25 12:37:03.839 10644 30112 W Bundle  : 	at android.os.Bundle.getParcelableArray(Bundle.java:1188)
09-25 12:37:03.839 10644 30112 W Bundle  : 	at mha.a(:com.google.android.gms@263436035@26.34.36 (260400-981326859):1)
09-25 12:37:03.839 10644 30112 W Bundle  : 	at com.google.firebase.appindexing.internal.Thing.h(:com.google.android.gms@263436035@26.34.36 (260400-981326859):5)
09-25 12:37:03.839 10644 30112 W Bundle  : 	at csbp.g(:com.google.android.gms@263436035@26.34.36 (260400-981326859):582)
09-25 12:37:03.839 10644 30112 W Bundle  : 	at csbp.c(:com.google.android.gms@263436035@26.34.36 (260400-981326859):54)
09-25 12:37:03.839 10644 30112 W Bundle  : 	at csbi.i(:com.google.android.gms@263436035@26.34.36 (260400-981326859):8)
09-25 12:37:03.839 10644 30112 W Bundle  : 	at crzz.a(:com.google.android.gms@263436035@26.34.36 (260400-981326859):19)
09-25 12:37:03.839 10644 30112 W Bundle  : 	at csbk.f(:com.google.android.gms@263436035@26.34.36 (260400-981326859):26)
09-25 12:37:03.839 10644 30112 W Bundle  : 	at crzz.g(:com.google.android.gms@263436035@26.34.36 (260400-981326859):3)
09-25 12:37:03.839 10644 30112 W Bundle  : 	at csag.a(:com.google.android.gms@263436035@26.34.36 (260400-981326859):10)
09-25 12:37:03.839 10644 30112 W Bundle  : 	at csia.run(:com.google.android.gms@263436035@26.34.36 (260400-981326859):172)
09-25 12:37:03.839 10644 30112 W Bundle  : 	at java.util.concurrent.Executors$RunnableAdapter.call(Executors.java:520)
09-25 12:37:03.839 10644 30112 W Bundle  : 	at java.util.concurrent.FutureTask.run(FutureTask.java:317)
09-25 12:37:03.839 10644 30112 W Bundle  : 	at bpof.d(:com.google.android.gms@263436035@26.34.36 (260400-981326859):50)
09-25 12:37:03.839 10644 30112 W Bundle  : 	at bpof.c(:com.google.android.gms@263436035@26.34.36 (260400-981326859):6)
09-25 12:37:03.839 10644 30112 W Bundle  : 	at bpof.run(:com.google.android.gms@263436035@26.34.36 (260400-981326859):33)
09-25 12:37:03.839 10644 30112 W Bundle  : 	at java.util.concurrent.ThreadPoolExecutor.runWorker(ThreadPoolExecutor.java:1154)
09-25 12:37:03.839 10644 30112 W Bundle  : 	at java.util.concurrent.ThreadPoolExecutor$Worker.run(ThreadPoolExecutor.java:652)
09-25 12:37:03.839 10644 30112 W Bundle  : 	at bpuf.run(:com.google.android.gms@263436035@26.34.36 (260400-981326859):8)
09-25 12:37:03.839 10644 30112 W Bundle  : 	at java.lang.Thread.run(Thread.java:1563)
09-25 12:37:03.839 10644 30112 W Bundle  : Key text expected com.google.firebase.appindexing.internal.Thing[] but value was of a different type.  The default value <null> was returned.
09-25 12:37:03.839 10644 30112 W Bundle  : Attempt to cast generated internal exception:
09-25 12:37:03.839 10644 30112 W Bundle  : java.lang.ClassCastException: Cannot cast [Ljava.lang.String; to [Landroid.os.Parcelable;
09-25 12:37:03.839 10644 30112 W Bundle  : 	at java.lang.Class.cast(Class.java:4178)
09-25 12:37:03.839 10644 30112 W Bundle  : 	at android.os.BaseBundle.getValueAt(BaseBundle.java:436)
09-25 12:37:03.839 10644 30112 W Bundle  : 	at android.os.BaseBundle.getValue(BaseBundle.java:398)
09-25 12:37:03.839 10644 30112 W Bundle  : 	at android.os.Bundle.getParcelableArray(Bundle.java:1188)
09-25 12:37:03.839 10644 30112 W Bundle  : 	at mha.a(:com.google.android.gms@263436035@26.34.36 (260400-981326859):1)
09-25 12:37:03.839 10644 30112 W Bundle  : 	at com.google.firebase.appindexing.internal.Thing.h(:com.google.android.gms@263436035@26.34.36 (260400-981326859):5)
09-25 12:37:03.839 10644 30112 W Bundle  : 	at csbp.g(:com.google.android.gms@263436035@26.34.36 (260400-981326859):582)
09-25 12:37:03.839 10644 30112 W Bundle  : 	at csbp.c(:com.google.android.gms@263436035@26.34.36 (260400-981326859):54)
09-25 12:37:03.839 10644 30112 W Bundle  : 	at csbi.i(:com.google.android.gms@263436035@26.34.36 (260400-981326859):8)
09-25 12:37:03.839 10644 30112 W Bundle  : 	at crzz.a(:com.google.android.gms@263436035@26.34.36 (260400-981326859):19)
09-25 12:37:03.839 10644 30112 W Bundle  : 	at csbk.f(:com.google.android.gms@263436035@26.34.36 (260400-981326859):26)
09-25 12:37:03.839 10644 30112 W Bundle  : 	at crzz.g(:com.google.android.gms@263436035@26.34.36 (260400-981326859):3)
09-25 12:37:03.839 10644 30112 W Bundle  : 	at csag.a(:com.google.android.gms@263436035@26.34.36 (260400-981326859):10)
09-25 12:37:03.839 10644 30112 W Bundle  : 	at csia.run(:com.google.android.gms@263436035@26.34.36 (260400-981326859):172)
09-25 12:37:03.839 10644 30112 W Bundle  : 	at java.util.concurrent.Executors$RunnableAdapter.call(Executors.java:520)
09-25 12:37:03.839 10644 30112 W Bundle  : 	at java.util.concurrent.FutureTask.run(FutureTask.java:317)
09-25 12:37:03.839 10644 30112 W Bundle  : 	at bpof.d(:com.google.android.gms@263436035@26.34.36 (260400-981326859):50)
09-25 12:37:03.839 10644 30112 W Bundle  : 	at bpof.c(:com.google.android.gms@263436035@26.34.36 (260400-981326859):6)
09-25 12:37:03.839 10644 30112 W Bundle  : 	at bpof.run(:com.google.android.gms@263436035@26.34.36 (260400-981326859):33)
09-25 12:37:03.839 10644 30112 W Bundle  : 	at java.util.concurrent.ThreadPoolExecutor.runWorker(ThreadPoolExecutor.java:1154)
09-25 12:37:03.839 10644 30112 W Bundle  : 	at java.util.concurrent.ThreadPoolExecutor$Worker.run(ThreadPoolExecutor.java:652)
09-25 12:37:03.839 10644 30112 W Bundle  : 	at bpuf.run(:com.google.android.gms@263436035@26.34.36 (260400-981326859):8)
09-25 12:37:03.839 10644 30112 W Bundle  : 	at java.lang.Thread.run(Thread.java:1563)
09-25 12:37:03.839 10644 30112 W Bundle  : Key keywords expected com.google.firebase.appindexing.internal.Thing[] but value was of a different type.  The default value <null> was returned.
09-25 12:37:03.839 10644 30112 W Bundle  : Attempt to cast generated internal exception:
09-25 12:37:03.839 10644 30112 W Bundle  : java.lang.ClassCastException: Cannot cast [Ljava.lang.String; to [Landroid.os.Parcelable;
09-25 12:37:03.839 10644 30112 W Bundle  : 	at java.lang.Class.cast(Class.java:4178)
09-25 12:37:03.839 10644 30112 W Bundle  : 	at android.os.BaseBundle.getValueAt(BaseBundle.java:436)
09-25 12:37:03.839 10644 30112 W Bundle  : 	at android.os.BaseBundle.getValue(BaseBundle.java:398)
09-25 12:37:03.839 10644 30112 W Bundle  : 	at android.os.Bundle.getParcelableArray(Bundle.java:1188)
09-25 12:37:03.839 10644 30112 W Bundle  : 	at mha.a(:com.google.android.gms@263436035@26.34.36 (260400-981326859):1)
09-25 12:37:03.839 10644 30112 W Bundle  : 	at com.google.firebase.appindexing.internal.Thing.h(:com.google.android.gms@263436035@26.34.36 (260400-981326859):5)
09-25 12:37:03.839 10644 30112 W Bundle  : 	at csbp.g(:com.google.android.gms@263436035@26.34.36 (260400-981326859):582)
09-25 12:37:03.839 10644 30112 W Bundle  : 	at csbp.c(:com.google.android.gms@263436035@26.34.36 (260400-981326859):54)
09-25 12:37:03.839 10644 30112 W Bundle  : 	at csbi.i(:com.google.android.gms@263436035@26.34.36 (260400-981326859):8)
09-25 12:37:03.839 10644 30112 W Bundle  : 	at crzz.a(:com.google.android.gms@263436035@26.34.36 (260400-981326859):19)
09-25 12:37:03.839 10644 30112 W Bundle  : 	at csbk.f(:com.google.android.gms@263436035@26.34.36 (260400-981326859):26)
09-25 12:37:03.839 10644 30112 W Bundle  : 	at crzz.g(:com.google.android.gms@263436035@26.34.36 (260400-981326859):3)
09-25 12:37:03.839 10644 30112 W Bundle  : 	at csag.a(:com.google.android.gms@263436035@26.34.36 (260400-981326859):10)
09-25 12:37:03.839 10644 30112 W Bundle  : 	at csia.run(:com.google.android.gms@263436035@26.34.36 (260400-981326859):172)
09-25 12:37:03.839 10644 30112 W Bundle  : 	at java.util.concurrent.Executors$RunnableAdapter.call(Executors.java:520)
09-25 12:37:03.839 10644 30112 W Bundle  : 	at java.util.concurrent.FutureTask.run(FutureTask.java:317)
09-25 12:37:03.839 10644 30112 W Bundle  : 	at bpof.d(:com.google.android.gms@263436035@26.34.36 (260400-981326859):50)
09-25 12:37:03.839 10644 30112 W Bundle  : 	at bpof.c(:com.google.android.gms@263436035@26.34.36 (260400-981326859):6)
09-25 12:37:03.839 10644 30112 W Bundle  : 	at bpof.run(:com.google.android.gms@263436035@26.34.36 (260400-981326859):33)
09-25 12:37:03.839 10644 30112 W Bundle  : 	at java.util.concurrent.ThreadPoolExecutor.runWorker(ThreadPoolExecutor.java:1154)
09-25 12:37:03.839 10644 30112 W Bundle  : 	at java.util.concurrent.ThreadPoolExecutor$Worker.run(ThreadPoolExecutor.java:652)
09-25 12:37:03.839 10644 30112 W Bundle  : 	at bpuf.run(:com.google.android.gms@263436035@26.34.36 (260400-981326859):8)
09-25 12:37:03.839 10644 30112 W Bundle  : 	at java.lang.Thread.run(Thread.java:1563)
09-25 12:37:03.839 10644 30112 W Bundle  : Key name expected com.google.firebase.appindexing.internal.Thing[] but value was of a different type.  The default value <null> was returned.
09-25 12:37:03.839 10644 30112 W Bundle  : Attempt to cast generated internal exception:
09-25 12:37:03.839 10644 30112 W Bundle  : java.lang.ClassCastException: Cannot cast [Ljava.lang.String; to [Landroid.os.Parcelable;
09-25 12:37:03.839 10644 30112 W Bundle  : 	at java.lang.Class.cast(Class.java:4178)
09-25 12:37:03.839 10644 30112 W Bundle  : 	at android.os.BaseBundle.getValueAt(BaseBundle.java:436)
09-25 12:37:03.839 10644 30112 W Bundle  : 	at android.os.BaseBundle.getValue(BaseBundle.java:398)
09-25 12:37:03.839 10644 30112 W Bundle  : 	at android.os.Bundle.getParcelableArray(Bundle.java:1188)
09-25 12:37:03.839 10644 30112 W Bundle  : 	at mha.a(:com.google.android.gms@263436035@26.34.36 (260400-981326859):1)
09-25 12:37:03.839 10644 30112 W Bundle  : 	at com.google.firebase.appindexing.internal.Thing.h(:com.google.android.gms@263436035@26.34.36 (260400-981326859):5)
09-25 12:37:03.839 10644 30112 W Bundle  : 	at csbp.g(:com.google.android.gms@263436035@26.34.36 (260400-981326859):582)
09-25 12:37:03.839 10644 30112 W Bundle  : 	at csbp.g(:com.google.android.gms@263436035@26.34.36 (260400-981326859):658)
09-25 12:37:03.839 10644 30112 W Bundle  : 	at csbp.c(:com.google.android.gms@263436035@26.34.36 (260400-981326859):54)
09-25 12:37:03.839 10644 30112 W Bundle  : 	at csbi.i(:com.google.android.gms@263436035@26.34.36 (260400-981326859):8)
09-25 12:37:03.839 10644 30112 W Bundle  : 	at crzz.a(:com.google.android.gms@263436035@26.34.36 (260400-981326859):19)
09-25 12:37:03.839 10644 30112 W Bundle  : 	at csbk.f(:com.google.android.gms@263436035@26.34.36 (260400-981326859):26)
09-25 12:37:03.839 10644 30112 W Bundle  : 	at crzz.g(:com.google.android.gms@263436035@26.34.36 (260400-981326859):3)
09-25 12:37:03.839 10644 30112 W Bundle  : 	at csag.a(:com.google.android.gms@263436035@26.34.36 (260400-981326859):10)
09-25 12:37:03.839 10644 30112 W Bundle  : 	at csia.run(:com.google.android.gms@263436035@26.34.36 (260400-981326859):172)
09-25 12:37:03.839 10644 30112 W Bundle  : 	at java.util.concurrent.Executors$RunnableAdapter.call(Executors.java:520)
09-25 12:37:03.839 10644 30112 W Bundle  : 	at java.util.concurrent.FutureTask.run(FutureTask.java:317)
09-25 12:37:03.839 10644 30112 W Bundle  : 	at bpof.d(:com.google.android.gms@263436035@26.34.36 (260400-981326859):50)
09-25 12:37:03.839 10644 30112 W Bundle  : 	at bpof.c(:com.google.android.gms@263436035@26.34.36 (260400-981326859):6)
09-25 12:37:03.839 10644 30112 W Bundle  : 	at bpof.run(:com.google.android.gms@263436035@26.34.36 (260400-981326859):33)
09-25 12:37:03.839 10644 30112 W Bundle  : 	at java.util.concurrent.ThreadPoolExecutor.runWorker(ThreadPoolExecutor.java:1154)
09-25 12:37:03.839 10644 30112 W Bundle  : 	at java.util.concurrent.ThreadPoolExecutor$Worker.run(ThreadPoolExecutor.java:652)
09-25 12:37:03.839 10644 30112 W Bundle  : 	at bpuf.run(:com.google.android.gms@263436035@26.34.36 (260400-981326859):8)
09-25 12:37:03.839 10644 30112 W Bundle  : 	at java.lang.Thread.run(Thread.java:1563)
09-25 12:37:03.839 10644 30112 W Bundle  : Key email expected com.google.firebase.appindexing.internal.Thing[] but value was of a different type.  The default value <null> was returned.
09-25 12:37:03.839 10644 30112 W Bundle  : Attempt to cast generated internal exception:
09-25 12:37:03.839 10644 30112 W Bundle  : java.lang.ClassCastException: Cannot cast [Ljava.lang.String; to [Landroid.os.Parcelable;
09-25 12:37:03.839 10644 30112 W Bundle  : 	at java.lang.Class.cast(Class.java:4178)
09-25 12:37:03.839 10644 30112 W Bundle  : 	at android.os.BaseBundle.getValueAt(BaseBundle.java:436)
09-25 12:37:03.839 10644 30112 W Bundle  : 	at android.os.BaseBundle.getValue(BaseBundle.java:398)
09-25 12:37:03.839 10644 30112 W Bundle  : 	at android.os.Bundle.getParcelableArray(Bundle.java:1188)
09-25 12:37:03.839 10644 30112 W Bundle  : 	at mha.a(:com.google.android.gms@263436035@26.34.36 (260400-981326859):1)
09-25 12:37:03.839 10644 30112 W Bundle  : 	at com.google.firebase.appindexing.internal.Thing.h(:com.google.android.gms@263436035@26.34.36 (260400-981326859):5)
09-25 12:37:03.839 10644 30112 W Bundle  : 	at csbp.g(:com.google.android.gms@263436035@26.34.36 (260400-981326859):582)
09-25 12:37:03.839 10644 30112 W Bundle  : 	at csbp.g(:com.google.android.gms@263436035@26.34.36 (260400-981326859):658)
09-25 12:37:03.839 10644 30112 W Bundle  : 	at csbp.c(:com.google.android.gms@263436035@26.34.36 (260400-981326859):54)
09-25 12:37:03.839 10644 30112 W Bundle  : 	at csbi.i(:com.google.android.gms@263436035@26.34.36 (260400-981326859):8)
09-25 12:37:03.839 10644 30112 W Bundle  : 	at crzz.a(:com.google.android.gms@263436035@26.34.36 (260400-981326859):19)
09-25 12:37:03.839 10644 30112 W Bundle  : 	at csbk.f(:com.google.android.gms@263436035@26.34.36 (260400-981326859):26)
09-25 12:37:03.839 10644 30112 W Bundle  : 	at crzz.g(:com.google.android.gms@263436035@26.34.36 (260400-981326859):3)
09-25 12:37:03.839 10644 30112 W Bundle  : 	at csag.a(:com.google.android.gms@263436035@26.34.36 (260400-981326859):10)
09-25 12:37:03.839 10644 30112 W Bundle  : 	at csia.run(:com.google.android.gms@263436035@26.34.36 (260400-981326859):172)
09-25 12:37:03.839 10644 30112 W Bundle  : 	at java.util.concurrent.Executors$RunnableAdapter.call(Executors.java:520)
09-25 12:37:03.839 10644 30112 W Bundle  : 	at java.util.concurrent.FutureTask.run(FutureTask.java:317)
09-25 12:37:03.839 10644 30112 W Bundle  : 	at bpof.d(:com.google.android.gms@263436035@26.34.36 (260400-981326859):50)
09-25 12:37:03.839 10644 30112 W Bundle  : 	at bpof.c(:com.google.android.gms@263436035@26.34.36 (260400-981326859):6)
09-25 12:37:03.839 10644 30112 W Bundle  : 	at bpof.run(:com.google.android.gms@263436035@26.34.36 (260400-981326859):33)
09-25 12:37:03.839 10644 30112 W Bundle  : 	at java.util.concurrent.ThreadPoolExecutor.runWorker(ThreadPoolExecutor.java:1154)
09-25 12:37:03.839 10644 30112 W Bundle  : 	at java.util.concurrent.ThreadPoolExecutor$Worker.run(ThreadPoolExecutor.java:652)
09-25 12:37:03.839 10644 30112 W Bundle  : 	at bpuf.run(:com.google.android.gms@263436035@26.34.36 (260400-981326859):8)
09-25 12:37:03.839 10644 30112 W Bundle  : 	at java.lang.Thread.run(Thread.java:1563)
09-25 12:37:03.840 10644 30112 W Bundle  : Key dateReceived expected com.google.firebase.appindexing.internal.Thing[] but value was of a different type.  The default value <null> was returned.
09-25 12:37:03.840 10644 30112 W Bundle  : Attempt to cast generated internal exception:
09-25 12:37:03.840 10644 30112 W Bundle  : java.lang.ClassCastException: Cannot cast [J to [Landroid.os.Parcelable;
09-25 12:37:03.840 10644 30112 W Bundle  : 	at java.lang.Class.cast(Class.java:4178)
09-25 12:37:03.840 10644 30112 W Bundle  : 	at android.os.BaseBundle.getValueAt(BaseBundle.java:436)
09-25 12:37:03.840 10644 30112 W Bundle  : 	at android.os.BaseBundle.getValue(BaseBundle.java:398)
09-25 12:37:03.840 10644 30112 W Bundle  : 	at android.os.Bundle.getParcelableArray(Bundle.java:1188)
09-25 12:37:03.840 10644 30112 W Bundle  : 	at mha.a(:com.google.android.gms@263436035@26.34.36 (260400-981326859):1)
09-25 12:37:03.840 10644 30112 W Bundle  : 	at com.google.firebase.appindexing.internal.Thing.h(:com.google.android.gms@263436035@26.34.36 (260400-981326859):5)
09-25 12:37:03.840 10644 30112 W Bundle  : 	at csbp.g(:com.google.android.gms@263436035@26.34.36 (260400-981326859):582)
09-25 12:37:03.840 10644 30112 W Bundle  : 	at csbp.c(:com.google.android.gms@263436035@26.34.36 (260400-981326859):54)
09-25 12:37:03.840 10644 30112 W Bundle  : 	at csbi.i(:com.google.android.gms@263436035@26.34.36 (260400-981326859):8)
09-25 12:37:03.840 10644 30112 W Bundle  : 	at crzz.a(:com.google.android.gms@263436035@26.34.36 (260400-981326859):19)
09-25 12:37:03.840 10644 30112 W Bundle  : 	at csbk.f(:com.google.android.gms@263436035@26.34.36 (260400-981326859):26)
09-25 12:37:03.840 10644 30112 W Bundle  : 	at crzz.g(:com.google.android.gms@263436035@26.34.36 (260400-981326859):3)
09-25 12:37:03.840 10644 30112 W Bundle  : 	at csag.a(:com.google.android.gms@263436035@26.34.36 (260400-981326859):10)
09-25 12:37:03.840 10644 30112 W Bundle  : 	at csia.run(:com.google.android.gms@263436035@26.34.36 (260400-981326859):172)
09-25 12:37:03.840 10644 30112 W Bundle  : 	at java.util.concurrent.Executors$RunnableAdapter.call(Executors.java:520)
09-25 12:37:03.840 10644 30112 W Bundle  : 	at java.util.concurrent.FutureTask.run(FutureTask.java:317)
09-25 12:37:03.840 10644 30112 W Bundle  : 	at bpof.d(:com.google.android.gms@263436035@26.34.36 (260400-981326859):50)
09-25 12:37:03.840 10644 30112 W Bundle  : 	at bpof.c(:com.google.android.gms@263436035@26.34.36 (260400-981326859):6)
09-25 12:37:03.840 10644 30112 W Bundle  : 	at bpof.run(:com.google.android.gms@263436035@26.34.36 (260400-981326859):33)
09-25 12:37:03.840 10644 30112 W Bundle  : 	at java.util.concurrent.ThreadPoolExecutor.runWorker(ThreadPoolExecutor.java:1154)
09-25 12:37:03.840 10644 30112 W Bundle  : 	at java.util.concurrent.ThreadPoolExecutor$Worker.run(ThreadPoolExecutor.java:652)
09-25 12:37:03.840 10644 30112 W Bundle  : 	at bpuf.run(:com.google.android.gms@263436035@26.34.36 (260400-981326859):8)
09-25 12:37:03.840 10644 30112 W Bundle  : 	at java.lang.Thread.run(Thread.java:1563)
09-25 12:37:03.847 30696 30696 W libbinder.BackendUnifiedServiceManager: Thread Pool max thread count is 0. Cannot cache binder as linkToDeath cannot be implemented. serviceName: activity
09-25 12:37:03.852  1570  1606 I android.hardware.thermal-service.qti: sensor: cpu-1-0-0 temperature: 89.9 old: 3 new: 0
09-25 12:37:03.864  1616  1871 I SDM     : DisplayBase::CommitThread: Received idle timeout, panel: cmd, timeout: 70000 us
09-25 12:37:03.909  1570  1606 I android.hardware.thermal-service.qti: sensor: cpu-1-0-0 temperature: 95 old: 0 new: 3
09-25 12:37:03.912  1570  1606 I android.hardware.thermal-service.qti: sensor: cpu-2-0-0 temperature: 95 old: 0 new: 3
09-25 12:37:03.922  1570  1606 I android.hardware.thermal-service.qti: sensor: cpu-2-0-0 temperature: 89.9 old: 3 new: 0
09-25 12:37:03.933 28772 28772 W Bundle  : Key battery_low expected Integer but value was a java.lang.Boolean.  The default value 0 was returned.
09-25 12:37:03.933 28772 28772 W Bundle  : Attempt to cast generated internal exception:
09-25 12:37:03.933 28772 28772 W Bundle  : java.lang.ClassCastException: java.lang.Boolean cannot be cast to java.lang.Integer
09-25 12:37:03.933 28772 28772 W Bundle  : 	at android.os.BaseBundle.getInt(BaseBundle.java:1348)
09-25 12:37:03.933 28772 28772 W Bundle  : 	at android.content.Intent.getIntExtra(Intent.java:9617)
09-25 12:37:03.933 28772 28772 W Bundle  : 	at ry0.b0(r8-map-id-829dc4487d0d500cd2994be3a64f9d184aac50112651e684c7fffcf85fdf0b9e:47)
09-25 12:37:03.933 28772 28772 W Bundle  : 	at qa.onReceive(r8-map-id-829dc4487d0d500cd2994be3a64f9d184aac50112651e684c7fffcf85fdf0b9e:16)
09-25 12:37:03.933 28772 28772 W Bundle  : 	at android.app.LoadedApk$ReceiverDispatcher$Args.lambda$getRunnable$0(LoadedApk.java:1931)
09-25 12:37:03.933 28772 28772 W Bundle  : 	at android.app.LoadedApk$ReceiverDispatcher$Args.$r8$lambda$mcNAAl1SQ4MyJPyDg8TJ2x2h0Rk(Unknown Source:0)
09-25 12:37:03.933 28772 28772 W Bundle  : 	at android.app.LoadedApk$ReceiverDispatcher$Args$$ExternalSyntheticLambda0.run(D8$$SyntheticClass:0)
09-25 12:37:03.933 28772 28772 W Bundle  : 	at android.os.Handler.handleCallback(Handler.java:1070)
09-25 12:37:03.933 28772 28772 W Bundle  : 	at android.os.Handler.dispatchMessage(Handler.java:125)
09-25 12:37:03.933 28772 28772 W Bundle  : 	at android.os.Looper.dispatchMessage(Looper.java:333)
09-25 12:37:03.933 28772 28772 W Bundle  : 	at android.os.Looper.loopOnce(Looper.java:263)
09-25 12:37:03.933 28772 28772 W Bundle  : 	at android.os.Looper.loop(Looper.java:367)
09-25 12:37:03.933 28772 28772 W Bundle  : 	at android.app.ActivityThread.main(ActivityThread.java:9328)
09-25 12:37:03.933 28772 28772 W Bundle  : 	at java.lang.reflect.Method.invoke(Native Method)
09-25 12:37:03.933 28772 28772 W Bundle  : 	at com.android.internal.os.RuntimeInit$MethodAndArgsCaller.run(RuntimeInit.java:569)
09-25 12:37:03.933 28772 28772 W Bundle  : 	at com.android.internal.os.ZygoteInit.main(ZygoteInit.java:929)
09-25 12:37:03.934 28772 28772 W Bundle  : Key battery_low expected Integer but value was a java.lang.Boolean.  The default value 0 was returned.
09-25 12:37:03.934 28772 28772 W Bundle  : Attempt to cast generated internal exception:
09-25 12:37:03.934 28772 28772 W Bundle  : java.lang.ClassCastException: java.lang.Boolean cannot be cast to java.lang.Integer
09-25 12:37:03.934 28772 28772 W Bundle  : 	at android.os.BaseBundle.getInt(BaseBundle.java:1348)
09-25 12:37:03.934 28772 28772 W Bundle  : 	at android.content.Intent.getIntExtra(Intent.java:9617)
09-25 12:37:03.934 28772 28772 W Bundle  : 	at ry0.b0(r8-map-id-829dc4487d0d500cd2994be3a64f9d184aac50112651e684c7fffcf85fdf0b9e:47)
09-25 12:37:03.934 28772 28772 W Bundle  : 	at qa.onReceive(r8-map-id-829dc4487d0d500cd2994be3a64f9d184aac50112651e684c7fffcf85fdf0b9e:16)
09-25 12:37:03.934 28772 28772 W Bundle  : 	at android.app.LoadedApk$ReceiverDispatcher$Args.lambda$getRunnable$0(LoadedApk.java:1931)
09-25 12:37:03.934 28772 28772 W Bundle  : 	at android.app.LoadedApk$ReceiverDispatcher$Args.$r8$lambda$mcNAAl1SQ4MyJPyDg8TJ2x2h0Rk(Unknown Source:0)
09-25 12:37:03.934 28772 28772 W Bundle  : 	at android.app.LoadedApk$ReceiverDispatcher$Args$$ExternalSyntheticLambda0.run(D8$$SyntheticClass:0)
09-25 12:37:03.934 28772 28772 W Bundle  : 	at android.os.Handler.handleCallback(Handler.java:1070)
09-25 12:37:03.934 28772 28772 W Bundle  : 	at android.os.Handler.dispatchMessage(Handler.java:125)
09-25 12:37:03.934 28772 28772 W Bundle  : 	at android.os.Looper.dispatchMessage(Looper.java:333)
09-25 12:37:03.934 28772 28772 W Bundle  : 	at android.os.Looper.loopOnce(Looper.java:263)
09-25 12:37:03.934 28772 28772 W Bundle  : 	at android.os.Looper.loop(Looper.java:367)
09-25 12:37:03.934 28772 28772 W Bundle  : 	at android.app.ActivityThread.main(ActivityThread.java:9328)
09-25 12:37:03.934 28772 28772 W Bundle  : 	at java.lang.reflect.Method.invoke(Native Method)
09-25 12:37:03.934 28772 28772 W Bundle  : 	at com.android.internal.os.RuntimeInit$MethodAndArgsCaller.run(RuntimeInit.java:569)
09-25 12:37:03.934 28772 28772 W Bundle  : 	at com.android.internal.os.ZygoteInit.main(ZygoteInit.java:929)
09-25 12:37:03.934 28772 28772 W Bundle  : Key battery_low expected Integer but value was a java.lang.Boolean.  The default value 0 was returned.
09-25 12:37:03.934 28772 28772 W Bundle  : Attempt to cast generated internal exception:
09-25 12:37:03.934 28772 28772 W Bundle  : java.lang.ClassCastException: java.lang.Boolean cannot be cast to java.lang.Integer
09-25 12:37:03.934 28772 28772 W Bundle  : 	at android.os.BaseBundle.getInt(BaseBundle.java:1348)
09-25 12:37:03.934 28772 28772 W Bundle  : 	at android.content.Intent.getIntExtra(Intent.java:9617)
09-25 12:37:03.934 28772 28772 W Bundle  : 	at ry0.b0(r8-map-id-829dc4487d0d500cd2994be3a64f9d184aac50112651e684c7fffcf85fdf0b9e:47)
09-25 12:37:03.934 28772 28772 W Bundle  : 	at qa.onReceive(r8-map-id-829dc4487d0d500cd2994be3a64f9d184aac50112651e684c7fffcf85fdf0b9e:16)
09-25 12:37:03.934 28772 28772 W Bundle  : 	at android.app.LoadedApk$ReceiverDispatcher$Args.lambda$getRunnable$0(LoadedApk.java:1931)
09-25 12:37:03.934 28772 28772 W Bundle  : 	at android.app.LoadedApk$ReceiverDispatcher$Args.$r8$lambda$mcNAAl1SQ4MyJPyDg8TJ2x2h0Rk(Unknown Source:0)
09-25 12:37:03.934 28772 28772 W Bundle  : 	at android.app.LoadedApk$ReceiverDispatcher$Args$$ExternalSyntheticLambda0.run(D8$$SyntheticClass:0)
09-25 12:37:03.934 28772 28772 W Bundle  : 	at android.os.Handler.handleCallback(Handler.java:1070)
09-25 12:37:03.934 28772 28772 W Bundle  : 	at android.os.Handler.dispatchMessage(Handler.java:125)
09-25 12:37:03.934 28772 28772 W Bundle  : 	at android.os.Looper.dispatchMessage(Looper.java:333)
09-25 12:37:03.934 28772 28772 W Bundle  : 	at android.os.Looper.loopOnce(Looper.java:263)
09-25 12:37:03.934 28772 28772 W Bundle  : 	at android.os.Looper.loop(Looper.java:367)
09-25 12:37:03.934 28772 28772 W Bundle  : 	at android.app.ActivityThread.main(ActivityThread.java:9328)
09-25 12:37:03.934 28772 28772 W Bundle  : 	at java.lang.reflect.Method.invoke(Native Method)
09-25 12:37:03.934 28772 28772 W Bundle  : 	at com.android.internal.os.RuntimeInit$MethodAndArgsCaller.run(RuntimeInit.java:569)
09-25 12:37:03.934 28772 28772 W Bundle  : 	at com.android.internal.os.ZygoteInit.main(ZygoteInit.java:929)
09-25 12:37:03.934  3958  3958 D QtiCarrierConfigHelper: WARNING, no carrier configs on phone Id: 0
09-25 12:37:03.935  2866  2866 I LineageHealth: isSupported mode called, param: 2, supported: 3
09-25 12:37:03.935  2866  2866 I LineageHealth: mIsPowerConnected: true, mBatteryPct: 78.0
09-25 12:37:03.935  2866  2866 I LineageHealth: Current battery level: 78.0, target: 80, limit set: false
09-25 12:37:03.999  1616  1871 I SDM     : DisplayBase::CommitThread: Received idle timeout, panel: cmd, timeout: 70000 us
09-25 12:37:04.003 30707 30707 W libbinder.BackendUnifiedServiceManager: Thread Pool max thread count is 0. Cannot cache binder as linkToDeath cannot be implemented. serviceName: package
09-25 12:37:04.038  1695  1792 D BatteryChargeControl: bcc get no support from charging protocol
09-25 12:37:04.070 30711 30711 I artd    : Starting artd
09-25 12:37:04.071 30711 30711 I libbinder.AidlLazyServiceRegistrar: Registering service artd
09-25 12:37:04.072 30711 30711 I libbinder.AidlLazyServiceRegistrar: Process has 1 (of 1 available) client(s) in use after notification artd has clients: 1
09-25 12:37:04.080 28772 29102 D S3PERF  : crosscheck source=surface presented=2550 json_fps=6.18718 json_frametime_ms=179.706
09-25 12:37:04.117 30711 30711 I artd    : GetBestInfo: odex next to the dex file (/data/app/~~vxGC51Lzpu6zPVsT4jRLxg==/com.zenithblue.sambas3-BjhVtN2ysAN9NvryQroXvQ==/oat/arm64/base.odex) is kOatUpToDate with filter 'verify' executable 'false'
09-25 12:37:04.131  1570  1606 I android.hardware.thermal-service.qti: sensor: cpu-2-1-0 temperature: 89.9 old: 3 new: 0
09-25 12:37:04.188  1570  1606 I android.hardware.thermal-service.qti: sensor: cpu-2-1-0 temperature: 95 old: 0 new: 3
09-25 12:37:04.200  1616  1871 I SDM     : DisplayBase::CommitThread: Received idle timeout, panel: cmd, timeout: 70000 us
09-25 12:37:04.331  1616  1871 I SDM     : DisplayBase::CommitThread: Received idle timeout, panel: cmd, timeout: 70000 us
09-25 12:37:04.504 28772 29877 D RPCS3   : SPU block is a loop at [0x06a34 -> 0x06958]
09-25 12:37:04.504 28772 29877 D RPCS3   : SPU block is a loop at [0x068fc -> 0x068fc]
09-25 12:37:04.504 28772 29877 D RPCS3   : SPU block is a loop at [0x06cd8 -> 0x06cd8]
09-25 12:37:04.504 28772 29877 D RPCS3   : SPU block is a loop at [0x06888 -> 0x06888]
09-25 12:37:04.504 28772 29877 D RPCS3   : SPU block is a loop at [0x06c30 -> 0x06c30]
09-25 12:37:04.504 28772 29877 D RPCS3   : SPU block is a loop at [0x067c8 -> 0x067c8]
09-25 12:37:04.505 28772 29877 D RPCS3   : Building function 0x6500... (size 509, __spu-0x06500-PAnS6VAZ75fVceU74Gf4TLGiQQzZ-s3cg1-cortex-a34-neon)
09-25 12:37:04.566  1616  1871 I SDM     : DisplayBase::CommitThread: Received idle timeout, panel: cmd, timeout: 70000 us
09-25 12:37:04.619 28772 29877 I RPCS3   : New SPU block compiled successfully (size=509)
09-25 12:37:04.629 28772 29877 D RPCS3   : SPU block is a loop at [0x06204 -> 0x061f4]
09-25 12:37:04.629 28772 29877 D RPCS3   : Building function 0x6190... (size 101, __spu-0x06190-jRotPaiZ6UERkRzVyQn4bAhKfdyX-s3cg1-cortex-a34-neon)
09-25 12:37:04.652  1616  1871 I SDM     : DisplayBase::CommitThread: Received idle timeout, panel: cmd, timeout: 69999 us
09-25 12:37:04.654 28772 29877 I RPCS3   : New SPU block compiled successfully (size=101)
09-25 12:37:04.655 28772 29877 D RPCS3   : Building function 0x4e60... (size 128, __spu-0x04e60-Y3wiMV8Ak1CmFwKNAdF7gAjKzeHP-s3cg1-cortex-a34-neon)
09-25 12:37:04.655 28772 29877 W RPCS3   : [__spu-0x04e60-Y3wiMV8Ak1CmFwKNAdF7gAjKzeHP-s3cg1-cortex-a34-neon:0x04ed8] Unmatched spu_rsqrte(c) found in FMA
09-25 12:37:04.675  1550  7858 I vendor.qti.bluetooth@1.1-ibs_handler: ProcessIbsCmd: Received IBS_WAKE_IND: 0xFD
09-25 12:37:04.676  1550  7858 D vendor.qti.bluetooth@1.1-ibs_handler: SerialClockVote: vote for UART CLK ON
09-25 12:37:04.676  1550  7858 E vendor.qti.bluetooth@1.1-wake_lock: Acquire write to wakelock file failed -1 - Operation not permitted
09-25 12:37:04.676  1550  7858 I vendor.qti.bluetooth@1.1-ibs_handler: ProcessIbsCmd: Writing IBS_WAKE_ACK
09-25 12:37:04.677  7761  7842 V bt_btm_ble: system/stack/btm/btm_ble_gap.cc:1438 btm_ble_process_adv_addr: bda=xx:xx:xx:xx:04:66
09-25 12:37:04.677  7761  7842 V bluetooth: system/gd/hci/le_scanning_reassembler.cc:54 ProcessAdvertisingReport: Dropping repeated legacy advertising data
09-25 12:37:04.677  7761  7842 V bt_btm_ble: system/stack/btm/btm_ble_gap.cc:1438 btm_ble_process_adv_addr: bda=xx:xx:xx:xx:04:66
09-25 12:37:04.677  7761  7842 V bluetooth: system/gd/hci/le_scanning_reassembler.cc:93 ProcessAdvertisingReport: Full advertising report has been reassembled
09-25 12:37:04.677  7761  7835 V SEC_CB  : system/stack/btm/btm_sec_cb.cc:187 IsDeviceBonded: No record for xx:xx:xx:xx:04:66
09-25 12:37:04.677  7761  7835 V SEC_CB  : system/stack/btm/btm_sec_cb.cc:187 IsDeviceBonded: No record for xx:xx:xx:xx:04:66
09-25 12:37:04.677  7761  7835 V bt_btm_ble: system/stack/btm/btm_ble_gap.cc:1426 btm_ble_update_inq_result: Random address, treat device as LE only
09-25 12:37:04.677  7761  7876 V ScanController: onScanResult() - eventType=0x13, addressType=1, address=XX:XX:XX:XX:04:66, primaryPhy=1, secondaryPhy=0, advertisingSid=0xff, txPower=127, rssi=-60, periodicAdvInt=0x0, originalAddress=00:00:00:00:00:00
09-25 12:37:04.677  7761  7876 V ScanController: onScanResult() - eventType=0x1b, addressType=1, address=XX:XX:XX:XX:04:66, primaryPhy=1, secondaryPhy=0, advertisingSid=0xff, txPower=127, rssi=-60, periodicAdvInt=0x0, originalAddress=00:00:00:00:00:00
09-25 12:37:04.677  7761  7876 V ScanController: Skipping client: No filter match
09-25 12:37:04.677  7761  7876 V ScanController: Skipping client: No filter match
09-25 12:37:04.677  7761  7876 V bt_btif : system/btif/src/bluetooth.cc:1337 operator(): HAL bt_hal_cbacks->remote_device_properties_cb
09-25 12:37:04.677  7761  7876 V BluetoothServiceJni: android/app/jni/com_android_bluetooth_btservice_AdapterService.cpp:245 remote_device_properties_callback: Device: xx:xx:xx:xx:04:66, Status: success, Properties: 4
09-25 12:37:04.678  7761  7876 W BluetoothRemoteDevices: Address type mismatch for XX:XX:XX:XX:04:66, new type: 1
09-25 12:37:04.678  7761  7876 D BluetoothRemoteDevices: Update property, device=XX:XX:XX:XX:04:66, type: 1
09-25 12:37:04.678  7761  7876 D BluetoothRemoteDevices: Skip name update for XX:XX:XX:XX:04:66
09-25 12:37:04.678 10644 11136 D BluetoothLeScanner: onScanResult() - ScanResult{device=XX:XX:XX:XX:04:66, scanRecord=ScanRecord [mAdvertiseFlags=24, mServiceUuids=null, mServiceSolicitationUuids=[], mManufacturerSpecificData={}, mServiceData={0000fe2c-0000-1000-8000-00805f9b34fb=[0, 96, 104, 34, -38, 53, -28, 69, 17, -113, 52, -1, 90, -1]}, mTxPowerLevel=-12, mDeviceName=realme Buds Air7, mTransportDiscoveryData=null], rssi=-60, timestampNanos=931668401798956, eventType=27, primaryPhy=1, secondaryPhy=0, advertisingSid=255, txPower=127, periodicAdvertisingInterval=0}
09-25 12:37:04.678  7761  7876 D BluetoothRemoteDevices: Update property, device=XX:XX:XX:XX:04:66, type: 4
09-25 12:37:04.678  7761  7876 D BluetoothRemoteDevices: Skip class update, device=XX:XX:XX:XX:04:66, cod=0x1f00
09-25 12:37:04.678  7761  7876 D BluetoothRemoteDevices: Update property, device=XX:XX:XX:XX:04:66, type: 5
09-25 12:37:04.678  7761  7876 D BluetoothRemoteDevices: Update property, device=XX:XX:XX:XX:04:66, type: 24
09-25 12:37:04.678  7761  7876 V bt_btif : system/btif/src/bluetooth.cc:1337 operator(): HAL bt_hal_cbacks->remote_device_properties_cb
09-25 12:37:04.678  7761  7876 V BluetoothServiceJni: android/app/jni/com_android_bluetooth_btservice_AdapterService.cpp:245 remote_device_properties_callback: Device: xx:xx:xx:xx:04:66, Status: success, Properties: 4
09-25 12:37:04.678  7761  7876 W BluetoothRemoteDevices: Address type mismatch for XX:XX:XX:XX:04:66, new type: 1
09-25 12:37:04.678  7761  7876 D BluetoothRemoteDevices: Update property, device=XX:XX:XX:XX:04:66, type: 1
09-25 12:37:04.678  7761  7876 D BluetoothRemoteDevices: Skip name update for XX:XX:XX:XX:04:66
09-25 12:37:04.678  7761  7876 D BluetoothRemoteDevices: Update property, device=XX:XX:XX:XX:04:66, type: 4
09-25 12:37:04.678  7761  7876 D BluetoothRemoteDevices: Skip class update, device=XX:XX:XX:XX:04:66, cod=0x1f00
09-25 12:37:04.678  7761  7876 D BluetoothRemoteDevices: Update property, device=XX:XX:XX:XX:04:66, type: 5
09-25 12:37:04.678  7761  7876 D BluetoothRemoteDevices: Update property, device=XX:XX:XX:XX:04:66, type: 24
09-25 12:37:04.681 28772 29877 I RPCS3   : New SPU block compiled successfully (size=128)
09-25 12:37:04.681 28772 29877 D RPCS3   : Building function 0x50a4... (size 44, __spu-0x050a4-4yHFtrk1G1JLwozTQ6R3mYqeXfnh-s3cg1-cortex-a34-neon)
09-25 12:37:04.699 28772 29877 I RPCS3   : New SPU block compiled successfully (size=44)
09-25 12:37:04.699 28772 29877 D RPCS3   : Building function 0x4538... (size 107, __spu-0x04538-8f5jhjHnqqo0wNMkGT6o0dJR7jy4-s3cg1-cortex-a34-neon)
09-25 12:37:04.716  1550  7858 I vendor.qti.bluetooth@1.1-ibs_handler: ProcessIbsCmd: Received IBS_SLEEP_IND: 0xFE
09-25 12:37:04.716  1550  7858 D vendor.qti.bluetooth@1.1-ibs_handler: SerialClockVote: vote for UART CLK OFF
09-25 12:37:04.728  1570  1606 I android.hardware.thermal-service.qti: sensor: cpu-1-0-0 temperature: 89.9 old: 3 new: 0
09-25 12:37:04.729 28772 29877 I RPCS3   : New SPU block compiled successfully (size=107)
09-25 12:37:04.729 28772 29877 D RPCS3   : Building function 0x4280... (size 77, __spu-0x04280-aVjxiCAj3J7bd4Y23qtaCftGQ3b2-s3cg1-cortex-a34-neon)
09-25 12:37:04.750 28772 29877 I RPCS3   : New SPU block compiled successfully (size=77)
09-25 12:37:04.750 28772 29877 D RPCS3   : Building function 0x43b8... (size 96, __spu-0x043b8-46x1cZYH2a0iHvariWz26AkrAWuL-s3cg1-cortex-a34-neon)
09-25 12:37:04.773 28772 29877 I RPCS3   : New SPU block compiled successfully (size=96)
09-25 12:37:04.774 28772 29877 D RPCS3   : SPU block is a loop at [0x04798 -> 0x04798]
09-25 12:37:04.774 28772 29877 D RPCS3   : SPU block is a loop at [0x04aa0 -> 0x04aa0]
09-25 12:37:04.774 28772 29877 D RPCS3   : SPU block is a loop at [0x04978 -> 0x04978]
09-25 12:37:04.774 28772 29877 D RPCS3   : SPU block is a loop at [0x04cb8 -> 0x04cb8]
09-25 12:37:04.774 28772 29877 D RPCS3   : SPU block is a loop at [0x04908 -> 0x04908]
09-25 12:37:04.774 28772 29877 D RPCS3   : SPU block is a loop at [0x04ba8 -> 0x04ba8]
09-25 12:37:04.774 28772 29877 D RPCS3   : SPU block is a loop at [0x04898 -> 0x04898]
09-25 12:37:04.775 28772 29877 D RPCS3   : Building function 0x46e8... (size 419, __spu-0x046e8-qHtmk1hHW9Qo5e1dLJUyaprVr1SV-s3cg1-cortex-a34-neon)
09-25 12:37:04.798  1616  1871 I SDM     : DisplayBase::CommitThread: Received idle timeout, panel: cmd, timeout: 70000 us
09-25 12:37:04.852 28772 29877 I RPCS3   : New SPU block compiled successfully (size=419)
09-25 12:37:04.867  1550  7849 E vendor.qti.bluetooth@1.1-wake_lock: Release wake lock not initialized/acquired
09-25 12:37:04.874  1570  1606 I android.hardware.thermal-service.qti: sensor: cpu-1-0-0 temperature: 95 old: 0 new: 3
09-25 12:37:05.014 28772 29102 D S3PERF  : crosscheck ui_snapshot_fps=8.45187 ui_snapshot_frametime_ms=80.755
09-25 12:37:05.020  1570  1606 I android.hardware.thermal-service.qti: sensor: cpu-1-2-0 temperature: 95 old: 0 new: 3
09-25 12:37:05.029  1570  1606 I android.hardware.thermal-service.qti: sensor: cpu-1-2-0 temperature: 89.9 old: 3 new: 0
09-25 12:37:05.033  1570  1606 I android.hardware.thermal-service.qti: sensor: cpu-1-0-0 temperature: 89.9 old: 3 new: 0
09-25 12:37:05.038  1695  1792 D BatteryChargeControl: bcc get no support from charging protocol
09-25 12:37:05.043 28772 29876 D RPCS3   : Building function 0xaf50... (size 18, __spu-0x0af50-MKL5tuaT6QR2b4ZMM6U79Agao8if-s3cg1-cortex-a34-neon)
09-25 12:37:05.044 28772 29876 D RPCS3   : mpy32 in __spu-0x0af50-MKL5tuaT6QR2b4ZMM6U79Agao8if-s3cg1-cortex-a34-neon at 0x0af88
09-25 12:37:05.054  1570  1606 I android.hardware.thermal-service.qti: sensor: cpu-1-0-0 temperature: 95 old: 0 new: 3
09-25 12:37:05.065  1616  1871 I SDM     : DisplayBase::CommitThread: Received idle timeout, panel: cmd, timeout: 69999 us
09-25 12:37:05.065  1570  1606 I android.hardware.thermal-service.qti: sensor: cpu-2-1-0 temperature: 89.9 old: 3 new: 0
09-25 12:37:05.070  1570  1606 I android.hardware.thermal-service.qti: sensor: cpu-2-1-0 temperature: 95 old: 0 new: 3
09-25 12:37:05.073 28772 29876 I RPCS3   : New SPU block compiled successfully (size=18)
09-25 12:37:05.074 28772 29876 D RPCS3   : Building function 0xa210... (size 6, __spu-0x0a210-4X479m1CwnX3T2xxLN0SgfWEix8K-s3cg1-cortex-a34-neon)
09-25 12:37:05.084 28772 29876 I RPCS3   : New SPU block compiled successfully (size=6)
09-25 12:37:05.149  1616  1871 I SDM     : DisplayBase::CommitThread: Received idle timeout, panel: cmd, timeout: 70000 us
09-25 12:37:05.273  1549  2821 I PAL: OplusSpeakerSia: isGainChanged: 371: vddValue 4069000, mCurVddThres 3800000, mPreVddThres 3800000
09-25 12:37:05.273  1549  2821 D PAL: OplusPalCommon: getActiveStreamPcmId: 2077:  dir: 1, stream: 0xb400006f4aad2e10, pcmDevId: 126
09-25 12:37:05.273  1549  2821 I PAL: SessionAlsaUtils: getModuleInstanceId: 1247: tag_id 0xc0000029, MIID is 0x4761
09-25 12:37:05.274  1549  2821 D sixth_if_gift: sixth_get_lp_protection_val: 1443: ch:0, f0(670), lpx(40717), re(6927503), is_valid(1)
09-25 12:37:05.274  1549  2821 D sixth_if_gift: sixth_get_lp_protection_val: 1443: ch:1, f0(871), lpx(40143), re(6674328), is_valid(1)
09-25 12:37:05.296  1616  1871 I SDM     : DisplayBase::CommitThread: Received idle timeout, panel: cmd, timeout: 70000 us
09-25 12:37:05.302  1695  1756 D vendor.oplus.hardware.charger-V10-service: parallel fold conf file parse fail parallel_fold_state 2
09-25 12:37:05.302  1695  1756 D vendor.oplus.hardware.charger-V10-service: scale_chg Start!!!
09-25 12:37:05.302  1695  1756 D vendor.oplus.hardware.charger-V10-service: [0, 0, 3]
09-25 12:37:05.302  1695  1756 D vendor.oplus.hardware.charger-V10-service: [0, 2, 11]
09-25 12:37:05.302  1695  1756 D vendor.oplus.hardware.charger-V10-service: [0, 1, 4]
09-25 12:37:05.302  1695  1756 D vendor.oplus.hardware.charger-V10-service: [0, 3, 3]
09-25 12:37:05.302  1695  1756 D vendor.oplus.hardware.charger-V10-service: [0, 4, 3]
09-25 12:37:05.302  1695  1756 D vendor.oplus.hardware.charger-V10-service: [0, 5, 8]
09-25 12:37:05.302  1695  1756 D vendor.oplus.hardware.charger-V10-service: [0, 6, 8]
09-25 12:37:05.302  1695  1756 D vendor.oplus.hardware.charger-V10-service: scale_chg Start!!!
09-25 12:37:05.303  1695  1756 D vendor.oplus.hardware.charger-V10-service: [0, 0, 3]
09-25 12:37:05.303  1695  1756 D vendor.oplus.hardware.charger-V10-service: [0, 2, 11]
09-25 12:37:05.303  1695  1756 D vendor.oplus.hardware.charger-V10-service: [0, 1, 4]
09-25 12:37:05.303  1695  1756 D vendor.oplus.hardware.charger-V10-service: [0, 3, 3]
09-25 12:37:05.303  1695  1756 D vendor.oplus.hardware.charger-V10-service: [0, 4, 3]
09-25 12:37:05.303  1695  1756 D vendor.oplus.hardware.charger-V10-service: [0, 5, 8]
09-25 12:37:05.303  1695  1756 D vendor.oplus.hardware.charger-V10-service: [0, 6, 8]
09-25 12:37:05.313  1570  1606 I android.hardware.thermal-service.qti: sensor: cpu-2-1-0 temperature: 89.9 old: 3 new: 0
09-25 12:37:05.319  1570  1606 I android.hardware.thermal-service.qti: sensor: cpu-2-1-0 temperature: 95 old: 0 new: 3
09-25 12:37:05.328 28772 29102 D S3PERF  : crosscheck source=surface presented=2556 json_fps=5.19766 json_frametime_ms=184.016
09-25 12:37:05.412  1570  1606 I android.hardware.thermal-service.qti: sensor: cpu-1-0-0 temperature: 89.9 old: 3 new: 0
09-25 12:37:05.430  1616  1871 I SDM     : DisplayBase::CommitThread: Received idle timeout, panel: cmd, timeout: 70000 us
09-25 12:37:05.469  1570  1606 I android.hardware.thermal-service.qti: sensor: cpu-1-0-0 temperature: 95 old: 0 new: 3
09-25 12:37:05.487  1570  1606 I android.hardware.thermal-service.qti: sensor: cpu-2-1-0 temperature: 89.9 old: 3 new: 0
09-25 12:37:05.496  4851  4882 E horae   : 0: target_temp:35900, back:35900,frame:35900,front:35900, 4, +(0), 1 ,35900, algo:0
09-25 12:37:05.558  1570  1606 I android.hardware.thermal-service.qti: sensor: cpu-2-1-0 temperature: 95 old: 0 new: 3
09-25 12:37:05.580  1616  1871 I SDM     : DisplayBase::CommitThread: Received idle timeout, panel: cmd, timeout: 70000 us
09-25 12:37:05.713 28772 29876 W RPCS3   : [0x5210] At 0x5258: indirect branch to 0x525c (D)
09-25 12:37:05.718 32732 32732 I synaLib : tcm: STATUS: Exit DOZE mode
09-25 12:37:05.719 32732 32732 E OplusTouchDaemon: [prevent][curved_large_handle_V2][3008]: id:0 pos:1 center_down:1 (5634 35682)(0 0 0 0) 
09-25 12:37:05.720  1561  1561 I android.hardware.power-service-qti: Power setBoost: 0, duration: 0
09-25 12:37:05.721  2866  2910 I DisplayDeviceRepository: Display device changed render timings: "Built-in Screen", renderFrameRate=120.00001, presentationDeadlineNanos=11500000, appVsyncOffsetNanos=833333, frameRateOverrides=[]
09-25 12:37:05.722  1549 22325 D AHAL: AudioDevice: SetParameters: 1972: enter: screen_state=on
09-25 12:37:05.722  2866  2908 D WindowManager: DeferredDisplayUpdater: partially applying DisplayInfo(1264 x 2780) immediately
09-25 12:37:05.722 28772 29876 D RPCS3   : Building function 0x5210... (size 19, __spu-0x05210-oRUrzqnR5ENFYZmRUX43px2jz4uG-s3cg1-cortex-a34-neon)
09-25 12:37:05.722 28772 28772 I S3TOUCH : root action=down x=2230 y=911
09-25 12:37:05.722 28772 28772 I S3TOUCH : monitor action=down consumed=false
09-25 12:37:05.723 28772 28772 I S3TOUCH : pad action=down menu=false
09-25 12:37:05.723  1768  1768 D SurfaceFlinger: initiateModeChange 4630946652107814787 {mode={fps=120.00 Hz, modePtr={id=0, vsyncRate=120.00 Hz, peakRefreshRate=120.00 Hz}}, emitEvent=false, force=false}
09-25 12:37:05.723  1616  2136 I SDM     : HWCDisplay::SetActiveConfigToIrisWrapper: SetActiveConfigToIrisWrapper on id_: 0
09-25 12:37:05.723  1616  2136 W SDM     : HWCDisplay::SetActiveConfigToIrisWrapper: HWC SetActiveConfig [1, 0], switch to [1264x2780@120]
09-25 12:37:05.724  1616  2136 W SDM     : HWDeviceDRM::GetSupportedBitClkRate: Requested rate not supported: 1012000000
09-25 12:37:05.724  1616  2136 I SDM     : HWDeviceDRM::UpdateMixerAttributes: Mixer WxH 1264x2780-1 for Peripheral
09-25 12:37:05.724  1616  2136 I CwbService: CwbService::notifyConfigChange: display:0, config:0 size:4, sec.size():0
09-25 12:37:05.724  1616  2136 I SDM     : HWCDisplay::SubmitDisplayConfig: Active configuration changed from config 1 to 0
09-25 12:37:05.724  1549 22325 D AHAL: FM: fm_set_parameters: 261: Enter
09-25 12:37:05.724  1549 22325 D AHAL: FM: fm_set_parameters: 319: exit
09-25 12:37:05.724  1549 22325 D AHAL: AudioDevice: SetParameters: 2077:  - screen = on
09-25 12:37:05.724  1549 22325 D AHAL: AudioDevice: SetParameters: 2821: exit
09-25 12:37:05.725 10806 10806 D TaskbarManager: dispatchTouchEvent:  displayId=0 isDefaultDisplay=true
09-25 12:37:05.727  1561  1561 E QTI PowerHAL: Failed to acquire lock.
09-25 12:37:05.727  1561  1561 E QTI PowerHAL: Failed process_boost for boost_handle
09-25 12:37:05.728  1621  1722 E ANDR-PERF-RESOURCEQS: ANDR-PERF-RESOURCEQS: AddAndApply() 125: Resource with major=16, minor=30 not supported
09-25 12:37:05.728  1621  1722 E ANDR-PERF-RESOURCEQS: ANDR-PERF-RESOURCEQS: AddAndApply() 125: Resource with major=16, minor=31 not supported
09-25 12:37:05.734  1633  1633 D vendor.qti.vibratorOL: Vibrator perform effect 2
09-25 12:37:05.737  1633 30724 D vendor.qti.vibratorOL: Starting perform on another thread
09-25 12:37:05.739 28772 29876 I RPCS3   : New SPU block compiled successfully (size=19)
09-25 12:37:05.739 28772 29876 W RPCS3   : [0x525c] At 0x52d4: indirect branch to 0x52d8 (E)
09-25 12:37:05.739 28772 29876 D RPCS3   : Building function 0x525c... (size 31, __spu-0x0525c-GuUH2nvcmzmVyKUxE424b9ijni7N-s3cg1-cortex-a34-neon)
09-25 12:37:05.746  1633 30724 D vendor.qti.vibratorOL: Notifying perform complete
09-25 12:37:05.747  1633  1633 D vendor.qti.vibratorOL: QTI Vibrator off
09-25 12:37:05.754 28772 29876 I RPCS3   : New SPU block compiled successfully (size=31)
09-25 12:37:05.754 28772 29876 W RPCS3   : [0x52d8] At 0x531c: indirect branch to 0x5320 (D)
09-25 12:37:05.754 28772 29876 W RPCS3   : [0x52d8] At 0x533c: indirect branch to 0x5340 (E)
09-25 12:37:05.754 28772 29876 D RPCS3   : Building function 0x52d8... (size 26, __spu-0x052d8-QQthPpN9MVMUq1PgrXHNRFiKkNfQ-s3cg1-cortex-a34-neon)
09-25 12:37:05.756  1633  1633 D vendor.qti.vibratorOL: Vibrator perform effect 2
09-25 12:37:05.760  1633 30725 D vendor.qti.vibratorOL: Starting perform on another thread
09-25 12:37:05.770  1633 30725 D vendor.qti.vibratorOL: Notifying perform complete
09-25 12:37:05.770  1633  1633 D vendor.qti.vibratorOL: QTI Vibrator off
09-25 12:37:05.772 28772 29876 I RPCS3   : New SPU block compiled successfully (size=26)
09-25 12:37:05.773 28772 29876 W RPCS3   : [0x5320] At 0x533c: indirect branch to 0x5340 (E)
09-25 12:37:05.773 28772 29876 D RPCS3   : Building function 0x5320... (size 8, __spu-0x05320-sM357HSuChMjwZR4da5zZcTAiLdo-s3cg1-cortex-a34-neon)
09-25 12:37:05.780  1633  1633 D vendor.qti.vibratorOL: Vibrator perform effect 2
09-25 12:37:05.784 28772 29876 I RPCS3   : New SPU block compiled successfully (size=8)
09-25 12:37:05.784 28772 29876 D RPCS3   : Building function 0x5340... (size 6, __spu-0x05340-1qnJmJSN05waAft5tWCfiZVu1kgm-s3cg1-cortex-a34-neon)
09-25 12:37:05.785  1633 30726 D vendor.qti.vibratorOL: Starting perform on another thread
09-25 12:37:05.794  1633 30726 D vendor.qti.vibratorOL: Notifying perform complete
09-25 12:37:05.795  1633  1633 D vendor.qti.vibratorOL: QTI Vibrator off
09-25 12:37:05.798 28772 29876 I RPCS3   : New SPU block compiled successfully (size=6)
09-25 12:37:05.798 28772 29876 W RPCS3   : [0x4a7c] At 0x50a4: indirect branch to 0x50a8 (D)
09-25 12:37:05.798 28772 29876 W RPCS3   : [0x4a7c] At 0x50a4: indirect branch to 0x50a8 (D)
09-25 12:37:05.814 32732 32732 E OplusTouchDaemon: [prevent][curved_large_handle_V2][3082]: up id(0) status: 1, 1, 1, 0.
09-25 12:37:05.817  1633  1633 D vendor.qti.vibratorOL: Vibrator perform effect 2
09-25 12:37:05.819  1633 30727 D vendor.qti.vibratorOL: Starting perform on another thread
09-25 12:37:05.828  1633 30727 D vendor.qti.vibratorOL: Notifying perform complete
09-25 12:37:05.828 28772 29876 D RPCS3   : SPU block is a loop at [0x04ad0 -> 0x04ad0]
09-25 12:37:05.828 28772 29876 D RPCS3   : SPU block is a loop at [0x04b50 -> 0x04b50]
09-25 12:37:05.828 28772 29876 D RPCS3   : SPU block is a loop at [0x04f60 -> 0x04f60]
09-25 12:37:05.828 28772 29876 D RPCS3   : Building function 0x4a7c... (size 395, __spu-0x04a7c-V4xAYu8Gni1gFVZ65ocMXrNjf1AU-s3cg1-cortex-a34-neon)
09-25 12:37:05.829 28772 29876 D RPCS3   : mpy32 in __spu-0x04a7c-V4xAYu8Gni1gFVZ65ocMXrNjf1AU-s3cg1-cortex-a34-neon at 0x04bd0
09-25 12:37:05.829 28772 29876 D RPCS3   : mpy32 in __spu-0x04a7c-V4xAYu8Gni1gFVZ65ocMXrNjf1AU-s3cg1-cortex-a34-neon at 0x04bd4
09-25 12:37:05.830 28772 29876 D RPCS3   : mpy32 in __spu-0x04a7c-V4xAYu8Gni1gFVZ65ocMXrNjf1AU-s3cg1-cortex-a34-neon at 0x04c4c
09-25 12:37:05.830  1633  1633 D vendor.qti.vibratorOL: QTI Vibrator off
09-25 12:37:05.831 28772 29876 W RPCS3   : [__spu-0x04a7c-V4xAYu8Gni1gFVZ65ocMXrNjf1AU-s3cg1-cortex-a34-neon:0x04df4] Unmatched spu_rsqrte(c) found in FMA
09-25 12:37:05.831 28772 29876 W RPCS3   : [__spu-0x04a7c-V4xAYu8Gni1gFVZ65ocMXrNjf1AU-s3cg1-cortex-a34-neon:0x04d54] Unmatched spu_rsqrte(c) found in FMA
09-25 12:37:05.832 28772 29876 W RPCS3   : [__spu-0x04a7c-V4xAYu8Gni1gFVZ65ocMXrNjf1AU-s3cg1-cortex-a34-neon:0x04e54] Unmatched spu_rsqrte(c) found in FMA
09-25 12:37:05.832 28772 29876 W RPCS3   : [__spu-0x04a7c-V4xAYu8Gni1gFVZ65ocMXrNjf1AU-s3cg1-cortex-a34-neon:0x04eb8] Unmatched spu_rsqrte(c) found in FMA
09-25 12:37:05.832 28772 29876 W RPCS3   : [__spu-0x04a7c-V4xAYu8Gni1gFVZ65ocMXrNjf1AU-s3cg1-cortex-a34-neon:0x04f14] Unmatched spu_rsqrte(c) found in FMA
09-25 12:37:05.838  1633  1633 D vendor.qti.vibratorOL: Vibrator perform effect 2
09-25 12:37:05.842  1633 30728 D vendor.qti.vibratorOL: Starting perform on another thread
09-25 12:37:05.851  1633 30728 D vendor.qti.vibratorOL: Notifying perform complete
09-25 12:37:05.852  1633  1633 D vendor.qti.vibratorOL: QTI Vibrator off
09-25 12:37:05.896  1570  1606 I android.hardware.thermal-service.qti: sensor: cpu-2-1-0 temperature: 89.9 old: 3 new: 0
09-25 12:37:05.902  1570  1606 I android.hardware.thermal-service.qti: sensor: cpu-2-0-0 temperature: 95 old: 0 new: 3
09-25 12:37:05.912  1570  1606 I android.hardware.thermal-service.qti: sensor: cpu-2-0-0 temperature: 89.9 old: 3 new: 0
09-25 12:37:05.927 32732 32732 E OplusTouchDaemon: [prevent][curved_large_handle_V2][3008]: id:1 pos:1 center_down:1 (5639 35459)(0 0 0 0) 
09-25 12:37:05.927 32732 32732 E OplusTouchDaemon: [touchEvent][ts_report_touch_data][643]: first touch point id 1 [5639 35459    4    0    0    0    0]
09-25 12:37:05.928  1561  1561 I android.hardware.power-service-qti: Power setBoost: 0, duration: 0
09-25 12:37:05.928 10806 10806 D TaskbarManager: dispatchTouchEvent:  displayId=0 isDefaultDisplay=true
09-25 12:37:05.928 28772 28772 I S3TOUCH : root action=down x=2216 y=911
09-25 12:37:05.929 28772 28772 I S3TOUCH : monitor action=down consumed=false
09-25 12:37:05.929 28772 28772 I S3TOUCH : pad action=down menu=false
09-25 12:37:05.930  1633  1633 D vendor.qti.vibratorOL: Vibrator perform effect 2
09-25 12:37:05.932  1633 30729 D vendor.qti.vibratorOL: Starting perform on another thread
09-25 12:37:05.942  1633 30729 D vendor.qti.vibratorOL: Notifying perform complete
09-25 12:37:05.942  1633  1633 D vendor.qti.vibratorOL: QTI Vibrator off
09-25 12:37:05.943 28772 29876 I RPCS3   : New SPU block compiled successfully (size=395)
09-25 12:37:05.945 28772 29822 D RPCS3   : sys_tty_write(ch=0, buf=*0x58bf20, len=63, pwritelen=*0xd000fde0)
09-25 12:37:05.945 28772 29822 D RPCS3   : sys_tty_write(): “BATCHJOB: AddJob: waiting for room in job list 3 for job 56...“ << endl
09-25 12:37:05.954  1633  1633 D vendor.qti.vibratorOL: Vibrator perform effect 2
09-25 12:37:05.956  1633 30730 D vendor.qti.vibratorOL: Starting perform on another thread
09-25 12:37:05.965  1633 30730 D vendor.qti.vibratorOL: Notifying perform complete
09-25 12:37:05.967  1633  1633 D vendor.qti.vibratorOL: QTI Vibrator off
09-25 12:37:05.976  1633  1633 D vendor.qti.vibratorOL: Vibrator perform effect 2
09-25 12:37:05.977  1633 30731 D vendor.qti.vibratorOL: Starting perform on another thread
09-25 12:37:05.987  1633 30731 D vendor.qti.vibratorOL: Notifying perform complete
09-25 12:37:05.987  1633  1633 D vendor.qti.vibratorOL: QTI Vibrator off
09-25 12:37:05.997  1633  1633 D vendor.qti.vibratorOL: Vibrator perform effect 2
09-25 12:37:06.001  1633 30732 D vendor.qti.vibratorOL: Starting perform on another thread
09-25 12:37:06.010  1633 30732 D vendor.qti.vibratorOL: Notifying perform complete
09-25 12:37:06.011  1633  1633 D vendor.qti.vibratorOL: QTI Vibrator off
09-25 12:37:06.016 32732 32732 E OplusTouchDaemon: [prevent][curved_large_handle_V2][3082]: up id(1) status: 1, 1, 1, 0.
09-25 12:37:06.019  1633  1633 D vendor.qti.vibratorOL: Vibrator perform effect 2
09-25 12:37:06.020  1633 30733 D vendor.qti.vibratorOL: Starting perform on another thread
09-25 12:37:06.029  1633 30733 D vendor.qti.vibratorOL: Notifying perform complete
09-25 12:37:06.032 32732 32732 I OplusTouchDaemon: ts_run_service: shellback temperature updated 35 (35900)
09-25 12:37:06.034  1633  1633 D vendor.qti.vibratorOL: QTI Vibrator off
09-25 12:37:06.037  1570  1606 I android.hardware.thermal-service.qti: sensor: cpu-2-1-0 temperature: 95 old: 0 new: 3
09-25 12:37:06.039  1695  1792 D BatteryChargeControl: bcc get no support from charging protocol
09-25 12:37:06.113 32732 32732 E OplusTouchDaemon: [prevent][curved_large_handle_V2][3008]: id:0 pos:1 center_down:1 (5523 35457)(0 0 0 0) 
09-25 12:37:06.113 32732 32732 E OplusTouchDaemon: [touchEvent][ts_report_touch_data][643]: first touch point id 0 [5523 35457    4    0    0    0    0]
09-25 12:37:06.114  1561  1561 I android.hardware.power-service-qti: Power setBoost: 0, duration: 0
09-25 12:37:06.114 10806 10806 D TaskbarManager: dispatchTouchEvent:  displayId=0 isDefaultDisplay=true
09-25 12:37:06.114  1561  1561 E QTI PowerHAL: Failed to acquire lock.
09-25 12:37:06.114  1561  1561 E QTI PowerHAL: Failed process_boost for boost_handle
09-25 12:37:06.114 28772 28772 I S3TOUCH : root action=down x=2216 y=918
09-25 12:37:06.114 28772 28772 I S3TOUCH : monitor action=down consumed=false
09-25 12:37:06.115 28772 28772 I S3TOUCH : pad action=down menu=false
09-25 12:37:06.119  1633  1633 D vendor.qti.vibratorOL: Vibrator perform effect 2
09-25 12:37:06.119  1621  1722 E ANDR-PERF-RESOURCEQS: ANDR-PERF-RESOURCEQS: AddAndApply() 125: Resource with major=16, minor=30 not supported
09-25 12:37:06.119  1621  1722 E ANDR-PERF-RESOURCEQS: ANDR-PERF-RESOURCEQS: AddAndApply() 125: Resource with major=16, minor=31 not supported
09-25 12:37:06.120  1633 30735 D vendor.qti.vibratorOL: Starting perform on another thread
09-25 12:37:06.130  1633 30735 D vendor.qti.vibratorOL: Notifying perform complete
09-25 12:37:06.130  1633  1633 D vendor.qti.vibratorOL: QTI Vibrator off
09-25 12:37:06.140  1633  1633 D vendor.qti.vibratorOL: Vibrator perform effect 2
09-25 12:37:06.142  1633 30736 D vendor.qti.vibratorOL: Starting perform on another thread
09-25 12:37:06.152  1633 30736 D vendor.qti.vibratorOL: Notifying perform complete
09-25 12:37:06.152  1633  1633 D vendor.qti.vibratorOL: QTI Vibrator off
09-25 12:37:06.157  1550  7858 I vendor.qti.bluetooth@1.1-ibs_handler: ProcessIbsCmd: Received IBS_WAKE_IND: 0xFD
09-25 12:37:06.157  1550  7858 D vendor.qti.bluetooth@1.1-ibs_handler: SerialClockVote: vote for UART CLK ON
09-25 12:37:06.157  1550  7858 E vendor.qti.bluetooth@1.1-wake_lock: Acquire write to wakelock file failed -1 - Operation not permitted
09-25 12:37:06.157  1550  7858 I vendor.qti.bluetooth@1.1-ibs_handler: ProcessIbsCmd: Writing IBS_WAKE_ACK
09-25 12:37:06.159  7761  7842 V bt_btm_ble: system/stack/btm/btm_ble_gap.cc:1438 btm_ble_process_adv_addr: bda=xx:xx:xx:xx:04:66
09-25 12:37:06.159  7761  7842 V bluetooth: system/gd/hci/le_scanning_reassembler.cc:54 ProcessAdvertisingReport: Dropping repeated legacy advertising data
09-25 12:37:06.159  7761  7835 V SEC_CB  : system/stack/btm/btm_sec_cb.cc:187 IsDeviceBonded: No record for xx:xx:xx:xx:04:66
09-25 12:37:06.159  7761  7842 V bt_btm_ble: system/stack/btm/btm_ble_gap.cc:1438 btm_ble_process_adv_addr: bda=xx:xx:xx:xx:04:66
09-25 12:37:06.159  7761  7842 V bluetooth: system/gd/hci/le_scanning_reassembler.cc:93 ProcessAdvertisingReport: Full advertising report has been reassembled
09-25 12:37:06.159  7761  7835 V SEC_CB  : system/stack/btm/btm_sec_cb.cc:187 IsDeviceBonded: No record for xx:xx:xx:xx:04:66
09-25 12:37:06.159  7761  7835 V bt_btm_ble: system/stack/btm/btm_ble_gap.cc:1426 btm_ble_update_inq_result: Random address, treat device as LE only
09-25 12:37:06.159  7761  7876 V ScanController: onScanResult() - eventType=0x13, addressType=1, address=XX:XX:XX:XX:04:66, primaryPhy=1, secondaryPhy=0, advertisingSid=0xff, txPower=127, rssi=-61, periodicAdvInt=0x0, originalAddress=00:00:00:00:00:00
09-25 12:37:06.159  7761  7876 V ScanController: onScanResult() - eventType=0x1b, addressType=1, address=XX:XX:XX:XX:04:66, primaryPhy=1, secondaryPhy=0, advertisingSid=0xff, txPower=127, rssi=-60, periodicAdvInt=0x0, originalAddress=00:00:00:00:00:00
09-25 12:37:06.160  7761  7876 V ScanController: Skipping client: No filter match
09-25 12:37:06.160  7761  7876 V ScanController: Skipping client: No filter match
09-25 12:37:06.160  7761  7876 V bt_btif : system/btif/src/bluetooth.cc:1337 operator(): HAL bt_hal_cbacks->remote_device_properties_cb
09-25 12:37:06.160  7761  7876 V BluetoothServiceJni: android/app/jni/com_android_bluetooth_btservice_AdapterService.cpp:245 remote_device_properties_callback: Device: xx:xx:xx:xx:04:66, Status: success, Properties: 4
09-25 12:37:06.160  7761  7876 W BluetoothRemoteDevices: Address type mismatch for XX:XX:XX:XX:04:66, new type: 1
09-25 12:37:06.160  7761  7876 D BluetoothRemoteDevices: Update property, device=XX:XX:XX:XX:04:66, type: 1
09-25 12:37:06.160  7761  7876 D BluetoothRemoteDevices: Skip name update for XX:XX:XX:XX:04:66
09-25 12:37:06.160  7761  7876 D BluetoothRemoteDevices: Update property, device=XX:XX:XX:XX:04:66, type: 4
09-25 12:37:06.160  7761  7876 D BluetoothRemoteDevices: Skip class update, device=XX:XX:XX:XX:04:66, cod=0x1f00
09-25 12:37:06.160  7761  7876 D BluetoothRemoteDevices: Update property, device=XX:XX:XX:XX:04:66, type: 5
09-25 12:37:06.160  7761  7876 D BluetoothRemoteDevices: Update property, device=XX:XX:XX:XX:04:66, type: 24
09-25 12:37:06.160  7761  7876 V bt_btif : system/btif/src/bluetooth.cc:1337 operator(): HAL bt_hal_cbacks->remote_device_properties_cb
09-25 12:37:06.160  7761  7876 V BluetoothServiceJni: android/app/jni/com_android_bluetooth_btservice_AdapterService.cpp:245 remote_device_properties_callback: Device: xx:xx:xx:xx:04:66, Status: success, Properties: 4
09-25 12:37:06.160  7761  7876 W BluetoothRemoteDevices: Address type mismatch for XX:XX:XX:XX:04:66, new type: 1
09-25 12:37:06.160  7761  7876 D BluetoothRemoteDevices: Update property, device=XX:XX:XX:XX:04:66, type: 1
09-25 12:37:06.160  7761  7876 D BluetoothRemoteDevices: Skip name update for XX:XX:XX:XX:04:66
09-25 12:37:06.160  7761  7876 D BluetoothRemoteDevices: Update property, device=XX:XX:XX:XX:04:66, type: 4
09-25 12:37:06.160  7761  7876 D BluetoothRemoteDevices: Skip class update, device=XX:XX:XX:XX:04:66, cod=0x1f00
09-25 12:37:06.160  7761  7876 D BluetoothRemoteDevices: Update property, device=XX:XX:XX:XX:04:66, type: 5
09-25 12:37:06.160  7761  7876 D BluetoothRemoteDevices: Update property, device=XX:XX:XX:XX:04:66, type: 24
09-25 12:37:06.160 10644 11136 D BluetoothLeScanner: onScanResult() - ScanResult{device=XX:XX:XX:XX:04:66, scanRecord=ScanRecord [mAdvertiseFlags=24, mServiceUuids=null, mServiceSolicitationUuids=[], mManufacturerSpecificData={}, mServiceData={0000fe2c-0000-1000-8000-00805f9b34fb=[0, 96, 104, 34, -38, 53, -28, 69, 17, -113, 52, -1, 90, -1]}, mTxPowerLevel=-12, mDeviceName=realme Buds Air7, mTransportDiscoveryData=null], rssi=-60, timestampNanos=931669884164632, eventType=27, primaryPhy=1, secondaryPhy=0, advertisingSid=255, txPower=127, periodicAdvertisingInterval=0}
09-25 12:37:06.165  1633  1633 D vendor.qti.vibratorOL: Vibrator perform effect 2
09-25 12:37:06.168  1633 30737 D vendor.qti.vibratorOL: Starting perform on another thread
09-25 12:37:06.177  1633 30737 D vendor.qti.vibratorOL: Notifying perform complete
09-25 12:37:06.177  1633  1633 D vendor.qti.vibratorOL: QTI Vibrator off
09-25 12:37:06.187  1633  1633 D vendor.qti.vibratorOL: Vibrator perform effect 2
09-25 12:37:06.189  1633 30738 D vendor.qti.vibratorOL: Starting perform on another thread
09-25 12:37:06.198  1633 30738 D vendor.qti.vibratorOL: Notifying perform complete
09-25 12:37:06.199  1550  7858 I vendor.qti.bluetooth@1.1-ibs_handler: ProcessIbsCmd: Received IBS_SLEEP_IND: 0xFE
09-25 12:37:06.199  1550  7858 D vendor.qti.bluetooth@1.1-ibs_handler: SerialClockVote: vote for UART CLK OFF
09-25 12:37:06.200  1633  1633 D vendor.qti.vibratorOL: QTI Vibrator off
09-25 12:37:06.210 32732 32732 E OplusTouchDaemon: [prevent][curved_large_handle_V2][3082]: up id(0) status: 1, 1, 1, 0.
09-25 12:37:06.211  1633  1633 D vendor.qti.vibratorOL: Vibrator perform effect 2
09-25 12:37:06.212  1633 30739 D vendor.qti.vibratorOL: Starting perform on another thread
09-25 12:37:06.221  1633 30739 D vendor.qti.vibratorOL: Notifying perform complete
09-25 12:37:06.221  1633  1633 D vendor.qti.vibratorOL: QTI Vibrator off
09-25 12:37:06.234  1633  1633 D vendor.qti.vibratorOL: Vibrator perform effect 2
09-25 12:37:06.236  1633 30740 D vendor.qti.vibratorOL: Starting perform on another thread
09-25 12:37:06.245  1633 30740 D vendor.qti.vibratorOL: Notifying perform complete
09-25 12:37:06.245  1633  1633 D vendor.qti.vibratorOL: QTI Vibrator off
09-25 12:37:06.284 28772 29102 D S3PERF  : crosscheck ui_snapshot_fps=6.55676 ui_snapshot_frametime_ms=64.077
09-25 12:37:06.287  1570  1606 I android.hardware.thermal-service.qti: sensor: cpu-2-1-0 temperature: 89.9 old: 3 new: 0
09-25 12:37:06.304  1570  1606 I android.hardware.thermal-service.qti: sensor: cpu-1-0-0 temperature: 89.9 old: 3 new: 0
09-25 12:37:06.322 32732 32732 E OplusTouchDaemon: [prevent][curved_large_handle_V2][3008]: id:1 pos:1 center_down:1 (5573 35477)(0 0 0 0) 
09-25 12:37:06.322 32732 32732 E OplusTouchDaemon: [touchEvent][ts_report_touch_data][643]: first touch point id 1 [5573 35477    4    0    0    0    0]
09-25 12:37:06.323 28772 28772 I S3TOUCH : root action=down x=2217 y=915
09-25 12:37:06.323 28772 28772 I S3TOUCH : monitor action=down consumed=false
09-25 12:37:06.323 28772 28772 I S3TOUCH : pad action=down menu=false
09-25 12:37:06.323 10806 10806 D TaskbarManager: dispatchTouchEvent:  displayId=0 isDefaultDisplay=true
09-25 12:37:06.324  1633  1633 D vendor.qti.vibratorOL: Vibrator perform effect 2
09-25 12:37:06.325  1633 30741 D vendor.qti.vibratorOL: Starting perform on another thread
09-25 12:37:06.326  1561  1561 I android.hardware.power-service-qti: Power setBoost: 0, duration: 0
09-25 12:37:06.334  1633 30741 D vendor.qti.vibratorOL: Notifying perform complete
09-25 12:37:06.335  1633  1633 D vendor.qti.vibratorOL: QTI Vibrator off
09-25 12:37:06.344  1633  1633 D vendor.qti.vibratorOL: Vibrator perform effect 2
09-25 12:37:06.346  1633 30742 D vendor.qti.vibratorOL: Starting perform on another thread
09-25 12:37:06.350  1550  7849 E vendor.qti.bluetooth@1.1-wake_lock: Release wake lock not initialized/acquired
09-25 12:37:06.355  1633 30742 D vendor.qti.vibratorOL: Notifying perform complete
09-25 12:37:06.355  1633  1633 D vendor.qti.vibratorOL: QTI Vibrator off
09-25 12:37:06.368  1633  1633 D vendor.qti.vibratorOL: Vibrator perform effect 2
09-25 12:37:06.370  1633 30743 D vendor.qti.vibratorOL: Starting perform on another thread
09-25 12:37:06.379  1633 30743 D vendor.qti.vibratorOL: Notifying perform complete
09-25 12:37:06.379  1633  1633 D vendor.qti.vibratorOL: QTI Vibrator off
09-25 12:37:06.386  1570  1606 I android.hardware.thermal-service.qti: sensor: cpu-1-0-0 temperature: 95 old: 0 new: 3
09-25 12:37:06.391  1633  1633 D vendor.qti.vibratorOL: Vibrator perform effect 2
09-25 12:37:06.393  1633 30744 D vendor.qti.vibratorOL: Starting perform on another thread
09-25 12:37:06.401  1570  1606 I android.hardware.thermal-service.qti: sensor: cpu-2-1-0 temperature: 95 old: 0 new: 3
09-25 12:37:06.402  1633 30744 D vendor.qti.vibratorOL: Notifying perform complete
09-25 12:37:06.402  1633  1633 D vendor.qti.vibratorOL: QTI Vibrator off
09-25 12:37:06.411 32732 32732 E OplusTouchDaemon: [prevent][curved_large_handle_V2][3082]: up id(1) status: 1, 1, 1, 0.
09-25 12:37:06.414  1633  1633 D vendor.qti.vibratorOL: Vibrator perform effect 2
09-25 12:37:06.416  1633 30745 D vendor.qti.vibratorOL: Starting perform on another thread
09-25 12:37:06.425  1633 30745 D vendor.qti.vibratorOL: Notifying perform complete
09-25 12:37:06.426  1633  1633 D vendor.qti.vibratorOL: QTI Vibrator off
09-25 12:37:06.436  1633  1633 D vendor.qti.vibratorOL: Vibrator perform effect 2
09-25 12:37:06.437  1633 30746 D vendor.qti.vibratorOL: Starting perform on another thread
09-25 12:37:06.446  1633 30746 D vendor.qti.vibratorOL: Notifying perform complete
09-25 12:37:06.447  1633  1633 D vendor.qti.vibratorOL: QTI Vibrator off
09-25 12:37:06.500 32732 32732 E OplusTouchDaemon: [prevent][curved_large_handle_V2][3008]: id:0 pos:1 center_down:1 (5641 35426)(0 0 0 0) 
09-25 12:37:06.500 32732 32732 E OplusTouchDaemon: [touchEvent][ts_report_touch_data][643]: first touch point id 0 [5641 35426    3    0    0    0    0]
09-25 12:37:06.501  1561  1561 I android.hardware.power-service-qti: Power setBoost: 0, duration: 0
09-25 12:37:06.501  1561  1561 E QTI PowerHAL: Failed to acquire lock.
09-25 12:37:06.501  1561  1561 E QTI PowerHAL: Failed process_boost for boost_handle
09-25 12:37:06.501 10806 10806 D TaskbarManager: dispatchTouchEvent:  displayId=0 isDefaultDisplay=true
09-25 12:37:06.502 28772 28772 I S3TOUCH : root action=down x=2214 y=911
09-25 12:37:06.502 28772 28772 I S3TOUCH : monitor action=down consumed=false
09-25 12:37:06.502 28772 28772 I S3TOUCH : pad action=down menu=false
09-25 12:37:06.503  1633  1633 D vendor.qti.vibratorOL: Vibrator perform effect 2
09-25 12:37:06.505  1633 30747 D vendor.qti.vibratorOL: Starting perform on another thread
09-25 12:37:06.509  1621  1722 E ANDR-PERF-RESOURCEQS: ANDR-PERF-RESOURCEQS: AddAndApply() 125: Resource with major=16, minor=30 not supported
09-25 12:37:06.509  1621  1722 E ANDR-PERF-RESOURCEQS: ANDR-PERF-RESOURCEQS: AddAndApply() 125: Resource with major=16, minor=31 not supported
09-25 12:37:06.514  1633 30747 D vendor.qti.vibratorOL: Notifying perform complete
09-25 12:37:06.517  1633  1633 D vendor.qti.vibratorOL: QTI Vibrator off
09-25 12:37:06.525  1633  1633 D vendor.qti.vibratorOL: Vibrator perform effect 2
09-25 12:37:06.527  1633 30749 D vendor.qti.vibratorOL: Starting perform on another thread
09-25 12:37:06.536  1633 30749 D vendor.qti.vibratorOL: Notifying perform complete
09-25 12:37:06.536  1633  1633 D vendor.qti.vibratorOL: QTI Vibrator off
09-25 12:37:06.547  1633  1633 D vendor.qti.vibratorOL: Vibrator perform effect 2
09-25 12:37:06.551  1633 30750 D vendor.qti.vibratorOL: Starting perform on another thread
09-25 12:37:06.560  1633 30750 D vendor.qti.vibratorOL: Notifying perform complete
09-25 12:37:06.560  1633  1633 D vendor.qti.vibratorOL: QTI Vibrator off
09-25 12:37:06.570  1633  1633 D vendor.qti.vibratorOL: Vibrator perform effect 2
09-25 12:37:06.571  1633 30751 D vendor.qti.vibratorOL: Starting perform on another thread
09-25 12:37:06.580  1633 30751 D vendor.qti.vibratorOL: Notifying perform complete
09-25 12:37:06.581  1633  1633 D vendor.qti.vibratorOL: QTI Vibrator off
09-25 12:37:06.593  1633  1633 D vendor.qti.vibratorOL: Vibrator perform effect 2
09-25 12:37:06.594  1633 30752 D vendor.qti.vibratorOL: Starting perform on another thread
09-25 12:37:06.604  1633 30752 D vendor.qti.vibratorOL: Notifying perform complete
09-25 12:37:06.604 32732 32732 E OplusTouchDaemon: [prevent][curved_large_handle_V2][3082]: up id(0) status: 1, 1, 1, 0.
09-25 12:37:06.605  1561  1561 I android.hardware.power-service-qti: Power setBoost: 0, duration: 0
09-25 12:37:06.605  1633  1633 D vendor.qti.vibratorOL: QTI Vibrator off
09-25 12:37:06.612 28772 29102 D S3PERF  : crosscheck source=surface presented=2565 json_fps=5.94279 json_frametime_ms=106.828
09-25 12:37:06.615  1633  1633 D vendor.qti.vibratorOL: Vibrator perform effect 2
09-25 12:37:06.616  1633 30753 D vendor.qti.vibratorOL: Starting perform on another thread
09-25 12:37:06.625  1633 30753 D vendor.qti.vibratorOL: Notifying perform complete
09-25 12:37:06.626  1633  1633 D vendor.qti.vibratorOL: QTI Vibrator off
09-25 12:37:06.717 32732 32732 E OplusTouchDaemon: [prevent][curved_large_handle_V2][3008]: id:1 pos:1 center_down:1 (5737 35443)(0 0 0 0) 
09-25 12:37:06.717 32732 32732 E OplusTouchDaemon: [touchEvent][ts_report_touch_data][643]: first touch point id 1 [5737 35443    4    0    0    0    0]
09-25 12:37:06.719 10806 10806 D TaskbarManager: dispatchTouchEvent:  displayId=0 isDefaultDisplay=true
09-25 12:37:06.719 28772 28772 I S3TOUCH : root action=down x=2215 y=905
09-25 12:37:06.719 28772 28772 I S3TOUCH : monitor action=down consumed=false
09-25 12:37:06.719 28772 28772 I S3TOUCH : pad action=down menu=false
09-25 12:37:06.720  1561  1561 I android.hardware.power-service-qti: Power setBoost: 0, duration: 0
09-25 12:37:06.722  1633  1633 D vendor.qti.vibratorOL: Vibrator perform effect 2
09-25 12:37:06.726  1633 30754 D vendor.qti.vibratorOL: Starting perform on another thread
09-25 12:37:06.735  1633 30754 D vendor.qti.vibratorOL: Notifying perform complete
09-25 12:37:06.736  1633  1633 D vendor.qti.vibratorOL: QTI Vibrator off
09-25 12:37:06.746  1633  1633 D vendor.qti.vibratorOL: Vibrator perform effect 2
09-25 12:37:06.749  1633 30755 D vendor.qti.vibratorOL: Starting perform on another thread
09-25 12:37:06.756  1570  1606 I android.hardware.thermal-service.qti: sensor: cpu-2-1-0 temperature: 89.6 old: 3 new: 0
09-25 12:37:06.758  1633 30755 D vendor.qti.vibratorOL: Notifying perform complete
09-25 12:37:06.759  1633  1633 D vendor.qti.vibratorOL: QTI Vibrator off
09-25 12:37:06.776  1633  1633 D vendor.qti.vibratorOL: Vibrator perform effect 2
09-25 12:37:06.778  1633 30756 D vendor.qti.vibratorOL: Starting perform on another thread
09-25 12:37:06.787  1633 30756 D vendor.qti.vibratorOL: Notifying perform complete
09-25 12:37:06.788  1633  1633 D vendor.qti.vibratorOL: QTI Vibrator off
09-25 12:37:06.797  1633  1633 D vendor.qti.vibratorOL: Vibrator perform effect 2
09-25 12:37:06.801  1633 30757 D vendor.qti.vibratorOL: Starting perform on another thread
09-25 12:37:06.806 32732 32732 E OplusTouchDaemon: [prevent][curved_large_handle_V2][3082]: up id(1) status: 1, 1, 1, 0.
09-25 12:37:06.810  1633 30757 D vendor.qti.vibratorOL: Notifying perform complete
09-25 12:37:06.811  1633  1633 D vendor.qti.vibratorOL: QTI Vibrator off
09-25 12:37:06.819  1633  1633 D vendor.qti.vibratorOL: Vibrator perform effect 2
09-25 12:37:06.821  1633 30758 D vendor.qti.vibratorOL: Starting perform on another thread
09-25 12:37:06.831  1633 30758 D vendor.qti.vibratorOL: Notifying perform complete
09-25 12:37:06.832  1633  1633 D vendor.qti.vibratorOL: QTI Vibrator off
09-25 12:37:06.903 32732 32732 E OplusTouchDaemon: [prevent][curved_large_handle_V2][3008]: id:0 pos:1 center_down:1 (5735 35403)(0 0 0 0) 
09-25 12:37:06.903 32732 32732 E OplusTouchDaemon: [touchEvent][ts_report_touch_data][643]: first touch point id 0 [5735 35403    4    0    0    0    0]
09-25 12:37:06.904  1561  1561 I android.hardware.power-service-qti: Power setBoost: 0, duration: 0
09-25 12:37:06.905 10806 10806 D TaskbarManager: dispatchTouchEvent:  displayId=0 isDefaultDisplay=true
09-25 12:37:06.906  1561  1561 E QTI PowerHAL: Failed to acquire lock.
09-25 12:37:06.906  1561  1561 E QTI PowerHAL: Failed process_boost for boost_handle
09-25 12:37:06.907 28772 28772 I S3TOUCH : root action=down x=2212 y=905
09-25 12:37:06.907  1621  1722 E ANDR-PERF-RESOURCEQS: ANDR-PERF-RESOURCEQS: AddAndApply() 125: Resource with major=16, minor=30 not supported
09-25 12:37:06.907  1621  1722 E ANDR-PERF-RESOURCEQS: ANDR-PERF-RESOURCEQS: AddAndApply() 125: Resource with major=16, minor=31 not supported
09-25 12:37:06.907 28772 28772 I S3TOUCH : monitor action=down consumed=false
09-25 12:37:06.907 28772 28772 I S3TOUCH : pad action=down menu=false
09-25 12:37:06.909  1633  1633 D vendor.qti.vibratorOL: Vibrator perform effect 2
09-25 12:37:06.911  1633 30760 D vendor.qti.vibratorOL: Starting perform on another thread
09-25 12:37:06.921  1633 30760 D vendor.qti.vibratorOL: Notifying perform complete
09-25 12:37:06.922  1633  1633 D vendor.qti.vibratorOL: QTI Vibrator off
09-25 12:37:06.932  1633  1633 D vendor.qti.vibratorOL: Vibrator perform effect 2
09-25 12:37:06.933  1633 30761 D vendor.qti.vibratorOL: Starting perform on another thread
09-25 12:37:06.943  1633 30761 D vendor.qti.vibratorOL: Notifying perform complete
09-25 12:37:06.943  1633  1633 D vendor.qti.vibratorOL: QTI Vibrator off
09-25 12:37:06.953  1633  1633 D vendor.qti.vibratorOL: Vibrator perform effect 2
09-25 12:37:06.956  1633 30762 D vendor.qti.vibratorOL: Starting perform on another thread
09-25 12:37:06.966  1633 30762 D vendor.qti.vibratorOL: Notifying perform complete
09-25 12:37:06.966  1633  1633 D vendor.qti.vibratorOL: QTI Vibrator off
09-25 12:37:06.972 28772 29822 D RPCS3   : sys_tty_write(ch=0, buf=*0x58bf20, len=63, pwritelen=*0xd000fde0)
09-25 12:37:06.972 28772 29822 D RPCS3   : sys_tty_write(): “BATCHJOB: AddJob: waiting for room in job list 3 for job 56...“ << endl
09-25 12:37:07.001  1633  1633 D vendor.qti.vibratorOL: Vibrator perform effect 2
09-25 12:37:07.002  1633 30763 D vendor.qti.vibratorOL: Starting perform on another thread
09-25 12:37:07.008 32732 32732 E OplusTouchDaemon: [prevent][curved_large_handle_V2][3082]: up id(0) status: 1, 1, 1, 0.
09-25 12:37:07.008  1561  1561 I android.hardware.power-service-qti: Power setBoost: 0, duration: 0
09-25 12:37:07.011  1633 30763 D vendor.qti.vibratorOL: Notifying perform complete
09-25 12:37:07.012  1633  1633 D vendor.qti.vibratorOL: QTI Vibrator off
09-25 12:37:07.023  1633  1633 D vendor.qti.vibratorOL: Vibrator perform effect 2
09-25 12:37:07.025  1633 30764 D vendor.qti.vibratorOL: Starting perform on another thread
09-25 12:37:07.034  1633 30764 D vendor.qti.vibratorOL: Notifying perform complete
09-25 12:37:07.035  1633  1633 D vendor.qti.vibratorOL: QTI Vibrator off
09-25 12:37:07.040  1695  1792 D BatteryChargeControl: bcc get no support from charging protocol
09-25 12:37:07.062  1570  1606 I android.hardware.thermal-service.qti: sensor: cpu-2-1-0 temperature: 95 old: 0 new: 3
09-25 12:37:07.129 32732 32732 E OplusTouchDaemon: [prevent][curved_large_handle_V2][3008]: id:1 pos:1 center_down:1 (5716 35434)(0 0 0 0) 
09-25 12:37:07.129 32732 32732 E OplusTouchDaemon: [touchEvent][ts_report_touch_data][643]: first touch point id 1 [5716 35434    3    0    0    0    0]
09-25 12:37:07.130 10806 10806 D TaskbarManager: dispatchTouchEvent:  displayId=0 isDefaultDisplay=true
09-25 12:37:07.130 28772 28772 I S3TOUCH : root action=down x=2214 y=906
09-25 12:37:07.130 28772 28772 I S3TOUCH : monitor action=down consumed=false
09-25 12:37:07.130 28772 28772 I S3TOUCH : pad action=down menu=false
09-25 12:37:07.132  1633  1633 D vendor.qti.vibratorOL: Vibrator perform effect 2
09-25 12:37:07.131  1561  1561 I android.hardware.power-service-qti: Power setBoost: 0, duration: 0
09-25 12:37:07.134  1633 30765 D vendor.qti.vibratorOL: Starting perform on another thread
09-25 12:37:07.143  1633 30765 D vendor.qti.vibratorOL: Notifying perform complete
09-25 12:37:07.144  1633  1633 D vendor.qti.vibratorOL: QTI Vibrator off
09-25 12:37:07.154  1633  1633 D vendor.qti.vibratorOL: Vibrator perform effect 2
09-25 12:37:07.157  1633 30766 D vendor.qti.vibratorOL: Starting perform on another thread
09-25 12:37:07.166  1633 30766 D vendor.qti.vibratorOL: Notifying perform complete
09-25 12:37:07.166  1633  1633 D vendor.qti.vibratorOL: QTI Vibrator off
09-25 12:37:07.175  1633  1633 D vendor.qti.vibratorOL: Vibrator perform effect 2
09-25 12:37:07.176  1633 30767 D vendor.qti.vibratorOL: Starting perform on another thread
09-25 12:37:07.185 32732 32732 I OplusTouchDaemon: ts_run_service: shellback temperature updated 35 (35900)
09-25 12:37:07.186  1633 30767 D vendor.qti.vibratorOL: Notifying perform complete
09-25 12:37:07.186  1633  1633 D vendor.qti.vibratorOL: QTI Vibrator off
09-25 12:37:07.199  1633  1633 D vendor.qti.vibratorOL: Vibrator perform effect 2
09-25 12:37:07.201  1633 30768 D vendor.qti.vibratorOL: Starting perform on another thread
09-25 12:37:07.209 32732 32732 E OplusTouchDaemon: [prevent][curved_large_handle_V2][3082]: up id(1) status: 1, 1, 1, 0.
09-25 12:37:07.210  1633 30768 D vendor.qti.vibratorOL: Notifying perform complete
09-25 12:37:07.210  1633  1633 D vendor.qti.vibratorOL: QTI Vibrator off
09-25 12:37:07.222  1633  1633 D vendor.qti.vibratorOL: Vibrator perform effect 2
09-25 12:37:07.226  1633 30769 D vendor.qti.vibratorOL: Starting perform on another thread
09-25 12:37:07.235  1633 30769 D vendor.qti.vibratorOL: Notifying perform complete
09-25 12:37:07.236  1633  1633 D vendor.qti.vibratorOL: QTI Vibrator off
09-25 12:37:07.314 32732 32732 E OplusTouchDaemon: [prevent][curved_large_handle_V2][3008]: id:0 pos:1 center_down:1 (5794 35439)(0 0 0 0) 
09-25 12:37:07.315 32732 32732 E OplusTouchDaemon: [touchEvent][ts_report_touch_data][643]: first touch point id 0 [5794 35439    4    0    0    0    0]
09-25 12:37:07.315 10806 10806 D TaskbarManager: dispatchTouchEvent:  displayId=0 isDefaultDisplay=true
09-25 12:37:07.315  1561  1561 I android.hardware.power-service-qti: Power setBoost: 0, duration: 0
09-25 12:37:07.316  1561  1561 E QTI PowerHAL: Failed to acquire lock.
09-25 12:37:07.316  1561  1561 E QTI PowerHAL: Failed process_boost for boost_handle
09-25 12:37:07.316 28772 28772 I S3TOUCH : root action=down x=2214 y=901
09-25 12:37:07.316 28772 28772 I S3TOUCH : monitor action=down consumed=false
09-25 12:37:07.316 28772 28772 I S3TOUCH : pad action=down menu=false
09-25 12:37:07.317  1621  1722 E ANDR-PERF-RESOURCEQS: ANDR-PERF-RESOURCEQS: AddAndApply() 125: Resource with major=16, minor=30 not supported
09-25 12:37:07.317  1621  1722 E ANDR-PERF-RESOURCEQS: ANDR-PERF-RESOURCEQS: AddAndApply() 125: Resource with major=16, minor=31 not supported
09-25 12:37:07.319  1633  1633 D vendor.qti.vibratorOL: Vibrator perform effect 2
09-25 12:37:07.323  1633 30771 D vendor.qti.vibratorOL: Starting perform on another thread
09-25 12:37:07.332  1633 30771 D vendor.qti.vibratorOL: Notifying perform complete
09-25 12:37:07.332  1633  1633 D vendor.qti.vibratorOL: QTI Vibrator off
09-25 12:37:07.342  1633  1633 D vendor.qti.vibratorOL: Vibrator perform effect 2
09-25 12:37:07.344  1633 30772 D vendor.qti.vibratorOL: Starting perform on another thread
09-25 12:37:07.353  1633 30772 D vendor.qti.vibratorOL: Notifying perform complete
09-25 12:37:07.353  1633  1633 D vendor.qti.vibratorOL: QTI Vibrator off
09-25 12:37:07.386 32732 32732 E OplusTouchDaemon: [touchEvent][ts_report_touch_data][654]:Touchpanel id 0 :Down[5794 35439    6    0    0    0    0]K0 A0 D0
09-25 12:37:07.394 28772 29822 D RPCS3   : sys_tty_write(ch=0, buf=*0x58bf20, len=63, pwritelen=*0xd000fde0)
09-25 12:37:07.394 28772 29822 D RPCS3   : sys_tty_write(): “BATCHJOB: AddJob: waiting for room in job list 3 for job 56...“ << endl
09-25 12:37:07.408 27883 30652 W brqv    : [{0}] Failed to resolve name. status={1}
09-25 12:37:07.408  1633  1633 D vendor.qti.vibratorOL: Vibrator perform effect 2
09-25 12:37:07.409  1633 30774 D vendor.qti.vibratorOL: Starting perform on another thread
09-25 12:37:07.411 32732 32732 E OplusTouchDaemon: [prevent][curved_large_handle_V2][3082]: up id(0) status: 1, 1, 1, 0.
09-25 12:37:07.419  1633 30774 D vendor.qti.vibratorOL: Notifying perform complete
09-25 12:37:07.419  1633  1633 D vendor.qti.vibratorOL: QTI Vibrator off
09-25 12:37:07.430  1633  1633 D vendor.qti.vibratorOL: Vibrator perform effect 2
09-25 12:37:07.434  1633 30775 D vendor.qti.vibratorOL: Starting perform on another thread
09-25 12:37:07.443  1633 30775 D vendor.qti.vibratorOL: Notifying perform complete
09-25 12:37:07.443  1633  1633 D vendor.qti.vibratorOL: QTI Vibrator off
09-25 12:37:07.513 28772 29822 D RPCS3   : sys_tty_write(ch=0, buf=*0x58bf20, len=63, pwritelen=*0xd000fde0)
09-25 12:37:07.513 28772 29822 D RPCS3   : sys_tty_write(): “BATCHJOB: AddJob: waiting for room in job list 3 for job 56...“ << endl
09-25 12:37:07.532 32732 32732 E OplusTouchDaemon: [prevent][curved_large_handle_V2][3008]: id:0 pos:1 center_down:1 (5823 35460)(0 0 0 0) 
09-25 12:37:07.532 32732 32732 E OplusTouchDaemon: [touchEvent][ts_report_touch_data][643]: first touch point id 0 [5823 35460    5    0    0    0    0]
09-25 12:37:07.532 28772 28772 I S3TOUCH : root action=down x=2216 y=900
09-25 12:37:07.532 28772 28772 I S3TOUCH : monitor action=down consumed=false
09-25 12:37:07.532 28772 28772 I S3TOUCH : pad action=down menu=false
09-25 12:37:07.533 10806 10806 D TaskbarManager: dispatchTouchEvent:  displayId=0 isDefaultDisplay=true
09-25 12:37:07.533  1561  1561 I android.hardware.power-service-qti: Power setBoost: 0, duration: 0
09-25 12:37:07.534  1633  1633 D vendor.qti.vibratorOL: Vibrator perform effect 2
09-25 12:37:07.536  1633 30776 D vendor.qti.vibratorOL: Starting perform on another thread
09-25 12:37:07.546  1633 30776 D vendor.qti.vibratorOL: Notifying perform complete
09-25 12:37:07.547  1633  1633 D vendor.qti.vibratorOL: QTI Vibrator off
09-25 12:37:07.558  1633  1633 D vendor.qti.vibratorOL: Vibrator perform effect 2
09-25 12:37:07.559  1633 30777 D vendor.qti.vibratorOL: Starting perform on another thread
09-25 12:37:07.568  1633 30777 D vendor.qti.vibratorOL: Notifying perform complete
09-25 12:37:07.569  1633  1633 D vendor.qti.vibratorOL: QTI Vibrator off
09-25 12:37:07.587 28772 29102 D S3PERF  : crosscheck ui_snapshot_fps=6.11497 ui_snapshot_frametime_ms=236.612
09-25 12:37:07.612  1633  1633 D vendor.qti.vibratorOL: Vibrator perform effect 2
09-25 12:37:07.612 32732 32732 E OplusTouchDaemon: [prevent][curved_large_handle_V2][3082]: up id(0) status: 1, 1, 1, 0.
09-25 12:37:07.615  1633 30778 D vendor.qti.vibratorOL: Starting perform on another thread
09-25 12:37:07.624  1633 30778 D vendor.qti.vibratorOL: Notifying perform complete
09-25 12:37:07.624  1633  1633 D vendor.qti.vibratorOL: QTI Vibrator off
09-25 12:37:07.634  1633  1633 D vendor.qti.vibratorOL: Vibrator perform effect 2
09-25 12:37:07.637  1633 30779 D vendor.qti.vibratorOL: Starting perform on another thread
09-25 12:37:07.646  1633 30779 D vendor.qti.vibratorOL: Notifying perform complete
09-25 12:37:07.648  1633  1633 D vendor.qti.vibratorOL: QTI Vibrator off
09-25 12:37:07.717 32732 32732 E OplusTouchDaemon: [prevent][curved_large_handle_V2][3008]: id:1 pos:1 center_down:1 (5948 35460)(0 0 0 0) 
09-25 12:37:07.717 32732 32732 E OplusTouchDaemon: [touchEvent][ts_report_touch_data][643]: first touch point id 1 [5948 35460    4    0    0    0    0]
09-25 12:37:07.718 28772 28772 I S3TOUCH : root action=down x=2216 y=892
09-25 12:37:07.718 28772 28772 I S3TOUCH : monitor action=down consumed=false
09-25 12:37:07.718 28772 28772 I S3TOUCH : pad action=down menu=false
09-25 12:37:07.719 10806 10806 D TaskbarManager: dispatchTouchEvent:  displayId=0 isDefaultDisplay=true
09-25 12:37:07.719  1633  1633 D vendor.qti.vibratorOL: Vibrator perform effect 2
09-25 12:37:07.720  1633 30780 D vendor.qti.vibratorOL: Starting perform on another thread
09-25 12:37:07.725  1561  1561 I android.hardware.power-service-qti: Power setBoost: 0, duration: 0
09-25 12:37:07.726  1561  1561 E QTI PowerHAL: Failed to acquire lock.
09-25 12:37:07.727  1621  1722 E ANDR-PERF-RESOURCEQS: ANDR-PERF-RESOURCEQS: AddAndApply() 125: Resource with major=16, minor=30 not supported
09-25 12:37:07.727  1621  1722 E ANDR-PERF-RESOURCEQS: ANDR-PERF-RESOURCEQS: AddAndApply() 125: Resource with major=16, minor=31 not supported
09-25 12:37:07.727  1561  1561 E QTI PowerHAL: Failed process_boost for boost_handle
09-25 12:37:07.731  1633 30780 D vendor.qti.vibratorOL: Notifying perform complete
09-25 12:37:07.731  1633  1633 D vendor.qti.vibratorOL: QTI Vibrator off
09-25 12:37:07.741  1633  1633 D vendor.qti.vibratorOL: Vibrator perform effect 2
09-25 12:37:07.742  1633 30782 D vendor.qti.vibratorOL: Starting perform on another thread
09-25 12:37:07.750 28772 29822 D RPCS3   : sys_tty_write(ch=0, buf=*0x58bf20, len=63, pwritelen=*0xd000fde0)
09-25 12:37:07.750 28772 29822 D RPCS3   : sys_tty_write(): “BATCHJOB: AddJob: waiting for room in job list 3 for job 56...“ << endl
09-25 12:37:07.752  1633 30782 D vendor.qti.vibratorOL: Notifying perform complete
09-25 12:37:07.753  1633  1633 D vendor.qti.vibratorOL: QTI Vibrator off
09-25 12:37:07.806 32732 32732 E OplusTouchDaemon: [prevent][curved_large_handle_V2][3082]: up id(1) status: 1, 1, 1, 0.
09-25 12:37:07.808  1633  1633 D vendor.qti.vibratorOL: Vibrator perform effect 2
09-25 12:37:07.810  1633 30783 D vendor.qti.vibratorOL: Starting perform on another thread
09-25 12:37:07.819  1633 30783 D vendor.qti.vibratorOL: Notifying perform complete
09-25 12:37:07.819  1633  1633 D vendor.qti.vibratorOL: QTI Vibrator off
09-25 12:37:07.830  1633  1633 D vendor.qti.vibratorOL: Vibrator perform effect 2
09-25 12:37:07.833  1633 30784 D vendor.qti.vibratorOL: Starting perform on another thread
09-25 12:37:07.842  1633 30784 D vendor.qti.vibratorOL: Notifying perform complete
09-25 12:37:07.843  1633  1633 D vendor.qti.vibratorOL: QTI Vibrator off
09-25 12:37:07.883 28772 29822 D RPCS3   : sys_tty_write(ch=0, buf=*0x58bf20, len=63, pwritelen=*0xd000fde0)
09-25 12:37:07.883 28772 29822 D RPCS3   : sys_tty_write(): “BATCHJOB: AddJob: waiting for room in job list 3 for job 56...“ << endl
09-25 12:37:07.903 28772 30114 E RPCS3   : Video au decode has been waiting for a consumer for 5 seconds. (handle=0xf0000300, seq_id=1, cmd_id=63, queue_size=61)
09-25 12:37:07.910 32732 32732 E OplusTouchDaemon: [prevent][curved_large_handle_V2][3008]: id:0 pos:1 center_down:1 (6002 35536)(0 0 0 0) 
09-25 12:37:07.911 32732 32732 E OplusTouchDaemon: [touchEvent][ts_report_touch_data][643]: first touch point id 0 [6002 35536    5    0    0    0    0]
09-25 12:37:07.912 10806 10806 D TaskbarManager: dispatchTouchEvent:  displayId=0 isDefaultDisplay=true
09-25 12:37:07.913  1561  1561 I android.hardware.power-service-qti: Power setBoost: 0, duration: 0
09-25 12:37:07.913 28772 28772 I S3TOUCH : root action=down x=2220 y=888
09-25 12:37:07.913 28772 28772 I S3TOUCH : monitor action=down consumed=false
09-25 12:37:07.916 28772 28772 I S3TOUCH : pad action=down menu=false
09-25 12:37:07.916 28772 29102 D S3PERF  : crosscheck source=surface presented=2573 json_fps=6.87641 json_frametime_ms=210.649
09-25 12:37:07.917  1633  1633 D vendor.qti.vibratorOL: Vibrator perform effect 2
09-25 12:37:07.918  1633 30785 D vendor.qti.vibratorOL: Starting perform on another thread
09-25 12:37:07.927  1633 30785 D vendor.qti.vibratorOL: Notifying perform complete
09-25 12:37:07.927  1633  1633 D vendor.qti.vibratorOL: QTI Vibrator off
09-25 12:37:07.923 28772 28772 W DefaultDispatch: type=1400 audit(0.0:6991143): avc:  denied  { search } for  name="zram0" dev="sysfs" ino=107524 scontext=u:r:untrusted_app:s0:c207,c257,c512,c768 tcontext=u:object_r:sysfs_zram:s0 tclass=dir permissive=0 app=com.zenithblue.sambas3
09-25 12:37:07.923 28772 28772 W DefaultDispatch: type=1400 audit(0.0:6991144): avc:  denied  { search } for  name="zram0" dev="sysfs" ino=107524 scontext=u:r:untrusted_app:s0:c207,c257,c512,c768 tcontext=u:object_r:sysfs_zram:s0 tclass=dir permissive=0 app=com.zenithblue.sambas3
09-25 12:37:07.941  1633  1633 D vendor.qti.vibratorOL: Vibrator perform effect 2
09-25 12:37:07.944  1633 30786 D vendor.qti.vibratorOL: Starting perform on another thread
09-25 12:37:07.953  1633 30786 D vendor.qti.vibratorOL: Notifying perform complete
09-25 12:37:07.955  1633  1633 D vendor.qti.vibratorOL: QTI Vibrator off
09-25 12:37:07.963  1633  1633 D vendor.qti.vibratorOL: Vibrator perform effect 2
09-25 12:37:07.964  1633 30787 D vendor.qti.vibratorOL: Starting perform on another thread
09-25 12:37:07.973  1633 30787 D vendor.qti.vibratorOL: Notifying perform complete
09-25 12:37:07.974  1633  1633 D vendor.qti.vibratorOL: QTI Vibrator off
09-25 12:37:07.989  1633  1633 D vendor.qti.vibratorOL: Vibrator perform effect 2
09-25 12:37:07.991 32732 32732 E OplusTouchDaemon: [prevent][curved_large_handle_V2][3082]: up id(0) status: 1, 1, 1, 0.
09-25 12:37:07.993  1633 30788 D vendor.qti.vibratorOL: Starting perform on another thread
09-25 12:37:08.003  1633 30788 D vendor.qti.vibratorOL: Notifying perform complete
09-25 12:37:08.006  1633  1633 D vendor.qti.vibratorOL: QTI Vibrator off
09-25 12:37:08.011  1633  1633 D vendor.qti.vibratorOL: Vibrator perform effect 2
09-25 12:37:08.014  1633 30789 D vendor.qti.vibratorOL: Starting perform on another thread
09-25 12:37:08.023  1633 30789 D vendor.qti.vibratorOL: Notifying perform complete
09-25 12:37:08.024  1633  1633 D vendor.qti.vibratorOL: QTI Vibrator off
09-25 12:37:08.040  1695  1792 D BatteryChargeControl: bcc get no support from charging protocol
09-25 12:37:08.103  1570  1606 I android.hardware.thermal-service.qti: sensor: cpu-1-2-0 temperature: 95 old: 0 new: 3
09-25 12:37:08.104 32732 32732 E OplusTouchDaemon: [prevent][curved_large_handle_V2][3008]: id:1 pos:1 center_down:1 (6190 35600)(0 0 0 0) 
09-25 12:37:08.104 32732 32732 E OplusTouchDaemon: [touchEvent][ts_report_touch_data][643]: first touch point id 1 [6190 35600    2    0    0    0    0]
09-25 12:37:08.105 10806 10806 D TaskbarManager: dispatchTouchEvent:  displayId=0 isDefaultDisplay=true
09-25 12:37:08.107  1561  1561 I android.hardware.power-service-qti: Power setBoost: 0, duration: 0
09-25 12:37:08.108  1561  1561 E QTI PowerHAL: Failed to acquire lock.
09-25 12:37:08.108  1561  1561 E QTI PowerHAL: Failed process_boost for boost_handle
09-25 12:37:08.108  1621  1722 E ANDR-PERF-RESOURCEQS: ANDR-PERF-RESOURCEQS: AddAndApply() 125: Resource with major=16, minor=30 not supported
09-25 12:37:08.108  1621  1722 E ANDR-PERF-RESOURCEQS: ANDR-PERF-RESOURCEQS: AddAndApply() 125: Resource with major=16, minor=31 not supported
09-25 12:37:08.109 28772 28772 I S3TOUCH : root action=down x=2224 y=877
09-25 12:37:08.109 28772 28772 I S3TOUCH : monitor action=down consumed=false
09-25 12:37:08.109 28772 28772 I S3TOUCH : pad action=down menu=false
09-25 12:37:08.113  1633  1633 D vendor.qti.vibratorOL: Vibrator perform effect 2
09-25 12:37:08.115  1633 30791 D vendor.qti.vibratorOL: Starting perform on another thread
09-25 12:37:08.125  1633 30791 D vendor.qti.vibratorOL: Notifying perform complete
09-25 12:37:08.125  1633  1633 D vendor.qti.vibratorOL: QTI Vibrator off
09-25 12:37:08.134  1633  1633 D vendor.qti.vibratorOL: Vibrator perform effect 2
09-25 12:37:08.138  1633 30792 D vendor.qti.vibratorOL: Starting perform on another thread
09-25 12:37:08.147  1633 30792 D vendor.qti.vibratorOL: Notifying perform complete
09-25 12:37:08.148  1633  1633 D vendor.qti.vibratorOL: QTI Vibrator off
09-25 12:37:08.158  1633  1633 D vendor.qti.vibratorOL: Vibrator perform effect 2
09-25 12:37:08.160  1633 30793 D vendor.qti.vibratorOL: Starting perform on another thread
09-25 12:37:08.169  1633 30793 D vendor.qti.vibratorOL: Notifying perform complete
09-25 12:37:08.169  1633  1633 D vendor.qti.vibratorOL: QTI Vibrator off
09-25 12:37:08.198  1633  1633 D vendor.qti.vibratorOL: Vibrator perform effect 2
09-25 12:37:08.200  1633 30794 D vendor.qti.vibratorOL: Starting perform on another thread
09-25 12:37:08.201 32732 32732 E OplusTouchDaemon: [prevent][curved_large_handle_V2][3082]: up id(1) status: 1, 1, 1, 0.
09-25 12:37:08.209  1633 30794 D vendor.qti.vibratorOL: Notifying perform complete
09-25 12:37:08.209  1633  1633 D vendor.qti.vibratorOL: QTI Vibrator off
09-25 12:37:08.220  1633  1633 D vendor.qti.vibratorOL: Vibrator perform effect 2
09-25 12:37:08.223  1633 30795 D vendor.qti.vibratorOL: Starting perform on another thread
09-25 12:37:08.236  1633 30795 D vendor.qti.vibratorOL: Notifying perform complete
09-25 12:37:08.239  1633  1633 D vendor.qti.vibratorOL: QTI Vibrator off
09-25 12:37:08.289 32732 32732 E OplusTouchDaemon: [prevent][curved_large_handle_V2][3008]: id:0 pos:1 center_down:1 (6112 35536)(0 0 0 0) 
09-25 12:37:08.290 32732 32732 E OplusTouchDaemon: [touchEvent][ts_report_touch_data][643]: first touch point id 0 [6112 35536    5    0    0    0    0]
09-25 12:37:08.290 28772 28772 I S3TOUCH : root action=down x=2220 y=881
09-25 12:37:08.290 28772 28772 I S3TOUCH : monitor action=down consumed=false
09-25 12:37:08.290 28772 28772 I S3TOUCH : pad action=down menu=false
09-25 12:37:08.290  1561  1561 I android.hardware.power-service-qti: Power setBoost: 0, duration: 0
09-25 12:37:08.291 10806 10806 D TaskbarManager: dispatchTouchEvent:  displayId=0 isDefaultDisplay=true
09-25 12:37:08.292  1633  1633 D vendor.qti.vibratorOL: Vibrator perform effect 2
09-25 12:37:08.294  1633 30796 D vendor.qti.vibratorOL: Starting perform on another thread
09-25 12:37:08.302  1570  1606 I android.hardware.thermal-service.qti: sensor: cpu-2-1-0 temperature: 89.9 old: 3 new: 0
09-25 12:37:08.303  1633 30796 D vendor.qti.vibratorOL: Notifying perform complete
09-25 12:37:08.303  1633  1633 D vendor.qti.vibratorOL: QTI Vibrator off
09-25 12:37:08.315  1633  1633 D vendor.qti.vibratorOL: Vibrator perform effect 2
09-25 12:37:08.316  1633 30797 D vendor.qti.vibratorOL: Starting perform on another thread
09-25 12:37:08.325  1633 30797 D vendor.qti.vibratorOL: Notifying perform complete
09-25 12:37:08.325  1633  1633 D vendor.qti.vibratorOL: QTI Vibrator off
09-25 12:37:08.339  1633  1633 D vendor.qti.vibratorOL: Vibrator perform effect 2
09-25 12:37:08.341  1633 30798 D vendor.qti.vibratorOL: Starting perform on another thread
09-25 12:37:08.346 32732 32732 I OplusTouchDaemon: ts_run_service: shellback temperature updated 35 (35900)
09-25 12:37:08.350  1633 30798 D vendor.qti.vibratorOL: Notifying perform complete
09-25 12:37:08.350  1633  1633 D vendor.qti.vibratorOL: QTI Vibrator off
09-25 12:37:08.374  1570  1606 I android.hardware.thermal-service.qti: sensor: cpu-2-1-0 temperature: 95 old: 0 new: 3
09-25 12:37:08.389  1633  1633 D vendor.qti.vibratorOL: Vibrator perform effect 2
09-25 12:37:08.392  1633 30799 D vendor.qti.vibratorOL: Starting perform on another thread
09-25 12:37:08.394 32732 32732 E OplusTouchDaemon: [prevent][curved_large_handle_V2][3082]: up id(0) status: 1, 1, 1, 0.
09-25 12:37:08.396  1561  1561 I android.hardware.power-service-qti: Power setBoost: 0, duration: 0
09-25 12:37:08.396  1561  1561 E QTI PowerHAL: Failed to acquire lock.
09-25 12:37:08.397  1561  1561 E QTI PowerHAL: Failed process_boost for boost_handle
09-25 12:37:08.397  1621  1722 E ANDR-PERF-RESOURCEQS: ANDR-PERF-RESOURCEQS: AddAndApply() 125: Resource with major=16, minor=30 not supported
09-25 12:37:08.397  1621  1722 E ANDR-PERF-RESOURCEQS: ANDR-PERF-RESOURCEQS: AddAndApply() 125: Resource with major=16, minor=31 not supported
09-25 12:37:08.401  1633 30799 D vendor.qti.vibratorOL: Notifying perform complete
09-25 12:37:08.401  1633  1633 D vendor.qti.vibratorOL: QTI Vibrator off
09-25 12:37:08.413  1633  1633 D vendor.qti.vibratorOL: Vibrator perform effect 2
09-25 12:37:08.414  1633 30801 D vendor.qti.vibratorOL: Starting perform on another thread
09-25 12:37:08.418  1570  1606 I android.hardware.thermal-service.qti: sensor: cpu-2-1-0 temperature: 89.9 old: 3 new: 0
09-25 12:37:08.424  1633 30801 D vendor.qti.vibratorOL: Notifying perform complete
09-25 12:37:08.424  1633  1633 D vendor.qti.vibratorOL: QTI Vibrator off
09-25 12:37:08.475 32732 32732 E OplusTouchDaemon: [prevent][curved_large_handle_V2][3008]: id:1 pos:1 center_down:1 (6278 35665)(0 0 0 0) 
09-25 12:37:08.475  1570  1606 I android.hardware.thermal-service.qti: sensor: cpu-2-1-0 temperature: 95 old: 0 new: 3
09-25 12:37:08.475 32732 32732 E OplusTouchDaemon: [touchEvent][ts_report_touch_data][643]: first touch point id 1 [6278 35665    6    0    0    0    0]
09-25 12:37:08.476 10806 10806 D TaskbarManager: dispatchTouchEvent:  displayId=0 isDefaultDisplay=true
09-25 12:37:08.476 28772 28772 I S3TOUCH : root action=down x=2229 y=871
09-25 12:37:08.476 28772 28772 I S3TOUCH : monitor action=down consumed=false
09-25 12:37:08.476 28772 28772 I S3TOUCH : pad action=down menu=false
09-25 12:37:08.480  1633  1633 D vendor.qti.vibratorOL: Vibrator perform effect 2
09-25 12:37:08.482  1633 30802 D vendor.qti.vibratorOL: Starting perform on another thread
09-25 12:37:08.491  1633 30802 D vendor.qti.vibratorOL: Notifying perform complete
09-25 12:37:08.491  1633  1633 D vendor.qti.vibratorOL: QTI Vibrator off
09-25 12:37:08.500 10452 30639 I libbinder.IPCThreadState: oneway function results for code 2 on binder at 0xb400007565e8f970 will be dropped but finished with status UNKNOWN_TRANSACTION
09-25 12:37:08.501  1561  1561 I android.hardware.power-service-qti: Power setBoost: 0, duration: 0
09-25 12:37:08.505  1633  1633 D vendor.qti.vibratorOL: Vibrator perform effect 2
09-25 12:37:08.507 10452 10452 I Finsky  : [2] Memory trim requested to level 40
09-25 12:37:08.508 10452 10452 I Finsky  : [2] Flushing in-memory image cache
09-25 12:37:08.511  1633 30803 D vendor.qti.vibratorOL: Starting perform on another thread
09-25 12:37:08.520  1633 30803 D vendor.qti.vibratorOL: Notifying perform complete
09-25 12:37:08.520  1633  1633 D vendor.qti.vibratorOL: QTI Vibrator off
09-25 12:37:08.526  1633  1633 D vendor.qti.vibratorOL: Vibrator perform effect 2
09-25 12:37:08.530  1633 30804 D vendor.qti.vibratorOL: Starting perform on another thread
09-25 12:37:08.540  1633 30804 D vendor.qti.vibratorOL: Notifying perform complete
09-25 12:37:08.541  1633  1633 D vendor.qti.vibratorOL: QTI Vibrator off
09-25 12:37:08.550  1633  1633 D vendor.qti.vibratorOL: Vibrator perform effect 2
09-25 12:37:08.553 10500 12237 I libbinder.IPCThreadState: oneway function results for code 2 on binder at 0xb400007565e2f3d0 will be dropped but finished with status UNKNOWN_TRANSACTION
09-25 12:37:08.555  1633 30805 D vendor.qti.vibratorOL: Starting perform on another thread
09-25 12:37:08.557 10452 10452 I Finsky  : [2] Memory trim requested to level 40
09-25 12:37:08.557 10452 10452 I Finsky  : [2] Flushing in-memory image cache
09-25 12:37:08.565  1633 30805 D vendor.qti.vibratorOL: Notifying perform complete
09-25 12:37:08.565  1633  1633 D vendor.qti.vibratorOL: QTI Vibrator off
09-25 12:37:08.571 32732 32732 E OplusTouchDaemon: [prevent][curved_large_handle_V2][3082]: up id(1) status: 1, 1, 1, 0.
09-25 12:37:08.574  1633  1633 D vendor.qti.vibratorOL: Vibrator perform effect 2
09-25 12:37:08.576  1633 30806 D vendor.qti.vibratorOL: Starting perform on another thread
09-25 12:37:08.578 10644 10644 D BoundBrokerSvc: onUnbind: Intent { act=com.google.android.gms.mdisync.service.START dat=chimera-action:/... xflg=0x4 cmp=com.google.android.gms/.chimera.GmsApiService }
09-25 12:37:08.580 10644 10644 D BoundBrokerSvc: onUnbind: Intent { act=com.google.android.mobstore.service.START xflg=0x4 pkg=com.google.android.gms }
09-25 12:37:08.585  1633 30806 D vendor.qti.vibratorOL: Notifying perform complete
09-25 12:37:08.586  1633  1633 D vendor.qti.vibratorOL: QTI Vibrator off
09-25 12:37:08.597  1633  1633 D vendor.qti.vibratorOL: Vibrator perform effect 2
09-25 12:37:08.599  1633 30807 D vendor.qti.vibratorOL: Starting perform on another thread
09-25 12:37:08.608  1633 30807 D vendor.qti.vibratorOL: Notifying perform complete
09-25 12:37:08.608  1633  1633 D vendor.qti.vibratorOL: QTI Vibrator off
09-25 12:37:08.700 32732 32732 E OplusTouchDaemon: [prevent][curved_large_handle_V2][3008]: id:0 pos:1 center_down:1 (7547 37010)(0 0 0 0) 
09-25 12:37:08.700 32732 32732 E OplusTouchDaemon: [touchEvent][ts_report_touch_data][643]: first touch point id 0 [7547 37010    5    0    0    0    0]
09-25 12:37:08.701 10806 10806 D TaskbarManager: dispatchTouchEvent:  displayId=0 isDefaultDisplay=true
09-25 12:37:08.702  1561  1561 I android.hardware.power-service-qti: Power setBoost: 0, duration: 0
09-25 12:37:08.704 28772 28772 I S3TOUCH : root action=down x=2313 y=792
09-25 12:37:08.704 28772 28772 I S3TOUCH : monitor action=down consumed=false
09-25 12:37:08.704 28772 28772 I S3TOUCH : pad action=down menu=false
09-25 12:37:08.705  1561  1561 E QTI PowerHAL: Failed to acquire lock.
09-25 12:37:08.705  1561  1561 E QTI PowerHAL: Failed process_boost for boost_handle
09-25 12:37:08.705  1633  1633 D vendor.qti.vibratorOL: Vibrator perform effect 2
09-25 12:37:08.707  1633 30808 D vendor.qti.vibratorOL: Starting perform on another thread
09-25 12:37:08.709  1621  1722 E ANDR-PERF-RESOURCEQS: ANDR-PERF-RESOURCEQS: AddAndApply() 125: Resource with major=16, minor=30 not supported
09-25 12:37:08.709  1621  1722 E ANDR-PERF-RESOURCEQS: ANDR-PERF-RESOURCEQS: AddAndApply() 125: Resource with major=16, minor=31 not supported
09-25 12:37:08.716  1633 30808 D vendor.qti.vibratorOL: Notifying perform complete
09-25 12:37:08.716  1633  1633 D vendor.qti.vibratorOL: QTI Vibrator off
09-25 12:37:08.731  1633  1633 D vendor.qti.vibratorOL: Vibrator perform effect 2
09-25 12:37:08.733  1633 30810 D vendor.qti.vibratorOL: Starting perform on another thread
09-25 12:37:08.742  1633 30810 D vendor.qti.vibratorOL: Notifying perform complete
09-25 12:37:08.742 10644 10644 D BoundBrokerSvc: onUnbind: Intent { act=com.google.android.gms.common.telemetry.service.START dat=chimera-action:/... xflg=0x4 cmp=com.google.android.gms/.chimera.PersistentApiService }
09-25 12:37:08.743  1633  1633 D vendor.qti.vibratorOL: QTI Vibrator off
09-25 12:37:08.746 28772 29822 D RPCS3   : sys_tty_write(ch=0, buf=*0x58bf20, len=63, pwritelen=*0xd000fde0)
09-25 12:37:08.746 28772 29822 D RPCS3   : sys_tty_write(): “BATCHJOB: AddJob: waiting for room in job list 3 for job 56...“ << endl
09-25 12:37:08.755  1633  1633 D vendor.qti.vibratorOL: Vibrator perform effect 2
09-25 12:37:08.756  1633 30811 D vendor.qti.vibratorOL: Starting perform on another thread
09-25 12:37:08.766  1633 30811 D vendor.qti.vibratorOL: Notifying perform complete
09-25 12:37:08.766  1633  1633 D vendor.qti.vibratorOL: QTI Vibrator off
09-25 12:37:08.789  1633  1633 D vendor.qti.vibratorOL: Vibrator perform effect 2
09-25 12:37:08.791  1633 30812 D vendor.qti.vibratorOL: Starting perform on another thread
09-25 12:37:08.800  1633 30812 D vendor.qti.vibratorOL: Notifying perform complete
09-25 12:37:08.801  1633  1633 D vendor.qti.vibratorOL: QTI Vibrator off
09-25 12:37:08.803  1570  1606 I android.hardware.thermal-service.qti: sensor: cpu-2-1-0 temperature: 89.9 old: 3 new: 0
09-25 12:37:08.806  1561  1561 I android.hardware.power-service-qti: Power setBoost: 0, duration: 0
09-25 12:37:08.813  1633  1633 D vendor.qti.vibratorOL: Vibrator perform effect 2
09-25 12:37:08.813 32732 32732 E OplusTouchDaemon: [prevent][curved_large_handle_V2][3082]: up id(0) status: 1, 1, 1, 0.
09-25 12:37:08.815  1633 30813 D vendor.qti.vibratorOL: Starting perform on another thread
09-25 12:37:08.824  1633 30813 D vendor.qti.vibratorOL: Notifying perform complete
09-25 12:37:08.825  1633  1633 D vendor.qti.vibratorOL: QTI Vibrator off
09-25 12:37:08.833  1570  1606 I android.hardware.thermal-service.qti: sensor: cpu-2-1-0 temperature: 95 old: 0 new: 3
09-25 12:37:08.835  1633  1633 D vendor.qti.vibratorOL: Vibrator perform effect 2
09-25 12:37:08.838  1633 30814 D vendor.qti.vibratorOL: Starting perform on another thread
09-25 12:37:08.847  1633 30814 D vendor.qti.vibratorOL: Notifying perform complete
09-25 12:37:08.848  1633  1633 D vendor.qti.vibratorOL: QTI Vibrator off
09-25 12:37:08.856 28772 29822 D RPCS3   : sys_tty_write(ch=0, buf=*0x58bf20, len=63, pwritelen=*0xd000fde0)
09-25 12:37:08.856 28772 29822 D RPCS3   : sys_tty_write(): “BATCHJOB: AddJob: waiting for room in job list 3 for job 56...“ << endl
09-25 12:37:08.902 32732 32732 E OplusTouchDaemon: [prevent][curved_large_handle_V2][3008]: id:1 pos:1 center_down:1 (7831 37961)(0 0 0 0) 
09-25 12:37:08.902 32732 32732 E OplusTouchDaemon: [touchEvent][ts_report_touch_data][643]: first touch point id 1 [7831 37961    6    0    0    0    0]
09-25 12:37:08.903 10806 10806 D TaskbarManager: dispatchTouchEvent:  displayId=0 isDefaultDisplay=true
09-25 12:37:08.905 28772 28772 I S3TOUCH : root action=down x=2372 y=774
09-25 12:37:08.905 28772 28772 I S3TOUCH : monitor action=down consumed=false
09-25 12:37:08.905 28772 28772 I S3TOUCH : pad action=down menu=false
09-25 12:37:08.907  1633  1633 D vendor.qti.vibratorOL: Vibrator perform effect 2
09-25 12:37:08.908 28772 29102 D S3PERF  : crosscheck ui_snapshot_fps=6.16953 ui_snapshot_frametime_ms=76.646
09-25 12:37:08.909  1633 30815 D vendor.qti.vibratorOL: Starting perform on another thread
09-25 12:37:08.911  1561  1561 I android.hardware.power-service-qti: Power setBoost: 0, duration: 0
09-25 12:37:08.915  1570  1606 I android.hardware.thermal-service.qti: sensor: cpu-1-0-0 temperature: 89.9 old: 3 new: 0
09-25 12:37:08.918  1633 30815 D vendor.qti.vibratorOL: Notifying perform complete
09-25 12:37:08.919  1633  1633 D vendor.qti.vibratorOL: QTI Vibrator off
09-25 12:37:08.931  1633  1633 D vendor.qti.vibratorOL: Vibrator perform effect 2
09-25 12:37:08.932  1633 30816 D vendor.qti.vibratorOL: Starting perform on another thread
09-25 12:37:08.941  1633 30816 D vendor.qti.vibratorOL: Notifying perform complete
09-25 12:37:08.945  1633  1633 D vendor.qti.vibratorOL: QTI Vibrator off
09-25 12:37:08.955  1633  1633 D vendor.qti.vibratorOL: Vibrator perform effect 2
09-25 12:37:08.956  1633 30817 D vendor.qti.vibratorOL: Starting perform on another thread
09-25 12:37:08.965  1633 30817 D vendor.qti.vibratorOL: Notifying perform complete
09-25 12:37:08.967  1633  1633 D vendor.qti.vibratorOL: QTI Vibrator off
09-25 12:37:08.976  1633  1633 D vendor.qti.vibratorOL: Vibrator perform effect 2
09-25 12:37:08.978  1633 30818 D vendor.qti.vibratorOL: Starting perform on another thread
09-25 12:37:08.987  1633 30818 D vendor.qti.vibratorOL: Notifying perform complete
09-25 12:37:08.991 32732 32732 E OplusTouchDaemon: [prevent][curved_large_handle_V2][3082]: up id(1) status: 1, 1, 1, 0.
09-25 12:37:08.994  1633  1633 D vendor.qti.vibratorOL: QTI Vibrator off
09-25 12:37:08.997  1633  1633 D vendor.qti.vibratorOL: Vibrator perform effect 2
09-25 12:37:08.999  1633 30821 D vendor.qti.vibratorOL: Starting perform on another thread
09-25 12:37:09.008  1633 30821 D vendor.qti.vibratorOL: Notifying perform complete
09-25 12:37:09.008  1633  1633 D vendor.qti.vibratorOL: QTI Vibrator off
09-25 12:37:09.041  1695  1792 D BatteryChargeControl: bcc get no support from charging protocol
09-25 12:37:09.071 32732 32732 E OplusTouchDaemon: [prevent][curved_large_handle_V2][3008]: id:0 pos:1 center_down:1 (7855 37788)(0 0 0 0) 
09-25 12:37:09.071 32732 32732 E OplusTouchDaemon: [touchEvent][ts_report_touch_data][643]: first touch point id 0 [7855 37788    4    0    0    0    0]
09-25 12:37:09.073 28772 28772 I S3TOUCH : root action=down x=2361 y=773
09-25 12:37:09.073 28772 28772 I S3TOUCH : monitor action=down consumed=false
09-25 12:37:09.073 28772 28772 I S3TOUCH : pad action=down menu=false
09-25 12:37:09.074 10806 10806 D TaskbarManager: dispatchTouchEvent:  displayId=0 isDefaultDisplay=true
09-25 12:37:09.077  1561  1561 I android.hardware.power-service-qti: Power setBoost: 0, duration: 0
09-25 12:37:09.079  1561  1561 E QTI PowerHAL: Failed to acquire lock.
09-25 12:37:09.079  1561  1561 E QTI PowerHAL: Failed process_boost for boost_handle
09-25 12:37:09.080  1633  1633 D vendor.qti.vibratorOL: Vibrator perform effect 2
09-25 12:37:09.082  1621  1722 E ANDR-PERF-RESOURCEQS: ANDR-PERF-RESOURCEQS: AddAndApply() 125: Resource with major=16, minor=30 not supported
09-25 12:37:09.082  1621  1722 E ANDR-PERF-RESOURCEQS: ANDR-PERF-RESOURCEQS: AddAndApply() 125: Resource with major=16, minor=31 not supported
09-25 12:37:09.084  1633 30824 D vendor.qti.vibratorOL: Starting perform on another thread
09-25 12:37:09.093  1633 30824 D vendor.qti.vibratorOL: Notifying perform complete
09-25 12:37:09.094  1633  1633 D vendor.qti.vibratorOL: QTI Vibrator off
09-25 12:37:09.106  1633  1633 D vendor.qti.vibratorOL: Vibrator perform effect 2
09-25 12:37:09.108  1633 30825 D vendor.qti.vibratorOL: Starting perform on another thread
09-25 12:37:09.117  1633 30825 D vendor.qti.vibratorOL: Notifying perform complete
09-25 12:37:09.118  1633  1633 D vendor.qti.vibratorOL: QTI Vibrator off
09-25 12:37:09.126  1633  1633 D vendor.qti.vibratorOL: Vibrator perform effect 2
09-25 12:37:09.128  1633 30826 D vendor.qti.vibratorOL: Starting perform on another thread
09-25 12:37:09.134  1570  1606 I android.hardware.thermal-service.qti: sensor: cpu-2-1-0 temperature: 89.9 old: 3 new: 0
09-25 12:37:09.137  1633 30826 D vendor.qti.vibratorOL: Notifying perform complete
09-25 12:37:09.138  1633  1633 D vendor.qti.vibratorOL: QTI Vibrator off
09-25 12:37:09.140  1570  1606 I android.hardware.thermal-service.qti: sensor: cpu-1-0-0 temperature: 95 old: 0 new: 3
09-25 12:37:09.146  1633  1633 D vendor.qti.vibratorOL: Vibrator perform effect 2
09-25 12:37:09.147  1633 30827 D vendor.qti.vibratorOL: Starting perform on another thread
09-25 12:37:09.157  1633 30827 D vendor.qti.vibratorOL: Notifying perform complete
09-25 12:37:09.157  1633  1633 D vendor.qti.vibratorOL: QTI Vibrator off
09-25 12:37:09.159  1550  7858 I vendor.qti.bluetooth@1.1-ibs_handler: ProcessIbsCmd: Received IBS_WAKE_IND: 0xFD
09-25 12:37:09.159  1550  7858 D vendor.qti.bluetooth@1.1-ibs_handler: SerialClockVote: vote for UART CLK ON
09-25 12:37:09.160  1550  7858 E vendor.qti.bluetooth@1.1-wake_lock: Acquire write to wakelock file failed -1 - Operation not permitted
09-25 12:37:09.160  1550  7858 I vendor.qti.bluetooth@1.1-ibs_handler: ProcessIbsCmd: Writing IBS_WAKE_ACK
09-25 12:37:09.161  7761  7842 V bt_btm_ble: system/stack/btm/btm_ble_gap.cc:1438 btm_ble_process_adv_addr: bda=xx:xx:xx:xx:04:66
09-25 12:37:09.161  7761  7842 V bluetooth: system/gd/hci/le_scanning_reassembler.cc:54 ProcessAdvertisingReport: Dropping repeated legacy advertising data
09-25 12:37:09.161  7761  7835 V SEC_CB  : system/stack/btm/btm_sec_cb.cc:187 IsDeviceBonded: No record for xx:xx:xx:xx:04:66
09-25 12:37:09.162  7761  7842 V bt_btm_ble: system/stack/btm/btm_ble_gap.cc:1438 btm_ble_process_adv_addr: bda=xx:xx:xx:xx:04:66
09-25 12:37:09.162  7761  7842 V bluetooth: system/gd/hci/le_scanning_reassembler.cc:93 ProcessAdvertisingReport: Full advertising report has been reassembled
09-25 12:37:09.162  7761  7835 V SEC_CB  : system/stack/btm/btm_sec_cb.cc:187 IsDeviceBonded: No record for xx:xx:xx:xx:04:66
09-25 12:37:09.162  7761  7835 V bt_btm_ble: system/stack/btm/btm_ble_gap.cc:1426 btm_ble_update_inq_result: Random address, treat device as LE only
09-25 12:37:09.162  7761  7876 V ScanController: onScanResult() - eventType=0x13, addressType=1, address=XX:XX:XX:XX:04:66, primaryPhy=1, secondaryPhy=0, advertisingSid=0xff, txPower=127, rssi=-61, periodicAdvInt=0x0, originalAddress=00:00:00:00:00:00
09-25 12:37:09.162  7761  7876 V ScanController: onScanResult() - eventType=0x1b, addressType=1, address=XX:XX:XX:XX:04:66, primaryPhy=1, secondaryPhy=0, advertisingSid=0xff, txPower=127, rssi=-61, periodicAdvInt=0x0, originalAddress=00:00:00:00:00:00
09-25 12:37:09.162  7761  7876 V ScanController: Skipping client: No filter match
09-25 12:37:09.162  7761  7876 V ScanController: Skipping client: No filter match
09-25 12:37:09.162  7761  7876 V bt_btif : system/btif/src/bluetooth.cc:1337 operator(): HAL bt_hal_cbacks->remote_device_properties_cb
09-25 12:37:09.162  7761  7876 V BluetoothServiceJni: android/app/jni/com_android_bluetooth_btservice_AdapterService.cpp:245 remote_device_properties_callback: Device: xx:xx:xx:xx:04:66, Status: success, Properties: 4
09-25 12:37:09.162  7761  7876 W BluetoothRemoteDevices: Address type mismatch for XX:XX:XX:XX:04:66, new type: 1
09-25 12:37:09.162  7761  7876 D BluetoothRemoteDevices: Update property, device=XX:XX:XX:XX:04:66, type: 1
09-25 12:37:09.162  7761  7876 D BluetoothRemoteDevices: Skip name update for XX:XX:XX:XX:04:66
09-25 12:37:09.162  7761  7876 D BluetoothRemoteDevices: Update property, device=XX:XX:XX:XX:04:66, type: 4
09-25 12:37:09.162  7761  7876 D BluetoothRemoteDevices: Skip class update, device=XX:XX:XX:XX:04:66, cod=0x1f00
09-25 12:37:09.162  7761  7876 D BluetoothRemoteDevices: Update property, device=XX:XX:XX:XX:04:66, type: 5
09-25 12:37:09.162  7761  7876 D BluetoothRemoteDevices: Update property, device=XX:XX:XX:XX:04:66, type: 24
09-25 12:37:09.162  7761  7876 V bt_btif : system/btif/src/bluetooth.cc:1337 operator(): HAL bt_hal_cbacks->remote_device_properties_cb
09-25 12:37:09.162  7761  7876 V BluetoothServiceJni: android/app/jni/com_android_bluetooth_btservice_AdapterService.cpp:245 remote_device_properties_callback: Device: xx:xx:xx:xx:04:66, Status: success, Properties: 4
09-25 12:37:09.162  7761  7876 W BluetoothRemoteDevices: Address type mismatch for XX:XX:XX:XX:04:66, new type: 1
09-25 12:37:09.162  7761  7876 D BluetoothRemoteDevices: Update property, device=XX:XX:XX:XX:04:66, type: 1
09-25 12:37:09.162  7761  7876 D BluetoothRemoteDevices: Skip name update for XX:XX:XX:XX:04:66
09-25 12:37:09.162  7761  7876 D BluetoothRemoteDevices: Update property, device=XX:XX:XX:XX:04:66, type: 4
09-25 12:37:09.162  7761  7876 D BluetoothRemoteDevices: Skip class update, device=XX:XX:XX:XX:04:66, cod=0x1f00
09-25 12:37:09.162  7761  7876 D BluetoothRemoteDevices: Update property, device=XX:XX:XX:XX:04:66, type: 5
09-25 12:37:09.162  7761  7876 D BluetoothRemoteDevices: Update property, device=XX:XX:XX:XX:04:66, type: 24
09-25 12:37:09.163 10644 13075 D BluetoothLeScanner: onScanResult() - ScanResult{device=XX:XX:XX:XX:04:66, scanRecord=ScanRecord [mAdvertiseFlags=24, mServiceUuids=null, mServiceSolicitationUuids=[], mManufacturerSpecificData={}, mServiceData={0000fe2c-0000-1000-8000-00805f9b34fb=[0, 96, 104, 34, -38, 53, -28, 69, 17, -113, 52, -1, 90, -1]}, mTxPowerLevel=-12, mDeviceName=realme Buds Air7, mTransportDiscoveryData=null], rssi=-61, timestampNanos=931672886762652, eventType=27, primaryPhy=1, secondaryPhy=0, advertisingSid=255, txPower=127, periodicAdvertisingInterval=0}
09-25 12:37:09.172  1633  1633 D vendor.qti.vibratorOL: Vibrator perform effect 2
09-25 12:37:09.174  1633 30828 D vendor.qti.vibratorOL: Starting perform on another thread
09-25 12:37:09.177  1561  1561 I android.hardware.power-service-qti: Power setBoost: 0, duration: 0
09-25 12:37:09.183  1633 30828 D vendor.qti.vibratorOL: Notifying perform complete
09-25 12:37:09.184 32732 32732 E OplusTouchDaemon: [prevent][curved_large_handle_V2][3082]: up id(0) status: 1, 1, 1, 0.
09-25 12:37:09.187  1633  1633 D vendor.qti.vibratorOL: QTI Vibrator off
09-25 12:37:09.196  1633  1633 D vendor.qti.vibratorOL: Vibrator perform effect 2
09-25 12:37:09.197  1633 30829 D vendor.qti.vibratorOL: Starting perform on another thread
09-25 12:37:09.200  1550  7858 I vendor.qti.bluetooth@1.1-ibs_handler: ProcessIbsCmd: Received IBS_SLEEP_IND: 0xFE
09-25 12:37:09.200  1550  7858 D vendor.qti.bluetooth@1.1-ibs_handler: SerialClockVote: vote for UART CLK OFF
09-25 12:37:09.206  1633 30829 D vendor.qti.vibratorOL: Notifying perform complete
09-25 12:37:09.207  1633  1633 D vendor.qti.vibratorOL: QTI Vibrator off
09-25 12:37:09.215 28772 29102 D S3PERF  : crosscheck source=surface presented=2581 json_fps=6.29241 json_frametime_ms=154.519
09-25 12:37:09.226 28772 29102 D S3PERF  : GPU load [/sys/class/kgsl/kgsl-3d0/gpubusy]: raw='459656 1008790' -> load=45.56508292112333%
09-25 12:37:09.273 32732 32732 E OplusTouchDaemon: [prevent][curved_large_handle_V2][3008]: id:1 pos:1 center_down:1 (7851 37536)(0 0 0 0) 
09-25 12:37:09.273 32732 32732 E OplusTouchDaemon: [touchEvent][ts_report_touch_data][643]: first touch point id 1 [7851 37536    3    0    0    0    0]
09-25 12:37:09.274 10806 10806 D TaskbarManager: dispatchTouchEvent:  displayId=0 isDefaultDisplay=true
09-25 12:37:09.274 28772 28772 I S3TOUCH : root action=down x=2345 y=773
09-25 12:37:09.274 28772 28772 I S3TOUCH : monitor action=down consumed=false
09-25 12:37:09.274 28772 28772 I S3TOUCH : pad action=down menu=false
09-25 12:37:09.276  1633  1633 D vendor.qti.vibratorOL: Vibrator perform effect 2
09-25 12:37:09.281  1633 30830 D vendor.qti.vibratorOL: Starting perform on another thread
09-25 12:37:09.282  1561  1561 I android.hardware.power-service-qti: Power setBoost: 0, duration: 0
09-25 12:37:09.290  1633 30830 D vendor.qti.vibratorOL: Notifying perform complete
09-25 12:37:09.290  1633  1633 D vendor.qti.vibratorOL: QTI Vibrator off
09-25 12:37:09.300  1633  1633 D vendor.qti.vibratorOL: Vibrator perform effect 2
09-25 12:37:09.303  1633 30831 D vendor.qti.vibratorOL: Starting perform on another thread
09-25 12:37:09.312  1570  1606 I android.hardware.thermal-service.qti: sensor: cpu-2-1-0 temperature: 95.4 old: 0 new: 3
09-25 12:37:09.312  1633 30831 D vendor.qti.vibratorOL: Notifying perform complete
09-25 12:37:09.313  1633  1633 D vendor.qti.vibratorOL: QTI Vibrator off
09-25 12:37:09.322  1633  1633 D vendor.qti.vibratorOL: Vibrator perform effect 2
09-25 12:37:09.325  1633 30832 D vendor.qti.vibratorOL: Starting perform on another thread
09-25 12:37:09.334  1633 30832 D vendor.qti.vibratorOL: Notifying perform complete
09-25 12:37:09.335  1633  1633 D vendor.qti.vibratorOL: QTI Vibrator off
09-25 12:37:09.347  1633  1633 D vendor.qti.vibratorOL: Vibrator perform effect 2
09-25 12:37:09.348  1633 30833 D vendor.qti.vibratorOL: Starting perform on another thread
09-25 12:37:09.350  1550  7849 E vendor.qti.bluetooth@1.1-wake_lock: Release wake lock not initialized/acquired
09-25 12:37:09.358  1633 30833 D vendor.qti.vibratorOL: Notifying perform complete
09-25 12:37:09.359  1633  1633 D vendor.qti.vibratorOL: QTI Vibrator off
09-25 12:37:09.370  1633  1633 D vendor.qti.vibratorOL: Vibrator perform effect 2
09-25 12:37:09.372  1633 30834 D vendor.qti.vibratorOL: Starting perform on another thread
09-25 12:37:09.378 32732 32732 E OplusTouchDaemon: [prevent][curved_large_handle_V2][3082]: up id(1) status: 1, 1, 1, 0.
09-25 12:37:09.381  1633 30834 D vendor.qti.vibratorOL: Notifying perform complete
09-25 12:37:09.381  1633  1633 D vendor.qti.vibratorOL: QTI Vibrator off
09-25 12:37:09.391  1633  1633 D vendor.qti.vibratorOL: Vibrator perform effect 2
09-25 12:37:09.394  1633 30835 D vendor.qti.vibratorOL: Starting perform on another thread
09-25 12:37:09.403  1633 30835 D vendor.qti.vibratorOL: Notifying perform complete
09-25 12:37:09.404  1633  1633 D vendor.qti.vibratorOL: QTI Vibrator off
09-25 12:37:09.436 28772 29822 D RPCS3   : sys_tty_write(ch=0, buf=*0x58bf20, len=63, pwritelen=*0xd000fde0)
09-25 12:37:09.437 28772 29822 D RPCS3   : sys_tty_write(): “BATCHJOB: AddJob: waiting for room in job list 3 for job 56...“ << endl
09-25 12:37:09.491 32732 32732 E OplusTouchDaemon: [prevent][curved_large_handle_V2][3008]: id:0 pos:1 center_down:1 (7554 35968)(0 0 0 0) 
09-25 12:37:09.491 32732 32732 E OplusTouchDaemon: [touchEvent][ts_report_touch_data][643]: first touch point id 0 [7554 35968    3    0    0    0    0]
09-25 12:37:09.492 28772 28772 I S3TOUCH : root action=down x=2247 y=791
09-25 12:37:09.492 28772 28772 I S3TOUCH : monitor action=down consumed=false
09-25 12:37:09.492 28772 28772 I S3TOUCH : pad action=down menu=false
09-25 12:37:09.492 10806 10806 D TaskbarManager: dispatchTouchEvent:  displayId=0 isDefaultDisplay=true
09-25 12:37:09.493  1633  1633 D vendor.qti.vibratorOL: Vibrator perform effect 2
09-25 12:37:09.493  1561  1561 I android.hardware.power-service-qti: Power setBoost: 0, duration: 0
09-25 12:37:09.494  1561  1561 E QTI PowerHAL: Failed to acquire lock.
09-25 12:37:09.494  1561  1561 E QTI PowerHAL: Failed process_boost for boost_handle
09-25 12:37:09.494  1633 30836 D vendor.qti.vibratorOL: Starting perform on another thread
09-25 12:37:09.496  1621  1722 E ANDR-PERF-RESOURCEQS: ANDR-PERF-RESOURCEQS: AddAndApply() 125: Resource with major=16, minor=30 not supported
09-25 12:37:09.496  1621  1722 E ANDR-PERF-RESOURCEQS: ANDR-PERF-RESOURCEQS: AddAndApply() 125: Resource with major=16, minor=31 not supported
09-25 12:37:09.499 32732 32732 I OplusTouchDaemon: ts_run_service: shellback temperature updated 35 (35900)
09-25 12:37:09.504  1633 30836 D vendor.qti.vibratorOL: Notifying perform complete
09-25 12:37:09.504  1633  1633 D vendor.qti.vibratorOL: QTI Vibrator off
09-25 12:37:09.514  1633  1633 D vendor.qti.vibratorOL: Vibrator perform effect 2
09-25 12:37:09.516  1633 30838 D vendor.qti.vibratorOL: Starting perform on another thread
09-25 12:37:09.521 28772 29822 D RPCS3   : sys_tty_write(ch=0, buf=*0x58bf20, len=63, pwritelen=*0xd000fde0)
09-25 12:37:09.521 28772 29822 D RPCS3   : sys_tty_write(): “BATCHJOB: AddJob: waiting for room in job list 3 for job 56...“ << endl
09-25 12:37:09.526  1633 30838 D vendor.qti.vibratorOL: Notifying perform complete
09-25 12:37:09.528  1633  1633 D vendor.qti.vibratorOL: QTI Vibrator off
09-25 12:37:09.538  1633  1633 D vendor.qti.vibratorOL: Vibrator perform effect 2
09-25 12:37:09.540  1633 30839 D vendor.qti.vibratorOL: Starting perform on another thread
09-25 12:37:09.549  1633 30839 D vendor.qti.vibratorOL: Notifying perform complete
09-25 12:37:09.551  1633  1633 D vendor.qti.vibratorOL: QTI Vibrator off
09-25 12:37:09.580  1633  1633 D vendor.qti.vibratorOL: Vibrator perform effect 2
09-25 12:37:09.582  1633 30840 D vendor.qti.vibratorOL: Starting perform on another thread
09-25 12:37:09.591  1633 30840 D vendor.qti.vibratorOL: Notifying perform complete
09-25 12:37:09.592  1633  1633 D vendor.qti.vibratorOL: QTI Vibrator off
09-25 12:37:09.596 32732 32732 E OplusTouchDaemon: [prevent][curved_large_handle_V2][3082]: up id(0) status: 1, 1, 1, 0.
09-25 12:37:09.601  1561  1561 I android.hardware.power-service-qti: Power setBoost: 0, duration: 0
09-25 12:37:09.603  1570  1606 I android.hardware.thermal-service.qti: sensor: cpu-1-0-0 temperature: 89.9 old: 3 new: 0
09-25 12:37:09.605  1633  1633 D vendor.qti.vibratorOL: Vibrator perform effect 2
09-25 12:37:09.606  1633 30841 D vendor.qti.vibratorOL: Starting perform on another thread
09-25 12:37:09.615  1633 30841 D vendor.qti.vibratorOL: Notifying perform complete
09-25 12:37:09.619  1633  1633 D vendor.qti.vibratorOL: QTI Vibrator off
09-25 12:37:09.634 28772 29777 D RPCS3   : CPU Usage: Total: 65.2%, Cores: 0.0%, 0.0%, 0.0%, 0.0%, 0.0%, 0.0%, 0.0%, 0.0%
09-25 12:37:09.658  1570  1606 I android.hardware.thermal-service.qti: sensor: cpu-1-0-0 temperature: 95.4 old: 0 new: 3
09-25 12:37:09.684 32732 32732 E OplusTouchDaemon: [prevent][curved_large_handle_V2][3008]: id:1 pos:1 center_down:1 (7032 35622)(0 0 0 0) 
09-25 12:37:09.684 32732 32732 E OplusTouchDaemon: [touchEvent][ts_report_touch_data][643]: first touch point id 1 [7032 35622    4    0    0    0    0]
09-25 12:37:09.685 28772 28772 I S3TOUCH : root action=down x=2226 y=824
09-25 12:37:09.685 28772 28772 I S3TOUCH : monitor action=down consumed=false
09-25 12:37:09.685 28772 28772 I S3TOUCH : pad action=down menu=false
09-25 12:37:09.686 10806 10806 D TaskbarManager: dispatchTouchEvent:  displayId=0 isDefaultDisplay=true
09-25 12:37:09.687  1633  1633 D vendor.qti.vibratorOL: Vibrator perform effect 2
09-25 12:37:09.689  1633 30842 D vendor.qti.vibratorOL: Starting perform on another thread
09-25 12:37:09.698  1633 30842 D vendor.qti.vibratorOL: Notifying perform complete
09-25 12:37:09.698  1633  1633 D vendor.qti.vibratorOL: QTI Vibrator off
09-25 12:37:09.701  1561  1561 I android.hardware.power-service-qti: Power setBoost: 0, duration: 0
09-25 12:37:09.707  1633  1633 D vendor.qti.vibratorOL: Vibrator perform effect 2
09-25 12:37:09.708  1633 30843 D vendor.qti.vibratorOL: Starting perform on another thread
09-25 12:37:09.718  1633 30843 D vendor.qti.vibratorOL: Notifying perform complete
09-25 12:37:09.719  1633  1633 D vendor.qti.vibratorOL: QTI Vibrator off
09-25 12:37:09.727  1633  1633 D vendor.qti.vibratorOL: Vibrator perform effect 2
09-25 12:37:09.729  1633 30844 D vendor.qti.vibratorOL: Starting perform on another thread
09-25 12:37:09.738  1633 30844 D vendor.qti.vibratorOL: Notifying perform complete
09-25 12:37:09.738  1633  1633 D vendor.qti.vibratorOL: QTI Vibrator off
09-25 12:37:09.773 32732 32732 E OplusTouchDaemon: [prevent][curved_large_handle_V2][3082]: up id(1) status: 1, 1, 1, 0.
09-25 12:37:09.774 28772 29801 D RPCS3   : PPU Syscall Usage Stats:
09-25 12:37:09.774 28772 29801 D RPCS3   : 	⁂ sys_timer_usleep [333732]
09-25 12:37:09.774 28772 29801 D RPCS3   : 	⁂ _sys_lwcond_queue_wait [159595]
09-25 12:37:09.774 28772 29801 D RPCS3   : 	⁂ _sys_lwmutex_lock [158091]
09-25 12:37:09.774 28772 29801 D RPCS3   : 	⁂ _sys_lwmutex_unlock [151839]
09-25 12:37:09.774 28772 29801 D RPCS3   : 	⁂ _sys_lwcond_signal [100088]
09-25 12:37:09.774 28772 29801 D RPCS3   : 	⁂ _sys_lwcond_signal_all [63403]
09-25 12:37:09.774 28772 29801 D RPCS3   : 	⁂ sys_time_get_current_time [52975]
09-25 12:37:09.774 28772 29801 D RPCS3   : 	⁂ sys_event_queue_receive [37487]
09-25 12:37:09.774 28772 29801 D RPCS3   : 	⁂ sys_fs_read [25427]
09-25 12:37:09.774 28772 29801 D RPCS3   : 	⁂ sys_fs_write [23815]
09-25 12:37:09.774 28772 29801 D RPCS3   : 	⁂ sys_event_port_send [12489]
09-25 12:37:09.774 28772 29801 D RPCS3   : 	⁂ sys_fs_fsync [3970]
09-25 12:37:09.774 28772 29801 D RPCS3   : 	⁂ sys_fs_lseek [2807]
09-25 12:37:09.774 28772 29801 D RPCS3   : 	⁂ sys_event_flag_wait [1787]
09-25 12:37:09.774 28772 29801 D RPCS3   : 	⁂ sys_event_flag_clear [1787]
09-25 12:37:09.774 28772 29801 D RPCS3   : 	⁂ _sys_lwmutex_trylock [169]
09-25 12:37:09.774 28772 29801 D RPCS3   : 	⁂ sys_tty_write [62]
09-25 12:37:09.774 28772 29801 D RPCS3   : 	⁂ sys_mutex_lock [54]
09-25 12:37:09.774 28772 29801 D RPCS3   : 	⁂ sys_mutex_unlock [54]
09-25 12:37:09.774 28772 29801 D RPCS3   : 	⁂ sys_time_get_timebase_frequency [50]
09-25 12:37:09.774 28772 29801 D RPCS3   : 	⁂ _sys_ppu_thread_create [45]
09-25 12:37:09.774 28772 29801 D RPCS3   : 	⁂ sys_ppu_thread_start [41]
09-25 12:37:09.774 28772 29801 D RPCS3   : 	⁂ _sys_ppu_thread_exit [5]
09-25 12:37:09.779  1633  1633 D vendor.qti.vibratorOL: Vibrator perform effect 2
09-25 12:37:09.781  1633 30845 D vendor.qti.vibratorOL: Starting perform on another thread
09-25 12:37:09.790  1633 30845 D vendor.qti.vibratorOL: Notifying perform complete
09-25 12:37:09.791  1633  1633 D vendor.qti.vibratorOL: QTI Vibrator off
09-25 12:37:09.800  1633  1633 D vendor.qti.vibratorOL: Vibrator perform effect 2
09-25 12:37:09.803  1633 30846 D vendor.qti.vibratorOL: Starting perform on another thread
09-25 12:37:09.805 22534 22541 W com.phonepe.app: Reducing the number of considered missed Gc histogram windows from 342 to 100
09-25 12:37:09.812  1633 30846 D vendor.qti.vibratorOL: Notifying perform complete
09-25 12:37:09.812  1633  1633 D vendor.qti.vibratorOL: QTI Vibrator off
09-25 12:37:09.834 28772 29822 D RPCS3   : sys_tty_write(ch=0, buf=*0x58bf20, len=63, pwritelen=*0xd000fde0)
09-25 12:37:09.834 28772 29822 D RPCS3   : sys_tty_write(): “BATCHJOB: AddJob: waiting for room in job list 3 for job 56...“ << endl
09-25 12:37:09.886 32732 32732 E OplusTouchDaemon: [prevent][curved_large_handle_V2][3008]: id:0 pos:1 center_down:1 (6968 35154)(0 0 0 0) 
09-25 12:37:09.886 32732 32732 E OplusTouchDaemon: [touchEvent][ts_report_touch_data][643]: first touch point id 0 [6968 35154    4    0    0    0    0]
09-25 12:37:09.888 10806 10806 D TaskbarManager: dispatchTouchEvent:  displayId=0 isDefaultDisplay=true
09-25 12:37:09.888  1561  1561 I android.hardware.power-service-qti: Power setBoost: 0, duration: 0
09-25 12:37:09.889  1561  1561 E QTI PowerHAL: Failed to acquire lock.
09-25 12:37:09.889  1561  1561 E QTI PowerHAL: Failed process_boost for boost_handle
09-25 12:37:09.890  1621  1722 E ANDR-PERF-RESOURCEQS: ANDR-PERF-RESOURCEQS: AddAndApply() 125: Resource with major=16, minor=30 not supported
09-25 12:37:09.890  1621  1722 E ANDR-PERF-RESOURCEQS: ANDR-PERF-RESOURCEQS: AddAndApply() 125: Resource with major=16, minor=31 not supported
09-25 12:37:09.890 28772 28772 I S3TOUCH : root action=down x=2197 y=828
09-25 12:37:09.890 28772 28772 I S3TOUCH : monitor action=down consumed=false
09-25 12:37:09.890 28772 28772 I S3TOUCH : pad action=down menu=false
09-25 12:37:09.896  1633  1633 D vendor.qti.vibratorOL: Vibrator perform effect 2
09-25 12:37:09.898  1633 30848 D vendor.qti.vibratorOL: Starting perform on another thread
09-25 12:37:09.907  1633 30848 D vendor.qti.vibratorOL: Notifying perform complete
09-25 12:37:09.909  1633  1633 D vendor.qti.vibratorOL: QTI Vibrator off
09-25 12:37:09.918 32732 32732 E OplusTouchDaemon: [touchEvent][ts_report_touch_data][654]:Touchpanel id 0 :Down[6968 35154   10    0    0    0    0]K0 A0 D0
09-25 12:37:09.920  1633  1633 D vendor.qti.vibratorOL: Vibrator perform effect 2
09-25 12:37:09.922  1633 30849 D vendor.qti.vibratorOL: Starting perform on another thread
09-25 12:37:09.931  1633 30849 D vendor.qti.vibratorOL: Notifying perform complete
09-25 12:37:09.931  1633  1633 D vendor.qti.vibratorOL: QTI Vibrator off
09-25 12:37:09.942  1633  1633 D vendor.qti.vibratorOL: Vibrator perform effect 2
09-25 12:37:09.946  1633 30850 D vendor.qti.vibratorOL: Starting perform on another thread
09-25 12:37:09.955  1633 30850 D vendor.qti.vibratorOL: Notifying perform complete
09-25 12:37:09.955 28772 29822 D RPCS3   : sys_tty_write(ch=0, buf=*0x58bf20, len=63, pwritelen=*0xd000fde0)
09-25 12:37:09.955 28772 29822 D RPCS3   : sys_tty_write(): “BATCHJOB: AddJob: waiting for room in job list 3 for job 56...“ << endl
09-25 12:37:09.955  1633  1633 D vendor.qti.vibratorOL: QTI Vibrator off
09-25 12:37:09.981  1633  1633 D vendor.qti.vibratorOL: Vibrator perform effect 2
09-25 12:37:09.982 32732 32732 E OplusTouchDaemon: [prevent][curved_large_handle_V2][3082]: up id(0) status: 1, 1, 1, 0.
09-25 12:37:09.983  1633 30851 D vendor.qti.vibratorOL: Starting perform on another thread
09-25 12:37:09.994  1633 30851 D vendor.qti.vibratorOL: Notifying perform complete
09-25 12:37:09.994  1633  1633 D vendor.qti.vibratorOL: QTI Vibrator off
09-25 12:37:10.004  1633  1633 D vendor.qti.vibratorOL: Vibrator perform effect 2
09-25 12:37:10.006  1633 30852 D vendor.qti.vibratorOL: Starting perform on another thread
09-25 12:37:10.015  1633 30852 D vendor.qti.vibratorOL: Notifying perform complete
09-25 12:37:10.015  1633  1633 D vendor.qti.vibratorOL: QTI Vibrator off
09-25 12:37:10.019  1570  1606 I android.hardware.thermal-service.qti: sensor: cpu-1-2-0 temperature: 89.9 old: 3 new: 0
09-25 12:37:10.041  1695  1792 D BatteryChargeControl: bcc get no support from charging protocol
09-25 12:37:10.095 32732 32732 E OplusTouchDaemon: [prevent][curved_large_handle_V2][3008]: id:1 pos:1 center_down:1 (6963 35179)(0 0 0 0) 
09-25 12:37:10.095 32732 32732 E OplusTouchDaemon: [touchEvent][ts_report_touch_data][643]: first touch point id 1 [6963 35179    7    0    0    0    0]
09-25 12:37:10.096 10806 10806 D TaskbarManager: dispatchTouchEvent:  displayId=0 isDefaultDisplay=true
09-25 12:37:10.097 28772 28772 I S3TOUCH : root action=down x=2198 y=828
09-25 12:37:10.097 28772 28772 I S3TOUCH : monitor action=down consumed=false
09-25 12:37:10.097 28772 28772 I S3TOUCH : pad action=down menu=false
09-25 12:37:10.097  1561  1561 I android.hardware.power-service-qti: Power setBoost: 0, duration: 0
09-25 12:37:10.099  1633  1633 D vendor.qti.vibratorOL: Vibrator perform effect 2
09-25 12:37:10.102  1633 30853 D vendor.qti.vibratorOL: Starting perform on another thread
09-25 12:37:10.111  1633 30853 D vendor.qti.vibratorOL: Notifying perform complete
09-25 12:37:10.111  1633  1633 D vendor.qti.vibratorOL: QTI Vibrator off
09-25 12:37:10.121  1633  1633 D vendor.qti.vibratorOL: Vibrator perform effect 2
09-25 12:37:10.123  1633 30854 D vendor.qti.vibratorOL: Starting perform on another thread
09-25 12:37:10.132  1633 30854 D vendor.qti.vibratorOL: Notifying perform complete
09-25 12:37:10.132  1633  1633 D vendor.qti.vibratorOL: QTI Vibrator off
09-25 12:37:10.140  1570  1606 I android.hardware.thermal-service.qti: sensor: cpu-2-1-0 temperature: 89.9 old: 3 new: 0
09-25 12:37:10.155 28772 29102 D S3PERF  : crosscheck ui_snapshot_fps=7.31738 ui_snapshot_frametime_ms=134.292
09-25 12:37:10.180  1570  1606 I android.hardware.thermal-service.qti: sensor: cpu-2-1-0 temperature: 95 old: 0 new: 3
09-25 12:37:10.195  1633  1633 D vendor.qti.vibratorOL: Vibrator perform effect 2
09-25 12:37:10.197  1633 30855 D vendor.qti.vibratorOL: Starting perform on another thread
09-25 12:37:10.200 32732 32732 E OplusTouchDaemon: [prevent][curved_large_handle_V2][3082]: up id(1) status: 1, 1, 1, 0.
09-25 12:37:10.200  1561  1561 I android.hardware.power-service-qti: Power setBoost: 0, duration: 0
09-25 12:37:10.201  1561  1561 E QTI PowerHAL: Failed to acquire lock.
09-25 12:37:10.201  1561  1561 E QTI PowerHAL: Failed process_boost for boost_handle
09-25 12:37:10.202  1621  1722 E ANDR-PERF-RESOURCEQS: ANDR-PERF-RESOURCEQS: AddAndApply() 125: Resource with major=16, minor=30 not supported
09-25 12:37:10.202  1621  1722 E ANDR-PERF-RESOURCEQS: ANDR-PERF-RESOURCEQS: AddAndApply() 125: Resource with major=16, minor=31 not supported
09-25 12:37:10.207  1633 30855 D vendor.qti.vibratorOL: Notifying perform complete
09-25 12:37:10.208  1633  1633 D vendor.qti.vibratorOL: QTI Vibrator off
09-25 12:37:10.210 28772 29822 D RPCS3   : sys_tty_write(ch=0, buf=*0x58bf20, len=63, pwritelen=*0xd000fde0)
09-25 12:37:10.210 28772 29822 D RPCS3   : sys_tty_write(): “BATCHJOB: AddJob: waiting for room in job list 3 for job 56...“ << endl
09-25 12:37:10.221  1633  1633 D vendor.qti.vibratorOL: Vibrator perform effect 2
09-25 12:37:10.222  1633 30857 D vendor.qti.vibratorOL: Starting perform on another thread
09-25 12:37:10.231  1633 30857 D vendor.qti.vibratorOL: Notifying perform complete
09-25 12:37:10.232  1633  1633 D vendor.qti.vibratorOL: QTI Vibrator off
09-25 12:37:10.255  1570  1606 I android.hardware.thermal-service.qti: sensor: cpu-2-1-0 temperature: 89.9 old: 3 new: 0
09-25 12:37:10.266 28772 29888 W RPCS3   : sys_fs_fstat(fd=10, sb=*0xd005f624)
09-25 12:37:10.275  1549  2821 I PAL: OplusSpeakerSia: isGainChanged: 371: vddValue 4048000, mCurVddThres 3800000, mPreVddThres 3800000
09-25 12:37:10.275  1549  2821 D PAL: OplusPalCommon: getActiveStreamPcmId: 2077:  dir: 1, stream: 0xb400006f4aad2e10, pcmDevId: 126
09-25 12:37:10.276  1549  2821 D PAL: OplusSpeakerSia: checkSpeakerStatus: 1156: SIA SPK1: re=6536, te=53
09-25 12:37:10.277  1549  2821 D PAL: OplusSpeakerSia: checkSpeakerStatus: 1156: SIA SPK2: re=6401, te=60
09-25 12:37:10.297 32732 32732 E OplusTouchDaemon: [prevent][curved_large_handle_V2][3008]: id:0 pos:1 center_down:1 (6941 35036)(0 0 0 0) 
09-25 12:37:10.297 32732 32732 E OplusTouchDaemon: [touchEvent][ts_report_touch_data][643]: first touch point id 0 [6941 35036    5    0    0    0    0]
09-25 12:37:10.298 10806 10806 D TaskbarManager: dispatchTouchEvent:  displayId=0 isDefaultDisplay=true
09-25 12:37:10.298 28772 28772 I S3TOUCH : root action=down x=2189 y=830
09-25 12:37:10.298 28772 28772 I S3TOUCH : monitor action=down consumed=false
09-25 12:37:10.298 28772 28772 I S3TOUCH : pad action=down menu=false
09-25 12:37:10.300  1633  1633 D vendor.qti.vibratorOL: Vibrator perform effect 2
09-25 12:37:10.302  1633 30858 D vendor.qti.vibratorOL: Starting perform on another thread
09-25 12:37:10.303  1695  1756 D vendor.oplus.hardware.charger-V10-service: parallel fold conf file parse fail parallel_fold_state 2
09-25 12:37:10.303  1695  1756 D vendor.oplus.hardware.charger-V10-service: scale_chg Start!!!
09-25 12:37:10.303  1695  1756 D vendor.oplus.hardware.charger-V10-service: [0, 0, 3]
09-25 12:37:10.303  1695  1756 D vendor.oplus.hardware.charger-V10-service: [0, 2, 11]
09-25 12:37:10.303  1695  1756 D vendor.oplus.hardware.charger-V10-service: [0, 1, 4]
09-25 12:37:10.303  1695  1756 D vendor.oplus.hardware.charger-V10-service: [0, 3, 3]
09-25 12:37:10.303  1695  1756 D vendor.oplus.hardware.charger-V10-service: [0, 4, 3]
09-25 12:37:10.304  1695  1756 D vendor.oplus.hardware.charger-V10-service: [0, 5, 8]
09-25 12:37:10.304  1695  1756 D vendor.oplus.hardware.charger-V10-service: [0, 6, 8]
09-25 12:37:10.304  1695  1756 D vendor.oplus.hardware.charger-V10-service: scale_chg Start!!!
09-25 12:37:10.304  1695  1756 D vendor.oplus.hardware.charger-V10-service: [0, 0, 3]
09-25 12:37:10.304  1695  1756 D vendor.oplus.hardware.charger-V10-service: [0, 2, 11]
09-25 12:37:10.304  1695  1756 D vendor.oplus.hardware.charger-V10-service: [0, 1, 4]
09-25 12:37:10.304  1695  1756 D vendor.oplus.hardware.charger-V10-service: [0, 3, 3]
09-25 12:37:10.304  1695  1756 D vendor.oplus.hardware.charger-V10-service: [0, 4, 3]
09-25 12:37:10.304  1695  1756 D vendor.oplus.hardware.charger-V10-service: [0, 5, 8]
09-25 12:37:10.304  1695  1756 D vendor.oplus.hardware.charger-V10-service: [0, 6, 8]
09-25 12:37:10.305  1561  1561 I android.hardware.power-service-qti: Power setBoost: 0, duration: 0
09-25 12:37:10.312  1633 30858 D vendor.qti.vibratorOL: Notifying perform complete
09-25 12:37:10.312  1633  1633 D vendor.qti.vibratorOL: QTI Vibrator off
09-25 12:37:10.321  1633  1633 D vendor.qti.vibratorOL: Vibrator perform effect 2
09-25 12:37:10.323  1633 30859 D vendor.qti.vibratorOL: Starting perform on another thread
09-25 12:37:10.330  1570  1606 I android.hardware.thermal-service.qti: sensor: cpu-2-1-0 temperature: 95 old: 0 new: 3
09-25 12:37:10.332  1633 30859 D vendor.qti.vibratorOL: Notifying perform complete
09-25 12:37:10.333  1633  1633 D vendor.qti.vibratorOL: QTI Vibrator off
09-25 12:37:10.388 28772 29822 D RPCS3   : sys_tty_write(ch=0, buf=*0x58bf20, len=63, pwritelen=*0xd000fde0)
09-25 12:37:10.388  1633  1633 D vendor.qti.vibratorOL: Vibrator perform effect 2
09-25 12:37:10.389 28772 29822 D RPCS3   : sys_tty_write(): “BATCHJOB: AddJob: waiting for room in job list 3 for job 56...“ << endl
09-25 12:37:10.390  1633 30860 D vendor.qti.vibratorOL: Starting perform on another thread
09-25 12:37:10.394 32732 32732 E OplusTouchDaemon: [prevent][curved_large_handle_V2][3082]: up id(0) status: 1, 1, 1, 0.
09-25 12:37:10.399  1633 30860 D vendor.qti.vibratorOL: Notifying perform complete
09-25 12:37:10.399  1633  1633 D vendor.qti.vibratorOL: QTI Vibrator off
09-25 12:37:10.411  1633  1633 D vendor.qti.vibratorOL: Vibrator perform effect 2
09-25 12:37:10.412  1633 30861 D vendor.qti.vibratorOL: Starting perform on another thread
09-25 12:37:10.421  1633 30861 D vendor.qti.vibratorOL: Notifying perform complete
09-25 12:37:10.422  1633  1633 D vendor.qti.vibratorOL: QTI Vibrator off
09-25 12:37:10.480 28772 29102 D S3PERF  : crosscheck source=surface presented=2590 json_fps=7.28813 json_frametime_ms=128.887
09-25 12:37:10.496  4851  4882 E horae   : 0: target_temp:35900, back:35900,frame:35900,front:35900, 4, +(0), 1 ,35900, algo:0
09-25 12:37:10.498 32732 32732 E OplusTouchDaemon: [prevent][curved_large_handle_V2][3008]: id:1 pos:1 center_down:1 (6871 34818)(0 0 0 0) 
09-25 12:37:10.498 32732 32732 E OplusTouchDaemon: [touchEvent][ts_report_touch_data][643]: first touch point id 1 [6871 34818    5    0    0    0    0]
09-25 12:37:10.501 10806 10806 D TaskbarManager: dispatchTouchEvent:  displayId=0 isDefaultDisplay=true
09-25 12:37:10.501  1561  1561 I android.hardware.power-service-qti: Power setBoost: 0, duration: 0
09-25 12:37:10.501  1561  1561 E QTI PowerHAL: Failed to acquire lock.
09-25 12:37:10.501  1561  1561 E QTI PowerHAL: Failed process_boost for boost_handle
09-25 12:37:10.502  1621  1722 E ANDR-PERF-RESOURCEQS: ANDR-PERF-RESOURCEQS: AddAndApply() 125: Resource with major=16, minor=30 not supported
09-25 12:37:10.502  1621  1722 E ANDR-PERF-RESOURCEQS: ANDR-PERF-RESOURCEQS: AddAndApply() 125: Resource with major=16, minor=31 not supported
09-25 12:37:10.503 28772 28772 I S3TOUCH : root action=down x=2176 y=834
09-25 12:37:10.503 28772 28772 I S3TOUCH : monitor action=down consumed=false
09-25 12:37:10.503 28772 28772 I S3TOUCH : pad action=down menu=false
09-25 12:37:10.547 28772 29874 D RPCS3   : Building function 0x6628... (size 126, __spu-0x06628-5AWHnVH0t2hY0qs2GsZkzH2T0AJm-s3cg1-cortex-a34-neon)
09-25 12:37:10.603 32732 32732 E OplusTouchDaemon: [prevent][curved_large_handle_V2][3082]: up id(1) status: 1, 1, 1, 0.
09-25 12:37:10.604  1561  1561 I android.hardware.power-service-qti: Power setBoost: 0, duration: 0
09-25 12:37:10.621 28772 29874 I RPCS3   : New SPU block compiled successfully (size=126)
09-25 12:37:10.622 28772 29874 D RPCS3   : Building function 0x66c0... (size 88, __spu-0x066c0-fnuoM0uFdUhgRKPaJHYtZJZEonKM-s3cg1-cortex-a34-neon)
09-25 12:37:10.651 32732 32732 I OplusTouchDaemon: ts_run_service: shellback temperature updated 35 (35900)
09-25 12:37:10.673 28772 29874 I RPCS3   : New SPU block compiled successfully (size=88)
09-25 12:37:10.674 28772 29874 D RPCS3   : Building function 0x89c0... (size 32, __spu-0x089c0-q68tpZcT9mFAoMruvSXwLsTtXNYY-s3cg1-cortex-a34-neon)
09-25 12:37:10.689 28772 29874 I RPCS3   : New SPU block compiled successfully (size=32)
09-25 12:37:10.689 28772 29874 D RPCS3   : Building function 0x8ac0... (size 72, __spu-0x08ac0-oYvdCJmqRz1iPUnKmT0sbpNYjdLU-s3cg1-cortex-a34-neon)
09-25 12:37:10.708 32732 32732 E OplusTouchDaemon: [prevent][curved_large_handle_V2][3008]: id:0 pos:1 center_down:1 (6891 35146)(0 0 0 0) 
09-25 12:37:10.708 32732 32732 E OplusTouchDaemon: [touchEvent][ts_report_touch_data][643]: first touch point id 0 [6891 35146    6    0    0    0    0]
09-25 12:37:10.710  1561  1561 I android.hardware.power-service-qti: Power setBoost: 0, duration: 0
09-25 12:37:10.710 28772 28772 I S3TOUCH : root action=down x=2196 y=833
09-25 12:37:10.710 10806 10806 D TaskbarManager: dispatchTouchEvent:  displayId=0 isDefaultDisplay=true
09-25 12:37:10.710 28772 28772 I S3TOUCH : monitor action=down consumed=false
09-25 12:37:10.710 28772 28772 I S3TOUCH : pad action=down menu=false
09-25 12:37:10.712  1633  1633 D vendor.qti.vibratorOL: Vibrator perform effect 2
09-25 12:37:10.714  1633 30863 D vendor.qti.vibratorOL: Starting perform on another thread
09-25 12:37:10.719 28772 29874 I RPCS3   : New SPU block compiled successfully (size=72)
09-25 12:37:10.725  1633 30863 D vendor.qti.vibratorOL: Notifying perform complete
09-25 12:37:10.727  1633  1633 D vendor.qti.vibratorOL: QTI Vibrator off
09-25 12:37:10.736  1633  1633 D vendor.qti.vibratorOL: Vibrator perform effect 2
09-25 12:37:10.737  1633 30864 D vendor.qti.vibratorOL: Starting perform on another thread
09-25 12:37:10.746  1633 30864 D vendor.qti.vibratorOL: Notifying perform complete
09-25 12:37:10.747  1633  1633 D vendor.qti.vibratorOL: QTI Vibrator off
09-25 12:37:10.761  1633  1633 D vendor.qti.vibratorOL: Vibrator perform effect 2
09-25 12:37:10.763  1633 30865 D vendor.qti.vibratorOL: Starting perform on another thread
09-25 12:37:10.772  1633 30865 D vendor.qti.vibratorOL: Notifying perform complete
09-25 12:37:10.773  1633  1633 D vendor.qti.vibratorOL: QTI Vibrator off
09-25 12:37:10.776 28772 29875 D RPCS3   : SPU block is a loop at [0x076b8 -> 0x076c0]
09-25 12:37:10.776 28772 29875 D RPCS3   : Building function 0x74a8... (size 180, __spu-0x074a8-8U0bv2mPTAe2km0rARdea76wEfjG-s3cg1-cortex-a34-neon)
09-25 12:37:10.793 28772 29874 D RPCS3   : SPU block is a loop at [0x0bc38 -> 0x0bc38]
09-25 12:37:10.793 28772 29874 D RPCS3   : Building function 0xbbd0... (size 60, __spu-0x0bbd0-8ZXEyGxVzyFRkwJXS2gdP3LHayEf-s3cg1-cortex-a34-neon)
09-25 12:37:10.794 28772 29874 W RPCS3   : [__spu-0x0bbd0-8ZXEyGxVzyFRkwJXS2gdP3LHayEf-s3cg1-cortex-a34-neon:0x0bc80] Unmatched spu_rsqrte(c) found in FMA
09-25 12:37:10.801  1633  1633 D vendor.qti.vibratorOL: Vibrator perform effect 2
09-25 12:37:10.802  1633 30866 D vendor.qti.vibratorOL: Starting perform on another thread
09-25 12:37:10.811  1633 30866 D vendor.qti.vibratorOL: Notifying perform complete
09-25 12:37:10.812  1633  1633 D vendor.qti.vibratorOL: QTI Vibrator off
09-25 12:37:10.813 32732 32732 E OplusTouchDaemon: [prevent][curved_large_handle_V2][3082]: up id(0) status: 1, 1, 1, 0.
09-25 12:37:10.816  1561  1561 I android.hardware.power-service-qti: Power setBoost: 0, duration: 0
09-25 12:37:10.816  1561  1561 E QTI PowerHAL: Failed to acquire lock.
09-25 12:37:10.816  1561  1561 E QTI PowerHAL: Failed process_boost for boost_handle
09-25 12:37:10.819  1621  1722 E ANDR-PERF-RESOURCEQS: ANDR-PERF-RESOURCEQS: AddAndApply() 125: Resource with major=16, minor=30 not supported
09-25 12:37:10.819  1621  1722 E ANDR-PERF-RESOURCEQS: ANDR-PERF-RESOURCEQS: AddAndApply() 125: Resource with major=16, minor=31 not supported
09-25 12:37:10.826  1633  1633 D vendor.qti.vibratorOL: Vibrator perform effect 2
09-25 12:37:10.828  1633 30868 D vendor.qti.vibratorOL: Starting perform on another thread
09-25 12:37:10.829 28772 29874 I RPCS3   : New SPU block compiled successfully (size=60)
09-25 12:37:10.832 28772 29822 D RPCS3   : sys_tty_write(ch=0, buf=*0x58bf20, len=63, pwritelen=*0xd000fde0)
09-25 12:37:10.832 28772 29822 D RPCS3   : sys_tty_write(): “BATCHJOB: AddJob: waiting for room in job list 3 for job 56...“ << endl
09-25 12:37:10.837  1633 30868 D vendor.qti.vibratorOL: Notifying perform complete
09-25 12:37:10.837  1633  1633 D vendor.qti.vibratorOL: QTI Vibrator off
09-25 12:37:10.880 28772 29875 I RPCS3   : New SPU block compiled successfully (size=180)
09-25 12:37:10.880 28772 29875 D RPCS3   : Building function 0x5998... (size 38, __spu-0x05998-4pAeFkSk9Ceajem8Np5ezVgLjx3K-s3cg1-cortex-a34-neon)
09-25 12:37:10.902 32732 32732 E OplusTouchDaemon: [prevent][curved_large_handle_V2][3008]: id:1 pos:1 center_down:1 (6817 35246)(0 0 0 0) 
09-25 12:37:10.902 32732 32732 E OplusTouchDaemon: [touchEvent][ts_report_touch_data][643]: first touch point id 1 [6817 35246    3    0    0    0    0]
09-25 12:37:10.902 10806 10806 D TaskbarManager: dispatchTouchEvent:  displayId=0 isDefaultDisplay=true
09-25 12:37:10.903 28772 28772 I S3TOUCH : root action=down x=2202 y=837
09-25 12:37:10.903 28772 28772 I S3TOUCH : monitor action=down consumed=false
09-25 12:37:10.903 28772 28772 I S3TOUCH : pad action=down menu=false
09-25 12:37:10.905  1633  1633 D vendor.qti.vibratorOL: Vibrator perform effect 2
09-25 12:37:10.906 28772 29875 I RPCS3   : New SPU block compiled successfully (size=38)
09-25 12:37:10.911  1633 30870 D vendor.qti.vibratorOL: Starting perform on another thread
09-25 12:37:10.918  1561  1561 I android.hardware.power-service-qti: Power setBoost: 0, duration: 0
09-25 12:37:10.920  1633 30870 D vendor.qti.vibratorOL: Notifying perform complete
09-25 12:37:10.920  1633  1633 D vendor.qti.vibratorOL: QTI Vibrator off
09-25 12:37:10.928  1633  1633 D vendor.qti.vibratorOL: Vibrator perform effect 2
09-25 12:37:10.929  1633 30871 D vendor.qti.vibratorOL: Starting perform on another thread
09-25 12:37:10.938  1633 30871 D vendor.qti.vibratorOL: Notifying perform complete
09-25 12:37:10.939  1633  1633 D vendor.qti.vibratorOL: QTI Vibrator off
09-25 12:37:10.949  1633  1633 D vendor.qti.vibratorOL: Vibrator perform effect 2
09-25 12:37:10.952  1633 30872 D vendor.qti.vibratorOL: Starting perform on another thread
09-25 12:37:10.961  1633 30872 D vendor.qti.vibratorOL: Notifying perform complete
09-25 12:37:10.962  1633  1633 D vendor.qti.vibratorOL: QTI Vibrator off
09-25 12:37:10.982 28772 29822 D RPCS3   : sys_tty_write(ch=0, buf=*0x58bf20, len=63, pwritelen=*0xd000fde0)
09-25 12:37:10.982 28772 29822 D RPCS3   : sys_tty_write(): “BATCHJOB: AddJob: waiting for room in job list 3 for job 56...“ << endl
09-25 12:37:10.983  1633  1633 D vendor.qti.vibratorOL: Vibrator perform effect 2
09-25 12:37:10.986  1633 30873 D vendor.qti.vibratorOL: Starting perform on another thread
09-25 12:37:10.996  1633 30873 D vendor.qti.vibratorOL: Notifying perform complete
09-25 12:37:10.996  1633  1633 D vendor.qti.vibratorOL: QTI Vibrator off
09-25 12:37:11.009  1633  1633 D vendor.qti.vibratorOL: Vibrator perform effect 2
09-25 12:37:11.010  1633 30874 D vendor.qti.vibratorOL: Starting perform on another thread
09-25 12:37:11.014 32732 32732 E OplusTouchDaemon: [prevent][curved_large_handle_V2][3082]: up id(1) status: 1, 1, 1, 0.
09-25 12:37:11.019  1633 30874 D vendor.qti.vibratorOL: Notifying perform complete
09-25 12:37:11.021  1633  1633 D vendor.qti.vibratorOL: QTI Vibrator off
09-25 12:37:11.031  1633  1633 D vendor.qti.vibratorOL: Vibrator perform effect 2
09-25 12:37:11.034  1633 30875 D vendor.qti.vibratorOL: Starting perform on another thread
09-25 12:37:11.042  1695  1792 D BatteryChargeControl: bcc get no support from charging protocol
09-25 12:37:11.043  1633 30875 D vendor.qti.vibratorOL: Notifying perform complete
09-25 12:37:11.044  1633  1633 D vendor.qti.vibratorOL: QTI Vibrator off
09-25 12:37:11.111 32732 32732 E OplusTouchDaemon: [prevent][curved_large_handle_V2][3008]: id:0 pos:1 center_down:1 (6960 35132)(0 0 0 0) 
09-25 12:37:11.111 32732 32732 E OplusTouchDaemon: [touchEvent][ts_report_touch_data][643]: first touch point id 0 [6960 35132    8    0    0    0    0]
09-25 12:37:11.113  1561  1561 I android.hardware.power-service-qti: Power setBoost: 0, duration: 0
09-25 12:37:11.113  1561  1561 E QTI PowerHAL: Failed to acquire lock.
09-25 12:37:11.113  1561  1561 E QTI PowerHAL: Failed process_boost for boost_handle
09-25 12:37:11.114 10806 10806 D TaskbarManager: dispatchTouchEvent:  displayId=0 isDefaultDisplay=true
09-25 12:37:11.114 28772 28772 I S3TOUCH : root action=down x=2195 y=828
09-25 12:37:11.115 28772 28772 I S3TOUCH : monitor action=down consumed=false
09-25 12:37:11.115 28772 28772 I S3TOUCH : pad action=down menu=false
09-25 12:37:11.117  1621  1722 E ANDR-PERF-RESOURCEQS: ANDR-PERF-RESOURCEQS: AddAndApply() 125: Resource with major=16, minor=30 not supported
09-25 12:37:11.117  1621  1722 E ANDR-PERF-RESOURCEQS: ANDR-PERF-RESOURCEQS: AddAndApply() 125: Resource with major=16, minor=31 not supported
09-25 12:37:11.119  1633  1633 D vendor.qti.vibratorOL: Vibrator perform effect 2
09-25 12:37:11.121  1633 30877 D vendor.qti.vibratorOL: Starting perform on another thread
09-25 12:37:11.130  1633 30877 D vendor.qti.vibratorOL: Notifying perform complete
09-25 12:37:11.131  1633  1633 D vendor.qti.vibratorOL: QTI Vibrator off
09-25 12:37:11.145  1633  1633 D vendor.qti.vibratorOL: Vibrator perform effect 2
09-25 12:37:11.147  1633 30878 D vendor.qti.vibratorOL: Starting perform on another thread
09-25 12:37:11.157  1633 30878 D vendor.qti.vibratorOL: Notifying perform complete
09-25 12:37:11.159  1633  1633 D vendor.qti.vibratorOL: QTI Vibrator off
09-25 12:37:11.209  1633  1633 D vendor.qti.vibratorOL: Vibrator perform effect 2
09-25 12:37:11.211  1633 30879 D vendor.qti.vibratorOL: Starting perform on another thread
09-25 12:37:11.216 32732 32732 E OplusTouchDaemon: [prevent][curved_large_handle_V2][3082]: up id(0) status: 1, 1, 1, 0.
09-25 12:37:11.217  1561  1561 I android.hardware.power-service-qti: Power setBoost: 0, duration: 0
09-25 12:37:11.220  1633 30879 D vendor.qti.vibratorOL: Notifying perform complete
09-25 12:37:11.220  1633  1633 D vendor.qti.vibratorOL: QTI Vibrator off
09-25 12:37:11.230  1633  1633 D vendor.qti.vibratorOL: Vibrator perform effect 2
09-25 12:37:11.232  1633 30880 D vendor.qti.vibratorOL: Starting perform on another thread
09-25 12:37:11.242  1633 30880 D vendor.qti.vibratorOL: Notifying perform complete
09-25 12:37:11.242  1633  1633 D vendor.qti.vibratorOL: QTI Vibrator off
09-25 12:37:11.321 32732 32732 E OplusTouchDaemon: [prevent][curved_large_handle_V2][3008]: id:1 pos:1 center_down:1 (6885 35192)(0 0 0 0) 
09-25 12:37:11.321 32732 32732 E OplusTouchDaemon: [touchEvent][ts_report_touch_data][643]: first touch point id 1 [6885 35192    4    0    0    0    0]
09-25 12:37:11.322 10806 10806 D TaskbarManager: dispatchTouchEvent:  displayId=0 isDefaultDisplay=true
09-25 12:37:11.322  1561  1561 I android.hardware.power-service-qti: Power setBoost: 0, duration: 0
09-25 12:37:11.322 28772 28772 I S3TOUCH : root action=down x=2199 y=833
09-25 12:37:11.322 28772 28772 I S3TOUCH : monitor action=down consumed=false
09-25 12:37:11.323 28772 28772 I S3TOUCH : pad action=down menu=false
09-25 12:37:11.327  1633  1633 D vendor.qti.vibratorOL: Vibrator perform effect 2
09-25 12:37:11.330  1633 30881 D vendor.qti.vibratorOL: Starting perform on another thread
09-25 12:37:11.340  1633 30881 D vendor.qti.vibratorOL: Notifying perform complete
09-25 12:37:11.342  1633  1633 D vendor.qti.vibratorOL: QTI Vibrator off
09-25 12:37:11.353  1633  1633 D vendor.qti.vibratorOL: Vibrator perform effect 2
09-25 12:37:11.355  1633 30882 D vendor.qti.vibratorOL: Starting perform on another thread
09-25 12:37:11.364  1633 30882 D vendor.qti.vibratorOL: Notifying perform complete
09-25 12:37:11.365  1633  1633 D vendor.qti.vibratorOL: QTI Vibrator off
09-25 12:37:11.401  1633  1633 D vendor.qti.vibratorOL: Vibrator perform effect 2
09-25 12:37:11.403  1633 30883 D vendor.qti.vibratorOL: Starting perform on another thread
09-25 12:37:11.412  1633 30883 D vendor.qti.vibratorOL: Notifying perform complete
09-25 12:37:11.413  1633  1633 D vendor.qti.vibratorOL: QTI Vibrator off
09-25 12:37:11.417 32732 32732 E OplusTouchDaemon: [prevent][curved_large_handle_V2][3082]: up id(1) status: 1, 1, 1, 0.
09-25 12:37:11.422  1633  1633 D vendor.qti.vibratorOL: Vibrator perform effect 2
09-25 12:37:11.424  1633 30884 D vendor.qti.vibratorOL: Starting perform on another thread
09-25 12:37:11.433  1633 30884 D vendor.qti.vibratorOL: Notifying perform complete
09-25 12:37:11.433  1633  1633 D vendor.qti.vibratorOL: QTI Vibrator off
09-25 12:37:11.438 28772 29102 D S3PERF  : crosscheck ui_snapshot_fps=5.30272 ui_snapshot_frametime_ms=196.454
09-25 12:37:11.483 28772 29822 D RPCS3   : sys_tty_write(ch=0, buf=*0x58bf20, len=63, pwritelen=*0xd000fde0)
09-25 12:37:11.483 28772 29822 D RPCS3   : sys_tty_write(): “BATCHJOB: AddJob: waiting for room in job list 3 for job 56...“ << endl
09-25 12:37:11.509  1570  1606 I android.hardware.thermal-service.qti: sensor: cpu-2-1-0 temperature: 89.9 old: 3 new: 0
09-25 12:37:11.522 32732 32732 E OplusTouchDaemon: [prevent][curved_large_handle_V2][3008]: id:0 pos:1 center_down:1 (6880 35116)(0 0 0 0) 
09-25 12:37:11.523 32732 32732 E OplusTouchDaemon: [touchEvent][ts_report_touch_data][643]: first touch point id 0 [6880 35116    4    0    0    0    0]
09-25 12:37:11.524  1561  1561 I android.hardware.power-service-qti: Power setBoost: 0, duration: 0
09-25 12:37:11.524  1561  1561 E QTI PowerHAL: Failed to acquire lock.
09-25 12:37:11.524  1561  1561 E QTI PowerHAL: Failed process_boost for boost_handle
09-25 12:37:11.525 10806 10806 D TaskbarManager: dispatchTouchEvent:  displayId=0 isDefaultDisplay=true
09-25 12:37:11.526  1621  1722 E ANDR-PERF-RESOURCEQS: ANDR-PERF-RESOURCEQS: AddAndApply() 125: Resource with major=16, minor=30 not supported
09-25 12:37:11.526  1621  1722 E ANDR-PERF-RESOURCEQS: ANDR-PERF-RESOURCEQS: AddAndApply() 125: Resource with major=16, minor=31 not supported
09-25 12:37:11.528 28772 28772 I S3TOUCH : root action=down x=2194 y=833
09-25 12:37:11.528 28772 28772 I S3TOUCH : monitor action=down consumed=false
09-25 12:37:11.528 28772 28772 I S3TOUCH : pad action=down menu=false
09-25 12:37:11.535  1633  1633 D vendor.qti.vibratorOL: Vibrator perform effect 2
09-25 12:37:11.537  1633 30886 D vendor.qti.vibratorOL: Starting perform on another thread
09-25 12:37:11.543  1570  1606 I android.hardware.thermal-service.qti: sensor: cpu-1-2-0 temperature: 95 old: 0 new: 3
09-25 12:37:11.550  1633 30886 D vendor.qti.vibratorOL: Notifying perform complete
09-25 12:37:11.551  1633  1633 D vendor.qti.vibratorOL: QTI Vibrator off
09-25 12:37:11.560  1633  1633 D vendor.qti.vibratorOL: Vibrator perform effect 2
09-25 12:37:11.565  1633 30887 D vendor.qti.vibratorOL: Starting perform on another thread
09-25 12:37:11.575  1633 30887 D vendor.qti.vibratorOL: Notifying perform complete
09-25 12:37:11.576  1633  1633 D vendor.qti.vibratorOL: QTI Vibrator off
09-25 12:37:11.585  1633  1633 D vendor.qti.vibratorOL: Vibrator perform effect 2
09-25 12:37:11.589  1633 30888 D vendor.qti.vibratorOL: Starting perform on another thread
09-25 12:37:11.598  1633 30888 D vendor.qti.vibratorOL: Notifying perform complete
09-25 12:37:11.599  1633  1633 D vendor.qti.vibratorOL: QTI Vibrator off
09-25 12:37:11.616  1633  1633 D vendor.qti.vibratorOL: Vibrator perform effect 2
09-25 12:37:11.618  1633 30889 D vendor.qti.vibratorOL: Starting perform on another thread
09-25 12:37:11.619 32732 32732 E OplusTouchDaemon: [prevent][curved_large_handle_V2][3082]: up id(0) status: 1, 1, 1, 0.
09-25 12:37:11.629  1633 30889 D vendor.qti.vibratorOL: Notifying perform complete
09-25 12:37:11.629  1633  1633 D vendor.qti.vibratorOL: QTI Vibrator off
09-25 12:37:11.636  1633  1633 D vendor.qti.vibratorOL: Vibrator perform effect 2
09-25 12:37:11.637  1633 30890 D vendor.qti.vibratorOL: Starting perform on another thread
09-25 12:37:11.647  1633 30890 D vendor.qti.vibratorOL: Notifying perform complete
09-25 12:37:11.648  1633  1633 D vendor.qti.vibratorOL: QTI Vibrator off
09-25 12:37:11.697   645   645 I lowmemorykiller: Kill 'com.android.cellbroadcastreceiver.module' (4409), uid 10404, oom_score_adj 995 to free 60960kB rss, 60240kB swap; reason: low watermark is breached
09-25 12:37:11.700   645   883 E lowmemorykiller: process_mrelease 4409 failed: No such process
09-25 12:37:11.720  1472  1472 I Zygote  : Process 4409 exited due to signal 9 (Killed)
09-25 12:37:11.721   645   645 I lowmemorykiller: Kill 'com.android.dialer' (12972), uid 10311, oom_score_adj 995 to free 115460kB rss, 54264kB swap; reason: low watermark is breached
09-25 12:37:11.721  2866 10258 I ActivityManager: Process com.android.cellbroadcastreceiver.module (pid 4409) has died: cch  +95 CEM 
09-25 12:37:11.721 28772 29822 D RPCS3   : sys_tty_write(ch=0, buf=*0x58bf20, len=63, pwritelen=*0xd000fde0)
09-25 12:37:11.721 28772 29822 D RPCS3   : sys_tty_write(): “BATCHJOB: AddJob: waiting for room in job list 3 for job 56...“ << endl
09-25 12:37:11.725  7761  7761 D HidDeviceService: handleMessage: MESSAGE_IMPORTANCE_CHANGE
09-25 12:37:11.725  7761  7761 D HidDeviceService: unregisterAppUid(): uid=10404
09-25 12:37:11.725  7761  7761 D HidDeviceService: unregisterAppUid(): caller UID doesn't match user UID
09-25 12:37:11.731   645   884 E lowmemorykiller: process_mrelease 12972 failed: No such process
09-25 12:37:11.731  2866  2920 I libprocessgroup: Removed cgroup /sys/fs/cgroup/apps/uid_10404/pid_4409
09-25 12:37:11.732 32732 32732 E OplusTouchDaemon: [prevent][curved_large_handle_V2][3008]: id:1 pos:1 center_down:1 (6891 35242)(0 0 0 0) 
09-25 12:37:11.732 32732 32732 E OplusTouchDaemon: [touchEvent][ts_report_touch_data][643]: first touch point id 1 [6891 35242    7    0    0    0    0]
09-25 12:37:11.732 28772 28772 I S3TOUCH : root action=down x=2202 y=833
09-25 12:37:11.732  1561  1561 I android.hardware.power-service-qti: Power setBoost: 0, duration: 0
09-25 12:37:11.732 28772 28772 I S3TOUCH : monitor action=down consumed=false
09-25 12:37:11.732 28772 28772 I S3TOUCH : pad action=down menu=false
09-25 12:37:11.732 10806 10806 D TaskbarManager: dispatchTouchEvent:  displayId=0 isDefaultDisplay=true
09-25 12:37:11.733  1633  1633 D vendor.qti.vibratorOL: Vibrator perform effect 2
09-25 12:37:11.734  1633 30891 D vendor.qti.vibratorOL: Starting perform on another thread
09-25 12:37:11.743  1633 30891 D vendor.qti.vibratorOL: Notifying perform complete
09-25 12:37:11.745  1633  1633 D vendor.qti.vibratorOL: QTI Vibrator off
09-25 12:37:11.762  1633  1633 D vendor.qti.vibratorOL: Vibrator perform effect 2
09-25 12:37:11.764  1633 30892 D vendor.qti.vibratorOL: Starting perform on another thread
09-25 12:37:11.773 28772 29102 D S3PERF  : crosscheck source=surface presented=2596 json_fps=5.13306 json_frametime_ms=149.215
09-25 12:37:11.773  1633 30892 D vendor.qti.vibratorOL: Notifying perform complete
09-25 12:37:11.774  1633  1633 D vendor.qti.vibratorOL: QTI Vibrator off
09-25 12:37:11.777  1472  1472 I Zygote  : Process 12972 exited due to signal 9 (Killed)
09-25 12:37:11.777   645   645 I lowmemorykiller: Kill 'com.android.calllogbackup' (13163), uid 10262, oom_score_adj 995 to free 67964kB rss, 46552kB swap; reason: low watermark is breached
09-25 12:37:11.778   645   883 E lowmemorykiller: process_mrelease 13163 failed: No such process
09-25 12:37:11.778  2866  6863 I ActivityManager: Process com.android.dialer (pid 12972) has died: cch  +95 CEM 
09-25 12:37:11.781  2866  2920 I libprocessgroup: Removed cgroup /sys/fs/cgroup/apps/uid_10311/pid_12972
09-25 12:37:11.782  7761  7761 D HidDeviceService: handleMessage: MESSAGE_IMPORTANCE_CHANGE
09-25 12:37:11.782  7761  7761 D HidDeviceService: unregisterAppUid(): uid=10311
09-25 12:37:11.782  7761  7761 D HidDeviceService: unregisterAppUid(): caller UID doesn't match user UID
09-25 12:37:11.783  2866  2910 W ActivityManager: setHasOverlayUi called on unknown pid: 12972
09-25 12:37:11.784  1633  1633 D vendor.qti.vibratorOL: Vibrator perform effect 2
09-25 12:37:11.786  1633 30893 D vendor.qti.vibratorOL: Starting perform on another thread
09-25 12:37:11.800  1633 30893 D vendor.qti.vibratorOL: Notifying perform complete
09-25 12:37:11.800  1633  1633 D vendor.qti.vibratorOL: QTI Vibrator off
09-25 12:37:11.804 32732 32732 I OplusTouchDaemon: ts_run_service: shellback temperature updated 35 (35900)
09-25 12:37:11.806  1633  1633 D vendor.qti.vibratorOL: Vibrator perform effect 2
09-25 12:37:11.809  1472  1472 I Zygote  : Process 13163 exited due to signal 9 (Killed)
09-25 12:37:11.809  2866  4401 I ActivityManager: Process com.android.calllogbackup (pid 13163) has died: cch  +95 CEM 
09-25 12:37:11.810  2866  2920 I libprocessgroup: Removed cgroup /sys/fs/cgroup/apps/uid_10262/pid_13163
09-25 12:37:11.810  1633 30894 D vendor.qti.vibratorOL: Starting perform on another thread
09-25 12:37:11.819  1633 30894 D vendor.qti.vibratorOL: Notifying perform complete
09-25 12:37:11.820 32732 32732 E OplusTouchDaemon: [prevent][curved_large_handle_V2][3082]: up id(1) status: 1, 1, 1, 0.
09-25 12:37:11.821  1633  1633 D vendor.qti.vibratorOL: QTI Vibrator off
09-25 12:37:11.837  1633  1633 D vendor.qti.vibratorOL: Vibrator perform effect 2
09-25 12:37:11.838  1633 30895 D vendor.qti.vibratorOL: Starting perform on another thread
09-25 12:37:11.848  1633 30895 D vendor.qti.vibratorOL: Notifying perform complete
09-25 12:37:11.849  1633  1633 D vendor.qti.vibratorOL: QTI Vibrator off
09-25 12:37:11.884 10644 29868 I NearbyMediums: No BLE Fast/GATT advertisements found in the latest cycle.
09-25 12:37:11.884 10644 29868 I NearbyMediums: Current Tracked Scanning Clients are : {NearbyConnections.EnvironmentMonitor, NearbySharing, NearbyConnections.TxAdvertisement}
09-25 12:37:11.934 32732 32732 E OplusTouchDaemon: [prevent][curved_large_handle_V2][3008]: id:0 pos:1 center_down:1 (6936 35049)(0 0 0 0) 
09-25 12:37:11.934 32732 32732 E OplusTouchDaemon: [touchEvent][ts_report_touch_data][643]: first touch point id 0 [6936 35049    4    0    0    0    0]
09-25 12:37:11.936 10806 10806 D TaskbarManager: dispatchTouchEvent:  displayId=0 isDefaultDisplay=true
09-25 12:37:11.936  1561  1561 I android.hardware.power-service-qti: Power setBoost: 0, duration: 0
09-25 12:37:11.936  1561  1561 E QTI PowerHAL: Failed to acquire lock.
09-25 12:37:11.936 28772 28772 I S3TOUCH : root action=down x=2190 y=830
09-25 12:37:11.936  1561  1561 E QTI PowerHAL: Failed process_boost for boost_handle
09-25 12:37:11.936 28772 28772 I S3TOUCH : monitor action=down consumed=false
09-25 12:37:11.937 28772 28772 I S3TOUCH : pad action=down menu=false
09-25 12:37:11.939  1621  1722 E ANDR-PERF-RESOURCEQS: ANDR-PERF-RESOURCEQS: AddAndApply() 125: Resource with major=16, minor=30 not supported
09-25 12:37:11.939  1621  1722 E ANDR-PERF-RESOURCEQS: ANDR-PERF-RESOURCEQS: AddAndApply() 125: Resource with major=16, minor=31 not supported
09-25 12:37:11.943  1633  1633 D vendor.qti.vibratorOL: Vibrator perform effect 2
09-25 12:37:11.946  1633 30897 D vendor.qti.vibratorOL: Starting perform on another thread
09-25 12:37:11.955  1633 30897 D vendor.qti.vibratorOL: Notifying perform complete
09-25 12:37:11.957  1633  1633 D vendor.qti.vibratorOL: QTI Vibrator off
09-25 12:37:11.965  1633  1633 D vendor.qti.vibratorOL: Vibrator perform effect 2
09-25 12:37:11.967  1633 30898 D vendor.qti.vibratorOL: Starting perform on another thread
09-25 12:37:11.977  1633 30898 D vendor.qti.vibratorOL: Notifying perform complete
09-25 12:37:11.977  1633  1633 D vendor.qti.vibratorOL: QTI Vibrator off
09-25 12:37:12.034  1633  1633 D vendor.qti.vibratorOL: Vibrator perform effect 2
09-25 12:37:12.036  1633 30899 D vendor.qti.vibratorOL: Starting perform on another thread
09-25 12:37:12.038 32732 32732 E OplusTouchDaemon: [prevent][curved_large_handle_V2][3082]: up id(0) status: 1, 1, 1, 0.
09-25 12:37:12.040  1561  1561 I android.hardware.power-service-qti: Power setBoost: 0, duration: 0
09-25 12:37:12.042  1695  1792 D BatteryChargeControl: bcc get no support from charging protocol
09-25 12:37:12.045  1633 30899 D vendor.qti.vibratorOL: Notifying perform complete
09-25 12:37:12.045  1633  1633 D vendor.qti.vibratorOL: QTI Vibrator off
09-25 12:37:12.054  1633  1633 D vendor.qti.vibratorOL: Vibrator perform effect 2
09-25 12:37:12.055  1633 30900 D vendor.qti.vibratorOL: Starting perform on another thread
09-25 12:37:12.065  1633 30900 D vendor.qti.vibratorOL: Notifying perform complete
09-25 12:37:12.066  1633  1633 D vendor.qti.vibratorOL: QTI Vibrator off
09-25 12:37:12.095  1570  1606 I android.hardware.thermal-service.qti: sensor: cpu-1-2-0 temperature: 89.9 old: 3 new: 0
09-25 12:37:12.143 32732 32732 E OplusTouchDaemon: [prevent][curved_large_handle_V2][3008]: id:1 pos:1 center_down:1 (6869 35054)(0 0 0 0) 
09-25 12:37:12.143 32732 32732 E OplusTouchDaemon: [touchEvent][ts_report_touch_data][643]: first touch point id 1 [6869 35054    6    0    0    0    0]
09-25 12:37:12.144 10806 10806 D TaskbarManager: dispatchTouchEvent:  displayId=0 isDefaultDisplay=true
09-25 12:37:12.147  1561  1561 I android.hardware.power-service-qti: Power setBoost: 0, duration: 0
09-25 12:37:12.157 28772 28772 I S3TOUCH : root action=down x=2190 y=834
09-25 12:37:12.158 28772 28772 I S3TOUCH : monitor action=down consumed=false
09-25 12:37:12.158 28772 28772 I S3TOUCH : pad action=down menu=false
09-25 12:37:12.159  1633  1633 D vendor.qti.vibratorOL: Vibrator perform effect 2
09-25 12:37:12.160  1633 30901 D vendor.qti.vibratorOL: Starting perform on another thread
09-25 12:37:12.179  1633 30901 D vendor.qti.vibratorOL: Notifying perform complete
09-25 12:37:12.179  1633  1633 D vendor.qti.vibratorOL: QTI Vibrator off
09-25 12:37:12.185  1633  1633 D vendor.qti.vibratorOL: Vibrator perform effect 2
09-25 12:37:12.187  1633 30902 D vendor.qti.vibratorOL: Starting perform on another thread
09-25 12:37:12.198  1633 30902 D vendor.qti.vibratorOL: Notifying perform complete
09-25 12:37:12.200  1633  1633 D vendor.qti.vibratorOL: QTI Vibrator off
09-25 12:37:12.205  1633  1633 D vendor.qti.vibratorOL: Vibrator perform effect 2
09-25 12:37:12.206  1633 30903 D vendor.qti.vibratorOL: Starting perform on another thread
09-25 12:37:12.216  1633 30903 D vendor.qti.vibratorOL: Notifying perform complete
09-25 12:37:12.216  1633  1633 D vendor.qti.vibratorOL: QTI Vibrator off
09-25 12:37:12.226  1633  1633 D vendor.qti.vibratorOL: Vibrator perform effect 2
09-25 12:37:12.228  1633 30904 D vendor.qti.vibratorOL: Starting perform on another thread
09-25 12:37:12.231 28772 29822 D RPCS3   : sys_tty_write(ch=0, buf=*0x58bf20, len=63, pwritelen=*0xd000fde0)
09-25 12:37:12.231 28772 29822 D RPCS3   : sys_tty_write(): “BATCHJOB: AddJob: waiting for room in job list 3 for job 56...“ << endl
09-25 12:37:12.239  1633 30904 D vendor.qti.vibratorOL: Notifying perform complete
09-25 12:37:12.240  1633  1633 D vendor.qti.vibratorOL: QTI Vibrator off
09-25 12:37:12.248 32732 32732 E OplusTouchDaemon: [prevent][curved_large_handle_V2][3082]: up id(1) status: 1, 1, 1, 0.
09-25 12:37:12.249  1561  1561 I android.hardware.power-service-qti: Power setBoost: 0, duration: 0
09-25 12:37:12.249  1561  1561 E QTI PowerHAL: Failed to acquire lock.
09-25 12:37:12.249  1561  1561 E QTI PowerHAL: Failed process_boost for boost_handle
09-25 12:37:12.250  1621  1722 E ANDR-PERF-RESOURCEQS: ANDR-PERF-RESOURCEQS: AddAndApply() 125: Resource with major=16, minor=30 not supported
09-25 12:37:12.250  1621  1722 E ANDR-PERF-RESOURCEQS: ANDR-PERF-RESOURCEQS: AddAndApply() 125: Resource with major=16, minor=31 not supported
09-25 12:37:12.250  1633  1633 D vendor.qti.vibratorOL: Vibrator perform effect 2
09-25 12:37:12.252  1633 30906 D vendor.qti.vibratorOL: Starting perform on another thread
09-25 12:37:12.261  1633 30906 D vendor.qti.vibratorOL: Notifying perform complete
09-25 12:37:12.261  1633  1633 D vendor.qti.vibratorOL: QTI Vibrator off
09-25 12:37:12.275  1633  1633 D vendor.qti.vibratorOL: Vibrator perform effect 2
09-25 12:37:12.277  1633 30907 D vendor.qti.vibratorOL: Starting perform on another thread
09-25 12:37:12.286  1633 30907 D vendor.qti.vibratorOL: Notifying perform complete
09-25 12:37:12.287  1633  1633 D vendor.qti.vibratorOL: QTI Vibrator off
09-25 12:37:12.345 32732 32732 E OplusTouchDaemon: [prevent][curved_large_handle_V2][3008]: id:0 pos:1 center_down:1 (7054 34994)(0 0 0 0) 
09-25 12:37:12.345 32732 32732 E OplusTouchDaemon: [touchEvent][ts_report_touch_data][643]: first touch point id 0 [7054 34994    8    0    0    0    0]
09-25 12:37:12.346 10806 10806 D TaskbarManager: dispatchTouchEvent:  displayId=0 isDefaultDisplay=true
09-25 12:37:12.346 28772 28772 I S3TOUCH : root action=down x=2187 y=823
09-25 12:37:12.346 28772 28772 I S3TOUCH : monitor action=down consumed=false
09-25 12:37:12.347 28772 28772 I S3TOUCH : pad action=down menu=false
09-25 12:37:12.349  1633  1633 D vendor.qti.vibratorOL: Vibrator perform effect 2
09-25 12:37:12.351  1633 30908 D vendor.qti.vibratorOL: Starting perform on another thread
09-25 12:37:12.354  1561  1561 I android.hardware.power-service-qti: Power setBoost: 0, duration: 0
09-25 12:37:12.360 28772 29822 D RPCS3   : sys_tty_write(ch=0, buf=*0x58bf20, len=63, pwritelen=*0xd000fde0)
09-25 12:37:12.360 28772 29822 D RPCS3   : sys_tty_write(): “BATCHJOB: AddJob: waiting for room in job list 3 for job 56...“ << endl
09-25 12:37:12.360  1633 30908 D vendor.qti.vibratorOL: Notifying perform complete
09-25 12:37:12.361  1633  1633 D vendor.qti.vibratorOL: QTI Vibrator off
09-25 12:37:12.371  1633  1633 D vendor.qti.vibratorOL: Vibrator perform effect 2
09-25 12:37:12.374  1633 30909 D vendor.qti.vibratorOL: Starting perform on another thread
09-25 12:37:12.377 32732 32732 E OplusTouchDaemon: [touchEvent][ts_report_touch_data][654]:Touchpanel id 0 :Down[7054 34994   11    0    0    0    0]K0 A0 D0
09-25 12:37:12.383  1633 30909 D vendor.qti.vibratorOL: Notifying perform complete
09-25 12:37:12.383  1633  1633 D vendor.qti.vibratorOL: QTI Vibrator off
09-25 12:37:12.399  1633  1633 D vendor.qti.vibratorOL: Vibrator perform effect 2
09-25 12:37:12.404  1633 30910 D vendor.qti.vibratorOL: Starting perform on another thread
09-25 12:37:12.413  1633 30910 D vendor.qti.vibratorOL: Notifying perform complete
09-25 12:37:12.416  1633  1633 D vendor.qti.vibratorOL: QTI Vibrator off
09-25 12:37:12.442  1633  1633 D vendor.qti.vibratorOL: Vibrator perform effect 2
09-25 12:37:12.444  1633 30911 D vendor.qti.vibratorOL: Starting perform on another thread
09-25 12:37:12.453  1633 30911 D vendor.qti.vibratorOL: Notifying perform complete
09-25 12:37:12.453  1633  1633 D vendor.qti.vibratorOL: QTI Vibrator off
09-25 12:37:12.457 32732 32732 E OplusTouchDaemon: [prevent][curved_large_handle_V2][3082]: up id(0) status: 1, 1, 1, 0.
09-25 12:37:12.458  1561  1561 I android.hardware.power-service-qti: Power setBoost: 0, duration: 0
09-25 12:37:12.459 28772 29102 D S3PERF  : crosscheck ui_snapshot_fps=4.56886 ui_snapshot_frametime_ms=115.669
09-25 12:37:12.475  1633  1633 D vendor.qti.vibratorOL: Vibrator perform effect 2
09-25 12:37:12.477  1633 30912 D vendor.qti.vibratorOL: Starting perform on another thread
09-25 12:37:12.486  1633 30912 D vendor.qti.vibratorOL: Notifying perform complete
09-25 12:37:12.488  1633  1633 D vendor.qti.vibratorOL: QTI Vibrator off
09-25 12:37:12.532  1570  1606 I android.hardware.thermal-service.qti: sensor: cpu-2-1-0 temperature: 95 old: 0 new: 3
09-25 12:37:12.546 32732 32732 E OplusTouchDaemon: [prevent][curved_large_handle_V2][3008]: id:1 pos:1 center_down:1 (6868 34957)(0 0 0 0) 
09-25 12:37:12.546 32732 32732 E OplusTouchDaemon: [touchEvent][ts_report_touch_data][643]: first touch point id 1 [6868 34957    4    0    0    0    0]
09-25 12:37:12.547 10806 10806 D TaskbarManager: dispatchTouchEvent:  displayId=0 isDefaultDisplay=true
09-25 12:37:12.549 28772 28772 I S3TOUCH : root action=down x=2184 y=834
09-25 12:37:12.550 28772 28772 I S3TOUCH : monitor action=down consumed=false
09-25 12:37:12.550 28772 28772 I S3TOUCH : pad action=down menu=false
09-25 12:37:12.563  1561  1561 I android.hardware.power-service-qti: Power setBoost: 0, duration: 0
09-25 12:37:12.566  1561  1561 E QTI PowerHAL: Failed to acquire lock.
09-25 12:37:12.566  1561  1561 E QTI PowerHAL: Failed process_boost for boost_handle
09-25 12:37:12.566  1621  1722 E ANDR-PERF-RESOURCEQS: ANDR-PERF-RESOURCEQS: AddAndApply() 125: Resource with major=16, minor=30 not supported
09-25 12:37:12.566  1621  1722 E ANDR-PERF-RESOURCEQS: ANDR-PERF-RESOURCEQS: AddAndApply() 125: Resource with major=16, minor=31 not supported
09-25 12:37:12.642  1570  1606 I android.hardware.thermal-service.qti: sensor: cpu-2-1-0 temperature: 89.9 old: 3 new: 0
09-25 12:37:12.651 32732 32732 E OplusTouchDaemon: [prevent][curved_large_handle_V2][3082]: up id(1) status: 1, 1, 1, 0.
09-25 12:37:12.739 32732 32732 E OplusTouchDaemon: [prevent][curved_large_handle_V2][3008]: id:0 pos:1 center_down:1 (6952 35068)(0 0 0 0) 
09-25 12:37:12.740 32732 32732 E OplusTouchDaemon: [touchEvent][ts_report_touch_data][643]: first touch point id 0 [6952 35068    8    0    0    0    0]
09-25 12:37:12.740 28772 28772 I S3TOUCH : root action=down x=2191 y=829
09-25 12:37:12.741 10806 10806 D TaskbarManager: dispatchTouchEvent:  displayId=0 isDefaultDisplay=true
09-25 12:37:12.741 28772 28772 I S3TOUCH : monitor action=down consumed=false
09-25 12:37:12.741 28772 28772 I S3TOUCH : pad action=down menu=false
09-25 12:37:12.741  1561  1561 I android.hardware.power-service-qti: Power setBoost: 0, duration: 0
09-25 12:37:12.743  1633  1633 D vendor.qti.vibratorOL: Vibrator perform effect 2
09-25 12:37:12.749  1570  1606 I android.hardware.thermal-service.qti: sensor: cpu-2-1-0 temperature: 95 old: 0 new: 3
09-25 12:37:12.749  1633 30914 D vendor.qti.vibratorOL: Starting perform on another thread
09-25 12:37:12.759  1633 30914 D vendor.qti.vibratorOL: Notifying perform complete
09-25 12:37:12.759  1633  1633 D vendor.qti.vibratorOL: QTI Vibrator off
09-25 12:37:12.767  1633  1633 D vendor.qti.vibratorOL: Vibrator perform effect 2
09-25 12:37:12.768  1633 30915 D vendor.qti.vibratorOL: Starting perform on another thread
09-25 12:37:12.773 28772 29102 D S3PERF  : crosscheck source=surface presented=2602 json_fps=7.10799 json_frametime_ms=83.786
09-25 12:37:12.777  1633 30915 D vendor.qti.vibratorOL: Notifying perform complete
09-25 12:37:12.778  1633  1633 D vendor.qti.vibratorOL: QTI Vibrator off
09-25 12:37:12.791  1633  1633 D vendor.qti.vibratorOL: Vibrator perform effect 2
09-25 12:37:12.792  1633 30916 D vendor.qti.vibratorOL: Starting perform on another thread
09-25 12:37:12.801  1633 30916 D vendor.qti.vibratorOL: Notifying perform complete
09-25 12:37:12.802  1633  1633 D vendor.qti.vibratorOL: QTI Vibrator off
09-25 12:37:12.816  1633  1633 D vendor.qti.vibratorOL: Vibrator perform effect 2
09-25 12:37:12.817  1633 30917 D vendor.qti.vibratorOL: Starting perform on another thread
09-25 12:37:12.827  1633 30917 D vendor.qti.vibratorOL: Notifying perform complete
09-25 12:37:12.827  1633  1633 D vendor.qti.vibratorOL: QTI Vibrator off
09-25 12:37:12.839  1633  1633 D vendor.qti.vibratorOL: Vibrator perform effect 2
09-25 12:37:12.840  1633 30918 D vendor.qti.vibratorOL: Starting perform on another thread
09-25 12:37:12.845  1561  1561 I android.hardware.power-service-qti: Power setBoost: 0, duration: 0
09-25 12:37:12.845  1561  1561 E QTI PowerHAL: Failed to acquire lock.
09-25 12:37:12.845  1561  1561 E QTI PowerHAL: Failed process_boost for boost_handle
09-25 12:37:12.849  1621  1722 E ANDR-PERF-RESOURCEQS: ANDR-PERF-RESOURCEQS: AddAndApply() 125: Resource with major=16, minor=30 not supported
09-25 12:37:12.849  1621  1722 E ANDR-PERF-RESOURCEQS: ANDR-PERF-RESOURCEQS: AddAndApply() 125: Resource with major=16, minor=31 not supported
09-25 12:37:12.850  1633 30918 D vendor.qti.vibratorOL: Notifying perform complete
09-25 12:37:12.850  1633  1633 D vendor.qti.vibratorOL: QTI Vibrator off
09-25 12:37:12.852 32732 32732 E OplusTouchDaemon: [prevent][curved_large_handle_V2][3082]: up id(0) status: 1, 1, 1, 0.
09-25 12:37:12.868  1633  1633 D vendor.qti.vibratorOL: Vibrator perform effect 2
09-25 12:37:12.869  1633 30920 D vendor.qti.vibratorOL: Starting perform on another thread
09-25 12:37:12.878  1633 30920 D vendor.qti.vibratorOL: Notifying perform complete
09-25 12:37:12.879  1633  1633 D vendor.qti.vibratorOL: QTI Vibrator off
09-25 12:37:12.949 32732 32732 E OplusTouchDaemon: [prevent][curved_large_handle_V2][3008]: id:1 pos:1 center_down:1 (6779 35520)(0 0 0 0) 
09-25 12:37:12.949 32732 32732 E OplusTouchDaemon: [touchEvent][ts_report_touch_data][643]: first touch point id 1 [6779 35520    5    0    0    0    0]
09-25 12:37:12.951 10806 10806 D TaskbarManager: dispatchTouchEvent:  displayId=0 isDefaultDisplay=true
09-25 12:37:12.951  1561  1561 I android.hardware.power-service-qti: Power setBoost: 0, duration: 0
09-25 12:37:12.951 28772 28772 I S3TOUCH : root action=down x=2219 y=840
09-25 12:37:12.951 28772 28772 I S3TOUCH : monitor action=down consumed=false
09-25 12:37:12.952 28772 28772 I S3TOUCH : pad action=down menu=false
09-25 12:37:12.953  1633  1633 D vendor.qti.vibratorOL: Vibrator perform effect 2
09-25 12:37:12.955  1633 30921 D vendor.qti.vibratorOL: Starting perform on another thread
09-25 12:37:12.957 32732 32732 I OplusTouchDaemon: ts_run_service: shellback temperature updated 35 (35900)
09-25 12:37:12.964  1633 30921 D vendor.qti.vibratorOL: Notifying perform complete
09-25 12:37:12.965  1633  1633 D vendor.qti.vibratorOL: QTI Vibrator off
09-25 12:37:12.975  1633  1633 D vendor.qti.vibratorOL: Vibrator perform effect 2
09-25 12:37:12.978  1633 30922 D vendor.qti.vibratorOL: Starting perform on another thread
09-25 12:37:12.987  1633 30922 D vendor.qti.vibratorOL: Notifying perform complete
09-25 12:37:12.987  1633  1633 D vendor.qti.vibratorOL: QTI Vibrator off
09-25 12:37:12.998  1633  1633 D vendor.qti.vibratorOL: Vibrator perform effect 2
09-25 12:37:12.999  1633 30923 D vendor.qti.vibratorOL: Starting perform on another thread
09-25 12:37:13.009  1633 30923 D vendor.qti.vibratorOL: Notifying perform complete
09-25 12:37:13.009  1633  1633 D vendor.qti.vibratorOL: QTI Vibrator off
09-25 12:37:13.018  1633  1633 D vendor.qti.vibratorOL: Vibrator perform effect 2
09-25 12:37:13.019  1633 30924 D vendor.qti.vibratorOL: Starting perform on another thread
09-25 12:37:13.028  1633 30924 D vendor.qti.vibratorOL: Notifying perform complete
09-25 12:37:13.030  1633  1633 D vendor.qti.vibratorOL: QTI Vibrator off
09-25 12:37:13.042  1695  1792 D BatteryChargeControl: bcc get no support from charging protocol
09-25 12:37:13.046  1570  1606 I android.hardware.thermal-service.qti: sensor: cpu-2-1-0 temperature: 89.9 old: 3 new: 0
09-25 12:37:13.047 28772 30114 E RPCS3   : Video au decode has been waiting for a consumer for 5 seconds. (handle=0xf0000300, seq_id=1, cmd_id=63, queue_size=61)
09-25 12:37:13.056  1561  1561 I android.hardware.power-service-qti: Power setBoost: 0, duration: 0
09-25 12:37:13.057  1633  1633 D vendor.qti.vibratorOL: Vibrator perform effect 2
09-25 12:37:13.058  1633 30925 D vendor.qti.vibratorOL: Starting perform on another thread
09-25 12:37:13.067  1633 30925 D vendor.qti.vibratorOL: Notifying perform complete
09-25 12:37:13.068  1633  1633 D vendor.qti.vibratorOL: QTI Vibrator off
09-25 12:37:13.070 32732 32732 E OplusTouchDaemon: [prevent][curved_large_handle_V2][3082]: up id(1) status: 1, 1, 1, 0.
09-25 12:37:13.078  1633  1633 D vendor.qti.vibratorOL: Vibrator perform effect 2
09-25 12:37:13.081  1633 30926 D vendor.qti.vibratorOL: Starting perform on another thread
09-25 12:37:13.091  1633 30926 D vendor.qti.vibratorOL: Notifying perform complete
09-25 12:37:13.091  1633  1633 D vendor.qti.vibratorOL: QTI Vibrator off
09-25 12:37:13.099 27883 30652 W brqv    : [{0}] Failed to resolve name. status={1}
09-25 12:37:13.159 32732 32732 E OplusTouchDaemon: [prevent][curved_large_handle_V2][3008]: id:0 pos:1 center_down:1 (6845 35571)(0 0 0 0) 
09-25 12:37:13.159 32732 32732 E OplusTouchDaemon: [touchEvent][ts_report_touch_data][643]: first touch point id 0 [6845 35571    4    0    0    0    0]
09-25 12:37:13.160 10806 10806 D TaskbarManager: dispatchTouchEvent:  displayId=0 isDefaultDisplay=true
09-25 12:37:13.161  1561  1561 I android.hardware.power-service-qti: Power setBoost: 0, duration: 0
09-25 12:37:13.161  1561  1561 E QTI PowerHAL: Failed to acquire lock.
09-25 12:37:13.161  1561  1561 E QTI PowerHAL: Failed process_boost for boost_handle
09-25 12:37:13.164  1621  1722 E ANDR-PERF-RESOURCEQS: ANDR-PERF-RESOURCEQS: AddAndApply() 125: Resource with major=16, minor=30 not supported
09-25 12:37:13.164  1621  1722 E ANDR-PERF-RESOURCEQS: ANDR-PERF-RESOURCEQS: AddAndApply() 125: Resource with major=16, minor=31 not supported
09-25 12:37:13.164 28772 28772 I S3TOUCH : root action=down x=2223 y=836
09-25 12:37:13.164 28772 28772 I S3TOUCH : monitor action=down consumed=false
09-25 12:37:13.164 28772 28772 I S3TOUCH : pad action=down menu=false
09-25 12:37:13.166  1633  1633 D vendor.qti.vibratorOL: Vibrator perform effect 2
09-25 12:37:13.168  1633 30929 D vendor.qti.vibratorOL: Starting perform on another thread
09-25 12:37:13.177  1633 30929 D vendor.qti.vibratorOL: Notifying perform complete
09-25 12:37:13.178  1633  1633 D vendor.qti.vibratorOL: QTI Vibrator off
09-25 12:37:13.178  1570  1606 I android.hardware.thermal-service.qti: sensor: cpu-1-0-0 temperature: 89.9 old: 3 new: 0
09-25 12:37:13.191  1633  1633 D vendor.qti.vibratorOL: Vibrator perform effect 2
09-25 12:37:13.195  1633 30930 D vendor.qti.vibratorOL: Starting perform on another thread
09-25 12:37:13.206  1633 30930 D vendor.qti.vibratorOL: Notifying perform complete
09-25 12:37:13.207  1633  1633 D vendor.qti.vibratorOL: QTI Vibrator off
09-25 12:37:13.216  1633  1633 D vendor.qti.vibratorOL: Vibrator perform effect 2
09-25 12:37:13.218  1633 30931 D vendor.qti.vibratorOL: Starting perform on another thread
09-25 12:37:13.227  1633 30931 D vendor.qti.vibratorOL: Notifying perform complete
09-25 12:37:13.228  1633  1633 D vendor.qti.vibratorOL: QTI Vibrator off
09-25 12:37:13.244  1570  1606 I android.hardware.thermal-service.qti: sensor: cpu-1-0-0 temperature: 95 old: 0 new: 3
09-25 12:37:13.249  1633  1633 D vendor.qti.vibratorOL: Vibrator perform effect 2
09-25 12:37:13.251  1633 30932 D vendor.qti.vibratorOL: Starting perform on another thread
09-25 12:37:13.256 32732 32732 E OplusTouchDaemon: [prevent][curved_large_handle_V2][3082]: up id(0) status: 1, 1, 1, 0.
09-25 12:37:13.260  1633 30932 D vendor.qti.vibratorOL: Notifying perform complete
09-25 12:37:13.260  1633  1633 D vendor.qti.vibratorOL: QTI Vibrator off
09-25 12:37:13.272  1633  1633 D vendor.qti.vibratorOL: Vibrator perform effect 2
09-25 12:37:13.273  1633 30933 D vendor.qti.vibratorOL: Starting perform on another thread
09-25 12:37:13.276  1570  1606 I android.hardware.thermal-service.qti: sensor: cpu-1-0-0 temperature: 89.9 old: 3 new: 0
09-25 12:37:13.282  1633 30933 D vendor.qti.vibratorOL: Notifying perform complete
09-25 12:37:13.283  1633  1633 D vendor.qti.vibratorOL: QTI Vibrator off
09-25 12:37:13.339   645   645 I lowmemorykiller: Kill 'com.google.android.apps.wellbeing' (19821), uid 10318, oom_score_adj 985 to free 93212kB rss, 78996kB swap; reason: low watermark is breached
09-25 12:37:13.352 32732 32732 E OplusTouchDaemon: [prevent][curved_large_handle_V2][3008]: id:1 pos:1 center_down:1 (7068 35418)(0 0 0 0) 
09-25 12:37:13.352 32732 32732 E OplusTouchDaemon: [touchEvent][ts_report_touch_data][643]: first touch point id 1 [7068 35418    4    0    0    0    0]
09-25 12:37:13.353 28772 28772 I S3TOUCH : root action=down x=2213 y=822
09-25 12:37:13.353 28772 28772 I S3TOUCH : monitor action=down consumed=false
09-25 12:37:13.353 28772 28772 I S3TOUCH : pad action=down menu=false
09-25 12:37:13.353  1570  1606 I android.hardware.thermal-service.qti: sensor: cpu-1-0-0 temperature: 95 old: 0 new: 3
09-25 12:37:13.354 10806 10806 D TaskbarManager: dispatchTouchEvent:  displayId=0 isDefaultDisplay=true
09-25 12:37:13.354  1570  1606 I android.hardware.thermal-service.qti: sensor: cpu-2-1-0 temperature: 95 old: 0 new: 3
09-25 12:37:13.355  1633  1633 D vendor.qti.vibratorOL: Vibrator perform effect 2
09-25 12:37:13.356  1633 30934 D vendor.qti.vibratorOL: Starting perform on another thread
09-25 12:37:13.358  1561  1561 I android.hardware.power-service-qti: Power setBoost: 0, duration: 0
09-25 12:37:13.366  1633 30934 D vendor.qti.vibratorOL: Notifying perform complete
09-25 12:37:13.369  1633  1633 D vendor.qti.vibratorOL: QTI Vibrator off
09-25 12:37:13.376  1633  1633 D vendor.qti.vibratorOL: Vibrator perform effect 2
09-25 12:37:13.378  1633 30935 D vendor.qti.vibratorOL: Starting perform on another thread
09-25 12:37:13.387  1633 30935 D vendor.qti.vibratorOL: Notifying perform complete
09-25 12:37:13.387  1633  1633 D vendor.qti.vibratorOL: QTI Vibrator off
09-25 12:37:13.388  2866  2902 I ActivityManager: Process com.google.android.apps.wellbeing (pid 19821) has died: cch  +85 CEM 
09-25 12:37:13.388  1472  1472 I Zygote  : Process 19821 exited due to signal 9 (Killed)
09-25 12:37:13.388   645   645 I lowmemorykiller: Kill 'com.google.android.apps.nbu.files' (21744), uid 10415, oom_score_adj 985 to free 76828kB rss, 52520kB swap; reason: low watermark is breached
09-25 12:37:13.390  2866  2920 I libprocessgroup: Removed cgroup /sys/fs/cgroup/apps/uid_10318/pid_19821
09-25 12:37:13.392  7761  7761 D HidDeviceService: handleMessage: MESSAGE_IMPORTANCE_CHANGE
09-25 12:37:13.393  7761  7761 D HidDeviceService: unregisterAppUid(): uid=10318
09-25 12:37:13.393  7761  7761 D HidDeviceService: unregisterAppUid(): caller UID doesn't match user UID
09-25 12:37:13.397  1633  1633 D vendor.qti.vibratorOL: Vibrator perform effect 2
09-25 12:37:13.397   645   883 E lowmemorykiller: process_mrelease 21744 failed: No such process
09-25 12:37:13.398  1633 30936 D vendor.qti.vibratorOL: Starting perform on another thread
09-25 12:37:13.407  1633 30936 D vendor.qti.vibratorOL: Notifying perform complete
09-25 12:37:13.408  1633  1633 D vendor.qti.vibratorOL: QTI Vibrator off
09-25 12:37:13.423  1633  1633 D vendor.qti.vibratorOL: Vibrator perform effect 2
09-25 12:37:13.424  1633 30937 D vendor.qti.vibratorOL: Starting perform on another thread
09-25 12:37:13.432  2866  9069 I ActivityManager: Process com.google.android.apps.nbu.files (pid 21744) has died: cch  +85 CEM 
09-25 12:37:13.433  7761  7761 D HidDeviceService: handleMessage: MESSAGE_IMPORTANCE_CHANGE
09-25 12:37:13.433  7761  7761 D HidDeviceService: unregisterAppUid(): uid=10415
09-25 12:37:13.433  7761  7761 D HidDeviceService: unregisterAppUid(): caller UID doesn't match user UID
09-25 12:37:13.434  1633 30937 D vendor.qti.vibratorOL: Notifying perform complete
09-25 12:37:13.434  1633  1633 D vendor.qti.vibratorOL: QTI Vibrator off
09-25 12:37:13.435  1472  1472 I Zygote  : Process 21744 exited due to signal 9 (Killed)
09-25 12:37:13.435  2866  2920 I libprocessgroup: Removed cgroup /sys/fs/cgroup/apps/uid_10415/pid_21744
09-25 12:37:13.448  1633  1633 D vendor.qti.vibratorOL: Vibrator perform effect 2
09-25 12:37:13.450  1633 30938 D vendor.qti.vibratorOL: Starting perform on another thread
09-25 12:37:13.458  1561  1561 I android.hardware.power-service-qti: Power setBoost: 0, duration: 0
09-25 12:37:13.458  1561  1561 E QTI PowerHAL: Failed to acquire lock.
09-25 12:37:13.458  1561  1561 E QTI PowerHAL: Failed process_boost for boost_handle
09-25 12:37:13.459  1633 30938 D vendor.qti.vibratorOL: Notifying perform complete
09-25 12:37:13.459  1621  1722 E ANDR-PERF-RESOURCEQS: ANDR-PERF-RESOURCEQS: AddAndApply() 125: Resource with major=16, minor=30 not supported
09-25 12:37:13.459  1621  1722 E ANDR-PERF-RESOURCEQS: ANDR-PERF-RESOURCEQS: AddAndApply() 125: Resource with major=16, minor=31 not supported
09-25 12:37:13.460  1633  1633 D vendor.qti.vibratorOL: QTI Vibrator off
09-25 12:37:13.465 32732 32732 E OplusTouchDaemon: [prevent][curved_large_handle_V2][3082]: up id(1) status: 1, 1, 1, 0.
09-25 12:37:13.471  1633  1633 D vendor.qti.vibratorOL: Vibrator perform effect 2
09-25 12:37:13.473  1633 30940 D vendor.qti.vibratorOL: Starting perform on another thread
09-25 12:37:13.482  1633 30940 D vendor.qti.vibratorOL: Notifying perform complete
09-25 12:37:13.486  1633  1633 D vendor.qti.vibratorOL: QTI Vibrator off
09-25 12:37:13.514  2866  3681 D InetDiagMessage: Destroyed 0 sockets, proto=IPPROTO_TCP, family=AF_INET, states=14
09-25 12:37:13.517  2866  3681 D InetDiagMessage: Destroyed 0 sockets, proto=IPPROTO_TCP, family=AF_INET6, states=14
09-25 12:37:13.517  2866  3681 D InetDiagMessage: Destroyed live tcp sockets for uids={10421} in 7ms
09-25 12:37:13.518  2866  3681 D InetDiagMessage: Destroyed 0 sockets, proto=IPPROTO_TCP, family=AF_INET, states=14
09-25 12:37:13.519  2866  3681 D InetDiagMessage: Destroyed 0 sockets, proto=IPPROTO_TCP, family=AF_INET6, states=14
09-25 12:37:13.519  2866  3681 D InetDiagMessage: Destroyed live tcp sockets for uids={20421} in 2ms
09-25 12:37:13.520  1570  1606 I android.hardware.thermal-service.qti: sensor: cpu-2-1-0 temperature: 89.9 old: 3 new: 0
09-25 12:37:13.525  1570  1606 I android.hardware.thermal-service.qti: sensor: cpu-2-1-0 temperature: 95 old: 0 new: 3
09-25 12:37:13.532   645   645 I lowmemorykiller: Kill 'android.process.media' (9836), uid 10261, oom_score_adj 985 to free 72856kB rss, 48640kB swap; reason: low watermark is breached
09-25 12:37:13.538   645   884 E lowmemorykiller: process_mrelease 9836 failed: No such process
09-25 12:37:13.544 28772 29822 D RPCS3   : sys_tty_write(ch=0, buf=*0x58bf20, len=63, pwritelen=*0xd000fde0)
09-25 12:37:13.544 28772 29822 D RPCS3   : sys_tty_write(): “BATCHJOB: AddJob: waiting for room in job list 3 for job 56...“ << endl
09-25 12:37:13.563  1472  1472 I Zygote  : Process 9836 exited due to signal 9 (Killed)
09-25 12:37:13.564  2866  2901 I ActivityManager: Process android.process.media (pid 9836) has died: cch  +85 CEM 
09-25 12:37:13.564  2866  2920 I libprocessgroup: Removed cgroup /sys/fs/cgroup/apps/uid_10261/pid_9836
09-25 12:37:13.566  7761  7761 D HidDeviceService: handleMessage: MESSAGE_IMPORTANCE_CHANGE
09-25 12:37:13.566  7761  7761 D HidDeviceService: unregisterAppUid(): uid=10261
09-25 12:37:13.566  7761  7761 D HidDeviceService: unregisterAppUid(): caller UID doesn't match user UID
09-25 12:37:13.570 32732 32732 E OplusTouchDaemon: [prevent][curved_large_handle_V2][3008]: id:0 pos:1 center_down:1 (6951 35258)(0 0 0 0) 
09-25 12:37:13.570 32732 32732 E OplusTouchDaemon: [touchEvent][ts_report_touch_data][643]: first touch point id 0 [6951 35258    6    0    0    0    0]
09-25 12:37:13.571 28772 28772 I S3TOUCH : root action=down x=2203 y=829
09-25 12:37:13.571 28772 28772 I S3TOUCH : monitor action=down consumed=false
09-25 12:37:13.571 28772 28772 I S3TOUCH : pad action=down menu=false
09-25 12:37:13.571 10806 10806 D TaskbarManager: dispatchTouchEvent:  displayId=0 isDefaultDisplay=true
09-25 12:37:13.572  1561  1561 I android.hardware.power-service-qti: Power setBoost: 0, duration: 0
09-25 12:37:13.573  1633  1633 D vendor.qti.vibratorOL: Vibrator perform effect 2
09-25 12:37:13.575  1633 30941 D vendor.qti.vibratorOL: Starting perform on another thread
09-25 12:37:13.584  1633 30941 D vendor.qti.vibratorOL: Notifying perform complete
09-25 12:37:13.584  1633  1633 D vendor.qti.vibratorOL: QTI Vibrator off
09-25 12:37:13.593 28772 29881 W RPCS3   : [0x116fc] At 0x11fe4: indirect branch to 0x11fe8 (D)
09-25 12:37:13.593 28772 29881 W RPCS3   : [0x116fc] At 0x11ffc: indirect branch to 0x12000 (E)
09-25 12:37:13.593 28772 29881 W RPCS3   : [0x116fc] At 0x11f64: indirect branch to 0x11f68 (D)
09-25 12:37:13.593 28772 29881 W RPCS3   : [0x116fc] At 0x11f84: indirect branch to 0x11f88 (E)
09-25 12:37:13.597  1633  1633 D vendor.qti.vibratorOL: Vibrator perform effect 2
09-25 12:37:13.598 28772 29881 D RPCS3   : Building function 0x116fc... (size 249, __spu-0x116fc-hoJ84Po06PPajub4eSU2ncKKdpV8-s3cg1-cortex-a34-neon)
09-25 12:37:13.600  1633 30942 D vendor.qti.vibratorOL: Starting perform on another thread
09-25 12:37:13.609  1633 30942 D vendor.qti.vibratorOL: Notifying perform complete
09-25 12:37:13.610  1633  1633 D vendor.qti.vibratorOL: QTI Vibrator off
09-25 12:37:13.620  1633  1633 D vendor.qti.vibratorOL: Vibrator perform effect 2
09-25 12:37:13.622  1633 30943 D vendor.qti.vibratorOL: Starting perform on another thread
09-25 12:37:13.631  1633 30943 D vendor.qti.vibratorOL: Notifying perform complete
09-25 12:37:13.631  1633  1633 D vendor.qti.vibratorOL: QTI Vibrator off
09-25 12:37:13.655  1633  1633 D vendor.qti.vibratorOL: Vibrator perform effect 2
09-25 12:37:13.657  1633 30944 D vendor.qti.vibratorOL: Starting perform on another thread
09-25 12:37:13.666  1633 30944 D vendor.qti.vibratorOL: Notifying perform complete
09-25 12:37:13.667 32732 32732 E OplusTouchDaemon: [prevent][curved_large_handle_V2][3082]: up id(0) status: 1, 1, 1, 0.
09-25 12:37:13.669  1633  1633 D vendor.qti.vibratorOL: QTI Vibrator off
09-25 12:37:13.678  1633  1633 D vendor.qti.vibratorOL: Vibrator perform effect 2
09-25 12:37:13.680  1633 30945 D vendor.qti.vibratorOL: Starting perform on another thread
09-25 12:37:13.689  1633 30945 D vendor.qti.vibratorOL: Notifying perform complete
09-25 12:37:13.691  1633  1633 D vendor.qti.vibratorOL: QTI Vibrator off
09-25 12:37:13.705 28772 29102 D S3PERF  : crosscheck ui_snapshot_fps=6.5589 ui_snapshot_frametime_ms=197.288
09-25 12:37:13.711  1570  1606 I android.hardware.thermal-service.qti: sensor: cpu-2-1-0 temperature: 89.9 old: 3 new: 0
09-25 12:37:13.754 28772 29881 I RPCS3   : New SPU block compiled successfully (size=249)
09-25 12:37:13.754 28772 29881 W RPCS3   : [0x119b0] At 0x11fe4: indirect branch to 0x11fe8 (D)
09-25 12:37:13.754 28772 29881 W RPCS3   : [0x119b0] At 0x11ffc: indirect branch to 0x12000 (E)
09-25 12:37:13.754 28772 29881 W RPCS3   : [0x119b0] At 0x11f64: indirect branch to 0x11f68 (D)
09-25 12:37:13.754 28772 29881 W RPCS3   : [0x119b0] At 0x11f84: indirect branch to 0x11f88 (E)
09-25 12:37:13.754 28772 29881 D RPCS3   : Building function 0x119b0... (size 76, __spu-0x119b0-heNYmwAzjPmofoNKFmJ8EMgg7XA1-s3cg1-cortex-a34-neon)
09-25 12:37:13.772 32732 32732 E OplusTouchDaemon: [prevent][curved_large_handle_V2][3008]: id:1 pos:1 center_down:1 (6869 35159)(0 0 0 0) 
09-25 12:37:13.772 32732 32732 E OplusTouchDaemon: [touchEvent][ts_report_touch_data][643]: first touch point id 1 [6869 35159    4    0    0    0    0]
09-25 12:37:13.773 28772 28772 I S3TOUCH : root action=down x=2197 y=834
09-25 12:37:13.773 28772 28772 I S3TOUCH : monitor action=down consumed=false
09-25 12:37:13.773 28772 28772 I S3TOUCH : pad action=down menu=false
09-25 12:37:13.774  1633  1633 D vendor.qti.vibratorOL: Vibrator perform effect 2
09-25 12:37:13.775 10806 10806 D TaskbarManager: dispatchTouchEvent:  displayId=0 isDefaultDisplay=true
09-25 12:37:13.773  1561  1561 I android.hardware.power-service-qti: Power setBoost: 0, duration: 0
09-25 12:37:13.777  1633 30946 D vendor.qti.vibratorOL: Starting perform on another thread
09-25 12:37:13.780  1561  1561 E QTI PowerHAL: Failed to acquire lock.
09-25 12:37:13.780  1561  1561 E QTI PowerHAL: Failed process_boost for boost_handle
09-25 12:37:13.782  1621  1722 E ANDR-PERF-RESOURCEQS: ANDR-PERF-RESOURCEQS: AddAndApply() 125: Resource with major=16, minor=30 not supported
09-25 12:37:13.782  1621  1722 E ANDR-PERF-RESOURCEQS: ANDR-PERF-RESOURCEQS: AddAndApply() 125: Resource with major=16, minor=31 not supported
09-25 12:37:13.786  1633 30946 D vendor.qti.vibratorOL: Notifying perform complete
09-25 12:37:13.787 28772 29881 I RPCS3   : New SPU block compiled successfully (size=76)
09-25 12:37:13.788  1633  1633 D vendor.qti.vibratorOL: QTI Vibrator off
09-25 12:37:13.798  1633  1633 D vendor.qti.vibratorOL: Vibrator perform effect 2
09-25 12:37:13.799  1633 30948 D vendor.qti.vibratorOL: Starting perform on another thread
09-25 12:37:13.801  2866  3614 D ActivityManager: freezing 11890 com.android.settings
09-25 12:37:13.804  2866  3614 D ActivityManager: freezing 22886 com.google.android.projection.gearhead:car
09-25 12:37:13.806  2866  3614 D ActivityManager: freezing 22534 com.phonepe.app
09-25 12:37:13.808  1633 30948 D vendor.qti.vibratorOL: Notifying perform complete
09-25 12:37:13.809  1633  1633 D vendor.qti.vibratorOL: QTI Vibrator off
09-25 12:37:13.809  2866  3614 D ActivityManager: freezing 11211 com.google.android.apps.maps
09-25 12:37:13.811  2866  3614 D ActivityManager: freezing 18760 com.android.rkpdapp
09-25 12:37:13.813  2866  3614 D ActivityManager: freezing 9993 com.google.android.apps.turbo:aab
09-25 12:37:13.814  2866  3614 D ActivityManager: freezing 19032 org.lineageos.etar
09-25 12:37:13.815  2866  3614 D ActivityManager: freezing 10606 com.android.keychain
09-25 12:37:13.816  2866  3614 D ActivityManager: freezing 24120 com.android.providers.calendar
09-25 12:37:13.816  2866  3614 D ActivityManager: freezing 11194 com.google.android.webview:sandboxed_process0:org.chromium.content.app.SandboxedProcessService0:0
09-25 12:37:13.818  1633  1633 D vendor.qti.vibratorOL: Vibrator perform effect 2
09-25 12:37:13.818  2866  3614 D ActivityManager: freezing 18238 org.mozilla.fenix:crashhelper_disable_art_image_
09-25 12:37:13.819  1633 30949 D vendor.qti.vibratorOL: Starting perform on another thread
09-25 12:37:13.822  2866  3614 D ActivityManager: freezing 10985 com.google.android.gm
09-25 12:37:13.825  2866  3614 D ActivityManager: freezing 18204 org.mozilla.fenix
09-25 12:37:13.828  1633 30949 D vendor.qti.vibratorOL: Notifying perform complete
09-25 12:37:13.829  1633  1633 D vendor.qti.vibratorOL: QTI Vibrator off
09-25 12:37:13.830  2866  3614 D ActivityManager: freezing 15456 com.google.android.gms.unstable
09-25 12:37:13.831  2866  3614 D ActivityManager: freezing 21820 com.android.packageinstaller
09-25 12:37:13.832  2866  3614 D ActivityManager: freezing 10664 com.android.vending:background
09-25 12:37:13.835  2866  3614 D ActivityManager: freezing 10608 com.android.permissioncontroller
09-25 12:37:13.836  2866  3614 D ActivityManager: freezing 21652 com.android.documentsui
09-25 12:37:13.837  2866  3614 D ActivityManager: freezing 10058 android.process.acore
09-25 12:37:13.838  2866  3614 D ActivityManager: freezing 27883 com.google.android.apps.chromecast.app
09-25 12:37:13.839  2866  3614 D ActivityManager: freezing 10021 com.whatsapp
09-25 12:37:13.839  1633  1633 D vendor.qti.vibratorOL: Vibrator perform effect 2
09-25 12:37:13.841  1633 30950 D vendor.qti.vibratorOL: Starting perform on another thread
09-25 12:37:13.841  2866  3614 D ActivityManager: freezing 22520 com.google.android.apps.youtube.creator
09-25 12:37:13.843  2866  3614 D ActivityManager: freezing 5948 com.android.chrome
09-25 12:37:13.844  2866  3614 D ActivityManager: freezing 24634 com.jio.myjio
09-25 12:37:13.850  1633 30950 D vendor.qti.vibratorOL: Notifying perform complete
09-25 12:37:13.851  2866  3614 D ActivityManager: freezing 28640 org.telegram.messenger
09-25 12:37:13.853  1633  1633 D vendor.qti.vibratorOL: QTI Vibrator off
09-25 12:37:13.856  2866  3681 D InetDiagMessage: Destroyed 0 sockets, proto=IPPROTO_TCP, family=AF_INET, states=14
09-25 12:37:13.857  2866  3681 D InetDiagMessage: Destroyed 0 sockets, proto=IPPROTO_TCP, family=AF_INET6, states=14
09-25 12:37:13.857  2866  3681 D InetDiagMessage: Destroyed live tcp sockets for uids={10300} in 3ms
09-25 12:37:13.864  1633  1633 D vendor.qti.vibratorOL: Vibrator perform effect 2
09-25 12:37:13.865  1633 30951 D vendor.qti.vibratorOL: Starting perform on another thread
09-25 12:37:13.868 32732 32732 E OplusTouchDaemon: [prevent][curved_large_handle_V2][3082]: up id(1) status: 1, 1, 1, 0.
09-25 12:37:13.875  2866  3681 D InetDiagMessage: Destroyed 0 sockets, proto=IPPROTO_TCP, family=AF_INET, states=14
09-25 12:37:13.875  1633 30951 D vendor.qti.vibratorOL: Notifying perform complete
09-25 12:37:13.877  1633  1633 D vendor.qti.vibratorOL: QTI Vibrator off
09-25 12:37:13.878  2866  3681 D InetDiagMessage: Destroyed 0 sockets, proto=IPPROTO_TCP, family=AF_INET6, states=14
09-25 12:37:13.878  2866  3681 D InetDiagMessage: Destroyed live tcp sockets for uids={10420} in 5ms
09-25 12:37:13.885  1633  1633 D vendor.qti.vibratorOL: Vibrator perform effect 2
09-25 12:37:13.886  1633 30952 D vendor.qti.vibratorOL: Starting perform on another thread
09-25 12:37:13.896  1633 30952 D vendor.qti.vibratorOL: Notifying perform complete
09-25 12:37:13.896  1633  1633 D vendor.qti.vibratorOL: QTI Vibrator off
09-25 12:37:13.981 32732 32732 E OplusTouchDaemon: [prevent][curved_large_handle_V2][3008]: id:0 pos:1 center_down:1 (6996 35337)(0 0 0 0) 
09-25 12:37:13.981 32732 32732 E OplusTouchDaemon: [touchEvent][ts_report_touch_data][643]: first touch point id 0 [6996 35337    5    0    0    0    0]
09-25 12:37:13.983 10806 10806 D TaskbarManager: dispatchTouchEvent:  displayId=0 isDefaultDisplay=true
09-25 12:37:13.983  1561  1561 I android.hardware.power-service-qti: Power setBoost: 0, duration: 0
09-25 12:37:13.985 28772 28772 I S3TOUCH : root action=down x=2208 y=826
09-25 12:37:13.986 28772 28772 I S3TOUCH : monitor action=down consumed=false
09-25 12:37:13.986 28772 28772 I S3TOUCH : pad action=down menu=false
09-25 12:37:13.989  1633  1633 D vendor.qti.vibratorOL: Vibrator perform effect 2
09-25 12:37:13.991  1633 30953 D vendor.qti.vibratorOL: Starting perform on another thread
09-25 12:37:13.992  2866  3681 D InetDiagMessage: Destroyed 0 sockets, proto=IPPROTO_TCP, family=AF_INET, states=14
09-25 12:37:13.995  2866  3681 D InetDiagMessage: Destroyed 0 sockets, proto=IPPROTO_TCP, family=AF_INET6, states=14
09-25 12:37:13.995  2866  3681 D InetDiagMessage: Destroyed live tcp sockets for uids={10474} in 7ms
09-25 12:37:14.000  1633 30953 D vendor.qti.vibratorOL: Notifying perform complete
09-25 12:37:14.003  1633  1633 D vendor.qti.vibratorOL: QTI Vibrator off
09-25 12:37:14.009 28772 29102 D S3PERF  : crosscheck source=surface presented=2610 json_fps=5.14124 json_frametime_ms=279.761
09-25 12:37:14.010  1633  1633 D vendor.qti.vibratorOL: Vibrator perform effect 2
09-25 12:37:14.012  1633 30954 D vendor.qti.vibratorOL: Starting perform on another thread
09-25 12:37:14.021  1633 30954 D vendor.qti.vibratorOL: Notifying perform complete
09-25 12:37:14.022  1633  1633 D vendor.qti.vibratorOL: QTI Vibrator off
09-25 12:37:14.032  2866  3681 D InetDiagMessage: Destroyed 0 sockets, proto=IPPROTO_TCP, family=AF_INET, states=14
09-25 12:37:14.032  1633  1633 D vendor.qti.vibratorOL: Vibrator perform effect 2
09-25 12:37:14.035  1633 30955 D vendor.qti.vibratorOL: Starting perform on another thread
09-25 12:37:14.036  2866  3681 D InetDiagMessage: Destroyed 0 sockets, proto=IPPROTO_TCP, family=AF_INET6, states=14
09-25 12:37:14.036  2866  3681 D InetDiagMessage: Destroyed live tcp sockets for uids={10398} in 6ms
09-25 12:37:14.040  2866  3681 D InetDiagMessage: Destroyed 0 sockets, proto=IPPROTO_TCP, family=AF_INET, states=14
09-25 12:37:14.042  2866  3681 D InetDiagMessage: Destroyed 0 sockets, proto=IPPROTO_TCP, family=AF_INET6, states=14
09-25 12:37:14.042  2866  3681 D InetDiagMessage: Destroyed live tcp sockets for uids={10338} in 3ms
09-25 12:37:14.043  1695  1792 D BatteryChargeControl: bcc get no support from charging protocol
09-25 12:37:14.044  1633 30955 D vendor.qti.vibratorOL: Notifying perform complete
09-25 12:37:14.044  2866  3681 D InetDiagMessage: Destroyed 0 sockets, proto=IPPROTO_TCP, family=AF_INET, states=14
09-25 12:37:14.044  1633  1633 D vendor.qti.vibratorOL: QTI Vibrator off
09-25 12:37:14.047  2866  3681 D InetDiagMessage: Destroyed 0 sockets, proto=IPPROTO_TCP, family=AF_INET6, states=14
09-25 12:37:14.047  2866  3681 D InetDiagMessage: Destroyed live tcp sockets for uids={10269} in 5ms
09-25 12:37:14.048  2866  3681 D InetDiagMessage: Destroyed 0 sockets, proto=IPPROTO_TCP, family=AF_INET, states=14
09-25 12:37:14.050  2866  3681 D InetDiagMessage: Destroyed 0 sockets, proto=IPPROTO_TCP, family=AF_INET6, states=14
09-25 12:37:14.050  2866  3681 D InetDiagMessage: Destroyed live tcp sockets for uids={99324} in 3ms
09-25 12:37:14.051  2866  3681 D InetDiagMessage: Destroyed 0 sockets, proto=IPPROTO_TCP, family=AF_INET, states=14
09-25 12:37:14.053  1633  1633 D vendor.qti.vibratorOL: Vibrator perform effect 2
09-25 12:37:14.053  2866  3681 D InetDiagMessage: Destroyed 0 sockets, proto=IPPROTO_TCP, family=AF_INET6, states=14
09-25 12:37:14.054  1633 30956 D vendor.qti.vibratorOL: Starting perform on another thread
09-25 12:37:14.054  2866  3681 D InetDiagMessage: Destroyed live tcp sockets for uids={10444} in 4ms
09-25 12:37:14.063  1633 30956 D vendor.qti.vibratorOL: Notifying perform complete
09-25 12:37:14.063  1633  1633 D vendor.qti.vibratorOL: QTI Vibrator off
09-25 12:37:14.073  1633  1633 D vendor.qti.vibratorOL: Vibrator perform effect 2
09-25 12:37:14.074  1633 30957 D vendor.qti.vibratorOL: Starting perform on another thread
09-25 12:37:14.078 32732 32732 E OplusTouchDaemon: [prevent][curved_large_handle_V2][3082]: up id(0) status: 1, 1, 1, 0.
09-25 12:37:14.084  1633 30957 D vendor.qti.vibratorOL: Notifying perform complete
09-25 12:37:14.084  1633  1633 D vendor.qti.vibratorOL: QTI Vibrator off
09-25 12:37:14.094  1633  1633 D vendor.qti.vibratorOL: Vibrator perform effect 2
09-25 12:37:14.096  1633 30958 D vendor.qti.vibratorOL: Starting perform on another thread
09-25 12:37:14.105  1633 30958 D vendor.qti.vibratorOL: Notifying perform complete
09-25 12:37:14.106  1633  1633 D vendor.qti.vibratorOL: QTI Vibrator off
09-25 12:37:14.110 32732 32732 I OplusTouchDaemon: ts_run_service: shellback temperature updated 35 (35900)
09-25 12:37:14.134  2866  3681 D InetDiagMessage: Destroyed 0 sockets, proto=IPPROTO_TCP, family=AF_INET, states=14
09-25 12:37:14.135  2866  3681 D InetDiagMessage: Destroyed 0 sockets, proto=IPPROTO_TCP, family=AF_INET6, states=14
09-25 12:37:14.135  2866  3681 D InetDiagMessage: Destroyed live tcp sockets for uids={10424} in 2ms
09-25 12:37:14.174 32732 32732 E OplusTouchDaemon: [prevent][curved_large_handle_V2][3008]: id:1 pos:1 center_down:1 (6971 35362)(0 0 0 0) 
09-25 12:37:14.175 32732 32732 E OplusTouchDaemon: [touchEvent][ts_report_touch_data][643]: first touch point id 1 [6971 35362    6    0    0    0    0]
09-25 12:37:14.175 10806 10806 D TaskbarManager: dispatchTouchEvent:  displayId=0 isDefaultDisplay=true
09-25 12:37:14.176 28772 28772 I S3TOUCH : root action=down x=2210 y=828
09-25 12:37:14.176 28772 28772 I S3TOUCH : monitor action=down consumed=false
09-25 12:37:14.176 28772 28772 I S3TOUCH : pad action=down menu=false
09-25 12:37:14.177  1561  1561 I android.hardware.power-service-qti: Power setBoost: 0, duration: 0
09-25 12:37:14.180  1561  1561 E QTI PowerHAL: Failed to acquire lock.
09-25 12:37:14.180  1561  1561 E QTI PowerHAL: Failed process_boost for boost_handle
09-25 12:37:14.182  1621  1722 E ANDR-PERF-RESOURCEQS: ANDR-PERF-RESOURCEQS: AddAndApply() 125: Resource with major=16, minor=30 not supported
09-25 12:37:14.182  1633  1633 D vendor.qti.vibratorOL: Vibrator perform effect 2
09-25 12:37:14.182  1621  1722 E ANDR-PERF-RESOURCEQS: ANDR-PERF-RESOURCEQS: AddAndApply() 125: Resource with major=16, minor=31 not supported
09-25 12:37:14.184  1633 30960 D vendor.qti.vibratorOL: Starting perform on another thread
09-25 12:37:14.186  2866  3681 D InetDiagMessage: Destroyed 0 sockets, proto=IPPROTO_TCP, family=AF_INET, states=14
09-25 12:37:14.186  2866  3681 D InetDiagMessage: Destroyed 0 sockets, proto=IPPROTO_TCP, family=AF_INET6, states=14
09-25 12:37:14.186  2866  3681 D InetDiagMessage: Destroyed live tcp sockets for uids={10270} in 1ms
09-25 12:37:14.187  2866  3681 D InetDiagMessage: Destroyed 0 sockets, proto=IPPROTO_TCP, family=AF_INET, states=14
09-25 12:37:14.187  2866  3681 D InetDiagMessage: Destroyed 0 sockets, proto=IPPROTO_TCP, family=AF_INET6, states=14
09-25 12:37:14.187  2866  3681 D InetDiagMessage: Destroyed live tcp sockets for uids={10383} in 1ms
09-25 12:37:14.193  1633 30960 D vendor.qti.vibratorOL: Notifying perform complete
09-25 12:37:14.194  1633  1633 D vendor.qti.vibratorOL: QTI Vibrator off
09-25 12:37:14.207  1633  1633 D vendor.qti.vibratorOL: Vibrator perform effect 2
09-25 12:37:14.211  1633 30961 D vendor.qti.vibratorOL: Starting perform on another thread
09-25 12:37:14.211  2866  3681 D InetDiagMessage: Destroyed 0 sockets, proto=IPPROTO_TCP, family=AF_INET, states=14
09-25 12:37:14.212  2866  3681 D InetDiagMessage: Destroyed 0 sockets, proto=IPPROTO_TCP, family=AF_INET6, states=14
09-25 12:37:14.212  2866  3681 D InetDiagMessage: Destroyed live tcp sockets for uids={10266} in 1ms
09-25 12:37:14.220  1633 30961 D vendor.qti.vibratorOL: Notifying perform complete
09-25 12:37:14.221  1633  1633 D vendor.qti.vibratorOL: QTI Vibrator off
09-25 12:37:14.225  2866  3681 D InetDiagMessage: Destroyed 0 sockets, proto=IPPROTO_TCP, family=AF_INET, states=14
09-25 12:37:14.225  2866  3681 D InetDiagMessage: Destroyed 0 sockets, proto=IPPROTO_TCP, family=AF_INET6, states=14
09-25 12:37:14.225  2866  3681 D InetDiagMessage: Destroyed live tcp sockets for uids={10262} in 1ms
09-25 12:37:14.229  1633  1633 D vendor.qti.vibratorOL: Vibrator perform effect 2
09-25 12:37:14.231  1633 30962 D vendor.qti.vibratorOL: Starting perform on another thread
09-25 12:37:14.240  1633 30962 D vendor.qti.vibratorOL: Notifying perform complete
09-25 12:37:14.240  1633  1633 D vendor.qti.vibratorOL: QTI Vibrator off
09-25 12:37:14.244  2866  3681 D InetDiagMessage: Destroyed 0 sockets, proto=IPPROTO_TCP, family=AF_INET, states=14
09-25 12:37:14.244  2866  3681 D InetDiagMessage: Destroyed 0 sockets, proto=IPPROTO_TCP, family=AF_INET6, states=14
09-25 12:37:14.245  2866  3681 D InetDiagMessage: Destroyed live tcp sockets for uids={10416} in 2ms
09-25 12:37:14.256  1633  1633 D vendor.qti.vibratorOL: Vibrator perform effect 2
09-25 12:37:14.261  1633 30965 D vendor.qti.vibratorOL: Starting perform on another thread
09-25 12:37:14.263 32732 32732 E OplusTouchDaemon: [prevent][curved_large_handle_V2][3082]: up id(1) status: 1, 1, 1, 0.
09-25 12:37:14.270  1633 30965 D vendor.qti.vibratorOL: Notifying perform complete
09-25 12:37:14.271  1633  1633 D vendor.qti.vibratorOL: QTI Vibrator off
09-25 12:37:14.279  1633  1633 D vendor.qti.vibratorOL: Vibrator perform effect 2
09-25 12:37:14.281  1633 30966 D vendor.qti.vibratorOL: Starting perform on another thread
09-25 12:37:14.290  1633 30966 D vendor.qti.vibratorOL: Notifying perform complete
09-25 12:37:14.290  1633  1633 D vendor.qti.vibratorOL: QTI Vibrator off
09-25 12:37:14.305  2866  3681 D InetDiagMessage: Destroyed 0 sockets, proto=IPPROTO_TCP, family=AF_INET, states=14
09-25 12:37:14.306  2866  3681 D InetDiagMessage: Destroyed 0 sockets, proto=IPPROTO_TCP, family=AF_INET6, states=14
09-25 12:37:14.306  2866  3681 D InetDiagMessage: Destroyed live tcp sockets for uids={10427} in 3ms
09-25 12:37:14.344  2866  3681 D InetDiagMessage: Destroyed 0 sockets, proto=IPPROTO_TCP, family=AF_INET, states=14
09-25 12:37:14.344  2866  3681 D InetDiagMessage: Destroyed 0 sockets, proto=IPPROTO_TCP, family=AF_INET6, states=14
09-25 12:37:14.344  2866  3681 D InetDiagMessage: Destroyed live tcp sockets for uids={10418} in 1ms
09-25 12:37:14.376 32732 32732 E OplusTouchDaemon: [prevent][curved_large_handle_V2][3008]: id:0 pos:1 center_down:1 (6927 35040)(0 0 0 0) 
09-25 12:37:14.376 32732 32732 E OplusTouchDaemon: [touchEvent][ts_report_touch_data][643]: first touch point id 0 [6927 35040    9    0    0    0    0]
09-25 12:37:14.377  1561  1561 I android.hardware.power-service-qti: Power setBoost: 0, duration: 0
09-25 12:37:14.378 10806 10806 D TaskbarManager: dispatchTouchEvent:  displayId=0 isDefaultDisplay=true
09-25 12:37:14.378 28772 28772 I S3TOUCH : root action=down x=2189 y=831
09-25 12:37:14.378 28772 28772 I S3TOUCH : monitor action=down consumed=false
09-25 12:37:14.378 28772 28772 I S3TOUCH : pad action=down menu=false
09-25 12:37:14.380  1633  1633 D vendor.qti.vibratorOL: Vibrator perform effect 2
09-25 12:37:14.381  1633 30972 D vendor.qti.vibratorOL: Starting perform on another thread
09-25 12:37:14.390  1633 30972 D vendor.qti.vibratorOL: Notifying perform complete
09-25 12:37:14.391  1633  1633 D vendor.qti.vibratorOL: QTI Vibrator off
09-25 12:37:14.403  2866  3681 D InetDiagMessage: Destroyed 0 sockets, proto=IPPROTO_TCP, family=AF_INET, states=14
09-25 12:37:14.405  2866  3681 D InetDiagMessage: Destroyed 0 sockets, proto=IPPROTO_TCP, family=AF_INET6, states=14
09-25 12:37:14.405  2866  3681 D InetDiagMessage: Destroyed live tcp sockets for uids={10425} in 5ms
09-25 12:37:14.411  1633  1633 D vendor.qti.vibratorOL: Vibrator perform effect 2
09-25 12:37:14.412  1633 30973 D vendor.qti.vibratorOL: Starting perform on another thread
09-25 12:37:14.425  1633 30973 D vendor.qti.vibratorOL: Notifying perform complete
09-25 12:37:14.428  1633  1633 D vendor.qti.vibratorOL: QTI Vibrator off
09-25 12:37:14.431  1633  1633 D vendor.qti.vibratorOL: Vibrator perform effect 2
09-25 12:37:14.433  1633 30974 D vendor.qti.vibratorOL: Starting perform on another thread
09-25 12:37:14.437  1550  7858 I vendor.qti.bluetooth@1.1-ibs_handler: ProcessIbsCmd: Received IBS_WAKE_IND: 0xFD
09-25 12:37:14.437  1550  7858 D vendor.qti.bluetooth@1.1-ibs_handler: SerialClockVote: vote for UART CLK ON
09-25 12:37:14.437  1550  7858 E vendor.qti.bluetooth@1.1-wake_lock: Acquire write to wakelock file failed -1 - Operation not permitted
09-25 12:37:14.437  1550  7858 I vendor.qti.bluetooth@1.1-ibs_handler: ProcessIbsCmd: Writing IBS_WAKE_ACK
09-25 12:37:14.441  7761  7842 V bt_btm_ble: system/stack/btm/btm_ble_gap.cc:1438 btm_ble_process_adv_addr: bda=xx:xx:xx:xx:04:66
09-25 12:37:14.441  7761  7842 V bluetooth: system/gd/hci/le_scanning_reassembler.cc:54 ProcessAdvertisingReport: Dropping repeated legacy advertising data
09-25 12:37:14.442  7761  7835 V SEC_CB  : system/stack/btm/btm_sec_cb.cc:187 IsDeviceBonded: No record for xx:xx:xx:xx:04:66
09-25 12:37:14.442  7761  7876 V ScanController: onScanResult() - eventType=0x13, addressType=1, address=XX:XX:XX:XX:04:66, primaryPhy=1, secondaryPhy=0, advertisingSid=0xff, txPower=127, rssi=-61, periodicAdvInt=0x0, originalAddress=00:00:00:00:00:00
09-25 12:37:14.442  7761  7876 V bt_btif : system/btif/src/bluetooth.cc:1337 operator(): HAL bt_hal_cbacks->remote_device_properties_cb
09-25 12:37:14.442  7761  7876 V BluetoothServiceJni: android/app/jni/com_android_bluetooth_btservice_AdapterService.cpp:245 remote_device_properties_callback: Device: xx:xx:xx:xx:04:66, Status: success, Properties: 4
09-25 12:37:14.442  7761  7876 W BluetoothRemoteDevices: Address type mismatch for XX:XX:XX:XX:04:66, new type: 1
09-25 12:37:14.442  7761  7876 D BluetoothRemoteDevices: Update property, device=XX:XX:XX:XX:04:66, type: 1
09-25 12:37:14.442  7761  7876 D BluetoothRemoteDevices: Skip name update for XX:XX:XX:XX:04:66
09-25 12:37:14.442  7761  7876 D BluetoothRemoteDevices: Update property, device=XX:XX:XX:XX:04:66, type: 4
09-25 12:37:14.442  7761  7876 D BluetoothRemoteDevices: Skip class update, device=XX:XX:XX:XX:04:66, cod=0x1f00
09-25 12:37:14.442  7761  7876 D BluetoothRemoteDevices: Update property, device=XX:XX:XX:XX:04:66, type: 5
09-25 12:37:14.442  7761  7876 D BluetoothRemoteDevices: Update property, device=XX:XX:XX:XX:04:66, type: 24
09-25 12:37:14.442  1633 30974 D vendor.qti.vibratorOL: Notifying perform complete
09-25 12:37:14.442  1633  1633 D vendor.qti.vibratorOL: QTI Vibrator off
09-25 12:37:14.442  7761  7842 V bt_btm_ble: system/stack/btm/btm_ble_gap.cc:1438 btm_ble_process_adv_addr: bda=xx:xx:xx:xx:04:66
09-25 12:37:14.442  7761  7842 V bluetooth: system/gd/hci/le_scanning_reassembler.cc:93 ProcessAdvertisingReport: Full advertising report has been reassembled
09-25 12:37:14.443  7761  7835 V SEC_CB  : system/stack/btm/btm_sec_cb.cc:187 IsDeviceBonded: No record for xx:xx:xx:xx:04:66
09-25 12:37:14.443  7761  7835 V bt_btm_ble: system/stack/btm/btm_ble_gap.cc:1426 btm_ble_update_inq_result: Random address, treat device as LE only
09-25 12:37:14.444  7761  7876 V ScanController: onScanResult() - eventType=0x1b, addressType=1, address=XX:XX:XX:XX:04:66, primaryPhy=1, secondaryPhy=0, advertisingSid=0xff, txPower=127, rssi=-61, periodicAdvInt=0x0, originalAddress=00:00:00:00:00:00
09-25 12:37:14.444  7761  7876 V ScanController: Skipping client: No filter match
09-25 12:37:14.444  7761  7876 V ScanController: Skipping client: No filter match
09-25 12:37:14.444  7761  7876 V bt_btif : system/btif/src/bluetooth.cc:1337 operator(): HAL bt_hal_cbacks->remote_device_properties_cb
09-25 12:37:14.444  7761  7876 V BluetoothServiceJni: android/app/jni/com_android_bluetooth_btservice_AdapterService.cpp:245 remote_device_properties_callback: Device: xx:xx:xx:xx:04:66, Status: success, Properties: 4
09-25 12:37:14.444  7761  7876 W BluetoothRemoteDevices: Address type mismatch for XX:XX:XX:XX:04:66, new type: 1
09-25 12:37:14.444  7761  7876 D BluetoothRemoteDevices: Update property, device=XX:XX:XX:XX:04:66, type: 1
09-25 12:37:14.444  7761  7876 D BluetoothRemoteDevices: Skip name update for XX:XX:XX:XX:04:66
09-25 12:37:14.444  7761  7876 D BluetoothRemoteDevices: Update property, device=XX:XX:XX:XX:04:66, type: 4
09-25 12:37:14.444 10644 11088 D BluetoothLeScanner: onScanResult() - ScanResult{device=XX:XX:XX:XX:04:66, scanRecord=ScanRecord [mAdvertiseFlags=24, mServiceUuids=null, mServiceSolicitationUuids=[], mManufacturerSpecificData={}, mServiceData={0000fe2c-0000-1000-8000-00805f9b34fb=[0, 96, 104, 34, -38, 53, -28, 69, 17, -113, 52, -1, 90, -1]}, mTxPowerLevel=-12, mDeviceName=realme Buds Air7, mTransportDiscoveryData=null], rssi=-61, timestampNanos=931678168365619, eventType=27, primaryPhy=1, secondaryPhy=0, advertisingSid=255, txPower=127, periodicAdvertisingInterval=0}
09-25 12:37:14.444  7761  7876 D BluetoothRemoteDevices: Skip class update, device=XX:XX:XX:XX:04:66, cod=0x1f00
09-25 12:37:14.444  7761  7876 D BluetoothRemoteDevices: Update property, device=XX:XX:XX:XX:04:66, type: 5
09-25 12:37:14.444  7761  7876 D BluetoothRemoteDevices: Update property, device=XX:XX:XX:XX:04:66, type: 24
09-25 12:37:14.448  2866  3681 D InetDiagMessage: Destroyed 0 sockets, proto=IPPROTO_TCP, family=AF_INET, states=14
09-25 12:37:14.450  2866  3681 D InetDiagMessage: Destroyed 0 sockets, proto=IPPROTO_TCP, family=AF_INET6, states=14
09-25 12:37:14.450  2866  3681 D InetDiagMessage: Destroyed live tcp sockets for uids={10489} in 5ms
09-25 12:37:14.454  1633  1633 D vendor.qti.vibratorOL: Vibrator perform effect 2
09-25 12:37:14.457  1633 30975 D vendor.qti.vibratorOL: Starting perform on another thread
09-25 12:37:14.465 32732 32732 E OplusTouchDaemon: [prevent][curved_large_handle_V2][3082]: up id(0) status: 1, 1, 1, 0.
09-25 12:37:14.466  1633 30975 D vendor.qti.vibratorOL: Notifying perform complete
09-25 12:37:14.469  1633  1633 D vendor.qti.vibratorOL: QTI Vibrator off
09-25 12:37:14.475  1633  1633 D vendor.qti.vibratorOL: Vibrator perform effect 2
09-25 12:37:14.478  1550  7858 I vendor.qti.bluetooth@1.1-ibs_handler: ProcessIbsCmd: Received IBS_SLEEP_IND: 0xFE
09-25 12:37:14.478  1550  7858 D vendor.qti.bluetooth@1.1-ibs_handler: SerialClockVote: vote for UART CLK OFF
09-25 12:37:14.478  1633 30976 D vendor.qti.vibratorOL: Starting perform on another thread
09-25 12:37:14.484  2866  3681 D InetDiagMessage: Destroyed 1 sockets, proto=IPPROTO_TCP, family=AF_INET, states=14
09-25 12:37:14.487  1633 30976 D vendor.qti.vibratorOL: Notifying perform complete
09-25 12:37:14.488  1633  1633 D vendor.qti.vibratorOL: QTI Vibrator off
09-25 12:37:14.488  2866  3681 D InetDiagMessage: Destroyed 1 sockets, proto=IPPROTO_TCP, family=AF_INET6, states=14
09-25 12:37:14.488  2866  3681 D InetDiagMessage: Destroyed live tcp sockets for uids={10477} in 8ms
09-25 12:37:14.577 28772 29819 W RPCS3   : Cached object for address 0xC460B600 was found, but it does not match stored parameters (width=128 vs 64; height=64 vs 128; depth=1 vs 1; mipmaps=5 vs 5)
09-25 12:37:14.586 32732 32732 E OplusTouchDaemon: [prevent][curved_large_handle_V2][3008]: id:0 pos:1 center_down:1 (6880 34855)(0 0 0 0) 
09-25 12:37:14.586 32732 32732 E OplusTouchDaemon: [touchEvent][ts_report_touch_data][643]: first touch point id 0 [6880 34855    7    0    0    0    0]
09-25 12:37:14.587 10806 10806 D TaskbarManager: dispatchTouchEvent:  displayId=0 isDefaultDisplay=true
09-25 12:37:14.588  1561  1561 I android.hardware.power-service-qti: Power setBoost: 0, duration: 0
09-25 12:37:14.589  1561  1561 E QTI PowerHAL: Failed to acquire lock.
09-25 12:37:14.589  1561  1561 E QTI PowerHAL: Failed process_boost for boost_handle
09-25 12:37:14.591  1621  1722 E ANDR-PERF-RESOURCEQS: ANDR-PERF-RESOURCEQS: AddAndApply() 125: Resource with major=16, minor=30 not supported
09-25 12:37:14.591  1621  1722 E ANDR-PERF-RESOURCEQS: ANDR-PERF-RESOURCEQS: AddAndApply() 125: Resource with major=16, minor=31 not supported
09-25 12:37:14.592 28772 28772 I S3TOUCH : root action=down x=2178 y=833
09-25 12:37:14.593 28772 28772 I S3TOUCH : monitor action=down consumed=false
09-25 12:37:14.593 28772 28772 I S3TOUCH : pad action=down menu=false
09-25 12:37:14.602 28772 29822 D RPCS3   : sys_tty_write(ch=0, buf=*0x58bf20, len=63, pwritelen=*0xd000fde0)
09-25 12:37:14.602 28772 29822 D RPCS3   : sys_tty_write(): “BATCHJOB: AddJob: waiting for room in job list 3 for job 56...“ << endl
09-25 12:37:14.628  1550  7849 E vendor.qti.bluetooth@1.1-wake_lock: Release wake lock not initialized/acquired
09-25 12:37:14.691  1561  1561 I android.hardware.power-service-qti: Power setBoost: 0, duration: 0
09-25 12:37:14.707 32732 32732 E OplusTouchDaemon: [prevent][curved_large_handle_V2][3082]: up id(0) status: 1, 1, 1, 0.
09-25 12:37:14.707  1570  1606 I android.hardware.thermal-service.qti: sensor: cpu-2-1-0 temperature: 95 old: 0 new: 3
09-25 12:37:14.712 28772 29822 D RPCS3   : sys_tty_write(ch=0, buf=*0x58bf20, len=63, pwritelen=*0xd000fde0)
09-25 12:37:14.712 28772 29822 D RPCS3   : sys_tty_write(): “BATCHJOB: AddJob: waiting for room in job list 3 for job 56...“ << endl
09-25 12:37:14.763  1570  1606 I android.hardware.thermal-service.qti: sensor: cpu-2-1-0 temperature: 89.9 old: 3 new: 0
09-25 12:37:14.804 32732 32732 E OplusTouchDaemon: [prevent][curved_large_handle_V2][3008]: id:1 pos:1 center_down:1 (6850 34789)(0 0 0 0) 
09-25 12:37:14.804 32732 32732 E OplusTouchDaemon: [touchEvent][ts_report_touch_data][643]: first touch point id 1 [6850 34789    8    0    0    0    0]
09-25 12:37:14.804 32732 32732 E OplusTouchDaemon: [touchEvent][ts_report_touch_data][654]:Touchpanel id 1 :Down[6850 34789    8    0    0    0    0]K0 A0 D0
09-25 12:37:14.806  1561  1561 I android.hardware.power-service-qti: Power setBoost: 0, duration: 0
09-25 12:37:14.806 10806 10806 D TaskbarManager: dispatchTouchEvent:  displayId=0 isDefaultDisplay=true
09-25 12:37:14.806 28772 28772 I S3TOUCH : root action=down x=2174 y=835
09-25 12:37:14.806 28772 28772 I S3TOUCH : monitor action=down consumed=false
09-25 12:37:14.807 28772 28772 I S3TOUCH : pad action=down menu=false
09-25 12:37:14.855  1570  1606 I android.hardware.thermal-service.qti: sensor: cpu-2-1-0 temperature: 95 old: 0 new: 3
09-25 12:37:14.900 32732 32732 E OplusTouchDaemon: [prevent][curved_large_handle_V2][3082]: up id(1) status: 1, 1, 1, 0.
09-25 12:37:14.974 28772 29102 D S3PERF  : crosscheck ui_snapshot_fps=5.7527 ui_snapshot_frametime_ms=146.092
09-25 12:37:14.986 30988 30988 W libbinder.BackendUnifiedServiceManager: Thread Pool max thread count is 0. Cannot cache binder as linkToDeath cannot be implemented. serviceName: package
09-25 12:37:14.993  1570  1606 I android.hardware.thermal-service.qti: sensor: cpu-2-1-0 temperature: 89.9 old: 3 new: 0
09-25 12:37:15.005 32732 32732 E OplusTouchDaemon: [prevent][curved_large_handle_V2][3008]: id:0 pos:1 center_down:1 (6861 34719)(0 0 0 0) 
09-25 12:37:15.005 32732 32732 E OplusTouchDaemon: [touchEvent][ts_report_touch_data][643]: first touch point id 0 [6861 34719    5    0    0    0    0]
09-25 12:37:15.006 28772 28772 I S3TOUCH : root action=down x=2169 y=835
09-25 12:37:15.006 28772 28772 I S3TOUCH : monitor action=down consumed=false
09-25 12:37:15.006 28772 28772 I S3TOUCH : pad action=down menu=false
09-25 12:37:15.006 10806 10806 D TaskbarManager: dispatchTouchEvent:  displayId=0 isDefaultDisplay=true
09-25 12:37:15.006  1561  1561 I android.hardware.power-service-qti: Power setBoost: 0, duration: 0
09-25 12:37:15.007  1561  1561 E QTI PowerHAL: Failed to acquire lock.
09-25 12:37:15.007  1561  1561 E QTI PowerHAL: Failed process_boost for boost_handle
09-25 12:37:15.008  1621  1722 E ANDR-PERF-RESOURCEQS: ANDR-PERF-RESOURCEQS: AddAndApply() 125: Resource with major=16, minor=30 not supported
09-25 12:37:15.008  1621  1722 E ANDR-PERF-RESOURCEQS: ANDR-PERF-RESOURCEQS: AddAndApply() 125: Resource with major=16, minor=31 not supported
09-25 12:37:15.014 30711 30711 I artd    : GetBestInfo: odex next to the dex file (/data/app/~~vxGC51Lzpu6zPVsT4jRLxg==/com.zenithblue.sambas3-BjhVtN2ysAN9NvryQroXvQ==/oat/arm64/base.odex) is kOatUpToDate with filter 'verify' executable 'false'
09-25 12:37:15.028  1570  1606 I android.hardware.thermal-service.qti: sensor: cpu-2-1-0 temperature: 95 old: 0 new: 3
09-25 12:37:15.045  1695  1792 D BatteryChargeControl: bcc get no support from charging protocol
09-25 12:37:15.110 32732 32732 E OplusTouchDaemon: [prevent][curved_large_handle_V2][3082]: up id(0) status: 1, 1, 1, 0.
09-25 12:37:15.111  1561  1561 I android.hardware.power-service-qti: Power setBoost: 0, duration: 0
09-25 12:37:15.214 32732 32732 E OplusTouchDaemon: [prevent][curved_large_handle_V2][3008]: id:1 pos:1 center_down:1 (6963 34778)(0 0 0 0) 
09-25 12:37:15.214 32732 32732 E OplusTouchDaemon: [touchEvent][ts_report_touch_data][643]: first touch point id 1 [6963 34778    8    0    0    0    0]
09-25 12:37:15.215  1561  1561 I android.hardware.power-service-qti: Power setBoost: 0, duration: 0
09-25 12:37:15.215 10806 10806 D TaskbarManager: dispatchTouchEvent:  displayId=0 isDefaultDisplay=true
09-25 12:37:15.216 28772 28772 I S3TOUCH : root action=down x=2173 y=828
09-25 12:37:15.216 28772 28772 I S3TOUCH : monitor action=down consumed=false
09-25 12:37:15.217 28772 28772 I S3TOUCH : pad action=down menu=false
09-25 12:37:15.232  1570  1606 I android.hardware.thermal-service.qti: sensor: cpu-2-1-0 temperature: 89.9 old: 3 new: 0
09-25 12:37:15.253  1570  1606 I android.hardware.thermal-service.qti: sensor: cpu-2-1-0 temperature: 95 old: 0 new: 3
09-25 12:37:15.263 32732 32732 I OplusTouchDaemon: ts_run_service: shellback temperature updated 35 (35900)
09-25 12:37:15.278  1549  2821 I PAL: OplusSpeakerSia: isGainChanged: 371: vddValue 4050000, mCurVddThres 3800000, mPreVddThres 3800000
09-25 12:37:15.278  1549  2821 D PAL: OplusPalCommon: getActiveStreamPcmId: 2077:  dir: 1, stream: 0xb400006f4aad2e10, pcmDevId: 126
09-25 12:37:15.278  1549  2821 I PAL: SessionAlsaUtils: getModuleInstanceId: 1247: tag_id 0xc0000029, MIID is 0x4761
09-25 12:37:15.279  1549  2821 D sixth_if_gift: sixth_get_lp_protection_val: 1443: ch:0, f0(669), lpx(40619), re(6784191), is_valid(1)
09-25 12:37:15.279  1549  2821 D sixth_if_gift: sixth_get_lp_protection_val: 1443: ch:1, f0(869), lpx(40574), re(6636075), is_valid(1)
09-25 12:37:15.294 28772 29102 D S3PERF  : crosscheck source=surface presented=2617 json_fps=6.97909 json_frametime_ms=149.016
09-25 12:37:15.304  1695  1756 D vendor.oplus.hardware.charger-V10-service: parallel fold conf file parse fail parallel_fold_state 2
09-25 12:37:15.304  1695  1756 D vendor.oplus.hardware.charger-V10-service: scale_chg Start!!!
09-25 12:37:15.304  1695  1756 D vendor.oplus.hardware.charger-V10-service: [0, 0, 3]
09-25 12:37:15.304  1695  1756 D vendor.oplus.hardware.charger-V10-service: [0, 2, 11]
09-25 12:37:15.304  1695  1756 D vendor.oplus.hardware.charger-V10-service: [0, 1, 4]
09-25 12:37:15.304  1695  1756 D vendor.oplus.hardware.charger-V10-service: [0, 3, 3]
09-25 12:37:15.305  1695  1756 D vendor.oplus.hardware.charger-V10-service: [0, 4, 3]
09-25 12:37:15.305  1695  1756 D vendor.oplus.hardware.charger-V10-service: [0, 5, 8]
09-25 12:37:15.305  1695  1756 D vendor.oplus.hardware.charger-V10-service: [0, 6, 8]
09-25 12:37:15.305  1695  1756 D vendor.oplus.hardware.charger-V10-service: scale_chg Start!!!
09-25 12:37:15.305  1695  1756 D vendor.oplus.hardware.charger-V10-service: [0, 0, 3]
09-25 12:37:15.305  1695  1756 D vendor.oplus.hardware.charger-V10-service: [0, 2, 11]
09-25 12:37:15.305  1695  1756 D vendor.oplus.hardware.charger-V10-service: [0, 1, 4]
09-25 12:37:15.305  1695  1756 D vendor.oplus.hardware.charger-V10-service: [0, 3, 3]
09-25 12:37:15.306  1695  1756 D vendor.oplus.hardware.charger-V10-service: [0, 4, 3]
09-25 12:37:15.306  1695  1756 D vendor.oplus.hardware.charger-V10-service: [0, 5, 8]
09-25 12:37:15.306  1695  1756 D vendor.oplus.hardware.charger-V10-service: [0, 6, 8]
09-25 12:37:15.320 32732 32732 E OplusTouchDaemon: [prevent][curved_large_handle_V2][3082]: up id(1) status: 1, 1, 1, 0.
09-25 12:37:15.320  1561  1561 I android.hardware.power-service-qti: Power setBoost: 0, duration: 0
09-25 12:37:15.321  1561  1561 E QTI PowerHAL: Failed to acquire lock.
09-25 12:37:15.321  1561  1561 E QTI PowerHAL: Failed process_boost for boost_handle
09-25 12:37:15.322  1621  1722 E ANDR-PERF-RESOURCEQS: ANDR-PERF-RESOURCEQS: AddAndApply() 125: Resource with major=16, minor=30 not supported
09-25 12:37:15.322  1621  1722 E ANDR-PERF-RESOURCEQS: ANDR-PERF-RESOURCEQS: AddAndApply() 125: Resource with major=16, minor=31 not supported
09-25 12:37:15.496  4851  4882 E horae   : 0: target_temp:36100, back:36100,frame:36100,front:36100, 4, +(0), 1 ,36100, algo:0
09-25 12:37:15.504  1570  1606 I android.hardware.thermal-service.qti: sensor: cpu-2-1-0 temperature: 89.9 old: 3 new: 0
09-25 12:37:15.614  1616  1871 I SDM     : DisplayBase::CommitThread: Received idle timeout, panel: cmd, timeout: 70000 us
09-25 12:37:15.614  1768  1768 D SurfaceFlinger: initiateModeChange 4630946652107814787 {mode={fps=60.00 Hz, modePtr={id=1, vsyncRate=60.00 Hz, peakRefreshRate=60.00 Hz}}, emitEvent=false, force=false}
09-25 12:37:15.614  1616  2136 I SDM     : HWCDisplay::SetActiveConfigToIrisWrapper: SetActiveConfigToIrisWrapper on id_: 0
09-25 12:37:15.614  1616  2136 W SDM     : HWCDisplay::SetActiveConfigToIrisWrapper: HWC SetActiveConfig [0, 1], switch to [1264x2780@60]
09-25 12:37:15.614  1616  2136 W SDM     : HWDeviceDRM::GetSupportedBitClkRate: Requested rate not supported: 1012000000
09-25 12:37:15.615  1616  2136 I SDM     : HWDeviceDRM::UpdateMixerAttributes: Mixer WxH 1264x2780-1 for Peripheral
09-25 12:37:15.615  1616  2136 I CwbService: CwbService::notifyConfigChange: display:0, config:1 size:4, sec.size():0
09-25 12:37:15.615  1616  2136 I SDM     : HWCDisplay::SubmitDisplayConfig: Active configuration changed from config 0 to 1
09-25 12:37:15.625 32732 32732 I synaLib : tcm: STATUS: Enter DOZE mode
09-25 12:37:15.645  1570  1606 I android.hardware.thermal-service.qti: sensor: cpu-2-1-0 temperature: 95 old: 0 new: 3
09-25 12:37:15.656  1768  1768 D SurfaceFlinger: initiateModeChange 4630946652107814787 {mode={fps=120.00 Hz, modePtr={id=0, vsyncRate=120.00 Hz, peakRefreshRate=120.00 Hz}}, emitEvent=false, force=false}
09-25 12:37:15.656  1616  2136 I SDM     : HWCDisplay::SetActiveConfigToIrisWrapper: SetActiveConfigToIrisWrapper on id_: 0
09-25 12:37:15.656  1616  2136 W SDM     : HWCDisplay::SetActiveConfigToIrisWrapper: HWC SetActiveConfig [1, 0], switch to [1264x2780@120]
09-25 12:37:15.657  1616  2136 W SDM     : HWDeviceDRM::GetSupportedBitClkRate: Requested rate not supported: 1012000000
09-25 12:37:15.657  1616  2136 I SDM     : HWDeviceDRM::UpdateMixerAttributes: Mixer WxH 1264x2780-1 for Peripheral
09-25 12:37:15.657  1616  2136 I CwbService: CwbService::notifyConfigChange: display:0, config:0 size:4, sec.size():0
09-25 12:37:15.657  1616  2136 I SDM     : HWCDisplay::SubmitDisplayConfig: Active configuration changed from config 1 to 0
09-25 12:37:15.739  1768  1768 D SurfaceFlinger: initiateModeChange 4630946652107814787 {mode={fps=60.00 Hz, modePtr={id=1, vsyncRate=60.00 Hz, peakRefreshRate=60.00 Hz}}, emitEvent=false, force=false}
09-25 12:37:15.739  1616  2136 I SDM     : HWCDisplay::SetActiveConfigToIrisWrapper: SetActiveConfigToIrisWrapper on id_: 0
09-25 12:37:15.739  1616  2136 W SDM     : HWCDisplay::SetActiveConfigToIrisWrapper: HWC SetActiveConfig [0, 1], switch to [1264x2780@60]
09-25 12:37:15.739  1616  2136 W SDM     : HWDeviceDRM::GetSupportedBitClkRate: Requested rate not supported: 1012000000
09-25 12:37:15.739  1616  2136 I SDM     : HWDeviceDRM::UpdateMixerAttributes: Mixer WxH 1264x2780-1 for Peripheral
09-25 12:37:15.740  1616  2136 I CwbService: CwbService::notifyConfigChange: display:0, config:1 size:4, sec.size():0
09-25 12:37:15.740  1616  2136 I SDM     : HWCDisplay::SubmitDisplayConfig: Active configuration changed from config 0 to 1
09-25 12:37:15.764  1768  1768 D SurfaceFlinger: initiateModeChange 4630946652107814787 {mode={fps=120.00 Hz, modePtr={id=0, vsyncRate=120.00 Hz, peakRefreshRate=120.00 Hz}}, emitEvent=false, force=false}
09-25 12:37:15.767  1616  2136 I SDM     : HWCDisplay::SetActiveConfigToIrisWrapper: SetActiveConfigToIrisWrapper on id_: 0
09-25 12:37:15.767  1616  2136 W SDM     : HWCDisplay::SetActiveConfigToIrisWrapper: HWC SetActiveConfig [1, 0], switch to [1264x2780@120]
09-25 12:37:15.767  1616  2136 W SDM     : HWDeviceDRM::GetSupportedBitClkRate: Requested rate not supported: 1012000000
09-25 12:37:15.767  1616  2136 I SDM     : HWDeviceDRM::UpdateMixerAttributes: Mixer WxH 1264x2780-1 for Peripheral
09-25 12:37:15.767  1616  2136 I CwbService: CwbService::notifyConfigChange: display:0, config:0 size:4, sec.size():0
09-25 12:37:15.767  1616  2136 I SDM     : HWCDisplay::SubmitDisplayConfig: Active configuration changed from config 1 to 0
09-25 12:37:15.783  1570  1606 I android.hardware.thermal-service.qti: sensor: cpu-2-1-0 temperature: 89.9 old: 3 new: 0
09-25 12:37:15.847  1768  1768 D SurfaceFlinger: initiateModeChange 4630946652107814787 {mode={fps=60.00 Hz, modePtr={id=1, vsyncRate=60.00 Hz, peakRefreshRate=60.00 Hz}}, emitEvent=false, force=false}
09-25 12:37:15.847  1616  2136 I SDM     : HWCDisplay::SetActiveConfigToIrisWrapper: SetActiveConfigToIrisWrapper on id_: 0
09-25 12:37:15.847  1616  2136 W SDM     : HWCDisplay::SetActiveConfigToIrisWrapper: HWC SetActiveConfig [0, 1], switch to [1264x2780@60]
09-25 12:37:15.848  1616  2136 W SDM     : HWDeviceDRM::GetSupportedBitClkRate: Requested rate not supported: 1012000000
09-25 12:37:15.848  1616  2136 I SDM     : HWDeviceDRM::UpdateMixerAttributes: Mixer WxH 1264x2780-1 for Peripheral
09-25 12:37:15.848  1616  2136 I CwbService: CwbService::notifyConfigChange: display:0, config:1 size:4, sec.size():0
09-25 12:37:15.848  1616  2136 I SDM     : HWCDisplay::SubmitDisplayConfig: Active configuration changed from config 0 to 1
09-25 12:37:15.854  1570  1606 I android.hardware.thermal-service.qti: sensor: cpu-2-1-0 temperature: 95.4 old: 0 new: 3
09-25 12:37:15.855  1768  1768 D SurfaceFlinger: initiateModeChange 4630946652107814787 {mode={fps=120.00 Hz, modePtr={id=0, vsyncRate=120.00 Hz, peakRefreshRate=120.00 Hz}}, emitEvent=false, force=false}
09-25 12:37:15.855  1616  2136 I SDM     : HWCDisplay::SetActiveConfigToIrisWrapper: SetActiveConfigToIrisWrapper on id_: 0
09-25 12:37:15.855  1616  2136 W SDM     : HWCDisplay::SetActiveConfigToIrisWrapper: HWC SetActiveConfig [1, 0], switch to [1264x2780@120]
09-25 12:37:15.855  1616  2136 W SDM     : HWDeviceDRM::GetSupportedBitClkRate: Requested rate not supported: 1012000000
09-25 12:37:15.855  1616  2136 I SDM     : HWDeviceDRM::UpdateMixerAttributes: Mixer WxH 1264x2780-1 for Peripheral
09-25 12:37:15.855  1616  2136 I CwbService: CwbService::notifyConfigChange: display:0, config:0 size:4, sec.size():0
09-25 12:37:15.855  1616  2136 I SDM     : HWCDisplay::SubmitDisplayConfig: Active configuration changed from config 1 to 0
09-25 12:37:15.862  1570  1606 I android.hardware.thermal-service.qti: sensor: cpu-2-1-0 temperature: 89.9 old: 3 new: 0
09-25 12:37:15.873  1570  1606 I android.hardware.thermal-service.qti: sensor: cpu-1-0-0 temperature: 89.9 old: 3 new: 0
09-25 12:37:15.878 28772 29822 D RPCS3   : sys_tty_write(ch=0, buf=*0x58bf20, len=63, pwritelen=*0xd000fde0)
09-25 12:37:15.878 28772 29822 D RPCS3   : sys_tty_write(): “BATCHJOB: AddJob: waiting for room in job list 3 for job 56...“ << endl
09-25 12:37:15.939  1768  1768 D SurfaceFlinger: initiateModeChange 4630946652107814787 {mode={fps=60.00 Hz, modePtr={id=1, vsyncRate=60.00 Hz, peakRefreshRate=60.00 Hz}}, emitEvent=false, force=false}
09-25 12:37:15.939  1616  2136 I SDM     : HWCDisplay::SetActiveConfigToIrisWrapper: SetActiveConfigToIrisWrapper on id_: 0
09-25 12:37:15.939  1616  2136 W SDM     : HWCDisplay::SetActiveConfigToIrisWrapper: HWC SetActiveConfig [0, 1], switch to [1264x2780@60]
09-25 12:37:15.940  1616  2136 W SDM     : HWDeviceDRM::GetSupportedBitClkRate: Requested rate not supported: 1012000000
09-25 12:37:15.940  1616  2136 I SDM     : HWDeviceDRM::UpdateMixerAttributes: Mixer WxH 1264x2780-1 for Peripheral
09-25 12:37:15.941  1616  2136 I CwbService: CwbService::notifyConfigChange: display:0, config:1 size:4, sec.size():0
09-25 12:37:15.941  1616  2136 I SDM     : HWCDisplay::SubmitDisplayConfig: Active configuration changed from config 0 to 1
09-25 12:37:15.972  1768  1768 D SurfaceFlinger: initiateModeChange 4630946652107814787 {mode={fps=120.00 Hz, modePtr={id=0, vsyncRate=120.00 Hz, peakRefreshRate=120.00 Hz}}, emitEvent=false, force=false}
09-25 12:37:15.972  1616  2136 I SDM     : HWCDisplay::SetActiveConfigToIrisWrapper: SetActiveConfigToIrisWrapper on id_: 0
09-25 12:37:15.972  1616  2136 W SDM     : HWCDisplay::SetActiveConfigToIrisWrapper: HWC SetActiveConfig [1, 0], switch to [1264x2780@120]
09-25 12:37:15.973  1616  2136 W SDM     : HWDeviceDRM::GetSupportedBitClkRate: Requested rate not supported: 1012000000
09-25 12:37:15.973  1616  2136 I SDM     : HWDeviceDRM::UpdateMixerAttributes: Mixer WxH 1264x2780-1 for Peripheral
09-25 12:37:15.973  1616  2136 I CwbService: CwbService::notifyConfigChange: display:0, config:0 size:4, sec.size():0
09-25 12:37:15.973  1616  2136 I SDM     : HWCDisplay::SubmitDisplayConfig: Active configuration changed from config 1 to 0
09-25 12:37:16.018 28772 29102 D S3PERF  : crosscheck ui_snapshot_fps=6.66113 ui_snapshot_frametime_ms=155.247
09-25 12:37:16.031 28772 29822 D RPCS3   : sys_tty_write(ch=0, buf=*0x58bf20, len=63, pwritelen=*0xd000fde0)
09-25 12:37:16.032 28772 29822 D RPCS3   : sys_tty_write(): “BATCHJOB: AddJob: waiting for room in job list 3 for job 56...“ << endl
09-25 12:37:16.046  1695  1792 D BatteryChargeControl: bcc get no support from charging protocol
09-25 12:37:16.052  1570  1606 I android.hardware.thermal-service.qti: sensor: cpu-1-0-0 temperature: 95 old: 0 new: 3
09-25 12:37:16.106  1550  7858 I vendor.qti.bluetooth@1.1-ibs_handler: ProcessIbsCmd: Received IBS_WAKE_IND: 0xFD
09-25 12:37:16.106  1550  7858 D vendor.qti.bluetooth@1.1-ibs_handler: SerialClockVote: vote for UART CLK ON
09-25 12:37:16.106  1550  7858 E vendor.qti.bluetooth@1.1-wake_lock: Acquire write to wakelock file failed -1 - Operation not permitted
09-25 12:37:16.106  1550  7858 I vendor.qti.bluetooth@1.1-ibs_handler: ProcessIbsCmd: Writing IBS_WAKE_ACK
09-25 12:37:16.107  7761  7842 V bt_btm_ble: system/stack/btm/btm_ble_gap.cc:1438 btm_ble_process_adv_addr: bda=xx:xx:xx:xx:04:66
09-25 12:37:16.108  7761  7842 V bluetooth: system/gd/hci/le_scanning_reassembler.cc:54 ProcessAdvertisingReport: Dropping repeated legacy advertising data
09-25 12:37:16.108  7761  7835 V SEC_CB  : system/stack/btm/btm_sec_cb.cc:187 IsDeviceBonded: No record for xx:xx:xx:xx:04:66
09-25 12:37:16.108  7761  7842 V bt_btm_ble: system/stack/btm/btm_ble_gap.cc:1438 btm_ble_process_adv_addr: bda=xx:xx:xx:xx:04:66
09-25 12:37:16.108  7761  7842 V bluetooth: system/gd/hci/le_scanning_reassembler.cc:93 ProcessAdvertisingReport: Full advertising report has been reassembled
09-25 12:37:16.108  7761  7835 V SEC_CB  : system/stack/btm/btm_sec_cb.cc:187 IsDeviceBonded: No record for xx:xx:xx:xx:04:66
09-25 12:37:16.108  7761  7835 V bt_btm_ble: system/stack/btm/btm_ble_gap.cc:1426 btm_ble_update_inq_result: Random address, treat device as LE only
09-25 12:37:16.108  7761  7876 V ScanController: onScanResult() - eventType=0x13, addressType=1, address=XX:XX:XX:XX:04:66, primaryPhy=1, secondaryPhy=0, advertisingSid=0xff, txPower=127, rssi=-66, periodicAdvInt=0x0, originalAddress=00:00:00:00:00:00
09-25 12:37:16.109  7761  7876 V ScanController: onScanResult() - eventType=0x1b, addressType=1, address=XX:XX:XX:XX:04:66, primaryPhy=1, secondaryPhy=0, advertisingSid=0xff, txPower=127, rssi=-64, periodicAdvInt=0x0, originalAddress=00:00:00:00:00:00
09-25 12:37:16.109  7761  7876 V ScanController: Skipping client: No filter match
09-25 12:37:16.109  7761  7876 V ScanController: Skipping client: No filter match
09-25 12:37:16.109  7761  7876 V bt_btif : system/btif/src/bluetooth.cc:1337 operator(): HAL bt_hal_cbacks->remote_device_properties_cb
09-25 12:37:16.109  7761  7876 V BluetoothServiceJni: android/app/jni/com_android_bluetooth_btservice_AdapterService.cpp:245 remote_device_properties_callback: Device: xx:xx:xx:xx:04:66, Status: success, Properties: 4
09-25 12:37:16.109  7761  7876 W BluetoothRemoteDevices: Address type mismatch for XX:XX:XX:XX:04:66, new type: 1
09-25 12:37:16.110  7761  7876 D BluetoothRemoteDevices: Update property, device=XX:XX:XX:XX:04:66, type: 1
09-25 12:37:16.110  7761  7876 D BluetoothRemoteDevices: Skip name update for XX:XX:XX:XX:04:66
09-25 12:37:16.110  7761  7876 D BluetoothRemoteDevices: Update property, device=XX:XX:XX:XX:04:66, type: 4
09-25 12:37:16.110  7761  7876 D BluetoothRemoteDevices: Skip class update, device=XX:XX:XX:XX:04:66, cod=0x1f00
09-25 12:37:16.110  7761  7876 D BluetoothRemoteDevices: Update property, device=XX:XX:XX:XX:04:66, type: 5
09-25 12:37:16.110  7761  7876 D BluetoothRemoteDevices: Update property, device=XX:XX:XX:XX:04:66, type: 24
09-25 12:37:16.110  7761  7876 V bt_btif : system/btif/src/bluetooth.cc:1337 operator(): HAL bt_hal_cbacks->remote_device_properties_cb
09-25 12:37:16.110  7761  7876 V BluetoothServiceJni: android/app/jni/com_android_bluetooth_btservice_AdapterService.cpp:245 remote_device_properties_callback: Device: xx:xx:xx:xx:04:66, Status: success, Properties: 4
09-25 12:37:16.110  7761  7876 W BluetoothRemoteDevices: Address type mismatch for XX:XX:XX:XX:04:66, new type: 1
09-25 12:37:16.110  7761  7876 D BluetoothRemoteDevices: Update property, device=XX:XX:XX:XX:04:66, type: 1
09-25 12:37:16.110  7761  7876 D BluetoothRemoteDevices: Skip name update for XX:XX:XX:XX:04:66
09-25 12:37:16.110  7761  7876 D BluetoothRemoteDevices: Update property, device=XX:XX:XX:XX:04:66, type: 4
09-25 12:37:16.110  7761  7876 D BluetoothRemoteDevices: Skip class update, device=XX:XX:XX:XX:04:66, cod=0x1f00
09-25 12:37:16.110  7761  7876 D BluetoothRemoteDevices: Update property, device=XX:XX:XX:XX:04:66, type: 5
09-25 12:37:16.110  7761  7876 D BluetoothRemoteDevices: Update property, device=XX:XX:XX:XX:04:66, type: 24
09-25 12:37:16.110 10644 11088 D BluetoothLeScanner: onScanResult() - ScanResult{device=XX:XX:XX:XX:04:66, scanRecord=ScanRecord [mAdvertiseFlags=24, mServiceUuids=null, mServiceSolicitationUuids=[], mManufacturerSpecificData={}, mServiceData={0000fe2c-0000-1000-8000-00805f9b34fb=[0, 96, 104, 34, -38, 53, -28, 69, 17, -113, 52, -1, 90, -1]}, mTxPowerLevel=-12, mDeviceName=realme Buds Air7, mTransportDiscoveryData=null], rssi=-64, timestampNanos=931679833527962, eventType=27, primaryPhy=1, secondaryPhy=0, advertisingSid=255, txPower=127, periodicAdvertisingInterval=0}
09-25 12:37:16.111 10644 12577 I NearbyDiscovery: (REDACTED) BloomFilterAdvManager: Detected bloom filter but too far away, ignoring. %sm, %s
09-25 12:37:16.113  1616  1871 I SDM     : DisplayBase::CommitThread: Received idle timeout, panel: cmd, timeout: 70000 us
09-25 12:37:16.147  1550  7858 I vendor.qti.bluetooth@1.1-ibs_handler: ProcessIbsCmd: Received IBS_SLEEP_IND: 0xFE
09-25 12:37:16.147  1550  7858 D vendor.qti.bluetooth@1.1-ibs_handler: SerialClockVote: vote for UART CLK OFF
09-25 12:37:16.160  1570  1606 I android.hardware.thermal-service.qti: sensor: cpu-2-1-0 temperature: 95 old: 0 new: 3
09-25 12:37:16.196 28772 29822 D RPCS3   : sys_tty_write(ch=0, buf=*0x58bf20, len=63, pwritelen=*0xd000fde0)
09-25 12:37:16.196 28772 29822 D RPCS3   : sys_tty_write(): “BATCHJOB: AddJob: waiting for room in job list 3 for job 56...“ << endl
09-25 12:37:16.212  1616  1871 I SDM     : DisplayBase::CommitThread: Received idle timeout, panel: cmd, timeout: 70000 us
09-25 12:37:16.220  1570  1606 I android.hardware.thermal-service.qti: sensor: cpu-1-0-0 temperature: 89.6 old: 3 new: 0
09-25 12:37:16.249  1621  5332 E ANDR-PERF-LM: SilkyScrolls: emptyContentDetection() 762: empty Content found
09-25 12:37:16.297  1550  7849 E vendor.qti.bluetooth@1.1-wake_lock: Release wake lock not initialized/acquired
09-25 12:37:16.312  1616  1871 I SDM     : DisplayBase::CommitThread: Received idle timeout, panel: cmd, timeout: 70000 us
09-25 12:37:16.317  1570  1606 I android.hardware.thermal-service.qti: sensor: cpu-1-0-0 temperature: 95 old: 0 new: 3
09-25 12:37:16.333 28772 29102 D S3PERF  : crosscheck source=surface presented=2626 json_fps=8.32539 json_frametime_ms=95.594
09-25 12:37:16.361  1570  1606 I android.hardware.thermal-service.qti: sensor: cpu-1-0-0 temperature: 89.9 old: 3 new: 0
09-25 12:37:16.406  1570  1606 I android.hardware.thermal-service.qti: sensor: cpu-1-0-0 temperature: 95 old: 0 new: 3
09-25 12:37:16.427 32732 32732 I synaLib : tcm: STATUS: Exit DOZE mode
09-25 12:37:16.428  1616  1871 I SDM     : DisplayBase::CommitThread: Received idle timeout, panel: cmd, timeout: 70000 us
09-25 12:37:16.434 32732 32732 E OplusTouchDaemon: [prevent][curved_large_handle_V2][3008]: id:0 pos:1 center_down:1 (2825 11895)(0 0 0 0) 
09-25 12:37:16.434 32732 32732 E OplusTouchDaemon: [touchEvent][ts_report_touch_data][643]: first touch point id 0 [2825 11895    4    0    0    0    0]
09-25 12:37:16.435 10806 10806 D TaskbarManager: dispatchTouchEvent:  displayId=0 isDefaultDisplay=true
09-25 12:37:16.436  1561  1561 I android.hardware.power-service-qti: Power setBoost: 0, duration: 0
09-25 12:37:16.436  1561  1561 E QTI PowerHAL: Failed to acquire lock.
09-25 12:37:16.436  1561  1561 E QTI PowerHAL: Failed process_boost for boost_handle
09-25 12:37:16.444 28772 28772 I S3TOUCH : root action=down x=743 y=1087
09-25 12:37:16.445  1621  1722 E ANDR-PERF-RESOURCEQS: ANDR-PERF-RESOURCEQS: AddAndApply() 125: Resource with major=16, minor=30 not supported
09-25 12:37:16.445  1621  1722 E ANDR-PERF-RESOURCEQS: ANDR-PERF-RESOURCEQS: AddAndApply() 125: Resource with major=16, minor=31 not supported
09-25 12:37:16.446 28772 28772 I S3TOUCH : monitor action=down consumed=false
09-25 12:37:16.446 28772 28772 I S3TOUCH : pad action=down menu=false
09-25 12:37:16.541  1561  1561 I android.hardware.power-service-qti: Power setBoost: 0, duration: 0
09-25 12:37:16.565  1570  1606 I android.hardware.thermal-service.qti: sensor: cpu-2-1-0 temperature: 89.9 old: 3 new: 0
09-25 12:37:16.569  1570  1606 I android.hardware.thermal-service.qti: sensor: cpu-2-1-0 temperature: 95 old: 0 new: 3
09-25 12:37:16.581  1570  1606 I android.hardware.thermal-service.qti: sensor: cpu-2-1-0 temperature: 89.9 old: 3 new: 0
09-25 12:37:16.620  1570  1606 I android.hardware.thermal-service.qti: sensor: cpu-2-1-0 temperature: 95 old: 0 new: 3
09-25 12:37:16.627 32732 32732 E OplusTouchDaemon: [prevent][curved_large_handle_V2][3008]: id:1 pos:1 center_down:1 (6081 35135)(0 0 0 0) 
09-25 12:37:16.628 32732 32732 E OplusTouchDaemon: [touchEvent][ts_report_touch_data][643]: first touch point id 1 [6081 35135    6    0    0    0    0]
09-25 12:37:16.634 28772 28772 I S3TOUCH : monitor action=down consumed=false
09-25 12:37:16.637  1633  1633 D vendor.qti.vibratorOL: Vibrator perform effect 2
09-25 12:37:16.639  1633 31007 D vendor.qti.vibratorOL: Starting perform on another thread
09-25 12:37:16.644  1561  1561 I android.hardware.power-service-qti: Power setBoost: 0, duration: 0
09-25 12:37:16.648  1633 31007 D vendor.qti.vibratorOL: Notifying perform complete
09-25 12:37:16.649  1633  1633 D vendor.qti.vibratorOL: QTI Vibrator off
09-25 12:37:16.647 28772 28772 W DefaultDispatch: type=1400 audit(0.0:6991145): avc:  denied  { search } for  name="zram0" dev="sysfs" ino=107524 scontext=u:r:untrusted_app:s0:c207,c257,c512,c768 tcontext=u:object_r:sysfs_zram:s0 tclass=dir permissive=0 app=com.zenithblue.sambas3
09-25 12:37:16.647 28772 28772 W DefaultDispatch: type=1400 audit(0.0:6991146): avc:  denied  { search } for  name="zram0" dev="sysfs" ino=107524 scontext=u:r:untrusted_app:s0:c207,c257,c512,c768 tcontext=u:object_r:sysfs_zram:s0 tclass=dir permissive=0 app=com.zenithblue.sambas3
09-25 12:37:16.661  1633  1633 D vendor.qti.vibratorOL: Vibrator perform effect 2
09-25 12:37:16.666  1633 31008 D vendor.qti.vibratorOL: Starting perform on another thread
09-25 12:37:16.676  1633 31008 D vendor.qti.vibratorOL: Notifying perform complete
09-25 12:37:16.677  1633  1633 D vendor.qti.vibratorOL: QTI Vibrator off
09-25 12:37:16.690  1633  1633 D vendor.qti.vibratorOL: Vibrator perform effect 2
09-25 12:37:16.692  1633 31010 D vendor.qti.vibratorOL: Starting perform on another thread
09-25 12:37:16.702  1633 31010 D vendor.qti.vibratorOL: Notifying perform complete
09-25 12:37:16.702  1633  1633 D vendor.qti.vibratorOL: QTI Vibrator off
09-25 12:37:16.719  1633  1633 D vendor.qti.vibratorOL: Vibrator perform effect 2
09-25 12:37:16.720  1633 31011 D vendor.qti.vibratorOL: Starting perform on another thread
09-25 12:37:16.732 32732 32732 E OplusTouchDaemon: [prevent][curved_large_handle_V2][3082]: up id(1) status: 1, 1, 1, 0.
09-25 12:37:16.732  1633 31011 D vendor.qti.vibratorOL: Notifying perform complete
09-25 12:37:16.732  1633  1633 D vendor.qti.vibratorOL: QTI Vibrator off
09-25 12:37:16.742  1633  1633 D vendor.qti.vibratorOL: Vibrator perform effect 2
09-25 12:37:16.744  1633 31012 D vendor.qti.vibratorOL: Starting perform on another thread
09-25 12:37:16.753  1561  1561 I android.hardware.power-service-qti: Power setBoost: 0, duration: 0
09-25 12:37:16.753  1561  1561 E QTI PowerHAL: Failed to acquire lock.
09-25 12:37:16.753  1561  1561 E QTI PowerHAL: Failed process_boost for boost_handle
09-25 12:37:16.755  1621  1722 E ANDR-PERF-RESOURCEQS: ANDR-PERF-RESOURCEQS: AddAndApply() 125: Resource with major=16, minor=30 not supported
09-25 12:37:16.755  1621  1722 E ANDR-PERF-RESOURCEQS: ANDR-PERF-RESOURCEQS: AddAndApply() 125: Resource with major=16, minor=31 not supported
09-25 12:37:16.757  1633 31012 D vendor.qti.vibratorOL: Notifying perform complete
09-25 12:37:16.757  1633  1633 D vendor.qti.vibratorOL: QTI Vibrator off
09-25 12:37:16.759 28772 29822 D RPCS3   : sys_tty_write(ch=0, buf=*0x58bf20, len=63, pwritelen=*0xd000fde0)
09-25 12:37:16.759 28772 29822 D RPCS3   : sys_tty_write(): “BATCHJOB: AddJob: waiting for room in job list 3 for job 56...“ << endl
09-25 12:37:16.853 32732 32732 E OplusTouchDaemon: [prevent][curved_large_handle_V2][3008]: id:1 pos:1 center_down:1 (6229 35919)(0 0 0 0) 
09-25 12:37:16.854  1561  1561 I android.hardware.power-service-qti: Power setBoost: 0, duration: 0
09-25 12:37:16.855 28772 28772 I S3TOUCH : monitor action=down consumed=false
09-25 12:37:16.857  1633  1633 D vendor.qti.vibratorOL: Vibrator perform effect 2
09-25 12:37:16.859  1633 31019 D vendor.qti.vibratorOL: Starting perform on another thread
09-25 12:37:16.868  1633 31019 D vendor.qti.vibratorOL: Notifying perform complete
09-25 12:37:16.868  1633  1633 D vendor.qti.vibratorOL: QTI Vibrator off
09-25 12:37:16.878  1633  1633 D vendor.qti.vibratorOL: Vibrator perform effect 2
09-25 12:37:16.879  1633 31022 D vendor.qti.vibratorOL: Starting perform on another thread
09-25 12:37:16.888  1633 31022 D vendor.qti.vibratorOL: Notifying perform complete
09-25 12:37:16.889  1633  1633 D vendor.qti.vibratorOL: QTI Vibrator off
09-25 12:37:16.898  1633  1633 D vendor.qti.vibratorOL: Vibrator perform effect 2
09-25 12:37:16.899  1633 31023 D vendor.qti.vibratorOL: Starting perform on another thread
09-25 12:37:16.909  1633 31023 D vendor.qti.vibratorOL: Notifying perform complete
09-25 12:37:16.909  1633  1633 D vendor.qti.vibratorOL: QTI Vibrator off
09-25 12:37:16.921  1633  1633 D vendor.qti.vibratorOL: Vibrator perform effect 2
09-25 12:37:16.924  1633 31025 D vendor.qti.vibratorOL: Starting perform on another thread
09-25 12:37:16.933  1633 31025 D vendor.qti.vibratorOL: Notifying perform complete
09-25 12:37:16.935  1633  1633 D vendor.qti.vibratorOL: QTI Vibrator off
09-25 12:37:16.942  1633  1633 D vendor.qti.vibratorOL: Vibrator perform effect 2
09-25 12:37:16.945  1633 31026 D vendor.qti.vibratorOL: Starting perform on another thread
09-25 12:37:16.950 32732 32732 E OplusTouchDaemon: [prevent][curved_large_handle_V2][3082]: up id(1) status: 1, 1, 1, 0.
09-25 12:37:16.954  1633 31026 D vendor.qti.vibratorOL: Notifying perform complete
09-25 12:37:16.957  1633  1633 D vendor.qti.vibratorOL: QTI Vibrator off
09-25 12:37:16.961  1561  1561 I android.hardware.power-service-qti: Power setBoost: 0, duration: 0
09-25 12:37:16.971  1633  1633 D vendor.qti.vibratorOL: Vibrator perform effect 2
09-25 12:37:16.973  1633 31028 D vendor.qti.vibratorOL: Starting perform on another thread
09-25 12:37:16.982  1633 31028 D vendor.qti.vibratorOL: Notifying perform complete
09-25 12:37:16.984  1633  1633 D vendor.qti.vibratorOL: QTI Vibrator off
