--------- beginning of system
09-25 12:34:37.146 28772 28772 D InsetsController: Setting requestedVisibleTypes to 502 (was 503)
09-25 12:34:39.292 28772 28772 D InsetsController: Setting requestedVisibleTypes to 496 (was 503)
09-25 12:34:40.778 28772 28772 W NotificationManager: Shedding cancel (dupe) of NotificationKey[user=UserHandle{0}, pkg=com.zenithblue.sambas3, tag=null, id=2002], rate limit (5.0) exceeded: input 9.585029, output would be 6.719182
09-25 12:34:41.451 28772 28772 W NotificationManager: Shedding notify (update) of NotificationKey[user=UserHandle{0}, pkg=com.zenithblue.sambas3, tag=null, id=2000], rate limit (5.0) exceeded: input 7.9591484, output would be 5.5780635
09-25 12:34:41.888 28772 28772 W NotificationManager: Shedding cancel (dupe) of NotificationKey[user=UserHandle{0}, pkg=com.zenithblue.sambas3, tag=null, id=2002], rate limit (5.0) exceeded: input 28.905046, output would be 6.250144
09-25 12:34:42.548 28772 28772 W NotificationManager: Shedding notify (update) of NotificationKey[user=UserHandle{0}, pkg=com.zenithblue.sambas3, tag=null, id=2000], rate limit (5.0) exceeded: input 11.210937, output would be 5.409635
09-25 12:34:42.919 28772 28772 W NotificationManager: Shedding cancel (dupe) of NotificationKey[user=UserHandle{0}, pkg=com.zenithblue.sambas3, tag=null, id=2002], rate limit (5.0) exceeded: input 35.261448, output would be 6.7572446
09-25 12:34:43.614 28772 28772 W NotificationManager: Shedding notify (update) of NotificationKey[user=UserHandle{0}, pkg=com.zenithblue.sambas3, tag=null, id=2000], rate limit (5.0) exceeded: input 12.959599, output would be 5.7782855
09-25 12:34:44.062 28772 28772 W NotificationManager: Shedding cancel (dupe) of NotificationKey[user=UserHandle{0}, pkg=com.zenithblue.sambas3, tag=null, id=2002], rate limit (5.0) exceeded: input 12.792988, output would be 5.0521784
09-25 12:34:44.688 28772 28772 W NotificationManager: Shedding notify (update) of NotificationKey[user=UserHandle{0}, pkg=com.zenithblue.sambas3, tag=null, id=2000], rate limit (5.0) exceeded: input 11.195898, output would be 5.138658
09-25 12:34:45.286 28772 28772 W NotificationManager: Shedding cancel (dupe) of NotificationKey[user=UserHandle{0}, pkg=com.zenithblue.sambas3, tag=null, id=2002], rate limit (5.0) exceeded: input 19.940325, output would be 6.156457
09-25 12:34:45.785 28772 28772 W NotificationManager: Shedding notify (update) of NotificationKey[user=UserHandle{0}, pkg=com.zenithblue.sambas3, tag=null, id=2000], rate limit (5.0) exceeded: input 15.73462, output would be 6.0698204
09-25 12:34:46.300 28772 28772 W NotificationManager: Shedding cancel (dupe) of NotificationKey[user=UserHandle{0}, pkg=com.zenithblue.sambas3, tag=null, id=2002], rate limit (5.0) exceeded: input 17.90766, output would be 5.808776
09-25 12:34:46.942 28772 28772 W NotificationManager: Shedding notify (update) of NotificationKey[user=UserHandle{0}, pkg=com.zenithblue.sambas3, tag=null, id=2000], rate limit (5.0) exceeded: input 11.092597, output would be 5.9560413
09-25 12:34:47.332 28772 28772 W NotificationManager: Shedding cancel (dupe) of NotificationKey[user=UserHandle{0}, pkg=com.zenithblue.sambas3, tag=null, id=2002], rate limit (5.0) exceeded: input 18.495962, output would be 5.0187154
09-25 12:34:48.054 28772 28772 W NotificationManager: Shedding notify (update) of NotificationKey[user=UserHandle{0}, pkg=com.zenithblue.sambas3, tag=null, id=2000], rate limit (5.0) exceeded: input 12.030852, output would be 5.0558114
09-25 12:34:48.476 28772 28772 W NotificationManager: Shedding cancel (dupe) of NotificationKey[user=UserHandle{0}, pkg=com.zenithblue.sambas3, tag=null, id=2001], rate limit (5.0) exceeded: input 16.197433, output would be 5.912189
09-25 12:34:49.228 28772 28772 W NotificationManager: Shedding notify (update) of NotificationKey[user=UserHandle{0}, pkg=com.zenithblue.sambas3, tag=null, id=2000], rate limit (5.0) exceeded: input 11.295298, output would be 5.2773824
09-25 12:34:49.523 28772 28772 W NotificationManager: Shedding cancel (dupe) of NotificationKey[user=UserHandle{0}, pkg=com.zenithblue.sambas3, tag=null, id=2002], rate limit (5.0) exceeded: input 19.843128, output would be 6.5013604
09-25 12:34:50.470 28772 28772 W NotificationManager: Shedding notify (update) of NotificationKey[user=UserHandle{0}, pkg=com.zenithblue.sambas3, tag=null, id=2000], rate limit (5.0) exceeded: input 14.895049, output would be 6.767577
09-25 12:34:50.669 28772 28772 W NotificationManager: Shedding cancel (dupe) of NotificationKey[user=UserHandle{0}, pkg=com.zenithblue.sambas3, tag=null, id=2002], rate limit (5.0) exceeded: input 25.565948, output would be 5.9951816
09-25 12:34:51.598 28772 28772 W NotificationManager: Shedding notify (update) of NotificationKey[user=UserHandle{0}, pkg=com.zenithblue.sambas3, tag=null, id=2000], rate limit (5.0) exceeded: input 11.465748, output would be 6.317779
09-25 12:34:51.793 28772 28772 W NotificationManager: Shedding cancel (dupe) of NotificationKey[user=UserHandle{0}, pkg=com.zenithblue.sambas3, tag=null, id=2002], rate limit (5.0) exceeded: input 22.707743, output would be 6.438329
09-25 12:34:52.805 28772 28772 W NotificationManager: Shedding notify (update) of NotificationKey[user=UserHandle{0}, pkg=com.zenithblue.sambas3, tag=null, id=2000], rate limit (5.0) exceeded: input 12.206371, output would be 5.2027063
09-25 12:34:52.805 28772 28772 W NotificationManager: Shedding cancel (dupe) of NotificationKey[user=UserHandle{0}, pkg=com.zenithblue.sambas3, tag=null, id=2001], rate limit (5.0) exceeded: input 20.919184, output would be 5.187854
09-25 12:34:53.835 28772 28772 W NotificationManager: Shedding cancel (dupe) of NotificationKey[user=UserHandle{0}, pkg=com.zenithblue.sambas3, tag=null, id=2002], rate limit (5.0) exceeded: input 29.544928, output would be 7.0613976
09-25 12:34:53.981 28772 28772 W NotificationManager: Shedding notify (update) of NotificationKey[user=UserHandle{0}, pkg=com.zenithblue.sambas3, tag=null, id=2000], rate limit (5.0) exceeded: input 10.63202, output would be 5.3931
09-25 12:34:55.158 28772 28772 W NotificationManager: Shedding cancel (dupe) of NotificationKey[user=UserHandle{0}, pkg=com.zenithblue.sambas3, tag=null, id=2002], rate limit (5.0) exceeded: input 17.073526, output would be 5.5469284
09-25 12:34:56.179 28772 28772 W NotificationManager: Shedding cancel (dupe) of NotificationKey[user=UserHandle{0}, pkg=com.zenithblue.sambas3, tag=null, id=2002], rate limit (5.0) exceeded: input 25.175169, output would be 7.0730476
09-25 12:34:56.458 28772 28772 W NotificationManager: Shedding notify (update) of NotificationKey[user=UserHandle{0}, pkg=com.zenithblue.sambas3, tag=null, id=2000], rate limit (5.0) exceeded: input 7.5327816, output would be 5.0074778
09-25 12:34:57.199 28772 28772 W NotificationManager: Shedding cancel (dupe) of NotificationKey[user=UserHandle{0}, pkg=com.zenithblue.sambas3, tag=null, id=2001], rate limit (5.0) exceeded: input 76.81674, output would be 5.6201935
09-25 12:34:57.458 28772 28772 W NotificationManager: Shedding notify (update) of NotificationKey[user=UserHandle{0}, pkg=com.zenithblue.sambas3, tag=null, id=2000], rate limit (5.0) exceeded: input 64.62534, output would be 5.494116
09-25 12:34:58.208 28772 28772 W NotificationManager: Shedding cancel (dupe) of NotificationKey[user=UserHandle{0}, pkg=com.zenithblue.sambas3, tag=null, id=2001], rate limit (5.0) exceeded: input 154.7027, output would be 5.7966967
09-25 12:34:58.462 28772 28772 W NotificationManager: Shedding notify (update) of NotificationKey[user=UserHandle{0}, pkg=com.zenithblue.sambas3, tag=null, id=2000], rate limit (5.0) exceeded: input 106.526985, output would be 5.7203565
09-25 12:34:59.211 28772 28772 W NotificationManager: Shedding cancel (dupe) of NotificationKey[user=UserHandle{0}, pkg=com.zenithblue.sambas3, tag=null, id=2001], rate limit (5.0) exceeded: input 187.92226, output would be 6.047426
09-25 12:34:59.800 28772 28772 W NotificationManager: Shedding notify (update) of NotificationKey[user=UserHandle{0}, pkg=com.zenithblue.sambas3, tag=null, id=2000], rate limit (5.0) exceeded: input 15.075351, output would be 5.2499166
09-25 12:35:00.239 28772 28772 W NotificationManager: Shedding cancel (dupe) of NotificationKey[user=UserHandle{0}, pkg=com.zenithblue.sambas3, tag=null, id=2002], rate limit (5.0) exceeded: input 82.659615, output would be 7.075156
09-25 12:35:00.809 28772 28772 W NotificationManager: Shedding notify (update) of NotificationKey[user=UserHandle{0}, pkg=com.zenithblue.sambas3, tag=null, id=2000], rate limit (5.0) exceeded: input 79.35423, output would be 5.307783
09-25 12:35:01.259 28772 28772 W NotificationManager: Shedding cancel (dupe) of NotificationKey[user=UserHandle{0}, pkg=com.zenithblue.sambas3, tag=null, id=2002], rate limit (5.0) exceeded: input 118.37249, output would be 7.112852
09-25 12:35:01.828 28772 28772 W NotificationManager: Shedding notify (update) of NotificationKey[user=UserHandle{0}, pkg=com.zenithblue.sambas3, tag=null, id=2000], rate limit (5.0) exceeded: input 82.06288, output would be 5.390727
09-25 12:35:02.264 28772 28772 W NotificationManager: Shedding cancel (dupe) of NotificationKey[user=UserHandle{0}, pkg=com.zenithblue.sambas3, tag=null, id=2001], rate limit (5.0) exceeded: input 102.88335, output would be 5.0837636
09-25 12:35:02.828 28772 28772 W NotificationManager: Shedding notify (update) of NotificationKey[user=UserHandle{0}, pkg=com.zenithblue.sambas3, tag=null, id=2000], rate limit (5.0) exceeded: input 66.28312, output would be 5.6723957
09-25 12:35:03.309 28772 28772 W NotificationManager: Shedding cancel (dupe) of NotificationKey[user=UserHandle{0}, pkg=com.zenithblue.sambas3, tag=null, id=2001], rate limit (5.0) exceeded: input 42.184715, output would be 5.0959473
09-25 12:35:03.828 28772 28772 W NotificationManager: Shedding notify (update) of NotificationKey[user=UserHandle{0}, pkg=com.zenithblue.sambas3, tag=null, id=2000], rate limit (5.0) exceeded: input 54.628616, output would be 6.164943
09-25 12:35:04.329 28772 28772 W NotificationManager: Shedding cancel (dupe) of NotificationKey[user=UserHandle{0}, pkg=com.zenithblue.sambas3, tag=null, id=2001], rate limit (5.0) exceeded: input 83.276855, output would be 5.530949
09-25 12:35:04.828 28772 28772 W NotificationManager: Shedding notify (update) of NotificationKey[user=UserHandle{0}, pkg=com.zenithblue.sambas3, tag=null, id=2000], rate limit (5.0) exceeded: input 56.208088, output would be 6.777871
09-25 12:35:05.332 28772 28772 W NotificationManager: Shedding cancel (dupe) of NotificationKey[user=UserHandle{0}, pkg=com.zenithblue.sambas3, tag=null, id=2001], rate limit (5.0) exceeded: input 193.8905, output would be 5.626616
09-25 12:35:05.828 28772 28772 W NotificationManager: Shedding notify (update) of NotificationKey[user=UserHandle{0}, pkg=com.zenithblue.sambas3, tag=null, id=2000], rate limit (5.0) exceeded: input 89.17655, output would be 5.148098
09-25 12:35:06.338 28772 28772 W NotificationManager: Shedding cancel (dupe) of NotificationKey[user=UserHandle{0}, pkg=com.zenithblue.sambas3, tag=null, id=2001], rate limit (5.0) exceeded: input 238.30528, output would be 6.0278454
09-25 12:35:06.828 28772 28772 W NotificationManager: Shedding notify (update) of NotificationKey[user=UserHandle{0}, pkg=com.zenithblue.sambas3, tag=null, id=2000], rate limit (5.0) exceeded: input 91.2475, output would be 5.2309346
09-25 12:35:07.339 28772 28772 W NotificationManager: Shedding cancel (dupe) of NotificationKey[user=UserHandle{0}, pkg=com.zenithblue.sambas3, tag=null, id=2001], rate limit (5.0) exceeded: input 168.3454, output would be 6.1721387
09-25 12:35:07.828 28772 28772 W NotificationManager: Shedding notify (update) of NotificationKey[user=UserHandle{0}, pkg=com.zenithblue.sambas3, tag=null, id=2000], rate limit (5.0) exceeded: input 136.53937, output would be 5.3478274
09-25 12:35:08.352 28772 28772 W NotificationManager: Shedding cancel (dupe) of NotificationKey[user=UserHandle{0}, pkg=com.zenithblue.sambas3, tag=null, id=2001], rate limit (5.0) exceeded: input 161.59062, output would be 6.598819
09-25 12:35:08.898 28772 28772 W NotificationManager: Shedding notify (update) of NotificationKey[user=UserHandle{0}, pkg=com.zenithblue.sambas3, tag=null, id=2000], rate limit (5.0) exceeded: input 40.694805, output would be 5.239757
09-25 12:35:09.359 28772 28772 W NotificationManager: Shedding cancel (dupe) of NotificationKey[user=UserHandle{0}, pkg=com.zenithblue.sambas3, tag=null, id=2001], rate limit (5.0) exceeded: input 180.9709, output would be 6.8611217
09-25 12:35:10.243 28772 28772 W NotificationManager: Shedding notify (update) of NotificationKey[user=UserHandle{0}, pkg=com.zenithblue.sambas3, tag=null, id=2000], rate limit (5.0) exceeded: input 18.729208, output would be 6.791235
--------- beginning of main
09-25 12:36:11.682 28772 29881 D RPCS3   : Building function 0xc800... (size 126, __spu-0x0c800-hX9vgNb0P33EnaHck3NmusQAbtM4-s3cg1-cortex-a34-neon)
09-25 12:36:11.736 28772 29881 I RPCS3   : New SPU block compiled successfully (size=126)
09-25 12:36:11.736 28772 29881 D RPCS3   : Building function 0xc8c0... (size 78, __spu-0x0c8c0-jkAGKLq8oQT67dGMpHG7kX1RLKJf-s3cg1-cortex-a34-neon)
09-25 12:36:11.780 28772 29881 I RPCS3   : New SPU block compiled successfully (size=78)
09-25 12:36:11.945 28772 28772 I S3TOUCH : root action=down x=1362 y=91
09-25 12:36:11.945 28772 28772 I S3TOUCH : monitor action=down consumed=false
09-25 12:36:11.945 28772 28772 I S3TOUCH : pad action=down menu=false
09-25 12:36:11.948 28772 29820 D RPCS3   : FRONTEND_MENU home-request consumed
09-25 12:36:11.949 28772 28772 I S3HOME  : source=NativeFrontendEvent edge=down action=open state=Running
09-25 12:36:11.951 28772 28810 D RPCS3   : FRONTEND_MENU begin isPaused=0 wasRunning=1
09-25 12:36:11.951 28772 28810 I RPCS3   : Emulation is being paused... (mark=0)
09-25 12:36:11.951 28772 28810 D RPCS3   : FRONTEND_MENU begin pausedByMenu=1
09-25 12:36:11.951 28772 28810 D RPCS3   : Loading RPCN config. Path: /storage/emulated/0/Android/data/com.zenithblue.sambas3/files/config/rpcn.yml
09-25 12:36:11.955 28772 28785 W qdgralloc: getInterlacedFlag: getMetaData returned 3, defaulting to interlaced_flag = 0
09-25 12:36:11.980 28772 28772 I S3PERF  : monitor enabled=true intervalMs=300
09-25 12:36:11.991 28772 28772 I S3MENU  : paused-frame captured generation=1 1920x872
09-25 12:36:12.774 28772 29801 D RPCS3   : PPU Syscall Usage Stats:
09-25 12:36:12.774 28772 29801 D RPCS3   : 	⁂ sys_timer_usleep [267512]
09-25 12:36:12.774 28772 29801 D RPCS3   : 	⁂ _sys_lwcond_queue_wait [58794]
09-25 12:36:12.774 28772 29801 D RPCS3   : 	⁂ _sys_lwmutex_lock [58134]
09-25 12:36:12.774 28772 29801 D RPCS3   : 	⁂ _sys_lwmutex_unlock [54160]
09-25 12:36:12.774 28772 29801 D RPCS3   : 	⁂ _sys_lwcond_signal [34522]
09-25 12:36:12.774 28772 29801 D RPCS3   : 	⁂ _sys_lwcond_signal_all [21885]
09-25 12:36:12.774 28772 29801 D RPCS3   : 	⁂ sys_event_queue_receive [21778]
09-25 12:36:12.774 28772 29801 D RPCS3   : 	⁂ sys_time_get_current_time [9813]
09-25 12:36:12.774 28772 29801 D RPCS3   : 	⁂ sys_fs_read [9324]
09-25 12:36:12.774 28772 29801 D RPCS3   : 	⁂ sys_fs_write [8217]
09-25 12:36:12.774 28772 29801 D RPCS3   : 	⁂ sys_event_port_send [7926]
09-25 12:36:12.774 28772 29801 D RPCS3   : 	⁂ sys_fs_fsync [1369]
09-25 12:36:12.774 28772 29801 D RPCS3   : 	⁂ sys_event_flag_wait [1039]
09-25 12:36:12.774 28772 29801 D RPCS3   : 	⁂ sys_event_flag_clear [1039]
09-25 12:36:12.774 28772 29801 D RPCS3   : 	⁂ sys_fs_lseek [1022]
09-25 12:36:12.774 28772 29801 D RPCS3   : 	⁂ sys_mmapper_map_shared_memory [396]
09-25 12:36:12.774 28772 29801 D RPCS3   : 	⁂ sys_mmapper_unmap_shared_memory [233]
09-25 12:36:12.774 28772 29801 D RPCS3   : 	⁂ sys_mmapper_allocate_shared_memory [200]
09-25 12:36:12.774 28772 29801 D RPCS3   : 	⁂ sys_time_get_timezone [142]
09-25 12:36:12.774 28772 29801 D RPCS3   : 	⁂ _sys_lwmutex_create [133]
09-25 12:36:12.774 28772 29801 D RPCS3   : 	⁂ sys_fs_fcntl [66]
09-25 12:36:12.774 28772 29801 D RPCS3   : 	⁂ _sys_lwcond_create [50]
09-25 12:36:12.774 28772 29801 D RPCS3   : 	⁂ sys_mutex_lock [48]
09-25 12:36:12.774 28772 29801 D RPCS3   : 	⁂ sys_mutex_unlock [48]
09-25 12:36:12.774 28772 29801 D RPCS3   : 	⁂ sys_time_get_timebase_frequency [47]
09-25 12:36:12.774 28772 29801 D RPCS3   : 	⁂ sys_rsx_context_attribute [46]
09-25 12:36:12.774 28772 29801 D RPCS3   : 	⁂ _sys_ppu_thread_create [42]
09-25 12:36:12.774 28772 29801 D RPCS3   : 	⁂ sys_fs_fstat [41]
09-25 12:36:12.774 28772 29801 D RPCS3   : 	⁂ sys_ppu_thread_start [39]
09-25 12:36:12.774 28772 29801 D RPCS3   : 	⁂ sys_fs_open [38]
09-25 12:36:12.774 28772 29801 D RPCS3   : 	⁂ _sys_lwmutex_trylock [36]
09-25 12:36:12.774 28772 29801 D RPCS3   : 	⁂ sys_semaphore_create [34]
09-25 12:36:12.774 28772 29801 D RPCS3   : 	⁂ sys_fs_stat [27]
09-25 12:36:12.774 28772 29801 D RPCS3   : 	⁂ _sys_prx_start_module [26]
09-25 12:36:12.774 28772 29801 D RPCS3   : 	⁂ sys_fs_close [19]
09-25 12:36:12.774 28772 29801 D RPCS3   : 	⁂ _sys_prx_load_module [13]
09-25 12:36:12.774 28772 29801 D RPCS3   : 	⁂ sys_rsx_context_iomap [12]
09-25 12:36:12.774 28772 29801 D RPCS3   : 	⁂ sys_event_queue_create [8]
09-25 12:36:12.774 28772 29801 D RPCS3   : 	⁂ sys_event_flag_create [6]
09-25 12:36:12.774 28772 29801 D RPCS3   : 	⁂ sys_event_port_create [6]
09-25 12:36:12.774 28772 29801 D RPCS3   : 	⁂ sys_event_port_connect_local [6]
09-25 12:36:12.774 28772 29801 D RPCS3   : 	⁂ sys_spu_thread_initialize [6]
09-25 12:36:12.774 28772 29801 D RPCS3   : 	⁂ sys_process_getpid [5]
09-25 12:36:12.774 28772 29801 D RPCS3   : 	⁂ sys_mutex_create [5]
09-25 12:36:12.774 28772 29801 D RPCS3   : 	⁂ sys_spu_thread_group_connect_event_all_threads [5]
09-25 12:36:12.774 28772 29801 D RPCS3   : 	⁂ sys_rsx_context_iounmap [5]
09-25 12:36:12.774 28772 29801 D RPCS3   : 	⁂ sys_process_get_sdk_version [4]
09-25 12:36:12.774 28772 29801 D RPCS3   : 	⁂ sys_memory_get_user_memory_size [4]
09-25 12:36:12.774 28772 29801 D RPCS3   : 	⁂ sys_rsx_attribute [4]
09-25 12:36:12.774 28772 29801 D RPCS3   : 	⁂ _sys_ppu_thread_exit [3]
09-25 12:36:12.774 28772 29801 D RPCS3   : 	⁂ sys_memory_allocate [3]
09-25 12:36:12.774 28772 29801 D RPCS3   : 	⁂ sys_process_is_spu_lock_line_reservation_address [2]
09-25 12:36:12.774 28772 29801 D RPCS3   : 	⁂ _sys_interrupt_thread_disestablish [2]
09-25 12:36:12.774 28772 29801 D RPCS3   : 	⁂ sys_cond_create [2]
09-25 12:36:12.774 28772 29801 D RPCS3   : 	⁂ sys_spu_thread_group_create [2]
09-25 12:36:12.774 28772 29801 D RPCS3   : 	⁂ sys_spu_thread_group_start [2]
09-25 12:36:12.774 28772 29801 D RPCS3   : 	⁂ sys_spu_thread_group_join [2]
09-25 12:36:12.774 28772 29801 D RPCS3   : 	⁂ sys_spu_thread_group_connect_event [2]
09-25 12:36:12.774 28772 29801 D RPCS3   : 	⁂ _sys_prx_register_module [2]
09-25 12:36:12.774 28772 29801 D RPCS3   : 	⁂ _sys_prx_get_module_id_by_name [2]
09-25 12:36:12.774 28772 29801 D RPCS3   : 	⁂ sys_fs_get_block_size [2]
09-25 12:36:12.774 28772 29801 D RPCS3   : 	⁂ sys_fs_disk_free [2]
09-25 12:36:12.774 28772 29801 D RPCS3   : 	⁂ sys_ss_access_control_engine [2]
09-25 12:36:12.774 28772 29801 D RPCS3   : 	⁂ _sys_process_get_paramsfo [1]
09-25 12:36:12.774 28772 29801 D RPCS3   : 	⁂ sys_ppu_thread_get_priority [1]
09-25 12:36:12.774 28772 29801 D RPCS3   : 	⁂ sys_timer_create [1]
09-25 12:36:12.774 28772 29801 D RPCS3   : 	⁂ _sys_timer_start [1]
09-25 12:36:12.774 28772 29801 D RPCS3   : 	⁂ sys_timer_connect_event_queue [1]
09-25 12:36:12.774 28772 29801 D RPCS3   : 	⁂ sys_spu_initialize [1]
09-25 12:36:12.774 28772 29801 D RPCS3   : 	⁂ sys_mmapper_allocate_address [1]
09-25 12:36:12.774 28772 29801 D RPCS3   : 	⁂ syscall_462 [1]
09-25 12:36:12.774 28772 29801 D RPCS3   : 	⁂ sys_rsx_memory_allocate [1]
09-25 12:36:12.774 28772 29801 D RPCS3   : 	⁂ sys_rsx_context_allocate [1]
09-25 12:36:12.774 28772 29801 D RPCS3   : 	⁂ sys_rsx_device_map [1]
09-25 12:36:12.774 28772 29801 D RPCS3   : 	⁂ sys_fs_opendir [1]
09-25 12:36:12.774 28772 29801 D RPCS3   : 	⁂ sys_fs_mkdir [1]
09-25 12:36:13.608 28772 28772 I S3TOUCH : root action=down x=466 y=810
09-25 12:36:13.739 28772 28772 W DefaultDispatch: type=1400 audit(0.0:6991127): avc:  denied  { search } for  name="zram0" dev="sysfs" ino=107524 scontext=u:r:untrusted_app:s0:c207,c257,c512,c768 tcontext=u:object_r:sysfs_zram:s0 tclass=dir permissive=0 app=com.zenithblue.sambas3
09-25 12:36:13.739 28772 28772 W DefaultDispatch: type=1400 audit(0.0:6991128): avc:  denied  { search } for  name="zram0" dev="sysfs" ino=107524 scontext=u:r:untrusted_app:s0:c207,c257,c512,c768 tcontext=u:object_r:sysfs_zram:s0 tclass=dir permissive=0 app=com.zenithblue.sambas3
09-25 12:36:15.163 28772 28772 I S3TOUCH : root action=down x=2374 y=1189
09-25 12:36:15.240 28772 30043 E RPCS3   : Video au decode has been waiting for a consumer for 5 seconds. (handle=0xf0000200, seq_id=1, cmd_id=63, queue_size=61)
09-25 12:36:15.243 28772 28772 W DefaultDispatch: type=1400 audit(0.0:6991129): avc:  denied  { getattr } for  path="/sys/devices/platform/soc/3d00000.qcom,kgsl-3d0/kgsl/kgsl-3d0/gpu_busy_percentage" dev="sysfs" ino=136039 scontext=u:r:untrusted_app:s0:c207,c257,c512,c768 tcontext=u:object_r:vendor_sysfs_kgsl:s0 tclass=file permissive=0 app=com.zenithblue.sambas3
09-25 12:36:15.243 28772 28772 W DefaultDispatch: type=1400 audit(0.0:6991130): avc:  denied  { getattr } for  path="/sys/devices/platform/soc/3d00000.qcom,kgsl-3d0/devfreq/3d00000.qcom,kgsl-3d0/cur_freq" dev="sysfs" ino=137494 scontext=u:r:untrusted_app:s0:c207,c257,c512,c768 tcontext=u:object_r:vendor_sysfs_kgsl:s0 tclass=file permissive=0 app=com.zenithblue.sambas3
09-25 12:36:15.247 28772 29102 I S3PERF  : Selected GPU load source: path=/sys/class/kgsl/kgsl-3d0/gpubusy, format=KGSL_WINDOWED_PAIR, semantics=WINDOWED
09-25 12:36:15.243 28772 28772 W DefaultDispatch: type=1400 audit(0.0:6991131): avc:  denied  { getattr } for  path="/sys/devices/platform/soc/3d00000.qcom,kgsl-3d0/kgsl/kgsl-3d0/gpuclk" dev="sysfs" ino=136020 scontext=u:r:untrusted_app:s0:c207,c257,c512,c768 tcontext=u:object_r:vendor_sysfs_kgsl_gpuclk:s0 tclass=file permissive=0 app=com.zenithblue.sambas3
09-25 12:36:15.243 28772 28772 W DefaultDispatch: type=1400 audit(0.0:6991132): avc:  denied  { read } for  name="devfreq" dev="sysfs" ino=53645 scontext=u:r:untrusted_app:s0:c207,c257,c512,c768 tcontext=u:object_r:vendor_sysfs_devfreq:s0 tclass=dir permissive=0 app=com.zenithblue.sambas3
09-25 12:36:15.441 28772 29102 D S3PERF  : GPU load [/sys/class/kgsl/kgsl-3d0/gpubusy]: raw='0       0' -> load=null%
09-25 12:36:15.442 28772 29102 D S3PERF  : android telemetry available ram=true gpu=false temp=true power=false
09-25 12:36:15.856 28772 28772 I S3TOUCH : root action=down x=212 y=72
09-25 12:36:15.982 28772 28772 W DebugPad: BUTTON SQUARE d1=0 d2=128 press 120ms request_id=s3-1790319975944589152-2413866-20806
09-25 12:36:16.103 28772 28772 W DebugPad: BUTTON SQUARE release request_id=s3-1790319975944589152-2413866-20806
09-25 12:36:16.812 28772 28772 I S3TOUCH : root action=down x=2310 y=740
09-25 12:36:16.914 28772 28772 I S3TOUCH : root action=down x=530 y=535
09-25 12:36:17.407 28772 28772 I S3TOUCH : root action=down x=2531 y=155
09-25 12:36:17.444 28772 28810 D RPCS3   : FRONTEND_MENU end resume_if_owned=1 owns_pause=1 isPaused=1
09-25 12:36:17.444 28772 28810 D RPCS3   : Performance report begin (0 src, 0 acc):
09-25 12:36:17.444 28772 28810 D RPCS3   : Performance report end.
09-25 12:36:17.446 28772 28810 I RPCS3   : Emulation has been resumed!
09-25 12:36:17.446 28772 28810 D RPCS3   : FRONTEND_MENU resumed
09-25 12:36:17.455 28772 28772 I S3PERF  : monitor enabled=true intervalMs=300
09-25 12:36:17.598 28772 28810 I S3PERF  : export=1 payload_length=591 version=2 source=surface presented=1892 vblank=null/null fps=15.2498 frametime_ms=39.917 fps_samples=1 frametime_samples=2 merged_fallback=1 fallback_presented=1892 ppu=3.33922 spu=28.9985 rsx=3.16347 rsx_load=3
09-25 12:36:17.598 28772 28810 I S3PERF  : export-ready=1 payload_length=591 version=2 fps_samples=1 frametime_samples=2
09-25 12:36:17.598 28772 28810 D S3PERF  : crosscheck source=surface presented=1892 json_fps=15.2498 json_frametime_ms=39.917
09-25 12:36:17.608 28772 28810 D S3PERF  : crosscheck ui_snapshot_fps=15.2498 ui_snapshot_frametime_ms=39.917
09-25 12:36:18.179 28772 28772 I S3TOUCH : root action=down x=2359 y=1067
09-25 12:36:18.180 28772 28772 I S3TOUCH : monitor action=down consumed=false
09-25 12:36:18.180 28772 28772 I S3TOUCH : pad action=down menu=false
09-25 12:36:18.194 28772 29822 W RPCS3   : sys_mmapper_map_shared_memory(addr=0x38200000, mem_id=0x800bb00, flags=0x40000)
09-25 12:36:18.194 28772 29822 E RPCS3   : Failed to lock sudo memory (addr=0x38200000, size=0x100000). Consider increasing your system limits.
09-25 12:36:18.194 28772 29822 W RPCS3   : sys_mmapper_map_shared_memory(addr=0x38300000, mem_id=0x800bc00, flags=0x40000)
09-25 12:36:18.194 28772 29822 E RPCS3   : Failed to lock sudo memory (addr=0x38300000, size=0x100000). Consider increasing your system limits.
09-25 12:36:18.194 28772 29822 W RPCS3   : sys_mmapper_map_shared_memory(addr=0x38400000, mem_id=0x800bd00, flags=0x40000)
09-25 12:36:18.194 28772 29822 E RPCS3   : Failed to lock sudo memory (addr=0x38400000, size=0x100000). Consider increasing your system limits.
09-25 12:36:18.194 28772 29822 W RPCS3   : sys_mmapper_map_shared_memory(addr=0x38500000, mem_id=0x800be00, flags=0x40000)
09-25 12:36:18.194 28772 29822 E RPCS3   : Failed to lock sudo memory (addr=0x38500000, size=0x100000). Consider increasing your system limits.
09-25 12:36:18.194 28772 29822 W RPCS3   : sys_mmapper_map_shared_memory(addr=0x38600000, mem_id=0x800bf00, flags=0x40000)
09-25 12:36:18.194 28772 29822 E RPCS3   : Failed to lock sudo memory (addr=0x38600000, size=0x100000). Consider increasing your system limits.
09-25 12:36:18.194 28772 29822 W RPCS3   : sys_rsx_context_iomap(context_id=0x55555555, io=0x8200000, ea=0x38200000, size=0x500000, flags=0xe000000000000800)
09-25 12:36:18.194 28772 29822 W RPCS3   : sys_rsx_context_iomap(): RSX is not idle while mapping io
09-25 12:36:18.856 28772 28810 D S3PERF  : crosscheck source=surface presented=1938 json_fps=40.6972 json_frametime_ms=22.564
09-25 12:36:18.864 28772 28810 D S3PERF  : crosscheck ui_snapshot_fps=40.6972 ui_snapshot_frametime_ms=22.564
09-25 12:36:19.105 28772 29822 W RPCS3   : sys_mmapper_map_shared_memory(addr=0x3ad00000, mem_id=0x800c000, flags=0x40000)
09-25 12:36:19.106 28772 29822 E RPCS3   : Failed to lock sudo memory (addr=0x3ad00000, size=0x100000). Consider increasing your system limits.
09-25 12:36:19.106 28772 29822 W RPCS3   : sys_mmapper_map_shared_memory(addr=0x3ae00000, mem_id=0x800c100, flags=0x40000)
09-25 12:36:19.106 28772 29822 E RPCS3   : Failed to lock sudo memory (addr=0x3ae00000, size=0x100000). Consider increasing your system limits.
09-25 12:36:19.106 28772 29822 W RPCS3   : sys_mmapper_map_shared_memory(addr=0x3af00000, mem_id=0x800c200, flags=0x40000)
09-25 12:36:19.106 28772 29822 E RPCS3   : Failed to lock sudo memory (addr=0x3af00000, size=0x100000). Consider increasing your system limits.
09-25 12:36:19.106 28772 29822 W RPCS3   : sys_mmapper_map_shared_memory(addr=0x3b000000, mem_id=0x800c300, flags=0x40000)
09-25 12:36:19.106 28772 29822 E RPCS3   : Failed to lock sudo memory (addr=0x3b000000, size=0x100000). Consider increasing your system limits.
09-25 12:36:19.106 28772 29822 W RPCS3   : sys_mmapper_map_shared_memory(addr=0x3b100000, mem_id=0x800c400, flags=0x40000)
09-25 12:36:19.106 28772 29822 E RPCS3   : Failed to lock sudo memory (addr=0x3b100000, size=0x100000). Consider increasing your system limits.
09-25 12:36:19.106 28772 29822 W RPCS3   : sys_mmapper_map_shared_memory(addr=0x3b200000, mem_id=0x800e600, flags=0x40000)
09-25 12:36:19.106 28772 29822 E RPCS3   : Failed to lock sudo memory (addr=0x3b200000, size=0x100000). Consider increasing your system limits.
09-25 12:36:19.106 28772 29822 W RPCS3   : sys_mmapper_map_shared_memory(addr=0x3b300000, mem_id=0x800e700, flags=0x40000)
09-25 12:36:19.106 28772 29822 E RPCS3   : Failed to lock sudo memory (addr=0x3b300000, size=0x100000). Consider increasing your system limits.
09-25 12:36:19.106 28772 29822 W RPCS3   : sys_mmapper_map_shared_memory(addr=0x3b400000, mem_id=0x800e800, flags=0x40000)
09-25 12:36:19.106 28772 29822 E RPCS3   : Failed to lock sudo memory (addr=0x3b400000, size=0x100000). Consider increasing your system limits.
09-25 12:36:19.106 28772 29822 W RPCS3   : sys_mmapper_map_shared_memory(addr=0x3b500000, mem_id=0x800e900, flags=0x40000)
09-25 12:36:19.106 28772 29822 E RPCS3   : Failed to lock sudo memory (addr=0x3b500000, size=0x100000). Consider increasing your system limits.
09-25 12:36:19.106 28772 29822 W RPCS3   : sys_mmapper_map_shared_memory(addr=0x3b600000, mem_id=0x800ea00, flags=0x40000)
09-25 12:36:19.106 28772 29822 E RPCS3   : Failed to lock sudo memory (addr=0x3b600000, size=0x100000). Consider increasing your system limits.
09-25 12:36:19.106 28772 29822 W RPCS3   : sys_rsx_context_iomap(context_id=0x55555555, io=0xad00000, ea=0x3ad00000, size=0xa00000, flags=0xe000000000000800)
09-25 12:36:19.106 28772 29822 W RPCS3   : sys_rsx_context_iomap(): RSX is not idle while mapping io
09-25 12:36:19.634 28772 29777 D RPCS3   : CPU Usage: Total: 68.1%, Cores: 0.0%, 0.0%, 0.0%, 0.0%, 0.0%, 0.0%, 0.0%, 0.0%
09-25 12:36:19.774 28772 29801 D RPCS3   : PPU Syscall Usage Stats:
09-25 12:36:19.774 28772 29801 D RPCS3   : 	⁂ sys_timer_usleep [269924]
09-25 12:36:19.774 28772 29801 D RPCS3   : 	⁂ _sys_lwcond_queue_wait [66316]
09-25 12:36:19.774 28772 29801 D RPCS3   : 	⁂ _sys_lwmutex_lock [65772]
09-25 12:36:19.774 28772 29801 D RPCS3   : 	⁂ _sys_lwmutex_unlock [61685]
09-25 12:36:19.774 28772 29801 D RPCS3   : 	⁂ _sys_lwcond_signal [39450]
09-25 12:36:19.774 28772 29801 D RPCS3   : 	⁂ _sys_lwcond_signal_all [24758]
09-25 12:36:19.774 28772 29801 D RPCS3   : 	⁂ sys_event_queue_receive [22854]
09-25 12:36:19.774 28772 29801 D RPCS3   : 	⁂ sys_time_get_current_time [11090]
09-25 12:36:19.774 28772 29801 D RPCS3   : 	⁂ sys_fs_read [10538]
09-25 12:36:19.774 28772 29801 D RPCS3   : 	⁂ sys_fs_write [9344]
09-25 12:36:19.774 28772 29801 D RPCS3   : 	⁂ sys_event_port_send [8223]
09-25 12:36:19.774 28772 29801 D RPCS3   : 	⁂ sys_fs_fsync [1558]
09-25 12:36:19.774 28772 29801 D RPCS3   : 	⁂ sys_fs_lseek [1212]
09-25 12:36:19.774 28772 29801 D RPCS3   : 	⁂ sys_event_flag_wait [1130]
09-25 12:36:19.774 28772 29801 D RPCS3   : 	⁂ sys_event_flag_clear [1130]
09-25 12:36:19.774 28772 29801 D RPCS3   : 	⁂ sys_mmapper_map_shared_memory [411]
09-25 12:36:19.774 28772 29801 D RPCS3   : 	⁂ _sys_lwmutex_trylock [42]
09-25 12:36:19.774 28772 29801 D RPCS3   : 	⁂ sys_rsx_context_iomap [14]
09-25 12:36:20.092 28772 28810 D S3PERF  : crosscheck source=surface presented=1983 json_fps=35.0536 json_frametime_ms=52.564
09-25 12:36:20.099 28772 28810 D S3PERF  : crosscheck ui_snapshot_fps=35.0536 ui_snapshot_frametime_ms=52.564
09-25 12:36:20.310 28772 30043 E RPCS3   : Video au decode has been waiting for a consumer for 5 seconds. (handle=0xf0000200, seq_id=1, cmd_id=63, queue_size=61)
09-25 12:36:21.329 28772 28810 D S3PERF  : crosscheck source=surface presented=2023 json_fps=33.5629 json_frametime_ms=63.897
09-25 12:36:21.335 28772 28810 D S3PERF  : crosscheck ui_snapshot_fps=33.5629 ui_snapshot_frametime_ms=63.897
09-25 12:36:21.808 28772 28772 I S3TOUCH : root action=down x=2378 y=1115
09-25 12:36:21.808 28772 28772 I S3TOUCH : monitor action=down consumed=false
09-25 12:36:21.808 28772 28772 I S3TOUCH : pad action=down menu=false
09-25 12:36:21.808 28772 28772 I S3TOUCH : monitor action=down consumed=false
09-25 12:36:22.236 28772 28772 I S3TOUCH : root action=down x=2386 y=1049
09-25 12:36:22.236 28772 28772 I S3TOUCH : monitor action=down consumed=false
09-25 12:36:22.237 28772 28772 I S3TOUCH : pad action=down menu=false
09-25 12:36:22.585 28772 28810 D S3PERF  : crosscheck source=surface presented=2068 json_fps=35.3787 json_frametime_ms=16.87
09-25 12:36:22.589 28772 28810 D S3PERF  : crosscheck ui_snapshot_fps=35.3787 ui_snapshot_frametime_ms=16.87
09-25 12:36:22.608 28772 29877 W RPCS3   : [0xcd34] At 0xcd40: indirect branch to 0xcd44 (E)
09-25 12:36:22.608 28772 29877 D RPCS3   : Building function 0xcd34... (size 4, __spu-0x0cd34-efcazMKCv9ZhkYhGQ058eFTYWLXu-s3cg1-cortex-a34-neon)
09-25 12:36:22.616 28772 29877 I RPCS3   : New SPU block compiled successfully (size=4)
09-25 12:36:22.616 28772 29877 W RPCS3   : [0xcd44] At 0xcd70: indirect branch to 0xcd74 (D)
09-25 12:36:22.616 28772 29877 W RPCS3   : [0xcd44] At 0xcd94: indirect branch to 0xcd98 (E)
09-25 12:36:22.616 28772 29877 D RPCS3   : Building function 0xcd44... (size 21, __spu-0x0cd44-4bbVHHwJ8PvixZ9Kc85hnj08Ey9W-s3cg1-cortex-a34-neon)
09-25 12:36:22.628 28772 29877 I RPCS3   : New SPU block compiled successfully (size=21)
09-25 12:36:22.628 28772 29877 W RPCS3   : [0xcd74] At 0xcd94: indirect branch to 0xcd98 (E)
09-25 12:36:22.628 28772 29877 D RPCS3   : Building function 0xcd74... (size 9, __spu-0x0cd74-SzhbGiHtGvc9wYH8JY4F0jPXmjMF-s3cg1-cortex-a34-neon)
09-25 12:36:22.628 28772 29877 W RPCS3   : [0xcd7c] MFC_EAH: $9 is not a zero constant
09-25 12:36:22.628 28772 29877 W RPCS3   : [0xcd90] MFC_Cmd: $2 is not a constant
09-25 12:36:22.638 28772 29877 I RPCS3   : New SPU block compiled successfully (size=9)
09-25 12:36:22.638 28772 29877 D RPCS3   : Building function 0xcd98... (size 1, __spu-0x0cd98-QVCNk5EjePAXtsRaF8ZWRv7tbmPw-s3cg1-cortex-a34-neon)
09-25 12:36:22.644 28772 29877 I RPCS3   : New SPU block compiled successfully (size=1)
09-25 12:36:22.644 28772 29877 W RPCS3   : [0xcc6c] At 0xcc98: indirect branch to 0xcc9c (D)
09-25 12:36:22.645 28772 29877 W RPCS3   : [0xcc6c] At 0xcca8: indirect branch to 0xccac (E)
09-25 12:36:22.645 28772 29877 D RPCS3   : Building function 0xcc6c... (size 16, __spu-0x0cc6c-ppFiGWiLYtJ6Lm4ms6qE8RY9xUC7-s3cg1-cortex-a34-neon)
09-25 12:36:22.657 28772 29877 I RPCS3   : New SPU block compiled successfully (size=16)
09-25 12:36:22.822 28772 29874 D RPCS3   : Building function 0xb638... (size 11, __spu-0x0b638-QZGobHEoJk0Qi20u3C0qnZtXXTuw-s3cg1-cortex-a34-neon)
09-25 12:36:22.822 28772 29875 D RPCS3   : SPU block is a loop at [0x0bbb8 -> 0x0bbb8]
09-25 12:36:22.822 28772 29875 D RPCS3   : Building function 0xbac0... (size 68, __spu-0x0bac0-UbwHihZKnrgg46a6dawmxeENRFJV-s3cg1-cortex-a34-neon)
09-25 12:36:22.823 28772 29875 W RPCS3   : [__spu-0x0bac0-UbwHihZKnrgg46a6dawmxeENRFJV-s3cg1-cortex-a34-neon:0x0bb98] Unmatched spu_rsqrte(c) found in FMA
09-25 12:36:22.823 28772 29876 D RPCS3   : SPU block is a loop at [0x0bbb8 -> 0x0bbb8]
09-25 12:36:22.831 28772 29874 I scudo   : Can't populate more pages for size class 65552.
09-25 12:36:22.837 28772 29874 I RPCS3   : New SPU block compiled successfully (size=11)
09-25 12:36:22.837 28772 29877 D RPCS3   : SPU block is a loop at [0x0bbb8 -> 0x0bbb8]
09-25 12:36:22.837 28772 29878 D RPCS3   : SPU block is a loop at [0x0bbb8 -> 0x0bbb8]
09-25 12:36:22.837 28772 29874 D RPCS3   : SPU block is a loop at [0x0bbb8 -> 0x0bbb8]
09-25 12:36:22.851 28772 29875 I RPCS3   : New SPU block compiled successfully (size=68)
09-25 12:36:22.852 28772 29874 D RPCS3   : Building function 0x6d40... (size 144, __spu-0x06d40-bJdXrx3KKW7NRLFnwHCMPiZ2sctX-s3cg1-cortex-a34-neon)
09-25 12:36:22.900 28772 29874 I RPCS3   : New SPU block compiled successfully (size=144)
09-25 12:36:22.900 28772 29876 D RPCS3   : Building function 0x6e00... (size 96, __spu-0x06e00-4Ypo4KgF29KM07fAvJTaPbrp5RCE-s3cg1-cortex-a34-neon)
09-25 12:36:22.951 28772 29876 I RPCS3   : New SPU block compiled successfully (size=96)
09-25 12:36:22.952 28772 29875 D RPCS3   : Building function 0x4538... (size 43, __spu-0x04538-nc3ohRhT6Xz8CoNaixb0Ca7Fjzcb-s3cg1-cortex-a34-neon)
09-25 12:36:22.952 28772 29875 D RPCS3   : Function __spu-0x04538-nc3ohRhT6Xz8CoNaixb0Ca7Fjzcb-s3cg1-cortex-a34-neon dump:
09-25 12:36:22.952 28772 29875 D RPCS3   : ========== SPU BLOCK 0x04538 (size 43, nc3ohRhT6Xz8CoNaixb0Ca7Fjzcb) ==========
09-25 12:36:22.952 28772 29875 D RPCS3   : 
09-25 12:36:22.952 28772 29875 D RPCS3   : A: [0x04538] Entry
09-25 12:36:22.952 28772 29875 D RPCS3   : 	 F: 0x40000
09-25 12:36:22.952 28772 29875 D RPCS3   : 
09-25 12:36:22.952 28772 29875 D RPCS3   : >	00004538:	24 ff c0 d0	stqd       r80,-0x10(sp)
09-25 12:36:22.952 28772 29875 D RPCS3   : >	0000453c:	24 ff 80 d1	stqd       r81,-0x20(sp)
09-25 12:36:22.952 28772 29875 D RPCS3   : >	00004540:	24 ff 40 d2	stqd       r82,-0x30(sp)
09-25 12:36:22.952 28772 29875 D RPCS3   : >	00004544:	24 ff 00 fe	stqd       r126,-0x40(sp)
09-25 12:36:22.952 28772 29875 D RPCS3   : >	00004548:	24 00 40 80	stqd       lr,0x10(sp)
09-25 12:36:22.952 28772 29875 D RPCS3   : >	0000454c:	24 fe 80 81	stqd       sp,-0x60(sp)
09-25 12:36:22.952 28772 29875 D RPCS3   : >	00004550:	1c e8 00 81	ai         sp,sp,-0x60
09-25 12:36:22.952 28772 29875 D RPCS3   : >	00004554:	1c 00 02 51	ai         r81,r4,0
09-25 12:36:22.952 28772 29875 D RPCS3   : >	00004558:	01 a0 04 52	rdch       r82,SPU_RdDec
09-25 12:36:22.952 28772 29875 D RPCS3   : >	0000455c:	23 80 46 83	stqr       r3,0x4790
09-25 12:36:22.952 28772 29875 D RPCS3   : >	00004560:	40 80 00 05	il         r5,0
09-25 12:36:22.952 28772 29875 D RPCS3   : >	00004564:	23 80 47 85	stqr       r5,0x47a0
09-25 12:36:22.952 28772 29875 D RPCS3   : >	00004568:	42 02 b8 02	ila        r2,0x570
09-25 12:36:22.952 28772 29875 D RPCS3   : >	0000456c:	33 00 00 fe	brsl       r126,0x4570
09-25 12:36:22.952 28772 29875 D RPCS3   : >	00004570:	08 1f 81 7e	sf         r126,r2,r126
09-25 12:36:22.952 28772 29875 D RPCS3   : >	00004574:	42 03 d8 03	ila        r3,0x7b0
09-25 12:36:22.952 28772 29875 D RPCS3   : >	00004578:	42 03 d8 04	ila        r4,0x7b0
09-25 12:36:22.952 28772 29875 D RPCS3   : >	0000457c:	58 00 c2 02	clgt       r2,r4,r3
09-25 12:36:22.952 28772 29875 D RPCS3   : >	00004580:	21 00 14 82	brnz       r2,0x4624
09-25 12:36:22.952 28772 29875 D RPCS3   : 
09-25 12:36:22.952 28772 29875 D RPCS3   : 	-> 0x04624 (null)
09-25 12:36:22.952 28772 29875 D RPCS3   : 	-> 0x04584
09-25 12:36:22.952 28772 29875 D RPCS3   : 
09-25 12:36:22.952 28772 29875 D RPCS3   : A: [0x04584] Block
09-25 12:36:22.952 28772 29875 D RPCS3   : 	 F: 0x40000
09-25 12:36:22.952 28772 29875 D RPCS3   : 	 <- 0x04538
09-25 12:36:22.952 28772 29875 D RPCS3   : 
09-25 12:36:22.952 28772 29875 D RPCS3   : >	00004584:	42 03 c0 50	ila        r80,0x780
09-25 12:36:22.952 28772 29875 D RPCS3   : >	00004588:	18 1f a8 50	a          r80,r80,r126
09-25 12:36:22.952 28772 29875 D RPCS3   : >	0000458c:	34 00 28 07	lqd        r7,0(r80)
09-25 12:36:22.952 28772 29875 D RPCS3   : >	00004590:	3b 94 03 83	rotqby     r3,r7,r80
09-25 12:36:22.952 28772 29875 D RPCS3   : >	00004594:	7c ff c1 82	ceqi       r2,r3,-1
09-25 12:36:22.952 28772 29875 D RPCS3   : >	00004598:	20 00 15 02	brz        r2,0x4640
09-25 12:36:22.952 28772 29875 D RPCS3   : 
09-25 12:36:22.952 28772 29875 D RPCS3   : 	-> 0x04640 (null)
09-25 12:36:22.952 28772 29875 D RPCS3   : 	-> 0x0459c
09-25 12:36:22.952 28772 29875 D RPCS3   : 
09-25 12:36:22.952 28772 29875 D RPCS3   : A: [0x0459c] Block
09-25 12:36:22.952 28772 29875 D RPCS3   : 	 F: 0x40000
09-25 12:36:22.952 28772 29875 D RPCS3   : 	 <- 0x04584
09-25 12:36:22.952 28772 29875 D RPCS3   : 
09-25 12:36:22.952 28772 29875 D RPCS3   : >	0000459c:	12 7f 52 8f	hbrr       0x45d8,0x4030
09-25 12:36:22.952 28772 29875 D RPCS3   : >	000045a0:	33 80 3e 02	lqr        r2,0x4790
09-25 12:36:22.952 28772 29875 D RPCS3   : >	000045a4:	34 00 81 02	lqd        r2,0x20(r2)
09-25 12:36:22.952 28772 29875 D RPCS3   : >	000045a8:	34 00 01 03	lqd        r3,0(r2)
09-25 12:36:22.952 28772 29875 D RPCS3   : >	000045ac:	34 00 41 07	lqd        r7,0x10(r2)
09-25 12:36:22.952 28772 29875 D RPCS3   : >	000045b0:	3f 81 01 84	rotqbyi    r4,r3,4
09-25 12:36:22.952 28772 29875 D RPCS3   : >	000045b4:	3f 82 01 85	rotqbyi    r5,r3,8
09-25 12:36:22.952 28772 29875 D RPCS3   : >	000045b8:	3f 83 01 86	rotqbyi    r6,r3,0xc
09-25 12:36:22.952 28772 29875 D RPCS3   : >	000045bc:	3f 81 03 88	rotqbyi    r8,r7,4
09-25 12:36:22.952 28772 29875 D RPCS3   : >	000045c0:	3f 82 03 89	rotqbyi    r9,r7,8
09-25 12:36:22.952 28772 29875 D RPCS3   : >	000045c4:	3f 83 03 8a	rotqbyi    r10,r7,0xc
09-25 12:36:22.952 28772 29875 D RPCS3   : >	000045c8:	01 a0 04 4f	rdch       r79,SPU_RdDec
09-25 12:36:22.952 28772 29875 D RPCS3   : >	000045cc:	08 14 a7 d2	sf         r82,r79,r82
09-25 12:36:22.952 28772 29875 D RPCS3   : >	000045d0:	42 02 f2 00	ila        lr,0x5e4
09-25 12:36:22.952 28772 29875 D RPCS3   : >	000045d4:	18 1f 80 00	a          lr,lr,r126
09-25 12:36:22.952 28772 29875 D RPCS3   : >	000045d8:	20 7f 4b 51	brz        r81,0x4030
09-25 12:36:22.952 28772 29875 D RPCS3   : 
09-25 12:36:22.952 28772 29875 D RPCS3   : 	-> 0x04030 (null)
09-25 12:36:22.952 28772 29875 D RPCS3   : 	-> 0x045dc
09-25 12:36:22.952 28772 29875 D RPCS3   : 
09-25 12:36:22.952 28772 29875 D RPCS3   : A: [0x045dc] Block
09-25 12:36:22.952 28772 29875 D RPCS3   : 	 F: 0x40000
09-25 12:36:22.952 28772 29875 D RPCS3   : 	 <- 0x0459c
09-25 12:36:22.952 28772 29875 D RPCS3   : 
09-25 12:36:22.952 28772 29875 D RPCS3   : >	000045dc:	28 00 40 80	stopd      lr,sp,sp
09-25 12:36:22.952 28772 29875 D RPCS3   : >	000045e0:	32 7f 4a 00	br         0x4030
09-25 12:36:22.952 28772 29875 D RPCS3   : 
09-25 12:36:22.952 28772 29875 D RPCS3   : 	-> 0x04030 (null)
09-25 12:36:22.952 28772 29875 D RPCS3   : 
09-25 12:36:22.952 28772 29875 D RPCS3   : 
09-25 12:36:22.966 28772 29874 W RPCS3   : [0x4030] At 0x407c: indirect branch to 0x4080 (D)
09-25 12:36:22.966 28772 29877 W RPCS3   : [0x4030] At 0x407c: indirect branch to 0x4080 (D)
09-25 12:36:22.966 28772 29876 W RPCS3   : [0x4030] At 0x407c: indirect branch to 0x4080 (D)
09-25 12:36:22.966 28772 29876 W RPCS3   : [0x4030] At 0x40b4: indirect branch to 0x40b8 (E)
09-25 12:36:22.966 28772 29875 I RPCS3   : New SPU block compiled successfully (size=43)
09-25 12:36:22.966 28772 29876 D RPCS3   : Building function 0x4030... (size 34, __spu-0x04030-ibpyc2u8ZpA9gi57AS3VUzVsYNxR-s3cg1-cortex-a34-neon)
09-25 12:36:22.967 28772 29877 W RPCS3   : [0x4030] At 0x40b4: indirect branch to 0x40b8 (E)
09-25 12:36:22.967 28772 29875 W RPCS3   : [0x4030] At 0x407c: indirect branch to 0x4080 (D)
09-25 12:36:22.967 28772 29875 W RPCS3   : [0x4030] At 0x40b4: indirect branch to 0x40b8 (E)
09-25 12:36:22.967 28772 29874 W RPCS3   : [0x4030] At 0x40b4: indirect branch to 0x40b8 (E)
09-25 12:36:22.967 28772 29878 W RPCS3   : [0x4030] At 0x407c: indirect branch to 0x4080 (D)
09-25 12:36:22.967 28772 29878 W RPCS3   : [0x4030] At 0x40b4: indirect branch to 0x40b8 (E)
09-25 12:36:22.979 28772 29877 W RPCS3   : [0x4080] At 0x40b4: indirect branch to 0x40b8 (E)
09-25 12:36:22.980 28772 29875 W RPCS3   : [0x4080] At 0x40b4: indirect branch to 0x40b8 (E)
09-25 12:36:22.980 28772 29876 I RPCS3   : New SPU block compiled successfully (size=34)
09-25 12:36:22.980 28772 29874 W RPCS3   : [0x4080] At 0x40b4: indirect branch to 0x40b8 (E)
09-25 12:36:22.980 28772 29878 W RPCS3   : [0x4080] At 0x40b4: indirect branch to 0x40b8 (E)
09-25 12:36:22.980 28772 29877 D RPCS3   : Building function 0x4080... (size 14, __spu-0x04080-X0yxemzvdJVm9wjSVzr1dy9mmoAp-s3cg1-cortex-a34-neon)
09-25 12:36:22.980 28772 29876 W RPCS3   : [0x4080] At 0x40b4: indirect branch to 0x40b8 (E)
09-25 12:36:22.992 28772 29875 W RPCS3   : [0x40b8] At 0x40c0: indirect branch to 0x40c4 (D)
09-25 12:36:22.992 28772 29878 W RPCS3   : [0x40b8] At 0x40c0: indirect branch to 0x40c4 (D)
09-25 12:36:22.992 28772 29877 I RPCS3   : New SPU block compiled successfully (size=14)
09-25 12:36:22.992 28772 29874 W RPCS3   : [0x40b8] At 0x40c0: indirect branch to 0x40c4 (D)
09-25 12:36:22.992 28772 29876 W RPCS3   : [0x40b8] At 0x40c0: indirect branch to 0x40c4 (D)
09-25 12:36:22.992 28772 29875 W RPCS3   : [0x40b8] At 0x40f4: indirect branch to 0x40f8 (E)
09-25 12:36:22.992 28772 29875 D RPCS3   : Building function 0x40b8... (size 16, __spu-0x040b8-TQpTYHFWYhJLVceu8Tc2GwVyg6Mn-s3cg1-cortex-a34-neon)
09-25 12:36:22.993 28772 29874 W RPCS3   : [0x40b8] At 0x40f4: indirect branch to 0x40f8 (E)
09-25 12:36:22.993 28772 29877 W RPCS3   : [0x40b8] At 0x40c0: indirect branch to 0x40c4 (D)
09-25 12:36:22.993 28772 29877 W RPCS3   : [0x40b8] At 0x40f4: indirect branch to 0x40f8 (E)
09-25 12:36:22.993 28772 29876 W RPCS3   : [0x40b8] At 0x40f4: indirect branch to 0x40f8 (E)
09-25 12:36:22.993 28772 29878 W RPCS3   : [0x40b8] At 0x40f4: indirect branch to 0x40f8 (E)
09-25 12:36:23.003 28772 29874 W RPCS3   : [0x40c4] At 0x40f4: indirect branch to 0x40f8 (E)
09-25 12:36:23.004 28772 29877 W RPCS3   : [0x40c4] At 0x40f4: indirect branch to 0x40f8 (E)
09-25 12:36:23.004 28772 29876 W RPCS3   : [0x40c4] At 0x40f4: indirect branch to 0x40f8 (E)
09-25 12:36:23.004 28772 29878 W RPCS3   : [0x40c4] At 0x40f4: indirect branch to 0x40f8 (E)
09-25 12:36:23.004 28772 29874 D RPCS3   : Building function 0x40c4... (size 13, __spu-0x040c4-NkAo8nnANhoXSuMrZW9q1wa1cc4i-s3cg1-cortex-a34-neon)
09-25 12:36:23.004 28772 29875 I RPCS3   : New SPU block compiled successfully (size=16)
09-25 12:36:23.004 28772 29875 W RPCS3   : [0x40c4] At 0x40f4: indirect branch to 0x40f8 (E)
09-25 12:36:23.018 28772 29877 W RPCS3   : [0x40e8] At 0x40f4: indirect branch to 0x40f8 (E)
09-25 12:36:23.018 28772 29876 W RPCS3   : [0x40e8] At 0x40f4: indirect branch to 0x40f8 (E)
09-25 12:36:23.018 28772 29878 W RPCS3   : [0x40e8] At 0x40f4: indirect branch to 0x40f8 (E)
09-25 12:36:23.018 28772 29874 I RPCS3   : New SPU block compiled successfully (size=13)
09-25 12:36:23.018 28772 29875 W RPCS3   : [0x40e8] At 0x40f4: indirect branch to 0x40f8 (E)
09-25 12:36:23.018 28772 29874 W RPCS3   : [0x40e8] At 0x40f4: indirect branch to 0x40f8 (E)
09-25 12:36:23.018 28772 29877 D RPCS3   : Building function 0x40e8... (size 4, __spu-0x040e8-1TFQMbmUwHXjemUMNmPeaq4kdoSh-s3cg1-cortex-a34-neon)
09-25 12:36:23.025 28772 29876 W RPCS3   : [0x40f8] At 0x4100: indirect branch to 0x4104 (D)
09-25 12:36:23.025 28772 29878 W RPCS3   : [0x40f8] At 0x4100: indirect branch to 0x4104 (D)
09-25 12:36:23.025 28772 29877 I RPCS3   : New SPU block compiled successfully (size=4)
09-25 12:36:23.025 28772 29878 W RPCS3   : [0x40f8] At 0x4134: indirect branch to 0x4138 (E)
09-25 12:36:23.025 28772 29875 W RPCS3   : [0x40f8] At 0x4100: indirect branch to 0x4104 (D)
09-25 12:36:23.025 28772 29875 W RPCS3   : [0x40f8] At 0x4134: indirect branch to 0x4138 (E)
09-25 12:36:23.025 28772 29876 W RPCS3   : [0x40f8] At 0x4134: indirect branch to 0x4138 (E)
09-25 12:36:23.025 28772 29874 W RPCS3   : [0x40f8] At 0x4100: indirect branch to 0x4104 (D)
09-25 12:36:23.025 28772 29878 D RPCS3   : Building function 0x40f8... (size 16, __spu-0x040f8-0suzMw3yJXuZveZhLofCzFEt4auY-s3cg1-cortex-a34-neon)
09-25 12:36:23.025 28772 29877 W RPCS3   : [0x40f8] At 0x4100: indirect branch to 0x4104 (D)
09-25 12:36:23.025 28772 29877 W RPCS3   : [0x40f8] At 0x4134: indirect branch to 0x4138 (E)
09-25 12:36:23.025 28772 29874 W RPCS3   : [0x40f8] At 0x4134: indirect branch to 0x4138 (E)
09-25 12:36:23.035 28772 29875 W RPCS3   : [0x4104] At 0x4134: indirect branch to 0x4138 (E)
09-25 12:36:23.035 28772 29876 W RPCS3   : [0x4104] At 0x4134: indirect branch to 0x4138 (E)
09-25 12:36:23.035 28772 29878 I RPCS3   : New SPU block compiled successfully (size=16)
09-25 12:36:23.035 28772 29874 W RPCS3   : [0x4104] At 0x4134: indirect branch to 0x4138 (E)
09-25 12:36:23.035 28772 29878 W RPCS3   : [0x4104] At 0x4134: indirect branch to 0x4138 (E)
09-25 12:36:23.035 28772 29877 W RPCS3   : [0x4104] At 0x4134: indirect branch to 0x4138 (E)
09-25 12:36:23.035 28772 29875 D RPCS3   : Building function 0x4104... (size 13, __spu-0x04104-A1ge6e9K52uAz3xna47my5kjkUY3-s3cg1-cortex-a34-neon)
09-25 12:36:23.049 28772 29876 W RPCS3   : [0x4128] At 0x4134: indirect branch to 0x4138 (E)
09-25 12:36:23.049 28772 29874 W RPCS3   : [0x4128] At 0x4134: indirect branch to 0x4138 (E)
09-25 12:36:23.049 28772 29875 I RPCS3   : New SPU block compiled successfully (size=13)
09-25 12:36:23.049 28772 29877 W RPCS3   : [0x4128] At 0x4134: indirect branch to 0x4138 (E)
09-25 12:36:23.049 28772 29876 D RPCS3   : Building function 0x4128... (size 4, __spu-0x04128-NjhUJCURgUYZLoyoFoCYHV3XR2hZ-s3cg1-cortex-a34-neon)
09-25 12:36:23.049 28772 29878 W RPCS3   : [0x4128] At 0x4134: indirect branch to 0x4138 (E)
09-25 12:36:23.049 28772 29875 W RPCS3   : [0x4128] At 0x4134: indirect branch to 0x4138 (E)
09-25 12:36:23.056 28772 29874 W RPCS3   : [0x4138] At 0x4148: indirect branch to 0x414c (D)
09-25 12:36:23.056 28772 29876 I RPCS3   : New SPU block compiled successfully (size=4)
09-25 12:36:23.056 28772 29877 W RPCS3   : [0x4138] At 0x4148: indirect branch to 0x414c (D)
09-25 12:36:23.056 28772 29878 W RPCS3   : [0x4138] At 0x4148: indirect branch to 0x414c (D)
09-25 12:36:23.056 28772 29874 W RPCS3   : [0x4138] At 0x4174: indirect branch to 0x4178 (E)
09-25 12:36:23.056 28772 29875 W RPCS3   : [0x4138] At 0x4148: indirect branch to 0x414c (D)
09-25 12:36:23.056 28772 29874 D RPCS3   : Building function 0x4138... (size 16, __spu-0x04138-q472Q7f5SXQGX00RcguAqGTrviww-s3cg1-cortex-a34-neon)
09-25 12:36:23.056 28772 29878 W RPCS3   : [0x4138] At 0x4174: indirect branch to 0x4178 (E)
09-25 12:36:23.056 28772 29876 W RPCS3   : [0x4138] At 0x4148: indirect branch to 0x414c (D)
09-25 12:36:23.056 28772 29875 W RPCS3   : [0x4138] At 0x4174: indirect branch to 0x4178 (E)
09-25 12:36:23.056 28772 29877 W RPCS3   : [0x4138] At 0x4174: indirect branch to 0x4178 (E)
09-25 12:36:23.066 28772 29878 W RPCS3   : [0x414c] At 0x4174: indirect branch to 0x4178 (E)
09-25 12:36:23.066 28772 29875 W RPCS3   : [0x414c] At 0x4174: indirect branch to 0x4178 (E)
09-25 12:36:23.066 28772 29878 D RPCS3   : Building function 0x414c... (size 11, __spu-0x0414c-YyiUNJkyHUJb34LYdPtK9c8qH08y-s3cg1-cortex-a34-neon)
09-25 12:36:23.066 28772 29876 W RPCS3   : [0x4138] At 0x4174: indirect branch to 0x4178 (E)
09-25 12:36:23.066 28772 29877 W RPCS3   : [0x414c] At 0x4174: indirect branch to 0x4178 (E)
09-25 12:36:23.066 28772 29876 W RPCS3   : [0x414c] At 0x4174: indirect branch to 0x4178 (E)
09-25 12:36:23.066 28772 29874 I RPCS3   : New SPU block compiled successfully (size=16)
09-25 12:36:23.066 28772 29874 W RPCS3   : [0x414c] At 0x4174: indirect branch to 0x4178 (E)
09-25 12:36:23.078 28772 29875 D RPCS3   : Building function 0x4178... (size 44, __spu-0x04178-52Nn6yKVtz0aFseuLKRZChocFAoF-s3cg1-cortex-a34-neon)
09-25 12:36:23.078 28772 29878 I RPCS3   : New SPU block compiled successfully (size=11)
09-25 12:36:23.097 28772 29877 W RPCS3   : [0x4680] At 0x4688: indirect branch to 0x468c (D)
09-25 12:36:23.097 28772 29874 W RPCS3   : [0x4680] At 0x4688: indirect branch to 0x468c (D)
09-25 12:36:23.097 28772 29876 W RPCS3   : [0x4680] At 0x4688: indirect branch to 0x468c (D)
09-25 12:36:23.097 28772 29877 D RPCS3   : SPU block is a loop at [0x046a0 -> 0x046a0]
09-25 12:36:23.097 28772 29878 W RPCS3   : [0x4680] At 0x4688: indirect branch to 0x468c (D)
09-25 12:36:23.097 28772 29874 D RPCS3   : SPU block is a loop at [0x046a0 -> 0x046a0]
09-25 12:36:23.097 28772 29877 D RPCS3   : Building function 0x4680... (size 40, __spu-0x04680-SGtm0xoTbkVZrvyW6rFr4a7VeteM-s3cg1-cortex-a34-neon)
09-25 12:36:23.097 28772 29875 I RPCS3   : New SPU block compiled successfully (size=44)
09-25 12:36:23.097 28772 29876 D RPCS3   : SPU block is a loop at [0x046a0 -> 0x046a0]
09-25 12:36:23.097 28772 29878 D RPCS3   : SPU block is a loop at [0x046a0 -> 0x046a0]
09-25 12:36:23.097 28772 29875 W RPCS3   : [0x4680] At 0x4688: indirect branch to 0x468c (D)
09-25 12:36:23.098 28772 29875 D RPCS3   : SPU block is a loop at [0x046a0 -> 0x046a0]
09-25 12:36:23.107 28772 29877 I RPCS3   : New SPU block compiled successfully (size=40)
09-25 12:36:23.107 28772 29878 D RPCS3   : SPU block is a loop at [0x046a0 -> 0x046a0]
09-25 12:36:23.107 28772 29876 D RPCS3   : SPU block is a loop at [0x046a0 -> 0x046a0]
09-25 12:36:23.107 28772 29876 D RPCS3   : Building function 0x468c... (size 37, __spu-0x0468c-M5JLge05H99TMHb9cnqavFmewadp-s3cg1-cortex-a34-neon)
09-25 12:36:23.107 28772 29875 D RPCS3   : SPU block is a loop at [0x046a0 -> 0x046a0]
09-25 12:36:23.107 28772 29877 D RPCS3   : SPU block is a loop at [0x046a0 -> 0x046a0]
09-25 12:36:23.107 28772 29874 D RPCS3   : SPU block is a loop at [0x046a0 -> 0x046a0]
09-25 12:36:23.107 28772 29876 W RPCS3   : [0x4714] MFC_Cmd: $7 is not a constant
09-25 12:36:23.121 28772 29876 I RPCS3   : New SPU block compiled successfully (size=37)
09-25 12:36:23.121 28772 29875 D RPCS3   : Building function 0x45e4... (size 16, __spu-0x045e4-pKJo2NecpefrC46pTHwo2UV84eQg-s3cg1-cortex-a34-neon)
09-25 12:36:23.122 28772 29875 D RPCS3   : Function __spu-0x045e4-pKJo2NecpefrC46pTHwo2UV84eQg-s3cg1-cortex-a34-neon dump:
09-25 12:36:23.122 28772 29875 D RPCS3   : ========== SPU BLOCK 0x045e4 (size 16, pKJo2NecpefrC46pTHwo2UV84eQg) ==========
09-25 12:36:23.122 28772 29875 D RPCS3   : 
09-25 12:36:23.122 28772 29875 D RPCS3   : A: [0x045e4] Entry
09-25 12:36:23.122 28772 29875 D RPCS3   : 	 F: 0x40000
09-25 12:36:23.122 28772 29875 D RPCS3   : 
09-25 12:36:23.122 28772 29875 D RPCS3   : >	000045e4:	01 a0 04 51	rdch       r81,SPU_RdDec
09-25 12:36:23.122 28772 29875 D RPCS3   : >	000045e8:	42 03 c6 50	ila        r80,0x78c
09-25 12:36:23.122 28772 29875 D RPCS3   : >	000045ec:	18 1f a8 50	a          r80,r80,r126
09-25 12:36:23.122 28772 29875 D RPCS3   : >	000045f0:	34 00 28 03	lqd        r3,0(r80)
09-25 12:36:23.122 28772 29875 D RPCS3   : >	000045f4:	3b 94 01 83	rotqby     r3,r3,r80
09-25 12:36:23.122 28772 29875 D RPCS3   : >	000045f8:	21 00 0d 03	brnz       r3,0x4660
09-25 12:36:23.122 28772 29875 D RPCS3   : 
09-25 12:36:23.122 28772 29875 D RPCS3   : 	-> 0x04660 (null)
09-25 12:36:23.122 28772 29875 D RPCS3   : 	-> 0x045fc
09-25 12:36:23.122 28772 29875 D RPCS3   : 
09-25 12:36:23.122 28772 29875 D RPCS3   : A: [0x045fc] Block
09-25 12:36:23.122 28772 29875 D RPCS3   : 	 F: 0x40000
09-25 12:36:23.122 28772 29875 D RPCS3   : 	 <- 0x045e4
09-25 12:36:23.122 28772 29875 D RPCS3   : 
09-25 12:36:23.122 28772 29875 D RPCS3   : >	000045fc:	01 a0 04 4f	rdch       r79,SPU_RdDec
09-25 12:36:23.122 28772 29875 D RPCS3   : >	00004600:	08 14 67 ce	sf         r78,r79,r81
09-25 12:36:23.122 28772 29875 D RPCS3   : >	00004604:	18 13 a9 03	a          r3,r82,r78
09-25 12:36:23.122 28772 29875 D RPCS3   : >	00004608:	1c 18 00 81	ai         sp,sp,0x60
09-25 12:36:23.122 28772 29875 D RPCS3   : >	0000460c:	34 ff 00 fe	lqd        r126,-0x40(sp)
09-25 12:36:23.122 28772 29875 D RPCS3   : >	00004610:	34 ff 40 d2	lqd        r82,-0x30(sp)
09-25 12:36:23.122 28772 29875 D RPCS3   : >	00004614:	34 ff 80 d1	lqd        r81,-0x20(sp)
09-25 12:36:23.122 28772 29875 D RPCS3   : >	00004618:	34 ff c0 d0	lqd        r80,-0x10(sp)
09-25 12:36:23.122 28772 29875 D RPCS3   : >	0000461c:	34 00 40 80	lqd        lr,0x10(sp)
09-25 12:36:23.122 28772 29875 D RPCS3   : >	00004620:	35 08 00 00	bid        lr
09-25 12:36:23.122 28772 29875 D RPCS3   : 
09-25 12:36:23.122 28772 29875 D RPCS3   : 
09-25 12:36:23.122 28772 29875 D RPCS3   : 
09-25 12:36:23.134 28772 29875 I RPCS3   : New SPU block compiled successfully (size=16)
09-25 12:36:23.156 28772 29874 D RPCS3   : SPU block is a loop at [0x0bdd8 -> 0x0bdd8]
09-25 12:36:23.156 28772 29877 D RPCS3   : SPU block is a loop at [0x0bdd8 -> 0x0bdd8]
09-25 12:36:23.156 28772 29878 D RPCS3   : SPU block is a loop at [0x0bdd8 -> 0x0bdd8]
09-25 12:36:23.156 28772 29874 D RPCS3   : Building function 0xbcc0... (size 94, __spu-0x0bcc0-48FNmLciazFnACqVM5SFSSiQY9KH-s3cg1-cortex-a34-neon)
09-25 12:36:23.156 28772 29876 D RPCS3   : SPU block is a loop at [0x0bdd8 -> 0x0bdd8]
09-25 12:36:23.157 28772 29874 W RPCS3   : [__spu-0x0bcc0-48FNmLciazFnACqVM5SFSSiQY9KH-s3cg1-cortex-a34-neon:0x0bda0] Unmatched spu_rsqrte(c) found in FMA
09-25 12:36:23.157 28772 29875 D RPCS3   : SPU block is a loop at [0x0bdd8 -> 0x0bdd8]
09-25 12:36:23.185 28772 29874 I RPCS3   : New SPU block compiled successfully (size=94)
09-25 12:36:23.185 28772 29874 D RPCS3   : SPU block is a loop at [0x0b928 -> 0x0b928]
09-25 12:36:23.185 28772 29877 D RPCS3   : SPU block is a loop at [0x0b928 -> 0x0b928]
09-25 12:36:23.185 28772 29876 D RPCS3   : SPU block is a loop at [0x0b928 -> 0x0b928]
09-25 12:36:23.185 28772 29874 D RPCS3   : SPU block is a loop at [0x0b7f0 -> 0x0b7f0]
09-25 12:36:23.185 28772 29877 D RPCS3   : SPU block is a loop at [0x0b7f0 -> 0x0b7f0]
09-25 12:36:23.185 28772 29876 D RPCS3   : SPU block is a loop at [0x0b7f0 -> 0x0b7f0]
09-25 12:36:23.186 28772 29877 D RPCS3   : SPU block is a loop at [0x0b6b8 -> 0x0b6b8]
09-25 12:36:23.186 28772 29874 D RPCS3   : SPU block is a loop at [0x0b6b8 -> 0x0b6b8]
09-25 12:36:23.186 28772 29876 D RPCS3   : SPU block is a loop at [0x0b6b8 -> 0x0b6b8]
09-25 12:36:23.186 28772 29875 D RPCS3   : SPU block is a loop at [0x0b928 -> 0x0b928]
09-25 12:36:23.186 28772 29877 D RPCS3   : Building function 0xb688... (size 184, __spu-0x0b688-SGozpJWAnhrNv0sZ40zhRn1i7pG2-s3cg1-cortex-a34-neon)
09-25 12:36:23.186 28772 29875 D RPCS3   : SPU block is a loop at [0x0b7f0 -> 0x0b7f0]
09-25 12:36:23.186 28772 29875 D RPCS3   : SPU block is a loop at [0x0b6b8 -> 0x0b6b8]
09-25 12:36:23.187 28772 29877 W RPCS3   : [__spu-0x0b688-SGozpJWAnhrNv0sZ40zhRn1i7pG2-s3cg1-cortex-a34-neon:0x0b838] Unmatched spu_rsqrte(c) found in FMA
09-25 12:36:23.187 28772 29878 D RPCS3   : SPU block is a loop at [0x0b928 -> 0x0b928]
09-25 12:36:23.187 28772 29878 D RPCS3   : SPU block is a loop at [0x0b7f0 -> 0x0b7f0]
09-25 12:36:23.187 28772 29878 D RPCS3   : SPU block is a loop at [0x0b6b8 -> 0x0b6b8]
09-25 12:36:23.228 28772 29877 I RPCS3   : New SPU block compiled successfully (size=184)
09-25 12:36:23.462 28772 28772 I S3TOUCH : root action=down x=2403 y=1061
09-25 12:36:23.462 28772 28772 I S3TOUCH : monitor action=down consumed=false
09-25 12:36:23.462 28772 28772 I S3TOUCH : pad action=down menu=false
09-25 12:36:23.508 28772 29822 W RPCS3   : cellVdecClose(handle=0xf0000200)
09-25 12:36:23.508 28772 29888 W RPCS3   : sys_fs_close(fd=21): Regular file, '/dev_bdvd/PS3_GAME/USRDIR/CINEMATICS/OPENINGINT.M2V', Mode: 0x0, Flags: 0x0, Pos/Size: 4.6875MB/301.227MB (0x4b0000/0x12d3a0c3)
09-25 12:36:23.508 28772 29822 W RPCS3   : _sys_interrupt_thread_disestablish(ih=0x100002a, r13=*0xd0010840)
09-25 12:36:23.508 28772 30043 W RPCS3   : AU decoding: aborted (handle=0xf0000200, seq_id=1, cmd_id=88, abort_decode=1)
09-25 12:36:23.508 28772 30043 W RPCS3   : 'vdecEntry' aborted (0.010075s)
09-25 12:36:23.508 28772 30043 D RPCS3   : PPU thread perf stats are not available.
09-25 12:36:23.543 28772 29874 W RPCS3   : [0x76e0] At 0x7764: indirect branch to 0x7768 (D)
09-25 12:36:23.544 28772 29875 W RPCS3   : [0x76e0] At 0x7764: indirect branch to 0x7768 (D)
09-25 12:36:23.544 28772 29876 W RPCS3   : [0x76e0] At 0x7764: indirect branch to 0x7768 (D)
09-25 12:36:23.544 28772 29875 D RPCS3   : Building function 0x76e0... (size 34, __spu-0x076e0-dYQHRLdZoGPfjqxMuzmzNnn4Yy6z-s3cg1-cortex-a34-neon)
09-25 12:36:23.544 28772 29878 D RPCS3   : Building function 0x700c... (size 2, __spu-0x0700c-dN5JoEHKFCfVAG4NUu01SV23xLMx-s3cg1-cortex-a34-neon)
09-25 12:36:23.545 28772 29877 D RPCS3   : SPU block is a loop at [0x069c8 -> 0x069c8]
09-25 12:36:23.545 28772 29877 D RPCS3   : Building function 0x6988... (size 44, __spu-0x06988-4Nzeh1m72Nyt0z3XizQvSKHt9wmZ-s3cg1-cortex-a34-neon)
09-25 12:36:23.553 28772 29878 I RPCS3   : New SPU block compiled successfully (size=2)
09-25 12:36:23.563 28772 29875 I RPCS3   : New SPU block compiled successfully (size=34)
09-25 12:36:23.563 28772 29876 W RPCS3   : [0x76c8] At 0x7f60: indirect branch to 0x7f64 (D)
09-25 12:36:23.563 28772 29876 W RPCS3   : [0x76c8] At 0x7764: indirect branch to 0x7768 (D)
09-25 12:36:23.563 28772 29875 W RPCS3   : [0x76c8] At 0x7f60: indirect branch to 0x7f64 (D)
09-25 12:36:23.563 28772 29876 D RPCS3   : SPU block is a loop at [0x076e0 -> 0x076c8]
09-25 12:36:23.563 28772 29874 W RPCS3   : [0x76c8] At 0x7f60: indirect branch to 0x7f64 (D)
09-25 12:36:23.563 28772 29874 W RPCS3   : [0x76c8] At 0x7764: indirect branch to 0x7768 (D)
09-25 12:36:23.563 28772 29876 D RPCS3   : Building function 0x76c8... (size 40, __spu-0x076c8-be341RXG8rVHnXUeViSZw5a6XTph-s3cg1-cortex-a34-neon)
09-25 12:36:23.563 28772 29874 D RPCS3   : SPU block is a loop at [0x076e0 -> 0x076c8]
09-25 12:36:23.564 28772 29877 I RPCS3   : New SPU block compiled successfully (size=44)
09-25 12:36:23.564 28772 29877 D RPCS3   : Building function 0x9d7c... (size 5, __spu-0x09d7c-43Tqmjv1vJQ0EaV5peFht69X2o1d-s3cg1-cortex-a34-neon)
09-25 12:36:23.571 28772 29877 I RPCS3   : New SPU block compiled successfully (size=5)
09-25 12:36:23.571 28772 29877 D RPCS3   : SPU block is a loop at [0x069c8 -> 0x069c8]
09-25 12:36:23.571 28772 29877 D RPCS3   : Building function 0x69b4... (size 33, __spu-0x069b4-HCbNkrsSn360hdFg9kVi9NVrEP9C-s3cg1-cortex-a34-neon)
09-25 12:36:23.576 28772 29878 D RPCS3   : SPU block is a loop at [0x05b5c -> 0x05ac8]
09-25 12:36:23.576 28772 29878 D RPCS3   : SPU block is a loop at [0x05964 -> 0x058d8]
09-25 12:36:23.576 28772 29878 D RPCS3   : Building function 0x57f8... (size 425, __spu-0x057f8-Ye8VagXj5XajocKuJjTSft5bGmEA-s3cg1-cortex-a34-neon)
09-25 12:36:23.577 28772 29878 D RPCS3   : mpy32 in __spu-0x057f8-Ye8VagXj5XajocKuJjTSft5bGmEA-s3cg1-cortex-a34-neon at 0x058b8
09-25 12:36:23.578 28772 29878 D RPCS3   : mpy32 in __spu-0x057f8-Ye8VagXj5XajocKuJjTSft5bGmEA-s3cg1-cortex-a34-neon at 0x05974
09-25 12:36:23.579 28772 29878 D RPCS3   : mpy32 in __spu-0x057f8-Ye8VagXj5XajocKuJjTSft5bGmEA-s3cg1-cortex-a34-neon at 0x05aac
09-25 12:36:23.579 28772 29878 D RPCS3   : mpy32 in __spu-0x057f8-Ye8VagXj5XajocKuJjTSft5bGmEA-s3cg1-cortex-a34-neon at 0x05b6c
09-25 12:36:23.580 28772 29875 W RPCS3   : [0x76c8] At 0x7764: indirect branch to 0x7768 (D)
09-25 12:36:23.580 28772 29875 D RPCS3   : SPU block is a loop at [0x076e0 -> 0x076c8]
09-25 12:36:23.580 28772 29878 D RPCS3   : mpy32 in __spu-0x057f8-Ye8VagXj5XajocKuJjTSft5bGmEA-s3cg1-cortex-a34-neon at 0x05c28
09-25 12:36:23.581 28772 29878 D RPCS3   : mpy32 in __spu-0x057f8-Ye8VagXj5XajocKuJjTSft5bGmEA-s3cg1-cortex-a34-neon at 0x05ce4
09-25 12:36:23.581 28772 29876 I RPCS3   : New SPU block compiled successfully (size=40)
09-25 12:36:23.581 28772 29874 W RPCS3   : [0x7f14] At 0x7f60: indirect branch to 0x7f64 (D)
09-25 12:36:23.581 28772 29874 D RPCS3   : Building function 0x7f14... (size 20, __spu-0x07f14-re6NXPJGHExHxkTF7nXhf91W1jSM-s3cg1-cortex-a34-neon)
09-25 12:36:23.581 28772 29876 W RPCS3   : [0x8510] At 0x8580: indirect branch to 0x8584 (D)
09-25 12:36:23.581 28772 29876 D RPCS3   : Building function 0x8510... (size 29, __spu-0x08510-kjjKLwozipVfSnXCRvcnj8SPAz82-s3cg1-cortex-a34-neon)
09-25 12:36:23.586 28772 29875 W RPCS3   : [0x8510] At 0x8580: indirect branch to 0x8584 (D)
09-25 12:36:23.590 28772 29877 I RPCS3   : New SPU block compiled successfully (size=33)
09-25 12:36:23.595 28772 29874 I RPCS3   : New SPU block compiled successfully (size=20)
09-25 12:36:23.597 28772 29876 I RPCS3   : New SPU block compiled successfully (size=29)
09-25 12:36:23.598 28772 29877 D RPCS3   : SPU block is a loop at [0x05de0 -> 0x05de0]
09-25 12:36:23.598 28772 29877 D RPCS3   : Building function 0x5d78... (size 73, __spu-0x05d78-1Kidp3gbAWffMzb9hAC8tGr109vu-s3cg1-cortex-a34-neon)
09-25 12:36:23.613 28772 29875 W RPCS3   : [0xb450] At 0xcd68: indirect branch to 0xcd6c (D)
09-25 12:36:23.613 28772 29875 W RPCS3   : [0xb450] At 0xcc20: indirect branch to 0xcc24 (D)
09-25 12:36:23.613 28772 29875 W RPCS3   : [0xb450] At 0xc66c: indirect branch to 0xc670 (D)
09-25 12:36:23.613 28772 29876 W RPCS3   : [0xb450] At 0xcd68: indirect branch to 0xcd6c (D)
09-25 12:36:23.613 28772 29876 W RPCS3   : [0xb450] At 0xcc20: indirect branch to 0xcc24 (D)
09-25 12:36:23.613 28772 29876 W RPCS3   : [0xb450] At 0xc66c: indirect branch to 0xc670 (D)
09-25 12:36:23.613 28772 29876 D RPCS3   : SPU block is a loop at [0x0b648 -> 0x0b648]
09-25 12:36:23.613 28772 29876 D RPCS3   : Building function 0xb450... (size 214, __spu-0x0b450-i3fW7EhSNZ1EZdqXm4kUh6oy87Q1-s3cg1-cortex-a34-neon)
09-25 12:36:23.622 28772 29875 D RPCS3   : SPU block is a loop at [0x0b648 -> 0x0b648]
09-25 12:36:23.624 28772 29877 I RPCS3   : New SPU block compiled successfully (size=73)
09-25 12:36:23.624 28772 29877 D RPCS3   : SPU block is a loop at [0x07ab8 -> 0x07ab8]
09-25 12:36:23.625 28772 29877 D RPCS3   : Building function 0x7a44... (size 107, __spu-0x07a44-4cqpRNGSnW3pK5p9PZQNWQZb6rUx-s3cg1-cortex-a34-neon)
09-25 12:36:23.631 28772 29874 D RPCS3   : SPU block is a loop at [0x05b5c -> 0x05ac8]
09-25 12:36:23.631 28772 29874 D RPCS3   : SPU block is a loop at [0x05964 -> 0x058d8]
09-25 12:36:23.647 28772 29877 I RPCS3   : New SPU block compiled successfully (size=107)
09-25 12:36:23.667 28772 29877 D RPCS3   : SPU block is a loop at [0x05b5c -> 0x05ac8]
09-25 12:36:23.667 28772 29877 D RPCS3   : SPU block is a loop at [0x05964 -> 0x058d8]
09-25 12:36:23.671 28772 29876 I RPCS3   : New SPU block compiled successfully (size=214)
09-25 12:36:23.689 28772 29878 I RPCS3   : New SPU block compiled successfully (size=425)
09-25 12:36:23.691 28772 29875 D RPCS3   : SPU block is a loop at [0x05b5c -> 0x05ac8]
09-25 12:36:23.692 28772 29875 D RPCS3   : SPU block is a loop at [0x05964 -> 0x058d8]
09-25 12:36:23.692 28772 29876 D RPCS3   : SPU block is a loop at [0x05b5c -> 0x05ac8]
09-25 12:36:23.692 28772 29876 D RPCS3   : SPU block is a loop at [0x05964 -> 0x058d8]
09-25 12:36:23.715 28772 29878 D RPCS3   : SPU block is a loop at [0x057dc -> 0x05748]
09-25 12:36:23.715 28772 29878 D RPCS3   : Building function 0x5748... (size 469, __spu-0x05748-NsNH7S3LMFi230SgvNWq60tUu4Nb-s3cg1-cortex-a34-neon)
09-25 12:36:23.716 28772 29878 D RPCS3   : mpy32 in __spu-0x05748-NsNH7S3LMFi230SgvNWq60tUu4Nb-s3cg1-cortex-a34-neon at 0x057ec
09-25 12:36:23.716 28772 29878 D RPCS3   : mpy32 in __spu-0x05748-NsNH7S3LMFi230SgvNWq60tUu4Nb-s3cg1-cortex-a34-neon at 0x058b8
09-25 12:36:23.716 28772 29878 D RPCS3   : mpy32 in __spu-0x05748-NsNH7S3LMFi230SgvNWq60tUu4Nb-s3cg1-cortex-a34-neon at 0x05974
09-25 12:36:23.717 28772 29878 D RPCS3   : mpy32 in __spu-0x05748-NsNH7S3LMFi230SgvNWq60tUu4Nb-s3cg1-cortex-a34-neon at 0x05aac
09-25 12:36:23.717 28772 29878 D RPCS3   : mpy32 in __spu-0x05748-NsNH7S3LMFi230SgvNWq60tUu4Nb-s3cg1-cortex-a34-neon at 0x05b6c
09-25 12:36:23.717 28772 29878 D RPCS3   : mpy32 in __spu-0x05748-NsNH7S3LMFi230SgvNWq60tUu4Nb-s3cg1-cortex-a34-neon at 0x05c28
09-25 12:36:23.718 28772 29878 D RPCS3   : mpy32 in __spu-0x05748-NsNH7S3LMFi230SgvNWq60tUu4Nb-s3cg1-cortex-a34-neon at 0x05ce4
09-25 12:36:23.722 28772 29876 D RPCS3   : SPU block is a loop at [0x057dc -> 0x05748]
09-25 12:36:23.722 28772 29877 D RPCS3   : SPU block is a loop at [0x057dc -> 0x05748]
09-25 12:36:23.723 28772 29875 D RPCS3   : SPU block is a loop at [0x057dc -> 0x05748]
09-25 12:36:23.726 28772 29874 D RPCS3   : SPU block is a loop at [0x057dc -> 0x05748]
09-25 12:36:23.803 28772 29878 I RPCS3   : New SPU block compiled successfully (size=469)
09-25 12:36:23.803 28772 29876 D RPCS3   : Building function 0x7014... (size 3, __spu-0x07014-gAQp9MXtqMSQg9bMVA93SwMr2f0c-s3cg1-cortex-a34-neon)
09-25 12:36:23.806 28772 28810 D S3PERF  : crosscheck source=surface presented=2094 json_fps=26.0896 json_frametime_ms=16.656
09-25 12:36:23.809 28772 29876 I RPCS3   : New SPU block compiled successfully (size=3)
09-25 12:36:23.823 28772 28772 W DefaultDispatch: type=1400 audit(0.0:6991133): avc:  denied  { search } for  name="zram0" dev="sysfs" ino=107524 scontext=u:r:untrusted_app:s0:c207,c257,c512,c768 tcontext=u:object_r:sysfs_zram:s0 tclass=dir permissive=0 app=com.zenithblue.sambas3
09-25 12:36:23.829 28772 28810 D S3PERF  : crosscheck ui_snapshot_fps=26.0896 ui_snapshot_frametime_ms=16.656
09-25 12:36:23.827 28772 28772 W DefaultDispatch: type=1400 audit(0.0:6991134): avc:  denied  { search } for  name="zram0" dev="sysfs" ino=107524 scontext=u:r:untrusted_app:s0:c207,c257,c512,c768 tcontext=u:object_r:sysfs_zram:s0 tclass=dir permissive=0 app=com.zenithblue.sambas3
09-25 12:36:23.840 28772 29878 D RPCS3   : SPU block is a loop at [0x05964 -> 0x058d8]
09-25 12:36:23.841 28772 29878 D RPCS3   : SPU block is a loop at [0x057dc -> 0x05748]
09-25 12:36:23.841 28772 29875 D RPCS3   : SPU block is a loop at [0x05964 -> 0x058d8]
09-25 12:36:23.841 28772 29878 D RPCS3   : Building function 0x55f8... (size 553, __spu-0x055f8-ZnjrpzgZJrUrK25wXkqTePNM6y3H-s3cg1-cortex-a34-neon)
09-25 12:36:23.841 28772 29875 D RPCS3   : SPU block is a loop at [0x057dc -> 0x05748]
09-25 12:36:23.841 28772 29876 D RPCS3   : SPU block is a loop at [0x05964 -> 0x058d8]
09-25 12:36:23.841 28772 29876 D RPCS3   : SPU block is a loop at [0x057dc -> 0x05748]
09-25 12:36:23.842 28772 29878 D RPCS3   : mpy32 in __spu-0x055f8-ZnjrpzgZJrUrK25wXkqTePNM6y3H-s3cg1-cortex-a34-neon at 0x0572c
09-25 12:36:23.842 28772 29878 D RPCS3   : mpy32 in __spu-0x055f8-ZnjrpzgZJrUrK25wXkqTePNM6y3H-s3cg1-cortex-a34-neon at 0x057ec
09-25 12:36:23.843 28772 29878 D RPCS3   : mpy32 in __spu-0x055f8-ZnjrpzgZJrUrK25wXkqTePNM6y3H-s3cg1-cortex-a34-neon at 0x058b8
09-25 12:36:23.843 28772 29878 D RPCS3   : mpy32 in __spu-0x055f8-ZnjrpzgZJrUrK25wXkqTePNM6y3H-s3cg1-cortex-a34-neon at 0x05974
09-25 12:36:23.844 28772 29878 D RPCS3   : mpy32 in __spu-0x055f8-ZnjrpzgZJrUrK25wXkqTePNM6y3H-s3cg1-cortex-a34-neon at 0x05aac
09-25 12:36:23.844 28772 29874 D RPCS3   : SPU block is a loop at [0x05964 -> 0x058d8]
09-25 12:36:23.844 28772 29874 D RPCS3   : SPU block is a loop at [0x057dc -> 0x05748]
09-25 12:36:23.844 28772 29878 D RPCS3   : mpy32 in __spu-0x055f8-ZnjrpzgZJrUrK25wXkqTePNM6y3H-s3cg1-cortex-a34-neon at 0x05b6c
09-25 12:36:23.845 28772 29878 D RPCS3   : mpy32 in __spu-0x055f8-ZnjrpzgZJrUrK25wXkqTePNM6y3H-s3cg1-cortex-a34-neon at 0x05c28
09-25 12:36:23.846 28772 29878 D RPCS3   : mpy32 in __spu-0x055f8-ZnjrpzgZJrUrK25wXkqTePNM6y3H-s3cg1-cortex-a34-neon at 0x05ce4
09-25 12:36:23.848 28772 29877 D RPCS3   : SPU block is a loop at [0x05964 -> 0x058d8]
09-25 12:36:23.848 28772 29877 D RPCS3   : SPU block is a loop at [0x057dc -> 0x05748]
09-25 12:36:23.980 28772 29878 I RPCS3   : New SPU block compiled successfully (size=553)
09-25 12:36:24.019 28772 29876 D RPCS3   : SPU block is a loop at [0x055dc -> 0x05550]
09-25 12:36:24.021 28772 29878 D RPCS3   : SPU block is a loop at [0x055dc -> 0x05550]
09-25 12:36:24.021 28772 29877 D RPCS3   : SPU block is a loop at [0x055dc -> 0x05550]
09-25 12:36:24.021 28772 29876 D RPCS3   : Building function 0x5550... (size 595, __spu-0x05550-dUYjriAZzcTWxTFyGnkvfM5iSqxo-s3cg1-cortex-a34-neon)
09-25 12:36:24.022 28772 29874 D RPCS3   : SPU block is a loop at [0x055dc -> 0x05550]
09-25 12:36:24.022 28772 29876 D RPCS3   : mpy32 in __spu-0x05550-dUYjriAZzcTWxTFyGnkvfM5iSqxo-s3cg1-cortex-a34-neon at 0x055ec
09-25 12:36:24.023 28772 29876 D RPCS3   : mpy32 in __spu-0x05550-dUYjriAZzcTWxTFyGnkvfM5iSqxo-s3cg1-cortex-a34-neon at 0x0572c
09-25 12:36:24.023 28772 29876 D RPCS3   : mpy32 in __spu-0x05550-dUYjriAZzcTWxTFyGnkvfM5iSqxo-s3cg1-cortex-a34-neon at 0x057ec
09-25 12:36:24.024 28772 29876 D RPCS3   : mpy32 in __spu-0x05550-dUYjriAZzcTWxTFyGnkvfM5iSqxo-s3cg1-cortex-a34-neon at 0x058b8
09-25 12:36:24.024 28772 29876 D RPCS3   : mpy32 in __spu-0x05550-dUYjriAZzcTWxTFyGnkvfM5iSqxo-s3cg1-cortex-a34-neon at 0x05974
09-25 12:36:24.025 28772 29876 D RPCS3   : mpy32 in __spu-0x05550-dUYjriAZzcTWxTFyGnkvfM5iSqxo-s3cg1-cortex-a34-neon at 0x05aac
09-25 12:36:24.026 28772 29875 D RPCS3   : SPU block is a loop at [0x055dc -> 0x05550]
09-25 12:36:24.026 28772 29876 D RPCS3   : mpy32 in __spu-0x05550-dUYjriAZzcTWxTFyGnkvfM5iSqxo-s3cg1-cortex-a34-neon at 0x05b6c
09-25 12:36:24.026 28772 29876 D RPCS3   : mpy32 in __spu-0x05550-dUYjriAZzcTWxTFyGnkvfM5iSqxo-s3cg1-cortex-a34-neon at 0x05c28
09-25 12:36:24.027 28772 29876 D RPCS3   : mpy32 in __spu-0x05550-dUYjriAZzcTWxTFyGnkvfM5iSqxo-s3cg1-cortex-a34-neon at 0x05ce4
09-25 12:36:24.171 28772 29876 I RPCS3   : New SPU block compiled successfully (size=595)
09-25 12:36:24.172 28772 29877 D RPCS3   : SPU block is a loop at [0x06b78 -> 0x06b5c]
09-25 12:36:24.172 28772 29877 D RPCS3   : SPU block is a loop at [0x06d2c -> 0x06b78]
09-25 12:36:24.172 28772 29876 D RPCS3   : SPU block is a loop at [0x06b78 -> 0x06b5c]
09-25 12:36:24.172 28772 29875 D RPCS3   : SPU block is a loop at [0x06b78 -> 0x06b5c]
09-25 12:36:24.172 28772 29876 D RPCS3   : SPU block is a loop at [0x06d2c -> 0x06b78]
09-25 12:36:24.172 28772 29878 D RPCS3   : SPU block is a loop at [0x06b78 -> 0x06b5c]
09-25 12:36:24.172 28772 29877 D RPCS3   : Building function 0x6a38... (size 220, __spu-0x06a38-7P8GV9x8xNrgevpc6XTfjHFpmoqi-s3cg1-cortex-a34-neon)
09-25 12:36:24.172 28772 29875 D RPCS3   : SPU block is a loop at [0x06d2c -> 0x06b78]
09-25 12:36:24.172 28772 29878 D RPCS3   : SPU block is a loop at [0x06d2c -> 0x06b78]
09-25 12:36:24.172 28772 29874 D RPCS3   : SPU block is a loop at [0x06b78 -> 0x06b5c]
09-25 12:36:24.172 28772 29874 D RPCS3   : SPU block is a loop at [0x06d2c -> 0x06b78]
09-25 12:36:24.173 28772 29877 W RPCS3   : [__spu-0x06a38-7P8GV9x8xNrgevpc6XTfjHFpmoqi-s3cg1-cortex-a34-neon:0x06a98] Unmatched spu_re(b) found in FMA
09-25 12:36:24.173 28772 29877 W RPCS3   : [__spu-0x06a38-7P8GV9x8xNrgevpc6XTfjHFpmoqi-s3cg1-cortex-a34-neon:0x06aac] Unmatched spu_re(b) found in FMA
09-25 12:36:24.173 28772 29877 W RPCS3   : [__spu-0x06a38-7P8GV9x8xNrgevpc6XTfjHFpmoqi-s3cg1-cortex-a34-neon:0x06d10] Unmatched spu_rsqrte(c) found in FMA
09-25 12:36:24.174 28772 29877 W RPCS3   : [__spu-0x06a38-7P8GV9x8xNrgevpc6XTfjHFpmoqi-s3cg1-cortex-a34-neon:0x06d88] Unmatched spu_re(b) found in FMA
09-25 12:36:24.245 28772 29877 I RPCS3   : New SPU block compiled successfully (size=220)
09-25 12:36:24.245 28772 29874 D RPCS3   : SPU block is a loop at [0x06e70 -> 0x06e88]
09-25 12:36:24.246 28772 29878 D RPCS3   : SPU block is a loop at [0x06e70 -> 0x06e88]
09-25 12:36:24.246 28772 29876 D RPCS3   : SPU block is a loop at [0x06e70 -> 0x06e88]
09-25 12:36:24.246 28772 29877 D RPCS3   : SPU block is a loop at [0x06e70 -> 0x06e88]
09-25 12:36:24.246 28772 29875 D RPCS3   : SPU block is a loop at [0x06e70 -> 0x06e88]
09-25 12:36:24.246 28772 29876 D RPCS3   : SPU block is a loop at [0x06e6c -> 0x06e70]
09-25 12:36:24.246 28772 29878 D RPCS3   : SPU block is a loop at [0x06e6c -> 0x06e70]
09-25 12:36:24.246 28772 29874 D RPCS3   : SPU block is a loop at [0x06e6c -> 0x06e70]
09-25 12:36:24.246 28772 29877 D RPCS3   : SPU block is a loop at [0x06e6c -> 0x06e70]
09-25 12:36:24.246 28772 29874 D RPCS3   : Building function 0x6e28... (size 115, __spu-0x06e28-9iU5MxNpQwy7aWZnWeHefF5R5LC2-s3cg1-cortex-a34-neon)
09-25 12:36:24.246 28772 29875 D RPCS3   : SPU block is a loop at [0x06e6c -> 0x06e70]
09-25 12:36:24.247 28772 29874 W RPCS3   : [__spu-0x06e28-9iU5MxNpQwy7aWZnWeHefF5R5LC2-s3cg1-cortex-a34-neon:0x06f80] Unmatched spu_rsqrte(c) found in FMA
09-25 12:36:24.247 28772 29874 W RPCS3   : [__spu-0x06e28-9iU5MxNpQwy7aWZnWeHefF5R5LC2-s3cg1-cortex-a34-neon:0x06fd8] Unmatched spu_re(b) found in FMA
09-25 12:36:24.285 28772 29877 D RPCS3   : Building function 0x6d40... (size 4, __spu-0x06d40-NWxRjLaryNQMatmRVzFquZG7yywQ-s3cg1-cortex-a34-neon)
09-25 12:36:24.285 28772 29874 I RPCS3   : New SPU block compiled successfully (size=115)
09-25 12:36:24.292 28772 29877 I RPCS3   : New SPU block compiled successfully (size=4)
09-25 12:36:24.299 28772 29878 D RPCS3   : Building function 0x5e68... (size 13, __spu-0x05e68-G300o4ZNbqA1UkmSLs24MuTyHciW-s3cg1-cortex-a34-neon)
09-25 12:36:24.310 28772 29878 I RPCS3   : New SPU block compiled successfully (size=13)
09-25 12:36:24.310 28772 29874 D RPCS3   : SPU block is a loop at [0x07e68 -> 0x07e68]
09-25 12:36:24.311 28772 29874 D RPCS3   : Building function 0x7d94... (size 192, __spu-0x07d94-gcvc7fxRV0nZ7g5uwNugZgRsfE7g-s3cg1-cortex-a34-neon)
09-25 12:36:24.311 28772 29876 D RPCS3   : SPU block is a loop at [0x07e68 -> 0x07e68]
09-25 12:36:24.311 28772 29875 D RPCS3   : Building function 0x7020... (size 52, __spu-0x07020-k5SSruWakSV9huxHdWGW6PqsFbc8-s3cg1-cortex-a34-neon)
09-25 12:36:24.311 28772 29878 D RPCS3   : SPU block is a loop at [0x07e68 -> 0x07e68]
09-25 12:36:24.311 28772 29874 W RPCS3   : [__spu-0x07d94-gcvc7fxRV0nZ7g5uwNugZgRsfE7g-s3cg1-cortex-a34-neon:0x07f18] Unmatched spu_rsqrte(c) found in FMA
09-25 12:36:24.311 28772 29874 W RPCS3   : [__spu-0x07d94-gcvc7fxRV0nZ7g5uwNugZgRsfE7g-s3cg1-cortex-a34-neon:0x08008] Unmatched spu_rsqrte(c) found in FMA
09-25 12:36:24.318 28772 29877 D RPCS3   : SPU block is a loop at [0x07e68 -> 0x07e68]
09-25 12:36:24.331 28772 29875 I RPCS3   : New SPU block compiled successfully (size=52)
09-25 12:36:24.331 28772 29875 D RPCS3   : Building function 0x6724... (size 15, __spu-0x06724-eMtNQTqLXRqYYHkA9kMQsKaVrdMb-s3cg1-cortex-a34-neon)
09-25 12:36:24.341 28772 29875 I RPCS3   : New SPU block compiled successfully (size=15)
09-25 12:36:24.342 28772 29875 D RPCS3   : SPU block is a loop at [0x06738 -> 0x066b0]
09-25 12:36:24.342 28772 29875 D RPCS3   : SPU block is a loop at [0x066b0 -> 0x0674c]
09-25 12:36:24.342 28772 29875 D RPCS3   : Building function 0x66b0... (size 44, __spu-0x066b0-MqxGN6MtbXPA9kXFzWPijKdXJakx-s3cg1-cortex-a34-neon)
09-25 12:36:24.357 28772 29874 I RPCS3   : New SPU block compiled successfully (size=192)
09-25 12:36:24.357 28772 29876 D RPCS3   : SPU block is a loop at [0x09470 -> 0x09470]
09-25 12:36:24.357 28772 29877 D RPCS3   : SPU block is a loop at [0x09470 -> 0x09470]
09-25 12:36:24.357 28772 29878 D RPCS3   : SPU block is a loop at [0x09470 -> 0x09470]
09-25 12:36:24.357 28772 29876 D RPCS3   : Building function 0x9390... (size 211, __spu-0x09390-Pyz57dSEtHatCkoJzi62WrP2fbyi-s3cg1-cortex-a34-neon)
09-25 12:36:24.357 28772 29874 D RPCS3   : SPU block is a loop at [0x09470 -> 0x09470]
09-25 12:36:24.358 28772 29876 W RPCS3   : [__spu-0x09390-Pyz57dSEtHatCkoJzi62WrP2fbyi-s3cg1-cortex-a34-neon:0x09570] Unmatched spu_rsqrte(c) found in FMA
09-25 12:36:24.358 28772 29876 W RPCS3   : [__spu-0x09390-Pyz57dSEtHatCkoJzi62WrP2fbyi-s3cg1-cortex-a34-neon:0x0964c] Unmatched spu_rsqrte(c) found in FMA
09-25 12:36:24.362 28772 29875 I RPCS3   : New SPU block compiled successfully (size=44)
09-25 12:36:24.404 28772 29876 I RPCS3   : New SPU block compiled successfully (size=211)
09-25 12:36:24.601 28772 29822 W RPCS3   : sys_rsx_context_iounmap(context_id=0x55555555, io=0x7500000, size=0xd00000)
09-25 12:36:24.601 28772 29822 W RPCS3   : sys_rsx_context_iounmap(): RSX is not idle while unmapping io
09-25 12:36:24.601 28772 29822 W RPCS3   : sys_mmapper_unmap_shared_memory(addr=0x37500000, mem_id=*0xd0010760)
09-25 12:36:24.601 28772 29822 W RPCS3   : sys_mmapper_unmap_shared_memory(addr=0x37600000, mem_id=*0xd0010760)
09-25 12:36:24.601 28772 29822 W RPCS3   : sys_mmapper_unmap_shared_memory(addr=0x37700000, mem_id=*0xd0010760)
09-25 12:36:24.601 28772 29822 W RPCS3   : sys_mmapper_unmap_shared_memory(addr=0x37800000, mem_id=*0xd0010760)
09-25 12:36:24.601 28772 29822 W RPCS3   : sys_mmapper_unmap_shared_memory(addr=0x37900000, mem_id=*0xd0010760)
09-25 12:36:24.601 28772 29822 W RPCS3   : sys_mmapper_unmap_shared_memory(addr=0x37a00000, mem_id=*0xd0010760)
09-25 12:36:24.601 28772 29822 W RPCS3   : sys_mmapper_unmap_shared_memory(addr=0x37b00000, mem_id=*0xd0010760)
09-25 12:36:24.601 28772 29822 W RPCS3   : sys_mmapper_unmap_shared_memory(addr=0x37c00000, mem_id=*0xd0010760)
09-25 12:36:24.601 28772 29822 W RPCS3   : sys_mmapper_unmap_shared_memory(addr=0x37d00000, mem_id=*0xd0010760)
09-25 12:36:24.601 28772 29822 W RPCS3   : sys_mmapper_unmap_shared_memory(addr=0x37e00000, mem_id=*0xd0010760)
09-25 12:36:24.601 28772 29822 W RPCS3   : sys_mmapper_unmap_shared_memory(addr=0x37f00000, mem_id=*0xd0010760)
09-25 12:36:24.602 28772 29822 W RPCS3   : sys_mmapper_unmap_shared_memory(addr=0x38000000, mem_id=*0xd0010760)
09-25 12:36:24.602 28772 29822 W RPCS3   : sys_mmapper_unmap_shared_memory(addr=0x38100000, mem_id=*0xd0010760)
09-25 12:36:24.606 28772 29822 W RPCS3   : sys_rsx_context_iounmap(context_id=0x55555555, io=0xa400000, size=0x900000)
09-25 12:36:24.606 28772 29822 W RPCS3   : sys_rsx_context_iounmap(): RSX is not idle while unmapping io
09-25 12:36:24.606 28772 29822 W RPCS3   : sys_mmapper_unmap_shared_memory(addr=0x3a400000, mem_id=*0xd0010480)
09-25 12:36:24.606 28772 29822 W RPCS3   : sys_mmapper_unmap_shared_memory(addr=0x3a500000, mem_id=*0xd0010480)
09-25 12:36:24.607 28772 29822 W RPCS3   : sys_mmapper_unmap_shared_memory(addr=0x3a600000, mem_id=*0xd0010480)
09-25 12:36:24.607 28772 29822 W RPCS3   : sys_mmapper_unmap_shared_memory(addr=0x3a700000, mem_id=*0xd0010480)
09-25 12:36:24.607 28772 29822 W RPCS3   : sys_mmapper_unmap_shared_memory(addr=0x3a800000, mem_id=*0xd0010480)
09-25 12:36:24.607 28772 29822 W RPCS3   : sys_mmapper_unmap_shared_memory(addr=0x3a900000, mem_id=*0xd0010480)
09-25 12:36:24.607 28772 29822 W RPCS3   : sys_mmapper_unmap_shared_memory(addr=0x3aa00000, mem_id=*0xd0010480)
09-25 12:36:24.607 28772 29822 W RPCS3   : sys_mmapper_unmap_shared_memory(addr=0x3ab00000, mem_id=*0xd0010480)
09-25 12:36:24.607 28772 29822 W RPCS3   : sys_mmapper_unmap_shared_memory(addr=0x3ac00000, mem_id=*0xd0010480)
09-25 12:36:24.644 28772 29874 D RPCS3   : Building function 0x674c... (size 5, __spu-0x0674c-K0qU1HrgwivHpUtuz7caEPb1d6Ry-s3cg1-cortex-a34-neon)
09-25 12:36:24.655 28772 29874 I RPCS3   : New SPU block compiled successfully (size=5)
09-25 12:36:24.655 28772 29874 D RPCS3   : SPU block is a loop at [0x0674c -> 0x06704]
09-25 12:36:24.655 28772 29874 D RPCS3   : Building function 0x6704... (size 23, __spu-0x06704-2Haaz7PA5na28bjcK91ps758Va2s-s3cg1-cortex-a34-neon)
09-25 12:36:24.669 28772 29874 I RPCS3   : New SPU block compiled successfully (size=23)
09-25 12:36:24.680 28772 29875 D RPCS3   : Building function 0x97f0... (size 59, __spu-0x097f0-YZAc7v0rZUtCCxm6FSUxi4QfaTRK-s3cg1-cortex-a34-neon)
09-25 12:36:24.706 28772 29875 I RPCS3   : New SPU block compiled successfully (size=59)
09-25 12:36:24.707 28772 29875 W RPCS3   : [0x7170] At 0x71ec: indirect branch to 0x71f0 (D)
09-25 12:36:24.707 28772 29875 D RPCS3   : Building function 0x7170... (size 32, __spu-0x07170-AqFtpW5cXERhkuy1L9H1u5cwRKbY-s3cg1-cortex-a34-neon)
09-25 12:36:24.718 28772 29875 I RPCS3   : New SPU block compiled successfully (size=32)
09-25 12:36:24.718 28772 29875 W RPCS3   : [0x71f0] At 0x72c8: indirect branch to 0x72cc (E)
09-25 12:36:24.718 28772 29875 D RPCS3   : Building function 0x71f0... (size 55, __spu-0x071f0-adV0LSCoPrGsrHEcnLZVLaY7yGEj-s3cg1-cortex-a34-neon)
09-25 12:36:24.735 28772 29875 I RPCS3   : New SPU block compiled successfully (size=55)
09-25 12:36:24.735 28772 29875 D RPCS3   : Building function 0x7310... (size 17, __spu-0x07310-AgiRzh2yapjpRSv3XMX4PhFNPnSL-s3cg1-cortex-a34-neon)
09-25 12:36:24.746 28772 29875 I RPCS3   : New SPU block compiled successfully (size=17)
09-25 12:36:24.746 28772 29875 W RPCS3   : [0x72a4] At 0x72c8: indirect branch to 0x72cc (E)
09-25 12:36:24.746 28772 29875 D RPCS3   : Building function 0x72a4... (size 10, __spu-0x072a4-jxCt7SSGGLxZaKitRy29Kx69jUiH-s3cg1-cortex-a34-neon)
09-25 12:36:24.758 28772 29875 I RPCS3   : New SPU block compiled successfully (size=10)
09-25 12:36:24.758 28772 29875 D RPCS3   : Building function 0x72cc... (size 17, __spu-0x072cc-0VyyQWCYfKx7MEWeMn27x4duShqR-s3cg1-cortex-a34-neon)
09-25 12:36:24.771 28772 29875 I RPCS3   : New SPU block compiled successfully (size=17)
09-25 12:36:24.987 28772 29822 W RPCS3   : sys_mmapper_map_shared_memory(addr=0x37500000, mem_id=0x800ae00, flags=0x40000)
09-25 12:36:24.987 28772 29822 E RPCS3   : Failed to lock sudo memory (addr=0x37500000, size=0x100000). Consider increasing your system limits.
09-25 12:36:24.987 28772 29822 W RPCS3   : sys_rsx_context_iomap(context_id=0x55555555, io=0x7500000, ea=0x37500000, size=0x100000, flags=0xe000000000000800)
09-25 12:36:24.987 28772 29822 W RPCS3   : sys_rsx_context_iomap(): RSX is not idle while mapping io
09-25 12:36:25.068 28772 28810 D S3PERF  : crosscheck source=surface presented=2103 json_fps=13.3341 json_frametime_ms=48.629
09-25 12:36:25.077 28772 28810 D S3PERF  : crosscheck ui_snapshot_fps=13.3341 ui_snapshot_frametime_ms=48.629
09-25 12:36:25.126 28772 28772 W DebugPad: BUTTON SQUARE d1=0 d2=128 press 120ms request_id=s3-1790319985115488790-2414125-16022
09-25 12:36:25.246 28772 28772 W DebugPad: BUTTON SQUARE release request_id=s3-1790319985115488790-2414125-16022
09-25 12:36:26.259 28772 29877 D RPCS3   : SPU block is a loop at [0x0a298 -> 0x0a298]
09-25 12:36:26.260 28772 29877 D RPCS3   : SPU block is a loop at [0x0a018 -> 0x0a018]
09-25 12:36:26.260 28772 29877 D RPCS3   : Building function 0x9e28... (size 309, __spu-0x09e28-LS5rtimFSXwCmviv33fQsw4eV55w-s3cg1-cortex-a34-neon)
09-25 12:36:26.277 28772 29874 D RPCS3   : Building function 0x4dc8... (size 20, __spu-0x04dc8-scJv233hA9mJjASv10cJbi73MrrU-s3cg1-cortex-a34-neon)
09-25 12:36:26.290 28772 29874 I RPCS3   : New SPU block compiled successfully (size=20)
09-25 12:36:26.318 28772 28810 D S3PERF  : crosscheck source=surface presented=2117 json_fps=10.551 json_frametime_ms=59.856
09-25 12:36:26.323 28772 28810 D S3PERF  : GPU load [/sys/class/kgsl/kgsl-3d0/gpubusy]: raw='629952 1001962' -> load=62.8718454392482%
09-25 12:36:26.323 28772 28810 D S3PERF  : crosscheck ui_snapshot_fps=10.551 ui_snapshot_frametime_ms=59.856
09-25 12:36:26.334 28772 29877 I RPCS3   : New SPU block compiled successfully (size=309)
09-25 12:36:26.334 28772 29877 D RPCS3   : Building function 0xaae0... (size 10, __spu-0x0aae0-XHz2QYFEGSP70VkkLwdSNvbSis3w-s3cg1-cortex-a34-neon)
09-25 12:36:26.349 28772 29877 I RPCS3   : New SPU block compiled successfully (size=10)
09-25 12:36:26.349 28772 29877 D RPCS3   : SPU block is a loop at [0x0a298 -> 0x0a298]
09-25 12:36:26.349 28772 29877 D RPCS3   : SPU block is a loop at [0x0a018 -> 0x0a018]
09-25 12:36:26.349 28772 29877 D RPCS3   : Building function 0x9e98... (size 281, __spu-0x09e98-eeGJiXfEj8pUF7AAyqzezRkax5Um-s3cg1-cortex-a34-neon)
09-25 12:36:26.411 28772 29877 I RPCS3   : New SPU block compiled successfully (size=281)
09-25 12:36:26.497 28772 29819 D RPCS3   : S3VKSYNC domain=host backend=gpu_label reason=android gpu=Turnip Adreno (TM) 750 driver=turnip Mesa driver driver_vendor=0
09-25 12:36:26.743 28772 28776 I ithblue.sambas3: Background concurrent mark compact GC freed 25MB AllocSpace bytes, 279(5524KB) LOS objects, 75% free, 11MB/47MB, paused 148us,883us total 117.400ms
09-25 12:36:27.552 28772 28810 D S3PERF  : crosscheck source=surface presented=2128 json_fps=10.7 json_frametime_ms=113.009
09-25 12:36:27.561 28772 28810 D S3PERF  : crosscheck ui_snapshot_fps=10.7 ui_snapshot_frametime_ms=113.009
09-25 12:36:27.673 28772 29878 W RPCS3   : [0xb300] At 0xcfb4: indirect branch to 0xcfb8 (D)
09-25 12:36:27.673 28772 29878 W RPCS3   : [0xb300] At 0xcd68: indirect branch to 0xcd6c (D)
09-25 12:36:27.673 28772 29876 W RPCS3   : [0xb300] At 0xcfb4: indirect branch to 0xcfb8 (D)
09-25 12:36:27.673 28772 29876 W RPCS3   : [0xb300] At 0xcd68: indirect branch to 0xcd6c (D)
09-25 12:36:27.673 28772 29876 W RPCS3   : [0xb300] At 0xcc20: indirect branch to 0xcc24 (D)
09-25 12:36:27.673 28772 29876 W RPCS3   : [0xb300] At 0xc66c: indirect branch to 0xc670 (D)
09-25 12:36:27.673 28772 29878 W RPCS3   : [0xb300] At 0xcc20: indirect branch to 0xcc24 (D)
09-25 12:36:27.673 28772 29878 W RPCS3   : [0xb300] At 0xc66c: indirect branch to 0xc670 (D)
09-25 12:36:27.674 28772 29876 D RPCS3   : SPU block is a loop at [0x0b648 -> 0x0b648]
09-25 12:36:27.674 28772 29876 D RPCS3   : Building function 0xb300... (size 298, __spu-0x0b300-4guLYjibbw30eM9y35HyS7439HA9-s3cg1-cortex-a34-neon)
09-25 12:36:27.674 28772 29878 D RPCS3   : SPU block is a loop at [0x0b648 -> 0x0b648]
09-25 12:36:27.675 28772 29876 W RPCS3   : [__spu-0x0b300-4guLYjibbw30eM9y35HyS7439HA9-s3cg1-cortex-a34-neon:0x0b3c8] Unmatched spu_fi found
09-25 12:36:27.763 28772 29876 I RPCS3   : New SPU block compiled successfully (size=298)
09-25 12:36:27.764 28772 29876 W RPCS3   : [0xb434] At 0xcfb4: indirect branch to 0xcfb8 (D)
09-25 12:36:27.764 28772 29876 W RPCS3   : [0xb434] At 0xcd68: indirect branch to 0xcd6c (D)
09-25 12:36:27.764 28772 29876 W RPCS3   : [0xb434] At 0xcc20: indirect branch to 0xcc24 (D)
09-25 12:36:27.764 28772 29876 W RPCS3   : [0xb434] At 0xcaf4: indirect branch to 0xcaf8 (E)
09-25 12:36:27.764 28772 29876 W RPCS3   : [0xb434] At 0xc66c: indirect branch to 0xc670 (D)
09-25 12:36:27.764 28772 29876 D RPCS3   : SPU block is a loop at [0x0b648 -> 0x0b648]
09-25 12:36:27.764 28772 29876 D RPCS3   : Building function 0xb434... (size 221, __spu-0x0b434-n0zAyj1GNxd5w8WH8HPFAfW7gJee-s3cg1-cortex-a34-neon)
09-25 12:36:27.764 28772 29878 W RPCS3   : [0xcb24] At 0xcbb0: indirect branch to 0xcbb4 (E)
09-25 12:36:27.764 28772 29878 D RPCS3   : Building function 0xcb24... (size 36, __spu-0x0cb24-A38fsRJ4N6WeHf0vWnd1wHPUivgx-s3cg1-cortex-a34-neon)
09-25 12:36:27.787 28772 29878 I RPCS3   : New SPU block compiled successfully (size=36)
09-25 12:36:27.806 28772 29876 I RPCS3   : New SPU block compiled successfully (size=221)
09-25 12:36:27.807 28772 29876 W RPCS3   : [0xc7a0] At 0xcfb4: indirect branch to 0xcfb8 (D)
09-25 12:36:27.807 28772 29876 W RPCS3   : [0xc7a0] At 0xcf94: indirect branch to 0xcf98 (D)
09-25 12:36:27.807 28772 29876 W RPCS3   : [0xc7a0] At 0xcaf4: indirect branch to 0xcaf8 (E)
09-25 12:36:27.807 28772 29876 D RPCS3   : Building function 0xc7a0... (size 214, __spu-0x0c7a0-ZKhy6Zpu2jteJzr2y0r96pHGTR2r-s3cg1-cortex-a34-neon)
09-25 12:36:27.871 28772 29876 I RPCS3   : New SPU block compiled successfully (size=214)
09-25 12:36:28.803 28772 28810 D S3PERF  : crosscheck source=surface presented=2141 json_fps=11.0483 json_frametime_ms=89.574
09-25 12:36:28.813 28772 28810 D S3PERF  : crosscheck ui_snapshot_fps=11.0483 ui_snapshot_frametime_ms=89.574
09-25 12:36:29.634 28772 29777 D RPCS3   : CPU Usage: Total: 72.1%, Cores: 0.0%, 0.0%, 0.0%, 0.0%, 0.0%, 0.0%, 0.0%, 0.0%
09-25 12:36:29.774 28772 29801 D RPCS3   : PPU Syscall Usage Stats:
09-25 12:36:29.774 28772 29801 D RPCS3   : 	⁂ sys_timer_usleep [286124]
09-25 12:36:29.774 28772 29801 D RPCS3   : 	⁂ _sys_lwcond_queue_wait [94235]
09-25 12:36:29.774 28772 29801 D RPCS3   : 	⁂ _sys_lwmutex_lock [93532]
09-25 12:36:29.774 28772 29801 D RPCS3   : 	⁂ _sys_lwmutex_unlock [88967]
09-25 12:36:29.774 28772 29801 D RPCS3   : 	⁂ _sys_lwcond_signal [57091]
09-25 12:36:29.774 28772 29801 D RPCS3   : 	⁂ _sys_lwcond_signal_all [35628]
09-25 12:36:29.774 28772 29801 D RPCS3   : 	⁂ sys_event_queue_receive [26673]
09-25 12:36:29.774 28772 29801 D RPCS3   : 	⁂ sys_time_get_current_time [24769]
09-25 12:36:29.774 28772 29801 D RPCS3   : 	⁂ sys_fs_read [15106]
09-25 12:36:29.774 28772 29801 D RPCS3   : 	⁂ sys_fs_write [14291]
09-25 12:36:29.774 28772 29801 D RPCS3   : 	⁂ sys_event_port_send [9531]
09-25 12:36:29.774 28772 29801 D RPCS3   : 	⁂ sys_fs_fsync [2383]
09-25 12:36:29.774 28772 29801 D RPCS3   : 	⁂ sys_fs_lseek [1654]
09-25 12:36:29.774 28772 29801 D RPCS3   : 	⁂ sys_event_flag_wait [1378]
09-25 12:36:29.774 28772 29801 D RPCS3   : 	⁂ sys_event_flag_clear [1378]
09-25 12:36:29.774 28772 29801 D RPCS3   : 	⁂ sys_mmapper_map_shared_memory [412]
09-25 12:36:29.774 28772 29801 D RPCS3   : 	⁂ sys_mmapper_unmap_shared_memory [255]
09-25 12:36:29.774 28772 29801 D RPCS3   : 	⁂ _sys_lwmutex_trylock [67]
09-25 12:36:29.774 28772 29801 D RPCS3   : 	⁂ sys_mutex_lock [49]
09-25 12:36:29.774 28772 29801 D RPCS3   : 	⁂ sys_mutex_unlock [49]
09-25 12:36:29.774 28772 29801 D RPCS3   : 	⁂ sys_fs_close [20]
09-25 12:36:29.774 28772 29801 D RPCS3   : 	⁂ sys_rsx_context_iomap [15]
09-25 12:36:29.774 28772 29801 D RPCS3   : 	⁂ sys_rsx_context_iounmap [7]
09-25 12:36:29.774 28772 29801 D RPCS3   : 	⁂ _sys_interrupt_thread_disestablish [3]
09-25 12:36:29.930 28772 29881 W RPCS3   : [0x1f360] At 0x1fbe4: indirect branch to 0x1fbe8 (D)
09-25 12:36:29.930 28772 29881 W RPCS3   : [0x1f360] At 0x1fbfc: indirect branch to 0x1fc00 (E)
09-25 12:36:29.930 28772 29881 W RPCS3   : [0x1f360] At 0x1fb64: indirect branch to 0x1fb68 (D)
09-25 12:36:29.930 28772 29881 W RPCS3   : [0x1f360] At 0x1fb84: indirect branch to 0x1fb88 (E)
09-25 12:36:29.931 28772 29881 D RPCS3   : Building function 0x1f360... (size 224, __spu-0x1f360-RX1f51neuh1ZCsT9ij7iYc9zCbyJ-s3cg1-cortex-a34-neon)
09-25 12:36:30.025 28772 29881 I RPCS3   : New SPU block compiled successfully (size=224)
09-25 12:36:30.070 28772 28810 D S3PERF  : crosscheck source=surface presented=2154 json_fps=11.2388 json_frametime_ms=65.087
09-25 12:36:30.077 28772 28810 D S3PERF  : crosscheck ui_snapshot_fps=11.2388 ui_snapshot_frametime_ms=65.087
09-25 12:36:31.271 28772 29881 W RPCS3   : [0x4080] At 0x10ffc: indirect branch to 0x11000 (D)
09-25 12:36:31.271 28772 29881 W RPCS3   : [0x4080] At 0x11024: indirect branch to 0x11028 (E)
09-25 12:36:31.272 28772 29881 D RPCS3   : Building function 0x4080... (size 43, __spu-0x04080-ndGm6K5M9bwsuMqZENr2aNNWnbmV-s3cg1-cortex-a34-neon)
09-25 12:36:31.272 28772 29881 D RPCS3   : Function __spu-0x04080-ndGm6K5M9bwsuMqZENr2aNNWnbmV-s3cg1-cortex-a34-neon dump:
09-25 12:36:31.272 28772 29881 D RPCS3   : ========== SPU BLOCK 0x04080 (size 43, ndGm6K5M9bwsuMqZENr2aNNWnbmV) ==========
09-25 12:36:31.272 28772 29881 D RPCS3   : 
09-25 12:36:31.272 28772 29881 D RPCS3   : A: [0x04080] Entry
09-25 12:36:31.272 28772 29881 D RPCS3   : 	 F: 0x40000
09-25 12:36:31.272 28772 29881 D RPCS3   : 
09-25 12:36:31.272 28772 29881 D RPCS3   : >	00004080:	24 ff c0 d0	stqd       r80,-0x10(sp)
09-25 12:36:31.272 28772 29881 D RPCS3   : >	00004084:	24 ff 80 d1	stqd       r81,-0x20(sp)
09-25 12:36:31.272 28772 29881 D RPCS3   : >	00004088:	24 ff 40 d2	stqd       r82,-0x30(sp)
09-25 12:36:31.272 28772 29881 D RPCS3   : >	0000408c:	24 ff 00 fe	stqd       r126,-0x40(sp)
09-25 12:36:31.272 28772 29881 D RPCS3   : >	00004090:	24 00 40 80	stqd       lr,0x10(sp)
09-25 12:36:31.272 28772 29881 D RPCS3   : >	00004094:	24 fe 80 81	stqd       sp,-0x60(sp)
09-25 12:36:31.272 28772 29881 D RPCS3   : >	00004098:	1c e8 00 81	ai         sp,sp,-0x60
09-25 12:36:31.272 28772 29881 D RPCS3   : >	0000409c:	1c 00 02 51	ai         r81,r4,0
09-25 12:36:31.272 28772 29881 D RPCS3   : >	000040a0:	01 a0 04 52	rdch       r82,SPU_RdDec
09-25 12:36:31.272 28772 29881 D RPCS3   : >	000040a4:	23 ad 15 83	stqr       r3,0x1a950
09-25 12:36:31.272 28772 29881 D RPCS3   : >	000040a8:	40 80 00 05	il         r5,0
09-25 12:36:31.272 28772 29881 D RPCS3   : >	000040ac:	23 ad 16 85	stqr       r5,0x1a960
09-25 12:36:31.272 28772 29881 D RPCS3   : >	000040b0:	42 20 5c 02	ila        r2,0x40b8
09-25 12:36:31.272 28772 29881 D RPCS3   : >	000040b4:	33 00 00 fe	brsl       r126,0x40b8
09-25 12:36:31.272 28772 29881 D RPCS3   : >	000040b8:	08 1f 81 7e	sf         r126,r2,r126
09-25 12:36:31.272 28772 29881 D RPCS3   : >	000040bc:	42 d4 b8 03	ila        r3,0x1a970
09-25 12:36:31.272 28772 29881 D RPCS3   : >	000040c0:	42 da 40 04	ila        r4,0x1b480
09-25 12:36:31.272 28772 29881 D RPCS3   : >	000040c4:	58 00 c2 02	clgt       r2,r4,r3
09-25 12:36:31.272 28772 29881 D RPCS3   : >	000040c8:	21 00 14 82	brnz       r2,0x416c
09-25 12:36:31.272 28772 29881 D RPCS3   : 
09-25 12:36:31.272 28772 29881 D RPCS3   : 	-> 0x0416c (null)
09-25 12:36:31.272 28772 29881 D RPCS3   : 	-> 0x040cc
09-25 12:36:31.272 28772 29881 D RPCS3   : 
09-25 12:36:31.272 28772 29881 D RPCS3   : A: [0x040cc] Block
09-25 12:36:31.272 28772 29881 D RPCS3   : 	 F: 0x40000
09-25 12:36:31.272 28772 29881 D RPCS3   : 	 <- 0x04080
09-25 12:36:31.272 28772 29881 D RPCS3   : 
09-25 12:36:31.272 28772 29881 D RPCS3   : >	000040cc:	42 d4 9c 50	ila        r80,0x1a938
09-25 12:36:31.272 28772 29881 D RPCS3   : >	000040d0:	18 1f a8 50	a          r80,r80,r126
09-25 12:36:31.272 28772 29881 D RPCS3   : >	000040d4:	34 00 28 07	lqd        r7,0(r80)
09-25 12:36:31.272 28772 29881 D RPCS3   : >	000040d8:	3b 94 03 83	rotqby     r3,r7,r80
09-25 12:36:31.272 28772 29881 D RPCS3   : >	000040dc:	7c ff c1 82	ceqi       r2,r3,-1
09-25 12:36:31.272 28772 29881 D RPCS3   : >	000040e0:	20 00 15 02	brz        r2,0x4188
09-25 12:36:31.272 28772 29881 D RPCS3   : 
09-25 12:36:31.272 28772 29881 D RPCS3   : 	-> 0x04188 (null)
09-25 12:36:31.272 28772 29881 D RPCS3   : 	-> 0x040e4
09-25 12:36:31.272 28772 29881 D RPCS3   : 
09-25 12:36:31.272 28772 29881 D RPCS3   : A: [0x040e4] Block
09-25 12:36:31.272 28772 29881 D RPCS3   : 	 F: 0x40000
09-25 12:36:31.272 28772 29881 D RPCS3   : 	 <- 0x040cc
09-25 12:36:31.272 28772 29881 D RPCS3   : 
09-25 12:36:31.272 28772 29881 D RPCS3   : >	000040e4:	12 19 c1 8f	hbrr       0x4120,0x10ef0
09-25 12:36:31.272 28772 29881 D RPCS3   : >	000040e8:	33 ad 0d 02	lqr        r2,0x1a950
09-25 12:36:31.272 28772 29881 D RPCS3   : >	000040ec:	34 00 81 02	lqd        r2,0x20(r2)
09-25 12:36:31.272 28772 29881 D RPCS3   : >	000040f0:	34 00 01 03	lqd        r3,0(r2)
09-25 12:36:31.272 28772 29881 D RPCS3   : >	000040f4:	34 00 41 07	lqd        r7,0x10(r2)
09-25 12:36:31.272 28772 29881 D RPCS3   : >	000040f8:	3f 81 01 84	rotqbyi    r4,r3,4
09-25 12:36:31.272 28772 29881 D RPCS3   : >	000040fc:	3f 82 01 85	rotqbyi    r5,r3,8
09-25 12:36:31.272 28772 29881 D RPCS3   : >	00004100:	3f 83 01 86	rotqbyi    r6,r3,0xc
09-25 12:36:31.272 28772 29881 D RPCS3   : >	00004104:	3f 81 03 88	rotqbyi    r8,r7,4
09-25 12:36:31.272 28772 29881 D RPCS3   : >	00004108:	3f 82 03 89	rotqbyi    r9,r7,8
09-25 12:36:31.272 28772 29881 D RPCS3   : >	0000410c:	3f 83 03 8a	rotqbyi    r10,r7,0xc
09-25 12:36:31.272 28772 29881 D RPCS3   : >	00004110:	01 a0 04 4f	rdch       r79,SPU_RdDec
09-25 12:36:31.272 28772 29881 D RPCS3   : >	00004114:	08 14 a7 d2	sf         r82,r79,r82
09-25 12:36:31.272 28772 29881 D RPCS3   : >	00004118:	42 20 96 00	ila        lr,0x412c
09-25 12:36:31.272 28772 29881 D RPCS3   : >	0000411c:	18 1f 80 00	a          lr,lr,r126
09-25 12:36:31.272 28772 29881 D RPCS3   : >	00004120:	20 19 ba 51	brz        r81,0x10ef0
09-25 12:36:31.272 28772 29881 D RPCS3   : 
09-25 12:36:31.272 28772 29881 D RPCS3   : 	-> 0x10ef0 (null)
09-25 12:36:31.272 28772 29881 D RPCS3   : 	-> 0x04124
09-25 12:36:31.272 28772 29881 D RPCS3   : 
09-25 12:36:31.272 28772 29881 D RPCS3   : A: [0x04124] Block
09-25 12:36:31.272 28772 29881 D RPCS3   : 	 F: 0x40000
09-25 12:36:31.272 28772 29881 D RPCS3   : 	 <- 0x040e4
09-25 12:36:31.272 28772 29881 D RPCS3   : 
09-25 12:36:31.272 28772 29881 D RPCS3   : >	00004124:	28 00 40 80	stopd      lr,sp,sp
09-25 12:36:31.272 28772 29881 D RPCS3   : >	00004128:	32 19 b9 00	br         0x10ef0
09-25 12:36:31.272 28772 29881 D RPCS3   : 
09-25 12:36:31.272 28772 29881 D RPCS3   : 	-> 0x10ef0 (null)
09-25 12:36:31.272 28772 29881 D RPCS3   : 
09-25 12:36:31.272 28772 29881 D RPCS3   : 
09-25 12:36:31.280 28772 29881 I RPCS3   : New SPU block compiled successfully (size=43)
09-25 12:36:31.281 28772 29881 W RPCS3   : [0x40cc] At 0x10ffc: indirect branch to 0x11000 (D)
09-25 12:36:31.281 28772 29881 W RPCS3   : [0x40cc] At 0x11024: indirect branch to 0x11028 (E)
09-25 12:36:31.281 28772 29881 D RPCS3   : Building function 0x40cc... (size 24, __spu-0x040cc-XMmLYpjnvjdYi6dsGWP5EkNoameH-s3cg1-cortex-a34-neon)
09-25 12:36:31.281 28772 29881 D RPCS3   : Function __spu-0x040cc-XMmLYpjnvjdYi6dsGWP5EkNoameH-s3cg1-cortex-a34-neon dump:
09-25 12:36:31.281 28772 29881 D RPCS3   : ========== SPU BLOCK 0x040cc (size 24, XMmLYpjnvjdYi6dsGWP5EkNoameH) ==========
09-25 12:36:31.281 28772 29881 D RPCS3   : 
09-25 12:36:31.281 28772 29881 D RPCS3   : A: [0x040cc] Entry
09-25 12:36:31.281 28772 29881 D RPCS3   : 	 F: 0x40000
09-25 12:36:31.281 28772 29881 D RPCS3   : 
09-25 12:36:31.281 28772 29881 D RPCS3   : >	000040cc:	42 d4 9c 50	ila        r80,0x1a938
09-25 12:36:31.281 28772 29881 D RPCS3   : >	000040d0:	18 1f a8 50	a          r80,r80,r126
09-25 12:36:31.281 28772 29881 D RPCS3   : >	000040d4:	34 00 28 07	lqd        r7,0(r80)
09-25 12:36:31.281 28772 29881 D RPCS3   : >	000040d8:	3b 94 03 83	rotqby     r3,r7,r80
09-25 12:36:31.281 28772 29881 D RPCS3   : >	000040dc:	7c ff c1 82	ceqi       r2,r3,-1
09-25 12:36:31.281 28772 29881 D RPCS3   : >	000040e0:	20 00 15 02	brz        r2,0x4188
09-25 12:36:31.281 28772 29881 D RPCS3   : 
09-25 12:36:31.281 28772 29881 D RPCS3   : 	-> 0x04188 (null)
09-25 12:36:31.281 28772 29881 D RPCS3   : 	-> 0x040e4
09-25 12:36:31.281 28772 29881 D RPCS3   : 
09-25 12:36:31.281 28772 29881 D RPCS3   : A: [0x040e4] Block
09-25 12:36:31.281 28772 29881 D RPCS3   : 	 F: 0x40000
09-25 12:36:31.281 28772 29881 D RPCS3   : 	 <- 0x040cc
09-25 12:36:31.281 28772 29881 D RPCS3   : 
09-25 12:36:31.281 28772 29881 D RPCS3   : >	000040e4:	12 19 c1 8f	hbrr       0x4120,0x10ef0
09-25 12:36:31.281 28772 29881 D RPCS3   : >	000040e8:	33 ad 0d 02	lqr        r2,0x1a950
09-25 12:36:31.281 28772 29881 D RPCS3   : >	000040ec:	34 00 81 02	lqd        r2,0x20(r2)
09-25 12:36:31.281 28772 29881 D RPCS3   : >	000040f0:	34 00 01 03	lqd        r3,0(r2)
09-25 12:36:31.281 28772 29881 D RPCS3   : >	000040f4:	34 00 41 07	lqd        r7,0x10(r2)
09-25 12:36:31.281 28772 29881 D RPCS3   : >	000040f8:	3f 81 01 84	rotqbyi    r4,r3,4
09-25 12:36:31.281 28772 29881 D RPCS3   : >	000040fc:	3f 82 01 85	rotqbyi    r5,r3,8
09-25 12:36:31.281 28772 29881 D RPCS3   : >	00004100:	3f 83 01 86	rotqbyi    r6,r3,0xc
09-25 12:36:31.281 28772 29881 D RPCS3   : >	00004104:	3f 81 03 88	rotqbyi    r8,r7,4
09-25 12:36:31.281 28772 29881 D RPCS3   : >	00004108:	3f 82 03 89	rotqbyi    r9,r7,8
09-25 12:36:31.281 28772 29881 D RPCS3   : >	0000410c:	3f 83 03 8a	rotqbyi    r10,r7,0xc
09-25 12:36:31.281 28772 29881 D RPCS3   : >	00004110:	01 a0 04 4f	rdch       r79,SPU_RdDec
09-25 12:36:31.281 28772 29881 D RPCS3   : >	00004114:	08 14 a7 d2	sf         r82,r79,r82
09-25 12:36:31.281 28772 29881 D RPCS3   : >	00004118:	42 20 96 00	ila        lr,0x412c
09-25 12:36:31.281 28772 29881 D RPCS3   : >	0000411c:	18 1f 80 00	a          lr,lr,r126
09-25 12:36:31.281 28772 29881 D RPCS3   : >	00004120:	20 19 ba 51	brz        r81,0x10ef0
09-25 12:36:31.281 28772 29881 D RPCS3   : 
09-25 12:36:31.281 28772 29881 D RPCS3   : 	-> 0x10ef0 (null)
09-25 12:36:31.281 28772 29881 D RPCS3   : 	-> 0x04124
09-25 12:36:31.281 28772 29881 D RPCS3   : 
09-25 12:36:31.281 28772 29881 D RPCS3   : A: [0x04124] Block
09-25 12:36:31.281 28772 29881 D RPCS3   : 	 F: 0x40000
09-25 12:36:31.281 28772 29881 D RPCS3   : 	 <- 0x040e4
09-25 12:36:31.281 28772 29881 D RPCS3   : 
09-25 12:36:31.281 28772 29881 D RPCS3   : >	00004124:	28 00 40 80	stopd      lr,sp,sp
09-25 12:36:31.281 28772 29881 D RPCS3   : >	00004128:	32 19 b9 00	br         0x10ef0
09-25 12:36:31.281 28772 29881 D RPCS3   : 
09-25 12:36:31.281 28772 29881 D RPCS3   : 	-> 0x10ef0 (null)
09-25 12:36:31.281 28772 29881 D RPCS3   : 
09-25 12:36:31.281 28772 29881 D RPCS3   : 
09-25 12:36:31.289 28772 29881 I RPCS3   : New SPU block compiled successfully (size=24)
09-25 12:36:31.289 28772 29881 D RPCS3   : Building function 0x42d8... (size 3, __spu-0x042d8-Czk606dhG21My35xhRnri2rPpFTs-s3cg1-cortex-a34-neon)
09-25 12:36:31.293 28772 29881 I RPCS3   : New SPU block compiled successfully (size=3)
09-25 12:36:31.293 28772 29881 D RPCS3   : Building function 0x4258... (size 27, __spu-0x04258-FvU7iaoje3FKW73qwmhio3CRm2tY-s3cg1-cortex-a34-neon)
09-25 12:36:31.306 28772 29881 I RPCS3   : New SPU block compiled successfully (size=27)
09-25 12:36:31.306 28772 29881 W RPCS3   : [0x40e4] At 0x10ffc: indirect branch to 0x11000 (D)
09-25 12:36:31.306 28772 29881 W RPCS3   : [0x40e4] At 0x11024: indirect branch to 0x11028 (E)
09-25 12:36:31.306 28772 29881 D RPCS3   : Building function 0x40e4... (size 18, __spu-0x040e4-WwGif8SZSHbfZ98qvr5249tYxU6q-s3cg1-cortex-a34-neon)
09-25 12:36:31.307 28772 29881 D RPCS3   : Function __spu-0x040e4-WwGif8SZSHbfZ98qvr5249tYxU6q-s3cg1-cortex-a34-neon dump:
09-25 12:36:31.307 28772 29881 D RPCS3   : ========== SPU BLOCK 0x040e4 (size 18, WwGif8SZSHbfZ98qvr5249tYxU6q) ==========
09-25 12:36:31.307 28772 29881 D RPCS3   : 
09-25 12:36:31.307 28772 29881 D RPCS3   : A: [0x040e4] Entry
09-25 12:36:31.307 28772 29881 D RPCS3   : 	 F: 0x40000
09-25 12:36:31.307 28772 29881 D RPCS3   : 
09-25 12:36:31.307 28772 29881 D RPCS3   : >	000040e4:	12 19 c1 8f	hbrr       0x4120,0x10ef0
09-25 12:36:31.307 28772 29881 D RPCS3   : >	000040e8:	33 ad 0d 02	lqr        r2,0x1a950
09-25 12:36:31.307 28772 29881 D RPCS3   : >	000040ec:	34 00 81 02	lqd        r2,0x20(r2)
09-25 12:36:31.307 28772 29881 D RPCS3   : >	000040f0:	34 00 01 03	lqd        r3,0(r2)
09-25 12:36:31.307 28772 29881 D RPCS3   : >	000040f4:	34 00 41 07	lqd        r7,0x10(r2)
09-25 12:36:31.307 28772 29881 D RPCS3   : >	000040f8:	3f 81 01 84	rotqbyi    r4,r3,4
09-25 12:36:31.307 28772 29881 D RPCS3   : >	000040fc:	3f 82 01 85	rotqbyi    r5,r3,8
09-25 12:36:31.307 28772 29881 D RPCS3   : >	00004100:	3f 83 01 86	rotqbyi    r6,r3,0xc
09-25 12:36:31.307 28772 29881 D RPCS3   : >	00004104:	3f 81 03 88	rotqbyi    r8,r7,4
09-25 12:36:31.307 28772 29881 D RPCS3   : >	00004108:	3f 82 03 89	rotqbyi    r9,r7,8
09-25 12:36:31.307 28772 29881 D RPCS3   : >	0000410c:	3f 83 03 8a	rotqbyi    r10,r7,0xc
09-25 12:36:31.307 28772 29881 D RPCS3   : >	00004110:	01 a0 04 4f	rdch       r79,SPU_RdDec
09-25 12:36:31.307 28772 29881 D RPCS3   : >	00004114:	08 14 a7 d2	sf         r82,r79,r82
09-25 12:36:31.307 28772 29881 D RPCS3   : >	00004118:	42 20 96 00	ila        lr,0x412c
09-25 12:36:31.307 28772 29881 D RPCS3   : >	0000411c:	18 1f 80 00	a          lr,lr,r126
09-25 12:36:31.307 28772 29881 D RPCS3   : >	00004120:	20 19 ba 51	brz        r81,0x10ef0
09-25 12:36:31.307 28772 29881 D RPCS3   : 
09-25 12:36:31.307 28772 29881 D RPCS3   : 	-> 0x10ef0 (null)
09-25 12:36:31.307 28772 29881 D RPCS3   : 	-> 0x04124
09-25 12:36:31.307 28772 29881 D RPCS3   : 
09-25 12:36:31.307 28772 29881 D RPCS3   : A: [0x04124] Block
09-25 12:36:31.307 28772 29881 D RPCS3   : 	 F: 0x40000
09-25 12:36:31.307 28772 29881 D RPCS3   : 	 <- 0x040e4
09-25 12:36:31.307 28772 29881 D RPCS3   : 
09-25 12:36:31.307 28772 29881 D RPCS3   : >	00004124:	28 00 40 80	stopd      lr,sp,sp
09-25 12:36:31.307 28772 29881 D RPCS3   : >	00004128:	32 19 b9 00	br         0x10ef0
09-25 12:36:31.307 28772 29881 D RPCS3   : 
09-25 12:36:31.307 28772 29881 D RPCS3   : 	-> 0x10ef0 (null)
09-25 12:36:31.307 28772 29881 D RPCS3   : 
09-25 12:36:31.307 28772 29881 D RPCS3   : 
09-25 12:36:31.314 28772 29881 I RPCS3   : New SPU block compiled successfully (size=18)
09-25 12:36:31.314 28772 29881 W RPCS3   : [0x10ef0] At 0x10ffc: indirect branch to 0x11000 (D)
09-25 12:36:31.314 28772 29881 W RPCS3   : [0x10ef0] At 0x11024: indirect branch to 0x11028 (E)
09-25 12:36:31.314 28772 29881 D RPCS3   : SPU block is a loop at [0x10fd4 -> 0x10fd4]
09-25 12:36:31.314 28772 29881 D RPCS3   : Building function 0x10ef0... (size 78, __spu-0x10ef0-dsEyHwsNgg3jpuVJc5s55u4XF7Hs-s3cg1-cortex-a34-neon)
09-25 12:36:31.327 28772 28810 D S3PERF  : crosscheck source=surface presented=2174 json_fps=16.5415 json_frametime_ms=53.702
09-25 12:36:31.331 28772 29881 I RPCS3   : New SPU block compiled successfully (size=78)
09-25 12:36:31.331 28772 29881 W RPCS3   : [0x11000] At 0x11024: indirect branch to 0x11028 (E)
09-25 12:36:31.331 28772 29881 D RPCS3   : Building function 0x11000... (size 10, __spu-0x11000-Tnb7fHwQ0ESgvk0uYCMi56HwJZiH-s3cg1-cortex-a34-neon)
09-25 12:36:31.333 28772 28810 D S3PERF  : crosscheck ui_snapshot_fps=16.5415 ui_snapshot_frametime_ms=53.702
09-25 12:36:31.339 28772 29881 I RPCS3   : New SPU block compiled successfully (size=10)
09-25 12:36:31.339 28772 29881 W RPCS3   : [0x11028] At 0x1107c: indirect branch to 0x11080 (D)
09-25 12:36:31.339 28772 29881 W RPCS3   : [0x11028] At 0x110b4: indirect branch to 0x110b8 (E)
09-25 12:36:31.339 28772 29881 D RPCS3   : Building function 0x11028... (size 36, __spu-0x11028-6jzdzfCbC3kkXTUR2hv7abcXKvnG-s3cg1-cortex-a34-neon)
09-25 12:36:31.351 28772 29881 I RPCS3   : New SPU block compiled successfully (size=36)
09-25 12:36:31.351 28772 29881 W RPCS3   : [0x11080] At 0x110b4: indirect branch to 0x110b8 (E)
09-25 12:36:31.351 28772 29881 D RPCS3   : Building function 0x11080... (size 14, __spu-0x11080-nbMqNhKAjsECgRUUeebG4WjM0TZc-s3cg1-cortex-a34-neon)
09-25 12:36:31.359 28772 29881 I RPCS3   : New SPU block compiled successfully (size=14)
09-25 12:36:31.359 28772 29881 W RPCS3   : [0x110b0] At 0x110b4: indirect branch to 0x110b8 (E)
09-25 12:36:31.359 28772 29881 D RPCS3   : Building function 0x110b0... (size 2, __spu-0x110b0-iNTd0JyycP6P9noY3HWrj4ttMiLo-s3cg1-cortex-a34-neon)
09-25 12:36:31.363 28772 29881 I RPCS3   : New SPU block compiled successfully (size=2)
09-25 12:36:31.363 28772 29881 W RPCS3   : [0x110b8] At 0x11174: indirect branch to 0x11178 (D)
09-25 12:36:31.363 28772 29881 W RPCS3   : [0x110b8] At 0x111b4: indirect branch to 0x111b8 (E)
09-25 12:36:31.363 28772 29881 D RPCS3   : Building function 0x110b8... (size 64, __spu-0x110b8-n0E5Gyy75MjtUhXnxn3Z09hMkGE2-s3cg1-cortex-a34-neon)
09-25 12:36:31.378 28772 29881 I RPCS3   : New SPU block compiled successfully (size=64)
09-25 12:36:31.378 28772 29881 W RPCS3   : [0x110f8] At 0x11174: indirect branch to 0x11178 (D)
09-25 12:36:31.378 28772 29881 W RPCS3   : [0x110f8] At 0x111b4: indirect branch to 0x111b8 (E)
09-25 12:36:31.378 28772 29881 D RPCS3   : Building function 0x110f8... (size 48, __spu-0x110f8-XnxFVkyNy8EGvJJP4QEQr095Wkcf-s3cg1-cortex-a34-neon)
09-25 12:36:31.391 28772 29881 I RPCS3   : New SPU block compiled successfully (size=48)
09-25 12:36:31.391 28772 29881 W RPCS3   : [0x11178] At 0x111b4: indirect branch to 0x111b8 (E)
09-25 12:36:31.391 28772 29881 D RPCS3   : Building function 0x11178... (size 16, __spu-0x11178-61mtb86cf3cRxaevvM35xptV8MvW-s3cg1-cortex-a34-neon)
09-25 12:36:31.399 28772 29881 I RPCS3   : New SPU block compiled successfully (size=16)
09-25 12:36:31.399 28772 29881 W RPCS3   : [0x111a8] At 0x111b4: indirect branch to 0x111b8 (E)
09-25 12:36:31.399 28772 29881 D RPCS3   : Building function 0x111a8... (size 4, __spu-0x111a8-3Y8sP6r0ZAQXGsq92S2NQfG9HumT-s3cg1-cortex-a34-neon)
09-25 12:36:31.403 28772 29881 I RPCS3   : New SPU block compiled successfully (size=4)
09-25 12:36:31.403 28772 29881 W RPCS3   : [0x111b8] At 0x1125c: indirect branch to 0x11260 (D)
09-25 12:36:31.403 28772 29881 W RPCS3   : [0x111b8] At 0x11284: indirect branch to 0x11288 (E)
09-25 12:36:31.403 28772 29881 D RPCS3   : Building function 0x111b8... (size 52, __spu-0x111b8-2AQXEuvLiu1thi28TiLWJfXmTgjA-s3cg1-cortex-a34-neon)
09-25 12:36:31.417 28772 29881 I RPCS3   : New SPU block compiled successfully (size=52)
09-25 12:36:31.418 28772 29881 D RPCS3   : Building function 0xe140... (size 16, __spu-0x0e140-p4kW7T9erAS67tVmtpJLzbUwQ3kh-s3cg1-cortex-a34-neon)
09-25 12:36:31.425 28772 29881 I RPCS3   : New SPU block compiled successfully (size=16)
09-25 12:36:31.425 28772 29881 W RPCS3   : [0x11260] At 0x11284: indirect branch to 0x11288 (E)
09-25 12:36:31.425 28772 29881 D RPCS3   : Building function 0x11260... (size 10, __spu-0x11260-bzJTLi7WdATi16RNnZ6i0UJqTVez-s3cg1-cortex-a34-neon)
09-25 12:36:31.433 28772 29881 I RPCS3   : New SPU block compiled successfully (size=10)
09-25 12:36:31.433 28772 29881 W RPCS3   : [0x11278] At 0x11284: indirect branch to 0x11288 (E)
09-25 12:36:31.433 28772 29881 D RPCS3   : Building function 0x11278... (size 4, __spu-0x11278-YPxpgacRoMa0nQyQ2hNdH14jmqmK-s3cg1-cortex-a34-neon)
09-25 12:36:31.437 28772 29881 I RPCS3   : New SPU block compiled successfully (size=4)
09-25 12:36:31.437 28772 29881 W RPCS3   : [0x11288] At 0x1130c: indirect branch to 0x11310 (D)
09-25 12:36:31.437 28772 29881 W RPCS3   : [0x11288] At 0x11344: indirect branch to 0x11348 (E)
09-25 12:36:31.437 28772 29881 D RPCS3   : Building function 0x11288... (size 48, __spu-0x11288-EYsmiUfCsG2HSLbFsRTkkkqA6KPS-s3cg1-cortex-a34-neon)
09-25 12:36:31.448 28772 29881 I RPCS3   : New SPU block compiled successfully (size=48)
09-25 12:36:31.449 28772 29881 W RPCS3   : [0x11258] At 0x1125c: indirect branch to 0x11260 (D)
09-25 12:36:31.449 28772 29881 W RPCS3   : [0x11258] At 0x11284: indirect branch to 0x11288 (E)
09-25 12:36:31.449 28772 29881 D RPCS3   : Building function 0x11258... (size 12, __spu-0x11258-rCT7riVaVcc9TPYvAmPKMksjHFGL-s3cg1-cortex-a34-neon)
09-25 12:36:31.454 28772 29881 I RPCS3   : New SPU block compiled successfully (size=12)
09-25 12:36:31.454 28772 29881 W RPCS3   : [0x11310] At 0x11344: indirect branch to 0x11348 (E)
09-25 12:36:31.454 28772 29881 D RPCS3   : Building function 0x11310... (size 14, __spu-0x11310-UXfRNfL5MsqX76CH4f1K2P6rayEm-s3cg1-cortex-a34-neon)
09-25 12:36:31.463 28772 29881 I RPCS3   : New SPU block compiled successfully (size=14)
09-25 12:36:31.463 28772 29881 W RPCS3   : [0x11338] At 0x11344: indirect branch to 0x11348 (E)
09-25 12:36:31.463 28772 29881 D RPCS3   : Building function 0x11338... (size 4, __spu-0x11338-VvAU3pydHgHXYZeFSPuGayK5ofen-s3cg1-cortex-a34-neon)
09-25 12:36:31.466 28772 29881 I RPCS3   : New SPU block compiled successfully (size=4)
09-25 12:36:31.467 28772 29881 W RPCS3   : [0x11348] At 0x113ac: indirect branch to 0x113b0 (D)
09-25 12:36:31.467 28772 29881 W RPCS3   : [0x11348] At 0x113d4: indirect branch to 0x113d8 (E)
09-25 12:36:31.467 28772 29881 D RPCS3   : Building function 0x11348... (size 36, __spu-0x11348-HACYq9k5tSKa5HUmELwaQggrPHT9-s3cg1-cortex-a34-neon)
09-25 12:36:31.476 28772 29881 I RPCS3   : New SPU block compiled successfully (size=36)
09-25 12:36:31.476 28772 29881 W RPCS3   : [0x113b0] At 0x113d4: indirect branch to 0x113d8 (E)
09-25 12:36:31.476 28772 29881 D RPCS3   : Building function 0x113b0... (size 10, __spu-0x113b0-VEG704sTjRN1KTSh1A6fyJGHgGeE-s3cg1-cortex-a34-neon)
09-25 12:36:31.484 28772 29881 I RPCS3   : New SPU block compiled successfully (size=10)
09-25 12:36:31.484 28772 29881 W RPCS3   : [0x113c8] At 0x113d4: indirect branch to 0x113d8 (E)
09-25 12:36:31.484 28772 29881 D RPCS3   : Building function 0x113c8... (size 4, __spu-0x113c8-LMoAMnsS7enYe79kWuHARuSrFNTb-s3cg1-cortex-a34-neon)
09-25 12:36:31.488 28772 29881 I RPCS3   : New SPU block compiled successfully (size=4)
09-25 12:36:31.488 28772 29881 W RPCS3   : [0x113d8] At 0x113dc: indirect branch to 0x113e0 (D)
09-25 12:36:31.488 28772 29881 W RPCS3   : [0x113d8] At 0x11404: indirect branch to 0x11408 (E)
09-25 12:36:31.488 28772 29881 D RPCS3   : Building function 0x113d8... (size 12, __spu-0x113d8-kpHPemJmsgUZ5vTgnY4syZqcTHeJ-s3cg1-cortex-a34-neon)
09-25 12:36:31.493 28772 29881 I RPCS3   : New SPU block compiled successfully (size=12)
09-25 12:36:31.494 28772 29881 W RPCS3   : [0x113e0] At 0x11404: indirect branch to 0x11408 (E)
09-25 12:36:31.494 28772 29881 D RPCS3   : Building function 0x113e0... (size 10, __spu-0x113e0-12bdvm9FxKYgTzpNZQkQgi0uMtzU-s3cg1-cortex-a34-neon)
09-25 12:36:31.501 28772 29881 I RPCS3   : New SPU block compiled successfully (size=10)
09-25 12:36:31.502 28772 29881 W RPCS3   : [0x113f8] At 0x11404: indirect branch to 0x11408 (E)
09-25 12:36:31.502 28772 29881 D RPCS3   : Building function 0x113f8... (size 4, __spu-0x113f8-g6dch5wg758eKu7TyLZKdKYwtgFU-s3cg1-cortex-a34-neon)
09-25 12:36:31.505 28772 29881 I RPCS3   : New SPU block compiled successfully (size=4)
09-25 12:36:31.505 28772 29881 W RPCS3   : [0x11408] At 0x1142c: indirect branch to 0x11430 (D)
09-25 12:36:31.505 28772 29881 W RPCS3   : [0x11408] At 0x1145c: indirect branch to 0x11460 (E)
09-25 12:36:31.505 28772 29881 D RPCS3   : Building function 0x11408... (size 22, __spu-0x11408-ntgp32bjo4H9gkhsmgdyC71cYXM1-s3cg1-cortex-a34-neon)
09-25 12:36:31.513 28772 29881 I RPCS3   : New SPU block compiled successfully (size=22)
09-25 12:36:31.513 28772 29881 W RPCS3   : [0x11430] At 0x1145c: indirect branch to 0x11460 (E)
09-25 12:36:31.513 28772 29881 D RPCS3   : Building function 0x11430... (size 12, __spu-0x11430-2521N4UCjvUMCArpFtwA8YhxNbPt-s3cg1-cortex-a34-neon)
09-25 12:36:31.521 28772 29881 I RPCS3   : New SPU block compiled successfully (size=12)
09-25 12:36:31.521 28772 29881 W RPCS3   : [0x11458] At 0x1145c: indirect branch to 0x11460 (E)
09-25 12:36:31.521 28772 29881 D RPCS3   : Building function 0x11458... (size 2, __spu-0x11458-joQMrcYWbGd5r8gh90A4J49k4npV-s3cg1-cortex-a34-neon)
09-25 12:36:31.525 28772 29881 I RPCS3   : New SPU block compiled successfully (size=2)
09-25 12:36:31.525 28772 29881 W RPCS3   : [0x11460] At 0x114a4: indirect branch to 0x114a8 (D)
09-25 12:36:31.525 28772 29881 W RPCS3   : [0x11460] At 0x114d4: indirect branch to 0x114d8 (E)
09-25 12:36:31.525 28772 29881 D RPCS3   : Building function 0x11460... (size 30, __spu-0x11460-X83Qf84aP0xWLeqKSWaA6upwR36t-s3cg1-cortex-a34-neon)
09-25 12:36:31.533 28772 29881 I RPCS3   : New SPU block compiled successfully (size=30)
09-25 12:36:31.533 28772 29881 W RPCS3   : [0x114a8] At 0x114d4: indirect branch to 0x114d8 (E)
09-25 12:36:31.533 28772 29881 D RPCS3   : Building function 0x114a8... (size 12, __spu-0x114a8-bW4dpn4AmL15nzYrfEWFvJm7SJ5K-s3cg1-cortex-a34-neon)
09-25 12:36:31.541 28772 29881 I RPCS3   : New SPU block compiled successfully (size=12)
09-25 12:36:31.541 28772 29881 W RPCS3   : [0x114d0] At 0x114d4: indirect branch to 0x114d8 (E)
09-25 12:36:31.541 28772 29881 D RPCS3   : Building function 0x114d0... (size 2, __spu-0x114d0-kdN1f095QNSQwfmNefajaNX2k8Vs-s3cg1-cortex-a34-neon)
09-25 12:36:31.544 28772 29881 I RPCS3   : New SPU block compiled successfully (size=2)
09-25 12:36:31.544 28772 29881 W RPCS3   : [0x114d8] At 0x12abc: indirect branch to 0x12ac0 (D)
09-25 12:36:31.544 28772 29881 W RPCS3   : [0x114d8] At 0x12ad4: indirect branch to 0x12ad8 (E)
09-25 12:36:31.544 28772 29881 W RPCS3   : [0x114d8] At 0x12a6c: indirect branch to 0x12a70 (D)
09-25 12:36:31.544 28772 29881 W RPCS3   : [0x114d8] At 0x12a84: indirect branch to 0x12a88 (E)
09-25 12:36:31.544 28772 29881 W RPCS3   : [0x114d8] At 0x11fe4: indirect branch to 0x11fe8 (D)
09-25 12:36:31.544 28772 29881 W RPCS3   : [0x114d8] At 0x129d4: indirect branch to 0x129d8 (D)
09-25 12:36:31.544 28772 29881 W RPCS3   : [0x114d8] At 0x129ec: indirect branch to 0x129f0 (E)
09-25 12:36:31.544 28772 29881 W RPCS3   : [0x114d8] At 0x11ffc: indirect branch to 0x12000 (E)
09-25 12:36:31.545 28772 29881 D RPCS3   : Building function 0x114d8... (size 432, __spu-0x114d8-Vdmnqdi2QY62LGc2e0zU0k2h0k3t-s3cg1-cortex-a34-neon)
09-25 12:36:31.614 28772 29881 I RPCS3   : New SPU block compiled successfully (size=432)
09-25 12:36:31.614 28772 29881 D RPCS3   : Building function 0x12520... (size 30, __spu-0x12520-F4sXGmxzNgYE1iY2G5eYNtCHXbLo-s3cg1-cortex-a34-neon)
09-25 12:36:31.623 28772 29881 I RPCS3   : New SPU block compiled successfully (size=30)
09-25 12:36:31.624 28772 29881 D RPCS3   : Building function 0x12530... (size 26, __spu-0x12530-pxTkZxHeHUvA0uzTk0YdC7L8WGbZ-s3cg1-cortex-a34-neon)
09-25 12:36:31.632 28772 29881 I RPCS3   : New SPU block compiled successfully (size=26)
09-25 12:36:31.632 28772 29881 W RPCS3   : [0x11794] At 0x11fe4: indirect branch to 0x11fe8 (D)
09-25 12:36:31.632 28772 29881 W RPCS3   : [0x11794] At 0x11ffc: indirect branch to 0x12000 (E)
09-25 12:36:31.632 28772 29881 W RPCS3   : [0x11794] At 0x11f64: indirect branch to 0x11f68 (D)
09-25 12:36:31.632 28772 29881 W RPCS3   : [0x11794] At 0x11f84: indirect branch to 0x11f88 (E)
09-25 12:36:31.632 28772 29881 D RPCS3   : Building function 0x11794... (size 211, __spu-0x11794-ZofAp0fEbKzTFd11EFzs32gccwpC-s3cg1-cortex-a34-neon)
09-25 12:36:31.671 28772 29881 I RPCS3   : New SPU block compiled successfully (size=211)
09-25 12:36:31.671 28772 29881 D RPCS3   : Building function 0x125b0... (size 72, __spu-0x125b0-0eprwZhGca8Cg2EZZS1WCuaPPVKG-s3cg1-cortex-a34-neon)
09-25 12:36:31.690 28772 29881 I RPCS3   : New SPU block compiled successfully (size=72)
09-25 12:36:31.690 28772 29881 W RPCS3   : [0x11798] At 0x11fe4: indirect branch to 0x11fe8 (D)
09-25 12:36:31.690 28772 29881 W RPCS3   : [0x11798] At 0x11ffc: indirect branch to 0x12000 (E)
09-25 12:36:31.690 28772 29881 W RPCS3   : [0x11798] At 0x11f64: indirect branch to 0x11f68 (D)
09-25 12:36:31.690 28772 29881 W RPCS3   : [0x11798] At 0x11f84: indirect branch to 0x11f88 (E)
09-25 12:36:31.690 28772 29881 D RPCS3   : Building function 0x11798... (size 210, __spu-0x11798-Lv5oywT5j9WKFKZkbArWXnLSQKYP-s3cg1-cortex-a34-neon)
09-25 12:36:31.729 28772 29881 I RPCS3   : New SPU block compiled successfully (size=210)
09-25 12:36:31.729 28772 29881 W RPCS3   : [0x11888] At 0x11fe4: indirect branch to 0x11fe8 (D)
09-25 12:36:31.729 28772 29881 W RPCS3   : [0x11888] At 0x11ffc: indirect branch to 0x12000 (E)
09-25 12:36:31.729 28772 29881 W RPCS3   : [0x11888] At 0x11f64: indirect branch to 0x11f68 (D)
09-25 12:36:31.729 28772 29881 W RPCS3   : [0x11888] At 0x11f84: indirect branch to 0x11f88 (E)
09-25 12:36:31.729 28772 29881 D RPCS3   : Building function 0x11888... (size 150, __spu-0x11888-WrJpe9u8SHjTjJ8qYCc3vM4pbMG6-s3cg1-cortex-a34-neon)
09-25 12:36:31.759 28772 29881 I RPCS3   : New SPU block compiled successfully (size=150)
09-25 12:36:31.759 28772 29881 W RPCS3   : [0x117b0] At 0x11fe4: indirect branch to 0x11fe8 (D)
09-25 12:36:31.759 28772 29881 W RPCS3   : [0x117b0] At 0x11ffc: indirect branch to 0x12000 (E)
09-25 12:36:31.759 28772 29881 W RPCS3   : [0x117b0] At 0x11f64: indirect branch to 0x11f68 (D)
09-25 12:36:31.759 28772 29881 W RPCS3   : [0x117b0] At 0x11f84: indirect branch to 0x11f88 (E)
09-25 12:36:31.759 28772 29881 D RPCS3   : Building function 0x117b0... (size 204, __spu-0x117b0-5Jp2nMSsw5s6NUUhUVvaGctnWpfK-s3cg1-cortex-a34-neon)
09-25 12:36:31.796 28772 29881 I RPCS3   : New SPU block compiled successfully (size=204)
09-25 12:36:31.796 28772 29881 W RPCS3   : [0x11920] At 0x11fe4: indirect branch to 0x11fe8 (D)
09-25 12:36:31.796 28772 29881 W RPCS3   : [0x11920] At 0x11ffc: indirect branch to 0x12000 (E)
09-25 12:36:31.796 28772 29881 W RPCS3   : [0x11920] At 0x11f64: indirect branch to 0x11f68 (D)
09-25 12:36:31.796 28772 29881 W RPCS3   : [0x11920] At 0x11f84: indirect branch to 0x11f88 (E)
09-25 12:36:31.796 28772 29881 D RPCS3   : Building function 0x11920... (size 112, __spu-0x11920-1k3i430c64so6Rb3qpobTaXhJqdk-s3cg1-cortex-a34-neon)
09-25 12:36:31.820 28772 29881 I RPCS3   : New SPU block compiled successfully (size=112)
09-25 12:36:31.820 28772 29881 W RPCS3   : [0x1195c] At 0x11fe4: indirect branch to 0x11fe8 (D)
09-25 12:36:31.820 28772 29881 W RPCS3   : [0x1195c] At 0x11ffc: indirect branch to 0x12000 (E)
09-25 12:36:31.820 28772 29881 W RPCS3   : [0x1195c] At 0x11f64: indirect branch to 0x11f68 (D)
09-25 12:36:31.820 28772 29881 W RPCS3   : [0x1195c] At 0x11f84: indirect branch to 0x11f88 (E)
09-25 12:36:31.820 28772 29881 D RPCS3   : Building function 0x1195c... (size 97, __spu-0x1195c-EMYGQCFAUExEJC6oZceFFH7f398e-s3cg1-cortex-a34-neon)
09-25 12:36:31.841 28772 29881 I RPCS3   : New SPU block compiled successfully (size=97)
09-25 12:36:31.841 28772 29881 W RPCS3   : [0x119c8] At 0x11fe4: indirect branch to 0x11fe8 (D)
09-25 12:36:31.841 28772 29881 W RPCS3   : [0x119c8] At 0x11ffc: indirect branch to 0x12000 (E)
09-25 12:36:31.841 28772 29881 W RPCS3   : [0x119c8] At 0x11f64: indirect branch to 0x11f68 (D)
09-25 12:36:31.842 28772 29881 W RPCS3   : [0x119c8] At 0x11f84: indirect branch to 0x11f88 (E)
09-25 12:36:31.842 28772 29881 D RPCS3   : Building function 0x119c8... (size 70, __spu-0x119c8-eyPYfMM2zMUmnRRvvToedkUdjUAT-s3cg1-cortex-a34-neon)
09-25 12:36:31.859 28772 29881 I RPCS3   : New SPU block compiled successfully (size=70)
09-25 12:36:31.860 28772 29881 D RPCS3   : Building function 0x11b00... (size 34, __spu-0x11b00-iuGtvpiiWyaJy1XLMZuj55SqJWWG-s3cg1-cortex-a34-neon)
09-25 12:36:31.871 28772 29881 I RPCS3   : New SPU block compiled successfully (size=34)
09-25 12:36:31.871 28772 29881 D RPCS3   : Building function 0x12120... (size 96, __spu-0x12120-8AxM5M0Viho211VXbFdd7RHcKm9u-s3cg1-cortex-a34-neon)
09-25 12:36:31.895 28772 29881 I RPCS3   : New SPU block compiled successfully (size=96)
09-25 12:36:31.895 28772 29881 W RPCS3   : [0x11b98] At 0x11fe4: indirect branch to 0x11fe8 (D)
09-25 12:36:31.895 28772 29881 W RPCS3   : [0x11b98] At 0x11f64: indirect branch to 0x11f68 (D)
09-25 12:36:31.895 28772 29881 W RPCS3   : [0x11b98] At 0x11f84: indirect branch to 0x11f88 (E)
09-25 12:36:31.896 28772 29881 D RPCS3   : SPU block is a loop at [0x11d38 -> 0x11d38]
09-25 12:36:31.896 28772 29881 D RPCS3   : Building function 0x11b98... (size 252, __spu-0x11b98-8ELuEkeGRpWeSubWJUmr2uM3Pcra-s3cg1-cortex-a34-neon)
09-25 12:36:31.943 28772 29881 I RPCS3   : New SPU block compiled successfully (size=252)
09-25 12:36:31.943 28772 29881 D RPCS3   : Building function 0x6cf8... (size 118, __spu-0x06cf8-6VnQP8ig9ZtmjAXuif49T5rLgpj6-s3cg1-cortex-a34-neon)
09-25 12:36:31.972 28772 29881 I RPCS3   : New SPU block compiled successfully (size=118)
09-25 12:36:31.972 28772 29881 W RPCS3   : [0x4608] At 0x461c: indirect branch to 0x4620 (E)
09-25 12:36:31.972 28772 29881 D RPCS3   : Building function 0x4608... (size 6, __spu-0x04608-dG2VtKZoJYk1MYAnrS4FVHbPSZmj-s3cg1-cortex-a34-neon)
09-25 12:36:31.979 28772 29881 I RPCS3   : New SPU block compiled successfully (size=6)
09-25 12:36:31.979 28772 29881 D RPCS3   : Building function 0x4820... (size 107, __spu-0x04820-0gS11wP05VN1nUm8X6csHeZaKSSk-s3cg1-cortex-a34-neon)
09-25 12:36:32.006 28772 29881 I RPCS3   : New SPU block compiled successfully (size=107)
09-25 12:36:32.006 28772 29881 W RPCS3   : [0xfea0] At 0xfeb4: indirect branch to 0xfeb8 (E)
09-25 12:36:32.006 28772 29881 D RPCS3   : Building function 0xfea0... (size 6, __spu-0x0fea0-f03JuhXF3jLPkFMpx9c8EZ06arKy-s3cg1-cortex-a34-neon)
09-25 12:36:32.012 28772 29881 I RPCS3   : New SPU block compiled successfully (size=6)
09-25 12:36:32.012 28772 29881 W RPCS3   : [0x11d90] At 0x11fe4: indirect branch to 0x11fe8 (D)
09-25 12:36:32.012 28772 29881 W RPCS3   : [0x11d90] At 0x11f64: indirect branch to 0x11f68 (D)
09-25 12:36:32.012 28772 29881 W RPCS3   : [0x11d90] At 0x11f84: indirect branch to 0x11f88 (E)
09-25 12:36:32.012 28772 29881 D RPCS3   : Building function 0x11d90... (size 126, __spu-0x11d90-ErwJgzd4GLqYvhrkuwdTSytERN7d-s3cg1-cortex-a34-neon)
09-25 12:36:32.039 28772 29881 I RPCS3   : New SPU block compiled successfully (size=126)
09-25 12:36:32.039 28772 29881 D RPCS3   : Building function 0x6ed0... (size 53, __spu-0x06ed0-NmcNbjVghh0CLfUHQV3c0s6xXRLF-s3cg1-cortex-a34-neon)
09-25 12:36:32.056 28772 29881 I RPCS3   : New SPU block compiled successfully (size=53)
09-25 12:36:32.057 28772 29881 D RPCS3   : Building function 0xd0d8... (size 42, __spu-0x0d0d8-UNHRNmw1w9XkLhhW1hV5rckniabV-s3cg1-cortex-a34-neon)
09-25 12:36:32.073 28772 29881 I RPCS3   : New SPU block compiled successfully (size=42)
09-25 12:36:32.074 28772 29881 W RPCS3   : [0x11f68] At 0x11f84: indirect branch to 0x11f88 (E)
09-25 12:36:32.074 28772 29881 D RPCS3   : Building function 0x11f68... (size 8, __spu-0x11f68-iYLNfx7mkkWj9kKt3jcnZz7RLEpW-s3cg1-cortex-a34-neon)
09-25 12:36:32.074 28772 29881 W RPCS3   : [0x11f7c] MFC_Cmd: $89 is not a constant
09-25 12:36:32.080 28772 29881 I RPCS3   : New SPU block compiled successfully (size=8)
09-25 12:36:32.080 28772 29881 W RPCS3   : [0x11f88] At 0x11fe4: indirect branch to 0x11fe8 (D)
09-25 12:36:32.080 28772 29881 W RPCS3   : [0x11f88] At 0x11ffc: indirect branch to 0x12000 (E)
09-25 12:36:32.080 28772 29881 D RPCS3   : Building function 0x11f88... (size 30, __spu-0x11f88-kR9tnHKTarWfe0MjhZMrQeV7XbrH-s3cg1-cortex-a34-neon)
09-25 12:36:32.091 28772 29881 I RPCS3   : New SPU block compiled successfully (size=30)
09-25 12:36:32.091 28772 29881 W RPCS3   : [0x11fe8] At 0x11ffc: indirect branch to 0x12000 (E)
09-25 12:36:32.091 28772 29881 D RPCS3   : Building function 0x11fe8... (size 6, __spu-0x11fe8-KUk2h12EXMt9p57CZa3usUZ0UuGi-s3cg1-cortex-a34-neon)
09-25 12:36:32.099 28772 29881 I RPCS3   : New SPU block compiled successfully (size=6)
09-25 12:36:32.099 28772 29881 W RPCS3   : [0x12000] At 0x12014: indirect branch to 0x12018 (D)
09-25 12:36:32.099 28772 29881 W RPCS3   : [0x12000] At 0x12034: indirect branch to 0x12038 (E)
09-25 12:36:32.099 28772 29881 D RPCS3   : Building function 0x12000... (size 14, __spu-0x12000-C1KexYpiwpiFd6kwZx5Pw2Y37oUy-s3cg1-cortex-a34-neon)
09-25 12:36:32.105 28772 29881 I RPCS3   : New SPU block compiled successfully (size=14)
09-25 12:36:32.105 28772 29881 W RPCS3   : [0x11fc0] At 0x11fe4: indirect branch to 0x11fe8 (D)
09-25 12:36:32.105 28772 29881 W RPCS3   : [0x11fc0] At 0x11ffc: indirect branch to 0x12000 (E)
09-25 12:36:32.105 28772 29881 D RPCS3   : Building function 0x11fc0... (size 16, __spu-0x11fc0-n0fHo0cUL7PXaxW1gKPkrAq8dttG-s3cg1-cortex-a34-neon)
09-25 12:36:32.114 28772 29881 I RPCS3   : New SPU block compiled successfully (size=16)
09-25 12:36:32.114 28772 29881 W RPCS3   : [0x12018] At 0x12034: indirect branch to 0x12038 (E)
09-25 12:36:32.114 28772 29881 D RPCS3   : Building function 0x12018... (size 8, __spu-0x12018-SkcUb5TrWbfdQmERAd1vFjY27Y7c-s3cg1-cortex-a34-neon)
09-25 12:36:32.121 28772 29881 I RPCS3   : New SPU block compiled successfully (size=8)
09-25 12:36:32.121 28772 29881 W RPCS3   : [0x12038] At 0x1203c: indirect branch to 0x12040 (D)
09-25 12:36:32.121 28772 29881 W RPCS3   : [0x12038] At 0x1205c: indirect branch to 0x12060 (E)
09-25 12:36:32.121 28772 29881 D RPCS3   : Building function 0x12038... (size 10, __spu-0x12038-Q9hmLbFtpU4VwMFF81Q3PEZa6i2Z-s3cg1-cortex-a34-neon)
09-25 12:36:32.127 28772 29881 I RPCS3   : New SPU block compiled successfully (size=10)
09-25 12:36:32.127 28772 29881 W RPCS3   : [0x12040] At 0x1205c: indirect branch to 0x12060 (E)
09-25 12:36:32.127 28772 29881 D RPCS3   : Building function 0x12040... (size 8, __spu-0x12040-K0WxEpMPFPxN4CXbaPW6UXpi9CNK-s3cg1-cortex-a34-neon)
09-25 12:36:32.134 28772 29881 I RPCS3   : New SPU block compiled successfully (size=8)
09-25 12:36:32.134 28772 29881 D RPCS3   : Building function 0x412c... (size 16, __spu-0x0412c-47yAMSNqmK8AVgUNwqX4n4UZRfwa-s3cg1-cortex-a34-neon)
09-25 12:36:32.134 28772 29881 D RPCS3   : Function __spu-0x0412c-47yAMSNqmK8AVgUNwqX4n4UZRfwa-s3cg1-cortex-a34-neon dump:
09-25 12:36:32.134 28772 29881 D RPCS3   : ========== SPU BLOCK 0x0412c (size 16, 47yAMSNqmK8AVgUNwqX4n4UZRfwa) ==========
09-25 12:36:32.134 28772 29881 D RPCS3   : 
09-25 12:36:32.134 28772 29881 D RPCS3   : A: [0x0412c] Entry
09-25 12:36:32.134 28772 29881 D RPCS3   : 	 F: 0x40000
09-25 12:36:32.134 28772 29881 D RPCS3   : 
09-25 12:36:32.134 28772 29881 D RPCS3   : >	0000412c:	01 a0 04 51	rdch       r81,SPU_RdDec
09-25 12:36:32.134 28772 29881 D RPCS3   : >	00004130:	42 d4 a2 50	ila        r80,0x1a944
09-25 12:36:32.134 28772 29881 D RPCS3   : >	00004134:	18 1f a8 50	a          r80,r80,r126
09-25 12:36:32.134 28772 29881 D RPCS3   : >	00004138:	34 00 28 03	lqd        r3,0(r80)
09-25 12:36:32.134 28772 29881 D RPCS3   : >	0000413c:	3b 94 01 83	rotqby     r3,r3,r80
09-25 12:36:32.134 28772 29881 D RPCS3   : >	00004140:	21 00 0d 03	brnz       r3,0x41a8
09-25 12:36:32.134 28772 29881 D RPCS3   : 
09-25 12:36:32.134 28772 29881 D RPCS3   : 	-> 0x041a8 (null)
09-25 12:36:32.134 28772 29881 D RPCS3   : 	-> 0x04144
09-25 12:36:32.134 28772 29881 D RPCS3   : 
09-25 12:36:32.134 28772 29881 D RPCS3   : A: [0x04144] Block
09-25 12:36:32.134 28772 29881 D RPCS3   : 	 F: 0x40000
09-25 12:36:32.134 28772 29881 D RPCS3   : 	 <- 0x0412c
09-25 12:36:32.134 28772 29881 D RPCS3   : 
09-25 12:36:32.134 28772 29881 D RPCS3   : >	00004144:	01 a0 04 4f	rdch       r79,SPU_RdDec
09-25 12:36:32.134 28772 29881 D RPCS3   : >	00004148:	08 14 67 ce	sf         r78,r79,r81
09-25 12:36:32.134 28772 29881 D RPCS3   : >	0000414c:	18 13 a9 03	a          r3,r82,r78
09-25 12:36:32.134 28772 29881 D RPCS3   : >	00004150:	1c 18 00 81	ai         sp,sp,0x60
09-25 12:36:32.134 28772 29881 D RPCS3   : >	00004154:	34 ff 00 fe	lqd        r126,-0x40(sp)
09-25 12:36:32.134 28772 29881 D RPCS3   : >	00004158:	34 ff 40 d2	lqd        r82,-0x30(sp)
09-25 12:36:32.134 28772 29881 D RPCS3   : >	0000415c:	34 ff 80 d1	lqd        r81,-0x20(sp)
09-25 12:36:32.134 28772 29881 D RPCS3   : >	00004160:	34 ff c0 d0	lqd        r80,-0x10(sp)
09-25 12:36:32.134 28772 29881 D RPCS3   : >	00004164:	34 00 40 80	lqd        lr,0x10(sp)
09-25 12:36:32.134 28772 29881 D RPCS3   : >	00004168:	35 08 00 00	bid        lr
09-25 12:36:32.134 28772 29881 D RPCS3   : 
09-25 12:36:32.134 28772 29881 D RPCS3   : 
09-25 12:36:32.134 28772 29881 D RPCS3   : 
09-25 12:36:32.142 28772 29881 I RPCS3   : New SPU block compiled successfully (size=16)
09-25 12:36:32.142 28772 29881 D RPCS3   : Building function 0x42c8... (size 3, __spu-0x042c8-Kb3abRCnrEJHbZKwHkRsYs4tjW5K-s3cg1-cortex-a34-neon)
09-25 12:36:32.146 28772 29881 I RPCS3   : New SPU block compiled successfully (size=3)
09-25 12:36:32.146 28772 29881 D RPCS3   : Building function 0x4240... (size 5, __spu-0x04240-A9FpGcecJRsVCPguZxd030GVTXs3-s3cg1-cortex-a34-neon)
09-25 12:36:32.153 28772 29881 I RPCS3   : New SPU block compiled successfully (size=5)
09-25 12:36:32.153 28772 29881 D RPCS3   : Building function 0xaf80... (size 472, __spu-0x0af80-C16fHg6s6hLR0yCd2cEzGQdw713M-s3cg1-cortex-a34-neon)
09-25 12:36:32.235 28772 29881 I RPCS3   : New SPU block compiled successfully (size=472)
09-25 12:36:32.236 28772 29881 D RPCS3   : Building function 0x8d70... (size 327, __spu-0x08d70-L0PtxGnvsfSobro55kCkuJ9w0uSf-s3cg1-cortex-a34-neon)
09-25 12:36:32.317 28772 29881 I RPCS3   : New SPU block compiled successfully (size=327)
09-25 12:36:32.318 28772 29881 W RPCS3   : [0x5450] At 0x5464: indirect branch to 0x5468 (E)
09-25 12:36:32.318 28772 29881 D RPCS3   : Building function 0x5450... (size 6, __spu-0x05450-iXbn9P7WuN0QJjrqWub2egrYSPMA-s3cg1-cortex-a34-neon)
09-25 12:36:32.327 28772 29881 I RPCS3   : New SPU block compiled successfully (size=6)
09-25 12:36:32.327 28772 29881 W RPCS3   : [0x53ac] At 0x548c: indirect branch to 0x5490 (D)
09-25 12:36:32.327 28772 29881 W RPCS3   : [0x53ac] At 0x54a4: indirect branch to 0x54a8 (E)
09-25 12:36:32.327 28772 29881 D RPCS3   : Building function 0x53ac... (size 33, __spu-0x053ac-h5kv8werQYRp4yeMSjZKuHsunXh0-s3cg1-cortex-a34-neon)
09-25 12:36:32.345 28772 29881 I RPCS3   : New SPU block compiled successfully (size=33)
09-25 12:36:32.345 28772 29881 W RPCS3   : [0x5300] At 0x531c: indirect branch to 0x5320 (D)
09-25 12:36:32.345 28772 29881 W RPCS3   : [0x5300] At 0x5334: indirect branch to 0x5338 (E)
09-25 12:36:32.345 28772 29881 D RPCS3   : Building function 0x5300... (size 14, __spu-0x05300-EWVb7jp2h4ydymjPM5Tf52LHTTqA-s3cg1-cortex-a34-neon)
09-25 12:36:32.354 28772 29881 I RPCS3   : New SPU block compiled successfully (size=14)
09-25 12:36:32.355 28772 29881 W RPCS3   : [0x5320] At 0x5334: indirect branch to 0x5338 (E)
09-25 12:36:32.355 28772 29881 D RPCS3   : Building function 0x5320... (size 6, __spu-0x05320-0K56jyheGVHg743MpAE0jy83tavV-s3cg1-cortex-a34-neon)
09-25 12:36:32.365 28772 29881 I RPCS3   : New SPU block compiled successfully (size=6)
09-25 12:36:32.365 28772 29881 D RPCS3   : Building function 0x5338... (size 2, __spu-0x05338-frfvZQe3w9oiUgi9bu2J3v69S8ZF-s3cg1-cortex-a34-neon)
09-25 12:36:32.370 28772 29881 I RPCS3   : New SPU block compiled successfully (size=2)
09-25 12:36:32.370 28772 29881 W RPCS3   : [0x5168] At 0x535c: indirect branch to 0x5360 (D)
09-25 12:36:32.370 28772 29881 W RPCS3   : [0x5168] At 0x5374: indirect branch to 0x5378 (E)
09-25 12:36:32.370 28772 29881 W RPCS3   : [0x5168] At 0x523c: indirect branch to 0x5240 (D)
09-25 12:36:32.370 28772 29881 W RPCS3   : [0x5168] At 0x5254: indirect branch to 0x5258 (E)
09-25 12:36:32.370 28772 29881 D RPCS3   : Building function 0x5168... (size 60, __spu-0x05168-7rKqShqdFeLjo1AXJ7hnbjPozjJx-s3cg1-cortex-a34-neon)
09-25 12:36:32.395 28772 29881 I RPCS3   : New SPU block compiled successfully (size=60)
09-25 12:36:32.397 28772 29881 W RPCS3   : [0x10210] At 0x10224: indirect branch to 0x10228 (E)
09-25 12:36:32.397 28772 29881 D RPCS3   : Building function 0x10210... (size 6, __spu-0x10210-Mz7gMSJd8KqryCj4TwYm8MV1c5X4-s3cg1-cortex-a34-neon)
09-25 12:36:32.407 28772 29881 I RPCS3   : New SPU block compiled successfully (size=6)
09-25 12:36:32.565 28772 28810 D S3PERF  : crosscheck source=surface presented=2177 json_fps=21.1062 json_frametime_ms=57.297
09-25 12:36:32.574 28772 29822 W RPCS3   : cellVdecQueryAttrEx(type=*0xd00108b0, attr=*0xd00108bc)
09-25 12:36:32.574 28772 29822 W RPCS3   : cellVdecQueryAttr: MPEG2 (profile=3)
09-25 12:36:32.574 28772 28810 D S3PERF  : crosscheck ui_snapshot_fps=21.1062 ui_snapshot_frametime_ms=57.297
09-25 12:36:32.571 28772 28772 W DefaultDispatch: type=1400 audit(0.0:6991135): avc:  denied  { search } for  name="zram0" dev="sysfs" ino=107524 scontext=u:r:untrusted_app:s0:c207,c257,c512,c768 tcontext=u:object_r:sysfs_zram:s0 tclass=dir permissive=0 app=com.zenithblue.sambas3
09-25 12:36:32.571 28772 28772 W DefaultDispatch: type=1400 audit(0.0:6991136): avc:  denied  { search } for  name="zram0" dev="sysfs" ino=107524 scontext=u:r:untrusted_app:s0:c207,c257,c512,c768 tcontext=u:object_r:sysfs_zram:s0 tclass=dir permissive=0 app=com.zenithblue.sambas3
09-25 12:36:32.615 28772 29822 W RPCS3   : cellVdecQueryAttrEx(type=*0xd0010750, attr=*0xd001075c)
09-25 12:36:32.615 28772 29822 W RPCS3   : cellVdecQueryAttr: MPEG2 (profile=3)
09-25 12:36:32.615 28772 29822 W RPCS3   : sys_mmapper_map_shared_memory(addr=0x3b700000, mem_id=0x800af00, flags=0x40000)
09-25 12:36:32.616 28772 29822 E RPCS3   : Failed to lock sudo memory (addr=0x3b700000, size=0x100000). Consider increasing your system limits.
09-25 12:36:32.616 28772 29822 W RPCS3   : sys_mmapper_map_shared_memory(addr=0x3b800000, mem_id=0x800b000, flags=0x40000)
09-25 12:36:32.616 28772 29822 E RPCS3   : Failed to lock sudo memory (addr=0x3b800000, size=0x100000). Consider increasing your system limits.
09-25 12:36:32.616 28772 29822 W RPCS3   : sys_mmapper_map_shared_memory(addr=0x3b900000, mem_id=0x800b100, flags=0x40000)
09-25 12:36:32.616 28772 29822 E RPCS3   : Failed to lock sudo memory (addr=0x3b900000, size=0x100000). Consider increasing your system limits.
09-25 12:36:32.616 28772 29822 W RPCS3   : sys_mmapper_map_shared_memory(addr=0x3ba00000, mem_id=0x800b200, flags=0x40000)
09-25 12:36:32.616 28772 29822 E RPCS3   : Failed to lock sudo memory (addr=0x3ba00000, size=0x100000). Consider increasing your system limits.
09-25 12:36:32.616 28772 29822 W RPCS3   : sys_mmapper_map_shared_memory(addr=0x3bb00000, mem_id=0x800b300, flags=0x40000)
09-25 12:36:32.616 28772 29822 E RPCS3   : Failed to lock sudo memory (addr=0x3bb00000, size=0x100000). Consider increasing your system limits.
09-25 12:36:32.616 28772 29822 W RPCS3   : sys_mmapper_map_shared_memory(addr=0x3bc00000, mem_id=0x800b400, flags=0x40000)
09-25 12:36:32.616 28772 29822 E RPCS3   : Failed to lock sudo memory (addr=0x3bc00000, size=0x100000). Consider increasing your system limits.
09-25 12:36:32.616 28772 29822 W RPCS3   : sys_mmapper_map_shared_memory(addr=0x3bd00000, mem_id=0x800b500, flags=0x40000)
09-25 12:36:32.616 28772 29822 E RPCS3   : Failed to lock sudo memory (addr=0x3bd00000, size=0x100000). Consider increasing your system limits.
09-25 12:36:32.616 28772 29822 W RPCS3   : sys_mmapper_map_shared_memory(addr=0x3be00000, mem_id=0x800b600, flags=0x40000)
09-25 12:36:32.616 28772 29822 E RPCS3   : Failed to lock sudo memory (addr=0x3be00000, size=0x100000). Consider increasing your system limits.
09-25 12:36:32.616 28772 29822 W RPCS3   : sys_mmapper_map_shared_memory(addr=0x3bf00000, mem_id=0x800b700, flags=0x40000)
09-25 12:36:32.616 28772 29822 E RPCS3   : Failed to lock sudo memory (addr=0x3bf00000, size=0x100000). Consider increasing your system limits.
09-25 12:36:32.616 28772 29822 W RPCS3   : sys_mmapper_map_shared_memory(addr=0x3c000000, mem_id=0x800b800, flags=0x40000)
09-25 12:36:32.616 28772 29822 E RPCS3   : Failed to lock sudo memory (addr=0x3c000000, size=0x100000). Consider increasing your system limits.
09-25 12:36:32.616 28772 29822 W RPCS3   : sys_mmapper_map_shared_memory(addr=0x3c100000, mem_id=0x800b900, flags=0x40000)
09-25 12:36:32.616 28772 29822 E RPCS3   : Failed to lock sudo memory (addr=0x3c100000, size=0x100000). Consider increasing your system limits.
09-25 12:36:32.616 28772 29822 W RPCS3   : sys_mmapper_map_shared_memory(addr=0x3c200000, mem_id=0x800ba00, flags=0x40000)
09-25 12:36:32.616 28772 29822 E RPCS3   : Failed to lock sudo memory (addr=0x3c200000, size=0x100000). Consider increasing your system limits.
09-25 12:36:32.616 28772 29822 W RPCS3   : sys_mmapper_map_shared_memory(addr=0x3c300000, mem_id=0x800dd00, flags=0x40000)
09-25 12:36:32.616 28772 29822 E RPCS3   : Failed to lock sudo memory (addr=0x3c300000, size=0x100000). Consider increasing your system limits.
09-25 12:36:32.616 28772 29822 W RPCS3   : sys_rsx_context_iomap(context_id=0x55555555, io=0xb700000, ea=0x3b700000, size=0xd00000, flags=0xe000000000000800)
09-25 12:36:32.616 28772 29822 W RPCS3   : sys_rsx_context_iomap(): RSX is not idle while mapping io
09-25 12:36:32.616 28772 29888 D RPCS3   : sys_fs_fcntl(0xc0000006): /dev_bdvd
09-25 12:36:32.633 28772 29888 W RPCS3   : sys_fs_open(path=“/dev_bdvd/PS3_GAME/USRDIR/CINEMATICS/PSDNINT.M2V”, flags=00, fd=*0xd005fa80, mode=00, arg=*0x0, size=0x0)
09-25 12:36:32.636 28772 29892 D RPCS3   : sys_fs_fcntl(0xc0000006): /dev_bdvd
09-25 12:36:32.636 28772 29892 W RPCS3   : sys_fs_open(path=“/dev_bdvd/PS3_GAME/USRDIR/CINEMATICS/PSDNINT.TXT”, flags=00, fd=*0xd0073a80, mode=00, arg=*0x0, size=0x0)
09-25 12:36:32.637 28772 29888 W RPCS3   : sys_fs_open(): fd=21, Regular file, '/dev_bdvd/PS3_GAME/USRDIR/CINEMATICS/PSDNINT.M2V', Mode: 0x0, Flags: 0x0, Pos/Size: 0/109.444MB (0x0/0x6d71922)
09-25 12:36:32.637 28772 29888 W RPCS3   : sys_fs_fstat(fd=21, sb=*0xd005fc94)
09-25 12:36:32.637 28772 29892 E RPCS3   : 'sys_fs_open' failed with 0x80010006 : CELL_ENOENT, “/dev_bdvd/PS3_GAME/USRDIR/CINEMATICS/PSDNINT.TXT” [1]
09-25 12:36:32.729 28772 29822 W RPCS3   : cellVdecQueryAttrEx(type=*0xd0010954, attr=*0xd0010960)
09-25 12:36:32.729 28772 29822 W RPCS3   : cellVdecQueryAttr: MPEG2 (profile=3)
09-25 12:36:32.729 28772 29822 W RPCS3   : cellVdecOpenEx(type=*0xd0010954, res=*0xd0010980, cb=*0xd001094c, handle=*0x641b7c)
09-25 12:36:32.729 28772 29822 W RPCS3   : cellVdecQueryAttr: MPEG2 (profile=3)
09-25 12:36:32.730 28772 29822 W RPCS3   : _sys_ppu_thread_create(thread_id=*0xd00108c8, param=*0xd00107f0, arg=0xf0000300, unk=0x0, prio=1000, stacksize=0x2000, flags=0x2, threadname=*0xd00108b6)
09-25 12:36:32.730 28772 29822 W RPCS3   : _sys_ppu_thread_create(): Thread "HLE Video Decoder" created (id=0x100002b, func=*0x7f454c46, rtoc=0x2020166, user-tls=0x100087d0)
09-25 12:36:32.730 28772 29822 W RPCS3   : cellVdecStartSeq(handle=0xf0000300)
09-25 12:36:33.264 28772 29819 E RPCS3   : FIFO error: possible desync event (last cmd = 0x6c6fd1d9)
09-25 12:36:33.811 28772 28810 D S3PERF  : crosscheck source=surface presented=2199 json_fps=18.0986 json_frametime_ms=41.696
09-25 12:36:33.818 28772 28810 D S3PERF  : crosscheck ui_snapshot_fps=18.0986 ui_snapshot_frametime_ms=41.696
09-25 12:36:34.276 28772 28772 W DebugPad: BUTTON SQUARE d1=0 d2=128 press 120ms request_id=s3-1790319994253441623-2414404-23700
09-25 12:36:34.396 28772 28772 W DebugPad: BUTTON SQUARE release request_id=s3-1790319994253441623-2414404-23700
09-25 12:36:34.927 28772 29819 W RPCS3   : Cached object for address 0x30A80000 was found, but it does not match stored parameters (width=1280 vs 1280; height=720 vs 720; depth=1 vs 0; mipmaps=1 vs 0)
09-25 12:36:35.050 28772 28810 D S3PERF  : crosscheck source=surface presented=2219 json_fps=14.3836 json_frametime_ms=41.731
09-25 12:36:35.055 28772 28810 D S3PERF  : crosscheck ui_snapshot_fps=14.3836 ui_snapshot_frametime_ms=41.731
09-25 12:36:36.089 28772 28810 D S3PERF  : crosscheck source=surface presented=2236 json_fps=16.1861 json_frametime_ms=51.582
09-25 12:36:36.102 28772 28810 D S3PERF  : crosscheck ui_snapshot_fps=16.1861 ui_snapshot_frametime_ms=51.582
09-25 12:36:36.415 28772 29881 W RPCS3   : [0x119d0] At 0x11fe4: indirect branch to 0x11fe8 (D)
09-25 12:36:36.415 28772 29881 W RPCS3   : [0x119d0] At 0x11ffc: indirect branch to 0x12000 (E)
09-25 12:36:36.415 28772 29881 W RPCS3   : [0x119d0] At 0x11f64: indirect branch to 0x11f68 (D)
09-25 12:36:36.415 28772 29881 W RPCS3   : [0x119d0] At 0x11f84: indirect branch to 0x11f88 (E)
09-25 12:36:36.415 28772 29881 D RPCS3   : Building function 0x119d0... (size 68, __spu-0x119d0-j3t82r1gRsricb3YH55p8UXnLjrW-s3cg1-cortex-a34-neon)
09-25 12:36:36.447 28772 29881 I RPCS3   : New SPU block compiled successfully (size=68)
09-25 12:36:36.447 28772 29881 W RPCS3   : [0x11fb0] At 0x11fe4: indirect branch to 0x11fe8 (D)
09-25 12:36:36.447 28772 29881 W RPCS3   : [0x11fb0] At 0x11ffc: indirect branch to 0x12000 (E)
09-25 12:36:36.447 28772 29881 D RPCS3   : Building function 0x11fb0... (size 20, __spu-0x11fb0-ewQsu2gqe2gttkYAjEGeVg7RUx44-s3cg1-cortex-a34-neon)
09-25 12:36:36.465 28772 29881 I RPCS3   : New SPU block compiled successfully (size=20)
09-25 12:36:37.340 28772 28810 D S3PERF  : crosscheck source=surface presented=2256 json_fps=16.038 json_frametime_ms=32.678
09-25 12:36:37.346 28772 28810 D S3PERF  : GPU load [/sys/class/kgsl/kgsl-3d0/gpubusy]: raw='595612 1004896' -> load=59.27100913925421%
09-25 12:36:37.347 28772 28810 D S3PERF  : crosscheck ui_snapshot_fps=16.038 ui_snapshot_frametime_ms=32.678
09-25 12:36:38.579 28772 28810 D S3PERF  : crosscheck source=surface presented=2281 json_fps=20.0727 json_frametime_ms=47.916
09-25 12:36:38.583 28772 28810 D S3PERF  : crosscheck ui_snapshot_fps=20.0727 ui_snapshot_frametime_ms=47.916
09-25 12:36:39.479 28772 29819 W RPCS3   : Cached object for address 0x30A80000 was found, but it does not match stored parameters (width=1280 vs 1280; height=720 vs 720; depth=1 vs 0; mipmaps=1 vs 0)
09-25 12:36:39.529 28772 29819 W RPCS3   : Cached object for address 0x30A80000 was found, but it does not match stored parameters (width=1280 vs 1280; height=720 vs 720; depth=1 vs 0; mipmaps=1 vs 0)
09-25 12:36:39.635 28772 29777 D RPCS3   : CPU Usage: Total: 70.8%, Cores: 0.0%, 0.0%, 0.0%, 0.0%, 0.0%, 0.0%, 0.0%, 0.0%
09-25 12:36:39.774 28772 29801 D RPCS3   : PPU Syscall Usage Stats:
09-25 12:36:39.774 28772 29801 D RPCS3   : 	⁂ sys_timer_usleep [298177]
09-25 12:36:39.774 28772 29801 D RPCS3   : 	⁂ _sys_lwcond_queue_wait [103611]
09-25 12:36:39.774 28772 29801 D RPCS3   : 	⁂ _sys_lwmutex_lock [102542]
09-25 12:36:39.774 28772 29801 D RPCS3   : 	⁂ _sys_lwmutex_unlock [97575]
09-25 12:36:39.774 28772 29801 D RPCS3   : 	⁂ _sys_lwcond_signal [62804]
09-25 12:36:39.774 28772 29801 D RPCS3   : 	⁂ _sys_lwcond_signal_all [40294]
09-25 12:36:39.774 28772 29801 D RPCS3   : 	⁂ sys_time_get_current_time [32475]
09-25 12:36:39.774 28772 29801 D RPCS3   : 	⁂ sys_event_queue_receive [30003]
09-25 12:36:39.774 28772 29801 D RPCS3   : 	⁂ sys_fs_read [16413]
09-25 12:36:39.774 28772 29801 D RPCS3   : 	⁂ sys_fs_write [14884]
09-25 12:36:39.774 28772 29801 D RPCS3   : 	⁂ sys_event_port_send [10423]
09-25 12:36:39.774 28772 29801 D RPCS3   : 	⁂ sys_fs_fsync [2481]
09-25 12:36:39.774 28772 29801 D RPCS3   : 	⁂ sys_fs_lseek [1839]
09-25 12:36:39.774 28772 29801 D RPCS3   : 	⁂ sys_event_flag_wait [1533]
09-25 12:36:39.774 28772 29801 D RPCS3   : 	⁂ sys_event_flag_clear [1533]
09-25 12:36:39.774 28772 29801 D RPCS3   : 	⁂ sys_mmapper_map_shared_memory [425]
09-25 12:36:39.774 28772 29801 D RPCS3   : 	⁂ _sys_lwmutex_trylock [105]
09-25 12:36:39.774 28772 29801 D RPCS3   : 	⁂ sys_fs_fcntl [68]
09-25 12:36:39.774 28772 29801 D RPCS3   : 	⁂ sys_mutex_lock [50]
09-25 12:36:39.774 28772 29801 D RPCS3   : 	⁂ sys_mutex_unlock [50]
09-25 12:36:39.774 28772 29801 D RPCS3   : 	⁂ sys_time_get_timebase_frequency [48]
09-25 12:36:39.774 28772 29801 D RPCS3   : 	⁂ _sys_ppu_thread_create [43]
09-25 12:36:39.774 28772 29801 D RPCS3   : 	⁂ sys_fs_fstat [42]
09-25 12:36:39.774 28772 29801 D RPCS3   : 	⁂ sys_fs_open [40]
09-25 12:36:39.774 28772 29801 D RPCS3   : 	⁂ sys_rsx_context_iomap [16]
09-25 12:36:39.821 28772 28810 D S3PERF  : crosscheck source=surface presented=2299 json_fps=16.0941 json_frametime_ms=107.179
09-25 12:36:39.827 28772 28810 D S3PERF  : crosscheck ui_snapshot_fps=16.0941 ui_snapshot_frametime_ms=107.179
09-25 12:36:40.952 28772 29844 D IsochronousClockModel: processTimestamp() - STATE_RUNNING - #1294, 64138 micros VERY LATE, 0 times
09-25 12:36:41.053 28772 29844 D IsochronousClockModel: processTimestamp() - STATE_RUNNING - #1295, 64142 micros VERY LATE, 1 times
09-25 12:36:41.086 28772 28810 D S3PERF  : crosscheck source=surface presented=2312 json_fps=12.0591 json_frametime_ms=80.457
09-25 12:36:41.095 28772 28810 D S3PERF  : crosscheck ui_snapshot_fps=12.0591 ui_snapshot_frametime_ms=80.457
09-25 12:36:41.156 28772 29844 D IsochronousClockModel: processTimestamp() - STATE_RUNNING - #1296, 64117 micros VERY LATE, 2 times
09-25 12:36:41.156 28772 29844 W IsochronousClockModel: processTimestamp() - STATE_RUNNING - #1296, 64117 micros VERY LATE! Force window jump, mDspStallCount = 2
09-25 12:36:41.403 28772 28772 W DefaultDispatch: type=1400 audit(0.0:6991137): avc:  denied  { search } for  name="zram0" dev="sysfs" ino=107524 scontext=u:r:untrusted_app:s0:c207,c257,c512,c768 tcontext=u:object_r:sysfs_zram:s0 tclass=dir permissive=0 app=com.zenithblue.sambas3
09-25 12:36:41.403 28772 28772 W DefaultDispatch: type=1400 audit(0.0:6991138): avc:  denied  { search } for  name="zram0" dev="sysfs" ino=107524 scontext=u:r:untrusted_app:s0:c207,c257,c512,c768 tcontext=u:object_r:sysfs_zram:s0 tclass=dir permissive=0 app=com.zenithblue.sambas3
09-25 12:36:42.338 28772 28810 D S3PERF  : crosscheck source=surface presented=2328 json_fps=13.9468 json_frametime_ms=56.386
09-25 12:36:42.346 28772 28810 D S3PERF  : crosscheck ui_snapshot_fps=13.9468 ui_snapshot_frametime_ms=56.386
09-25 12:36:42.420 28772 30114 E RPCS3   : Video au decode has been waiting for a consumer for 5 seconds. (handle=0xf0000300, seq_id=1, cmd_id=63, queue_size=61)
09-25 12:36:43.376 28772 28772 W DebugPad: BUTTON SQUARE d1=0 d2=128 press 120ms request_id=s3-1790320003334173964-2414686-8607
09-25 12:36:43.497 28772 28772 W DebugPad: BUTTON SQUARE release request_id=s3-1790320003334173964-2414686-8607
09-25 12:36:43.600 28772 28810 D S3PERF  : crosscheck source=surface presented=2349 json_fps=16.5125 json_frametime_ms=102.113
09-25 12:36:43.605 28772 28810 D S3PERF  : crosscheck ui_snapshot_fps=16.5125 ui_snapshot_frametime_ms=102.113
09-25 12:36:44.842 28772 29102 D S3PERF  : crosscheck source=surface presented=2366 json_fps=14.0079 json_frametime_ms=71.93
09-25 12:36:44.850 28772 29102 D S3PERF  : crosscheck ui_snapshot_fps=14.0079 ui_snapshot_frametime_ms=71.93
09-25 12:36:46.101 28772 29102 D S3PERF  : crosscheck source=surface presented=2381 json_fps=12.2719 json_frametime_ms=55.737
09-25 12:36:46.106 28772 29102 D S3PERF  : crosscheck ui_snapshot_fps=12.2719 ui_snapshot_frametime_ms=55.737
09-25 12:36:47.324 28772 29102 D S3PERF  : crosscheck source=surface presented=2394 json_fps=10.8702 json_frametime_ms=66.401
09-25 12:36:47.330 28772 29102 D S3PERF  : crosscheck ui_snapshot_fps=10.8702 ui_snapshot_frametime_ms=66.401
09-25 12:36:47.506 28772 30114 E RPCS3   : Video au decode has been waiting for a consumer for 5 seconds. (handle=0xf0000300, seq_id=1, cmd_id=63, queue_size=61)
09-25 12:36:48.572 28772 29102 D S3PERF  : crosscheck source=surface presented=2408 json_fps=11.8425 json_frametime_ms=90.417
09-25 12:36:48.579 28772 29102 D S3PERF  : GPU load [/sys/class/kgsl/kgsl-3d0/gpubusy]: raw='555557 1002509' -> load=55.416659601060935%
09-25 12:36:48.579 28772 29102 D S3PERF  : crosscheck ui_snapshot_fps=11.8425 ui_snapshot_frametime_ms=90.417
09-25 12:36:48.936 28772 29844 D IsochronousClockModel: processTimestamp() - STATE_RUNNING - #1373, 64264 micros VERY LATE, 0 times
09-25 12:36:49.036 28772 29844 D IsochronousClockModel: processTimestamp() - STATE_RUNNING - #1374, 64210 micros VERY LATE, 1 times
09-25 12:36:49.137 28772 29844 D IsochronousClockModel: processTimestamp() - STATE_RUNNING - #1375, 64258 micros VERY LATE, 2 times
09-25 12:36:49.137 28772 29844 W IsochronousClockModel: processTimestamp() - STATE_RUNNING - #1375, 64258 micros VERY LATE! Force window jump, mDspStallCount = 3
09-25 12:36:49.463 28772 29819 W RPCS3   : Cached object for address 0xC7B98400 was found, but it does not match stored parameters (width=128 vs 64; height=64 vs 64; depth=1 vs 1; mipmaps=5 vs 5)
09-25 12:36:49.634 28772 29777 D RPCS3   : CPU Usage: Total: 61.9%, Cores: 0.0%, 0.0%, 0.0%, 0.0%, 0.0%, 0.0%, 0.0%, 0.0%
09-25 12:36:49.774 28772 29801 D RPCS3   : PPU Syscall Usage Stats:
09-25 12:36:49.774 28772 29801 D RPCS3   : 	⁂ sys_timer_usleep [317974]
09-25 12:36:49.774 28772 29801 D RPCS3   : 	⁂ _sys_lwcond_queue_wait [117863]
09-25 12:36:49.774 28772 29801 D RPCS3   : 	⁂ _sys_lwmutex_lock [116579]
09-25 12:36:49.774 28772 29801 D RPCS3   : 	⁂ _sys_lwmutex_unlock [111225]
09-25 12:36:49.774 28772 29801 D RPCS3   : 	⁂ _sys_lwcond_signal [72015]
09-25 12:36:49.774 28772 29801 D RPCS3   : 	⁂ _sys_lwcond_signal_all [46094]
09-25 12:36:49.774 28772 29801 D RPCS3   : 	⁂ sys_time_get_current_time [36482]
09-25 12:36:49.774 28772 29801 D RPCS3   : 	⁂ sys_event_queue_receive [33020]
09-25 12:36:49.774 28772 29801 D RPCS3   : 	⁂ sys_fs_read [18634]
09-25 12:36:49.774 28772 29801 D RPCS3   : 	⁂ sys_fs_write [17050]
09-25 12:36:49.774 28772 29801 D RPCS3   : 	⁂ sys_event_port_send [11346]
09-25 12:36:49.774 28772 29801 D RPCS3   : 	⁂ sys_fs_fsync [2842]
09-25 12:36:49.774 28772 29801 D RPCS3   : 	⁂ sys_fs_lseek [2101]
09-25 12:36:49.774 28772 29801 D RPCS3   : 	⁂ sys_event_flag_wait [1660]
09-25 12:36:49.774 28772 29801 D RPCS3   : 	⁂ sys_event_flag_clear [1660]
09-25 12:36:49.774 28772 29801 D RPCS3   : 	⁂ _sys_lwmutex_trylock [121]
09-25 12:36:49.843 28772 29102 D S3PERF  : crosscheck source=surface presented=2419 json_fps=9.91628 json_frametime_ms=116.399
09-25 12:36:49.852 28772 29102 D S3PERF  : crosscheck ui_snapshot_fps=9.91628 ui_snapshot_frametime_ms=116.399
09-25 12:36:50.191 28772 28772 W DefaultDispatch: type=1400 audit(0.0:6991139): avc:  denied  { search } for  name="zram0" dev="sysfs" ino=107524 scontext=u:r:untrusted_app:s0:c207,c257,c512,c768 tcontext=u:object_r:sysfs_zram:s0 tclass=dir permissive=0 app=com.zenithblue.sambas3
09-25 12:36:50.195 28772 28772 W DefaultDispatch: type=1400 audit(0.0:6991140): avc:  denied  { search } for  name="zram0" dev="sysfs" ino=107524 scontext=u:r:untrusted_app:s0:c207,c257,c512,c768 tcontext=u:object_r:sysfs_zram:s0 tclass=dir permissive=0 app=com.zenithblue.sambas3
09-25 12:36:50.423 28772 29819 W RPCS3   : Cached object for address 0xC7B65880 was found, but it does not match stored parameters (width=128 vs 64; height=64 vs 64; depth=1 vs 1; mipmaps=5 vs 5)
09-25 12:36:51.118 28772 29102 D S3PERF  : crosscheck source=surface presented=2435 json_fps=12.8626 json_frametime_ms=69.302
09-25 12:36:51.124 28772 29102 D S3PERF  : crosscheck ui_snapshot_fps=12.8626 ui_snapshot_frametime_ms=69.302
09-25 12:36:51.203 28772 29822 D RPCS3   : sys_tty_write(ch=0, buf=*0x58bf20, len=63, pwritelen=*0xd000fde0)
09-25 12:36:51.204 28772 29822 D RPCS3   : PPU[0x1000000] main_thread's thread context:
09-25 12:36:51.204 28772 29822 D RPCS3   : Type: PPU; State: 0x726a9cdbbc[w|t|p|s|a|sig|mem|pend-re|ntf|PREEMPT|G-PAUSE|0x12|0x13|0x14|0x17|0x19|0x1b|0x1d|0x1e|0x21|0x24|0x25|0x26]
09-25 12:36:51.204 28772 29822 D RPCS3   : Priority: 1000
09-25 12:36:51.204 28772 29822 D RPCS3   : Stack: 0xd0001000..0xd0010fff
09-25 12:36:51.204 28772 29822 D RPCS3   : Joiner: detached
09-25 12:36:51.204 28772 29822 D RPCS3   : In function: sys_tty_write
09-25 12:36:51.204 28772 29822 D RPCS3   : 
09-25 12:36:51.204 28772 29822 D RPCS3   : 
09-25 12:36:51.204 28772 29822 D RPCS3   : r0 : 0x0
09-25 12:36:51.204 28772 29822 D RPCS3   : r1 : 0xd000fd70 -> 00 00 00 00 d0 00 fe 10
09-25 12:36:51.204 28772 29822 D RPCS3   : r2 : 0x52d6c8   -> e6 4c a6 d7 28 8a c4 d8
09-25 12:36:51.204 28772 29822 D RPCS3   : r3 : 0x0
09-25 12:36:51.204 28772 29822 D RPCS3   : r4 : 0x58bf20   -> "BATCHJOB: AddJob: waiting for ro"
09-25 12:36:51.204 28772 29822 D RPCS3   : r5 : 0x3f
09-25 12:36:51.204 28772 29822 D RPCS3   : r6 : 0xd000fde0 -> 35 8e d1 80 00 00 17 80
09-25 12:36:51.204 28772 29822 D RPCS3   : r7 : 0x0
09-25 12:36:51.204 28772 29822 D RPCS3   : r8 : 0x0
09-25 12:36:51.204 28772 29822 D RPCS3   : r9 : 0x58bf20   -> "BATCHJOB: AddJob: waiting for ro"
09-25 12:36:51.204 28772 29822 D RPCS3   : r10: 0x0
09-25 12:36:51.204 28772 29822 D RPCS3   : r11© 0x193
09-25 12:36:51.204 28772 29822 D RPCS3   : r12: 0x8d02e8   -> func(at=0x8b4ee4, toc=0x8d8ab0)
09-25 12:36:51.204 28772 29822 D RPCS3   : r13: 0x10007060 -> 00 00 00 00 00 00 00 00
09-25 12:36:51.204 28772 29822 D RPCS3   : r14: 0x0
09-25 12:36:51.204 28772 29822 D RPCS3   : r15: 0x0
09-25 12:36:51.204 28772 29822 D RPCS3   : r16: 0x0
09-25 12:36:51.204 28772 29822 D RPCS3   : r17: 0x0
09-25 12:36:51.204 28772 29822 D RPCS3   : r18: 0x358ea22c -> 00 50 2a 58 35 8d 20 38
09-25 12:36:51.204 28772 29822 D RPCS3   : r19: 0x358ea22c -> 00 50 2a 58 35 8d 20 38
09-25 12:36:51.204 28772 29822 D RPCS3   : r20: 0x1
09-25 12:36:51.204 28772 29822 D RPCS3   : r21: 0x0
09-25 12:36:51.204 28772 29822 D RPCS3   : r22: 0x4
09-25 12:36:51.204 28772 29822 D RPCS3   : r23: 0x1
09-25 12:36:51.204 28772 29822 D RPCS3   : r24: 0x542f90   -> 64 02 01 00 00 01 00 00
09-25 12:36:51.204 28772 29822 D RPCS3   : r25: 0x3e9acf   -> 0a 00 00 00 00 00 00 00
09-25 12:36:51.204 28772 29822 D RPCS3   : r26: 0x3e9ad0   -> 00 00 00 00 00 00 00 00
09-25 12:36:51.204 28772 29822 D RPCS3   : r27: 0x3e9acc   -> cmpdi cr4,r14,0x2e0a
09-25 12:36:51.204 28772 29822 D RPCS3   : r28: 0x0
09-25 12:36:51.204 28772 29822 D RPCS3   : r29: 0x3f
09-25 12:36:51.204 28772 29822 D RPCS3   : r30: 0x542f90   -> 64 02 01 00 00 01 00 00
09-25 12:36:51.204 28772 29822 D RPCS3   : r31: 0x58bf20   -> "BATCHJOB: AddJob: waiting for ro"
09-25 12:36:51.204 28772 29822 D RPCS3   : CR: 0x48002082, CR7: [LT=0 GT=0 EQ=1 SO=0]
09-25 12:36:51.204 28772 29822 D RPCS3   : f0 : 0.785862     [0x3fe925c800000000] (f32=0x3f492e40)
09-25 12:36:51.204 28772 29822 D RPCS3   : f1 : 2            [0x4000000000000000] (f32=0x40000000)
09-25 12:36:51.204 28772 29822 D RPCS3   : f2 : 1            [0x3ff0000000000000] (f32=0x3f800000)
09-25 12:36:51.204 28772 29822 D RPCS3   : f3 : 0.975309     [0x3fef35ba80000000] (f32=0x3f79add4)
09-25 12:36:51.204 28772 29822 D RPCS3   : f4 : 0.22         [0x3fcc28f5c0000000] (f32=0x3e6147ae)
09-25 12:36:51.204 28772 29822 D RPCS3   : f5 : 1            [0x3ff0000000000000] (f32=0x3f800000)
09-25 12:36:51.204 28772 29822 D RPCS3   : f6 : 0            [                  ] (f32=0x0)
09-25 12:36:51.204 28772 29822 D RPCS3   : f7 : -720         [0xc086800000000000] (f32=0xc4340000)
09-25 12:36:51.204 28772 29822 D RPCS3   : f8 : -360         [0xc076800000000000] (f32=0xc3b40000)
09-25 12:36:51.204 28772 29822 D RPCS3   : f9 : 0            [                  ] (f32=0x0)
09-25 12:36:51.204 28772 29822 D RPCS3   : f10: 360          [0x4076800000000000] (f32=0x43b40000)
09-25 12:36:51.204 28772 29822 D RPCS3   : f11: 9.88131E-324 [0x0000000000000002] (f32=0x0)
09-25 12:36:51.204 28772 29822 D RPCS3   : f12: 9.22337E+18  [0x43e0000000000000] (f32=0x5f000000)
09-25 12:36:51.204 28772 29822 D RPCS3   : f13: 0            [                  ] (f32=0x0)
09-25 12:36:51.204 28772 29822 D RPCS3   : f14: 0            [                  ] (f32=0x0)
09-25 12:36:51.204 28772 29822 D RPCS3   : f15: 0            [                  ] (f32=0x0)
09-25 12:36:51.204 28772 29822 D RPCS3   : f16: 0            [                  ] (f32=0x0)
09-25 12:36:51.204 28772 29822 D RPCS3   : f17: 0            [                  ] (f32=0x0)
09-25 12:36:51.204 28772 29822 D RPCS3   : f18: 0            [                  ] (f32=0x0)
09-25 12:36:51.204 28772 29822 D RPCS3   : f19: 0            [                  ] (f32=0x0)
09-25 12:36:51.204 28772 29822 D RPCS3   : f20: 0            [                  ] (f32=0x0)
09-25 12:36:51.204 28772 29822 D RPCS3   : f21: 0            [                  ] (f32=0x0)
09-25 12:36:51.204 28772 29822 D RPCS3   : f22: 0            [                  ] (f32=0x0)
09-25 12:36:51.204 28772 29822 D RPCS3   : f23: 0            [                  ] (f32=0x0)
09-25 12:36:51.204 28772 29822 D RPCS3   : f24: 0            [                  ] (f32=0x0)
09-25 12:36:51.204 28772 29822 D RPCS3   : f25: 0            [                  ] (f32=0x0)
09-25 12:36:51.204 28772 29822 D RPCS3   : f26: 0            [                  ] (f32=0x0)
09-25 12:36:51.204 28772 29822 D RPCS3   : f27: 0            [                  ] (f32=0x0)
09-25 12:36:51.204 28772 29822 D RPCS3   : f28: 0            [                  ] (f32=0x0)
09-25 12:36:51.204 28772 29822 D RPCS3   : f29: 0            [                  ] (f32=0x0)
09-25 12:36:51.204 28772 29822 D RPCS3   : f30: 0            [                  ] (f32=0x0)
09-25 12:36:51.204 28772 29822 D RPCS3   : f31: 1            [0x3ff0000000000000] (f32=0x3f800000)
09-25 12:36:51.204 28772 29822 D RPCS3   : v0 : 00061180 00002780 35a18a80 00041a80 [x: 5.57291e-40 y: 1.41699e-41 z: 1.20357e-06 w: 3.76848e-40]
09-25 12:36:51.204 28772 29822 D RPCS3   : v1 : 00000000 00000000 00000000 3f800000 [x: 0 y: 0 z: 0 w: 1]
09-25 12:36:51.204 28772 29822 D RPCS3   : v2 : 3f800000 [x: 1]
09-25 12:36:51.204 28772 29822 D RPCS3   : v3 : 10111213 04050607 08090a0b 0c0d0e0f [x: 2.86101e-29 y: 1.56368e-36 z: 4.12387e-34 w: 1.08665e-31]
09-25 12:36:51.204 28772 29822 D RPCS3   : v4 : bf866ec3 c100f696 c16f9a48 3f7fffff [x: -1.05026 y: -8.0602 z: -14.9752 w: 1]
09-25 12:36:51.204 28772 29822 D RPCS3   : v5 : 00000000 00000000 00000000 ffffffff [x: 0 y: 0 z: 0 w: -nan]
09-25 12:36:51.204 28772 29822 D RPCS3   : v6 : 408e38e3 00000000 00000000 00000000 [x: 4.44444 y: 0 z: 0 w: 0]
09-25 12:36:51.204 28772 29822 D RPCS3   : v7 : 4091745d 80000000 3f4ccccd 3e4ccccd [x: 4.54545 y: -0 z: 0.8 w: 0.2]
09-25 12:36:51.204 28772 29822 D RPCS3   : v8 : 00000000 ffffffff 00000000 00000000 [x: 0 y: -nan z: 0 w: 0]
09-25 12:36:51.204 28772 29822 D RPCS3   : v9 : 3f800000 [x: 1]
09-25 12:36:51.204 28772 29822 D RPCS3   : v10: 00000000 00000000 00000000 3f800000 [x: 0 y: 0 z: 0 w: 1]
09-25 12:36:51.204 28772 29822 D RPCS3   : v11: 00000000 [x: 0]
09-25 12:36:51.204 28772 29822 D RPCS3   : v12: 00000000 00000000 3f800000 00000000 [x: 0 y: 0 z: 1 w: 0]
09-25 12:36:51.204 28772 29822 D RPCS3   : v13: 00000000 3f800000 00000000 00000000 [x: 0 y: 1 z: 0 w: 0]
09-25 12:36:51.204 28772 29822 D RPCS3   : v14: 00000000 00000000 40300c97 00000000 [x: 0 y: 0 z: 2.75077 w: 0]
09-25 12:36:51.204 28772 29822 D RPCS3   : v15: 3bfd9e0f bdbee573 3f187bd7 00000000 [x: 0.00773979 y: -0.0932111 z: 0.59564 w: 0]
09-25 12:36:51.204 28772 29822 D RPCS3   : v16: 00000000 [x: 0]
09-25 12:36:51.204 28772 29822 D RPCS3   : v17: bf800000 [x: -1]
09-25 12:36:51.204 28772 29822 D RPCS3   : v18: bf9f6623 c0976f2b bfaad77e 00000000 [x: -1.2453 y: -4.73232 z: -1.3347 w: 0]
09-25 12:36:51.204 28772 29822 D RPCS3   : v19: bd0b1560 c0a23387 be3ad214 00000000 [x: -0.0339559 y: -5.06879 z: -0.182442 w: 0]
09-25 12:36:51.204 28772 29822 D RPCS3   : v20: 00000000 [x: 0]
09-25 12:36:51.204 28772 29822 D RPCS3   : v21: 00000000 [x: 0]
09-25 12:36:51.204 28772 29822 D RPCS3   : v22: 00000000 [x: 0]
09-25 12:36:51.204 28772 29822 D RPCS3   : v23: 00000000 [x: 0]
09-25 12:36:51.204 28772 29822 D RPCS3   : v24: 00000000 [x: 0]
09-25 12:36:51.204 28772 29822 D RPCS3   : v25: 00000000 [x: 0]
09-25 12:36:51.204 28772 29822 D RPCS3   : v26: 00000000 [x: 0]
09-25 12:36:51.204 28772 29822 D RPCS3   : v27: 00000000 [x: 0]
09-25 12:36:51.204 28772 29822 D RPCS3   : v28: 00000000 [x: 0]
09-25 12:36:51.204 28772 29822 D RPCS3   : v29: 00000000 [x: 0]
09-25 12:36:51.204 28772 29822 D RPCS3   : v30: 00000000 [x: 0]
09-25 12:36:51.204 28772 29822 D RPCS3   : v31: 00000000 [x: 0]
09-25 12:36:51.204 28772 29822 D RPCS3   : CIA: 0x336084
09-25 12:36:51.204 28772 29822 D RPCS3   : LR: 0x32ab28
09-25 12:36:51.204 28772 29822 D RPCS3   : CTR: 0x8b4ee4
09-25 12:36:51.204 28772 29822 D RPCS3   : VRSAVE: 0xffffffff
09-25 12:36:51.204 28772 29822 D RPCS3   : XER: [CA=1 | OV=0 | SO=0 | CNT=0]
09-25 12:36:51.204 28772 29822 D RPCS3   : VSCR: [SAT=505294638240 | NJ=1]
09-25 12:36:51.204 28772 29822 D RPCS3   : FPSCR: [FL=1 | FG=0 | FE=0 | FU=0]
09-25 12:36:51.204 28772 29822 D RPCS3   : Reservation Addr: none
09-25 12:36:51.204 28772 29822 D RPCS3   : Reservation Data (entire cache line):
09-25 12:36:51.204 28772 29822 D RPCS3   : [0x00] 31d00fc0 320a6964 ffffffff 00000000
09-25 12:36:51.204 28772 29822 D RPCS3   : [0x10] 00000000 00000000 00000000 00000012
09-25 12:36:51.204 28772 29822 D RPCS3   : [0x20] 00000000 00000000 00000000 00000012
09-25 12:36:51.204 28772 29822 D RPCS3   : [0x30] 08000000 00000000 00000000 00000012
09-25 12:36:51.204 28772 29822 D RPCS3   : [0x40] 00000000 00000000 00000000 00000012
09-25 12:36:51.204 28772 29822 D RPCS3   : [0x50] 01000000 00000000 01000000 00000000
09-25 12:36:51.204 28772 29822 D RPCS3   : [0x60] 01000000 00000000 30738c00 00000000
09-25 12:36:51.204 28772 29822 D RPCS3   : [0x70] 00018004 00000000 00000166 3188c6f0
09-25 12:36:51.204 28772 29822 D RPCS3   : 
09-25 12:36:51.204 28772 29822 D RPCS3   : Call stack:
09-25 12:36:51.204 28772 29822 D RPCS3   : =========
09-25 12:36:51.204 28772 29822 D RPCS3   : 0x00336084 (0x0) called
09-25 12:36:51.204 28772 29822 D RPCS3   : > from 0x0032ab28 (sp=0xd000fe10)
09-25 12:36:51.204 28772 29822 D RPCS3   : > from 0x0032b084 (sp=0xd000fea0)
09-25 12:36:51.204 28772 29822 D RPCS3   : > from 0x003331ec (sp=0xd000ff60)
09-25 12:36:51.204 28772 29822 D RPCS3   : > from 0x00333c10 (sp=0xd000fff0)
09-25 12:36:51.204 28772 29822 D RPCS3   : > from 0x0033318c (sp=0xd0010150)
09-25 12:36:51.204 28772 29822 D RPCS3   : > from 0x002e5cc4 (sp=0xd00101f0)
09-25 12:36:51.204 28772 29822 D RPCS3   : > from 0x002bf6bc (sp=0xd00102c0)
09-25 12:36:51.204 28772 29822 D RPCS3   : > from 0x001a77e8 (sp=0xd0010350)
09-25 12:36:51.204 28772 29822 D RPCS3   : > from 0x001a6070 (sp=0xd00104d0)
09-25 12:36:51.204 28772 29822 D RPCS3   : > from 0x0019a0ac (sp=0xd00107b0)
09-25 12:36:51.204 28772 29822 D RPCS3   : > from 0x001aad74 (sp=0xd0010830)
09-25 12:36:51.204 28772 29822 D RPCS3   : > from 0x00260394 (sp=0xd00108c0)
09-25 12:36:51.204 28772 29822 D RPCS3   : > from 0x001aa9ec (sp=0xd0010990)
09-25 12:36:51.204 28772 29822 D RPCS3   : > from 0x00262700 (sp=0xd0010a20)
09-25 12:36:51.204 28772 29822 D RPCS3   : > from 0x0026281c (sp=0xd0010ac0)
09-25 12:36:51.204 28772 29822 D RPCS3   : > from 0x001b4b2c (sp=0xd0010b40)
09-25 12:36:51.204 28772 29822 D RPCS3   : > from 0x000ed64c (sp=0xd0010be0)
09-25 12:36:51.204 28772 29822 D RPCS3   : > from 0x000104d8 (sp=0xd0010c60)
09-25 12:36:51.204 28772 29822 D RPCS3   : > from 0x00010250 (sp=0xd0010d00)
09-25 12:36:51.204 28772 29822 D RPCS3   : 
09-25 12:36:51.204 28772 29822 D RPCS3   : [00336034]  2f 83 00 00: cmpwi      cr7,r3,0
09-25 12:36:51.204 28772 29822 D RPCS3   : [00336038]  7c 7d 1b 78: mr         r29,r3
09-25 12:36:51.204 28772 29822 D RPCS3   : [0033603c]  40 de 00 c0: bne-       cr7,0x3360fc 
09-25 12:36:51.204 28772 29822 D RPCS3   : [00336040]  80 a1 00 7c: lwz        r5,0x7c(r1)
09-25 12:36:51.204 28772 29822 D RPCS3   : [00336044]  e8 01 00 b0: ld         r0,0xb0(r1)
09-25 12:36:51.204 28772 29822 D RPCS3   : [00336048]  7c a3 07 b4: extsw      r3,r5
09-25 12:36:51.204 28772 29822 D RPCS3   : [0033604c]  eb a1 00 88: ld         r29,0x88(r1)
09-25 12:36:51.204 28772 29822 D RPCS3   : [00336050]  eb e1 00 98: ld         r31,0x98(r1)
09-25 12:36:51.204 28772 29822 D RPCS3   : [00336054]  7c 08 03 a6: mtlr       r0
09-25 12:36:51.204 28772 29822 D RPCS3   : [00336058]  38 21 00 a0: addi       r1,0xa0(r1)
09-25 12:36:51.204 28772 29822 D RPCS3   : [0033605c]  4e 80 00 20: blr
09-25 12:36:51.204 28772 29822 D RPCS3   : [00336060]  2f 84 00 00: cmpwi      cr7,r4,0
09-25 12:36:51.204 28772 29822 D RPCS3   : [00336064]  41 de 00 ac: beq-       cr7,0x336110 
09-25 12:36:51.204 28772 29822 D RPCS3   : [00336068]  2f 83 00 01: cmpwi      cr7,r3,1
09-25 12:36:51.204 28772 29822 D RPCS3   : [0033606c]  41 9e 00 40: beq        cr7,0x3360ac 
09-25 12:36:51.204 28772 29822 D RPCS3   : [00336070]  78 84 00 20: clrldi     r4,r4,32
09-25 12:36:51.204 28772 29822 D RPCS3   : [00336074]  38 60 00 01: li         r3,1
09-25 12:36:51.204 28772 29822 D RPCS3   : [00336078]  7b a5 00 20: clrldi     r5,r29,32
09-25 12:36:51.204 28772 29822 D RPCS3   : [0033607c]  38 c1 00 70: addi       r6,0x70(r1)
09-25 12:36:51.204 28772 29822 D RPCS3   : [00336080]  39 60 01 93: li         r11,0x193
09-25 12:36:51.204 28772 29822 D RPCS3   : [00336084]  44 00 00 02: sc         #sys_tty_write
09-25 12:36:51.204 28772 29822 D RPCS3   : [00336088]  2f 83 00 00: cmpwi      cr7,r3,0
09-25 12:36:51.204 28772 29822 D RPCS3   : [0033608c]  7c 7f 1b 78: mr         r31,r3
09-25 12:36:51.204 28772 29822 D RPCS3   : [00336090]  7f a5 eb 78: mr         r5,r29
09-25 12:36:51.204 28772 29822 D RPCS3   : [00336094]  41 fe ff b0: beq+       cr7,0x336044 
09-25 12:36:51.204 28772 29822 D RPCS3   : [00336098]  4b ff 48 01: bl         0x32a898
09-25 12:36:51.204 28772 29822 D RPCS3   : [0033609c]  60 00 00 00: nop
09-25 12:36:51.204 28772 29822 D RPCS3   : [003360a0]  38 a0 ff ff: li         r5,-1
09-25 12:36:51.204 28772 29822 D RPCS3   : [003360a4]  93 e3 00 00: stw        r31,0(r3)
09-25 12:36:51.204 28772 29822 D RPCS3   : [003360a8]  4b ff ff 9c: b          0x336044
09-25 12:36:51.204 28772 29822 D RPCS3   : sys_tty_write(): “BATCHJOB: AddJob: waiting for room in job list 3 for job 56...“ << endl
09-25 12:36:51.264 28772 29877 D RPCS3   : Building function 0xd398... (size 98, __spu-0x0d398-Qt7EMsE3a8YJ642th9HPk83XK9rQ-s3cg1-cortex-a34-neon)
09-25 12:36:51.265 28772 29875 D RPCS3   : Building function 0x51c8... (size 18, __spu-0x051c8-CvCFhfXRsvu4YrgYEf27S4NHSayo-s3cg1-cortex-a34-neon)
09-25 12:36:51.274 28772 29875 I RPCS3   : New SPU block compiled successfully (size=18)
09-25 12:36:51.274 28772 29875 W RPCS3   : [0x4fd0] At 0x50a4: indirect branch to 0x50a8 (D)
09-25 12:36:51.274 28772 29875 W RPCS3   : [0x4fd0] At 0x50a4: indirect branch to 0x50a8 (D)
09-25 12:36:51.274 28772 29875 D RPCS3   : Building function 0x4fd0... (size 54, __spu-0x04fd0-0kz4MSHN6KeNitxr2M9MGfXkNNcz-s3cg1-cortex-a34-neon)
09-25 12:36:51.288 28772 29875 I RPCS3   : New SPU block compiled successfully (size=54)
09-25 12:36:51.288 28772 29875 W RPCS3   : [0x4a30] At 0x5258: indirect branch to 0x525c (D)
09-25 12:36:51.288 28772 29875 W RPCS3   : [0x4a30] At 0x50a4: indirect branch to 0x50a8 (D)
09-25 12:36:51.304 28772 29877 I RPCS3   : New SPU block compiled successfully (size=98)
09-25 12:36:51.313 28772 29875 D RPCS3   : SPU block is a loop at [0x04ad0 -> 0x04ad0]
09-25 12:36:51.313 28772 29875 D RPCS3   : SPU block is a loop at [0x04b50 -> 0x04b50]
09-25 12:36:51.313 28772 29875 D RPCS3   : Building function 0x4a30... (size 414, __spu-0x04a30-oxT8r9kRgq2Un3Y6QvsjU4WzdZEF-s3cg1-cortex-a34-neon)
09-25 12:36:51.314 28772 29875 D RPCS3   : mpy32 in __spu-0x04a30-oxT8r9kRgq2Un3Y6QvsjU4WzdZEF-s3cg1-cortex-a34-neon at 0x04a74
09-25 12:36:51.314 28772 29875 D RPCS3   : mpy32 in __spu-0x04a30-oxT8r9kRgq2Un3Y6QvsjU4WzdZEF-s3cg1-cortex-a34-neon at 0x04bd0
09-25 12:36:51.314 28772 29875 D RPCS3   : mpy32 in __spu-0x04a30-oxT8r9kRgq2Un3Y6QvsjU4WzdZEF-s3cg1-cortex-a34-neon at 0x04bd4
09-25 12:36:51.314 28772 29875 D RPCS3   : mpy32 in __spu-0x04a30-oxT8r9kRgq2Un3Y6QvsjU4WzdZEF-s3cg1-cortex-a34-neon at 0x04c4c
09-25 12:36:51.315 28772 29875 W RPCS3   : [__spu-0x04a30-oxT8r9kRgq2Un3Y6QvsjU4WzdZEF-s3cg1-cortex-a34-neon:0x04df4] Unmatched spu_rsqrte(c) found in FMA
09-25 12:36:51.315 28772 29875 W RPCS3   : [__spu-0x04a30-oxT8r9kRgq2Un3Y6QvsjU4WzdZEF-s3cg1-cortex-a34-neon:0x04d54] Unmatched spu_rsqrte(c) found in FMA
09-25 12:36:51.315 28772 29875 W RPCS3   : [__spu-0x04a30-oxT8r9kRgq2Un3Y6QvsjU4WzdZEF-s3cg1-cortex-a34-neon:0x04e54] Unmatched spu_rsqrte(c) found in FMA
09-25 12:36:51.315 28772 29875 W RPCS3   : [__spu-0x04a30-oxT8r9kRgq2Un3Y6QvsjU4WzdZEF-s3cg1-cortex-a34-neon:0x04eb8] Unmatched spu_rsqrte(c) found in FMA
09-25 12:36:51.316 28772 29875 W RPCS3   : [__spu-0x04a30-oxT8r9kRgq2Un3Y6QvsjU4WzdZEF-s3cg1-cortex-a34-neon:0x04f14] Unmatched spu_rsqrte(c) found in FMA
09-25 12:36:51.385 28772 29875 I RPCS3   : New SPU block compiled successfully (size=414)
09-25 12:36:51.385 28772 29875 D RPCS3   : Building function 0x55a8... (size 58, __spu-0x055a8-RX1tcSpvtxvkFvAeevRHAiRxJcp7-s3cg1-cortex-a34-neon)
09-25 12:36:51.386 28772 29875 W RPCS3   : [__spu-0x055a8-RX1tcSpvtxvkFvAeevRHAiRxJcp7-s3cg1-cortex-a34-neon:0x05678] Unmatched spu_rsqrte(c) found in FMA
09-25 12:36:51.401 28772 29875 I RPCS3   : New SPU block compiled successfully (size=58)
09-25 12:36:51.402 28772 29875 W RPCS3   : [0x5060] At 0x50a4: indirect branch to 0x50a8 (D)
09-25 12:36:51.402 28772 29875 D RPCS3   : Building function 0x5060... (size 18, __spu-0x05060-o1w9nxY8vJAisZPZLHK7P26jnAaG-s3cg1-cortex-a34-neon)
09-25 12:36:51.411 28772 29875 I RPCS3   : New SPU block compiled successfully (size=18)
09-25 12:36:51.622 28772 29822 D RPCS3   : sys_tty_write(ch=0, buf=*0x58bf20, len=63, pwritelen=*0xd000fde0)
09-25 12:36:51.622 28772 29822 D RPCS3   : sys_tty_write(): “BATCHJOB: AddJob: waiting for room in job list 3 for job 56...“ << endl
09-25 12:36:51.783 28772 29878 W RPCS3   : [0x4a10] At 0x50a4: indirect branch to 0x50a8 (D)
09-25 12:36:51.783 28772 29878 W RPCS3   : [0x4a10] At 0x50a4: indirect branch to 0x50a8 (D)
09-25 12:36:51.841 28772 29878 D RPCS3   : SPU block is a loop at [0x04a4c -> 0x04a10]
09-25 12:36:51.841 28772 29878 D RPCS3   : SPU block is a loop at [0x04ad0 -> 0x04ad0]
09-25 12:36:51.841 28772 29878 D RPCS3   : SPU block is a loop at [0x04b50 -> 0x04b50]
09-25 12:36:51.841 28772 29878 D RPCS3   : Building function 0x4a10... (size 422, __spu-0x04a10-6gwvYrjuacjk6ydSFtw3nLtTAucv-s3cg1-cortex-a34-neon)
09-25 12:36:51.843 28772 29878 D RPCS3   : mpy32 in __spu-0x04a10-6gwvYrjuacjk6ydSFtw3nLtTAucv-s3cg1-cortex-a34-neon at 0x04a74
09-25 12:36:51.843 28772 29878 D RPCS3   : mpy32 in __spu-0x04a10-6gwvYrjuacjk6ydSFtw3nLtTAucv-s3cg1-cortex-a34-neon at 0x04bd0
09-25 12:36:51.843 28772 29878 D RPCS3   : mpy32 in __spu-0x04a10-6gwvYrjuacjk6ydSFtw3nLtTAucv-s3cg1-cortex-a34-neon at 0x04bd4
09-25 12:36:51.843 28772 29878 D RPCS3   : mpy32 in __spu-0x04a10-6gwvYrjuacjk6ydSFtw3nLtTAucv-s3cg1-cortex-a34-neon at 0x04c4c
09-25 12:36:51.844 28772 29878 W RPCS3   : [__spu-0x04a10-6gwvYrjuacjk6ydSFtw3nLtTAucv-s3cg1-cortex-a34-neon:0x04df4] Unmatched spu_rsqrte(c) found in FMA
09-25 12:36:51.845 28772 29878 W RPCS3   : [__spu-0x04a10-6gwvYrjuacjk6ydSFtw3nLtTAucv-s3cg1-cortex-a34-neon:0x04d54] Unmatched spu_rsqrte(c) found in FMA
09-25 12:36:51.845 28772 29878 W RPCS3   : [__spu-0x04a10-6gwvYrjuacjk6ydSFtw3nLtTAucv-s3cg1-cortex-a34-neon:0x04e54] Unmatched spu_rsqrte(c) found in FMA
09-25 12:36:51.845 28772 29878 W RPCS3   : [__spu-0x04a10-6gwvYrjuacjk6ydSFtw3nLtTAucv-s3cg1-cortex-a34-neon:0x04eb8] Unmatched spu_rsqrte(c) found in FMA
09-25 12:36:51.845 28772 29878 W RPCS3   : [__spu-0x04a10-6gwvYrjuacjk6ydSFtw3nLtTAucv-s3cg1-cortex-a34-neon:0x04f14] Unmatched spu_rsqrte(c) found in FMA
09-25 12:36:51.969 28772 29878 I RPCS3   : New SPU block compiled successfully (size=422)
09-25 12:36:52.025 28772 29822 D RPCS3   : sys_tty_write(ch=0, buf=*0x58bf20, len=63, pwritelen=*0xd000fde0)
09-25 12:36:52.025 28772 29822 D RPCS3   : sys_tty_write(): “BATCHJOB: AddJob: waiting for room in job list 3 for job 56...“ << endl
09-25 12:36:52.091 28772 29822 D RPCS3   : sys_tty_write(ch=0, buf=*0x58bf20, len=63, pwritelen=*0xd000fde0)
09-25 12:36:52.091 28772 29822 D RPCS3   : sys_tty_write(): “BATCHJOB: AddJob: waiting for room in job list 3 for job 56...“ << endl
09-25 12:36:52.369 28772 29102 D S3PERF  : crosscheck source=surface presented=2448 json_fps=10.8013 json_frametime_ms=83.558
09-25 12:36:52.375 28772 29102 D S3PERF  : crosscheck ui_snapshot_fps=10.8013 ui_snapshot_frametime_ms=83.558
09-25 12:36:52.436 28772 29822 D RPCS3   : sys_tty_write(ch=0, buf=*0x58bf20, len=63, pwritelen=*0xd000fde0)
09-25 12:36:52.436 28772 29822 D RPCS3   : sys_tty_write(): “BATCHJOB: AddJob: waiting for room in job list 3 for job 56...“ << endl
09-25 12:36:52.476 28772 28772 W DebugPad: BUTTON SQUARE d1=0 d2=128 press 120ms request_id=s3-1790320012453410751-2415021-9348
09-25 12:36:52.597 28772 28772 W DebugPad: BUTTON SQUARE release request_id=s3-1790320012453410751-2415021-9348
09-25 12:36:52.597 28772 30114 E RPCS3   : Video au decode has been waiting for a consumer for 5 seconds. (handle=0xf0000300, seq_id=1, cmd_id=63, queue_size=61)
09-25 12:36:53.220 28772 29822 D RPCS3   : sys_tty_write(ch=0, buf=*0x58bf20, len=63, pwritelen=*0xd000fde0)
09-25 12:36:53.220 28772 29822 D RPCS3   : sys_tty_write(): “BATCHJOB: AddJob: waiting for room in job list 3 for job 56...“ << endl
09-25 12:36:53.596 28772 29102 D S3PERF  : crosscheck source=surface presented=2461 json_fps=10.5606 json_frametime_ms=106.233
09-25 12:36:53.601 28772 29102 D S3PERF  : crosscheck ui_snapshot_fps=10.5606 ui_snapshot_frametime_ms=106.233
09-25 12:36:53.664 28772 28772 I S3TOUCH : root action=down x=2296 y=238
09-25 12:36:53.664 28772 28772 I S3TOUCH : monitor action=down consumed=false
09-25 12:36:53.664 28772 28772 I S3TOUCH : pad action=down menu=false
09-25 12:36:53.770 28772 29822 D RPCS3   : sys_tty_write(ch=0, buf=*0x58bf20, len=63, pwritelen=*0xd000fde0)
09-25 12:36:53.771 28772 29822 D RPCS3   : sys_tty_write(): “BATCHJOB: AddJob: waiting for room in job list 3 for job 56...“ << endl
09-25 12:36:53.914 28772 29822 D RPCS3   : sys_tty_write(ch=0, buf=*0x58bf20, len=63, pwritelen=*0xd000fde0)
09-25 12:36:53.914 28772 29822 D RPCS3   : sys_tty_write(): “BATCHJOB: AddJob: waiting for room in job list 3 for job 56...“ << endl
09-25 12:36:54.436 28772 29822 D RPCS3   : sys_tty_write(ch=0, buf=*0x58bf20, len=63, pwritelen=*0xd000fde0)
09-25 12:36:54.436 28772 29822 D RPCS3   : sys_tty_write(): “BATCHJOB: AddJob: waiting for room in job list 3 for job 56...“ << endl
09-25 12:36:54.479 28772 28772 I S3TOUCH : root action=down x=2577 y=99
09-25 12:36:54.479 28772 28772 I S3TOUCH : monitor action=down consumed=false
09-25 12:36:54.479 28772 28772 I S3TOUCH : pad action=down menu=false
09-25 12:36:54.550 28772 29822 D RPCS3   : sys_tty_write(ch=0, buf=*0x58bf20, len=63, pwritelen=*0xd000fde0)
09-25 12:36:54.550 28772 29822 D RPCS3   : sys_tty_write(): “BATCHJOB: AddJob: waiting for room in job list 3 for job 56...“ << endl
09-25 12:36:54.636 28772 29822 D RPCS3   : sys_tty_write(ch=0, buf=*0x58bf20, len=63, pwritelen=*0xd000fde0)
09-25 12:36:54.636 28772 29822 D RPCS3   : sys_tty_write(): “BATCHJOB: AddJob: waiting for room in job list 3 for job 56...“ << endl
09-25 12:36:54.802 28772 29822 D RPCS3   : sys_tty_write(ch=0, buf=*0x58bf20, len=63, pwritelen=*0xd000fde0)
09-25 12:36:54.802 28772 29822 D RPCS3   : sys_tty_write(): “BATCHJOB: AddJob: waiting for room in job list 3 for job 56...“ << endl
09-25 12:36:54.833 28772 28772 I S3TOUCH : root action=down x=2566 y=110
09-25 12:36:54.833 28772 28772 I S3TOUCH : monitor action=down consumed=false
09-25 12:36:54.833 28772 28772 I S3TOUCH : pad action=down menu=false
09-25 12:36:54.890 28772 29102 D S3PERF  : crosscheck source=surface presented=2474 json_fps=10.4278 json_frametime_ms=54.15
09-25 12:36:54.900 28772 29102 D S3PERF  : crosscheck ui_snapshot_fps=10.4278 ui_snapshot_frametime_ms=54.15
09-25 12:36:55.064 28772 28772 I S3TOUCH : root action=down x=2544 y=101
09-25 12:36:55.066 28772 28772 I S3TOUCH : monitor action=down consumed=false
09-25 12:36:55.067 28772 28772 I S3TOUCH : pad action=down menu=false
09-25 12:36:55.232 28772 28772 I S3TOUCH : root action=down x=2532 y=97
09-25 12:36:55.232 28772 28772 I S3TOUCH : monitor action=down consumed=false
09-25 12:36:55.232 28772 28772 I S3TOUCH : pad action=down menu=false
09-25 12:36:55.246 28772 29822 D RPCS3   : sys_tty_write(ch=0, buf=*0x58bf20, len=63, pwritelen=*0xd000fde0)
09-25 12:36:55.246 28772 29822 D RPCS3   : sys_tty_write(): “BATCHJOB: AddJob: waiting for room in job list 3 for job 56...“ << endl
09-25 12:36:55.532 28772 28772 I S3TOUCH : root action=down x=2530 y=102
09-25 12:36:55.532 28772 28772 I S3TOUCH : monitor action=down consumed=false
09-25 12:36:55.532 28772 28772 I S3TOUCH : pad action=down menu=false
09-25 12:36:55.568 28772 29822 D RPCS3   : sys_tty_write(ch=0, buf=*0x58bf20, len=63, pwritelen=*0xd000fde0)
09-25 12:36:55.568 28772 29822 D RPCS3   : sys_tty_write(): “BATCHJOB: AddJob: waiting for room in job list 3 for job 56...“ << endl
09-25 12:36:55.668 28772 29822 D RPCS3   : sys_tty_write(ch=0, buf=*0x58bf20, len=63, pwritelen=*0xd000fde0)
09-25 12:36:55.668 28772 29822 D RPCS3   : sys_tty_write(): “BATCHJOB: AddJob: waiting for room in job list 3 for job 56...“ << endl
09-25 12:36:55.785 28772 29822 D RPCS3   : sys_tty_write(ch=0, buf=*0x58bf20, len=63, pwritelen=*0xd000fde0)
09-25 12:36:55.785 28772 29822 D RPCS3   : sys_tty_write(): “BATCHJOB: AddJob: waiting for room in job list 3 for job 56...“ << endl
09-25 12:36:55.805 28772 28772 I S3TOUCH : root action=down x=2510 y=96
09-25 12:36:55.805 28772 28772 I S3TOUCH : monitor action=down consumed=false
09-25 12:36:55.805 28772 28772 I S3TOUCH : pad action=down menu=false
09-25 12:36:55.978 28772 29822 D RPCS3   : sys_tty_write(ch=0, buf=*0x58bf20, len=63, pwritelen=*0xd000fde0)
09-25 12:36:55.979 28772 29822 D RPCS3   : sys_tty_write(): “BATCHJOB: AddJob: waiting for room in job list 3 for job 56...“ << endl
09-25 12:36:56.062 28772 29102 D S3PERF  : crosscheck ui_snapshot_fps=9.26323 ui_snapshot_frametime_ms=186.484
09-25 12:36:56.159 28772 28772 I S3TOUCH : root action=down x=2504 y=107
09-25 12:36:56.159 28772 28772 I S3TOUCH : monitor action=down consumed=false
09-25 12:36:56.159 28772 28772 I S3TOUCH : pad action=down menu=false
09-25 12:36:56.330 28772 29822 D RPCS3   : sys_tty_write(ch=0, buf=*0x58bf20, len=63, pwritelen=*0xd000fde0)
09-25 12:36:56.331 28772 29822 D RPCS3   : sys_tty_write(): “BATCHJOB: AddJob: waiting for room in job list 3 for job 56...“ << endl
09-25 12:36:56.377 28772 29102 D S3PERF  : crosscheck source=surface presented=2488 json_fps=9.47234 json_frametime_ms=86.578
09-25 12:36:56.569 28772 28772 I S3TOUCH : root action=down x=2489 y=115
09-25 12:36:56.569 28772 28772 I S3TOUCH : monitor action=down consumed=false
09-25 12:36:56.569 28772 28772 I S3TOUCH : pad action=down menu=false
09-25 12:36:56.617 28772 29822 D RPCS3   : sys_tty_write(ch=0, buf=*0x58bf20, len=63, pwritelen=*0xd000fde0)
09-25 12:36:56.618 28772 29822 D RPCS3   : sys_tty_write(): “BATCHJOB: AddJob: waiting for room in job list 3 for job 56...“ << endl
09-25 12:36:56.775 28772 29822 W RPCS3   : _sys_ppu_thread_create(thread_id=*0x52bdd8, param=*0xd0010730, arg=0x0, unk=0x0, prio=1001, stacksize=0x4000, flags=0x0, threadname=*0x3dcc00)
09-25 12:36:56.775 28772 29822 W RPCS3   : _sys_ppu_thread_create(): Thread "SaveDataUtil::SaveUnlocksPrefs" created (id=0x100002c, func=*0x23ecf8, rtoc=0x52d6c8, user-tls=0x1000ad50)
09-25 12:36:56.776 28772 30289 W RPCS3   : cellSaveDataAutoSave2(version=0, dirName=“BCUS98111-AUTOSAVE”, errDialog=2, setBuf=*0xd010d8f0, funcStat=*0x51c5f0, funcFile=*0x51c5b0, container=0xffffffff, userdata=*0x51c600)
09-25 12:36:56.776 28772 30289 D RPCS3   : savedata_op(): setBuf  = { .dirListMax=1, .fileListMax=2, .bufSize=1632 }
09-25 12:36:56.781 28772 30289 W RPCS3   : savedata_op(): Recreating savedata. (mode=3)
09-25 12:36:56.792 28772 30289 W RPCS3   : savedata_op(): Fileop: file='ICON0.PNG', type=2, op=1, bufSize=38000, fileSize=38000, offset=0
09-25 12:36:56.798 28772 30289 D RPCS3   : SECUREFILE: SAVEDATA -> 0xd6485e21cfb9078544fb0183e823923e
09-25 12:36:56.798 28772 30289 W RPCS3   : savedata_op(): Fileop: file='SAVEDATA', type=0, op=1, bufSize=147456, fileSize=147456, offset=0
09-25 12:36:56.862 28772 29822 D RPCS3   : sys_tty_write(ch=0, buf=*0x58bf20, len=63, pwritelen=*0xd000fde0)
09-25 12:36:56.862 28772 29822 D RPCS3   : sys_tty_write(): “BATCHJOB: AddJob: waiting for room in job list 3 for job 56...“ << endl
09-25 12:36:56.968 28772 29822 D RPCS3   : sys_tty_write(ch=0, buf=*0x58bf20, len=63, pwritelen=*0xd000fde0)
09-25 12:36:56.968 28772 29822 D RPCS3   : sys_tty_write(): “BATCHJOB: AddJob: waiting for room in job list 3 for job 56...“ << endl
09-25 12:36:57.102 28772 29822 D RPCS3   : sys_tty_write(ch=0, buf=*0x58bf20, len=63, pwritelen=*0xd000fde0)
09-25 12:36:57.102 28772 29822 D RPCS3   : sys_tty_write(): “BATCHJOB: AddJob: waiting for room in job list 3 for job 56...“ << endl
09-25 12:36:57.156 28772 28772 I S3TOUCH : root action=down x=2517 y=101
09-25 12:36:57.157 28772 28772 I S3TOUCH : monitor action=down consumed=false
09-25 12:36:57.157 28772 28772 I S3TOUCH : pad action=down menu=false
09-25 12:36:57.333 28772 30289 D RPCS3   : HLE/LV2 history: 
09-25 12:36:57.333 28772 30289 D RPCS3   : (0) 0x008b21fc: sys_mutex_unlock, 0x0, r3=0x0, r4=0x0, r5=0x0, r6=0x0
09-25 12:36:57.333 28772 30289 W RPCS3   : '_sys_ppu_thread_exit' aborted (0.000282s)
09-25 12:36:57.333 28772 30289 D RPCS3   : PPU thread perf stats are not available.
09-25 12:36:57.333 28772 30289 D RPCS3   : PPU thread perf stats are not available.
09-25 12:36:57.366 28772 29822 D RPCS3   : sys_tty_write(ch=0, buf=*0x58bf20, len=63, pwritelen=*0xd000fde0)
09-25 12:36:57.366 28772 29822 D RPCS3   : sys_tty_write(): “BATCHJOB: AddJob: waiting for room in job list 3 for job 56...“ << endl
09-25 12:36:57.374 28772 29102 D S3PERF  : crosscheck ui_snapshot_fps=8.46456 ui_snapshot_frametime_ms=127.195
09-25 12:36:57.470 28772 28772 I S3TOUCH : root action=down x=2513 y=101
09-25 12:36:57.470 28772 28772 I S3TOUCH : monitor action=down consumed=false
09-25 12:36:57.470 28772 28772 I S3TOUCH : pad action=down menu=false
09-25 12:36:57.532 28772 29822 D RPCS3   : sys_tty_write(ch=0, buf=*0x58bf20, len=63, pwritelen=*0xd000fde0)
09-25 12:36:57.532 28772 29822 D RPCS3   : sys_tty_write(): “BATCHJOB: AddJob: waiting for room in job list 3 for job 56...“ << endl
09-25 12:36:57.662 28772 29822 D RPCS3   : sys_tty_write(ch=0, buf=*0x58bf20, len=63, pwritelen=*0xd000fde0)
09-25 12:36:57.662 28772 29822 D RPCS3   : sys_tty_write(): “BATCHJOB: AddJob: waiting for room in job list 3 for job 56...“ << endl
09-25 12:36:57.686 28772 29102 D S3PERF  : crosscheck source=surface presented=2500 json_fps=9.23966 json_frametime_ms=98.568
09-25 12:36:57.688 28772 30114 E RPCS3   : Video au decode has been waiting for a consumer for 5 seconds. (handle=0xf0000300, seq_id=1, cmd_id=63, queue_size=61)
09-25 12:36:57.778 28772 29822 D RPCS3   : sys_tty_write(ch=0, buf=*0x58bf20, len=63, pwritelen=*0xd000fde0)
09-25 12:36:57.778 28772 29822 D RPCS3   : sys_tty_write(): “BATCHJOB: AddJob: waiting for room in job list 3 for job 56...“ << endl
09-25 12:36:57.860 28772 28772 I S3TOUCH : root action=down x=2499 y=87
09-25 12:36:57.861 28772 28772 I S3TOUCH : monitor action=down consumed=false
09-25 12:36:57.861 28772 28772 I S3TOUCH : pad action=down menu=false
09-25 12:36:58.061 28772 29876 D RPCS3   : Building function 0x7004... (size 2, __spu-0x07004-oN8Cb87oUxWZCVZrJorJC8Krz1Ko-s3cg1-cortex-a34-neon)
09-25 12:36:58.069 28772 29876 I RPCS3   : New SPU block compiled successfully (size=2)
09-25 12:36:58.090 28772 29876 D RPCS3   : SPU block is a loop at [0x05de0 -> 0x05de0]
09-25 12:36:58.090 28772 29876 D RPCS3   : SPU block is a loop at [0x05cd4 -> 0x05c44]
09-25 12:36:58.090 28772 29876 D RPCS3   : SPU block is a loop at [0x05b5c -> 0x05ac8]
09-25 12:36:58.090 28772 29876 D RPCS3   : Building function 0x5980... (size 327, __spu-0x05980-hV2fbJCb0U1MV81um4z62TXmvwws-s3cg1-cortex-a34-neon)
09-25 12:36:58.091 28772 29876 D RPCS3   : mpy32 in __spu-0x05980-hV2fbJCb0U1MV81um4z62TXmvwws-s3cg1-cortex-a34-neon at 0x05aac
09-25 12:36:58.092 28772 29876 D RPCS3   : mpy32 in __spu-0x05980-hV2fbJCb0U1MV81um4z62TXmvwws-s3cg1-cortex-a34-neon at 0x05b6c
09-25 12:36:58.093 28772 29876 D RPCS3   : mpy32 in __spu-0x05980-hV2fbJCb0U1MV81um4z62TXmvwws-s3cg1-cortex-a34-neon at 0x05c28
09-25 12:36:58.094 28772 29876 D RPCS3   : mpy32 in __spu-0x05980-hV2fbJCb0U1MV81um4z62TXmvwws-s3cg1-cortex-a34-neon at 0x05ce4
09-25 12:36:58.191 28772 29876 I RPCS3   : New SPU block compiled successfully (size=327)
09-25 12:36:58.217 28772 29876 D RPCS3   : SPU block is a loop at [0x05964 -> 0x058d8]
09-25 12:36:58.217 28772 29876 D RPCS3   : Building function 0x58d8... (size 369, __spu-0x058d8-cP0vJnfAtZ1Lwh1F9oLh7jAoMMk3-s3cg1-cortex-a34-neon)
09-25 12:36:58.218 28772 29876 D RPCS3   : mpy32 in __spu-0x058d8-cP0vJnfAtZ1Lwh1F9oLh7jAoMMk3-s3cg1-cortex-a34-neon at 0x05974
09-25 12:36:58.219 28772 29876 D RPCS3   : mpy32 in __spu-0x058d8-cP0vJnfAtZ1Lwh1F9oLh7jAoMMk3-s3cg1-cortex-a34-neon at 0x05aac
09-25 12:36:58.220 28772 29876 D RPCS3   : mpy32 in __spu-0x058d8-cP0vJnfAtZ1Lwh1F9oLh7jAoMMk3-s3cg1-cortex-a34-neon at 0x05b6c
09-25 12:36:58.220 28772 29876 D RPCS3   : mpy32 in __spu-0x058d8-cP0vJnfAtZ1Lwh1F9oLh7jAoMMk3-s3cg1-cortex-a34-neon at 0x05c28
09-25 12:36:58.221 28772 29876 D RPCS3   : mpy32 in __spu-0x058d8-cP0vJnfAtZ1Lwh1F9oLh7jAoMMk3-s3cg1-cortex-a34-neon at 0x05ce4
09-25 12:36:58.337 28772 29876 I RPCS3   : New SPU block compiled successfully (size=369)
09-25 12:36:58.339 28772 29822 D RPCS3   : sys_tty_write(ch=0, buf=*0x58bf20, len=63, pwritelen=*0xd000fde0)
09-25 12:36:58.339 28772 29822 D RPCS3   : sys_tty_write(): “BATCHJOB: AddJob: waiting for room in job list 3 for job 56...“ << endl
09-25 12:36:58.525 28772 29822 D RPCS3   : sys_tty_write(ch=0, buf=*0x58bf20, len=63, pwritelen=*0xd000fde0)
09-25 12:36:58.525 28772 29822 D RPCS3   : sys_tty_write(): “BATCHJOB: AddJob: waiting for room in job list 3 for job 56...“ << endl
09-25 12:36:58.534 28772 28772 I S3TOUCH : root action=down x=2573 y=106
09-25 12:36:58.534 28772 28772 I S3TOUCH : monitor action=down consumed=false
09-25 12:36:58.534 28772 28772 I S3TOUCH : pad action=down menu=false
09-25 12:36:58.641 28772 29874 D RPCS3   : Building function 0x4ed8... (size 44, __spu-0x04ed8-LV2vECT1qLvV4wjz9nm4fJb5m88f-s3cg1-cortex-a34-neon)
09-25 12:36:58.641 28772 29822 D RPCS3   : sys_tty_write(ch=0, buf=*0x58bf20, len=63, pwritelen=*0xd000fde0)
09-25 12:36:58.641 28772 29822 D RPCS3   : sys_tty_write(): “BATCHJOB: AddJob: waiting for room in job list 3 for job 56...“ << endl
09-25 12:36:58.657 28772 29102 D S3PERF  : crosscheck ui_snapshot_fps=7.02631 ui_snapshot_frametime_ms=108.063
09-25 12:36:58.667 28772 29874 I RPCS3   : New SPU block compiled successfully (size=44)
09-25 12:36:58.668 28772 29874 D RPCS3   : Building function 0x4f00... (size 34, __spu-0x04f00-SP7G0vwkrCuPdxGiU2LvHPpTg7b2-s3cg1-cortex-a34-neon)
09-25 12:36:58.691 28772 29874 I RPCS3   : New SPU block compiled successfully (size=34)
09-25 12:36:58.711 28772 28772 I S3TOUCH : root action=down x=2532 y=102
09-25 12:36:58.711 28772 28772 I S3TOUCH : monitor action=down consumed=false
09-25 12:36:58.711 28772 28772 I S3TOUCH : pad action=down menu=false
09-25 12:36:58.969 28772 29822 D RPCS3   : sys_tty_write(ch=0, buf=*0x58bf20, len=63, pwritelen=*0xd000fde0)
09-25 12:36:58.969 28772 29822 D RPCS3   : sys_tty_write(): “BATCHJOB: AddJob: waiting for room in job list 3 for job 56...“ << endl
09-25 12:36:58.976 28772 29102 D S3PERF  : crosscheck source=surface presented=2509 json_fps=6.08873 json_frametime_ms=151.169
09-25 12:36:58.984 28772 29102 D S3PERF  : GPU load [/sys/class/kgsl/kgsl-3d0/gpubusy]: raw='585007 1001917' -> load=58.388768730343934%
09-25 12:36:58.983 28772 28772 W DefaultDispatch: type=1400 audit(0.0:6991141): avc:  denied  { search } for  name="zram0" dev="sysfs" ino=107524 scontext=u:r:untrusted_app:s0:c207,c257,c512,c768 tcontext=u:object_r:sysfs_zram:s0 tclass=dir permissive=0 app=com.zenithblue.sambas3
09-25 12:36:58.983 28772 28772 W DefaultDispatch: type=1400 audit(0.0:6991142): avc:  denied  { search } for  name="zram0" dev="sysfs" ino=107524 scontext=u:r:untrusted_app:s0:c207,c257,c512,c768 tcontext=u:object_r:sysfs_zram:s0 tclass=dir permissive=0 app=com.zenithblue.sambas3
09-25 12:36:59.187 28772 28772 I S3TOUCH : root action=down x=2523 y=90
09-25 12:36:59.187 28772 28772 I S3TOUCH : monitor action=down consumed=false
09-25 12:36:59.187 28772 28772 I S3TOUCH : pad action=down menu=false
09-25 12:36:59.226 28772 29877 D RPCS3   : SPU block is a loop at [0x09c68 -> 0x09c68]
09-25 12:36:59.226 28772 29877 D RPCS3   : Building function 0x9bf8... (size 97, __spu-0x09bf8-ctWsLqdLuJ3N1uupF4kpzTWkKVsd-s3cg1-cortex-a34-neon)
09-25 12:36:59.227 28772 29877 W RPCS3   : [__spu-0x09bf8-ctWsLqdLuJ3N1uupF4kpzTWkKVsd-s3cg1-cortex-a34-neon:0x09ce8] Unmatched spu_rsqrte(c) found in FMA
09-25 12:36:59.227 28772 29877 W RPCS3   : [__spu-0x09bf8-ctWsLqdLuJ3N1uupF4kpzTWkKVsd-s3cg1-cortex-a34-neon:0x09d40] Unmatched spu_rsqrte(c) found in FMA
09-25 12:36:59.273 28772 29877 I RPCS3   : New SPU block compiled successfully (size=97)
09-25 12:36:59.274 28772 29822 D RPCS3   : sys_tty_write(ch=0, buf=*0x58bf20, len=63, pwritelen=*0xd000fde0)
09-25 12:36:59.274 28772 29822 D RPCS3   : sys_tty_write(): “BATCHJOB: AddJob: waiting for room in job list 3 for job 56...“ << endl
09-25 12:36:59.476 28772 28772 I S3TOUCH : root action=down x=2527 y=101
09-25 12:36:59.477 28772 28772 I S3TOUCH : monitor action=down consumed=false
09-25 12:36:59.477 28772 28772 I S3TOUCH : pad action=down menu=false
09-25 12:36:59.536 28772 29822 D RPCS3   : sys_tty_write(ch=0, buf=*0x58bf20, len=63, pwritelen=*0xd000fde0)
09-25 12:36:59.536 28772 29822 D RPCS3   : sys_tty_write(): “BATCHJOB: AddJob: waiting for room in job list 3 for job 56...“ << endl
09-25 12:36:59.634 28772 29777 D RPCS3   : CPU Usage: Total: 67.9%, Cores: 0.0%, 0.0%, 0.0%, 0.0%, 0.0%, 0.0%, 0.0%, 0.0%
09-25 12:36:59.639 28772 29822 D RPCS3   : sys_tty_write(ch=0, buf=*0x58bf20, len=63, pwritelen=*0xd000fde0)
09-25 12:36:59.639 28772 29822 D RPCS3   : sys_tty_write(): “BATCHJOB: AddJob: waiting for room in job list 3 for job 56...“ << endl
09-25 12:36:59.738 28772 29822 D RPCS3   : sys_tty_write(ch=0, buf=*0x58bf20, len=63, pwritelen=*0xd000fde0)
09-25 12:36:59.738 28772 29822 D RPCS3   : sys_tty_write(): “BATCHJOB: AddJob: waiting for room in job list 3 for job 56...“ << endl
09-25 12:36:59.766 28772 28772 I S3TOUCH : root action=down x=2528 y=91
09-25 12:36:59.766 28772 28772 I S3TOUCH : monitor action=down consumed=false
09-25 12:36:59.766 28772 28772 I S3TOUCH : pad action=down menu=false
09-25 12:36:59.776 28772 29801 D RPCS3   : PPU Syscall Usage Stats:
09-25 12:36:59.776 28772 29801 D RPCS3   : 	⁂ sys_timer_usleep [325442]
09-25 12:36:59.776 28772 29801 D RPCS3   : 	⁂ _sys_lwcond_queue_wait [143397]
09-25 12:36:59.776 28772 29801 D RPCS3   : 	⁂ _sys_lwmutex_lock [142066]
09-25 12:36:59.776 28772 29801 D RPCS3   : 	⁂ _sys_lwmutex_unlock [136273]
09-25 12:36:59.776 28772 29801 D RPCS3   : 	⁂ _sys_lwcond_signal [89166]
09-25 12:36:59.776 28772 29801 D RPCS3   : 	⁂ _sys_lwcond_signal_all [56532]
09-25 12:36:59.776 28772 29801 D RPCS3   : 	⁂ sys_time_get_current_time [47531]
09-25 12:36:59.776 28772 29801 D RPCS3   : 	⁂ sys_event_queue_receive [35464]
09-25 12:36:59.776 28772 29801 D RPCS3   : 	⁂ sys_fs_read [22840]
09-25 12:36:59.776 28772 29801 D RPCS3   : 	⁂ sys_fs_write [21364]
09-25 12:36:59.776 28772 29801 D RPCS3   : 	⁂ sys_event_port_send [12011]
09-25 12:36:59.776 28772 29801 D RPCS3   : 	⁂ sys_fs_fsync [3561]
09-25 12:36:59.776 28772 29801 D RPCS3   : 	⁂ sys_fs_lseek [2534]
09-25 12:36:59.776 28772 29801 D RPCS3   : 	⁂ sys_event_flag_wait [1736]
09-25 12:36:59.776 28772 29801 D RPCS3   : 	⁂ sys_event_flag_clear [1736]
09-25 12:36:59.776 28772 29801 D RPCS3   : 	⁂ _sys_lwmutex_trylock [144]
09-25 12:36:59.776 28772 29801 D RPCS3   : 	⁂ sys_mutex_lock [52]
09-25 12:36:59.776 28772 29801 D RPCS3   : 	⁂ sys_mutex_unlock [52]
09-25 12:36:59.776 28772 29801 D RPCS3   : 	⁂ sys_time_get_timebase_frequency [49]
09-25 12:36:59.776 28772 29801 D RPCS3   : 	⁂ _sys_ppu_thread_create [44]
09-25 12:36:59.776 28772 29801 D RPCS3   : 	⁂ sys_ppu_thread_start [40]
09-25 12:36:59.776 28772 29801 D RPCS3   : 	⁂ sys_tty_write [34]
09-25 12:36:59.776 28772 29801 D RPCS3   : 	⁂ _sys_ppu_thread_exit [4]
09-25 12:36:59.821 28772 29877 D RPCS3   : SPU block is a loop at [0x089c8 -> 0x089c8]
09-25 12:36:59.821 28772 29877 D RPCS3   : Building function 0x885c... (size 133, __spu-0x0885c-sMGPUijUjCX2iThdu3d6ejSaw5nG-s3cg1-cortex-a34-neon)
09-25 12:36:59.821 28772 29877 W RPCS3   : [__spu-0x0885c-sMGPUijUjCX2iThdu3d6ejSaw5nG-s3cg1-cortex-a34-neon:0x08918] Unmatched spu_rsqrte(c) found in FMA
09-25 12:36:59.822 28772 29877 W RPCS3   : [__spu-0x0885c-sMGPUijUjCX2iThdu3d6ejSaw5nG-s3cg1-cortex-a34-neon:0x08974] Unmatched spu_rsqrte(c) found in FMA
09-25 12:36:59.877 28772 29877 I RPCS3   : New SPU block compiled successfully (size=133)
09-25 12:36:59.878 28772 29822 D RPCS3   : sys_tty_write(ch=0, buf=*0x58bf20, len=63, pwritelen=*0xd000fde0)
09-25 12:36:59.878 28772 29822 D RPCS3   : sys_tty_write(): “BATCHJOB: AddJob: waiting for room in job list 3 for job 56...“ << endl
09-25 12:36:59.921 28772 29877 D RPCS3   : Building function 0xa310... (size 354, __spu-0x0a310-VRYovTz674UM17UfCS5KvUtT1poK-s3cg1-cortex-a34-neon)
09-25 12:36:59.922 28772 29877 W RPCS3   : [__spu-0x0a310-VRYovTz674UM17UfCS5KvUtT1poK-s3cg1-cortex-a34-neon:0x0a490] Unmatched spu_rsqrte(c) found in FMA
09-25 12:36:59.923 28772 29877 W RPCS3   : [__spu-0x0a310-VRYovTz674UM17UfCS5KvUtT1poK-s3cg1-cortex-a34-neon:0x0a748] Unmatched spu_rsqrte(c) found in FMA
09-25 12:36:59.923 28772 29877 W RPCS3   : [__spu-0x0a310-VRYovTz674UM17UfCS5KvUtT1poK-s3cg1-cortex-a34-neon:0x0a74c] Unmatched spu_rsqrte(c) found in FMA
09-25 12:36:59.923 28772 29877 W RPCS3   : [__spu-0x0a310-VRYovTz674UM17UfCS5KvUtT1poK-s3cg1-cortex-a34-neon:0x0a750] Unmatched spu_rsqrte(c) found in FMA
09-25 12:36:59.923 28772 29877 W RPCS3   : [__spu-0x0a310-VRYovTz674UM17UfCS5KvUtT1poK-s3cg1-cortex-a34-neon:0x0a754] Unmatched spu_rsqrte(c) found in FMA
09-25 12:36:59.948 28772 29102 D S3PERF  : crosscheck ui_snapshot_fps=8.84927 ui_snapshot_frametime_ms=98.88
09-25 12:37:00.030 28772 29877 I RPCS3   : New SPU block compiled successfully (size=354)
09-25 12:37:00.031 28772 29877 D RPCS3   : Building function 0x8c88... (size 450, __spu-0x08c88-4abH5uR6ZbP4CZ0tY3f9CZiZKcb8-s3cg1-cortex-a34-neon)
09-25 12:37:00.104 28772 28772 I S3TOUCH : root action=down x=2533 y=96
09-25 12:37:00.104 28772 28772 I S3TOUCH : monitor action=down consumed=false
09-25 12:37:00.105 28772 28772 I S3TOUCH : pad action=down menu=false
09-25 12:37:00.117 28772 29877 I RPCS3   : New SPU block compiled successfully (size=450)
09-25 12:37:00.118 28772 29822 D RPCS3   : sys_tty_write(ch=0, buf=*0x58bf20, len=63, pwritelen=*0xd000fde0)
09-25 12:37:00.118 28772 29822 D RPCS3   : sys_tty_write(): “BATCHJOB: AddJob: waiting for room in job list 3 for job 56...“ << endl
09-25 12:37:00.186 28772 29822 D RPCS3   : sys_tty_write(ch=0, buf=*0x58bf20, len=63, pwritelen=*0xd000fde0)
09-25 12:37:00.186 28772 29822 D RPCS3   : sys_tty_write(): “BATCHJOB: AddJob: waiting for room in job list 3 for job 56...“ << endl
09-25 12:37:00.235 28772 29822 D RPCS3   : sys_tty_write(ch=0, buf=*0x58bf20, len=63, pwritelen=*0xd000fde0)
09-25 12:37:00.235 28772 29822 D RPCS3   : sys_tty_write(): “BATCHJOB: AddJob: waiting for room in job list 3 for job 56...“ << endl
09-25 12:37:00.270 28772 29102 D S3PERF  : crosscheck source=surface presented=2519 json_fps=8.4386 json_frametime_ms=217.259
09-25 12:37:00.589 28772 29822 D RPCS3   : sys_tty_write(ch=0, buf=*0x58bf20, len=63, pwritelen=*0xd000fde0)
09-25 12:37:00.589 28772 29822 D RPCS3   : sys_tty_write(): “BATCHJOB: AddJob: waiting for room in job list 3 for job 56...“ << endl
09-25 12:37:00.880 28772 29822 D RPCS3   : sys_tty_write(ch=0, buf=*0x58bf20, len=63, pwritelen=*0xd000fde0)
09-25 12:37:00.881 28772 29822 D RPCS3   : sys_tty_write(): “BATCHJOB: AddJob: waiting for room in job list 3 for job 56...“ << endl
09-25 12:37:00.903 28772 28772 I S3TOUCH : root action=down x=2564 y=94
09-25 12:37:00.905 28772 28772 I S3TOUCH : monitor action=down consumed=false
09-25 12:37:00.905 28772 28772 I S3TOUCH : pad action=down menu=false
09-25 12:37:01.213 28772 29822 D RPCS3   : sys_tty_write(ch=0, buf=*0x58bf20, len=63, pwritelen=*0xd000fde0)
09-25 12:37:01.213 28772 29822 D RPCS3   : sys_tty_write(): “BATCHJOB: AddJob: waiting for room in job list 3 for job 56...“ << endl
09-25 12:37:01.238 28772 29102 D S3PERF  : crosscheck ui_snapshot_fps=9.01554 ui_snapshot_frametime_ms=126.052
09-25 12:37:01.293 28772 29822 D RPCS3   : sys_tty_write(ch=0, buf=*0x58bf20, len=63, pwritelen=*0xd000fde0)
09-25 12:37:01.296 28772 29822 D RPCS3   : sys_tty_write(): “BATCHJOB: AddJob: waiting for room in job list 3 for job 56...“ << endl
09-25 12:37:01.301 28772 29881 D RPCS3   : Building function 0xff78... (size 3, __spu-0x0ff78-L8FGGMZJFnm5cjqv2iErSEccNCJN-s3cg1-cortex-a34-neon)
09-25 12:37:01.312 28772 29881 I RPCS3   : New SPU block compiled successfully (size=3)
09-25 12:37:01.312 28772 29881 D RPCS3   : Building function 0xfef8... (size 20, __spu-0x0fef8-eVHfVvACiC5mJvd87e6ArXKcgZij-s3cg1-cortex-a34-neon)
09-25 12:37:01.327 28772 29881 I RPCS3   : New SPU block compiled successfully (size=20)
09-25 12:37:01.327 28772 29881 D RPCS3   : Building function 0xfec8... (size 47, __spu-0x0fec8-gvpgCCvFr744K6yZnFfeyZWe4Ayn-s3cg1-cortex-a34-neon)
09-25 12:37:01.356 28772 29881 I RPCS3   : New SPU block compiled successfully (size=47)
09-25 12:37:01.462 28772 29822 D RPCS3   : sys_tty_write(ch=0, buf=*0x58bf20, len=63, pwritelen=*0xd000fde0)
09-25 12:37:01.463 28772 29822 D RPCS3   : sys_tty_write(): “BATCHJOB: AddJob: waiting for room in job list 3 for job 56...“ << endl
09-25 12:37:01.560 28772 29102 D S3PERF  : crosscheck source=surface presented=2530 json_fps=9.27114 json_frametime_ms=108.12
09-25 12:37:01.585 28772 29822 D RPCS3   : sys_tty_write(ch=0, buf=*0x58bf20, len=63, pwritelen=*0xd000fde0)
09-25 12:37:01.585 28772 29822 D RPCS3   : sys_tty_write(): “BATCHJOB: AddJob: waiting for room in job list 3 for job 56...“ << endl
09-25 12:37:01.894 28772 29822 D RPCS3   : sys_tty_write(ch=0, buf=*0x58bf20, len=63, pwritelen=*0xd000fde0)
09-25 12:37:01.894 28772 29822 D RPCS3   : sys_tty_write(): “BATCHJOB: AddJob: waiting for room in job list 3 for job 56...“ << endl
09-25 12:37:02.022 28772 29822 D RPCS3   : sys_tty_write(ch=0, buf=*0x58bf20, len=63, pwritelen=*0xd000fde0)
09-25 12:37:02.027 28772 29822 D RPCS3   : sys_tty_write(): “BATCHJOB: AddJob: waiting for room in job list 3 for job 56...“ << endl
09-25 12:37:02.164 28772 29822 D RPCS3   : sys_tty_write(ch=0, buf=*0x58bf20, len=63, pwritelen=*0xd000fde0)
09-25 12:37:02.164 28772 29822 D RPCS3   : sys_tty_write(): “BATCHJOB: AddJob: waiting for room in job list 3 for job 56...“ << endl
09-25 12:37:02.252 28772 29822 D RPCS3   : sys_tty_write(ch=0, buf=*0x58bf20, len=63, pwritelen=*0xd000fde0)
09-25 12:37:02.252 28772 29822 D RPCS3   : sys_tty_write(): “BATCHJOB: AddJob: waiting for room in job list 3 for job 56...“ << endl
09-25 12:37:02.253 28772 29876 D RPCS3   : Building function 0x69a0... (size 80, __spu-0x069a0-9R0w3Zqb5PU0uHnHeShd1UaWsowp-s3cg1-cortex-a34-neon)
09-25 12:37:02.283 28772 29876 I RPCS3   : New SPU block compiled successfully (size=80)
09-25 12:37:02.283 28772 29876 D RPCS3   : Building function 0x6a00... (size 56, __spu-0x06a00-eJheib7UpFq5rZ9MgoNdC79revWa-s3cg1-cortex-a34-neon)
09-25 12:37:02.309 28772 29876 I RPCS3   : New SPU block compiled successfully (size=56)
09-25 12:37:02.315 28772 29822 W RPCS3   : _sys_ppu_thread_create(thread_id=*0x52bdd8, param=*0xd0010730, arg=0x0, unk=0x0, prio=1001, stacksize=0x4000, flags=0x0, threadname=*0x3dcc00)
09-25 12:37:02.315 28772 29822 W RPCS3   : _sys_ppu_thread_create(): Thread "SaveDataUtil::SaveUnlocksPrefs" created (id=0x100002d, func=*0x23ecf8, rtoc=0x52d6c8, user-tls=0x10008320)
09-25 12:37:02.321 28772 30613 W RPCS3   : cellSaveDataAutoSave2(version=0, dirName=“BCUS98111-AUTOSAVE”, errDialog=2, setBuf=*0xd010d8f0, funcStat=*0x51c5f0, funcFile=*0x51c5b0, container=0xffffffff, userdata=*0x51c600)
09-25 12:37:02.322 28772 30613 D RPCS3   : savedata_op(): setBuf  = { .dirListMax=1, .fileListMax=2, .bufSize=1632 }
09-25 12:37:02.338 28772 30613 W RPCS3   : savedata_op(): Recreating savedata. (mode=3)
09-25 12:37:02.385 28772 30613 W RPCS3   : savedata_op(): Fileop: file='ICON0.PNG', type=2, op=1, bufSize=38000, fileSize=38000, offset=0
09-25 12:37:02.388 28772 30613 D RPCS3   : SECUREFILE: SAVEDATA -> 0xd6485e21cfb9078544fb0183e823923e
09-25 12:37:02.388 28772 30613 W RPCS3   : savedata_op(): Fileop: file='SAVEDATA', type=0, op=1, bufSize=147456, fileSize=147456, offset=0
09-25 12:37:02.464 28772 29822 D RPCS3   : sys_tty_write(ch=0, buf=*0x58bf20, len=63, pwritelen=*0xd000fde0)
09-25 12:37:02.464 28772 29822 D RPCS3   : sys_tty_write(): “BATCHJOB: AddJob: waiting for room in job list 3 for job 56...“ << endl
09-25 12:37:02.493 28772 29102 D S3PERF  : crosscheck ui_snapshot_fps=7.87453 ui_snapshot_frametime_ms=170.274
09-25 12:37:02.710 28772 29822 D RPCS3   : sys_tty_write(ch=0, buf=*0x58bf20, len=63, pwritelen=*0xd000fde0)
09-25 12:37:02.710 28772 29822 D RPCS3   : sys_tty_write(): “BATCHJOB: AddJob: waiting for room in job list 3 for job 56...“ << endl
09-25 12:37:02.807 28772 29102 D S3PERF  : crosscheck source=surface presented=2540 json_fps=7.40039 json_frametime_ms=143.16
09-25 12:37:02.811 28772 29822 D RPCS3   : sys_tty_write(ch=0, buf=*0x58bf20, len=63, pwritelen=*0xd000fde0)
09-25 12:37:02.811 28772 29822 D RPCS3   : sys_tty_write(): “BATCHJOB: AddJob: waiting for room in job list 3 for job 56...“ << endl
09-25 12:37:02.831 28772 30114 E RPCS3   : Video au decode has been waiting for a consumer for 5 seconds. (handle=0xf0000300, seq_id=1, cmd_id=63, queue_size=61)
09-25 12:37:02.890 28772 30613 D RPCS3   : HLE/LV2 history: 
09-25 12:37:02.890 28772 30613 D RPCS3   : (0) 0x008b21fc: sys_mutex_unlock, 0x0, r3=0x0, r4=0x0, r5=0x0, r6=0x0
09-25 12:37:02.890 28772 30613 W RPCS3   : '_sys_ppu_thread_exit' aborted (0.000161s)
09-25 12:37:02.890 28772 30613 D RPCS3   : PPU thread perf stats are not available.
09-25 12:37:02.890 28772 30613 D RPCS3   : PPU thread perf stats are not available.
09-25 12:37:03.620 28772 29822 D RPCS3   : sys_tty_write(ch=0, buf=*0x58bf20, len=63, pwritelen=*0xd000fde0)
09-25 12:37:03.620 28772 29822 D RPCS3   : sys_tty_write(): “BATCHJOB: AddJob: waiting for room in job list 3 for job 56...“ << endl
09-25 12:37:03.702 28772 29022 I ithblue.sambas3: Explicit concurrent mark compact GC freed 25MB AllocSpace bytes, 301(5532KB) LOS objects, 75% free, 11MB/45MB, paused 319us,1.351ms total 48.086ms
09-25 12:37:03.760 28772 28772 W Bundle  : Key battery_low expected Integer but value was a java.lang.Boolean.  The default value 0 was returned.
09-25 12:37:03.760 28772 28772 W Bundle  : Attempt to cast generated internal exception:
09-25 12:37:03.760 28772 28772 W Bundle  : java.lang.ClassCastException: java.lang.Boolean cannot be cast to java.lang.Integer
09-25 12:37:03.760 28772 28772 W Bundle  : 	at android.os.BaseBundle.getInt(BaseBundle.java:1348)
09-25 12:37:03.760 28772 28772 W Bundle  : 	at android.content.Intent.getIntExtra(Intent.java:9617)
09-25 12:37:03.760 28772 28772 W Bundle  : 	at ry0.b0(r8-map-id-829dc4487d0d500cd2994be3a64f9d184aac50112651e684c7fffcf85fdf0b9e:47)
09-25 12:37:03.760 28772 28772 W Bundle  : 	at qa.onReceive(r8-map-id-829dc4487d0d500cd2994be3a64f9d184aac50112651e684c7fffcf85fdf0b9e:16)
09-25 12:37:03.760 28772 28772 W Bundle  : 	at android.app.LoadedApk$ReceiverDispatcher$Args.lambda$getRunnable$0(LoadedApk.java:1931)
09-25 12:37:03.760 28772 28772 W Bundle  : 	at android.app.LoadedApk$ReceiverDispatcher$Args.$r8$lambda$mcNAAl1SQ4MyJPyDg8TJ2x2h0Rk(Unknown Source:0)
09-25 12:37:03.760 28772 28772 W Bundle  : 	at android.app.LoadedApk$ReceiverDispatcher$Args$$ExternalSyntheticLambda0.run(D8$$SyntheticClass:0)
09-25 12:37:03.760 28772 28772 W Bundle  : 	at android.os.Handler.handleCallback(Handler.java:1070)
09-25 12:37:03.760 28772 28772 W Bundle  : 	at android.os.Handler.dispatchMessage(Handler.java:125)
09-25 12:37:03.760 28772 28772 W Bundle  : 	at android.os.Looper.dispatchMessage(Looper.java:333)
09-25 12:37:03.760 28772 28772 W Bundle  : 	at android.os.Looper.loopOnce(Looper.java:263)
09-25 12:37:03.760 28772 28772 W Bundle  : 	at android.os.Looper.loop(Looper.java:367)
09-25 12:37:03.760 28772 28772 W Bundle  : 	at android.app.ActivityThread.main(ActivityThread.java:9328)
09-25 12:37:03.760 28772 28772 W Bundle  : 	at java.lang.reflect.Method.invoke(Native Method)
09-25 12:37:03.760 28772 28772 W Bundle  : 	at com.android.internal.os.RuntimeInit$MethodAndArgsCaller.run(RuntimeInit.java:569)
09-25 12:37:03.760 28772 28772 W Bundle  : 	at com.android.internal.os.ZygoteInit.main(ZygoteInit.java:929)
09-25 12:37:03.761 28772 28772 W Bundle  : Key battery_low expected Integer but value was a java.lang.Boolean.  The default value 0 was returned.
09-25 12:37:03.761 28772 28772 W Bundle  : Attempt to cast generated internal exception:
09-25 12:37:03.761 28772 28772 W Bundle  : java.lang.ClassCastException: java.lang.Boolean cannot be cast to java.lang.Integer
09-25 12:37:03.761 28772 28772 W Bundle  : 	at android.os.BaseBundle.getInt(BaseBundle.java:1348)
09-25 12:37:03.761 28772 28772 W Bundle  : 	at android.content.Intent.getIntExtra(Intent.java:9617)
09-25 12:37:03.761 28772 28772 W Bundle  : 	at ry0.b0(r8-map-id-829dc4487d0d500cd2994be3a64f9d184aac50112651e684c7fffcf85fdf0b9e:47)
09-25 12:37:03.761 28772 28772 W Bundle  : 	at qa.onReceive(r8-map-id-829dc4487d0d500cd2994be3a64f9d184aac50112651e684c7fffcf85fdf0b9e:16)
09-25 12:37:03.761 28772 28772 W Bundle  : 	at android.app.LoadedApk$ReceiverDispatcher$Args.lambda$getRunnable$0(LoadedApk.java:1931)
09-25 12:37:03.761 28772 28772 W Bundle  : 	at android.app.LoadedApk$ReceiverDispatcher$Args.$r8$lambda$mcNAAl1SQ4MyJPyDg8TJ2x2h0Rk(Unknown Source:0)
09-25 12:37:03.761 28772 28772 W Bundle  : 	at android.app.LoadedApk$ReceiverDispatcher$Args$$ExternalSyntheticLambda0.run(D8$$SyntheticClass:0)
09-25 12:37:03.761 28772 28772 W Bundle  : 	at android.os.Handler.handleCallback(Handler.java:1070)
09-25 12:37:03.761 28772 28772 W Bundle  : 	at android.os.Handler.dispatchMessage(Handler.java:125)
09-25 12:37:03.761 28772 28772 W Bundle  : 	at android.os.Looper.dispatchMessage(Looper.java:333)
09-25 12:37:03.761 28772 28772 W Bundle  : 	at android.os.Looper.loopOnce(Looper.java:263)
09-25 12:37:03.761 28772 28772 W Bundle  : 	at android.os.Looper.loop(Looper.java:367)
09-25 12:37:03.761 28772 28772 W Bundle  : 	at android.app.ActivityThread.main(ActivityThread.java:9328)
09-25 12:37:03.761 28772 28772 W Bundle  : 	at java.lang.reflect.Method.invoke(Native Method)
09-25 12:37:03.761 28772 28772 W Bundle  : 	at com.android.internal.os.RuntimeInit$MethodAndArgsCaller.run(RuntimeInit.java:569)
09-25 12:37:03.761 28772 28772 W Bundle  : 	at com.android.internal.os.ZygoteInit.main(ZygoteInit.java:929)
09-25 12:37:03.761 28772 28772 W Bundle  : Key battery_low expected Integer but value was a java.lang.Boolean.  The default value 0 was returned.
09-25 12:37:03.761 28772 28772 W Bundle  : Attempt to cast generated internal exception:
09-25 12:37:03.761 28772 28772 W Bundle  : java.lang.ClassCastException: java.lang.Boolean cannot be cast to java.lang.Integer
09-25 12:37:03.761 28772 28772 W Bundle  : 	at android.os.BaseBundle.getInt(BaseBundle.java:1348)
09-25 12:37:03.761 28772 28772 W Bundle  : 	at android.content.Intent.getIntExtra(Intent.java:9617)
09-25 12:37:03.761 28772 28772 W Bundle  : 	at ry0.b0(r8-map-id-829dc4487d0d500cd2994be3a64f9d184aac50112651e684c7fffcf85fdf0b9e:47)
09-25 12:37:03.761 28772 28772 W Bundle  : 	at qa.onReceive(r8-map-id-829dc4487d0d500cd2994be3a64f9d184aac50112651e684c7fffcf85fdf0b9e:16)
09-25 12:37:03.761 28772 28772 W Bundle  : 	at android.app.LoadedApk$ReceiverDispatcher$Args.lambda$getRunnable$0(LoadedApk.java:1931)
09-25 12:37:03.761 28772 28772 W Bundle  : 	at android.app.LoadedApk$ReceiverDispatcher$Args.$r8$lambda$mcNAAl1SQ4MyJPyDg8TJ2x2h0Rk(Unknown Source:0)
09-25 12:37:03.761 28772 28772 W Bundle  : 	at android.app.LoadedApk$ReceiverDispatcher$Args$$ExternalSyntheticLambda0.run(D8$$SyntheticClass:0)
09-25 12:37:03.761 28772 28772 W Bundle  : 	at android.os.Handler.handleCallback(Handler.java:1070)
09-25 12:37:03.761 28772 28772 W Bundle  : 	at android.os.Handler.dispatchMessage(Handler.java:125)
09-25 12:37:03.761 28772 28772 W Bundle  : 	at android.os.Looper.dispatchMessage(Looper.java:333)
09-25 12:37:03.761 28772 28772 W Bundle  : 	at android.os.Looper.loopOnce(Looper.java:263)
09-25 12:37:03.761 28772 28772 W Bundle  : 	at android.os.Looper.loop(Looper.java:367)
09-25 12:37:03.761 28772 28772 W Bundle  : 	at android.app.ActivityThread.main(ActivityThread.java:9328)
09-25 12:37:03.761 28772 28772 W Bundle  : 	at java.lang.reflect.Method.invoke(Native Method)
09-25 12:37:03.761 28772 28772 W Bundle  : 	at com.android.internal.os.RuntimeInit$MethodAndArgsCaller.run(RuntimeInit.java:569)
09-25 12:37:03.761 28772 28772 W Bundle  : 	at com.android.internal.os.ZygoteInit.main(ZygoteInit.java:929)
09-25 12:37:03.766 28772 29102 D S3PERF  : crosscheck ui_snapshot_fps=7.42085 ui_snapshot_frametime_ms=38.86
09-25 12:37:03.933 28772 28772 W Bundle  : Key battery_low expected Integer but value was a java.lang.Boolean.  The default value 0 was returned.
09-25 12:37:03.933 28772 28772 W Bundle  : Attempt to cast generated internal exception:
09-25 12:37:03.933 28772 28772 W Bundle  : java.lang.ClassCastException: java.lang.Boolean cannot be cast to java.lang.Integer
09-25 12:37:03.933 28772 28772 W Bundle  : 	at android.os.BaseBundle.getInt(BaseBundle.java:1348)
09-25 12:37:03.933 28772 28772 W Bundle  : 	at android.content.Intent.getIntExtra(Intent.java:9617)
09-25 12:37:03.933 28772 28772 W Bundle  : 	at ry0.b0(r8-map-id-829dc4487d0d500cd2994be3a64f9d184aac50112651e684c7fffcf85fdf0b9e:47)
09-25 12:37:03.933 28772 28772 W Bundle  : 	at qa.onReceive(r8-map-id-829dc4487d0d500cd2994be3a64f9d184aac50112651e684c7fffcf85fdf0b9e:16)
09-25 12:37:03.933 28772 28772 W Bundle  : 	at android.app.LoadedApk$ReceiverDispatcher$Args.lambda$getRunnable$0(LoadedApk.java:1931)
09-25 12:37:03.933 28772 28772 W Bundle  : 	at android.app.LoadedApk$ReceiverDispatcher$Args.$r8$lambda$mcNAAl1SQ4MyJPyDg8TJ2x2h0Rk(Unknown Source:0)
09-25 12:37:03.933 28772 28772 W Bundle  : 	at android.app.LoadedApk$ReceiverDispatcher$Args$$ExternalSyntheticLambda0.run(D8$$SyntheticClass:0)
09-25 12:37:03.933 28772 28772 W Bundle  : 	at android.os.Handler.handleCallback(Handler.java:1070)
09-25 12:37:03.933 28772 28772 W Bundle  : 	at android.os.Handler.dispatchMessage(Handler.java:125)
09-25 12:37:03.933 28772 28772 W Bundle  : 	at android.os.Looper.dispatchMessage(Looper.java:333)
09-25 12:37:03.933 28772 28772 W Bundle  : 	at android.os.Looper.loopOnce(Looper.java:263)
09-25 12:37:03.933 28772 28772 W Bundle  : 	at android.os.Looper.loop(Looper.java:367)
09-25 12:37:03.933 28772 28772 W Bundle  : 	at android.app.ActivityThread.main(ActivityThread.java:9328)
09-25 12:37:03.933 28772 28772 W Bundle  : 	at java.lang.reflect.Method.invoke(Native Method)
09-25 12:37:03.933 28772 28772 W Bundle  : 	at com.android.internal.os.RuntimeInit$MethodAndArgsCaller.run(RuntimeInit.java:569)
09-25 12:37:03.933 28772 28772 W Bundle  : 	at com.android.internal.os.ZygoteInit.main(ZygoteInit.java:929)
09-25 12:37:03.934 28772 28772 W Bundle  : Key battery_low expected Integer but value was a java.lang.Boolean.  The default value 0 was returned.
09-25 12:37:03.934 28772 28772 W Bundle  : Attempt to cast generated internal exception:
09-25 12:37:03.934 28772 28772 W Bundle  : java.lang.ClassCastException: java.lang.Boolean cannot be cast to java.lang.Integer
09-25 12:37:03.934 28772 28772 W Bundle  : 	at android.os.BaseBundle.getInt(BaseBundle.java:1348)
09-25 12:37:03.934 28772 28772 W Bundle  : 	at android.content.Intent.getIntExtra(Intent.java:9617)
09-25 12:37:03.934 28772 28772 W Bundle  : 	at ry0.b0(r8-map-id-829dc4487d0d500cd2994be3a64f9d184aac50112651e684c7fffcf85fdf0b9e:47)
09-25 12:37:03.934 28772 28772 W Bundle  : 	at qa.onReceive(r8-map-id-829dc4487d0d500cd2994be3a64f9d184aac50112651e684c7fffcf85fdf0b9e:16)
09-25 12:37:03.934 28772 28772 W Bundle  : 	at android.app.LoadedApk$ReceiverDispatcher$Args.lambda$getRunnable$0(LoadedApk.java:1931)
09-25 12:37:03.934 28772 28772 W Bundle  : 	at android.app.LoadedApk$ReceiverDispatcher$Args.$r8$lambda$mcNAAl1SQ4MyJPyDg8TJ2x2h0Rk(Unknown Source:0)
09-25 12:37:03.934 28772 28772 W Bundle  : 	at android.app.LoadedApk$ReceiverDispatcher$Args$$ExternalSyntheticLambda0.run(D8$$SyntheticClass:0)
09-25 12:37:03.934 28772 28772 W Bundle  : 	at android.os.Handler.handleCallback(Handler.java:1070)
09-25 12:37:03.934 28772 28772 W Bundle  : 	at android.os.Handler.dispatchMessage(Handler.java:125)
09-25 12:37:03.934 28772 28772 W Bundle  : 	at android.os.Looper.dispatchMessage(Looper.java:333)
09-25 12:37:03.934 28772 28772 W Bundle  : 	at android.os.Looper.loopOnce(Looper.java:263)
09-25 12:37:03.934 28772 28772 W Bundle  : 	at android.os.Looper.loop(Looper.java:367)
09-25 12:37:03.934 28772 28772 W Bundle  : 	at android.app.ActivityThread.main(ActivityThread.java:9328)
09-25 12:37:03.934 28772 28772 W Bundle  : 	at java.lang.reflect.Method.invoke(Native Method)
09-25 12:37:03.934 28772 28772 W Bundle  : 	at com.android.internal.os.RuntimeInit$MethodAndArgsCaller.run(RuntimeInit.java:569)
09-25 12:37:03.934 28772 28772 W Bundle  : 	at com.android.internal.os.ZygoteInit.main(ZygoteInit.java:929)
09-25 12:37:03.934 28772 28772 W Bundle  : Key battery_low expected Integer but value was a java.lang.Boolean.  The default value 0 was returned.
09-25 12:37:03.934 28772 28772 W Bundle  : Attempt to cast generated internal exception:
09-25 12:37:03.934 28772 28772 W Bundle  : java.lang.ClassCastException: java.lang.Boolean cannot be cast to java.lang.Integer
09-25 12:37:03.934 28772 28772 W Bundle  : 	at android.os.BaseBundle.getInt(BaseBundle.java:1348)
09-25 12:37:03.934 28772 28772 W Bundle  : 	at android.content.Intent.getIntExtra(Intent.java:9617)
09-25 12:37:03.934 28772 28772 W Bundle  : 	at ry0.b0(r8-map-id-829dc4487d0d500cd2994be3a64f9d184aac50112651e684c7fffcf85fdf0b9e:47)
09-25 12:37:03.934 28772 28772 W Bundle  : 	at qa.onReceive(r8-map-id-829dc4487d0d500cd2994be3a64f9d184aac50112651e684c7fffcf85fdf0b9e:16)
09-25 12:37:03.934 28772 28772 W Bundle  : 	at android.app.LoadedApk$ReceiverDispatcher$Args.lambda$getRunnable$0(LoadedApk.java:1931)
09-25 12:37:03.934 28772 28772 W Bundle  : 	at android.app.LoadedApk$ReceiverDispatcher$Args.$r8$lambda$mcNAAl1SQ4MyJPyDg8TJ2x2h0Rk(Unknown Source:0)
09-25 12:37:03.934 28772 28772 W Bundle  : 	at android.app.LoadedApk$ReceiverDispatcher$Args$$ExternalSyntheticLambda0.run(D8$$SyntheticClass:0)
09-25 12:37:03.934 28772 28772 W Bundle  : 	at android.os.Handler.handleCallback(Handler.java:1070)
09-25 12:37:03.934 28772 28772 W Bundle  : 	at android.os.Handler.dispatchMessage(Handler.java:125)
09-25 12:37:03.934 28772 28772 W Bundle  : 	at android.os.Looper.dispatchMessage(Looper.java:333)
09-25 12:37:03.934 28772 28772 W Bundle  : 	at android.os.Looper.loopOnce(Looper.java:263)
09-25 12:37:03.934 28772 28772 W Bundle  : 	at android.os.Looper.loop(Looper.java:367)
09-25 12:37:03.934 28772 28772 W Bundle  : 	at android.app.ActivityThread.main(ActivityThread.java:9328)
09-25 12:37:03.934 28772 28772 W Bundle  : 	at java.lang.reflect.Method.invoke(Native Method)
09-25 12:37:03.934 28772 28772 W Bundle  : 	at com.android.internal.os.RuntimeInit$MethodAndArgsCaller.run(RuntimeInit.java:569)
09-25 12:37:03.934 28772 28772 W Bundle  : 	at com.android.internal.os.ZygoteInit.main(ZygoteInit.java:929)
09-25 12:37:04.080 28772 29102 D S3PERF  : crosscheck source=surface presented=2550 json_fps=6.18718 json_frametime_ms=179.706
09-25 12:37:04.504 28772 29877 D RPCS3   : SPU block is a loop at [0x06a34 -> 0x06958]
09-25 12:37:04.504 28772 29877 D RPCS3   : SPU block is a loop at [0x068fc -> 0x068fc]
09-25 12:37:04.504 28772 29877 D RPCS3   : SPU block is a loop at [0x06cd8 -> 0x06cd8]
09-25 12:37:04.504 28772 29877 D RPCS3   : SPU block is a loop at [0x06888 -> 0x06888]
09-25 12:37:04.504 28772 29877 D RPCS3   : SPU block is a loop at [0x06c30 -> 0x06c30]
09-25 12:37:04.504 28772 29877 D RPCS3   : SPU block is a loop at [0x067c8 -> 0x067c8]
09-25 12:37:04.505 28772 29877 D RPCS3   : Building function 0x6500... (size 509, __spu-0x06500-PAnS6VAZ75fVceU74Gf4TLGiQQzZ-s3cg1-cortex-a34-neon)
09-25 12:37:04.619 28772 29877 I RPCS3   : New SPU block compiled successfully (size=509)
09-25 12:37:04.629 28772 29877 D RPCS3   : SPU block is a loop at [0x06204 -> 0x061f4]
09-25 12:37:04.629 28772 29877 D RPCS3   : Building function 0x6190... (size 101, __spu-0x06190-jRotPaiZ6UERkRzVyQn4bAhKfdyX-s3cg1-cortex-a34-neon)
09-25 12:37:04.654 28772 29877 I RPCS3   : New SPU block compiled successfully (size=101)
09-25 12:37:04.655 28772 29877 D RPCS3   : Building function 0x4e60... (size 128, __spu-0x04e60-Y3wiMV8Ak1CmFwKNAdF7gAjKzeHP-s3cg1-cortex-a34-neon)
09-25 12:37:04.655 28772 29877 W RPCS3   : [__spu-0x04e60-Y3wiMV8Ak1CmFwKNAdF7gAjKzeHP-s3cg1-cortex-a34-neon:0x04ed8] Unmatched spu_rsqrte(c) found in FMA
09-25 12:37:04.681 28772 29877 I RPCS3   : New SPU block compiled successfully (size=128)
09-25 12:37:04.681 28772 29877 D RPCS3   : Building function 0x50a4... (size 44, __spu-0x050a4-4yHFtrk1G1JLwozTQ6R3mYqeXfnh-s3cg1-cortex-a34-neon)
09-25 12:37:04.699 28772 29877 I RPCS3   : New SPU block compiled successfully (size=44)
09-25 12:37:04.699 28772 29877 D RPCS3   : Building function 0x4538... (size 107, __spu-0x04538-8f5jhjHnqqo0wNMkGT6o0dJR7jy4-s3cg1-cortex-a34-neon)
09-25 12:37:04.729 28772 29877 I RPCS3   : New SPU block compiled successfully (size=107)
09-25 12:37:04.729 28772 29877 D RPCS3   : Building function 0x4280... (size 77, __spu-0x04280-aVjxiCAj3J7bd4Y23qtaCftGQ3b2-s3cg1-cortex-a34-neon)
09-25 12:37:04.750 28772 29877 I RPCS3   : New SPU block compiled successfully (size=77)
09-25 12:37:04.750 28772 29877 D RPCS3   : Building function 0x43b8... (size 96, __spu-0x043b8-46x1cZYH2a0iHvariWz26AkrAWuL-s3cg1-cortex-a34-neon)
09-25 12:37:04.773 28772 29877 I RPCS3   : New SPU block compiled successfully (size=96)
09-25 12:37:04.774 28772 29877 D RPCS3   : SPU block is a loop at [0x04798 -> 0x04798]
09-25 12:37:04.774 28772 29877 D RPCS3   : SPU block is a loop at [0x04aa0 -> 0x04aa0]
09-25 12:37:04.774 28772 29877 D RPCS3   : SPU block is a loop at [0x04978 -> 0x04978]
09-25 12:37:04.774 28772 29877 D RPCS3   : SPU block is a loop at [0x04cb8 -> 0x04cb8]
09-25 12:37:04.774 28772 29877 D RPCS3   : SPU block is a loop at [0x04908 -> 0x04908]
09-25 12:37:04.774 28772 29877 D RPCS3   : SPU block is a loop at [0x04ba8 -> 0x04ba8]
09-25 12:37:04.774 28772 29877 D RPCS3   : SPU block is a loop at [0x04898 -> 0x04898]
09-25 12:37:04.775 28772 29877 D RPCS3   : Building function 0x46e8... (size 419, __spu-0x046e8-qHtmk1hHW9Qo5e1dLJUyaprVr1SV-s3cg1-cortex-a34-neon)
09-25 12:37:04.852 28772 29877 I RPCS3   : New SPU block compiled successfully (size=419)
09-25 12:37:05.014 28772 29102 D S3PERF  : crosscheck ui_snapshot_fps=8.45187 ui_snapshot_frametime_ms=80.755
09-25 12:37:05.043 28772 29876 D RPCS3   : Building function 0xaf50... (size 18, __spu-0x0af50-MKL5tuaT6QR2b4ZMM6U79Agao8if-s3cg1-cortex-a34-neon)
09-25 12:37:05.044 28772 29876 D RPCS3   : mpy32 in __spu-0x0af50-MKL5tuaT6QR2b4ZMM6U79Agao8if-s3cg1-cortex-a34-neon at 0x0af88
09-25 12:37:05.073 28772 29876 I RPCS3   : New SPU block compiled successfully (size=18)
09-25 12:37:05.074 28772 29876 D RPCS3   : Building function 0xa210... (size 6, __spu-0x0a210-4X479m1CwnX3T2xxLN0SgfWEix8K-s3cg1-cortex-a34-neon)
09-25 12:37:05.084 28772 29876 I RPCS3   : New SPU block compiled successfully (size=6)
09-25 12:37:05.328 28772 29102 D S3PERF  : crosscheck source=surface presented=2556 json_fps=5.19766 json_frametime_ms=184.016
09-25 12:37:05.713 28772 29876 W RPCS3   : [0x5210] At 0x5258: indirect branch to 0x525c (D)
09-25 12:37:05.722 28772 29876 D RPCS3   : Building function 0x5210... (size 19, __spu-0x05210-oRUrzqnR5ENFYZmRUX43px2jz4uG-s3cg1-cortex-a34-neon)
09-25 12:37:05.722 28772 28772 I S3TOUCH : root action=down x=2230 y=911
09-25 12:37:05.722 28772 28772 I S3TOUCH : monitor action=down consumed=false
09-25 12:37:05.723 28772 28772 I S3TOUCH : pad action=down menu=false
09-25 12:37:05.739 28772 29876 I RPCS3   : New SPU block compiled successfully (size=19)
09-25 12:37:05.739 28772 29876 W RPCS3   : [0x525c] At 0x52d4: indirect branch to 0x52d8 (E)
09-25 12:37:05.739 28772 29876 D RPCS3   : Building function 0x525c... (size 31, __spu-0x0525c-GuUH2nvcmzmVyKUxE424b9ijni7N-s3cg1-cortex-a34-neon)
09-25 12:37:05.754 28772 29876 I RPCS3   : New SPU block compiled successfully (size=31)
09-25 12:37:05.754 28772 29876 W RPCS3   : [0x52d8] At 0x531c: indirect branch to 0x5320 (D)
09-25 12:37:05.754 28772 29876 W RPCS3   : [0x52d8] At 0x533c: indirect branch to 0x5340 (E)
09-25 12:37:05.754 28772 29876 D RPCS3   : Building function 0x52d8... (size 26, __spu-0x052d8-QQthPpN9MVMUq1PgrXHNRFiKkNfQ-s3cg1-cortex-a34-neon)
09-25 12:37:05.772 28772 29876 I RPCS3   : New SPU block compiled successfully (size=26)
09-25 12:37:05.773 28772 29876 W RPCS3   : [0x5320] At 0x533c: indirect branch to 0x5340 (E)
09-25 12:37:05.773 28772 29876 D RPCS3   : Building function 0x5320... (size 8, __spu-0x05320-sM357HSuChMjwZR4da5zZcTAiLdo-s3cg1-cortex-a34-neon)
09-25 12:37:05.784 28772 29876 I RPCS3   : New SPU block compiled successfully (size=8)
09-25 12:37:05.784 28772 29876 D RPCS3   : Building function 0x5340... (size 6, __spu-0x05340-1qnJmJSN05waAft5tWCfiZVu1kgm-s3cg1-cortex-a34-neon)
09-25 12:37:05.798 28772 29876 I RPCS3   : New SPU block compiled successfully (size=6)
09-25 12:37:05.798 28772 29876 W RPCS3   : [0x4a7c] At 0x50a4: indirect branch to 0x50a8 (D)
09-25 12:37:05.798 28772 29876 W RPCS3   : [0x4a7c] At 0x50a4: indirect branch to 0x50a8 (D)
09-25 12:37:05.828 28772 29876 D RPCS3   : SPU block is a loop at [0x04ad0 -> 0x04ad0]
09-25 12:37:05.828 28772 29876 D RPCS3   : SPU block is a loop at [0x04b50 -> 0x04b50]
09-25 12:37:05.828 28772 29876 D RPCS3   : SPU block is a loop at [0x04f60 -> 0x04f60]
09-25 12:37:05.828 28772 29876 D RPCS3   : Building function 0x4a7c... (size 395, __spu-0x04a7c-V4xAYu8Gni1gFVZ65ocMXrNjf1AU-s3cg1-cortex-a34-neon)
09-25 12:37:05.829 28772 29876 D RPCS3   : mpy32 in __spu-0x04a7c-V4xAYu8Gni1gFVZ65ocMXrNjf1AU-s3cg1-cortex-a34-neon at 0x04bd0
09-25 12:37:05.829 28772 29876 D RPCS3   : mpy32 in __spu-0x04a7c-V4xAYu8Gni1gFVZ65ocMXrNjf1AU-s3cg1-cortex-a34-neon at 0x04bd4
09-25 12:37:05.830 28772 29876 D RPCS3   : mpy32 in __spu-0x04a7c-V4xAYu8Gni1gFVZ65ocMXrNjf1AU-s3cg1-cortex-a34-neon at 0x04c4c
09-25 12:37:05.831 28772 29876 W RPCS3   : [__spu-0x04a7c-V4xAYu8Gni1gFVZ65ocMXrNjf1AU-s3cg1-cortex-a34-neon:0x04df4] Unmatched spu_rsqrte(c) found in FMA
09-25 12:37:05.831 28772 29876 W RPCS3   : [__spu-0x04a7c-V4xAYu8Gni1gFVZ65ocMXrNjf1AU-s3cg1-cortex-a34-neon:0x04d54] Unmatched spu_rsqrte(c) found in FMA
09-25 12:37:05.832 28772 29876 W RPCS3   : [__spu-0x04a7c-V4xAYu8Gni1gFVZ65ocMXrNjf1AU-s3cg1-cortex-a34-neon:0x04e54] Unmatched spu_rsqrte(c) found in FMA
09-25 12:37:05.832 28772 29876 W RPCS3   : [__spu-0x04a7c-V4xAYu8Gni1gFVZ65ocMXrNjf1AU-s3cg1-cortex-a34-neon:0x04eb8] Unmatched spu_rsqrte(c) found in FMA
09-25 12:37:05.832 28772 29876 W RPCS3   : [__spu-0x04a7c-V4xAYu8Gni1gFVZ65ocMXrNjf1AU-s3cg1-cortex-a34-neon:0x04f14] Unmatched spu_rsqrte(c) found in FMA
09-25 12:37:05.928 28772 28772 I S3TOUCH : root action=down x=2216 y=911
09-25 12:37:05.929 28772 28772 I S3TOUCH : monitor action=down consumed=false
09-25 12:37:05.929 28772 28772 I S3TOUCH : pad action=down menu=false
09-25 12:37:05.943 28772 29876 I RPCS3   : New SPU block compiled successfully (size=395)
09-25 12:37:05.945 28772 29822 D RPCS3   : sys_tty_write(ch=0, buf=*0x58bf20, len=63, pwritelen=*0xd000fde0)
09-25 12:37:05.945 28772 29822 D RPCS3   : sys_tty_write(): “BATCHJOB: AddJob: waiting for room in job list 3 for job 56...“ << endl
09-25 12:37:06.114 28772 28772 I S3TOUCH : root action=down x=2216 y=918
09-25 12:37:06.114 28772 28772 I S3TOUCH : monitor action=down consumed=false
09-25 12:37:06.115 28772 28772 I S3TOUCH : pad action=down menu=false
09-25 12:37:06.284 28772 29102 D S3PERF  : crosscheck ui_snapshot_fps=6.55676 ui_snapshot_frametime_ms=64.077
09-25 12:37:06.323 28772 28772 I S3TOUCH : root action=down x=2217 y=915
09-25 12:37:06.323 28772 28772 I S3TOUCH : monitor action=down consumed=false
09-25 12:37:06.323 28772 28772 I S3TOUCH : pad action=down menu=false
09-25 12:37:06.502 28772 28772 I S3TOUCH : root action=down x=2214 y=911
09-25 12:37:06.502 28772 28772 I S3TOUCH : monitor action=down consumed=false
09-25 12:37:06.502 28772 28772 I S3TOUCH : pad action=down menu=false
09-25 12:37:06.612 28772 29102 D S3PERF  : crosscheck source=surface presented=2565 json_fps=5.94279 json_frametime_ms=106.828
09-25 12:37:06.719 28772 28772 I S3TOUCH : root action=down x=2215 y=905
09-25 12:37:06.719 28772 28772 I S3TOUCH : monitor action=down consumed=false
09-25 12:37:06.719 28772 28772 I S3TOUCH : pad action=down menu=false
09-25 12:37:06.907 28772 28772 I S3TOUCH : root action=down x=2212 y=905
09-25 12:37:06.907 28772 28772 I S3TOUCH : monitor action=down consumed=false
09-25 12:37:06.907 28772 28772 I S3TOUCH : pad action=down menu=false
09-25 12:37:06.972 28772 29822 D RPCS3   : sys_tty_write(ch=0, buf=*0x58bf20, len=63, pwritelen=*0xd000fde0)
09-25 12:37:06.972 28772 29822 D RPCS3   : sys_tty_write(): “BATCHJOB: AddJob: waiting for room in job list 3 for job 56...“ << endl
09-25 12:37:07.130 28772 28772 I S3TOUCH : root action=down x=2214 y=906
09-25 12:37:07.130 28772 28772 I S3TOUCH : monitor action=down consumed=false
09-25 12:37:07.130 28772 28772 I S3TOUCH : pad action=down menu=false
09-25 12:37:07.316 28772 28772 I S3TOUCH : root action=down x=2214 y=901
09-25 12:37:07.316 28772 28772 I S3TOUCH : monitor action=down consumed=false
09-25 12:37:07.316 28772 28772 I S3TOUCH : pad action=down menu=false
09-25 12:37:07.394 28772 29822 D RPCS3   : sys_tty_write(ch=0, buf=*0x58bf20, len=63, pwritelen=*0xd000fde0)
09-25 12:37:07.394 28772 29822 D RPCS3   : sys_tty_write(): “BATCHJOB: AddJob: waiting for room in job list 3 for job 56...“ << endl
09-25 12:37:07.513 28772 29822 D RPCS3   : sys_tty_write(ch=0, buf=*0x58bf20, len=63, pwritelen=*0xd000fde0)
09-25 12:37:07.513 28772 29822 D RPCS3   : sys_tty_write(): “BATCHJOB: AddJob: waiting for room in job list 3 for job 56...“ << endl
09-25 12:37:07.532 28772 28772 I S3TOUCH : root action=down x=2216 y=900
09-25 12:37:07.532 28772 28772 I S3TOUCH : monitor action=down consumed=false
09-25 12:37:07.532 28772 28772 I S3TOUCH : pad action=down menu=false
09-25 12:37:07.587 28772 29102 D S3PERF  : crosscheck ui_snapshot_fps=6.11497 ui_snapshot_frametime_ms=236.612
09-25 12:37:07.718 28772 28772 I S3TOUCH : root action=down x=2216 y=892
09-25 12:37:07.718 28772 28772 I S3TOUCH : monitor action=down consumed=false
09-25 12:37:07.718 28772 28772 I S3TOUCH : pad action=down menu=false
09-25 12:37:07.750 28772 29822 D RPCS3   : sys_tty_write(ch=0, buf=*0x58bf20, len=63, pwritelen=*0xd000fde0)
09-25 12:37:07.750 28772 29822 D RPCS3   : sys_tty_write(): “BATCHJOB: AddJob: waiting for room in job list 3 for job 56...“ << endl
09-25 12:37:07.883 28772 29822 D RPCS3   : sys_tty_write(ch=0, buf=*0x58bf20, len=63, pwritelen=*0xd000fde0)
09-25 12:37:07.883 28772 29822 D RPCS3   : sys_tty_write(): “BATCHJOB: AddJob: waiting for room in job list 3 for job 56...“ << endl
09-25 12:37:07.903 28772 30114 E RPCS3   : Video au decode has been waiting for a consumer for 5 seconds. (handle=0xf0000300, seq_id=1, cmd_id=63, queue_size=61)
09-25 12:37:07.913 28772 28772 I S3TOUCH : root action=down x=2220 y=888
09-25 12:37:07.913 28772 28772 I S3TOUCH : monitor action=down consumed=false
09-25 12:37:07.916 28772 28772 I S3TOUCH : pad action=down menu=false
09-25 12:37:07.916 28772 29102 D S3PERF  : crosscheck source=surface presented=2573 json_fps=6.87641 json_frametime_ms=210.649
09-25 12:37:07.923 28772 28772 W DefaultDispatch: type=1400 audit(0.0:6991143): avc:  denied  { search } for  name="zram0" dev="sysfs" ino=107524 scontext=u:r:untrusted_app:s0:c207,c257,c512,c768 tcontext=u:object_r:sysfs_zram:s0 tclass=dir permissive=0 app=com.zenithblue.sambas3
09-25 12:37:07.923 28772 28772 W DefaultDispatch: type=1400 audit(0.0:6991144): avc:  denied  { search } for  name="zram0" dev="sysfs" ino=107524 scontext=u:r:untrusted_app:s0:c207,c257,c512,c768 tcontext=u:object_r:sysfs_zram:s0 tclass=dir permissive=0 app=com.zenithblue.sambas3
09-25 12:37:08.109 28772 28772 I S3TOUCH : root action=down x=2224 y=877
09-25 12:37:08.109 28772 28772 I S3TOUCH : monitor action=down consumed=false
09-25 12:37:08.109 28772 28772 I S3TOUCH : pad action=down menu=false
09-25 12:37:08.290 28772 28772 I S3TOUCH : root action=down x=2220 y=881
09-25 12:37:08.290 28772 28772 I S3TOUCH : monitor action=down consumed=false
09-25 12:37:08.290 28772 28772 I S3TOUCH : pad action=down menu=false
09-25 12:37:08.476 28772 28772 I S3TOUCH : root action=down x=2229 y=871
09-25 12:37:08.476 28772 28772 I S3TOUCH : monitor action=down consumed=false
09-25 12:37:08.476 28772 28772 I S3TOUCH : pad action=down menu=false
09-25 12:37:08.704 28772 28772 I S3TOUCH : root action=down x=2313 y=792
09-25 12:37:08.704 28772 28772 I S3TOUCH : monitor action=down consumed=false
09-25 12:37:08.704 28772 28772 I S3TOUCH : pad action=down menu=false
09-25 12:37:08.746 28772 29822 D RPCS3   : sys_tty_write(ch=0, buf=*0x58bf20, len=63, pwritelen=*0xd000fde0)
09-25 12:37:08.746 28772 29822 D RPCS3   : sys_tty_write(): “BATCHJOB: AddJob: waiting for room in job list 3 for job 56...“ << endl
09-25 12:37:08.856 28772 29822 D RPCS3   : sys_tty_write(ch=0, buf=*0x58bf20, len=63, pwritelen=*0xd000fde0)
09-25 12:37:08.856 28772 29822 D RPCS3   : sys_tty_write(): “BATCHJOB: AddJob: waiting for room in job list 3 for job 56...“ << endl
09-25 12:37:08.905 28772 28772 I S3TOUCH : root action=down x=2372 y=774
09-25 12:37:08.905 28772 28772 I S3TOUCH : monitor action=down consumed=false
09-25 12:37:08.905 28772 28772 I S3TOUCH : pad action=down menu=false
09-25 12:37:08.908 28772 29102 D S3PERF  : crosscheck ui_snapshot_fps=6.16953 ui_snapshot_frametime_ms=76.646
09-25 12:37:09.073 28772 28772 I S3TOUCH : root action=down x=2361 y=773
09-25 12:37:09.073 28772 28772 I S3TOUCH : monitor action=down consumed=false
09-25 12:37:09.073 28772 28772 I S3TOUCH : pad action=down menu=false
09-25 12:37:09.215 28772 29102 D S3PERF  : crosscheck source=surface presented=2581 json_fps=6.29241 json_frametime_ms=154.519
09-25 12:37:09.226 28772 29102 D S3PERF  : GPU load [/sys/class/kgsl/kgsl-3d0/gpubusy]: raw='459656 1008790' -> load=45.56508292112333%
09-25 12:37:09.274 28772 28772 I S3TOUCH : root action=down x=2345 y=773
09-25 12:37:09.274 28772 28772 I S3TOUCH : monitor action=down consumed=false
09-25 12:37:09.274 28772 28772 I S3TOUCH : pad action=down menu=false
09-25 12:37:09.436 28772 29822 D RPCS3   : sys_tty_write(ch=0, buf=*0x58bf20, len=63, pwritelen=*0xd000fde0)
09-25 12:37:09.437 28772 29822 D RPCS3   : sys_tty_write(): “BATCHJOB: AddJob: waiting for room in job list 3 for job 56...“ << endl
09-25 12:37:09.492 28772 28772 I S3TOUCH : root action=down x=2247 y=791
09-25 12:37:09.492 28772 28772 I S3TOUCH : monitor action=down consumed=false
09-25 12:37:09.492 28772 28772 I S3TOUCH : pad action=down menu=false
09-25 12:37:09.521 28772 29822 D RPCS3   : sys_tty_write(ch=0, buf=*0x58bf20, len=63, pwritelen=*0xd000fde0)
09-25 12:37:09.521 28772 29822 D RPCS3   : sys_tty_write(): “BATCHJOB: AddJob: waiting for room in job list 3 for job 56...“ << endl
09-25 12:37:09.634 28772 29777 D RPCS3   : CPU Usage: Total: 65.2%, Cores: 0.0%, 0.0%, 0.0%, 0.0%, 0.0%, 0.0%, 0.0%, 0.0%
09-25 12:37:09.685 28772 28772 I S3TOUCH : root action=down x=2226 y=824
09-25 12:37:09.685 28772 28772 I S3TOUCH : monitor action=down consumed=false
09-25 12:37:09.685 28772 28772 I S3TOUCH : pad action=down menu=false
09-25 12:37:09.774 28772 29801 D RPCS3   : PPU Syscall Usage Stats:
09-25 12:37:09.774 28772 29801 D RPCS3   : 	⁂ sys_timer_usleep [333732]
09-25 12:37:09.774 28772 29801 D RPCS3   : 	⁂ _sys_lwcond_queue_wait [159595]
09-25 12:37:09.774 28772 29801 D RPCS3   : 	⁂ _sys_lwmutex_lock [158091]
09-25 12:37:09.774 28772 29801 D RPCS3   : 	⁂ _sys_lwmutex_unlock [151839]
09-25 12:37:09.774 28772 29801 D RPCS3   : 	⁂ _sys_lwcond_signal [100088]
09-25 12:37:09.774 28772 29801 D RPCS3   : 	⁂ _sys_lwcond_signal_all [63403]
09-25 12:37:09.774 28772 29801 D RPCS3   : 	⁂ sys_time_get_current_time [52975]
09-25 12:37:09.774 28772 29801 D RPCS3   : 	⁂ sys_event_queue_receive [37487]
09-25 12:37:09.774 28772 29801 D RPCS3   : 	⁂ sys_fs_read [25427]
09-25 12:37:09.774 28772 29801 D RPCS3   : 	⁂ sys_fs_write [23815]
09-25 12:37:09.774 28772 29801 D RPCS3   : 	⁂ sys_event_port_send [12489]
09-25 12:37:09.774 28772 29801 D RPCS3   : 	⁂ sys_fs_fsync [3970]
09-25 12:37:09.774 28772 29801 D RPCS3   : 	⁂ sys_fs_lseek [2807]
09-25 12:37:09.774 28772 29801 D RPCS3   : 	⁂ sys_event_flag_wait [1787]
09-25 12:37:09.774 28772 29801 D RPCS3   : 	⁂ sys_event_flag_clear [1787]
09-25 12:37:09.774 28772 29801 D RPCS3   : 	⁂ _sys_lwmutex_trylock [169]
09-25 12:37:09.774 28772 29801 D RPCS3   : 	⁂ sys_tty_write [62]
09-25 12:37:09.774 28772 29801 D RPCS3   : 	⁂ sys_mutex_lock [54]
09-25 12:37:09.774 28772 29801 D RPCS3   : 	⁂ sys_mutex_unlock [54]
09-25 12:37:09.774 28772 29801 D RPCS3   : 	⁂ sys_time_get_timebase_frequency [50]
09-25 12:37:09.774 28772 29801 D RPCS3   : 	⁂ _sys_ppu_thread_create [45]
09-25 12:37:09.774 28772 29801 D RPCS3   : 	⁂ sys_ppu_thread_start [41]
09-25 12:37:09.774 28772 29801 D RPCS3   : 	⁂ _sys_ppu_thread_exit [5]
09-25 12:37:09.834 28772 29822 D RPCS3   : sys_tty_write(ch=0, buf=*0x58bf20, len=63, pwritelen=*0xd000fde0)
09-25 12:37:09.834 28772 29822 D RPCS3   : sys_tty_write(): “BATCHJOB: AddJob: waiting for room in job list 3 for job 56...“ << endl
09-25 12:37:09.890 28772 28772 I S3TOUCH : root action=down x=2197 y=828
09-25 12:37:09.890 28772 28772 I S3TOUCH : monitor action=down consumed=false
09-25 12:37:09.890 28772 28772 I S3TOUCH : pad action=down menu=false
09-25 12:37:09.955 28772 29822 D RPCS3   : sys_tty_write(ch=0, buf=*0x58bf20, len=63, pwritelen=*0xd000fde0)
09-25 12:37:09.955 28772 29822 D RPCS3   : sys_tty_write(): “BATCHJOB: AddJob: waiting for room in job list 3 for job 56...“ << endl
09-25 12:37:10.097 28772 28772 I S3TOUCH : root action=down x=2198 y=828
09-25 12:37:10.097 28772 28772 I S3TOUCH : monitor action=down consumed=false
09-25 12:37:10.097 28772 28772 I S3TOUCH : pad action=down menu=false
09-25 12:37:10.155 28772 29102 D S3PERF  : crosscheck ui_snapshot_fps=7.31738 ui_snapshot_frametime_ms=134.292
09-25 12:37:10.210 28772 29822 D RPCS3   : sys_tty_write(ch=0, buf=*0x58bf20, len=63, pwritelen=*0xd000fde0)
09-25 12:37:10.210 28772 29822 D RPCS3   : sys_tty_write(): “BATCHJOB: AddJob: waiting for room in job list 3 for job 56...“ << endl
09-25 12:37:10.266 28772 29888 W RPCS3   : sys_fs_fstat(fd=10, sb=*0xd005f624)
09-25 12:37:10.298 28772 28772 I S3TOUCH : root action=down x=2189 y=830
09-25 12:37:10.298 28772 28772 I S3TOUCH : monitor action=down consumed=false
09-25 12:37:10.298 28772 28772 I S3TOUCH : pad action=down menu=false
09-25 12:37:10.388 28772 29822 D RPCS3   : sys_tty_write(ch=0, buf=*0x58bf20, len=63, pwritelen=*0xd000fde0)
09-25 12:37:10.389 28772 29822 D RPCS3   : sys_tty_write(): “BATCHJOB: AddJob: waiting for room in job list 3 for job 56...“ << endl
09-25 12:37:10.480 28772 29102 D S3PERF  : crosscheck source=surface presented=2590 json_fps=7.28813 json_frametime_ms=128.887
09-25 12:37:10.503 28772 28772 I S3TOUCH : root action=down x=2176 y=834
09-25 12:37:10.503 28772 28772 I S3TOUCH : monitor action=down consumed=false
09-25 12:37:10.503 28772 28772 I S3TOUCH : pad action=down menu=false
09-25 12:37:10.547 28772 29874 D RPCS3   : Building function 0x6628... (size 126, __spu-0x06628-5AWHnVH0t2hY0qs2GsZkzH2T0AJm-s3cg1-cortex-a34-neon)
09-25 12:37:10.621 28772 29874 I RPCS3   : New SPU block compiled successfully (size=126)
09-25 12:37:10.622 28772 29874 D RPCS3   : Building function 0x66c0... (size 88, __spu-0x066c0-fnuoM0uFdUhgRKPaJHYtZJZEonKM-s3cg1-cortex-a34-neon)
09-25 12:37:10.673 28772 29874 I RPCS3   : New SPU block compiled successfully (size=88)
09-25 12:37:10.674 28772 29874 D RPCS3   : Building function 0x89c0... (size 32, __spu-0x089c0-q68tpZcT9mFAoMruvSXwLsTtXNYY-s3cg1-cortex-a34-neon)
09-25 12:37:10.689 28772 29874 I RPCS3   : New SPU block compiled successfully (size=32)
09-25 12:37:10.689 28772 29874 D RPCS3   : Building function 0x8ac0... (size 72, __spu-0x08ac0-oYvdCJmqRz1iPUnKmT0sbpNYjdLU-s3cg1-cortex-a34-neon)
09-25 12:37:10.710 28772 28772 I S3TOUCH : root action=down x=2196 y=833
09-25 12:37:10.710 28772 28772 I S3TOUCH : monitor action=down consumed=false
09-25 12:37:10.710 28772 28772 I S3TOUCH : pad action=down menu=false
09-25 12:37:10.719 28772 29874 I RPCS3   : New SPU block compiled successfully (size=72)
09-25 12:37:10.776 28772 29875 D RPCS3   : SPU block is a loop at [0x076b8 -> 0x076c0]
09-25 12:37:10.776 28772 29875 D RPCS3   : Building function 0x74a8... (size 180, __spu-0x074a8-8U0bv2mPTAe2km0rARdea76wEfjG-s3cg1-cortex-a34-neon)
09-25 12:37:10.793 28772 29874 D RPCS3   : SPU block is a loop at [0x0bc38 -> 0x0bc38]
09-25 12:37:10.793 28772 29874 D RPCS3   : Building function 0xbbd0... (size 60, __spu-0x0bbd0-8ZXEyGxVzyFRkwJXS2gdP3LHayEf-s3cg1-cortex-a34-neon)
09-25 12:37:10.794 28772 29874 W RPCS3   : [__spu-0x0bbd0-8ZXEyGxVzyFRkwJXS2gdP3LHayEf-s3cg1-cortex-a34-neon:0x0bc80] Unmatched spu_rsqrte(c) found in FMA
09-25 12:37:10.829 28772 29874 I RPCS3   : New SPU block compiled successfully (size=60)
09-25 12:37:10.832 28772 29822 D RPCS3   : sys_tty_write(ch=0, buf=*0x58bf20, len=63, pwritelen=*0xd000fde0)
09-25 12:37:10.832 28772 29822 D RPCS3   : sys_tty_write(): “BATCHJOB: AddJob: waiting for room in job list 3 for job 56...“ << endl
09-25 12:37:10.880 28772 29875 I RPCS3   : New SPU block compiled successfully (size=180)
09-25 12:37:10.880 28772 29875 D RPCS3   : Building function 0x5998... (size 38, __spu-0x05998-4pAeFkSk9Ceajem8Np5ezVgLjx3K-s3cg1-cortex-a34-neon)
09-25 12:37:10.903 28772 28772 I S3TOUCH : root action=down x=2202 y=837
09-25 12:37:10.903 28772 28772 I S3TOUCH : monitor action=down consumed=false
09-25 12:37:10.903 28772 28772 I S3TOUCH : pad action=down menu=false
09-25 12:37:10.906 28772 29875 I RPCS3   : New SPU block compiled successfully (size=38)
09-25 12:37:10.982 28772 29822 D RPCS3   : sys_tty_write(ch=0, buf=*0x58bf20, len=63, pwritelen=*0xd000fde0)
09-25 12:37:10.982 28772 29822 D RPCS3   : sys_tty_write(): “BATCHJOB: AddJob: waiting for room in job list 3 for job 56...“ << endl
09-25 12:37:11.114 28772 28772 I S3TOUCH : root action=down x=2195 y=828
09-25 12:37:11.115 28772 28772 I S3TOUCH : monitor action=down consumed=false
09-25 12:37:11.115 28772 28772 I S3TOUCH : pad action=down menu=false
09-25 12:37:11.322 28772 28772 I S3TOUCH : root action=down x=2199 y=833
09-25 12:37:11.322 28772 28772 I S3TOUCH : monitor action=down consumed=false
09-25 12:37:11.323 28772 28772 I S3TOUCH : pad action=down menu=false
09-25 12:37:11.438 28772 29102 D S3PERF  : crosscheck ui_snapshot_fps=5.30272 ui_snapshot_frametime_ms=196.454
09-25 12:37:11.483 28772 29822 D RPCS3   : sys_tty_write(ch=0, buf=*0x58bf20, len=63, pwritelen=*0xd000fde0)
09-25 12:37:11.483 28772 29822 D RPCS3   : sys_tty_write(): “BATCHJOB: AddJob: waiting for room in job list 3 for job 56...“ << endl
09-25 12:37:11.528 28772 28772 I S3TOUCH : root action=down x=2194 y=833
09-25 12:37:11.528 28772 28772 I S3TOUCH : monitor action=down consumed=false
09-25 12:37:11.528 28772 28772 I S3TOUCH : pad action=down menu=false
09-25 12:37:11.721 28772 29822 D RPCS3   : sys_tty_write(ch=0, buf=*0x58bf20, len=63, pwritelen=*0xd000fde0)
09-25 12:37:11.721 28772 29822 D RPCS3   : sys_tty_write(): “BATCHJOB: AddJob: waiting for room in job list 3 for job 56...“ << endl
09-25 12:37:11.732 28772 28772 I S3TOUCH : root action=down x=2202 y=833
09-25 12:37:11.732 28772 28772 I S3TOUCH : monitor action=down consumed=false
09-25 12:37:11.732 28772 28772 I S3TOUCH : pad action=down menu=false
09-25 12:37:11.773 28772 29102 D S3PERF  : crosscheck source=surface presented=2596 json_fps=5.13306 json_frametime_ms=149.215
09-25 12:37:11.936 28772 28772 I S3TOUCH : root action=down x=2190 y=830
09-25 12:37:11.936 28772 28772 I S3TOUCH : monitor action=down consumed=false
09-25 12:37:11.937 28772 28772 I S3TOUCH : pad action=down menu=false
09-25 12:37:12.157 28772 28772 I S3TOUCH : root action=down x=2190 y=834
09-25 12:37:12.158 28772 28772 I S3TOUCH : monitor action=down consumed=false
09-25 12:37:12.158 28772 28772 I S3TOUCH : pad action=down menu=false
09-25 12:37:12.231 28772 29822 D RPCS3   : sys_tty_write(ch=0, buf=*0x58bf20, len=63, pwritelen=*0xd000fde0)
09-25 12:37:12.231 28772 29822 D RPCS3   : sys_tty_write(): “BATCHJOB: AddJob: waiting for room in job list 3 for job 56...“ << endl
09-25 12:37:12.346 28772 28772 I S3TOUCH : root action=down x=2187 y=823
09-25 12:37:12.346 28772 28772 I S3TOUCH : monitor action=down consumed=false
09-25 12:37:12.347 28772 28772 I S3TOUCH : pad action=down menu=false
09-25 12:37:12.360 28772 29822 D RPCS3   : sys_tty_write(ch=0, buf=*0x58bf20, len=63, pwritelen=*0xd000fde0)
09-25 12:37:12.360 28772 29822 D RPCS3   : sys_tty_write(): “BATCHJOB: AddJob: waiting for room in job list 3 for job 56...“ << endl
09-25 12:37:12.459 28772 29102 D S3PERF  : crosscheck ui_snapshot_fps=4.56886 ui_snapshot_frametime_ms=115.669
09-25 12:37:12.549 28772 28772 I S3TOUCH : root action=down x=2184 y=834
09-25 12:37:12.550 28772 28772 I S3TOUCH : monitor action=down consumed=false
09-25 12:37:12.550 28772 28772 I S3TOUCH : pad action=down menu=false
09-25 12:37:12.740 28772 28772 I S3TOUCH : root action=down x=2191 y=829
09-25 12:37:12.741 28772 28772 I S3TOUCH : monitor action=down consumed=false
09-25 12:37:12.741 28772 28772 I S3TOUCH : pad action=down menu=false
09-25 12:37:12.773 28772 29102 D S3PERF  : crosscheck source=surface presented=2602 json_fps=7.10799 json_frametime_ms=83.786
09-25 12:37:12.951 28772 28772 I S3TOUCH : root action=down x=2219 y=840
09-25 12:37:12.951 28772 28772 I S3TOUCH : monitor action=down consumed=false
09-25 12:37:12.952 28772 28772 I S3TOUCH : pad action=down menu=false
09-25 12:37:13.047 28772 30114 E RPCS3   : Video au decode has been waiting for a consumer for 5 seconds. (handle=0xf0000300, seq_id=1, cmd_id=63, queue_size=61)
09-25 12:37:13.164 28772 28772 I S3TOUCH : root action=down x=2223 y=836
09-25 12:37:13.164 28772 28772 I S3TOUCH : monitor action=down consumed=false
09-25 12:37:13.164 28772 28772 I S3TOUCH : pad action=down menu=false
09-25 12:37:13.353 28772 28772 I S3TOUCH : root action=down x=2213 y=822
09-25 12:37:13.353 28772 28772 I S3TOUCH : monitor action=down consumed=false
09-25 12:37:13.353 28772 28772 I S3TOUCH : pad action=down menu=false
09-25 12:37:13.544 28772 29822 D RPCS3   : sys_tty_write(ch=0, buf=*0x58bf20, len=63, pwritelen=*0xd000fde0)
09-25 12:37:13.544 28772 29822 D RPCS3   : sys_tty_write(): “BATCHJOB: AddJob: waiting for room in job list 3 for job 56...“ << endl
09-25 12:37:13.571 28772 28772 I S3TOUCH : root action=down x=2203 y=829
09-25 12:37:13.571 28772 28772 I S3TOUCH : monitor action=down consumed=false
09-25 12:37:13.571 28772 28772 I S3TOUCH : pad action=down menu=false
09-25 12:37:13.593 28772 29881 W RPCS3   : [0x116fc] At 0x11fe4: indirect branch to 0x11fe8 (D)
09-25 12:37:13.593 28772 29881 W RPCS3   : [0x116fc] At 0x11ffc: indirect branch to 0x12000 (E)
09-25 12:37:13.593 28772 29881 W RPCS3   : [0x116fc] At 0x11f64: indirect branch to 0x11f68 (D)
09-25 12:37:13.593 28772 29881 W RPCS3   : [0x116fc] At 0x11f84: indirect branch to 0x11f88 (E)
09-25 12:37:13.598 28772 29881 D RPCS3   : Building function 0x116fc... (size 249, __spu-0x116fc-hoJ84Po06PPajub4eSU2ncKKdpV8-s3cg1-cortex-a34-neon)
09-25 12:37:13.705 28772 29102 D S3PERF  : crosscheck ui_snapshot_fps=6.5589 ui_snapshot_frametime_ms=197.288
09-25 12:37:13.754 28772 29881 I RPCS3   : New SPU block compiled successfully (size=249)
09-25 12:37:13.754 28772 29881 W RPCS3   : [0x119b0] At 0x11fe4: indirect branch to 0x11fe8 (D)
09-25 12:37:13.754 28772 29881 W RPCS3   : [0x119b0] At 0x11ffc: indirect branch to 0x12000 (E)
09-25 12:37:13.754 28772 29881 W RPCS3   : [0x119b0] At 0x11f64: indirect branch to 0x11f68 (D)
09-25 12:37:13.754 28772 29881 W RPCS3   : [0x119b0] At 0x11f84: indirect branch to 0x11f88 (E)
09-25 12:37:13.754 28772 29881 D RPCS3   : Building function 0x119b0... (size 76, __spu-0x119b0-heNYmwAzjPmofoNKFmJ8EMgg7XA1-s3cg1-cortex-a34-neon)
09-25 12:37:13.773 28772 28772 I S3TOUCH : root action=down x=2197 y=834
09-25 12:37:13.773 28772 28772 I S3TOUCH : monitor action=down consumed=false
09-25 12:37:13.773 28772 28772 I S3TOUCH : pad action=down menu=false
09-25 12:37:13.787 28772 29881 I RPCS3   : New SPU block compiled successfully (size=76)
09-25 12:37:13.985 28772 28772 I S3TOUCH : root action=down x=2208 y=826
09-25 12:37:13.986 28772 28772 I S3TOUCH : monitor action=down consumed=false
09-25 12:37:13.986 28772 28772 I S3TOUCH : pad action=down menu=false
09-25 12:37:14.009 28772 29102 D S3PERF  : crosscheck source=surface presented=2610 json_fps=5.14124 json_frametime_ms=279.761
09-25 12:37:14.176 28772 28772 I S3TOUCH : root action=down x=2210 y=828
09-25 12:37:14.176 28772 28772 I S3TOUCH : monitor action=down consumed=false
09-25 12:37:14.176 28772 28772 I S3TOUCH : pad action=down menu=false
