--------- beginning of main
09-25 19:03:39.576 20631 20631 I libc    : SetHeapTaggingLevel: tag level set to 0
09-25 19:03:39.580 20631 20631 I Zygote  : Process 20631 created for com.zenithblue.sambas3
09-25 19:03:39.580 20631 20631 I ithblue.sambas3: Using CollectorTypeCMC GC.
09-25 19:03:39.588 20631 20631 D nativeloader: Load libframework-connectivity-tiramisu-jni.so using APEX ns com_android_tethering for caller /apex/com.android.tethering/javalib/framework-connectivity-t.jar: ok
09-25 19:03:39.597 20631 20631 D ApplicationLoaders: Returning zygote-cached class loader: /system_ext/framework/androidx.window.extensions.jar
09-25 19:03:39.597 20631 20631 D ApplicationLoaders: Returning zygote-cached class loader: /system_ext/framework/androidx.window.sidecar.jar
09-25 19:03:39.611 20631 20631 D nativeloader: Configuring clns-9 for other apk /data/app/~~vxGC51Lzpu6zPVsT4jRLxg==/com.zenithblue.sambas3-BjhVtN2ysAN9NvryQroXvQ==/base.apk. target_sdk_version=37, uses_libraries=, library_path=/data/app/~~vxGC51Lzpu6zPVsT4jRLxg==/com.zenithblue.sambas3-BjhVtN2ysAN9NvryQroXvQ==/lib/arm64:/data/app/~~vxGC51Lzpu6zPVsT4jRLxg==/com.zenithblue.sambas3-BjhVtN2ysAN9NvryQroXvQ==/base.apk!/lib/arm64-v8a, permitted_path=/data:/mnt/expand:/data/user/0/com.zenithblue.sambas3
09-25 19:03:39.617 20631 20631 W GameProps: No gameprops config in Settings.Secure
09-25 19:03:39.629 20631 20631 V GraphicsEnvironment: Currently set values for:
09-25 19:03:39.629 20631 20631 V GraphicsEnvironment:   angle_gl_driver_selection_pkgs=[]
09-25 19:03:39.629 20631 20631 V GraphicsEnvironment:   angle_gl_driver_selection_values=[]
09-25 19:03:39.629 20631 20631 V GraphicsEnvironment: com.zenithblue.sambas3 is not listed in per-application setting
09-25 19:03:39.629 20631 20631 V GraphicsEnvironment: ANGLE allowlist from config: 
09-25 19:03:39.629 20631 20631 V GraphicsEnvironment: No special selections for ANGLE, returning default driver choice
09-25 19:03:39.629 20631 20631 V GraphicsEnvironment: Neither updatable production driver nor prerelease driver is supported.
--------- beginning of system
09-25 19:03:39.637 20631 20648 I DisplayManager: Choreographer implicitly registered for the refresh rate.
09-25 19:03:39.639 20631 20648 D vulkan  : searching for layers in '/data/app/~~vxGC51Lzpu6zPVsT4jRLxg==/com.zenithblue.sambas3-BjhVtN2ysAN9NvryQroXvQ==/lib/arm64'
09-25 19:03:39.640 20631 20648 D vulkan  : searching for layers in '/data/app/~~vxGC51Lzpu6zPVsT4jRLxg==/com.zenithblue.sambas3-BjhVtN2ysAN9NvryQroXvQ==/base.apk!/lib/arm64-v8a'
09-25 19:03:39.641 20631 20648 E libc    : The property name length for "cache_key.bluetooth.bluetooth_device_get_bond_state" is >= 31; please use __system_property_read_callback to read this property. (the name is truncated to "cache_key.bluetooth.bluetooth_d")
09-25 19:03:39.641 20631 20648 E libc    : The property name length for "cache_key.bluetooth.bluetooth_map_get_connection_state" is >= 31; please use __system_property_read_callback to read this property. (the name is truncated to "cache_key.bluetooth.bluetooth_m")
09-25 19:03:39.641 20631 20648 E libc    : The property name length for "cache_key.bluetooth.bluetooth_sap_get_connection_state" is >= 31; please use __system_property_read_callback to read this property. (the name is truncated to "cache_key.bluetooth.bluetooth_s")
09-25 19:03:39.641 20631 20648 E libc    : The property name length for "cache_key.bluetooth.bluetooth_adapter_get_connection_state" is >= 31; please use __system_property_read_callback to read this property. (the name is truncated to "cache_key.bluetooth.bluetooth_a")
09-25 19:03:39.641 20631 20648 E libc    : The property name length for "cache_key.bluetooth.bluetooth_adapter_get_profile_connection_state" is >= 31; please use __system_property_read_callback to read this property. (the name is truncated to "cache_key.bluetooth.bluetooth_a")
09-25 19:03:39.641 20631 20648 E libc    : The property name length for "cache_key.bluetooth.bluetooth_adapter_is_offloaded_filtering_supported" is >= 31; please use __system_property_read_callback to read this property. (the name is truncated to "cache_key.bluetooth.bluetooth_a")
09-25 19:03:39.641 20631 20648 E libc    : The property name length for "cache_key.telephony.phone_account_to_subid" is >= 31; please use __system_property_read_callback to read this property. (the name is truncated to "cache_key.telephony.phone_accou")
09-25 19:03:39.641 20631 20648 E libc    : The property name length for "cache_key.telephony.subscription_manager_service" is >= 31; please use __system_property_read_callback to read this property. (the name is truncated to "cache_key.telephony.subscriptio")
09-25 19:03:39.641 20631 20648 E libc    : The property name length for "bluetooth.device.class_of_device" is >= 31; please use __system_property_read_callback to read this property. (the name is truncated to "bluetooth.device.class_of_devic")
09-25 19:03:39.641 20631 20648 E libc    : The property name length for "bluetooth.profile.bap.unicast.client.enabled" is >= 31; please use __system_property_read_callback to read this property. (the name is truncated to "bluetooth.profile.bap.unicast.c")
09-25 19:03:39.641 20631 20648 E libc    : The property name length for "bluetooth.profile.bap.broadcast.assist.enabled" is >= 31; please use __system_property_read_callback to read this property. (the name is truncated to "bluetooth.profile.bap.broadcast")
09-25 19:03:39.641 20631 20648 E libc    : The property name length for "bluetooth.profile.bap.broadcast.source.enabled" is >= 31; please use __system_property_read_callback to read this property. (the name is truncated to "bluetooth.profile.bap.broadcast")
09-25 19:03:39.641 20631 20648 E libc    : The property name length for "bluetooth.profile.bas.client.enabled" is >= 31; please use __system_property_read_callback to read this property. (the name is truncated to "bluetooth.profile.bas.client.en")
09-25 19:03:39.641 20631 20648 E libc    : The property name length for "bluetooth.profile.ccp.server.enabled" is >= 31; please use __system_property_read_callback to read this property. (the name is truncated to "bluetooth.profile.ccp.server.en")
09-25 19:03:39.641 20631 20648 E libc    : The property name length for "bluetooth.profile.hap.client.enabled" is >= 31; please use __system_property_read_callback to read this property. (the name is truncated to "bluetooth.profile.hap.client.en")
09-25 19:03:39.641 20631 20648 E libc    : The property name length for "bluetooth.profile.hfp.ag.enabled" is >= 31; please use __system_property_read_callback to read this property. (the name is truncated to "bluetooth.profile.hfp.ag.enable")
09-25 19:03:39.641 20631 20648 E libc    : The property name length for "bluetooth.profile.hid.host.enabled" is >= 31; please use __system_property_read_callback to read this property. (the name is truncated to "bluetooth.profile.hid.host.enab")
09-25 19:03:39.641 20631 20648 E libc    : The property name length for "bluetooth.profile.hid.device.enabled" is >= 31; please use __system_property_read_callback to read this property. (the name is truncated to "bluetooth.profile.hid.device.en")
09-25 19:03:39.641 20631 20648 E libc    : The property name length for "bluetooth.profile.map.server.enabled" is >= 31; please use __system_property_read_callback to read this property. (the name is truncated to "bluetooth.profile.map.server.en")
09-25 19:03:39.641 20631 20648 E libc    : The property name length for "bluetooth.profile.pan.nap.enabled" is >= 31; please use __system_property_read_callback to read this property. (the name is truncated to "bluetooth.profile.pan.nap.enabl")
09-25 19:03:39.641 20631 20648 E libc    : The property name length for "bluetooth.profile.pan.panu.enabled" is >= 31; please use __system_property_read_callback to read this property. (the name is truncated to "bluetooth.profile.pan.panu.enab")
09-25 19:03:39.641 20631 20648 E libc    : The property name length for "bluetooth.profile.vcp.controller.enabled" is >= 31; please use __system_property_read_callback to read this property. (the name is truncated to "bluetooth.profile.vcp.controlle")
09-25 19:03:39.641 20631 20648 E libc    : The property name length for "bluetooth.profile.a2dp.source.enabled" is >= 31; please use __system_property_read_callback to read this property. (the name is truncated to "bluetooth.profile.a2dp.source.e")
09-25 19:03:39.641 20631 20648 E libc    : The property name length for "bluetooth.profile.asha.central.enabled" is >= 31; please use __system_property_read_callback to read this property. (the name is truncated to "bluetooth.profile.asha.central.")
09-25 19:03:39.641 20631 20648 E libc    : The property name length for "bluetooth.profile.csip.set_coordinator.enabled" is >= 31; please use __system_property_read_callback to read this property. (the name is truncated to "bluetooth.profile.csip.set_coor")
09-25 19:03:39.641 20631 20648 E libc    : The property name length for "bluetooth.profile.pbap.server.enabled" is >= 31; please use __system_property_read_callback to read this property. (the name is truncated to "bluetooth.profile.pbap.server.e")
09-25 19:03:39.641 20631 20648 E libc    : The property name length for "bluetooth.profile.avrcp.target.enabled" is >= 31; please use __system_property_read_callback to read this property. (the name is truncated to "bluetooth.profile.avrcp.target.")
09-25 19:03:39.641 20631 20648 E libc    : The property name length for "bluetooth.hardware.power.rx_cur_ma" is >= 31; please use __system_property_read_callback to read this property. (the name is truncated to "bluetooth.hardware.power.rx_cur")
09-25 19:03:39.641 20631 20648 E libc    : The property name length for "bluetooth.hardware.power.tx_cur_ma" is >= 31; please use __system_property_read_callback to read this property. (the name is truncated to "bluetooth.hardware.power.tx_cur")
09-25 19:03:39.641 20631 20648 E libc    : The property name length for "bluetooth.hardware.power.idle_cur_ma" is >= 31; please use __system_property_read_callback to read this property. (the name is truncated to "bluetooth.hardware.power.idle_c")
09-25 19:03:39.641 20631 20648 E libc    : The property name length for "bluetooth.hardware.power.operating_voltage_mv" is >= 31; please use __system_property_read_callback to read this property. (the name is truncated to "bluetooth.hardware.power.operat")
09-25 19:03:39.642 20631 20648 E libc    : The property name length for "ro.odm.build.version.incremental" is >= 31; please use __system_property_read_callback to read this property. (the name is truncated to "ro.odm.build.version.incrementa")
09-25 19:03:39.642 20631 20648 E libc    : The property "ro.odm.build.fingerprint" has a value with length 94 that is too large for __system_property_get()/__system_property_read(); use __system_property_read_callback() instead.
09-25 19:03:39.642 20631 20648 E libc    : The property name length for "ro.odm.build.media_performance_class" is >= 31; please use __system_property_read_callback to read this property. (the name is truncated to "ro.odm.build.media_performance_")
09-25 19:03:39.642 20631 20648 E libc    : The property name length for "ro.build.version.release_or_codename" is >= 31; please use __system_property_read_callback to read this property. (the name is truncated to "ro.build.version.release_or_cod")
09-25 19:03:39.642 20631 20648 E libc    : The property name length for "ro.build.version.preview_sdk_fingerprint" is >= 31; please use __system_property_read_callback to read this property. (the name is truncated to "ro.build.version.preview_sdk_fi")
09-25 19:03:39.642 20631 20648 E libc    : The property name length for "ro.build.version.min_supported_target_sdk" is >= 31; please use __system_property_read_callback to read this property. (the name is truncated to "ro.build.version.min_supported_")
09-25 19:03:39.642 20631 20648 E libc    : The property name length for "ro.build.backported_fixes.alias_bitset.long_list" is >= 31; please use __system_property_read_callback to read this property. (the name is truncated to "ro.build.backported_fixes.alias")
09-25 19:03:39.642 20631 20648 E libc    : The property name length for "ro.system.build.version.incremental" is >= 31; please use __system_property_read_callback to read this property. (the name is truncated to "ro.system.build.version.increme")
09-25 19:03:39.642 20631 20648 E libc    : The property name length for "ro.system.build.version.release_or_codename" is >= 31; please use __system_property_read_callback to read this property. (the name is truncated to "ro.system.build.version.release")
09-25 19:03:39.642 20631 20648 E libc    : The property "ro.system.build.fingerprint" has a value with length 94 that is too large for __system_property_get()/__system_property_read(); use __system_property_read_callback() instead.
09-25 19:03:39.642 20631 20648 E libc    : The property name length for "ro.product.build.version.release" is >= 31; please use __system_property_read_callback to read this property. (the name is truncated to "ro.product.build.version.releas")
09-25 19:03:39.642 20631 20648 E libc    : The property name length for "ro.product.build.version.incremental" is >= 31; please use __system_property_read_callback to read this property. (the name is truncated to "ro.product.build.version.increm")
09-25 19:03:39.642 20631 20648 E libc    : The property name length for "ro.product.build.version.release_or_codename" is >= 31; please use __system_property_read_callback to read this property. (the name is truncated to "ro.product.build.version.releas")
09-25 19:03:39.642 20631 20648 E libc    : The property "ro.product.build.fingerprint" has a value with length 94 that is too large for __system_property_get()/__system_property_read(); use __system_property_read_callback() instead.
09-25 19:03:39.642 20631 20648 E libc    : The property name length for "ro.product.system_ext.manufacturer" is >= 31; please use __system_property_read_callback to read this property. (the name is truncated to "ro.product.system_ext.manufactu")
09-25 19:03:39.642 20631 20648 E libc    : The property name length for "ro.system_ext.build.version.release" is >= 31; please use __system_property_read_callback to read this property. (the name is truncated to "ro.system_ext.build.version.rel")
09-25 19:03:39.642 20631 20648 E libc    : The property name length for "ro.system_ext.build.version.incremental" is >= 31; please use __system_property_read_callback to read this property. (the name is truncated to "ro.system_ext.build.version.inc")
09-25 19:03:39.642 20631 20648 E libc    : The property name length for "ro.system_ext.build.version.release_or_codename" is >= 31; please use __system_property_read_callback to read this property. (the name is truncated to "ro.system_ext.build.version.rel")
09-25 19:03:39.642 20631 20648 E libc    : The property "ro.system_ext.build.fingerprint" has a value with length 94 that is too large for __system_property_get()/__system_property_read(); use __system_property_read_callback() instead.
09-25 19:03:39.642 20631 20648 E libc    : The property name length for "ro.actionable_compatible_property.enabled" is >= 31; please use __system_property_read_callback to read this property. (the name is truncated to "ro.actionable_compatible_proper")
09-25 19:03:39.642 20631 20648 E libc    : The property name length for "ro.vendor.build.version.incremental" is >= 31; please use __system_property_read_callback to read this property. (the name is truncated to "ro.vendor.build.version.increme")
09-25 19:03:39.642 20631 20648 E libc    : The property name length for "ro.vendor.build.version.release_or_codename" is >= 31; please use __system_property_read_callback to read this property. (the name is truncated to "ro.vendor.build.version.release")
09-25 19:03:39.642 20631 20648 E libc    : The property "ro.vendor.build.fingerprint" has a value with length 94 that is too large for __system_property_get()/__system_property_read(); use __system_property_read_callback() instead.
09-25 19:03:39.642 20631 20648 E libc    : The property name length for "ro.product.vendor_dlkm.manufacturer" is >= 31; please use __system_property_read_callback to read this property. (the name is truncated to "ro.product.vendor_dlkm.manufact")
09-25 19:03:39.642 20631 20648 E libc    : The property name length for "ro.vendor_dlkm.build.version.sdk" is >= 31; please use __system_property_read_callback to read this property. (the name is truncated to "ro.vendor_dlkm.build.version.sd")
09-25 19:03:39.642 20631 20648 E libc    : The property name length for "ro.vendor_dlkm.build.version.release" is >= 31; please use __system_property_read_callback to read this property. (the name is truncated to "ro.vendor_dlkm.build.version.re")
09-25 19:03:39.642 20631 20648 E libc    : The property name length for "ro.vendor_dlkm.build.version.incremental" is >= 31; please use __system_property_read_callback to read this property. (the name is truncated to "ro.vendor_dlkm.build.version.in")
09-25 19:03:39.642 20631 20648 E libc    : The property name length for "ro.vendor_dlkm.build.version.release_or_codename" is >= 31; please use __system_property_read_callback to read this property. (the name is truncated to "ro.vendor_dlkm.build.version.re")
09-25 19:03:39.642 20631 20648 E libc    : The property name length for "ro.vendor_dlkm.build.fingerprint" is >= 31; please use __system_property_read_callback to read this property. (the name is truncated to "ro.vendor_dlkm.build.fingerprin")
09-25 19:03:39.642 20631 20648 E libc    : The property "ro.vendor_dlkm.build.fingerprint" has a value with length 94 that is too large for __system_property_get()/__system_property_read(); use __system_property_read_callback() instead.
09-25 19:03:39.642 20631 20631 D DesktopExperienceFlags: Toggle override initialized to: false
09-25 19:03:39.642 20631 20648 E libc    : The property name length for "ro.config.isolated_compilation_enabled" is >= 31; please use __system_property_read_callback to read this property. (the name is truncated to "ro.config.isolated_compilation_")
09-25 19:03:39.643 20631 20648 E libc    : The property name length for "dalvik.vm.systemuicompilerfilter" is >= 31; please use __system_property_read_callback to read this property. (the name is truncated to "dalvik.vm.systemuicompilerfilte")
09-25 19:03:39.643 20631 20648 E libc    : The property name length for "dalvik.vm.usap_pool_refill_delay_ms" is >= 31; please use __system_property_read_callback to read this property. (the name is truncated to "dalvik.vm.usap_pool_refill_dela")
09-25 19:03:39.643 20631 20648 E libc    : The property name length for "dalvik.vm.dex2oat-max-image-block-size" is >= 31; please use __system_property_read_callback to read this property. (the name is truncated to "dalvik.vm.dex2oat-max-image-blo")
09-25 19:03:39.643 20631 20648 E libc    : The property name length for "dalvik.vm.dex2oat-resolve-startup-strings" is >= 31; please use __system_property_read_callback to read this property. (the name is truncated to "dalvik.vm.dex2oat-resolve-start")
09-25 19:03:39.643 20631 20648 E libc    : The property name length for "debug.sf.enable_transaction_tracing" is >= 31; please use __system_property_read_callback to read this property. (the name is truncated to "debug.sf.enable_transaction_tra")
09-25 19:03:39.643 20631 20648 E libc    : The property name length for "debug.sf.use_phase_offsets_as_durations" is >= 31; please use __system_property_read_callback to read this property. (the name is truncated to "debug.sf.use_phase_offsets_as_d")
09-25 19:03:39.643 20631 20648 E libc    : The property name length for "debug.sf.enable_advanced_sf_phase_offset" is >= 31; please use __system_property_read_callback to read this property. (the name is truncated to "debug.sf.enable_advanced_sf_pha")
09-25 19:03:39.643 20631 20648 E libc    : The property name length for "debug.sf.disable_client_composition_cache" is >= 31; please use __system_property_read_callback to read this property. (the name is truncated to "debug.sf.disable_client_composi")
09-25 19:03:39.643 20631 20648 E libc    : The property name length for "debug.sf.predict_hwc_composition_strategy" is >= 31; please use __system_property_read_callback to read this property. (the name is truncated to "debug.sf.predict_hwc_compositio")
09-25 19:03:39.643 20631 20648 E libc    : The property name length for "debug.hwui.skia_use_perfetto_track_events" is >= 31; please use __system_property_read_callback to read this property. (the name is truncated to "debug.hwui.skia_use_perfetto_tr")
09-25 19:03:39.643 20631 20648 E libc    : The property name length for "debug.graphics.game_default_frame_rate.disabled" is >= 31; please use __system_property_read_callback to read this property. (the name is truncated to "debug.graphics.game_default_fra")
09-25 19:03:39.643 20631 20648 E libc    : The property name length for "debug.perfetto.sdk_sysprop_guard_generation" is >= 31; please use __system_property_read_callback to read this property. (the name is truncated to "debug.perfetto.sdk_sysprop_guar")
09-25 19:03:39.643 20631 20648 E libc    : The property name length for "debug.stagefright.c2inputsurface" is >= 31; please use __system_property_read_callback to read this property. (the name is truncated to "debug.stagefright.c2inputsurfac")
09-25 19:03:39.643 20631 20648 E libc    : The property name length for "debug.renderengine.skia_tracing_enabled" is >= 31; please use __system_property_read_callback to read this property. (the name is truncated to "debug.renderengine.skia_tracing")
09-25 19:03:39.643 20631 20648 E libc    : The property name length for "debug.renderengine.skia_use_perfetto_track_events" is >= 31; please use __system_property_read_callback to read this property. (the name is truncated to "debug.renderengine.skia_use_per")
09-25 19:03:39.643 20631 20648 E libc    : The property name length for "debug.perf_event_max_sample_rate" is >= 31; please use __system_property_read_callback to read this property. (the name is truncated to "debug.perf_event_max_sample_rat")
09-25 19:03:39.643 20631 20648 E libc    : The property name length for "ro.build.version.known_codenames" is >= 31; please use __system_property_read_callback to read this property. (the name is truncated to "ro.build.version.known_codename")
09-25 19:03:39.643 20631 20648 E libc    : The property "ro.build.version.known_codenames" has a value with length 309 that is too large for __system_property_get()/__system_property_read(); use __system_property_read_callback() instead.
09-25 19:03:39.643 20631 20648 E libc    : The property name length for "ro.build.version.release_or_preview_display" is >= 31; please use __system_property_read_callback to read this property. (the name is truncated to "ro.build.version.release_or_pre")
09-25 19:03:39.643 20631 20648 E libc    : The property name length for "ro.media.recorder-max-base-layer-fps" is >= 31; please use __system_property_read_callback to read this property. (the name is truncated to "ro.media.recorder-max-base-laye")
09-25 19:03:39.643 20631 20648 E libc    : The property name length for "ro.system.build.version.sdk_full" is >= 31; please use __system_property_read_callback to read this property. (the name is truncated to "ro.system.build.version.sdk_ful")
09-25 19:03:39.643 20631 20648 E libc    : The property name length for "ro.product.build.version.sdk_full" is >= 31; please use __system_property_read_callback to read this property. (the name is truncated to "ro.product.build.version.sdk_fu")
09-25 19:03:39.643 20631 20648 E libc    : The property name length for "ro.product.system_dlkm.manufacturer" is >= 31; please use __system_property_read_callback to read this property. (the name is truncated to "ro.product.system_dlkm.manufact")
09-25 19:03:39.643 20631 20648 E libc    : The property name length for "ro.bootimage.build.version.sdk_full" is >= 31; please use __system_property_read_callback to read this property. (the name is truncated to "ro.bootimage.build.version.sdk_")
09-25 19:03:39.643 20631 20648 E libc    : The property name length for "ro.system_ext.build.version.sdk_full" is >= 31; please use __system_property_read_callback to read this property. (the name is truncated to "ro.system_ext.build.version.sdk")
09-25 19:03:39.643 20631 20648 E libc    : The property name length for "ro.setupwizard.setupwizard.feature.show_support_link_in_deferred_setup" is >= 31; please use __system_property_read_callback to read this property. (the name is truncated to "ro.setupwizard.setupwizard.feat")
09-25 19:03:39.643 20631 20648 E libc    : The property name length for "ro.system_dlkm.build.version.sdk" is >= 31; please use __system_property_read_callback to read this property. (the name is truncated to "ro.system_dlkm.build.version.sd")
09-25 19:03:39.643 20631 20648 E libc    : The property name length for "ro.system_dlkm.build.version.release" is >= 31; please use __system_property_read_callback to read this property. (the name is truncated to "ro.system_dlkm.build.version.re")
09-25 19:03:39.644 20631 20648 E libc    : The property name length for "ro.system_dlkm.build.version.sdk_full" is >= 31; please use __system_property_read_callback to read this property. (the name is truncated to "ro.system_dlkm.build.version.sd")
09-25 19:03:39.644 20631 20648 E libc    : The property name length for "ro.system_dlkm.build.version.incremental" is >= 31; please use __system_property_read_callback to read this property. (the name is truncated to "ro.system_dlkm.build.version.in")
09-25 19:03:39.644 20631 20648 E libc    : The property name length for "ro.system_dlkm.build.version.release_or_codename" is >= 31; please use __system_property_read_callback to read this property. (the name is truncated to "ro.system_dlkm.build.version.re")
09-25 19:03:39.644 20631 20648 E libc    : The property name length for "ro.system_dlkm.build.fingerprint" is >= 31; please use __system_property_read_callback to read this property. (the name is truncated to "ro.system_dlkm.build.fingerprin")
09-25 19:03:39.644 20631 20648 E libc    : The property "ro.system_dlkm.build.fingerprint" has a value with length 94 that is too large for __system_property_get()/__system_property_read(); use __system_property_read_callback() instead.
09-25 19:03:39.644 20631 20648 E libc    : The property name length for "setupwizard.feature.enable_wifi_tracker" is >= 31; please use __system_property_read_callback to read this property. (the name is truncated to "setupwizard.feature.enable_wifi")
09-25 19:03:39.644 20631 20648 E libc    : The property name length for "setupwizard.feature.lifecycle_refactoring" is >= 31; please use __system_property_read_callback to read this property. (the name is truncated to "setupwizard.feature.lifecycle_r")
09-25 19:03:39.644 20631 20648 E libc    : The property name length for "setupwizard.feature.show_digital_warranty" is >= 31; please use __system_property_read_callback to read this property. (the name is truncated to "setupwizard.feature.show_digita")
09-25 19:03:39.644 20631 20648 E libc    : The property name length for "setupwizard.feature.notification_refactoring" is >= 31; please use __system_property_read_callback to read this property. (the name is truncated to "setupwizard.feature.notificatio")
09-25 19:03:39.644 20631 20648 E libc    : The property name length for "setupwizard.feature.skip_button_use_mobile_data.carrier1839" is >= 31; please use __system_property_read_callback to read this property. (the name is truncated to "setupwizard.feature.skip_button")
09-25 19:03:39.644 20631 20648 E libc    : The property name length for "setupwizard.feature.show_pai_screen_in_main_flow.carrier1839" is >= 31; please use __system_property_read_callback to read this property. (the name is truncated to "setupwizard.feature.show_pai_sc")
09-25 19:03:39.644 20631 20648 E libc    : The property name length for "persist.device_config.nnapi_native.telemetry_enable" is >= 31; please use __system_property_read_callback to read this property. (the name is truncated to "persist.device_config.nnapi_nat")
09-25 19:03:39.644 20631 20648 E libc    : The property name length for "persist.device_config.nnapi_native.current_feature_level" is >= 31; please use __system_property_read_callback to read this property. (the name is truncated to "persist.device_config.nnapi_nat")
09-25 19:03:39.644 20631 20648 E libc    : The property name length for "persist.device_config.runtime_native_boot.pin_camera" is >= 31; please use __system_property_read_callback to read this property. (the name is truncated to "persist.device_config.runtime_n")
09-25 19:03:39.644 20631 20648 E libc    : The property name length for "persist.device_config.runtime_native_boot.iorapd_options" is >= 31; please use __system_property_read_callback to read this property. (the name is truncated to "persist.device_config.runtime_n")
09-25 19:03:39.644 20631 20648 E libc    : The property name length for "persist.device_config.runtime_native_boot.use_generational_gc" is >= 31; please use __system_property_read_callback to read this property. (the name is truncated to "persist.device_config.runtime_n")
09-25 19:03:39.644 20631 20648 E libc    : The property name length for "persist.device_config.runtime_native_boot.force_disable_uffd_gc" is >= 31; please use __system_property_read_callback to read this property. (the name is truncated to "persist.device_config.runtime_n")
09-25 19:03:39.644 20631 20648 E libc    : The property name length for "persist.device_config.runtime_native_boot.iorap_perfetto_enable" is >= 31; please use __system_property_read_callback to read this property. (the name is truncated to "persist.device_config.runtime_n")
09-25 19:03:39.644 20631 20648 E libc    : The property name length for "persist.device_config.runtime_native_boot.disable_lock_profiling" is >= 31; please use __system_property_read_callback to read this property. (the name is truncated to "persist.device_config.runtime_n")
09-25 19:03:39.644 20631 20648 E libc    : The property name length for "persist.device_config.runtime_native_boot.iorap_readahead_enable" is >= 31; please use __system_property_read_callback to read this property. (the name is truncated to "persist.device_config.runtime_n")
09-25 19:03:39.644 20631 20648 E libc    : The property name length for "persist.device_config.runtime_native_boot.iorap_blacklisted_packages" is >= 31; please use __system_property_read_callback to read this property. (the name is truncated to "persist.device_config.runtime_n")
09-25 19:03:39.644 20631 20648 E libc    : The property name length for "persist.device_config.runtime_native.metrics.reporting-mods" is >= 31; please use __system_property_read_callback to read this property. (the name is truncated to "persist.device_config.runtime_n")
09-25 19:03:39.644 20631 20648 E libc    : The property name length for "persist.device_config.runtime_native.metrics.reporting-spec" is >= 31; please use __system_property_read_callback to read this property. (the name is truncated to "persist.device_config.runtime_n")
09-25 19:03:39.644 20631 20648 E libc    : The property name length for "persist.device_config.runtime_native.metrics.write-to-statsd" is >= 31; please use __system_property_read_callback to read this property. (the name is truncated to "persist.device_config.runtime_n")
09-25 19:03:39.644 20631 20648 E libc    : The property name length for "persist.device_config.runtime_native.metrics.reporting-num-mods" is >= 31; please use __system_property_read_callback to read this property. (the name is truncated to "persist.device_config.runtime_n")
09-25 19:03:39.644 20631 20648 E libc    : The property name length for "persist.device_config.runtime_native.metrics.reporting-mods-server" is >= 31; please use __system_property_read_callback to read this property. (the name is truncated to "persist.device_config.runtime_n")
09-25 19:03:39.644 20631 20648 E libc    : The property name length for "persist.device_config.runtime_native.metrics.reporting-spec-server" is >= 31; please use __system_property_read_callback to read this property. (the name is truncated to "persist.device_config.runtime_n")
09-25 19:03:39.644 20631 20648 E libc    : The property name length for "persist.device_config.runtime_native.metrics.reporting-num-mods-server" is >= 31; please use __system_property_read_callback to read this property. (the name is truncated to "persist.device_config.runtime_n")
09-25 19:03:39.644 20631 20648 E libc    : The property name length for "persist.device_config.runtime_native.use_app_image_startup_cache" is >= 31; please use __system_property_read_callback to read this property. (the name is truncated to "persist.device_config.runtime_n")
09-25 19:03:39.644 20631 20648 E libc    : The property name length for "pm.dexopt.install-bulk-secondary" is >= 31; please use __system_property_read_callback to read this property. (the name is truncated to "pm.dexopt.install-bulk-secondar")
09-25 19:03:39.644 20631 20648 E libc    : The property name length for "pm.dexopt.install-bulk-downgraded" is >= 31; please use __system_property_read_callback to read this property. (the name is truncated to "pm.dexopt.install-bulk-downgrad")
09-25 19:03:39.644 20631 20648 E libc    : The property name length for "pm.dexopt.boot-after-mainline-update" is >= 31; please use __system_property_read_callback to read this property. (the name is truncated to "pm.dexopt.boot-after-mainline-u")
09-25 19:03:39.644 20631 20648 E libc    : The property name length for "pm.dexopt.install-bulk-secondary-downgraded" is >= 31; please use __system_property_read_callback to read this property. (the name is truncated to "pm.dexopt.install-bulk-secondar")
09-25 19:03:39.644 20631 20648 E libc    : The property name length for "ro.oplus.image.my_engineering.type" is >= 31; please use __system_property_read_callback to read this property. (the name is truncated to "ro.oplus.image.my_engineering.t")
09-25 19:03:39.644 20631 20648 E libc    : The property name length for "ro.vendor.audio.dolby.dax.support" is >= 31; please use __system_property_read_callback to read this property. (the name is truncated to "ro.vendor.audio.dolby.dax.suppo")
09-25 19:03:39.644 20631 20648 E libc    : The property name length for "ro.vendor.audio.dolby.surround.enable" is >= 31; please use __system_property_read_callback to read this property. (the name is truncated to "ro.vendor.audio.dolby.surround.")
09-25 19:03:39.644 20631 20648 E libc    : The property name length for "audio.sys.offload.pstimeout.secs" is >= 31; please use __system_property_read_callback to read this property. (the name is truncated to "audio.sys.offload.pstimeout.sec")
09-25 19:03:39.644 20631 20648 E libc    : The property name length for "persist.radio.oplus.qcrild_start" is >= 31; please use __system_property_read_callback to read this property. (the name is truncated to "persist.radio.oplus.qcrild_star")
09-25 19:03:39.644 20631 20648 E libc    : The property "ro.build.fingerprint" has a value with length 94 that is too large for __system_property_get()/__system_property_read(); use __system_property_read_callback() instead.
09-25 19:03:39.644 20631 20631 E ashmem  : Pinning is deprecated since Android Q. Please use trim or other methods.
09-25 19:03:39.644 20631 20648 E libc    : The property name length for "ro.boot.hypervisor.protected_vm.supported" is >= 31; please use __system_property_read_callback to read this property. (the name is truncated to "ro.boot.hypervisor.protected_vm")
09-25 19:03:39.645 20631 20648 E libc    : The property name length for "init.svc.oplus.hal.cammidasservice-1-0" is >= 31; please use __system_property_read_callback to read this property. (the name is truncated to "init.svc.oplus.hal.cammidasserv")
09-25 19:03:39.645 20631 20648 E libc    : The property name length for "init.svc.oplus.performance.hal.service" is >= 31; please use __system_property_read_callback to read this property. (the name is truncated to "init.svc.oplus.performance.hal.")
09-25 19:03:39.645 20631 20648 E libc    : The property name length for "init.svc.vendor_qti_graphics_boot" is >= 31; please use __system_property_read_callback to read this property. (the name is truncated to "init.svc.vendor_qti_graphics_bo")
09-25 19:03:39.645 20631 20648 E libc    : The property name length for "init.svc.oplus_charger_hal_service" is >= 31; please use __system_property_read_callback to read this property. (the name is truncated to "init.svc.oplus_charger_hal_serv")
09-25 19:03:39.645 20631 20648 E libc    : The property name length for "init.svc.boringssl_self_test_apex64" is >= 31; please use __system_property_read_callback to read this property. (the name is truncated to "init.svc.boringssl_self_test_ap")
09-25 19:03:39.645 20631 20648 E libc    : The property name length for "init.svc.displaypanelfeature-service" is >= 31; please use __system_property_read_callback to read this property. (the name is truncated to "init.svc.displaypanelfeature-se")
09-25 19:03:39.645 20631 20648 E libc    : The property name length for "init.svc.profcollectctl_set_property" is >= 31; please use __system_property_read_callback to read this property. (the name is truncated to "init.svc.profcollectctl_set_pro")
09-25 19:03:39.645 20631 20648 E libc    : The property name length for "init.svc.vendor-qti-media-c2-hal-1-0" is >= 31; please use __system_property_read_callback to read this property. (the name is truncated to "init.svc.vendor-qti-media-c2-ha")
09-25 19:03:39.645 20631 20648 E libc    : The property name length for "init.svc.boringssl_self_test64_vendor" is >= 31; please use __system_property_read_callback to read this property. (the name is truncated to "init.svc.boringssl_self_test64_")
09-25 19:03:39.645 20631 20648 E libc    : The property name length for "init.svc.system_aconfigd_platform_init" is >= 31; please use __system_property_read_callback to read this property. (the name is truncated to "init.svc.system_aconfigd_platfo")
09-25 19:03:39.645 20631 20648 E libc    : The property name length for "init.svc.vendor-dolby-media-c2-hal-1-0" is >= 31; please use __system_property_read_callback to read this property. (the name is truncated to "init.svc.vendor-dolby-media-c2-")
09-25 19:03:39.645 20631 20648 E libc    : The property name length for "init.svc.system_aconfigd_socket_service" is >= 31; please use __system_property_read_callback to read this property. (the name is truncated to "init.svc.system_aconfigd_socket")
09-25 19:03:39.645 20631 20648 E libc    : The property name length for "init.svc.mainline_aconfigd_socket_service" is >= 31; please use __system_property_read_callback to read this property. (the name is truncated to "init.svc.mainline_aconfigd_sock")
09-25 19:03:39.645 20631 20648 E libc    : The property name length for "init.svc.vendor-qti-media-c2audio-hal-1-0" is >= 31; please use __system_property_read_callback to read this property. (the name is truncated to "init.svc.vendor-qti-media-c2aud")
09-25 19:03:39.645 20631 20648 E libc    : The property name length for "init.svc.early_system_aconfigd_platform_init" is >= 31; please use __system_property_read_callback to read this property. (the name is truncated to "init.svc.early_system_aconfigd_")
09-25 19:03:39.645 20631 20648 E libc    : The property name length for "init.svc.perfetto_persistent_sysui_tracing_for_bugreport" is >= 31; please use __system_property_read_callback to read this property. (the name is truncated to "init.svc.perfetto_persistent_sy")
09-25 19:03:39.645 20631 20648 E libc    : The property name length for "media.recorder.show_manufacturer_and_model" is >= 31; please use __system_property_read_callback to read this property. (the name is truncated to "media.recorder.show_manufacture")
09-25 19:03:39.645 20631 20648 E libc    : The property name length for "media.stagefright.thumbnail.prefer_hw_codecs" is >= 31; please use __system_property_read_callback to read this property. (the name is truncated to "media.stagefright.thumbnail.pre")
09-25 19:03:39.645 20631 20648 E libc    : The property name length for "ro.media.xml_variant.codecs_performance" is >= 31; please use __system_property_read_callback to read this property. (the name is truncated to "ro.media.xml_variant.codecs_per")
09-25 19:03:39.646 20631 20648 E libc    : The property name length for "build.version.extensions.ad_services" is >= 31; please use __system_property_read_callback to read this property. (the name is truncated to "build.version.extensions.ad_ser")
09-25 19:03:39.646 20631 20648 E libc    : The property name length for "persist.sys.native_binder_stats.enabled" is >= 31; please use __system_property_read_callback to read this property. (the name is truncated to "persist.sys.native_binder_stats")
09-25 19:03:39.646 20631 20648 E libc    : The property name length for "persist.sys.native_binder_stats.call_sharding" is >= 31; please use __system_property_read_callback to read this property. (the name is truncated to "persist.sys.native_binder_stats")
09-25 19:03:39.646 20631 20648 E libc    : The property name length for "persist.sys.native_binder_stats.spam_sharding" is >= 31; please use __system_property_read_callback to read this property. (the name is truncated to "persist.sys.native_binder_stats")
09-25 19:03:39.646 20631 20648 E libc    : The property name length for "persist.sys.native_binder_stats.process_sharding" is >= 31; please use __system_property_read_callback to read this property. (the name is truncated to "persist.sys.native_binder_stats")
09-25 19:03:39.646 20631 20648 E libc    : The property name length for "persist.sys.native_binder_stats.system_call_sharding" is >= 31; please use __system_property_read_callback to read this property. (the name is truncated to "persist.sys.native_binder_stats")
09-25 19:03:39.646 20631 20648 E libc    : The property name length for "persist.sys.native_binder_stats.system_spam_sharding" is >= 31; please use __system_property_read_callback to read this property. (the name is truncated to "persist.sys.native_binder_stats")
09-25 19:03:39.646 20631 20648 E libc    : The property name length for "persist.sys.native_binder_stats.system_process_sharding" is >= 31; please use __system_property_read_callback to read this property. (the name is truncated to "persist.sys.native_binder_stats")
09-25 19:03:39.646 20631 20648 E libc    : The property "ro.product.ab_ota_partitions" has a value with length 335 that is too large for __system_property_get()/__system_property_read(); use __system_property_read_callback() instead.
09-25 19:03:39.646 20631 20648 E libc    : The property name length for "setupwizard.feature.show_pixel_tos" is >= 31; please use __system_property_read_callback to read this property. (the name is truncated to "setupwizard.feature.show_pixel_")
09-25 19:03:39.646 20631 20648 E libc    : The property name length for "setupwizard.feature.portal_notification" is >= 31; please use __system_property_read_callback to read this property. (the name is truncated to "setupwizard.feature.portal_noti")
09-25 19:03:39.646 20631 20648 E libc    : The property name length for "setupwizard.feature.predeferred_enabled" is >= 31; please use __system_property_read_callback to read this property. (the name is truncated to "setupwizard.feature.predeferred")
09-25 19:03:39.646 20631 20648 E libc    : The property name length for "setupwizard.feature.day_night_mode_enabled" is >= 31; please use __system_property_read_callback to read this property. (the name is truncated to "setupwizard.feature.day_night_m")
09-25 19:03:39.646 20631 20648 E libc    : The property name length for "setupwizard.feature.baseline_setupwizard_enabled" is >= 31; please use __system_property_read_callback to read this property. (the name is truncated to "setupwizard.feature.baseline_se")
09-25 19:03:39.646 20631 20648 E libc    : The property name length for "setupwizard.enable_assist_gesture_training" is >= 31; please use __system_property_read_callback to read this property. (the name is truncated to "setupwizard.enable_assist_gestu")
09-25 19:03:39.646 20631 20648 E libc    : The property name length for "ro.surface_flinger.has_HDR_display" is >= 31; please use __system_property_read_callback to read this property. (the name is truncated to "ro.surface_flinger.has_HDR_disp")
09-25 19:03:39.646 20631 20648 E libc    : The property name length for "ro.surface_flinger.set_idle_timer_ms" is >= 31; please use __system_property_read_callback to read this property. (the name is truncated to "ro.surface_flinger.set_idle_tim")
09-25 19:03:39.646 20631 20648 E libc    : The property name length for "ro.surface_flinger.protected_contents" is >= 31; please use __system_property_read_callback to read this property. (the name is truncated to "ro.surface_flinger.protected_co")
09-25 19:03:39.647 20631 20648 E libc    : The property name length for "ro.surface_flinger.set_touch_timer_ms" is >= 31; please use __system_property_read_callback to read this property. (the name is truncated to "ro.surface_flinger.set_touch_ti")
09-25 19:03:39.647 20631 20648 E libc    : The property name length for "ro.surface_flinger.use_color_management" is >= 31; please use __system_property_read_callback to read this property. (the name is truncated to "ro.surface_flinger.use_color_ma")
09-25 19:03:39.647 20631 20648 E libc    : The property name length for "ro.surface_flinger.has_wide_color_display" is >= 31; please use __system_property_read_callback to read this property. (the name is truncated to "ro.surface_flinger.has_wide_col")
09-25 19:03:39.647 20631 20648 E libc    : The property name length for "ro.surface_flinger.supports_background_blur" is >= 31; please use __system_property_read_callback to read this property. (the name is truncated to "ro.surface_flinger.supports_bac")
09-25 19:03:39.647 20631 20648 E libc    : The property name length for "ro.surface_flinger.wcg_composition_dataspace" is >= 31; please use __system_property_read_callback to read this property. (the name is truncated to "ro.surface_flinger.wcg_composit")
09-25 19:03:39.647 20631 20648 E libc    : The property name length for "ro.surface_flinger.set_display_power_timer_ms" is >= 31; please use __system_property_read_callback to read this property. (the name is truncated to "ro.surface_flinger.set_display_")
09-25 19:03:39.647 20631 20648 E libc    : The property name length for "ro.surface_flinger.max_virtual_display_dimension" is >= 31; please use __system_property_read_callback to read this property. (the name is truncated to "ro.surface_flinger.max_virtual_")
09-25 19:03:39.647 20631 20648 E libc    : The property name length for "ro.surface_flinger.game_default_frame_rate_override" is >= 31; please use __system_property_read_callback to read this property. (the name is truncated to "ro.surface_flinger.game_default")
09-25 19:03:39.647 20631 20648 E libc    : The property name length for "ro.surface_flinger.clear_slots_with_set_layer_buffer" is >= 31; please use __system_property_read_callback to read this property. (the name is truncated to "ro.surface_flinger.clear_slots_")
09-25 19:03:39.647 20631 20648 E libc    : The property name length for "ro.surface_flinger.max_frame_buffer_acquired_buffers" is >= 31; please use __system_property_read_callback to read this property. (the name is truncated to "ro.surface_flinger.max_frame_bu")
09-25 19:03:39.647 20631 20648 E libc    : The property name length for "ro.surface_flinger.force_hwc_copy_for_virtual_displays" is >= 31; please use __system_property_read_callback to read this property. (the name is truncated to "ro.surface_flinger.force_hwc_co")
09-25 19:03:39.647 20631 20648 E libc    : The property name length for "ro.surface_flinger.use_content_detection_for_refresh_rate" is >= 31; please use __system_property_read_callback to read this property. (the name is truncated to "ro.surface_flinger.use_content_")
09-25 19:03:39.647 20631 20648 E libc    : The property name length for "dev.mnt.blk.mnt.vendor.oplusreserve" is >= 31; please use __system_property_read_callback to read this property. (the name is truncated to "dev.mnt.blk.mnt.vendor.oplusres")
09-25 19:03:39.647 20631 20648 E libc    : The property name length for "dev.mnt.blk.data_mirror.data_ce.null" is >= 31; please use __system_property_read_callback to read this property. (the name is truncated to "dev.mnt.blk.data_mirror.data_ce")
09-25 19:03:39.647 20631 20648 E libc    : The property name length for "dev.mnt.blk.data_mirror.data_ce.null.0" is >= 31; please use __system_property_read_callback to read this property. (the name is truncated to "dev.mnt.blk.data_mirror.data_ce")
09-25 19:03:39.647 20631 20648 E libc    : The property name length for "dev.mnt.blk.data_mirror.data_de.null" is >= 31; please use __system_property_read_callback to read this property. (the name is truncated to "dev.mnt.blk.data_mirror.data_de")
09-25 19:03:39.647 20631 20648 E libc    : The property name length for "dev.mnt.blk.data_mirror.misc_ce.null" is >= 31; please use __system_property_read_callback to read this property. (the name is truncated to "dev.mnt.blk.data_mirror.misc_ce")
09-25 19:03:39.647 20631 20648 E libc    : The property name length for "dev.mnt.blk.data_mirror.misc_de.null" is >= 31; please use __system_property_read_callback to read this property. (the name is truncated to "dev.mnt.blk.data_mirror.misc_de")
09-25 19:03:39.647 20631 20648 E libc    : The property name length for "dev.mnt.blk.data_mirror.cur_profiles" is >= 31; please use __system_property_read_callback to read this property. (the name is truncated to "dev.mnt.blk.data_mirror.cur_pro")
09-25 19:03:39.647 20631 20648 E libc    : The property name length for "dev.mnt.blk.data_mirror.ref_profiles" is >= 31; please use __system_property_read_callback to read this property. (the name is truncated to "dev.mnt.blk.data_mirror.ref_pro")
09-25 19:03:39.647 20631 20648 E libc    : The property name length for "dev.mnt.blk.data_mirror.storage_area" is >= 31; please use __system_property_read_callback to read this property. (the name is truncated to "dev.mnt.blk.data_mirror.storage")
09-25 19:03:39.647 20631 20648 E libc    : The property name length for "dev.mnt.dev.mnt.vendor.oplusreserve" is >= 31; please use __system_property_read_callback to read this property. (the name is truncated to "dev.mnt.dev.mnt.vendor.oplusres")
09-25 19:03:39.647 20631 20648 E libc    : The property name length for "dev.mnt.dev.data_mirror.data_ce.null" is >= 31; please use __system_property_read_callback to read this property. (the name is truncated to "dev.mnt.dev.data_mirror.data_ce")
09-25 19:03:39.647 20631 20648 E libc    : The property name length for "dev.mnt.dev.data_mirror.data_ce.null.0" is >= 31; please use __system_property_read_callback to read this property. (the name is truncated to "dev.mnt.dev.data_mirror.data_ce")
09-25 19:03:39.647 20631 20648 E libc    : The property name length for "dev.mnt.dev.data_mirror.data_de.null" is >= 31; please use __system_property_read_callback to read this property. (the name is truncated to "dev.mnt.dev.data_mirror.data_de")
09-25 19:03:39.647 20631 20648 E libc    : The property name length for "dev.mnt.dev.data_mirror.misc_ce.null" is >= 31; please use __system_property_read_callback to read this property. (the name is truncated to "dev.mnt.dev.data_mirror.misc_ce")
09-25 19:03:39.647 20631 20648 E libc    : The property name length for "dev.mnt.dev.data_mirror.misc_de.null" is >= 31; please use __system_property_read_callback to read this property. (the name is truncated to "dev.mnt.dev.data_mirror.misc_de")
09-25 19:03:39.647 20631 20648 E libc    : The property name length for "dev.mnt.dev.data_mirror.cur_profiles" is >= 31; please use __system_property_read_callback to read this property. (the name is truncated to "dev.mnt.dev.data_mirror.cur_pro")
09-25 19:03:39.647 20631 20648 E libc    : The property name length for "dev.mnt.dev.data_mirror.ref_profiles" is >= 31; please use __system_property_read_callback to read this property. (the name is truncated to "dev.mnt.dev.data_mirror.ref_pro")
09-25 19:03:39.647 20631 20648 E libc    : The property name length for "dev.mnt.dev.data_mirror.storage_area" is >= 31; please use __system_property_read_callback to read this property. (the name is truncated to "dev.mnt.dev.data_mirror.storage")
09-25 19:03:39.647 20631 20648 E libc    : The property name length for "dev.mnt.rootdisk.mnt.vendor.qmcs" is >= 31; please use __system_property_read_callback to read this property. (the name is truncated to "dev.mnt.rootdisk.mnt.vendor.qmc")
09-25 19:03:39.647 20631 20648 E libc    : The property name length for "dev.mnt.rootdisk.mnt.vendor.spunvm" is >= 31; please use __system_property_read_callback to read this property. (the name is truncated to "dev.mnt.rootdisk.mnt.vendor.spu")
09-25 19:03:39.647 20631 20648 E libc    : The property name length for "dev.mnt.rootdisk.mnt.vendor.persist" is >= 31; please use __system_property_read_callback to read this property. (the name is truncated to "dev.mnt.rootdisk.mnt.vendor.per")
09-25 19:03:39.647 20631 20648 E libc    : The property name length for "dev.mnt.rootdisk.mnt.vendor.oplusreserve" is >= 31; please use __system_property_read_callback to read this property. (the name is truncated to "dev.mnt.rootdisk.mnt.vendor.opl")
09-25 19:03:39.647 20631 20648 E libc    : The property name length for "dev.mnt.rootdisk.vendor.bt_firmware" is >= 31; please use __system_property_read_callback to read this property. (the name is truncated to "dev.mnt.rootdisk.vendor.bt_firm")
09-25 19:03:39.647 20631 20648 E libc    : The property name length for "dev.mnt.rootdisk.vendor.firmware_mnt" is >= 31; please use __system_property_read_callback to read this property. (the name is truncated to "dev.mnt.rootdisk.vendor.firmwar")
09-25 19:03:39.648 20631 20648 E libc    : The property name length for "dev.mnt.rootdisk.data_mirror.data_ce.null" is >= 31; please use __system_property_read_callback to read this property. (the name is truncated to "dev.mnt.rootdisk.data_mirror.da")
09-25 19:03:39.648 20631 20648 E libc    : The property name length for "dev.mnt.rootdisk.data_mirror.data_ce.null.0" is >= 31; please use __system_property_read_callback to read this property. (the name is truncated to "dev.mnt.rootdisk.data_mirror.da")
09-25 19:03:39.648 20631 20648 E libc    : The property name length for "dev.mnt.rootdisk.data_mirror.data_de.null" is >= 31; please use __system_property_read_callback to read this property. (the name is truncated to "dev.mnt.rootdisk.data_mirror.da")
09-25 19:03:39.648 20631 20648 E libc    : The property name length for "dev.mnt.rootdisk.data_mirror.misc_ce.null" is >= 31; please use __system_property_read_callback to read this property. (the name is truncated to "dev.mnt.rootdisk.data_mirror.mi")
09-25 19:03:39.648 20631 20648 E libc    : The property name length for "dev.mnt.rootdisk.data_mirror.misc_de.null" is >= 31; please use __system_property_read_callback to read this property. (the name is truncated to "dev.mnt.rootdisk.data_mirror.mi")
09-25 19:03:39.648 20631 20648 E libc    : The property name length for "dev.mnt.rootdisk.data_mirror.cur_profiles" is >= 31; please use __system_property_read_callback to read this property. (the name is truncated to "dev.mnt.rootdisk.data_mirror.cu")
09-25 19:03:39.648 20631 20648 E libc    : The property name length for "dev.mnt.rootdisk.data_mirror.ref_profiles" is >= 31; please use __system_property_read_callback to read this property. (the name is truncated to "dev.mnt.rootdisk.data_mirror.re")
09-25 19:03:39.648 20631 20648 E libc    : The property name length for "dev.mnt.rootdisk.data_mirror.storage_area" is >= 31; please use __system_property_read_callback to read this property. (the name is truncated to "dev.mnt.rootdisk.data_mirror.st")
09-25 19:03:39.648 20631 20648 E libc    : The property name length for "sys.bootstat.first_boot_completed" is >= 31; please use __system_property_read_callback to read this property. (the name is truncated to "sys.bootstat.first_boot_complet")
09-25 19:03:39.648 20631 20648 E libc    : The property name length for "sys.brightness.disable_gamma_conversion" is >= 31; please use __system_property_read_callback to read this property. (the name is truncated to "sys.brightness.disable_gamma_co")
09-25 19:03:39.648 20631 20648 E libc    : The property name length for "sys.lineage_settings_system_version" is >= 31; please use __system_property_read_callback to read this property. (the name is truncated to "sys.lineage_settings_system_ver")
09-25 19:03:39.648 20631 20648 E libc    : The property name length for "persist.sys.fuse.passthrough.enable" is >= 31; please use __system_property_read_callback to read this property. (the name is truncated to "persist.sys.fuse.passthrough.en")
09-25 19:03:39.648 20631 20648 E libc    : The property name length for "persist.sys.fflag.override.settings_bluetooth_hearing_aid" is >= 31; please use __system_property_read_callback to read this property. (the name is truncated to "persist.sys.fflag.override.sett")
09-25 19:03:39.648 20631 20648 E libc    : The property name length for "persist.sys.compact_heads_up_notification.always_show" is >= 31; please use __system_property_read_callback to read this property. (the name is truncated to "persist.sys.compact_heads_up_no")
09-25 19:03:39.648 20631 20648 E libc    : The property name length for "telephony.active_modems.max_count" is >= 31; please use __system_property_read_callback to read this property. (the name is truncated to "telephony.active_modems.max_cou")
09-25 19:03:39.648 20631 20648 E libc    : The property name length for "vendor.perf.framepacing.window_apis" is >= 31; please use __system_property_read_callback to read this property. (the name is truncated to "vendor.perf.framepacing.window_")
09-25 19:03:39.648 20631 20648 E libc    : The property name length for "ro.vendor.oplus.camera.backCamSize" is >= 31; please use __system_property_read_callback to read this property. (the name is truncated to "ro.vendor.oplus.camera.backCamS")
09-25 19:03:39.648 20631 20648 E libc    : The property name length for "ro.vendor.oplus.camera.frontCamSize" is >= 31; please use __system_property_read_callback to read this property. (the name is truncated to "ro.vendor.oplus.camera.frontCam")
09-25 19:03:39.648 20631 20648 E libc    : The property name length for "ro.vendor.oplus.camera.isSupportExplorer" is >= 31; please use __system_property_read_callback to read this property. (the name is truncated to "ro.vendor.oplus.camera.isSuppor")
09-25 19:03:39.648 20631 20648 E libc    : The property name length for "ro.vendor.oplus.camera.isHasselbladCamera" is >= 31; please use __system_property_read_callback to read this property. (the name is truncated to "ro.vendor.oplus.camera.isHassel")
09-25 19:03:39.648 20631 20648 E libc    : The property name length for "persist.vendor.camera.enableIPEDelayedAllocation" is >= 31; please use __system_property_read_callback to read this property. (the name is truncated to "persist.vendor.camera.enableIPE")
09-25 19:03:39.648 20631 20648 E libc    : The property name length for "vendor.display.disable_excl_rect" is >= 31; please use __system_property_read_callback to read this property. (the name is truncated to "vendor.display.disable_excl_rec")
09-25 19:03:39.648 20631 20648 E libc    : The property name length for "vendor.display.enable_fb_scaling" is >= 31; please use __system_property_read_callback to read this property. (the name is truncated to "vendor.display.enable_fb_scalin")
09-25 19:03:39.649 20631 20648 E libc    : The property name length for "vendor.display.enable_rc_support" is >= 31; please use __system_property_read_callback to read this property. (the name is truncated to "vendor.display.enable_rc_suppor")
09-25 19:03:39.649 20631 20648 E libc    : The property name length for "vendor.display.enable_rotator_ui" is >= 31; please use __system_property_read_callback to read this property. (the name is truncated to "vendor.display.enable_rotator_u")
09-25 19:03:39.649 20631 20648 E libc    : The property name length for "vendor.display.enable_spec_fence" is >= 31; please use __system_property_read_callback to read this property. (the name is truncated to "vendor.display.enable_spec_fenc")
09-25 19:03:39.649 20631 20648 E libc    : The property name length for "vendor.display.force_tonemapping" is >= 31; please use __system_property_read_callback to read this property. (the name is truncated to "vendor.display.force_tonemappin")
09-25 19:03:39.649 20631 20648 E libc    : The property name length for "vendor.display.use_smooth_motion" is >= 31; please use __system_property_read_callback to read this property. (the name is truncated to "vendor.display.use_smooth_motio")
09-25 19:03:39.649 20631 20648 E libc    : The property name length for "vendor.display.smomo_game_support" is >= 31; please use __system_property_read_callback to read this property. (the name is truncated to "vendor.display.smomo_game_suppo")
09-25 19:03:39.649 20631 20648 E libc    : The property name length for "vendor.display.disable_noise_layer" is >= 31; please use __system_property_read_callback to read this property. (the name is truncated to "vendor.display.disable_noise_la")
09-25 19:03:39.649 20631 20648 E libc    : The property name length for "vendor.display.disable_sdr_dimming" is >= 31; please use __system_property_read_callback to read this property. (the name is truncated to "vendor.display.disable_sdr_dimm")
09-25 19:03:39.649 20631 20648 E libc    : The property name length for "vendor.display.disable_stc_dimming" is >= 31; please use __system_property_read_callback to read this property. (the name is truncated to "vendor.display.disable_stc_dimm")
09-25 19:03:39.649 20631 20648 E libc    : The property name length for "vendor.display.enable_early_wakeup" is >= 31; please use __system_property_read_callback to read this property. (the name is truncated to "vendor.display.enable_early_wak")
09-25 19:03:39.649 20631 20648 E libc    : The property name length for "vendor.display.timed_render_enable" is >= 31; please use __system_property_read_callback to read this property. (the name is truncated to "vendor.display.timed_render_ena")
09-25 19:03:39.649 20631 20648 E libc    : The property name length for "vendor.display.disable_sdr_histogram" is >= 31; please use __system_property_read_callback to read this property. (the name is truncated to "vendor.display.disable_sdr_hist")
09-25 19:03:39.649 20631 20648 E libc    : The property name length for "vendor.display.enable_rounded_corner" is >= 31; please use __system_property_read_callback to read this property. (the name is truncated to "vendor.display.enable_rounded_c")
09-25 19:03:39.649 20631 20648 E libc    : The property name length for "vendor.display.force_lm_to_fb_config" is >= 31; please use __system_property_read_callback to read this property. (the name is truncated to "vendor.display.force_lm_to_fb_c")
09-25 19:03:39.649 20631 20648 E libc    : The property name length for "vendor.display.scaling_dest_opt_mode" is >= 31; please use __system_property_read_callback to read this property. (the name is truncated to "vendor.display.scaling_dest_opt")
09-25 19:03:39.649 20631 20648 E libc    : The property name length for "vendor.display.disable_3d_adaptive_tm" is >= 31; please use __system_property_read_callback to read this property. (the name is truncated to "vendor.display.disable_3d_adapt")
09-25 19:03:39.649 20631 20648 E libc    : The property name length for "vendor.display.enable_async_powermode" is >= 31; please use __system_property_read_callback to read this property. (the name is truncated to "vendor.display.enable_async_pow")
09-25 19:03:39.649 20631 20648 E libc    : The property name length for "vendor.display.disable_offline_rotator" is >= 31; please use __system_property_read_callback to read this property. (the name is truncated to "vendor.display.disable_offline_")
09-25 19:03:39.649 20631 20648 E libc    : The property name length for "vendor.display.enable_dpps_dynamic_fps" is >= 31; please use __system_property_read_callback to read this property. (the name is truncated to "vendor.display.enable_dpps_dyna")
09-25 19:03:39.649 20631 20648 E libc    : The property name length for "vendor.display.enable_hdr10_gpu_target" is >= 31; please use __system_property_read_callback to read this property. (the name is truncated to "vendor.display.enable_hdr10_gpu")
09-25 19:03:39.649 20631 20648 E libc    : The property name length for "vendor.display.enable_inline_writeback" is >= 31; please use __system_property_read_callback to read this property. (the name is truncated to "vendor.display.enable_inline_wr")
09-25 19:03:39.649 20631 20648 E libc    : The property name length for "vendor.display.enable_optimize_refresh" is >= 31; please use __system_property_read_callback to read this property. (the name is truncated to "vendor.display.enable_optimize_")
09-25 19:03:39.649 20631 20648 E libc    : The property name length for "vendor.display.enable_posted_start_dyn" is >= 31; please use __system_property_read_callback to read this property. (the name is truncated to "vendor.display.enable_posted_st")
09-25 19:03:39.649 20631 20648 E libc    : The property name length for "vendor.display.scaling_source_opt_mode" is >= 31; please use __system_property_read_callback to read this property. (the name is truncated to "vendor.display.scaling_source_o")
09-25 19:03:39.649 20631 20648 E libc    : The property name length for "vendor.display.disable_hw_recovery_dump" is >= 31; please use __system_property_read_callback to read this property. (the name is truncated to "vendor.display.disable_hw_recov")
09-25 19:03:39.649 20631 20648 E libc    : The property name length for "vendor.display.enable_async_vds_creation" is >= 31; please use __system_property_read_callback to read this property. (the name is truncated to "vendor.display.enable_async_vds")
09-25 19:03:39.649 20631 20631 D nativeloader: Load /data/app/~~vxGC51Lzpu6zPVsT4jRLxg==/com.zenithblue.sambas3-BjhVtN2ysAN9NvryQroXvQ==/lib/arm64/libsambas3-android.so using class loader ns clns-9 (caller=/data/app/~~vxGC51Lzpu6zPVsT4jRLxg==/com.zenithblue.sambas3-BjhVtN2ysAN9NvryQroXvQ==/base.apk): ok
09-25 19:03:39.649 20631 20648 E libc    : The property name length for "vendor.display.enable_display_extensions" is >= 31; please use __system_property_read_callback to read this property. (the name is truncated to "vendor.display.enable_display_e")
09-25 19:03:39.649 20631 20648 E libc    : The property name length for "vendor.display.enable_allow_idle_fallback" is >= 31; please use __system_property_read_callback to read this property. (the name is truncated to "vendor.display.enable_allow_idl")
09-25 19:03:39.650 20631 20648 E libc    : The property name length for "vendor.display.enable_latch_media_content" is >= 31; please use __system_property_read_callback to read this property. (the name is truncated to "vendor.display.enable_latch_med")
09-25 19:03:39.650 20631 20648 E libc    : The property name length for "vendor.display.disable_excl_rect_partial_fb" is >= 31; please use __system_property_read_callback to read this property. (the name is truncated to "vendor.display.disable_excl_rec")
09-25 19:03:39.650 20631 20648 E libc    : The property name length for "vendor.display.enable_perf_hint_large_comp_cycle" is >= 31; please use __system_property_read_callback to read this property. (the name is truncated to "vendor.display.enable_perf_hint")
09-25 19:03:39.650 20631 20648 E libc    : The property name length for "vendor.gralloc.hw_supports_ubwcp" is >= 31; please use __system_property_read_callback to read this property. (the name is truncated to "vendor.gralloc.hw_supports_ubwc")
09-25 19:03:39.650 20631 20648 E libc    : The property name length for "vendor.gralloc.use_dma_buf_heaps" is >= 31; please use __system_property_read_callback to read this property. (the name is truncated to "vendor.gralloc.use_dma_buf_heap")
09-25 19:03:39.650 20631 20648 E libc    : The property name length for "vendor.camera.aux.packageexcludelist" is >= 31; please use __system_property_read_callback to read this property. (the name is truncated to "vendor.camera.aux.packageexclud")
09-25 19:03:39.650 20631 20648 E libc    : The property name length for "persist.vendor.camera.privapp.list" is >= 31; please use __system_property_read_callback to read this property. (the name is truncated to "persist.vendor.camera.privapp.l")
09-25 19:03:39.647 20631 20631 W ithblue.sambas3: type=1400 audit(0.0:6995747): avc:  denied  { execstack } for  scontext=u:r:untrusted_app:s0:c207,c257,c512,c768 tcontext=u:r:untrusted_app:s0:c207,c257,c512,c768 tclass=process permissive=0 app=com.zenithblue.sambas3
09-25 19:03:39.650 20631 20648 E libc    : The property name length for "persist.vendor.dpm.vndr.halservice.enable" is >= 31; please use __system_property_read_callback to read this property. (the name is truncated to "persist.vendor.dpm.vndr.halserv")
09-25 19:03:39.650 20631 20648 E libc    : The property name length for "persist.vendor.rcs.singlereg.feature" is >= 31; please use __system_property_read_callback to read this property. (the name is truncated to "persist.vendor.rcs.singlereg.fe")
09-25 19:03:39.650 20631 20648 E libc    : The property name length for "ro.crypto.metadata_init_delete_all_keys.enabled" is >= 31; please use __system_property_read_callback to read this property. (the name is truncated to "ro.crypto.metadata_init_delete_")
09-25 19:03:39.652 20631 20648 E libc    : The property name length for "cache_key.bluetooth.bluetooth_device_get_bond_state" is >= 31; please use __system_property_read_callback to read this property. (the name is truncated to "cache_key.bluetooth.bluetooth_d")
09-25 19:03:39.652 20631 20648 E libc    : The property name length for "cache_key.bluetooth.bluetooth_map_get_connection_state" is >= 31; please use __system_property_read_callback to read this property. (the name is truncated to "cache_key.bluetooth.bluetooth_m")
09-25 19:03:39.652 20631 20648 E libc    : The property name length for "cache_key.bluetooth.bluetooth_sap_get_connection_state" is >= 31; please use __system_property_read_callback to read this property. (the name is truncated to "cache_key.bluetooth.bluetooth_s")
09-25 19:03:39.652 20631 20648 E libc    : The property name length for "cache_key.bluetooth.bluetooth_adapter_get_connection_state" is >= 31; please use __system_property_read_callback to read this property. (the name is truncated to "cache_key.bluetooth.bluetooth_a")
09-25 19:03:39.652 20631 20648 E libc    : The property name length for "cache_key.bluetooth.bluetooth_adapter_get_profile_connection_state" is >= 31; please use __system_property_read_callback to read this property. (the name is truncated to "cache_key.bluetooth.bluetooth_a")
09-25 19:03:39.652 20631 20648 E libc    : The property name length for "cache_key.bluetooth.bluetooth_adapter_is_offloaded_filtering_supported" is >= 31; please use __system_property_read_callback to read this property. (the name is truncated to "cache_key.bluetooth.bluetooth_a")
09-25 19:03:39.652 20631 20648 E libc    : The property name length for "cache_key.telephony.phone_account_to_subid" is >= 31; please use __system_property_read_callback to read this property. (the name is truncated to "cache_key.telephony.phone_accou")
09-25 19:03:39.652 20631 20648 E libc    : The property name length for "cache_key.telephony.subscription_manager_service" is >= 31; please use __system_property_read_callback to read this property. (the name is truncated to "cache_key.telephony.subscriptio")
09-25 19:03:39.652 20631 20648 E libc    : The property name length for "bluetooth.device.class_of_device" is >= 31; please use __system_property_read_callback to read this property. (the name is truncated to "bluetooth.device.class_of_devic")
09-25 19:03:39.652 20631 20648 E libc    : The property name length for "bluetooth.profile.bap.unicast.client.enabled" is >= 31; please use __system_property_read_callback to read this property. (the name is truncated to "bluetooth.profile.bap.unicast.c")
09-25 19:03:39.652 20631 20648 E libc    : The property name length for "bluetooth.profile.bap.broadcast.assist.enabled" is >= 31; please use __system_property_read_callback to read this property. (the name is truncated to "bluetooth.profile.bap.broadcast")
09-25 19:03:39.652 20631 20648 E libc    : The property name length for "bluetooth.profile.bap.broadcast.source.enabled" is >= 31; please use __system_property_read_callback to read this property. (the name is truncated to "bluetooth.profile.bap.broadcast")
09-25 19:03:39.652 20631 20648 E libc    : The property name length for "bluetooth.profile.bas.client.enabled" is >= 31; please use __system_property_read_callback to read this property. (the name is truncated to "bluetooth.profile.bas.client.en")
09-25 19:03:39.652 20631 20648 E libc    : The property name length for "bluetooth.profile.ccp.server.enabled" is >= 31; please use __system_property_read_callback to read this property. (the name is truncated to "bluetooth.profile.ccp.server.en")
09-25 19:03:39.652 20631 20648 E libc    : The property name length for "bluetooth.profile.hap.client.enabled" is >= 31; please use __system_property_read_callback to read this property. (the name is truncated to "bluetooth.profile.hap.client.en")
09-25 19:03:39.652 20631 20648 E libc    : The property name length for "bluetooth.profile.hfp.ag.enabled" is >= 31; please use __system_property_read_callback to read this property. (the name is truncated to "bluetooth.profile.hfp.ag.enable")
09-25 19:03:39.652 20631 20648 E libc    : The property name length for "bluetooth.profile.hid.host.enabled" is >= 31; please use __system_property_read_callback to read this property. (the name is truncated to "bluetooth.profile.hid.host.enab")
09-25 19:03:39.652 20631 20648 E libc    : The property name length for "bluetooth.profile.hid.device.enabled" is >= 31; please use __system_property_read_callback to read this property. (the name is truncated to "bluetooth.profile.hid.device.en")
09-25 19:03:39.652 20631 20648 E libc    : The property name length for "bluetooth.profile.map.server.enabled" is >= 31; please use __system_property_read_callback to read this property. (the name is truncated to "bluetooth.profile.map.server.en")
09-25 19:03:39.652 20631 20648 E libc    : The property name length for "bluetooth.profile.pan.nap.enabled" is >= 31; please use __system_property_read_callback to read this property. (the name is truncated to "bluetooth.profile.pan.nap.enabl")
09-25 19:03:39.652 20631 20648 E libc    : The property name length for "bluetooth.profile.pan.panu.enabled" is >= 31; please use __system_property_read_callback to read this property. (the name is truncated to "bluetooth.profile.pan.panu.enab")
09-25 19:03:39.652 20631 20648 E libc    : The property name length for "bluetooth.profile.vcp.controller.enabled" is >= 31; please use __system_property_read_callback to read this property. (the name is truncated to "bluetooth.profile.vcp.controlle")
09-25 19:03:39.652 20631 20648 E libc    : The property name length for "bluetooth.profile.a2dp.source.enabled" is >= 31; please use __system_property_read_callback to read this property. (the name is truncated to "bluetooth.profile.a2dp.source.e")
09-25 19:03:39.652 20631 20648 E libc    : The property name length for "bluetooth.profile.asha.central.enabled" is >= 31; please use __system_property_read_callback to read this property. (the name is truncated to "bluetooth.profile.asha.central.")
09-25 19:03:39.652 20631 20648 E libc    : The property name length for "bluetooth.profile.csip.set_coordinator.enabled" is >= 31; please use __system_property_read_callback to read this property. (the name is truncated to "bluetooth.profile.csip.set_coor")
09-25 19:03:39.652 20631 20648 E libc    : The property name length for "bluetooth.profile.pbap.server.enabled" is >= 31; please use __system_property_read_callback to read this property. (the name is truncated to "bluetooth.profile.pbap.server.e")
09-25 19:03:39.652 20631 20648 E libc    : The property name length for "bluetooth.profile.avrcp.target.enabled" is >= 31; please use __system_property_read_callback to read this property. (the name is truncated to "bluetooth.profile.avrcp.target.")
09-25 19:03:39.652 20631 20648 E libc    : The property name length for "bluetooth.hardware.power.rx_cur_ma" is >= 31; please use __system_property_read_callback to read this property. (the name is truncated to "bluetooth.hardware.power.rx_cur")
09-25 19:03:39.652 20631 20648 E libc    : The property name length for "bluetooth.hardware.power.tx_cur_ma" is >= 31; please use __system_property_read_callback to read this property. (the name is truncated to "bluetooth.hardware.power.tx_cur")
09-25 19:03:39.652 20631 20648 E libc    : The property name length for "bluetooth.hardware.power.idle_cur_ma" is >= 31; please use __system_property_read_callback to read this property. (the name is truncated to "bluetooth.hardware.power.idle_c")
09-25 19:03:39.652 20631 20648 E libc    : The property name length for "bluetooth.hardware.power.operating_voltage_mv" is >= 31; please use __system_property_read_callback to read this property. (the name is truncated to "bluetooth.hardware.power.operat")
09-25 19:03:39.652 20631 20648 E libc    : The property name length for "ro.odm.build.version.incremental" is >= 31; please use __system_property_read_callback to read this property. (the name is truncated to "ro.odm.build.version.incrementa")
09-25 19:03:39.652 20631 20648 E libc    : The property "ro.odm.build.fingerprint" has a value with length 94 that is too large for __system_property_get()/__system_property_read(); use __system_property_read_callback() instead.
09-25 19:03:39.652 20631 20648 E libc    : The property name length for "ro.odm.build.media_performance_class" is >= 31; please use __system_property_read_callback to read this property. (the name is truncated to "ro.odm.build.media_performance_")
09-25 19:03:39.652 20631 20648 E libc    : The property name length for "ro.build.version.release_or_codename" is >= 31; please use __system_property_read_callback to read this property. (the name is truncated to "ro.build.version.release_or_cod")
09-25 19:03:39.652 20631 20648 E libc    : The property name length for "ro.build.version.preview_sdk_fingerprint" is >= 31; please use __system_property_read_callback to read this property. (the name is truncated to "ro.build.version.preview_sdk_fi")
09-25 19:03:39.652 20631 20648 E libc    : The property name length for "ro.build.version.min_supported_target_sdk" is >= 31; please use __system_property_read_callback to read this property. (the name is truncated to "ro.build.version.min_supported_")
09-25 19:03:39.652 20631 20648 E libc    : The property name length for "ro.build.backported_fixes.alias_bitset.long_list" is >= 31; please use __system_property_read_callback to read this property. (the name is truncated to "ro.build.backported_fixes.alias")
09-25 19:03:39.652 20631 20648 E libc    : The property name length for "ro.system.build.version.incremental" is >= 31; please use __system_property_read_callback to read this property. (the name is truncated to "ro.system.build.version.increme")
09-25 19:03:39.652 20631 20648 E libc    : The property name length for "ro.system.build.version.release_or_codename" is >= 31; please use __system_property_read_callback to read this property. (the name is truncated to "ro.system.build.version.release")
09-25 19:03:39.652 20631 20648 E libc    : The property "ro.system.build.fingerprint" has a value with length 94 that is too large for __system_property_get()/__system_property_read(); use __system_property_read_callback() instead.
09-25 19:03:39.652 20631 20648 E libc    : The property name length for "ro.product.build.version.release" is >= 31; please use __system_property_read_callback to read this property. (the name is truncated to "ro.product.build.version.releas")
09-25 19:03:39.652 20631 20648 E libc    : The property name length for "ro.product.build.version.incremental" is >= 31; please use __system_property_read_callback to read this property. (the name is truncated to "ro.product.build.version.increm")
09-25 19:03:39.652 20631 20648 E libc    : The property name length for "ro.product.build.version.release_or_codename" is >= 31; please use __system_property_read_callback to read this property. (the name is truncated to "ro.product.build.version.releas")
09-25 19:03:39.652 20631 20648 E libc    : The property "ro.product.build.fingerprint" has a value with length 94 that is too large for __system_property_get()/__system_property_read(); use __system_property_read_callback() instead.
09-25 19:03:39.652 20631 20648 E libc    : The property name length for "ro.product.system_ext.manufacturer" is >= 31; please use __system_property_read_callback to read this property. (the name is truncated to "ro.product.system_ext.manufactu")
09-25 19:03:39.652 20631 20648 E libc    : The property name length for "ro.system_ext.build.version.release" is >= 31; please use __system_property_read_callback to read this property. (the name is truncated to "ro.system_ext.build.version.rel")
09-25 19:03:39.652 20631 20648 E libc    : The property name length for "ro.system_ext.build.version.incremental" is >= 31; please use __system_property_read_callback to read this property. (the name is truncated to "ro.system_ext.build.version.inc")
09-25 19:03:39.652 20631 20648 E libc    : The property name length for "ro.system_ext.build.version.release_or_codename" is >= 31; please use __system_property_read_callback to read this property. (the name is truncated to "ro.system_ext.build.version.rel")
09-25 19:03:39.652 20631 20648 E libc    : The property "ro.system_ext.build.fingerprint" has a value with length 94 that is too large for __system_property_get()/__system_property_read(); use __system_property_read_callback() instead.
09-25 19:03:39.652 20631 20648 E libc    : The property name length for "ro.actionable_compatible_property.enabled" is >= 31; please use __system_property_read_callback to read this property. (the name is truncated to "ro.actionable_compatible_proper")
09-25 19:03:39.652 20631 20648 E libc    : The property name length for "ro.vendor.build.version.incremental" is >= 31; please use __system_property_read_callback to read this property. (the name is truncated to "ro.vendor.build.version.increme")
09-25 19:03:39.652 20631 20648 E libc    : The property name length for "ro.vendor.build.version.release_or_codename" is >= 31; please use __system_property_read_callback to read this property. (the name is truncated to "ro.vendor.build.version.release")
09-25 19:03:39.652 20631 20648 E libc    : The property "ro.vendor.build.fingerprint" has a value with length 94 that is too large for __system_property_get()/__system_property_read(); use __system_property_read_callback() instead.
09-25 19:03:39.652 20631 20648 E libc    : The property name length for "ro.product.vendor_dlkm.manufacturer" is >= 31; please use __system_property_read_callback to read this property. (the name is truncated to "ro.product.vendor_dlkm.manufact")
09-25 19:03:39.652 20631 20648 E libc    : The property name length for "ro.vendor_dlkm.build.version.sdk" is >= 31; please use __system_property_read_callback to read this property. (the name is truncated to "ro.vendor_dlkm.build.version.sd")
09-25 19:03:39.652 20631 20648 E libc    : The property name length for "ro.vendor_dlkm.build.version.release" is >= 31; please use __system_property_read_callback to read this property. (the name is truncated to "ro.vendor_dlkm.build.version.re")
09-25 19:03:39.652 20631 20648 E libc    : The property name length for "ro.vendor_dlkm.build.version.incremental" is >= 31; please use __system_property_read_callback to read this property. (the name is truncated to "ro.vendor_dlkm.build.version.in")
09-25 19:03:39.652 20631 20648 E libc    : The property name length for "ro.vendor_dlkm.build.version.release_or_codename" is >= 31; please use __system_property_read_callback to read this property. (the name is truncated to "ro.vendor_dlkm.build.version.re")
09-25 19:03:39.652 20631 20648 E libc    : The property name length for "ro.vendor_dlkm.build.fingerprint" is >= 31; please use __system_property_read_callback to read this property. (the name is truncated to "ro.vendor_dlkm.build.fingerprin")
09-25 19:03:39.652 20631 20648 E libc    : The property "ro.vendor_dlkm.build.fingerprint" has a value with length 94 that is too large for __system_property_get()/__system_property_read(); use __system_property_read_callback() instead.
09-25 19:03:39.652 20631 20648 E libc    : The property name length for "ro.config.isolated_compilation_enabled" is >= 31; please use __system_property_read_callback to read this property. (the name is truncated to "ro.config.isolated_compilation_")
09-25 19:03:39.652 20631 20648 E libc    : The property name length for "dalvik.vm.systemuicompilerfilter" is >= 31; please use __system_property_read_callback to read this property. (the name is truncated to "dalvik.vm.systemuicompilerfilte")
09-25 19:03:39.652 20631 20648 E libc    : The property name length for "dalvik.vm.usap_pool_refill_delay_ms" is >= 31; please use __system_property_read_callback to read this property. (the name is truncated to "dalvik.vm.usap_pool_refill_dela")
09-25 19:03:39.652 20631 20648 E libc    : The property name length for "dalvik.vm.dex2oat-max-image-block-size" is >= 31; please use __system_property_read_callback to read this property. (the name is truncated to "dalvik.vm.dex2oat-max-image-blo")
09-25 19:03:39.652 20631 20648 E libc    : The property name length for "dalvik.vm.dex2oat-resolve-startup-strings" is >= 31; please use __system_property_read_callback to read this property. (the name is truncated to "dalvik.vm.dex2oat-resolve-start")
09-25 19:03:39.652 20631 20648 E libc    : The property name length for "debug.sf.enable_transaction_tracing" is >= 31; please use __system_property_read_callback to read this property. (the name is truncated to "debug.sf.enable_transaction_tra")
09-25 19:03:39.652 20631 20648 E libc    : The property name length for "debug.sf.use_phase_offsets_as_durations" is >= 31; please use __system_property_read_callback to read this property. (the name is truncated to "debug.sf.use_phase_offsets_as_d")
09-25 19:03:39.652 20631 20648 E libc    : The property name length for "debug.sf.enable_advanced_sf_phase_offset" is >= 31; please use __system_property_read_callback to read this property. (the name is truncated to "debug.sf.enable_advanced_sf_pha")
09-25 19:03:39.652 20631 20648 E libc    : The property name length for "debug.sf.disable_client_composition_cache" is >= 31; please use __system_property_read_callback to read this property. (the name is truncated to "debug.sf.disable_client_composi")
09-25 19:03:39.652 20631 20648 E libc    : The property name length for "debug.sf.predict_hwc_composition_strategy" is >= 31; please use __system_property_read_callback to read this property. (the name is truncated to "debug.sf.predict_hwc_compositio")
09-25 19:03:39.652 20631 20648 E libc    : The property name length for "debug.hwui.skia_use_perfetto_track_events" is >= 31; please use __system_property_read_callback to read this property. (the name is truncated to "debug.hwui.skia_use_perfetto_tr")
09-25 19:03:39.652 20631 20648 E libc    : The property name length for "debug.graphics.game_default_frame_rate.disabled" is >= 31; please use __system_property_read_callback to read this property. (the name is truncated to "debug.graphics.game_default_fra")
09-25 19:03:39.652 20631 20648 E libc    : The property name length for "debug.perfetto.sdk_sysprop_guard_generation" is >= 31; please use __system_property_read_callback to read this property. (the name is truncated to "debug.perfetto.sdk_sysprop_guar")
09-25 19:03:39.652 20631 20648 E libc    : The property name length for "debug.stagefright.c2inputsurface" is >= 31; please use __system_property_read_callback to read this property. (the name is truncated to "debug.stagefright.c2inputsurfac")
09-25 19:03:39.652 20631 20648 E libc    : The property name length for "debug.renderengine.skia_tracing_enabled" is >= 31; please use __system_property_read_callback to read this property. (the name is truncated to "debug.renderengine.skia_tracing")
09-25 19:03:39.652 20631 20648 E libc    : The property name length for "debug.renderengine.skia_use_perfetto_track_events" is >= 31; please use __system_property_read_callback to read this property. (the name is truncated to "debug.renderengine.skia_use_per")
09-25 19:03:39.652 20631 20648 E libc    : The property name length for "debug.perf_event_max_sample_rate" is >= 31; please use __system_property_read_callback to read this property. (the name is truncated to "debug.perf_event_max_sample_rat")
09-25 19:03:39.653 20631 20648 E libc    : The property name length for "ro.build.version.known_codenames" is >= 31; please use __system_property_read_callback to read this property. (the name is truncated to "ro.build.version.known_codename")
09-25 19:03:39.653 20631 20648 E libc    : The property "ro.build.version.known_codenames" has a value with length 309 that is too large for __system_property_get()/__system_property_read(); use __system_property_read_callback() instead.
09-25 19:03:39.653 20631 20648 E libc    : The property name length for "ro.build.version.release_or_preview_display" is >= 31; please use __system_property_read_callback to read this property. (the name is truncated to "ro.build.version.release_or_pre")
09-25 19:03:39.653 20631 20648 E libc    : The property name length for "ro.media.recorder-max-base-layer-fps" is >= 31; please use __system_property_read_callback to read this property. (the name is truncated to "ro.media.recorder-max-base-laye")
09-25 19:03:39.653 20631 20648 E libc    : The property name length for "ro.system.build.version.sdk_full" is >= 31; please use __system_property_read_callback to read this property. (the name is truncated to "ro.system.build.version.sdk_ful")
09-25 19:03:39.653 20631 20648 E libc    : The property name length for "ro.product.build.version.sdk_full" is >= 31; please use __system_property_read_callback to read this property. (the name is truncated to "ro.product.build.version.sdk_fu")
09-25 19:03:39.653 20631 20648 E libc    : The property name length for "ro.product.system_dlkm.manufacturer" is >= 31; please use __system_property_read_callback to read this property. (the name is truncated to "ro.product.system_dlkm.manufact")
09-25 19:03:39.653 20631 20648 E libc    : The property name length for "ro.bootimage.build.version.sdk_full" is >= 31; please use __system_property_read_callback to read this property. (the name is truncated to "ro.bootimage.build.version.sdk_")
09-25 19:03:39.653 20631 20648 E libc    : The property name length for "ro.system_ext.build.version.sdk_full" is >= 31; please use __system_property_read_callback to read this property. (the name is truncated to "ro.system_ext.build.version.sdk")
09-25 19:03:39.653 20631 20648 E libc    : The property name length for "ro.setupwizard.setupwizard.feature.show_support_link_in_deferred_setup" is >= 31; please use __system_property_read_callback to read this property. (the name is truncated to "ro.setupwizard.setupwizard.feat")
09-25 19:03:39.653 20631 20648 E libc    : The property name length for "ro.system_dlkm.build.version.sdk" is >= 31; please use __system_property_read_callback to read this property. (the name is truncated to "ro.system_dlkm.build.version.sd")
09-25 19:03:39.653 20631 20648 E libc    : The property name length for "ro.system_dlkm.build.version.release" is >= 31; please use __system_property_read_callback to read this property. (the name is truncated to "ro.system_dlkm.build.version.re")
09-25 19:03:39.653 20631 20648 E libc    : The property name length for "ro.system_dlkm.build.version.sdk_full" is >= 31; please use __system_property_read_callback to read this property. (the name is truncated to "ro.system_dlkm.build.version.sd")
09-25 19:03:39.653 20631 20648 E libc    : The property name length for "ro.system_dlkm.build.version.incremental" is >= 31; please use __system_property_read_callback to read this property. (the name is truncated to "ro.system_dlkm.build.version.in")
09-25 19:03:39.653 20631 20648 E libc    : The property name length for "ro.system_dlkm.build.version.release_or_codename" is >= 31; please use __system_property_read_callback to read this property. (the name is truncated to "ro.system_dlkm.build.version.re")
09-25 19:03:39.653 20631 20648 E libc    : The property name length for "ro.system_dlkm.build.fingerprint" is >= 31; please use __system_property_read_callback to read this property. (the name is truncated to "ro.system_dlkm.build.fingerprin")
09-25 19:03:39.653 20631 20648 E libc    : The property "ro.system_dlkm.build.fingerprint" has a value with length 94 that is too large for __system_property_get()/__system_property_read(); use __system_property_read_callback() instead.
09-25 19:03:39.653 20631 20648 E libc    : The property name length for "setupwizard.feature.enable_wifi_tracker" is >= 31; please use __system_property_read_callback to read this property. (the name is truncated to "setupwizard.feature.enable_wifi")
09-25 19:03:39.653 20631 20648 E libc    : The property name length for "setupwizard.feature.lifecycle_refactoring" is >= 31; please use __system_property_read_callback to read this property. (the name is truncated to "setupwizard.feature.lifecycle_r")
09-25 19:03:39.653 20631 20648 E libc    : The property name length for "setupwizard.feature.show_digital_warranty" is >= 31; please use __system_property_read_callback to read this property. (the name is truncated to "setupwizard.feature.show_digita")
09-25 19:03:39.653 20631 20648 E libc    : The property name length for "setupwizard.feature.notification_refactoring" is >= 31; please use __system_property_read_callback to read this property. (the name is truncated to "setupwizard.feature.notificatio")
09-25 19:03:39.653 20631 20648 E libc    : The property name length for "setupwizard.feature.skip_button_use_mobile_data.carrier1839" is >= 31; please use __system_property_read_callback to read this property. (the name is truncated to "setupwizard.feature.skip_button")
09-25 19:03:39.653 20631 20648 E libc    : The property name length for "setupwizard.feature.show_pai_screen_in_main_flow.carrier1839" is >= 31; please use __system_property_read_callback to read this property. (the name is truncated to "setupwizard.feature.show_pai_sc")
09-25 19:03:39.653 20631 20648 E libc    : The property name length for "persist.device_config.nnapi_native.telemetry_enable" is >= 31; please use __system_property_read_callback to read this property. (the name is truncated to "persist.device_config.nnapi_nat")
09-25 19:03:39.653 20631 20648 E libc    : The property name length for "persist.device_config.nnapi_native.current_feature_level" is >= 31; please use __system_property_read_callback to read this property. (the name is truncated to "persist.device_config.nnapi_nat")
09-25 19:03:39.653 20631 20648 E libc    : The property name length for "persist.device_config.runtime_native_boot.pin_camera" is >= 31; please use __system_property_read_callback to read this property. (the name is truncated to "persist.device_config.runtime_n")
09-25 19:03:39.653 20631 20648 E libc    : The property name length for "persist.device_config.runtime_native_boot.iorapd_options" is >= 31; please use __system_property_read_callback to read this property. (the name is truncated to "persist.device_config.runtime_n")
09-25 19:03:39.653 20631 20648 E libc    : The property name length for "persist.device_config.runtime_native_boot.use_generational_gc" is >= 31; please use __system_property_read_callback to read this property. (the name is truncated to "persist.device_config.runtime_n")
09-25 19:03:39.653 20631 20648 E libc    : The property name length for "persist.device_config.runtime_native_boot.force_disable_uffd_gc" is >= 31; please use __system_property_read_callback to read this property. (the name is truncated to "persist.device_config.runtime_n")
09-25 19:03:39.653 20631 20648 E libc    : The property name length for "persist.device_config.runtime_native_boot.iorap_perfetto_enable" is >= 31; please use __system_property_read_callback to read this property. (the name is truncated to "persist.device_config.runtime_n")
09-25 19:03:39.653 20631 20648 E libc    : The property name length for "persist.device_config.runtime_native_boot.disable_lock_profiling" is >= 31; please use __system_property_read_callback to read this property. (the name is truncated to "persist.device_config.runtime_n")
09-25 19:03:39.653 20631 20648 E libc    : The property name length for "persist.device_config.runtime_native_boot.iorap_readahead_enable" is >= 31; please use __system_property_read_callback to read this property. (the name is truncated to "persist.device_config.runtime_n")
09-25 19:03:39.653 20631 20648 E libc    : The property name length for "persist.device_config.runtime_native_boot.iorap_blacklisted_packages" is >= 31; please use __system_property_read_callback to read this property. (the name is truncated to "persist.device_config.runtime_n")
09-25 19:03:39.653 20631 20648 E libc    : The property name length for "persist.device_config.runtime_native.metrics.reporting-mods" is >= 31; please use __system_property_read_callback to read this property. (the name is truncated to "persist.device_config.runtime_n")
09-25 19:03:39.653 20631 20648 E libc    : The property name length for "persist.device_config.runtime_native.metrics.reporting-spec" is >= 31; please use __system_property_read_callback to read this property. (the name is truncated to "persist.device_config.runtime_n")
09-25 19:03:39.653 20631 20648 E libc    : The property name length for "persist.device_config.runtime_native.metrics.write-to-statsd" is >= 31; please use __system_property_read_callback to read this property. (the name is truncated to "persist.device_config.runtime_n")
09-25 19:03:39.653 20631 20648 E libc    : The property name length for "persist.device_config.runtime_native.metrics.reporting-num-mods" is >= 31; please use __system_property_read_callback to read this property. (the name is truncated to "persist.device_config.runtime_n")
09-25 19:03:39.653 20631 20648 E libc    : The property name length for "persist.device_config.runtime_native.metrics.reporting-mods-server" is >= 31; please use __system_property_read_callback to read this property. (the name is truncated to "persist.device_config.runtime_n")
09-25 19:03:39.653 20631 20648 E libc    : The property name length for "persist.device_config.runtime_native.metrics.reporting-spec-server" is >= 31; please use __system_property_read_callback to read this property. (the name is truncated to "persist.device_config.runtime_n")
09-25 19:03:39.653 20631 20648 E libc    : The property name length for "persist.device_config.runtime_native.metrics.reporting-num-mods-server" is >= 31; please use __system_property_read_callback to read this property. (the name is truncated to "persist.device_config.runtime_n")
09-25 19:03:39.653 20631 20648 E libc    : The property name length for "persist.device_config.runtime_native.use_app_image_startup_cache" is >= 31; please use __system_property_read_callback to read this property. (the name is truncated to "persist.device_config.runtime_n")
09-25 19:03:39.653 20631 20648 E libc    : The property name length for "pm.dexopt.install-bulk-secondary" is >= 31; please use __system_property_read_callback to read this property. (the name is truncated to "pm.dexopt.install-bulk-secondar")
09-25 19:03:39.653 20631 20648 E libc    : The property name length for "pm.dexopt.install-bulk-downgraded" is >= 31; please use __system_property_read_callback to read this property. (the name is truncated to "pm.dexopt.install-bulk-downgrad")
09-25 19:03:39.653 20631 20648 E libc    : The property name length for "pm.dexopt.boot-after-mainline-update" is >= 31; please use __system_property_read_callback to read this property. (the name is truncated to "pm.dexopt.boot-after-mainline-u")
09-25 19:03:39.653 20631 20648 E libc    : The property name length for "pm.dexopt.install-bulk-secondary-downgraded" is >= 31; please use __system_property_read_callback to read this property. (the name is truncated to "pm.dexopt.install-bulk-secondar")
09-25 19:03:39.653 20631 20648 E libc    : The property name length for "ro.oplus.image.my_engineering.type" is >= 31; please use __system_property_read_callback to read this property. (the name is truncated to "ro.oplus.image.my_engineering.t")
09-25 19:03:39.653 20631 20648 E libc    : The property name length for "ro.vendor.audio.dolby.dax.support" is >= 31; please use __system_property_read_callback to read this property. (the name is truncated to "ro.vendor.audio.dolby.dax.suppo")
09-25 19:03:39.653 20631 20648 E libc    : The property name length for "ro.vendor.audio.dolby.surround.enable" is >= 31; please use __system_property_read_callback to read this property. (the name is truncated to "ro.vendor.audio.dolby.surround.")
09-25 19:03:39.653 20631 20648 E libc    : The property name length for "audio.sys.offload.pstimeout.secs" is >= 31; please use __system_property_read_callback to read this property. (the name is truncated to "audio.sys.offload.pstimeout.sec")
09-25 19:03:39.653 20631 20648 E libc    : The property name length for "persist.radio.oplus.qcrild_start" is >= 31; please use __system_property_read_callback to read this property. (the name is truncated to "persist.radio.oplus.qcrild_star")
09-25 19:03:39.653 20631 20648 E libc    : The property "ro.build.fingerprint" has a value with length 94 that is too large for __system_property_get()/__system_property_read(); use __system_property_read_callback() instead.
09-25 19:03:39.653 20631 20648 E libc    : The property name length for "ro.boot.hypervisor.protected_vm.supported" is >= 31; please use __system_property_read_callback to read this property. (the name is truncated to "ro.boot.hypervisor.protected_vm")
09-25 19:03:39.653 20631 20648 E libc    : The property name length for "init.svc.oplus.hal.cammidasservice-1-0" is >= 31; please use __system_property_read_callback to read this property. (the name is truncated to "init.svc.oplus.hal.cammidasserv")
09-25 19:03:39.653 20631 20648 E libc    : The property name length for "init.svc.oplus.performance.hal.service" is >= 31; please use __system_property_read_callback to read this property. (the name is truncated to "init.svc.oplus.performance.hal.")
09-25 19:03:39.653 20631 20648 E libc    : The property name length for "init.svc.vendor_qti_graphics_boot" is >= 31; please use __system_property_read_callback to read this property. (the name is truncated to "init.svc.vendor_qti_graphics_bo")
09-25 19:03:39.653 20631 20648 E libc    : The property name length for "init.svc.oplus_charger_hal_service" is >= 31; please use __system_property_read_callback to read this property. (the name is truncated to "init.svc.oplus_charger_hal_serv")
09-25 19:03:39.653 20631 20648 E libc    : The property name length for "init.svc.boringssl_self_test_apex64" is >= 31; please use __system_property_read_callback to read this property. (the name is truncated to "init.svc.boringssl_self_test_ap")
09-25 19:03:39.653 20631 20648 E libc    : The property name length for "init.svc.displaypanelfeature-service" is >= 31; please use __system_property_read_callback to read this property. (the name is truncated to "init.svc.displaypanelfeature-se")
09-25 19:03:39.653 20631 20648 E libc    : The property name length for "init.svc.profcollectctl_set_property" is >= 31; please use __system_property_read_callback to read this property. (the name is truncated to "init.svc.profcollectctl_set_pro")
09-25 19:03:39.653 20631 20648 E libc    : The property name length for "init.svc.vendor-qti-media-c2-hal-1-0" is >= 31; please use __system_property_read_callback to read this property. (the name is truncated to "init.svc.vendor-qti-media-c2-ha")
09-25 19:03:39.653 20631 20648 E libc    : The property name length for "init.svc.boringssl_self_test64_vendor" is >= 31; please use __system_property_read_callback to read this property. (the name is truncated to "init.svc.boringssl_self_test64_")
09-25 19:03:39.653 20631 20648 E libc    : The property name length for "init.svc.system_aconfigd_platform_init" is >= 31; please use __system_property_read_callback to read this property. (the name is truncated to "init.svc.system_aconfigd_platfo")
09-25 19:03:39.653 20631 20648 E libc    : The property name length for "init.svc.vendor-dolby-media-c2-hal-1-0" is >= 31; please use __system_property_read_callback to read this property. (the name is truncated to "init.svc.vendor-dolby-media-c2-")
09-25 19:03:39.653 20631 20648 E libc    : The property name length for "init.svc.system_aconfigd_socket_service" is >= 31; please use __system_property_read_callback to read this property. (the name is truncated to "init.svc.system_aconfigd_socket")
09-25 19:03:39.653 20631 20648 E libc    : The property name length for "init.svc.mainline_aconfigd_socket_service" is >= 31; please use __system_property_read_callback to read this property. (the name is truncated to "init.svc.mainline_aconfigd_sock")
09-25 19:03:39.653 20631 20648 E libc    : The property name length for "init.svc.vendor-qti-media-c2audio-hal-1-0" is >= 31; please use __system_property_read_callback to read this property. (the name is truncated to "init.svc.vendor-qti-media-c2aud")
09-25 19:03:39.653 20631 20648 E libc    : The property name length for "init.svc.early_system_aconfigd_platform_init" is >= 31; please use __system_property_read_callback to read this property. (the name is truncated to "init.svc.early_system_aconfigd_")
09-25 19:03:39.653 20631 20648 E libc    : The property name length for "init.svc.perfetto_persistent_sysui_tracing_for_bugreport" is >= 31; please use __system_property_read_callback to read this property. (the name is truncated to "init.svc.perfetto_persistent_sy")
09-25 19:03:39.653 20631 20648 E libc    : The property name length for "media.recorder.show_manufacturer_and_model" is >= 31; please use __system_property_read_callback to read this property. (the name is truncated to "media.recorder.show_manufacture")
09-25 19:03:39.653 20631 20648 E libc    : The property name length for "media.stagefright.thumbnail.prefer_hw_codecs" is >= 31; please use __system_property_read_callback to read this property. (the name is truncated to "media.stagefright.thumbnail.pre")
09-25 19:03:39.653 20631 20648 E libc    : The property name length for "ro.media.xml_variant.codecs_performance" is >= 31; please use __system_property_read_callback to read this property. (the name is truncated to "ro.media.xml_variant.codecs_per")
09-25 19:03:39.653 20631 20648 E libc    : The property name length for "build.version.extensions.ad_services" is >= 31; please use __system_property_read_callback to read this property. (the name is truncated to "build.version.extensions.ad_ser")
09-25 19:03:39.653 20631 20648 E libc    : The property name length for "persist.sys.native_binder_stats.enabled" is >= 31; please use __system_property_read_callback to read this property. (the name is truncated to "persist.sys.native_binder_stats")
09-25 19:03:39.653 20631 20648 E libc    : The property name length for "persist.sys.native_binder_stats.call_sharding" is >= 31; please use __system_property_read_callback to read this property. (the name is truncated to "persist.sys.native_binder_stats")
09-25 19:03:39.653 20631 20648 E libc    : The property name length for "persist.sys.native_binder_stats.spam_sharding" is >= 31; please use __system_property_read_callback to read this property. (the name is truncated to "persist.sys.native_binder_stats")
09-25 19:03:39.653 20631 20648 E libc    : The property name length for "persist.sys.native_binder_stats.process_sharding" is >= 31; please use __system_property_read_callback to read this property. (the name is truncated to "persist.sys.native_binder_stats")
09-25 19:03:39.653 20631 20648 E libc    : The property name length for "persist.sys.native_binder_stats.system_call_sharding" is >= 31; please use __system_property_read_callback to read this property. (the name is truncated to "persist.sys.native_binder_stats")
09-25 19:03:39.653 20631 20648 E libc    : The property name length for "persist.sys.native_binder_stats.system_spam_sharding" is >= 31; please use __system_property_read_callback to read this property. (the name is truncated to "persist.sys.native_binder_stats")
09-25 19:03:39.653 20631 20648 E libc    : The property name length for "persist.sys.native_binder_stats.system_process_sharding" is >= 31; please use __system_property_read_callback to read this property. (the name is truncated to "persist.sys.native_binder_stats")
09-25 19:03:39.653 20631 20648 E libc    : The property "ro.product.ab_ota_partitions" has a value with length 335 that is too large for __system_property_get()/__system_property_read(); use __system_property_read_callback() instead.
09-25 19:03:39.654 20631 20648 E libc    : The property name length for "setupwizard.feature.show_pixel_tos" is >= 31; please use __system_property_read_callback to read this property. (the name is truncated to "setupwizard.feature.show_pixel_")
09-25 19:03:39.654 20631 20648 E libc    : The property name length for "setupwizard.feature.portal_notification" is >= 31; please use __system_property_read_callback to read this property. (the name is truncated to "setupwizard.feature.portal_noti")
09-25 19:03:39.654 20631 20648 E libc    : The property name length for "setupwizard.feature.predeferred_enabled" is >= 31; please use __system_property_read_callback to read this property. (the name is truncated to "setupwizard.feature.predeferred")
09-25 19:03:39.654 20631 20648 E libc    : The property name length for "setupwizard.feature.day_night_mode_enabled" is >= 31; please use __system_property_read_callback to read this property. (the name is truncated to "setupwizard.feature.day_night_m")
09-25 19:03:39.654 20631 20648 E libc    : The property name length for "setupwizard.feature.baseline_setupwizard_enabled" is >= 31; please use __system_property_read_callback to read this property. (the name is truncated to "setupwizard.feature.baseline_se")
09-25 19:03:39.654 20631 20648 E libc    : The property name length for "setupwizard.enable_assist_gesture_training" is >= 31; please use __system_property_read_callback to read this property. (the name is truncated to "setupwizard.enable_assist_gestu")
09-25 19:03:39.654 20631 20648 E libc    : The property name length for "ro.surface_flinger.has_HDR_display" is >= 31; please use __system_property_read_callback to read this property. (the name is truncated to "ro.surface_flinger.has_HDR_disp")
09-25 19:03:39.654 20631 20648 E libc    : The property name length for "ro.surface_flinger.set_idle_timer_ms" is >= 31; please use __system_property_read_callback to read this property. (the name is truncated to "ro.surface_flinger.set_idle_tim")
09-25 19:03:39.654 20631 20648 E libc    : The property name length for "ro.surface_flinger.protected_contents" is >= 31; please use __system_property_read_callback to read this property. (the name is truncated to "ro.surface_flinger.protected_co")
09-25 19:03:39.654 20631 20648 E libc    : The property name length for "ro.surface_flinger.set_touch_timer_ms" is >= 31; please use __system_property_read_callback to read this property. (the name is truncated to "ro.surface_flinger.set_touch_ti")
09-25 19:03:39.654 20631 20648 E libc    : The property name length for "ro.surface_flinger.use_color_management" is >= 31; please use __system_property_read_callback to read this property. (the name is truncated to "ro.surface_flinger.use_color_ma")
09-25 19:03:39.654 20631 20648 E libc    : The property name length for "ro.surface_flinger.has_wide_color_display" is >= 31; please use __system_property_read_callback to read this property. (the name is truncated to "ro.surface_flinger.has_wide_col")
09-25 19:03:39.654 20631 20648 E libc    : The property name length for "ro.surface_flinger.supports_background_blur" is >= 31; please use __system_property_read_callback to read this property. (the name is truncated to "ro.surface_flinger.supports_bac")
09-25 19:03:39.654 20631 20648 E libc    : The property name length for "ro.surface_flinger.wcg_composition_dataspace" is >= 31; please use __system_property_read_callback to read this property. (the name is truncated to "ro.surface_flinger.wcg_composit")
09-25 19:03:39.654 20631 20648 E libc    : The property name length for "ro.surface_flinger.set_display_power_timer_ms" is >= 31; please use __system_property_read_callback to read this property. (the name is truncated to "ro.surface_flinger.set_display_")
09-25 19:03:39.654 20631 20648 E libc    : The property name length for "ro.surface_flinger.max_virtual_display_dimension" is >= 31; please use __system_property_read_callback to read this property. (the name is truncated to "ro.surface_flinger.max_virtual_")
09-25 19:03:39.654 20631 20648 E libc    : The property name length for "ro.surface_flinger.game_default_frame_rate_override" is >= 31; please use __system_property_read_callback to read this property. (the name is truncated to "ro.surface_flinger.game_default")
09-25 19:03:39.654 20631 20648 E libc    : The property name length for "ro.surface_flinger.clear_slots_with_set_layer_buffer" is >= 31; please use __system_property_read_callback to read this property. (the name is truncated to "ro.surface_flinger.clear_slots_")
09-25 19:03:39.654 20631 20648 E libc    : The property name length for "ro.surface_flinger.max_frame_buffer_acquired_buffers" is >= 31; please use __system_property_read_callback to read this property. (the name is truncated to "ro.surface_flinger.max_frame_bu")
09-25 19:03:39.654 20631 20648 E libc    : The property name length for "ro.surface_flinger.force_hwc_copy_for_virtual_displays" is >= 31; please use __system_property_read_callback to read this property. (the name is truncated to "ro.surface_flinger.force_hwc_co")
09-25 19:03:39.654 20631 20648 E libc    : The property name length for "ro.surface_flinger.use_content_detection_for_refresh_rate" is >= 31; please use __system_property_read_callback to read this property. (the name is truncated to "ro.surface_flinger.use_content_")
09-25 19:03:39.654 20631 20648 E libc    : The property name length for "dev.mnt.blk.mnt.vendor.oplusreserve" is >= 31; please use __system_property_read_callback to read this property. (the name is truncated to "dev.mnt.blk.mnt.vendor.oplusres")
09-25 19:03:39.654 20631 20648 E libc    : The property name length for "dev.mnt.blk.data_mirror.data_ce.null" is >= 31; please use __system_property_read_callback to read this property. (the name is truncated to "dev.mnt.blk.data_mirror.data_ce")
09-25 19:03:39.654 20631 20648 E libc    : The property name length for "dev.mnt.blk.data_mirror.data_ce.null.0" is >= 31; please use __system_property_read_callback to read this property. (the name is truncated to "dev.mnt.blk.data_mirror.data_ce")
09-25 19:03:39.654 20631 20648 E libc    : The property name length for "dev.mnt.blk.data_mirror.data_de.null" is >= 31; please use __system_property_read_callback to read this property. (the name is truncated to "dev.mnt.blk.data_mirror.data_de")
09-25 19:03:39.654 20631 20648 E libc    : The property name length for "dev.mnt.blk.data_mirror.misc_ce.null" is >= 31; please use __system_property_read_callback to read this property. (the name is truncated to "dev.mnt.blk.data_mirror.misc_ce")
09-25 19:03:39.654 20631 20648 E libc    : The property name length for "dev.mnt.blk.data_mirror.misc_de.null" is >= 31; please use __system_property_read_callback to read this property. (the name is truncated to "dev.mnt.blk.data_mirror.misc_de")
09-25 19:03:39.654 20631 20648 E libc    : The property name length for "dev.mnt.blk.data_mirror.cur_profiles" is >= 31; please use __system_property_read_callback to read this property. (the name is truncated to "dev.mnt.blk.data_mirror.cur_pro")
09-25 19:03:39.654 20631 20648 E libc    : The property name length for "dev.mnt.blk.data_mirror.ref_profiles" is >= 31; please use __system_property_read_callback to read this property. (the name is truncated to "dev.mnt.blk.data_mirror.ref_pro")
09-25 19:03:39.654 20631 20648 E libc    : The property name length for "dev.mnt.blk.data_mirror.storage_area" is >= 31; please use __system_property_read_callback to read this property. (the name is truncated to "dev.mnt.blk.data_mirror.storage")
09-25 19:03:39.654 20631 20648 E libc    : The property name length for "dev.mnt.dev.mnt.vendor.oplusreserve" is >= 31; please use __system_property_read_callback to read this property. (the name is truncated to "dev.mnt.dev.mnt.vendor.oplusres")
09-25 19:03:39.654 20631 20648 E libc    : The property name length for "dev.mnt.dev.data_mirror.data_ce.null" is >= 31; please use __system_property_read_callback to read this property. (the name is truncated to "dev.mnt.dev.data_mirror.data_ce")
09-25 19:03:39.654 20631 20648 E libc    : The property name length for "dev.mnt.dev.data_mirror.data_ce.null.0" is >= 31; please use __system_property_read_callback to read this property. (the name is truncated to "dev.mnt.dev.data_mirror.data_ce")
09-25 19:03:39.654 20631 20648 E libc    : The property name length for "dev.mnt.dev.data_mirror.data_de.null" is >= 31; please use __system_property_read_callback to read this property. (the name is truncated to "dev.mnt.dev.data_mirror.data_de")
09-25 19:03:39.654 20631 20648 E libc    : The property name length for "dev.mnt.dev.data_mirror.misc_ce.null" is >= 31; please use __system_property_read_callback to read this property. (the name is truncated to "dev.mnt.dev.data_mirror.misc_ce")
09-25 19:03:39.654 20631 20648 E libc    : The property name length for "dev.mnt.dev.data_mirror.misc_de.null" is >= 31; please use __system_property_read_callback to read this property. (the name is truncated to "dev.mnt.dev.data_mirror.misc_de")
09-25 19:03:39.654 20631 20648 E libc    : The property name length for "dev.mnt.dev.data_mirror.cur_profiles" is >= 31; please use __system_property_read_callback to read this property. (the name is truncated to "dev.mnt.dev.data_mirror.cur_pro")
09-25 19:03:39.654 20631 20648 E libc    : The property name length for "dev.mnt.dev.data_mirror.ref_profiles" is >= 31; please use __system_property_read_callback to read this property. (the name is truncated to "dev.mnt.dev.data_mirror.ref_pro")
09-25 19:03:39.654 20631 20648 E libc    : The property name length for "dev.mnt.dev.data_mirror.storage_area" is >= 31; please use __system_property_read_callback to read this property. (the name is truncated to "dev.mnt.dev.data_mirror.storage")
09-25 19:03:39.654 20631 20648 E libc    : The property name length for "dev.mnt.rootdisk.mnt.vendor.qmcs" is >= 31; please use __system_property_read_callback to read this property. (the name is truncated to "dev.mnt.rootdisk.mnt.vendor.qmc")
09-25 19:03:39.654 20631 20648 E libc    : The property name length for "dev.mnt.rootdisk.mnt.vendor.spunvm" is >= 31; please use __system_property_read_callback to read this property. (the name is truncated to "dev.mnt.rootdisk.mnt.vendor.spu")
09-25 19:03:39.654 20631 20648 E libc    : The property name length for "dev.mnt.rootdisk.mnt.vendor.persist" is >= 31; please use __system_property_read_callback to read this property. (the name is truncated to "dev.mnt.rootdisk.mnt.vendor.per")
09-25 19:03:39.654 20631 20648 E libc    : The property name length for "dev.mnt.rootdisk.mnt.vendor.oplusreserve" is >= 31; please use __system_property_read_callback to read this property. (the name is truncated to "dev.mnt.rootdisk.mnt.vendor.opl")
09-25 19:03:39.654 20631 20648 E libc    : The property name length for "dev.mnt.rootdisk.vendor.bt_firmware" is >= 31; please use __system_property_read_callback to read this property. (the name is truncated to "dev.mnt.rootdisk.vendor.bt_firm")
09-25 19:03:39.654 20631 20648 E libc    : The property name length for "dev.mnt.rootdisk.vendor.firmware_mnt" is >= 31; please use __system_property_read_callback to read this property. (the name is truncated to "dev.mnt.rootdisk.vendor.firmwar")
09-25 19:03:39.654 20631 20648 E libc    : The property name length for "dev.mnt.rootdisk.data_mirror.data_ce.null" is >= 31; please use __system_property_read_callback to read this property. (the name is truncated to "dev.mnt.rootdisk.data_mirror.da")
09-25 19:03:39.654 20631 20648 E libc    : The property name length for "dev.mnt.rootdisk.data_mirror.data_ce.null.0" is >= 31; please use __system_property_read_callback to read this property. (the name is truncated to "dev.mnt.rootdisk.data_mirror.da")
09-25 19:03:39.654 20631 20648 E libc    : The property name length for "dev.mnt.rootdisk.data_mirror.data_de.null" is >= 31; please use __system_property_read_callback to read this property. (the name is truncated to "dev.mnt.rootdisk.data_mirror.da")
09-25 19:03:39.654 20631 20648 E libc    : The property name length for "dev.mnt.rootdisk.data_mirror.misc_ce.null" is >= 31; please use __system_property_read_callback to read this property. (the name is truncated to "dev.mnt.rootdisk.data_mirror.mi")
09-25 19:03:39.654 20631 20648 E libc    : The property name length for "dev.mnt.rootdisk.data_mirror.misc_de.null" is >= 31; please use __system_property_read_callback to read this property. (the name is truncated to "dev.mnt.rootdisk.data_mirror.mi")
09-25 19:03:39.654 20631 20648 E libc    : The property name length for "dev.mnt.rootdisk.data_mirror.cur_profiles" is >= 31; please use __system_property_read_callback to read this property. (the name is truncated to "dev.mnt.rootdisk.data_mirror.cu")
09-25 19:03:39.654 20631 20648 E libc    : The property name length for "dev.mnt.rootdisk.data_mirror.ref_profiles" is >= 31; please use __system_property_read_callback to read this property. (the name is truncated to "dev.mnt.rootdisk.data_mirror.re")
09-25 19:03:39.654 20631 20648 E libc    : The property name length for "dev.mnt.rootdisk.data_mirror.storage_area" is >= 31; please use __system_property_read_callback to read this property. (the name is truncated to "dev.mnt.rootdisk.data_mirror.st")
09-25 19:03:39.654 20631 20648 E libc    : The property name length for "sys.bootstat.first_boot_completed" is >= 31; please use __system_property_read_callback to read this property. (the name is truncated to "sys.bootstat.first_boot_complet")
09-25 19:03:39.654 20631 20648 E libc    : The property name length for "sys.brightness.disable_gamma_conversion" is >= 31; please use __system_property_read_callback to read this property. (the name is truncated to "sys.brightness.disable_gamma_co")
09-25 19:03:39.654 20631 20648 E libc    : The property name length for "sys.lineage_settings_system_version" is >= 31; please use __system_property_read_callback to read this property. (the name is truncated to "sys.lineage_settings_system_ver")
09-25 19:03:39.654 20631 20648 E libc    : The property name length for "persist.sys.fuse.passthrough.enable" is >= 31; please use __system_property_read_callback to read this property. (the name is truncated to "persist.sys.fuse.passthrough.en")
09-25 19:03:39.654 20631 20648 E libc    : The property name length for "persist.sys.fflag.override.settings_bluetooth_hearing_aid" is >= 31; please use __system_property_read_callback to read this property. (the name is truncated to "persist.sys.fflag.override.sett")
09-25 19:03:39.654 20631 20648 E libc    : The property name length for "persist.sys.compact_heads_up_notification.always_show" is >= 31; please use __system_property_read_callback to read this property. (the name is truncated to "persist.sys.compact_heads_up_no")
09-25 19:03:39.654 20631 20648 E libc    : The property name length for "telephony.active_modems.max_count" is >= 31; please use __system_property_read_callback to read this property. (the name is truncated to "telephony.active_modems.max_cou")
09-25 19:03:39.654 20631 20648 E libc    : The property name length for "vendor.perf.framepacing.window_apis" is >= 31; please use __system_property_read_callback to read this property. (the name is truncated to "vendor.perf.framepacing.window_")
09-25 19:03:39.654 20631 20648 E libc    : The property name length for "ro.vendor.oplus.camera.backCamSize" is >= 31; please use __system_property_read_callback to read this property. (the name is truncated to "ro.vendor.oplus.camera.backCamS")
09-25 19:03:39.654 20631 20648 E libc    : The property name length for "ro.vendor.oplus.camera.frontCamSize" is >= 31; please use __system_property_read_callback to read this property. (the name is truncated to "ro.vendor.oplus.camera.frontCam")
09-25 19:03:39.654 20631 20648 E libc    : The property name length for "ro.vendor.oplus.camera.isSupportExplorer" is >= 31; please use __system_property_read_callback to read this property. (the name is truncated to "ro.vendor.oplus.camera.isSuppor")
09-25 19:03:39.654 20631 20648 E libc    : The property name length for "ro.vendor.oplus.camera.isHasselbladCamera" is >= 31; please use __system_property_read_callback to read this property. (the name is truncated to "ro.vendor.oplus.camera.isHassel")
09-25 19:03:39.654 20631 20648 E libc    : The property name length for "persist.vendor.camera.enableIPEDelayedAllocation" is >= 31; please use __system_property_read_callback to read this property. (the name is truncated to "persist.vendor.camera.enableIPE")
09-25 19:03:39.654 20631 20648 E libc    : The property name length for "vendor.display.disable_excl_rect" is >= 31; please use __system_property_read_callback to read this property. (the name is truncated to "vendor.display.disable_excl_rec")
09-25 19:03:39.654 20631 20648 E libc    : The property name length for "vendor.display.enable_fb_scaling" is >= 31; please use __system_property_read_callback to read this property. (the name is truncated to "vendor.display.enable_fb_scalin")
09-25 19:03:39.654 20631 20648 E libc    : The property name length for "vendor.display.enable_rc_support" is >= 31; please use __system_property_read_callback to read this property. (the name is truncated to "vendor.display.enable_rc_suppor")
09-25 19:03:39.654 20631 20648 E libc    : The property name length for "vendor.display.enable_rotator_ui" is >= 31; please use __system_property_read_callback to read this property. (the name is truncated to "vendor.display.enable_rotator_u")
09-25 19:03:39.654 20631 20648 E libc    : The property name length for "vendor.display.enable_spec_fence" is >= 31; please use __system_property_read_callback to read this property. (the name is truncated to "vendor.display.enable_spec_fenc")
09-25 19:03:39.654 20631 20648 E libc    : The property name length for "vendor.display.force_tonemapping" is >= 31; please use __system_property_read_callback to read this property. (the name is truncated to "vendor.display.force_tonemappin")
09-25 19:03:39.654 20631 20648 E libc    : The property name length for "vendor.display.use_smooth_motion" is >= 31; please use __system_property_read_callback to read this property. (the name is truncated to "vendor.display.use_smooth_motio")
09-25 19:03:39.654 20631 20648 E libc    : The property name length for "vendor.display.smomo_game_support" is >= 31; please use __system_property_read_callback to read this property. (the name is truncated to "vendor.display.smomo_game_suppo")
09-25 19:03:39.654 20631 20648 E libc    : The property name length for "vendor.display.disable_noise_layer" is >= 31; please use __system_property_read_callback to read this property. (the name is truncated to "vendor.display.disable_noise_la")
09-25 19:03:39.654 20631 20648 E libc    : The property name length for "vendor.display.disable_sdr_dimming" is >= 31; please use __system_property_read_callback to read this property. (the name is truncated to "vendor.display.disable_sdr_dimm")
09-25 19:03:39.654 20631 20648 E libc    : The property name length for "vendor.display.disable_stc_dimming" is >= 31; please use __system_property_read_callback to read this property. (the name is truncated to "vendor.display.disable_stc_dimm")
09-25 19:03:39.654 20631 20648 E libc    : The property name length for "vendor.display.enable_early_wakeup" is >= 31; please use __system_property_read_callback to read this property. (the name is truncated to "vendor.display.enable_early_wak")
09-25 19:03:39.654 20631 20648 E libc    : The property name length for "vendor.display.timed_render_enable" is >= 31; please use __system_property_read_callback to read this property. (the name is truncated to "vendor.display.timed_render_ena")
09-25 19:03:39.654 20631 20648 E libc    : The property name length for "vendor.display.disable_sdr_histogram" is >= 31; please use __system_property_read_callback to read this property. (the name is truncated to "vendor.display.disable_sdr_hist")
09-25 19:03:39.654 20631 20648 E libc    : The property name length for "vendor.display.enable_rounded_corner" is >= 31; please use __system_property_read_callback to read this property. (the name is truncated to "vendor.display.enable_rounded_c")
09-25 19:03:39.654 20631 20648 E libc    : The property name length for "vendor.display.force_lm_to_fb_config" is >= 31; please use __system_property_read_callback to read this property. (the name is truncated to "vendor.display.force_lm_to_fb_c")
09-25 19:03:39.654 20631 20648 E libc    : The property name length for "vendor.display.scaling_dest_opt_mode" is >= 31; please use __system_property_read_callback to read this property. (the name is truncated to "vendor.display.scaling_dest_opt")
09-25 19:03:39.654 20631 20648 E libc    : The property name length for "vendor.display.disable_3d_adaptive_tm" is >= 31; please use __system_property_read_callback to read this property. (the name is truncated to "vendor.display.disable_3d_adapt")
09-25 19:03:39.654 20631 20648 E libc    : The property name length for "vendor.display.enable_async_powermode" is >= 31; please use __system_property_read_callback to read this property. (the name is truncated to "vendor.display.enable_async_pow")
09-25 19:03:39.654 20631 20648 E libc    : The property name length for "vendor.display.disable_offline_rotator" is >= 31; please use __system_property_read_callback to read this property. (the name is truncated to "vendor.display.disable_offline_")
09-25 19:03:39.654 20631 20648 E libc    : The property name length for "vendor.display.enable_dpps_dynamic_fps" is >= 31; please use __system_property_read_callback to read this property. (the name is truncated to "vendor.display.enable_dpps_dyna")
09-25 19:03:39.654 20631 20648 E libc    : The property name length for "vendor.display.enable_hdr10_gpu_target" is >= 31; please use __system_property_read_callback to read this property. (the name is truncated to "vendor.display.enable_hdr10_gpu")
09-25 19:03:39.654 20631 20648 E libc    : The property name length for "vendor.display.enable_inline_writeback" is >= 31; please use __system_property_read_callback to read this property. (the name is truncated to "vendor.display.enable_inline_wr")
09-25 19:03:39.654 20631 20648 E libc    : The property name length for "vendor.display.enable_optimize_refresh" is >= 31; please use __system_property_read_callback to read this property. (the name is truncated to "vendor.display.enable_optimize_")
09-25 19:03:39.654 20631 20648 E libc    : The property name length for "vendor.display.enable_posted_start_dyn" is >= 31; please use __system_property_read_callback to read this property. (the name is truncated to "vendor.display.enable_posted_st")
09-25 19:03:39.654 20631 20648 E libc    : The property name length for "vendor.display.scaling_source_opt_mode" is >= 31; please use __system_property_read_callback to read this property. (the name is truncated to "vendor.display.scaling_source_o")
09-25 19:03:39.655 20631 20648 E libc    : The property name length for "vendor.display.disable_hw_recovery_dump" is >= 31; please use __system_property_read_callback to read this property. (the name is truncated to "vendor.display.disable_hw_recov")
09-25 19:03:39.655 20631 20648 E libc    : The property name length for "vendor.display.enable_async_vds_creation" is >= 31; please use __system_property_read_callback to read this property. (the name is truncated to "vendor.display.enable_async_vds")
09-25 19:03:39.655 20631 20648 E libc    : The property name length for "vendor.display.enable_display_extensions" is >= 31; please use __system_property_read_callback to read this property. (the name is truncated to "vendor.display.enable_display_e")
09-25 19:03:39.655 20631 20648 E libc    : The property name length for "vendor.display.enable_allow_idle_fallback" is >= 31; please use __system_property_read_callback to read this property. (the name is truncated to "vendor.display.enable_allow_idl")
09-25 19:03:39.655 20631 20648 E libc    : The property name length for "vendor.display.enable_latch_media_content" is >= 31; please use __system_property_read_callback to read this property. (the name is truncated to "vendor.display.enable_latch_med")
09-25 19:03:39.655 20631 20648 E libc    : The property name length for "vendor.display.disable_excl_rect_partial_fb" is >= 31; please use __system_property_read_callback to read this property. (the name is truncated to "vendor.display.disable_excl_rec")
09-25 19:03:39.655 20631 20648 E libc    : The property name length for "vendor.display.enable_perf_hint_large_comp_cycle" is >= 31; please use __system_property_read_callback to read this property. (the name is truncated to "vendor.display.enable_perf_hint")
09-25 19:03:39.655 20631 20648 E libc    : The property name length for "vendor.gralloc.hw_supports_ubwcp" is >= 31; please use __system_property_read_callback to read this property. (the name is truncated to "vendor.gralloc.hw_supports_ubwc")
09-25 19:03:39.655 20631 20648 E libc    : The property name length for "vendor.gralloc.use_dma_buf_heaps" is >= 31; please use __system_property_read_callback to read this property. (the name is truncated to "vendor.gralloc.use_dma_buf_heap")
09-25 19:03:39.655 20631 20648 E libc    : The property name length for "vendor.camera.aux.packageexcludelist" is >= 31; please use __system_property_read_callback to read this property. (the name is truncated to "vendor.camera.aux.packageexclud")
09-25 19:03:39.655 20631 20648 E libc    : The property name length for "persist.vendor.camera.privapp.list" is >= 31; please use __system_property_read_callback to read this property. (the name is truncated to "persist.vendor.camera.privapp.l")
09-25 19:03:39.655 20631 20648 E libc    : The property name length for "persist.vendor.dpm.vndr.idletimer.mode" is >= 31; please use __system_property_read_callback to read this property. (the name is truncated to "persist.vendor.dpm.vndr.idletim")
09-25 19:03:39.655 20631 20648 E libc    : The property name length for "persist.vendor.dpm.vndr.halservice.enable" is >= 31; please use __system_property_read_callback to read this property. (the name is truncated to "persist.vendor.dpm.vndr.halserv")
09-25 19:03:39.655 20631 20648 E libc    : The property name length for "persist.vendor.rcs.singlereg.feature" is >= 31; please use __system_property_read_callback to read this property. (the name is truncated to "persist.vendor.rcs.singlereg.fe")
09-25 19:03:39.655 20631 20648 E libc    : The property name length for "ro.crypto.metadata_init_delete_all_keys.enabled" is >= 31; please use __system_property_read_callback to read this property. (the name is truncated to "ro.crypto.metadata_init_delete_")
09-25 19:03:39.662 20631 20648 I AdrenoVK-0: ===== BEGIN DUMP OF OVERRIDDEN SETTINGS =====
09-25 19:03:39.662 20631 20648 I AdrenoVK-0: ===== END DUMP OF OVERRIDDEN SETTINGS =====
09-25 19:03:39.667 20631 20648 I AdrenoVK-0: QUALCOMM build          : f6b5df5188, I29aebc4401
09-25 19:03:39.667 20631 20648 I AdrenoVK-0: Build Date              : 09/19/25
09-25 19:03:39.667 20631 20648 I AdrenoVK-0: Shader Compiler Version : E031.45.02.26
09-25 19:03:39.667 20631 20648 I AdrenoVK-0: Local Branch            : 
09-25 19:03:39.667 20631 20648 I AdrenoVK-0: Remote Branch           : refs/tags/AU_LINUX_ANDROID_LA.VENDOR.14.3.0.11.00.00.974.010
09-25 19:03:39.667 20631 20648 I AdrenoVK-0: Remote Branch           : NONE
09-25 19:03:39.667 20631 20648 I AdrenoVK-0: Reconstruct Branch      : NOTHING
09-25 19:03:39.667 20631 20648 I AdrenoVK-0: Build Config            : S P 16.1.2 AArch64
09-25 19:03:39.667 20631 20648 I AdrenoVK-0: Driver Path             : /vendor/lib64/hw/vulkan.adreno.so
09-25 19:03:39.667 20631 20648 I AdrenoVK-0: Driver Version          : 0762.41
09-25 19:03:39.667 20631 20648 I AdrenoVK-0: PFP                     : 0x01520181
09-25 19:03:39.667 20631 20648 I AdrenoVK-0: ME                      : 0x01520023
09-25 19:03:39.667 20631 20648 I AdrenoVK-0: Application Name    : android framework
09-25 19:03:39.667 20631 20648 I AdrenoVK-0: Application Version : 0x00000000
09-25 19:03:39.667 20631 20648 I AdrenoVK-0: Engine Name         : android framework
09-25 19:03:39.667 20631 20648 I AdrenoVK-0: Engine Version      : 0x00000000
09-25 19:03:39.667 20631 20648 I AdrenoVK-0: Api Version         : 0x00401000
09-25 19:03:39.718 20631 20651 I LogMonitor: LogMonitor attached to broker — log dir: /storage/emulated/0/Android/data/com.zenithblue.sambas3/files/logs
09-25 19:03:39.718 20631 20651 I LogBroker: started pid=20631
09-25 19:03:39.797 20631 20631 I S3HOOK  : Hooked readlink in JMPREL GOT at 0x73e7e3c1c0 (offset 0x583b1c0)
09-25 19:03:39.798 20631 20631 I S3HOOK  : Hooked vkGetDeviceProcAddr in JMPREL GOT at 0x73e7e425e8 (offset 0x58415e8)
09-25 19:03:39.798 20631 20631 I S3HOOK  : Hooked stat in JMPREL GOT at 0x73e7e49608 (offset 0x5848608)
09-25 19:03:39.798 20631 20631 I S3HOOK  : Hooked statvfs in JMPREL GOT at 0x73e7e49610 (offset 0x5848610)
09-25 19:03:39.798 20631 20631 I S3HOOK  : Hooked __open_2 in JMPREL GOT at 0x73e7e49638 (offset 0x5848638)
09-25 19:03:39.798 20631 20631 I S3HOOK  : Hooked open in JMPREL GOT at 0x73e7e49640 (offset 0x5848640)
09-25 19:03:39.798 20631 20631 I S3HOOK  : Hooked fstatat in JMPREL GOT at 0x73e7e496b8 (offset 0x58486b8)
09-25 19:03:39.799 20631 20631 I S3HOOK  : Hooked lstat in JMPREL GOT at 0x73e7e64218 (offset 0x5863218)
09-25 19:03:39.800 20631 20631 I S3HOOK  : Hooked access in JMPREL GOT at 0x73e7e64228 (offset 0x5863228)
09-25 19:03:39.800 20631 20631 I S3HOOK  : Hooked realpath in JMPREL GOT at 0x73e7e64238 (offset 0x5863238)
09-25 19:03:39.800 20631 20631 I S3HOOK  : Hooked statfs in JMPREL GOT at 0x73e7e64248 (offset 0x5863248)
09-25 19:03:39.800 20631 20631 I S3HOOK  : Hooked openat in JMPREL GOT at 0x73e7e64870 (offset 0x5863870)
09-25 19:03:39.800 20631 20631 I S3HOOK  : Hooked stat in RELA GOT at 0x73e7e28de0 (offset 0x5827de0)
09-25 19:03:39.800 20631 20631 I S3HOOK  : Hooked lstat in RELA GOT at 0x73e7e332e8 (offset 0x58322e8)
09-25 19:03:39.805 20631 20631 I S3HOOK  : Installed 14 direct ISO hooks into /data/app/~~vxGC51Lzpu6zPVsT4jRLxg==/com.zenithblue.sambas3-BjhVtN2ysAN9NvryQroXvQ==/lib/arm64/librpcsx-android.so (base 0x73e2601000)
09-25 19:03:39.805 20631 20631 I S3CORE  : loaded path=/data/app/~~vxGC51Lzpu6zPVsT4jRLxg==/com.zenithblue.sambas3-BjhVtN2ysAN9NvryQroXvQ==/lib/arm64/librpcsx-android.so process=com.zenithblue.sambas3 abi=arm64-v8a core_build_id=rpcsx=141af96fa006f56c25ec335137e92c78b29b17e3 samba=e93784d8c4e4aac796b72a63a8f5a127affa29791b58b8a453aa74eae5c1460c patch_sha256=none build_type=RelWithDebInfo abi=arm64-v8a ndk=30.0.14904198-beta1 cmake=3.22.1 compiler=Clang_21.0.0 flags=bd8a4ec75966-OFF
09-25 19:03:39.805 20631 20631 I S3CAP   : boot_savestate=1 load_state=1 surface_v2=1 perf_export=1 trophy_export=1
09-25 19:03:39.817 20631 20631 I RPCS3   : RPCSX-ps3-android v20260925-141af96 Draft
09-25 19:03:39.817 20631 20631 I RPCS3   : ARM 2x"cortex-a520" + 5x"Cortex-A720" + 1x"Cortex-X4" | 8 Threads | 10.96 GiB RAM | TSC: 0.019GHz | FMA3
09-25 19:03:39.817 20631 20631 I RPCS3   : Operating system: POSIX, Name: Linux, Release: 6.1.174-gf870a38a2536, Version: #1 SMP PREEMPT Sat Jul  4 02:49:09 EEST 2026
09-25 19:03:39.817 20631 20631 I RPCS3   : Current Time: 2026-09-25T19:03:39
09-25 19:03:39.817 20631 20631 E RPCS3   : rlimit[8] = 65536 (requested 18446744073709551615, max 65536)
09-25 19:03:39.817 20631 20631 E RPCS3   : rlimit[7] = 32768 (requested 18446744073709551615, max 32768)
09-25 19:03:39.817 20631 20631 E RPCS3   : rlimit[3] = 134217728 (requested 134217728, max 18446744073709551615)
09-25 19:03:39.817 20631 20631 E RPCS3   : rlimit[9] = 18446744073709551615 (requested 18446744073709551615, max 18446744073709551615)
09-25 19:03:39.818 20631 20666 I S3DISPATCH: CoreDispatchWorker owner registered tid=20666
09-25 19:03:39.818 20631 20631 D RPCS3   : Setting user ID '00000001'
09-25 19:03:39.818 20631 20631 I RPCS3   : LLVM version: 20.1.3
09-25 19:03:39.827 20631 20631 D RPCS3   : VFS config missing. Using default settings. Path: /storage/emulated/0/Android/data/com.zenithblue.sambas3/files/config/vfs.yml
09-25 19:03:39.827 20631 20631 D RPCS3   : Using VFS config:
09-25 19:03:39.827 20631 20631 D RPCS3   : $(EmulatorDir): ""
09-25 19:03:39.827 20631 20631 D RPCS3   : /dev_hdd0/: $(EmulatorDir)dev_hdd0/
09-25 19:03:39.827 20631 20631 D RPCS3   : /dev_hdd1/: $(EmulatorDir)dev_hdd1/
09-25 19:03:39.827 20631 20631 D RPCS3   : /dev_flash/: $(EmulatorDir)dev_flash/
09-25 19:03:39.827 20631 20631 D RPCS3   : /dev_flash2/: $(EmulatorDir)dev_flash2/
09-25 19:03:39.827 20631 20631 D RPCS3   : /dev_flash3/: $(EmulatorDir)dev_flash3/
09-25 19:03:39.827 20631 20631 D RPCS3   : /dev_bdvd/: $(EmulatorDir)dev_bdvd/
09-25 19:03:39.827 20631 20631 D RPCS3   : /games/: $(EmulatorDir)games/
09-25 19:03:39.827 20631 20631 D RPCS3   : /app_home/: ""
09-25 19:03:39.827 20631 20631 D RPCS3   : /dev_usb***/:
09-25 19:03:39.827 20631 20631 D RPCS3   :   /dev_usb000:
09-25 19:03:39.827 20631 20631 D RPCS3   :     Path: $(EmulatorDir)dev_usb000/
09-25 19:03:39.827 20631 20631 D RPCS3   :     Serial: ""
09-25 19:03:39.827 20631 20631 D RPCS3   :     VID: ""
09-25 19:03:39.827 20631 20631 D RPCS3   :     PID: ""
09-25 19:03:39.827 20631 20631 D RPCS3   : Mounted path "/dev_hdd0" to "/storage/emulated/0/Android/data/com.zenithblue.sambas3/files/config/dev_hdd0/"
09-25 19:03:39.828 20631 20631 D RPCS3   : Mounted path "/dev_flash" to "/storage/emulated/0/Android/data/com.zenithblue.sambas3/files/config/dev_flash/"
09-25 19:03:39.828 20631 20631 D RPCS3   : Mounted path "/dev_flash2" to "/storage/emulated/0/Android/data/com.zenithblue.sambas3/files/config/dev_flash2/"
09-25 19:03:39.828 20631 20631 D RPCS3   : Mounted path "/dev_flash3" to "/storage/emulated/0/Android/data/com.zenithblue.sambas3/files/config/dev_flash3/"
09-25 19:03:39.828 20631 20631 D RPCS3   : Mounted path "/app_home" to "/"
09-25 19:03:39.828 20631 20631 D RPCS3   : Mounted path "/dev_usb000" to "/storage/emulated/0/Android/data/com.zenithblue.sambas3/files/config/dev_usb000/"
09-25 19:03:39.828 20631 20631 D RPCS3   : Applying global config: /storage/emulated/0/Android/data/com.zenithblue.sambas3/files/config/config.yml
09-25 19:03:39.843 20631 20631 D RPCS3   : Logged in as user '00000001' with the username 'User'
09-25 19:03:39.843 20631 20631 D RPCS3   : IPC config missing. Using default settings. Path: /storage/emulated/0/Android/data/com.zenithblue.sambas3/files/config/ipc.yml
09-25 19:03:39.843 20631 20631 D RPCS3   : Using IPC config:
09-25 19:03:39.843 20631 20631 D RPCS3   : IPC Server enabled: false
09-25 19:03:39.843 20631 20631 D RPCS3   : IPC Port: 28012
09-25 19:03:39.843 20631 20631 D RPCS3   : Saving input configuration 'Default' to '/storage/emulated/0/Android/data/com.zenithblue.sambas3/files/config/input_configs/global/Default.yml'
09-25 19:03:39.846 20631 20631 D RPCS3   : LLVM CPU: configured='cortex-a34', effective='cortex-a34'
09-25 19:03:39.846 20631 20631 I RPCSX-UI: LLVM CPU: configured='cortex-a34', effective='cortex-a34'
09-25 19:03:39.846 20631 20631 D RPCS3   : Thread Scheduler Mode: RPCS3 Scheduler
09-25 19:03:39.846 20631 20631 I RPCSX-UI: Thread Scheduler Mode: RPCS3 Scheduler
09-25 19:03:39.849 20631 20631 D RPCS3   : CPU topology: allowed=0xff, perf=0xfc, eff=0x3, heterogeneous=true, discovery=success
09-25 19:03:39.849 20631 20631 I RPCSX-UI: CPU topology: allowed=0xff, perf=0xfc, eff=0x3, heterogeneous=true, discovery=success
09-25 19:03:39.849 20631 20631 D RPCS3   : CPU Topology: allowed=0xff, perf=0xfc, eff=0x3, heterogeneous=true
09-25 19:03:39.849 20631 20631 I RPCSX-UI: CPU Topology: allowed=0xff, perf=0xfc, eff=0x3, heterogeneous=true
09-25 19:03:39.850 20631 20631 I RPCSX-UI: CompileProgressListener registered domain=0 phase=0
09-25 19:03:39.850 20631 20631 I CompileBridge: CompileProgressListener registered
09-25 19:03:39.850 20631 20667 I S3DISPATCH: MainThreadProcessor owner registered tid=20667
09-25 19:03:39.851 20631 20631 I S3SPLASH: coldStart=false restored=true pendingRecovery=true show=false
09-25 19:03:39.853 20631 20631 D DesktopModeFlags: Toggle override initialized to: OVERRIDE_UNSET
09-25 19:03:39.862 20631 20631 I DebugPad: registered sender=adb-shell
09-25 19:03:39.869 20631 20631 D WindowOnBackDispatcher: setTopOnBackInvokedCallback (unwrapped): android.app.Activity$$ExternalSyntheticLambda0@4cb1e7e
09-25 19:03:39.881 20631 20631 D VRI[MainActivity]: WindowInsets changed: 2780x1264 mandatorySystemGestures:[0,78,134,0] 
09-25 19:03:39.888 20631 20631 W Bundle  : Key battery_low expected Integer but value was a java.lang.Boolean.  The default value 0 was returned.
09-25 19:03:39.888 20631 20631 W Bundle  : Attempt to cast generated internal exception:
09-25 19:03:39.888 20631 20631 W Bundle  : java.lang.ClassCastException: java.lang.Boolean cannot be cast to java.lang.Integer
09-25 19:03:39.888 20631 20631 W Bundle  : 	at android.os.BaseBundle.getInt(BaseBundle.java:1348)
09-25 19:03:39.888 20631 20631 W Bundle  : 	at android.content.Intent.getIntExtra(Intent.java:9617)
09-25 19:03:39.888 20631 20631 W Bundle  : 	at ry0.b0(r8-map-id-829dc4487d0d500cd2994be3a64f9d184aac50112651e684c7fffcf85fdf0b9e:47)
09-25 19:03:39.888 20631 20631 W Bundle  : 	at ry0.a(r8-map-id-829dc4487d0d500cd2994be3a64f9d184aac50112651e684c7fffcf85fdf0b9e:56)
09-25 19:03:39.888 20631 20631 W Bundle  : 	at ry0.h(r8-map-id-829dc4487d0d500cd2994be3a64f9d184aac50112651e684c7fffcf85fdf0b9e:706)
09-25 19:03:39.888 20631 20631 W Bundle  : 	at i31.h(r8-map-id-829dc4487d0d500cd2994be3a64f9d184aac50112651e684c7fffcf85fdf0b9e:413)
09-25 19:03:39.888 20631 20631 W Bundle  : 	at jf.o(r8-map-id-829dc4487d0d500cd2994be3a64f9d184aac50112651e684c7fffcf85fdf0b9e:159)
09-25 19:03:39.888 20631 20631 W Bundle  : 	at aw.j(r8-map-id-829dc4487d0d500cd2994be3a64f9d184aac50112651e684c7fffcf85fdf0b9e:42)
09-25 19:03:39.888 20631 20631 W Bundle  : 	at aw.o(r8-map-id-829dc4487d0d500cd2994be3a64f9d184aac50112651e684c7fffcf85fdf0b9e:9)
09-25 19:03:39.888 20631 20631 W Bundle  : 	at fo.g(r8-map-id-829dc4487d0d500cd2994be3a64f9d184aac50112651e684c7fffcf85fdf0b9e:456)
09-25 19:03:39.888 20631 20631 W Bundle  : 	at aw.d(r8-map-id-829dc4487d0d500cd2994be3a64f9d184aac50112651e684c7fffcf85fdf0b9e:42)
09-25 19:03:39.888 20631 20631 W Bundle  : 	at aw.g(r8-map-id-829dc4487d0d500cd2994be3a64f9d184aac50112651e684c7fffcf85fdf0b9e:9)
09-25 19:03:39.888 20631 20631 W Bundle  : 	at hl3.g(r8-map-id-829dc4487d0d500cd2994be3a64f9d184aac50112651e684c7fffcf85fdf0b9e:214)
09-25 19:03:39.888 20631 20631 W Bundle  : 	at lu2.b(r8-map-id-829dc4487d0d500cd2994be3a64f9d184aac50112651e684c7fffcf85fdf0b9e:155)
09-25 19:03:39.888 20631 20631 W Bundle  : 	at c91.e(r8-map-id-829dc4487d0d500cd2994be3a64f9d184aac50112651e684c7fffcf85fdf0b9e:155)
09-25 19:03:39.888 20631 20631 W Bundle  : 	at fo.g(r8-map-id-829dc4487d0d500cd2994be3a64f9d184aac50112651e684c7fffcf85fdf0b9e:491)
09-25 19:03:39.888 20631 20631 W Bundle  : 	at aw.d(r8-map-id-829dc4487d0d500cd2994be3a64f9d184aac50112651e684c7fffcf85fdf0b9e:42)
09-25 19:03:39.888 20631 20631 W Bundle  : 	at aw.g(r8-map-id-829dc4487d0d500cd2994be3a64f9d184aac50112651e684c7fffcf85fdf0b9e:9)
09-25 19:03:39.888 20631 20631 W Bundle  : 	at hl3.g(r8-map-id-829dc4487d0d500cd2994be3a64f9d184aac50112651e684c7fffcf85fdf0b9e:214)
09-25 19:03:39.888 20631 20631 W Bundle  : 	at c91.b(r8-map-id-829dc4487d0d500cd2994be3a64f9d184aac50112651e684c7fffcf85fdf0b9e:83)
09-25 19:03:39.888 20631 20631 W Bundle  : 	at q02.o(r8-map-id-829dc4487d0d500cd2994be3a64f9d184aac50112651e684c7fffcf85fdf0b9e:119)
09-25 19:03:39.888 20631 20631 W Bundle  : 	at aw.j(r8-map-id-829dc4487d0d500cd2994be3a64f9d184aac50112651e684c7fffcf85fdf0b9e:42)
09-25 19:03:39.888 20631 20631 W Bundle  : 	at aw.o(r8-map-id-829dc4487d0d500cd2994be3a64f9d184aac50112651e684c7fffcf85fdf0b9e:9)
09-25 19:03:39.888 20631 20631 W Bundle  : 	at kc.f(r8-map-id-829dc4487d0d500cd2994be3a64f9d184aac50112651e684c7fffcf85fdf0b9e:129)
09-25 19:03:39.888 20631 20631 W Bundle  : 	at aw.e(r8-map-id-829dc4487d0d500cd2994be3a64f9d184aac50112651e684c7fffcf85fdf0b9e:42)
09-25 19:03:39.888 20631 20631 W Bundle  : 	at aw.f(r8-map-id-829dc4487d0d500cd2994be3a64f9d184aac50112651e684c7fffcf85fdf0b9e:9)
09-25 19:03:39.888 20631 20631 W Bundle  : 	at lq.a(r8-map-id-829dc4487d0d500cd2994be3a64f9d184aac50112651e684c7fffcf85fdf0b9e:1338)
09-25 19:03:39.888 20631 20631 W Bundle  : 	at lc.g(r8-map-id-829dc4487d0d500cd2994be3a64f9d184aac50112651e684c7fffcf85fdf0b9e:255)
09-25 19:03:39.888 20631 20631 W Bundle  : 	at aw.d(r8-map-id-829dc4487d0d500cd2994be3a64f9d184aac50112651e684c7fffcf85fdf0b9e:42)
09-25 19:03:39.888 20631 20631 W Bundle  : 	at aw.g(r8-map-id-829dc4487d0d500cd2994be3a64f9d184aac50112651e684c7fffcf85fdf0b9e:9)
09-25 19:03:39.888 20631 20631 W Bundle  : 	at it1.H(Unknown Source:856)
09-25 19:03:39.888 20631 20631 W Bundle  : 	at g21.c(r8-map-id-829dc4487d0d500cd2994be3a64f9d184aac50112651e684c7fffcf85fdf0b9e:2545)
09-25 19:03:39.888 20631 20631 W Bundle  : 	at g21.d(r8-map-id-829dc4487d0d500cd2994be3a64f9d184aac50112651e684c7fffcf85fdf0b9e:241)
09-25 19:03:39.888 20631 20631 W Bundle  : 	at i31.a(r8-map-id-829dc4487d0d500cd2994be3a64f9d184aac50112651e684c7fffcf85fdf0b9e:957)
09-25 19:03:39.888 20631 20631 W Bundle  : 	at cs1.g(r8-map-id-829dc4487d0d500cd2994be3a64f9d184aac50112651e684c7fffcf85fdf0b9e:168)
09-25 19:03:39.888 20631 20631 W Bundle  : 	at aw.d(r8-map-id-829dc4487d0d500cd2994be3a64f9d184aac50112651e684c7fffcf85fdf0b9e:42)
09-25 19:03:39.888 20631 20631 W Bundle  : 	at aw.g(r8-map-id-829dc4487d0d500cd2994be3a64f9d184aac50112651e684c7fffcf85fdf0b9e:9)
09-25 19:03:39.888 20631 20631 W Bundle  : 	at hl3.f(r8-map-id-829dc4487d0d500cd2994be3a64f9d184aac50112651e684c7fffcf85fdf0b9e:171)
09-25 19:03:39.888 20631 20631 W Bundle  : 	at oh3.a(r8-map-id-829dc4487d0d500cd2994be3a64f9d184aac50112651e684c7fffcf85fdf0b9e:72)
09-25 19:03:39.888 20631 20631 W Bundle  : 	at fo.g(r8-map-id-829dc4487d0d500cd2994be3a64f9d184aac50112651e684c7fffcf85fdf0b9e:527)
09-25 19:03:39.888 20631 20631 W Bundle  : 	at aw.d(r8-map-id-829dc4487d0d500cd2994be3a64f9d184aac50112651e684c7fffcf85fdf0b9e:42)
09-25 19:03:39.888 20631 20631 W Bundle  : 	at aw.g(r8-map-id-829dc4487d0d500cd2994be3a64f9d184aac50112651e684c7fffcf85fdf0b9e:9)
09-25 19:03:39.888 20631 20631 W Bundle  : 	at hl3.g(r8-map-id-829dc4487d0d500cd2994be3a64f9d184aac50112651e684c7fffcf85fdf0b9e:214)
09-25 19:03:39.888 20631 20631 W Bundle  : 	at ht1.a(r8-map-id-829dc4487d0d500cd2994be3a64f9d184aac50112651e684c7fffcf85fdf0b9e:233)
09-25 19:03:39.888 20631 20631 W Bundle  : 	at ht1.b(r8-map-id-829dc4487d0d500cd2994be3a64f9d184aac50112651e684c7fffcf85fdf0b9e:140)
09-25 19:03:39.888 20631 20631 W Bundle  : 	at bl2.a(r8-map-id-829dc4487d0d500cd2994be3a64f9d184aac50112651e684c7fffcf85fdf0b9e:124)
09-25 19:03:39.888 20631 20631 W Bundle  : 	at cs1.g(r8-map-id-829dc4487d0d500cd2994be3a64f9d184aac50112651e684c7fffcf85fdf0b9e:53)
09-25 19:03:39.888 20631 20631 W Bundle  : 	at aw.d(r8-map-id-829dc4487d0d500cd2994be3a64f9d184aac50112651e684c7fffcf85fdf0b9e:42)
09-25 19:03:39.888 20631 20631 W Bundle  : 	at aw.g(r8-map-id-829dc4487d0d500cd2994be3a64f9d184aac50112651e684c7fffcf85fdf0b9e:9)
09-25 19:03:39.888 20631 20631 W Bundle  : 	at androidx.compose.ui.platform.ComposeView.a(r8-map-id-829dc4487d0d500cd2994be3a64f9d184aac50112651e684c7fffcf85fdf0b9e:64)
09-25 19:03:39.888 20631 20631 W Bundle  : 	at u.g(r8-map-id-829dc4487d0d500cd2994be3a64f9d184aac50112651e684c7fffcf85fdf0b9e:298)
09-25 19:03:39.888 20631 20631 W Bundle  : 	at aw.d(r8-map-id-829dc4487d0d500cd2994be3a64f9d184aac50112651e684c7fffcf85fdf0b9e:42)
09-25 19:03:39.888 20631 20631 W Bundle  : 	at aw.g(r8-map-id-829dc4487d0d500cd2994be3a64f9d184aac50112651e684c7fffcf85fdf0b9e:9)
09-25 19:03:39.888 20631 20631 W Bundle  : 	at hl3.g(r8-map-id-829dc4487d0d500cd2994be3a64f9d184aac50112651e684c7fffcf85fdf0b9e:214)
09-25 19:03:39.888 20631 20631 W Bundle  : 	at ry.a(r8-map-id-829dc4487d0d500cd2994be3a64f9d184aac50112651e684c7fffcf85fdf0b9e:319)
09-25 19:03:39.888 20631 20631 W Bundle  : 	at sx.g(r8-map-id-829dc4487d0d500cd2994be3a64f9d184aac50112651e684c7fffcf85fdf0b9e:62)
09-25 19:03:39.888 20631 20631 W Bundle  : 	at aw.d(r8-map-id-829dc4487d0d500cd2994be3a64f9d184aac50112651e684c7fffcf85fdf0b9e:42)
09-25 19:03:39.888 20631 20631 W Bundle  : 	at aw.g(r8-map-id-829dc4487d0d500cd2994be3a64f9d184aac50112651e684c7fffcf85fdf0b9e:9)
09-25 19:03:39.888 20631 20631 W Bundle  : 	at hl3.g(r8-map-id-829dc4487d0d500cd2994be3a64f9d184aac50112651e684c7fffcf85fdf0b9e:214)
09-25 19:03:39.888 20631 20631 W Bundle  : 	at ux.a(r8-map-id-829dc4487d0d500cd2994be3a64f9d184aac50112651e684c7fffcf85fdf0b9e:495)
09-25 19:03:39.888 20631 20631 W Bundle  : 	at yb.g(r8-map-id-829dc4487d0d500cd2994be3a64f9d184aac50112651e684c7fffcf85fdf0b9e:100)
09-25 19:03:39.888 20631 20631 W Bundle  : 	at aw.d(r8-map-id-829dc4487d0d500cd2994be3a64f9d184aac50112651e684c7fffcf85fdf0b9e:42)
09-25 19:03:39.888 20631 20631 W Bundle  : 	at aw.g(r8-map-id-829dc4487d0d500cd2994be3a64f9d184aac50112651e684c7fffcf85fdf0b9e:9)
09-25 19:03:39.888 20631 20631 W Bundle  : 	at i31.B(r8-map-id-829dc4487d0d500cd2994be3a64f9d184aac50112651e684c7fffcf85fdf0b9e:13)
09-25 19:03:39.888 20631 20631 W Bundle  : 	at yy0.n(r8-map-id-829dc4487d0d500cd2994be3a64f9d184aac50112651e684c7fffcf85fdf0b9e:85)
09-25 19:03:39.888 20631 20631 W Bundle  : 	at ly.j(r8-map-id-829dc4487d0d500cd2994be3a64f9d184aac50112651e684c7fffcf85fdf0b9e:37)
09-25 19:03:39.888 20631 20631 W Bundle  : 	at im2.a(r8-map-id-829dc4487d0d500cd2994be3a64f9d184aac50112651e684c7fffcf85fdf0b9e:76)
09-25 19:03:39.888 20631 20631 W Bundle  : 	at ly.A(r8-map-id-829dc4487d0d500cd2994be3a64f9d184aac50112651e684c7fffcf85fdf0b9e:27)
09-25 19:03:39.888 20631 20631 W Bundle  : 	at g9.i(r8-map-id-829dc4487d0d500cd2994be3a64f9d184aac50112651e684c7fffcf85fdf0b9e:114)
09-25 19:03:39.888 20631 20631 W Bundle  : 	at f6.setOnReadyForComposition(r8-map-id-829dc4487d0d500cd2994be3a64f9d184aac50112651e684c7fffcf85fdf0b9e:22)
09-25 19:03:39.888 20631 20631 W Bundle  : 	at ws3.b(r8-map-id-829dc4487d0d500cd2994be3a64f9d184aac50112651e684c7fffcf85fdf0b9e:12)
09-25 19:03:39.888 20631 20631 W Bundle  : 	at ws3.m(r8-map-id-829dc4487d0d500cd2994be3a64f9d184aac50112651e684c7fffcf85fdf0b9e:19)
09-25 19:03:39.888 20631 20631 W Bundle  : 	at an1.a(r8-map-id-829dc4487d0d500cd2994be3a64f9d184aac50112651e684c7fffcf85fdf0b9e:21)
09-25 19:03:39.888 20631 20631 W Bundle  : 	at bn1.a(r8-map-id-829dc4487d0d500cd2994be3a64f9d184aac50112651e684c7fffcf85fdf0b9e:272)
09-25 19:03:39.888 20631 20631 W Bundle  : 	at g9.i(r8-map-id-829dc4487d0d500cd2994be3a64f9d184aac50112651e684c7fffcf85fdf0b9e:85)
09-25 19:03:39.888 20631 20631 W Bundle  : 	at f6.onAttachedToWindow(r8-map-id-829dc4487d0d500cd2994be3a64f9d184aac50112651e684c7fffcf85fdf0b9e:311)
09-25 19:03:39.888 20631 20631 W Bundle  : 	at android.view.View.dispatchAttachedToWindow(View.java:23299)
09-25 19:03:39.888 20631 20631 W Bundle  : 	at android.view.ViewGroup.dispatchAttachedToWindow(ViewGroup.java:3517)
09-25 19:03:39.888 20631 20631 W Bundle  : 	at android.view.ViewGroup.dispatchAttachedToWindow(ViewGroup.java:3524)
09-25 19:03:39.888 20631 20631 W Bundle  : 	at android.view.ViewGroup.dispatchAttachedToWindow(ViewGroup.java:3524)
09-25 19:03:39.888 20631 20631 W Bundle  : 	at android.view.ViewGroup.dispatchAttachedToWindow(ViewGroup.java:3524)
09-25 19:03:39.888 20631 20631 W Bundle  : 	at android.view.ViewGroup.dispatchAttachedToWindow(ViewGroup.java:3524)
09-25 19:03:39.888 20631 20631 W Bundle  : 	at android.view.ViewRootImpl.performTraversals(ViewRootImpl.java:3741)
09-25 19:03:39.888 20631 20631 W Bundle  : 	at android.view.ViewRootImpl.doTraversal(ViewRootImpl.java:3156)
09-25 19:03:39.888 20631 20631 W Bundle  : 	at android.view.ViewRootImpl$TraversalRunnable.run(ViewRootImpl.java:10887)
09-25 19:03:39.888 20631 20631 W Bundle  : 	at android.view.Choreographer$CallbackRecord.run(Choreographer.java:1647)
09-25 19:03:39.888 20631 20631 W Bundle  : 	at android.view.Choreographer$CallbackRecord.run(Choreographer.java:1656)
09-25 19:03:39.888 20631 20631 W Bundle  : 	at android.view.Choreographer.doCallbacks(Choreographer.java:1252)
09-25 19:03:39.888 20631 20631 W Bundle  : 	at android.view.Choreographer.doFrame(Choreographer.java:1178)
09-25 19:03:39.888 20631 20631 W Bundle  : 	at android.view.Choreographer$FrameDisplayEventReceiver.run(Choreographer.java:1630)
09-25 19:03:39.888 20631 20631 W Bundle  : 	at android.os.Handler.handleCallback(Handler.java:1070)
09-25 19:03:39.888 20631 20631 W Bundle  : 	at android.os.Handler.dispatchMessage(Handler.java:125)
09-25 19:03:39.888 20631 20631 W Bundle  : 	at android.os.Looper.dispatchMessage(Looper.java:333)
09-25 19:03:39.888 20631 20631 W Bundle  : 	at android.os.Looper.loopOnce(Looper.java:263)
09-25 19:03:39.888 20631 20631 W Bundle  : 	at android.os.Looper.loop(Looper.java:367)
09-25 19:03:39.888 20631 20631 W Bundle  : 	at android.app.ActivityThread.main(ActivityThread.java:9328)
09-25 19:03:39.888 20631 20631 W Bundle  : 	at java.lang.reflect.Method.invoke(Native Method)
09-25 19:03:39.888 20631 20631 W Bundle  : 	at com.android.internal.os.RuntimeInit$MethodAndArgsCaller.run(RuntimeInit.java:569)
09-25 19:03:39.888 20631 20631 W Bundle  : 	at com.android.internal.os.ZygoteInit.main(ZygoteInit.java:929)
09-25 19:03:39.900 20631 20631 D InsetsController: Setting requestedVisibleTypes to 502 (was 503)
09-25 19:03:39.903 20631 20631 I HWUI    : Using FreeType backend (prop=Auto)
09-25 19:03:39.929 20631 20661 I Gralloc4: Adding additional valid usage bits: 0x8202000
09-25 19:03:39.931 20631 20631 D VRI[MainActivity]: WindowInsets changed: navigationBars:[0,0,134,0] 
09-25 19:03:39.942 20631 20648 I AdrenoUtils: <ReadGpuID:357>: Reading chip ID through GSL
09-25 19:03:39.942 20631 20648 W qdgralloc: getInterlacedFlag: getMetaData returned 3, defaulting to interlaced_flag = 0
09-25 19:03:40.116 20631 20631 I AdrenoGLES-0: QUALCOMM build                   : f6b5df5188, I29aebc4401
09-25 19:03:40.116 20631 20631 I AdrenoGLES-0: Build Date                       : 09/19/25
09-25 19:03:40.116 20631 20631 I AdrenoGLES-0: OpenGL ES Shader Compiler Version: E031.45.02.26
09-25 19:03:40.116 20631 20631 I AdrenoGLES-0: Local Branch                     : 
09-25 19:03:40.116 20631 20631 I AdrenoGLES-0: Remote Branch                    : refs/tags/AU_LINUX_ANDROID_LA.VENDOR.14.3.0.11.00.00.974.010
09-25 19:03:40.116 20631 20631 I AdrenoGLES-0: Remote Branch                    : NONE
09-25 19:03:40.116 20631 20631 I AdrenoGLES-0: Reconstruct Branch               : NOTHING
09-25 19:03:40.116 20631 20631 I AdrenoGLES-0: Build Config                     : S P 16.1.2 AArch64
09-25 19:03:40.116 20631 20631 I AdrenoGLES-0: Driver Path                      : /vendor/lib64/egl/libGLESv2_adreno.so
09-25 19:03:40.116 20631 20631 I AdrenoGLES-0: Driver Version                   : 0762.41
09-25 19:03:40.116 20631 20631 I AdrenoGLES-0: Process Name                     : com.zenithblue.sambas3
09-25 19:03:40.118 20631 20631 I AdrenoGLES-0: PFP: 0x01520181, ME: 0x01520023
09-25 19:03:40.124 20631 20631 I AdrenoGpuDetector: GPU detect raw=Adreno (TM) 750 id=750 family=ADRENO_7XX adreno=true arm64=true
09-25 19:03:40.125 20631 20631 I RPCSX-UI: Loading custom driver /data/data/com.zenithblue.sambas3/files/gpu_drivers/turnip-26.3
09-25 19:03:40.123 20631 20631 W ithblue.sambas3: type=1400 audit(0.0:6995748): avc:  denied  { execstack } for  scontext=u:r:untrusted_app:s0:c207,c257,c512,c768 tcontext=u:r:untrusted_app:s0:c207,c257,c512,c768 tclass=process permissive=0 app=com.zenithblue.sambas3
09-25 19:03:40.130 20631 20631 I S3RECOVERY: refresh session=1790342570097-3c9637dc state=FAILED terminal=1790319879218-01609e0a/true process=d3607191-98e9-4284-9953-68b11fed9fe4/bc6f7ea3-95ae-444b-a35a-79bc531e696b
09-25 19:03:40.130 20631 20631 I S3RECOVERY: ignoring stale CLEAN_STOP session=1790319879218-01609e0a activeSession=1790342570097-3c9637dc
09-25 19:03:40.131 20631 20658 E ithblue.sambas3: hiddenapi: Accessing hidden method Landroid/app/ApplicationExitInfo;->getSubReason()I (runtime_flags=0, domain=platform, api=blocked) from Lx72; (domain=app, TargetSdkVersion=37) using reflection: denied
09-25 19:03:40.132 20631 20658 E ithblue.sambas3: hiddenapi: Accessing hidden method Landroid/app/ApplicationExitInfo;->getSubReason()I (runtime_flags=0, domain=platform, api=blocked) from Lx72; (domain=app, TargetSdkVersion=37) using reflection: denied
09-25 19:03:40.132 20631 20658 E ithblue.sambas3: hiddenapi: Accessing hidden method Landroid/app/ApplicationExitInfo;->getSubReason()I (runtime_flags=0, domain=platform, api=blocked) from Lx72; (domain=app, TargetSdkVersion=37) using reflection: denied
09-25 19:03:40.132 20631 20658 E ithblue.sambas3: hiddenapi: Accessing hidden method Landroid/app/ApplicationExitInfo;->getSubReason()I (runtime_flags=0, domain=platform, api=blocked) from Lx72; (domain=app, TargetSdkVersion=37) using reflection: denied
09-25 19:03:40.132 20631 20658 E ithblue.sambas3: hiddenapi: Accessing hidden method Landroid/app/ApplicationExitInfo;->getSubReason()I (runtime_flags=0, domain=platform, api=blocked) from Lx72; (domain=app, TargetSdkVersion=37) using reflection: denied
09-25 19:03:40.133 20631 20658 E ithblue.sambas3: hiddenapi: Accessing hidden method Landroid/app/ApplicationExitInfo;->getSubReason()I (runtime_flags=0, domain=platform, api=blocked) from Lx72; (domain=app, TargetSdkVersion=37) using reflection: denied
09-25 19:03:40.133 20631 20658 E ithblue.sambas3: hiddenapi: Accessing hidden method Landroid/app/ApplicationExitInfo;->getSubReason()I (runtime_flags=0, domain=platform, api=blocked) from Lx72; (domain=app, TargetSdkVersion=37) using reflection: denied
09-25 19:03:40.133 20631 20658 E ithblue.sambas3: hiddenapi: Accessing hidden method Landroid/app/ApplicationExitInfo;->getSubReason()I (runtime_flags=0, domain=platform, api=blocked) from Lx72; (domain=app, TargetSdkVersion=37) using reflection: denied
09-25 19:03:40.134 20631 20658 E ithblue.sambas3: hiddenapi: Accessing hidden method Landroid/app/ApplicationExitInfo;->getSubReason()I (runtime_flags=0, domain=platform, api=blocked) from Lx72; (domain=app, TargetSdkVersion=37) using reflection: denied
09-25 19:03:40.134 20631 20658 E ithblue.sambas3: hiddenapi: Accessing hidden method Landroid/app/ApplicationExitInfo;->getSubReason()I (runtime_flags=0, domain=platform, api=blocked) from Lx72; (domain=app, TargetSdkVersion=37) using reflection: denied
09-25 19:03:40.134 20631 20658 E ithblue.sambas3: hiddenapi: Accessing hidden method Landroid/app/ApplicationExitInfo;->getSubReason()I (runtime_flags=0, domain=platform, api=blocked) from Lx72; (domain=app, TargetSdkVersion=37) using reflection: denied
09-25 19:03:40.135 20631 20658 E ithblue.sambas3: hiddenapi: Accessing hidden method Landroid/app/ApplicationExitInfo;->getSubReason()I (runtime_flags=0, domain=platform, api=blocked) from Lx72; (domain=app, TargetSdkVersion=37) using reflection: denied
09-25 19:03:40.135 20631 20658 E ithblue.sambas3: hiddenapi: Accessing hidden method Landroid/app/ApplicationExitInfo;->getSubReason()I (runtime_flags=0, domain=platform, api=blocked) from Lx72; (domain=app, TargetSdkVersion=37) using reflection: denied
09-25 19:03:40.137 20631 20658 E ithblue.sambas3: hiddenapi: Accessing hidden method Landroid/app/ApplicationExitInfo;->getSubReason()I (runtime_flags=0, domain=platform, api=blocked) from Lx72; (domain=app, TargetSdkVersion=37) using reflection: denied
09-25 19:03:40.137 20631 20648 W qdgralloc: getInterlacedFlag: getMetaData returned 3, defaulting to interlaced_flag = 0
09-25 19:03:40.137 20631 20658 E ithblue.sambas3: hiddenapi: Accessing hidden method Landroid/app/ApplicationExitInfo;->getSubReason()I (runtime_flags=0, domain=platform, api=blocked) from Lx72; (domain=app, TargetSdkVersion=37) using reflection: denied
09-25 19:03:40.141 20631 20658 E ithblue.sambas3: hiddenapi: Accessing hidden method Landroid/app/ApplicationExitInfo;->getSubReason()I (runtime_flags=0, domain=platform, api=blocked) from Lx72; (domain=app, TargetSdkVersion=37) using reflection: denied
09-25 19:03:40.152 20631 20631 W Bundle  : Key battery_low expected Integer but value was a java.lang.Boolean.  The default value 0 was returned.
09-25 19:03:40.152 20631 20631 W Bundle  : Attempt to cast generated internal exception:
09-25 19:03:40.152 20631 20631 W Bundle  : java.lang.ClassCastException: java.lang.Boolean cannot be cast to java.lang.Integer
09-25 19:03:40.152 20631 20631 W Bundle  : 	at android.os.BaseBundle.getInt(BaseBundle.java:1348)
09-25 19:03:40.152 20631 20631 W Bundle  : 	at android.content.Intent.getIntExtra(Intent.java:9617)
09-25 19:03:40.152 20631 20631 W Bundle  : 	at ry0.b0(r8-map-id-829dc4487d0d500cd2994be3a64f9d184aac50112651e684c7fffcf85fdf0b9e:47)
09-25 19:03:40.152 20631 20631 W Bundle  : 	at qa.onReceive(r8-map-id-829dc4487d0d500cd2994be3a64f9d184aac50112651e684c7fffcf85fdf0b9e:16)
09-25 19:03:40.152 20631 20631 W Bundle  : 	at android.app.LoadedApk$ReceiverDispatcher$Args.lambda$getRunnable$0(LoadedApk.java:1931)
09-25 19:03:40.152 20631 20631 W Bundle  : 	at android.app.LoadedApk$ReceiverDispatcher$Args.$r8$lambda$mcNAAl1SQ4MyJPyDg8TJ2x2h0Rk(Unknown Source:0)
09-25 19:03:40.152 20631 20631 W Bundle  : 	at android.app.LoadedApk$ReceiverDispatcher$Args$$ExternalSyntheticLambda0.run(D8$$SyntheticClass:0)
09-25 19:03:40.152 20631 20631 W Bundle  : 	at android.os.Handler.handleCallback(Handler.java:1070)
09-25 19:03:40.152 20631 20631 W Bundle  : 	at android.os.Handler.dispatchMessage(Handler.java:125)
09-25 19:03:40.152 20631 20631 W Bundle  : 	at android.os.Looper.dispatchMessage(Looper.java:333)
09-25 19:03:40.152 20631 20631 W Bundle  : 	at android.os.Looper.loopOnce(Looper.java:263)
09-25 19:03:40.152 20631 20631 W Bundle  : 	at android.os.Looper.loop(Looper.java:367)
09-25 19:03:40.152 20631 20631 W Bundle  : 	at android.app.ActivityThread.main(ActivityThread.java:9328)
09-25 19:03:40.152 20631 20631 W Bundle  : 	at java.lang.reflect.Method.invoke(Native Method)
09-25 19:03:40.152 20631 20631 W Bundle  : 	at com.android.internal.os.RuntimeInit$MethodAndArgsCaller.run(RuntimeInit.java:569)
09-25 19:03:40.152 20631 20631 W Bundle  : 	at com.android.internal.os.ZygoteInit.main(ZygoteInit.java:929)
09-25 19:03:40.153 20631 20631 I S3RECOVERY: refresh session=1790342570097-3c9637dc state=FAILED terminal=1790319879218-01609e0a/true process=d3607191-98e9-4284-9953-68b11fed9fe4/bc6f7ea3-95ae-444b-a35a-79bc531e696b
09-25 19:03:40.153 20631 20631 I S3RECOVERY: ignoring stale CLEAN_STOP session=1790319879218-01609e0a activeSession=1790342570097-3c9637dc
09-25 19:03:40.154 20631 20631 I S3RECOVERY: decision=CONFIRMED_CRASH session=1790342570097-3c9637dc report=CONFIRMED_CRASH cause=FRAME TIMEOUT
09-25 19:03:40.166 20631 20662 E ithblue.sambas3: hiddenapi: Accessing hidden method Landroid/app/ApplicationExitInfo;->getSubReason()I (runtime_flags=0, domain=platform, api=blocked) from Lx72; (domain=app, TargetSdkVersion=37) using reflection: denied
09-25 19:03:40.166 20631 20662 E ithblue.sambas3: hiddenapi: Accessing hidden method Landroid/app/ApplicationExitInfo;->getSubReason()I (runtime_flags=0, domain=platform, api=blocked) from Lx72; (domain=app, TargetSdkVersion=37) using reflection: denied
09-25 19:03:40.167 20631 20662 E ithblue.sambas3: hiddenapi: Accessing hidden method Landroid/app/ApplicationExitInfo;->getSubReason()I (runtime_flags=0, domain=platform, api=blocked) from Lx72; (domain=app, TargetSdkVersion=37) using reflection: denied
09-25 19:03:40.167 20631 20662 E ithblue.sambas3: hiddenapi: Accessing hidden method Landroid/app/ApplicationExitInfo;->getSubReason()I (runtime_flags=0, domain=platform, api=blocked) from Lx72; (domain=app, TargetSdkVersion=37) using reflection: denied
09-25 19:03:40.167 20631 20662 E ithblue.sambas3: hiddenapi: Accessing hidden method Landroid/app/ApplicationExitInfo;->getSubReason()I (runtime_flags=0, domain=platform, api=blocked) from Lx72; (domain=app, TargetSdkVersion=37) using reflection: denied
09-25 19:03:40.167 20631 20662 E ithblue.sambas3: hiddenapi: Accessing hidden method Landroid/app/ApplicationExitInfo;->getSubReason()I (runtime_flags=0, domain=platform, api=blocked) from Lx72; (domain=app, TargetSdkVersion=37) using reflection: denied
09-25 19:03:40.167 20631 20662 E ithblue.sambas3: hiddenapi: Accessing hidden method Landroid/app/ApplicationExitInfo;->getSubReason()I (runtime_flags=0, domain=platform, api=blocked) from Lx72; (domain=app, TargetSdkVersion=37) using reflection: denied
09-25 19:03:40.167 20631 20662 E ithblue.sambas3: hiddenapi: Accessing hidden method Landroid/app/ApplicationExitInfo;->getSubReason()I (runtime_flags=0, domain=platform, api=blocked) from Lx72; (domain=app, TargetSdkVersion=37) using reflection: denied
09-25 19:03:40.168 20631 20662 E ithblue.sambas3: hiddenapi: Accessing hidden method Landroid/app/ApplicationExitInfo;->getSubReason()I (runtime_flags=0, domain=platform, api=blocked) from Lx72; (domain=app, TargetSdkVersion=37) using reflection: denied
09-25 19:03:40.168 20631 20662 E ithblue.sambas3: hiddenapi: Accessing hidden method Landroid/app/ApplicationExitInfo;->getSubReason()I (runtime_flags=0, domain=platform, api=blocked) from Lx72; (domain=app, TargetSdkVersion=37) using reflection: denied
09-25 19:03:40.168 20631 20662 E ithblue.sambas3: hiddenapi: Accessing hidden method Landroid/app/ApplicationExitInfo;->getSubReason()I (runtime_flags=0, domain=platform, api=blocked) from Lx72; (domain=app, TargetSdkVersion=37) using reflection: denied
09-25 19:03:40.168 20631 20662 E ithblue.sambas3: hiddenapi: Accessing hidden method Landroid/app/ApplicationExitInfo;->getSubReason()I (runtime_flags=0, domain=platform, api=blocked) from Lx72; (domain=app, TargetSdkVersion=37) using reflection: denied
09-25 19:03:40.169 20631 20662 E ithblue.sambas3: hiddenapi: Accessing hidden method Landroid/app/ApplicationExitInfo;->getSubReason()I (runtime_flags=0, domain=platform, api=blocked) from Lx72; (domain=app, TargetSdkVersion=37) using reflection: denied
09-25 19:03:40.169 20631 20662 E ithblue.sambas3: hiddenapi: Accessing hidden method Landroid/app/ApplicationExitInfo;->getSubReason()I (runtime_flags=0, domain=platform, api=blocked) from Lx72; (domain=app, TargetSdkVersion=37) using reflection: denied
09-25 19:03:40.169 20631 20662 E ithblue.sambas3: hiddenapi: Accessing hidden method Landroid/app/ApplicationExitInfo;->getSubReason()I (runtime_flags=0, domain=platform, api=blocked) from Lx72; (domain=app, TargetSdkVersion=37) using reflection: denied
09-25 19:03:40.169 20631 20662 E ithblue.sambas3: hiddenapi: Accessing hidden method Landroid/app/ApplicationExitInfo;->getSubReason()I (runtime_flags=0, domain=platform, api=blocked) from Lx72; (domain=app, TargetSdkVersion=37) using reflection: denied
09-25 19:03:40.173 20631 20648 W qdgralloc: getInterlacedFlag: getMetaData returned 3, defaulting to interlaced_flag = 0
09-25 19:03:40.184 20631 20631 I ImeTracker: com.zenithblue.sambas3:65c3b6f9: onCancelled at PHASE_CLIENT_ALREADY_HIDDEN
09-25 19:03:40.185 20631 20631 I S3RECOVERY: decision=CONFIRMED_CRASH session=1790342570097-3c9637dc report=CONFIRMED_CRASH cause=FRAME TIMEOUT
09-25 19:03:40.186 20631 20648 W qdgralloc: getInterlacedFlag: getMetaData returned 3, defaulting to interlaced_flag = 0
09-25 19:03:40.456 20631 20631 W InteractionJankMonitor: Initializing without READ_DEVICE_CONFIG permission. enabled=false, interval=1, missedFrameThreshold=3, frameTimeThreshold=64, package=com.zenithblue.sambas3
09-25 19:03:43.269 20631 20682 W ithblue.sambas3: userfaultfd: MOVE ioctl seems unsupported: Try again
09-25 19:03:43.275 20631 20682 I ithblue.sambas3: Explicit concurrent mark compact GC freed 45MB AllocSpace bytes, 81(2308KB) LOS objects, 84% free, 4521KB/28MB, paused 130us,656us total 32.812ms
09-25 19:03:43.276 20631 20636 I ithblue.sambas3: WaitForGcToComplete blocked Background on Explicit for 31.197ms
09-25 19:03:44.024 20631 20631 I S3SPLASH: coldStart=true restored=false pendingRecovery=true show=false
09-25 19:03:44.027 20631 20631 I DebugPad: registered sender=adb-shell
09-25 19:03:44.029 20631 20631 I S3RECOVERY: refresh session=1790342570097-3c9637dc state=FAILED terminal=1790319879218-01609e0a/true process=d3607191-98e9-4284-9953-68b11fed9fe4/bc6f7ea3-95ae-444b-a35a-79bc531e696b
09-25 19:03:44.029 20631 20631 I S3RECOVERY: ignoring stale CLEAN_STOP session=1790319879218-01609e0a activeSession=1790342570097-3c9637dc
09-25 19:03:44.030 20631 20658 E ithblue.sambas3: hiddenapi: Accessing hidden method Landroid/app/ApplicationExitInfo;->getSubReason()I (runtime_flags=0, domain=platform, api=blocked) from Lx72; (domain=app, TargetSdkVersion=37) using reflection: denied
09-25 19:03:44.030 20631 20658 E ithblue.sambas3: hiddenapi: Accessing hidden method Landroid/app/ApplicationExitInfo;->getSubReason()I (runtime_flags=0, domain=platform, api=blocked) from Lx72; (domain=app, TargetSdkVersion=37) using reflection: denied
09-25 19:03:44.030 20631 20658 E ithblue.sambas3: hiddenapi: Accessing hidden method Landroid/app/ApplicationExitInfo;->getSubReason()I (runtime_flags=0, domain=platform, api=blocked) from Lx72; (domain=app, TargetSdkVersion=37) using reflection: denied
09-25 19:03:44.031 20631 20658 E ithblue.sambas3: hiddenapi: Accessing hidden method Landroid/app/ApplicationExitInfo;->getSubReason()I (runtime_flags=0, domain=platform, api=blocked) from Lx72; (domain=app, TargetSdkVersion=37) using reflection: denied
09-25 19:03:44.031 20631 20658 E ithblue.sambas3: hiddenapi: Accessing hidden method Landroid/app/ApplicationExitInfo;->getSubReason()I (runtime_flags=0, domain=platform, api=blocked) from Lx72; (domain=app, TargetSdkVersion=37) using reflection: denied
09-25 19:03:44.031 20631 20658 E ithblue.sambas3: hiddenapi: Accessing hidden method Landroid/app/ApplicationExitInfo;->getSubReason()I (runtime_flags=0, domain=platform, api=blocked) from Lx72; (domain=app, TargetSdkVersion=37) using reflection: denied
09-25 19:03:44.031 20631 20658 E ithblue.sambas3: hiddenapi: Accessing hidden method Landroid/app/ApplicationExitInfo;->getSubReason()I (runtime_flags=0, domain=platform, api=blocked) from Lx72; (domain=app, TargetSdkVersion=37) using reflection: denied
09-25 19:03:44.032 20631 20658 E ithblue.sambas3: hiddenapi: Accessing hidden method Landroid/app/ApplicationExitInfo;->getSubReason()I (runtime_flags=0, domain=platform, api=blocked) from Lx72; (domain=app, TargetSdkVersion=37) using reflection: denied
09-25 19:03:44.032 20631 20658 E ithblue.sambas3: hiddenapi: Accessing hidden method Landroid/app/ApplicationExitInfo;->getSubReason()I (runtime_flags=0, domain=platform, api=blocked) from Lx72; (domain=app, TargetSdkVersion=37) using reflection: denied
09-25 19:03:44.032 20631 20658 E ithblue.sambas3: hiddenapi: Accessing hidden method Landroid/app/ApplicationExitInfo;->getSubReason()I (runtime_flags=0, domain=platform, api=blocked) from Lx72; (domain=app, TargetSdkVersion=37) using reflection: denied
09-25 19:03:44.032 20631 20658 E ithblue.sambas3: hiddenapi: Accessing hidden method Landroid/app/ApplicationExitInfo;->getSubReason()I (runtime_flags=0, domain=platform, api=blocked) from Lx72; (domain=app, TargetSdkVersion=37) using reflection: denied
09-25 19:03:44.032 20631 20658 E ithblue.sambas3: hiddenapi: Accessing hidden method Landroid/app/ApplicationExitInfo;->getSubReason()I (runtime_flags=0, domain=platform, api=blocked) from Lx72; (domain=app, TargetSdkVersion=37) using reflection: denied
09-25 19:03:44.032 20631 20631 D WindowOnBackDispatcher: setTopOnBackInvokedCallback (unwrapped): android.app.Activity$$ExternalSyntheticLambda0@b22b8ba
09-25 19:03:44.032 20631 20658 E ithblue.sambas3: hiddenapi: Accessing hidden method Landroid/app/ApplicationExitInfo;->getSubReason()I (runtime_flags=0, domain=platform, api=blocked) from Lx72; (domain=app, TargetSdkVersion=37) using reflection: denied
09-25 19:03:44.032 20631 20658 E ithblue.sambas3: hiddenapi: Accessing hidden method Landroid/app/ApplicationExitInfo;->getSubReason()I (runtime_flags=0, domain=platform, api=blocked) from Lx72; (domain=app, TargetSdkVersion=37) using reflection: denied
09-25 19:03:44.032 20631 20658 E ithblue.sambas3: hiddenapi: Accessing hidden method Landroid/app/ApplicationExitInfo;->getSubReason()I (runtime_flags=0, domain=platform, api=blocked) from Lx72; (domain=app, TargetSdkVersion=37) using reflection: denied
09-25 19:03:44.032 20631 20658 E ithblue.sambas3: hiddenapi: Accessing hidden method Landroid/app/ApplicationExitInfo;->getSubReason()I (runtime_flags=0, domain=platform, api=blocked) from Lx72; (domain=app, TargetSdkVersion=37) using reflection: denied
09-25 19:03:44.040 20631 20631 D VRI[MainActivity]: WindowInsets changed: 2780x1264 navigationBars:[0,0,134,0] mandatorySystemGestures:[0,78,134,0] 
09-25 19:03:44.044 20631 20631 W Bundle  : Key battery_low expected Integer but value was a java.lang.Boolean.  The default value 0 was returned.
09-25 19:03:44.045 20631 20631 W Bundle  : Attempt to cast generated internal exception:
09-25 19:03:44.045 20631 20631 W Bundle  : java.lang.ClassCastException: java.lang.Boolean cannot be cast to java.lang.Integer
09-25 19:03:44.045 20631 20631 W Bundle  : 	at android.os.BaseBundle.getInt(BaseBundle.java:1348)
09-25 19:03:44.045 20631 20631 W Bundle  : 	at android.content.Intent.getIntExtra(Intent.java:9617)
09-25 19:03:44.045 20631 20631 W Bundle  : 	at ry0.b0(r8-map-id-829dc4487d0d500cd2994be3a64f9d184aac50112651e684c7fffcf85fdf0b9e:47)
09-25 19:03:44.045 20631 20631 W Bundle  : 	at ry0.a(r8-map-id-829dc4487d0d500cd2994be3a64f9d184aac50112651e684c7fffcf85fdf0b9e:56)
09-25 19:03:44.045 20631 20631 W Bundle  : 	at ry0.h(r8-map-id-829dc4487d0d500cd2994be3a64f9d184aac50112651e684c7fffcf85fdf0b9e:706)
09-25 19:03:44.045 20631 20631 W Bundle  : 	at i31.h(r8-map-id-829dc4487d0d500cd2994be3a64f9d184aac50112651e684c7fffcf85fdf0b9e:413)
09-25 19:03:44.045 20631 20631 W Bundle  : 	at jf.o(r8-map-id-829dc4487d0d500cd2994be3a64f9d184aac50112651e684c7fffcf85fdf0b9e:159)
09-25 19:03:44.045 20631 20631 W Bundle  : 	at aw.j(r8-map-id-829dc4487d0d500cd2994be3a64f9d184aac50112651e684c7fffcf85fdf0b9e:42)
09-25 19:03:44.045 20631 20631 W Bundle  : 	at aw.o(r8-map-id-829dc4487d0d500cd2994be3a64f9d184aac50112651e684c7fffcf85fdf0b9e:9)
09-25 19:03:44.045 20631 20631 W Bundle  : 	at fo.g(r8-map-id-829dc4487d0d500cd2994be3a64f9d184aac50112651e684c7fffcf85fdf0b9e:456)
09-25 19:03:44.045 20631 20631 W Bundle  : 	at aw.d(r8-map-id-829dc4487d0d500cd2994be3a64f9d184aac50112651e684c7fffcf85fdf0b9e:42)
09-25 19:03:44.045 20631 20631 W Bundle  : 	at aw.g(r8-map-id-829dc4487d0d500cd2994be3a64f9d184aac50112651e684c7fffcf85fdf0b9e:9)
09-25 19:03:44.045 20631 20631 W Bundle  : 	at hl3.g(r8-map-id-829dc4487d0d500cd2994be3a64f9d184aac50112651e684c7fffcf85fdf0b9e:214)
09-25 19:03:44.045 20631 20631 W Bundle  : 	at lu2.b(r8-map-id-829dc4487d0d500cd2994be3a64f9d184aac50112651e684c7fffcf85fdf0b9e:155)
09-25 19:03:44.045 20631 20631 W Bundle  : 	at c91.e(r8-map-id-829dc4487d0d500cd2994be3a64f9d184aac50112651e684c7fffcf85fdf0b9e:155)
09-25 19:03:44.045 20631 20631 W Bundle  : 	at fo.g(r8-map-id-829dc4487d0d500cd2994be3a64f9d184aac50112651e684c7fffcf85fdf0b9e:491)
09-25 19:03:44.045 20631 20631 W Bundle  : 	at aw.d(r8-map-id-829dc4487d0d500cd2994be3a64f9d184aac50112651e684c7fffcf85fdf0b9e:42)
09-25 19:03:44.045 20631 20631 W Bundle  : 	at aw.g(r8-map-id-829dc4487d0d500cd2994be3a64f9d184aac50112651e684c7fffcf85fdf0b9e:9)
09-25 19:03:44.045 20631 20631 W Bundle  : 	at hl3.g(r8-map-id-829dc4487d0d500cd2994be3a64f9d184aac50112651e684c7fffcf85fdf0b9e:214)
09-25 19:03:44.045 20631 20631 W Bundle  : 	at c91.b(r8-map-id-829dc4487d0d500cd2994be3a64f9d184aac50112651e684c7fffcf85fdf0b9e:83)
09-25 19:03:44.045 20631 20631 W Bundle  : 	at q02.o(r8-map-id-829dc4487d0d500cd2994be3a64f9d184aac50112651e684c7fffcf85fdf0b9e:119)
09-25 19:03:44.045 20631 20631 W Bundle  : 	at aw.j(r8-map-id-829dc4487d0d500cd2994be3a64f9d184aac50112651e684c7fffcf85fdf0b9e:42)
09-25 19:03:44.045 20631 20631 W Bundle  : 	at aw.o(r8-map-id-829dc4487d0d500cd2994be3a64f9d184aac50112651e684c7fffcf85fdf0b9e:9)
09-25 19:03:44.045 20631 20631 W Bundle  : 	at kc.f(r8-map-id-829dc4487d0d500cd2994be3a64f9d184aac50112651e684c7fffcf85fdf0b9e:129)
09-25 19:03:44.045 20631 20631 W Bundle  : 	at aw.e(r8-map-id-829dc4487d0d500cd2994be3a64f9d184aac50112651e684c7fffcf85fdf0b9e:42)
09-25 19:03:44.045 20631 20631 W Bundle  : 	at aw.f(r8-map-id-829dc4487d0d500cd2994be3a64f9d184aac50112651e684c7fffcf85fdf0b9e:9)
09-25 19:03:44.045 20631 20631 W Bundle  : 	at lq.a(r8-map-id-829dc4487d0d500cd2994be3a64f9d184aac50112651e684c7fffcf85fdf0b9e:1338)
09-25 19:03:44.045 20631 20631 W Bundle  : 	at lc.g(r8-map-id-829dc4487d0d500cd2994be3a64f9d184aac50112651e684c7fffcf85fdf0b9e:255)
09-25 19:03:44.045 20631 20631 W Bundle  : 	at aw.d(r8-map-id-829dc4487d0d500cd2994be3a64f9d184aac50112651e684c7fffcf85fdf0b9e:42)
09-25 19:03:44.045 20631 20631 W Bundle  : 	at aw.g(r8-map-id-829dc4487d0d500cd2994be3a64f9d184aac50112651e684c7fffcf85fdf0b9e:9)
09-25 19:03:44.045 20631 20631 W Bundle  : 	at it1.H(Unknown Source:856)
09-25 19:03:44.045 20631 20631 W Bundle  : 	at g21.c(r8-map-id-829dc4487d0d500cd2994be3a64f9d184aac50112651e684c7fffcf85fdf0b9e:2545)
09-25 19:03:44.045 20631 20631 W Bundle  : 	at g21.d(r8-map-id-829dc4487d0d500cd2994be3a64f9d184aac50112651e684c7fffcf85fdf0b9e:241)
09-25 19:03:44.045 20631 20631 W Bundle  : 	at i31.a(r8-map-id-829dc4487d0d500cd2994be3a64f9d184aac50112651e684c7fffcf85fdf0b9e:957)
09-25 19:03:44.045 20631 20631 W Bundle  : 	at cs1.g(r8-map-id-829dc4487d0d500cd2994be3a64f9d184aac50112651e684c7fffcf85fdf0b9e:168)
09-25 19:03:44.045 20631 20631 W Bundle  : 	at aw.d(r8-map-id-829dc4487d0d500cd2994be3a64f9d184aac50112651e684c7fffcf85fdf0b9e:42)
09-25 19:03:44.045 20631 20631 W Bundle  : 	at aw.g(r8-map-id-829dc4487d0d500cd2994be3a64f9d184aac50112651e684c7fffcf85fdf0b9e:9)
09-25 19:03:44.045 20631 20631 W Bundle  : 	at hl3.f(r8-map-id-829dc4487d0d500cd2994be3a64f9d184aac50112651e684c7fffcf85fdf0b9e:171)
09-25 19:03:44.045 20631 20631 W Bundle  : 	at oh3.a(r8-map-id-829dc4487d0d500cd2994be3a64f9d184aac50112651e684c7fffcf85fdf0b9e:72)
09-25 19:03:44.045 20631 20631 W Bundle  : 	at fo.g(r8-map-id-829dc4487d0d500cd2994be3a64f9d184aac50112651e684c7fffcf85fdf0b9e:527)
09-25 19:03:44.045 20631 20631 W Bundle  : 	at aw.d(r8-map-id-829dc4487d0d500cd2994be3a64f9d184aac50112651e684c7fffcf85fdf0b9e:42)
09-25 19:03:44.045 20631 20631 W Bundle  : 	at aw.g(r8-map-id-829dc4487d0d500cd2994be3a64f9d184aac50112651e684c7fffcf85fdf0b9e:9)
09-25 19:03:44.045 20631 20631 W Bundle  : 	at hl3.g(r8-map-id-829dc4487d0d500cd2994be3a64f9d184aac50112651e684c7fffcf85fdf0b9e:214)
09-25 19:03:44.045 20631 20631 W Bundle  : 	at ht1.a(r8-map-id-829dc4487d0d500cd2994be3a64f9d184aac50112651e684c7fffcf85fdf0b9e:233)
09-25 19:03:44.045 20631 20631 W Bundle  : 	at ht1.b(r8-map-id-829dc4487d0d500cd2994be3a64f9d184aac50112651e684c7fffcf85fdf0b9e:140)
09-25 19:03:44.045 20631 20631 W Bundle  : 	at bl2.a(r8-map-id-829dc4487d0d500cd2994be3a64f9d184aac50112651e684c7fffcf85fdf0b9e:124)
09-25 19:03:44.045 20631 20631 W Bundle  : 	at cs1.g(r8-map-id-829dc4487d0d500cd2994be3a64f9d184aac50112651e684c7fffcf85fdf0b9e:53)
09-25 19:03:44.045 20631 20631 W Bundle  : 	at aw.d(r8-map-id-829dc4487d0d500cd2994be3a64f9d184aac50112651e684c7fffcf85fdf0b9e:42)
09-25 19:03:44.045 20631 20631 W Bundle  : 	at aw.g(r8-map-id-829dc4487d0d500cd2994be3a64f9d184aac50112651e684c7fffcf85fdf0b9e:9)
09-25 19:03:44.045 20631 20631 W Bundle  : 	at androidx.compose.ui.platform.ComposeView.a(r8-map-id-829dc4487d0d500cd2994be3a64f9d184aac50112651e684c7fffcf85fdf0b9e:64)
09-25 19:03:44.045 20631 20631 W Bundle  : 	at u.g(r8-map-id-829dc4487d0d500cd2994be3a64f9d184aac50112651e684c7fffcf85fdf0b9e:298)
09-25 19:03:44.045 20631 20631 W Bundle  : 	at aw.d(r8-map-id-829dc4487d0d500cd2994be3a64f9d184aac50112651e684c7fffcf85fdf0b9e:42)
09-25 19:03:44.045 20631 20631 W Bundle  : 	at aw.g(r8-map-id-829dc4487d0d500cd2994be3a64f9d184aac50112651e684c7fffcf85fdf0b9e:9)
09-25 19:03:44.045 20631 20631 W Bundle  : 	at hl3.g(r8-map-id-829dc4487d0d500cd2994be3a64f9d184aac50112651e684c7fffcf85fdf0b9e:214)
09-25 19:03:44.045 20631 20631 W Bundle  : 	at ry.a(r8-map-id-829dc4487d0d500cd2994be3a64f9d184aac50112651e684c7fffcf85fdf0b9e:319)
09-25 19:03:44.045 20631 20631 W Bundle  : 	at sx.g(r8-map-id-829dc4487d0d500cd2994be3a64f9d184aac50112651e684c7fffcf85fdf0b9e:62)
09-25 19:03:44.045 20631 20631 W Bundle  : 	at aw.d(r8-map-id-829dc4487d0d500cd2994be3a64f9d184aac50112651e684c7fffcf85fdf0b9e:42)
09-25 19:03:44.045 20631 20631 W Bundle  : 	at aw.g(r8-map-id-829dc4487d0d500cd2994be3a64f9d184aac50112651e684c7fffcf85fdf0b9e:9)
09-25 19:03:44.045 20631 20631 W Bundle  : 	at hl3.g(r8-map-id-829dc4487d0d500cd2994be3a64f9d184aac50112651e684c7fffcf85fdf0b9e:214)
09-25 19:03:44.045 20631 20631 W Bundle  : 	at ux.a(r8-map-id-829dc4487d0d500cd2994be3a64f9d184aac50112651e684c7fffcf85fdf0b9e:495)
09-25 19:03:44.045 20631 20631 W Bundle  : 	at yb.g(r8-map-id-829dc4487d0d500cd2994be3a64f9d184aac50112651e684c7fffcf85fdf0b9e:100)
09-25 19:03:44.045 20631 20631 W Bundle  : 	at aw.d(r8-map-id-829dc4487d0d500cd2994be3a64f9d184aac50112651e684c7fffcf85fdf0b9e:42)
09-25 19:03:44.045 20631 20631 W Bundle  : 	at aw.g(r8-map-id-829dc4487d0d500cd2994be3a64f9d184aac50112651e684c7fffcf85fdf0b9e:9)
09-25 19:03:44.045 20631 20631 W Bundle  : 	at i31.B(r8-map-id-829dc4487d0d500cd2994be3a64f9d184aac50112651e684c7fffcf85fdf0b9e:13)
09-25 19:03:44.045 20631 20631 W Bundle  : 	at yy0.n(r8-map-id-829dc4487d0d500cd2994be3a64f9d184aac50112651e684c7fffcf85fdf0b9e:85)
09-25 19:03:44.045 20631 20631 W Bundle  : 	at ly.j(r8-map-id-829dc4487d0d500cd2994be3a64f9d184aac50112651e684c7fffcf85fdf0b9e:37)
09-25 19:03:44.045 20631 20631 W Bundle  : 	at im2.a(r8-map-id-829dc4487d0d500cd2994be3a64f9d184aac50112651e684c7fffcf85fdf0b9e:76)
09-25 19:03:44.045 20631 20631 W Bundle  : 	at ly.A(r8-map-id-829dc4487d0d500cd2994be3a64f9d184aac50112651e684c7fffcf85fdf0b9e:27)
09-25 19:03:44.045 20631 20631 W Bundle  : 	at g9.i(r8-map-id-829dc4487d0d500cd2994be3a64f9d184aac50112651e684c7fffcf85fdf0b9e:114)
09-25 19:03:44.045 20631 20631 W Bundle  : 	at f6.setOnReadyForComposition(r8-map-id-829dc4487d0d500cd2994be3a64f9d184aac50112651e684c7fffcf85fdf0b9e:22)
09-25 19:03:44.045 20631 20631 W Bundle  : 	at ws3.b(r8-map-id-829dc4487d0d500cd2994be3a64f9d184aac50112651e684c7fffcf85fdf0b9e:12)
09-25 19:03:44.045 20631 20631 W Bundle  : 	at ws3.m(r8-map-id-829dc4487d0d500cd2994be3a64f9d184aac50112651e684c7fffcf85fdf0b9e:19)
09-25 19:03:44.045 20631 20631 W Bundle  : 	at an1.a(r8-map-id-829dc4487d0d500cd2994be3a64f9d184aac50112651e684c7fffcf85fdf0b9e:21)
09-25 19:03:44.045 20631 20631 W Bundle  : 	at bn1.a(r8-map-id-829dc4487d0d500cd2994be3a64f9d184aac50112651e684c7fffcf85fdf0b9e:272)
09-25 19:03:44.045 20631 20631 W Bundle  : 	at g9.i(r8-map-id-829dc4487d0d500cd2994be3a64f9d184aac50112651e684c7fffcf85fdf0b9e:85)
09-25 19:03:44.045 20631 20631 W Bundle  : 	at f6.onAttachedToWindow(r8-map-id-829dc4487d0d500cd2994be3a64f9d184aac50112651e684c7fffcf85fdf0b9e:311)
09-25 19:03:44.045 20631 20631 W Bundle  : 	at android.view.View.dispatchAttachedToWindow(View.java:23299)
09-25 19:03:44.045 20631 20631 W Bundle  : 	at android.view.ViewGroup.dispatchAttachedToWindow(ViewGroup.java:3517)
09-25 19:03:44.045 20631 20631 W Bundle  : 	at android.view.ViewGroup.dispatchAttachedToWindow(ViewGroup.java:3524)
09-25 19:03:44.045 20631 20631 W Bundle  : 	at android.view.ViewGroup.dispatchAttachedToWindow(ViewGroup.java:3524)
09-25 19:03:44.045 20631 20631 W Bundle  : 	at android.view.ViewGroup.dispatchAttachedToWindow(ViewGroup.java:3524)
09-25 19:03:44.045 20631 20631 W Bundle  : 	at android.view.ViewGroup.dispatchAttachedToWindow(ViewGroup.java:3524)
09-25 19:03:44.045 20631 20631 W Bundle  : 	at android.view.ViewRootImpl.performTraversals(ViewRootImpl.java:3741)
09-25 19:03:44.045 20631 20631 W Bundle  : 	at android.view.ViewRootImpl.doTraversal(ViewRootImpl.java:3156)
09-25 19:03:44.045 20631 20631 W Bundle  : 	at android.view.ViewRootImpl$TraversalRunnable.run(ViewRootImpl.java:10887)
09-25 19:03:44.045 20631 20631 W Bundle  : 	at android.view.Choreographer$CallbackRecord.run(Choreographer.java:1647)
09-25 19:03:44.045 20631 20631 W Bundle  : 	at android.view.Choreographer$CallbackRecord.run(Choreographer.java:1656)
09-25 19:03:44.045 20631 20631 W Bundle  : 	at android.view.Choreographer.doCallbacks(Choreographer.java:1252)
09-25 19:03:44.045 20631 20631 W Bundle  : 	at android.view.Choreographer.doFrame(Choreographer.java:1178)
09-25 19:03:44.045 20631 20631 W Bundle  : 	at android.view.Choreographer$FrameDisplayEventReceiver.run(Choreographer.java:1630)
09-25 19:03:44.045 20631 20631 W Bundle  : 	at android.os.Handler.handleCallback(Handler.java:1070)
09-25 19:03:44.045 20631 20631 W Bundle  : 	at android.os.Handler.dispatchMessage(Handler.java:125)
09-25 19:03:44.045 20631 20631 W Bundle  : 	at android.os.Looper.dispatchMessage(Looper.java:333)
09-25 19:03:44.045 20631 20631 W Bundle  : 	at android.os.Looper.loopOnce(Looper.java:263)
09-25 19:03:44.045 20631 20631 W Bundle  : 	at android.os.Looper.loop(Looper.java:367)
09-25 19:03:44.045 20631 20631 W Bundle  : 	at android.app.ActivityThread.main(ActivityThread.java:9328)
09-25 19:03:44.045 20631 20631 W Bundle  : 	at java.lang.reflect.Method.invoke(Native Method)
09-25 19:03:44.045 20631 20631 W Bundle  : 	at com.android.internal.os.RuntimeInit$MethodAndArgsCaller.run(RuntimeInit.java:569)
09-25 19:03:44.045 20631 20631 W Bundle  : 	at com.android.internal.os.ZygoteInit.main(ZygoteInit.java:929)
09-25 19:03:44.058 20631 20631 D InsetsController: Setting requestedVisibleTypes to 502 (was 503)
09-25 19:03:44.078 20631 20648 W qdgralloc: getInterlacedFlag: getMetaData returned 3, defaulting to interlaced_flag = 0
09-25 19:03:44.091 20631 20631 I S3RECOVERY: decision=CONFIRMED_CRASH session=1790342570097-3c9637dc report=CONFIRMED_CRASH cause=FRAME TIMEOUT
09-25 19:03:44.094 20631 20631 I S3RECOVERY: refresh session=1790342570097-3c9637dc state=FAILED terminal=1790319879218-01609e0a/true process=d3607191-98e9-4284-9953-68b11fed9fe4/bc6f7ea3-95ae-444b-a35a-79bc531e696b
09-25 19:03:44.094 20631 20631 I S3RECOVERY: ignoring stale CLEAN_STOP session=1790319879218-01609e0a activeSession=1790342570097-3c9637dc
09-25 19:03:44.095 20631 20659 E ithblue.sambas3: hiddenapi: Accessing hidden method Landroid/app/ApplicationExitInfo;->getSubReason()I (runtime_flags=0, domain=platform, api=blocked) from Lx72; (domain=app, TargetSdkVersion=37) using reflection: denied
09-25 19:03:44.095 20631 20659 E ithblue.sambas3: hiddenapi: Accessing hidden method Landroid/app/ApplicationExitInfo;->getSubReason()I (runtime_flags=0, domain=platform, api=blocked) from Lx72; (domain=app, TargetSdkVersion=37) using reflection: denied
09-25 19:03:44.095 20631 20659 E ithblue.sambas3: hiddenapi: Accessing hidden method Landroid/app/ApplicationExitInfo;->getSubReason()I (runtime_flags=0, domain=platform, api=blocked) from Lx72; (domain=app, TargetSdkVersion=37) using reflection: denied
09-25 19:03:44.095 20631 20659 E ithblue.sambas3: hiddenapi: Accessing hidden method Landroid/app/ApplicationExitInfo;->getSubReason()I (runtime_flags=0, domain=platform, api=blocked) from Lx72; (domain=app, TargetSdkVersion=37) using reflection: denied
09-25 19:03:44.095 20631 20659 E ithblue.sambas3: hiddenapi: Accessing hidden method Landroid/app/ApplicationExitInfo;->getSubReason()I (runtime_flags=0, domain=platform, api=blocked) from Lx72; (domain=app, TargetSdkVersion=37) using reflection: denied
09-25 19:03:44.096 20631 20659 E ithblue.sambas3: hiddenapi: Accessing hidden method Landroid/app/ApplicationExitInfo;->getSubReason()I (runtime_flags=0, domain=platform, api=blocked) from Lx72; (domain=app, TargetSdkVersion=37) using reflection: denied
09-25 19:03:44.096 20631 20659 E ithblue.sambas3: hiddenapi: Accessing hidden method Landroid/app/ApplicationExitInfo;->getSubReason()I (runtime_flags=0, domain=platform, api=blocked) from Lx72; (domain=app, TargetSdkVersion=37) using reflection: denied
09-25 19:03:44.096 20631 20659 E ithblue.sambas3: hiddenapi: Accessing hidden method Landroid/app/ApplicationExitInfo;->getSubReason()I (runtime_flags=0, domain=platform, api=blocked) from Lx72; (domain=app, TargetSdkVersion=37) using reflection: denied
09-25 19:03:44.096 20631 20659 E ithblue.sambas3: hiddenapi: Accessing hidden method Landroid/app/ApplicationExitInfo;->getSubReason()I (runtime_flags=0, domain=platform, api=blocked) from Lx72; (domain=app, TargetSdkVersion=37) using reflection: denied
09-25 19:03:44.096 20631 20659 E ithblue.sambas3: hiddenapi: Accessing hidden method Landroid/app/ApplicationExitInfo;->getSubReason()I (runtime_flags=0, domain=platform, api=blocked) from Lx72; (domain=app, TargetSdkVersion=37) using reflection: denied
09-25 19:03:44.096 20631 20659 E ithblue.sambas3: hiddenapi: Accessing hidden method Landroid/app/ApplicationExitInfo;->getSubReason()I (runtime_flags=0, domain=platform, api=blocked) from Lx72; (domain=app, TargetSdkVersion=37) using reflection: denied
09-25 19:03:44.097 20631 20659 E ithblue.sambas3: hiddenapi: Accessing hidden method Landroid/app/ApplicationExitInfo;->getSubReason()I (runtime_flags=0, domain=platform, api=blocked) from Lx72; (domain=app, TargetSdkVersion=37) using reflection: denied
09-25 19:03:44.097 20631 20659 E ithblue.sambas3: hiddenapi: Accessing hidden method Landroid/app/ApplicationExitInfo;->getSubReason()I (runtime_flags=0, domain=platform, api=blocked) from Lx72; (domain=app, TargetSdkVersion=37) using reflection: denied
09-25 19:03:44.097 20631 20659 E ithblue.sambas3: hiddenapi: Accessing hidden method Landroid/app/ApplicationExitInfo;->getSubReason()I (runtime_flags=0, domain=platform, api=blocked) from Lx72; (domain=app, TargetSdkVersion=37) using reflection: denied
09-25 19:03:44.097 20631 20659 E ithblue.sambas3: hiddenapi: Accessing hidden method Landroid/app/ApplicationExitInfo;->getSubReason()I (runtime_flags=0, domain=platform, api=blocked) from Lx72; (domain=app, TargetSdkVersion=37) using reflection: denied
09-25 19:03:44.098 20631 20659 E ithblue.sambas3: hiddenapi: Accessing hidden method Landroid/app/ApplicationExitInfo;->getSubReason()I (runtime_flags=0, domain=platform, api=blocked) from Lx72; (domain=app, TargetSdkVersion=37) using reflection: denied
09-25 19:03:44.099 20631 20631 W Bundle  : Key battery_low expected Integer but value was a java.lang.Boolean.  The default value 0 was returned.
09-25 19:03:44.099 20631 20631 W Bundle  : Attempt to cast generated internal exception:
09-25 19:03:44.099 20631 20631 W Bundle  : java.lang.ClassCastException: java.lang.Boolean cannot be cast to java.lang.Integer
09-25 19:03:44.099 20631 20631 W Bundle  : 	at android.os.BaseBundle.getInt(BaseBundle.java:1348)
09-25 19:03:44.099 20631 20631 W Bundle  : 	at android.content.Intent.getIntExtra(Intent.java:9617)
09-25 19:03:44.099 20631 20631 W Bundle  : 	at ry0.b0(r8-map-id-829dc4487d0d500cd2994be3a64f9d184aac50112651e684c7fffcf85fdf0b9e:47)
09-25 19:03:44.099 20631 20631 W Bundle  : 	at qa.onReceive(r8-map-id-829dc4487d0d500cd2994be3a64f9d184aac50112651e684c7fffcf85fdf0b9e:16)
09-25 19:03:44.099 20631 20631 W Bundle  : 	at android.app.LoadedApk$ReceiverDispatcher$Args.lambda$getRunnable$0(LoadedApk.java:1931)
09-25 19:03:44.099 20631 20631 W Bundle  : 	at android.app.LoadedApk$ReceiverDispatcher$Args.$r8$lambda$mcNAAl1SQ4MyJPyDg8TJ2x2h0Rk(Unknown Source:0)
09-25 19:03:44.099 20631 20631 W Bundle  : 	at android.app.LoadedApk$ReceiverDispatcher$Args$$ExternalSyntheticLambda0.run(D8$$SyntheticClass:0)
09-25 19:03:44.099 20631 20631 W Bundle  : 	at android.os.Handler.handleCallback(Handler.java:1070)
09-25 19:03:44.099 20631 20631 W Bundle  : 	at android.os.Handler.dispatchMessage(Handler.java:125)
09-25 19:03:44.099 20631 20631 W Bundle  : 	at android.os.Looper.dispatchMessage(Looper.java:333)
09-25 19:03:44.099 20631 20631 W Bundle  : 	at android.os.Looper.loopOnce(Looper.java:263)
09-25 19:03:44.099 20631 20631 W Bundle  : 	at android.os.Looper.loop(Looper.java:367)
09-25 19:03:44.099 20631 20631 W Bundle  : 	at android.app.ActivityThread.main(ActivityThread.java:9328)
09-25 19:03:44.099 20631 20631 W Bundle  : 	at java.lang.reflect.Method.invoke(Native Method)
09-25 19:03:44.099 20631 20631 W Bundle  : 	at com.android.internal.os.RuntimeInit$MethodAndArgsCaller.run(RuntimeInit.java:569)
09-25 19:03:44.099 20631 20631 W Bundle  : 	at com.android.internal.os.ZygoteInit.main(ZygoteInit.java:929)
09-25 19:03:44.099 20631 20648 W qdgralloc: getInterlacedFlag: getMetaData returned 3, defaulting to interlaced_flag = 0
09-25 19:03:44.099 20631 20631 I S3RECOVERY: decision=CONFIRMED_CRASH session=1790342570097-3c9637dc report=CONFIRMED_CRASH cause=FRAME TIMEOUT
09-25 19:03:44.134 20631 20631 I ImeTracker: com.zenithblue.sambas3:3c567332: onCancelled at PHASE_CLIENT_ALREADY_HIDDEN
09-25 19:03:44.150 20631 20648 W qdgralloc: getInterlacedFlag: getMetaData returned 3, defaulting to interlaced_flag = 0
09-25 19:03:44.539 20631 20631 D VRI[MainActivity]: visibilityChanged oldVisibility=true newVisibility=false
09-25 19:03:44.565 20631 20631 D WindowOnBackDispatcher: setTopOnBackInvokedCallback (unwrapped): null
09-25 19:03:44.566 20631 20631 D ViewRootImpl: Skipping stats log for color mode
09-25 19:03:44.928 20631 20867 D ProfileInstaller: Skipping profile installation for com.zenithblue.sambas3
