--------- beginning of events
09-25 18:57:58.042  2866  3814 I thermal_changed: [CPU3,0,95.000000,3,3]
09-25 18:57:58.170  2866  7137 I thermal_changed: [CPU5,0,95.000000,3,3]
09-25 18:57:58.282  2866  7137 I thermal_changed: [CPU5,0,89.900002,0,3]
09-25 18:57:58.294  2866  7137 I thermal_changed: [CPU5,0,95.000000,3,3]
09-25 18:57:58.348  2866  7137 I thermal_changed: [CPU5,0,89.900002,0,3]
09-25 18:57:58.351  2866  7137 I thermal_changed: [CPU5,0,95.000000,3,3]
09-25 18:57:58.431  2866  7137 I thermal_changed: [CPU5,0,89.900002,0,3]
09-25 18:57:58.665  2866  7137 I thermal_changed: [CPU5,0,95.000000,3,3]
09-25 18:57:58.675  2866  7137 I thermal_changed: [CPU3,0,89.900002,0,3]
09-25 18:57:58.739  2866  7137 I thermal_changed: [CPU3,0,95.000000,3,3]
09-25 18:57:58.750  2866  7137 I thermal_changed: [CPU5,0,89.900002,0,3]
09-25 18:57:58.754  2866  7137 I thermal_changed: [CPU3,0,89.900002,0,3]
09-25 18:57:58.762  2866  7137 I thermal_changed: [CPU3,0,95.000000,3,3]
09-25 18:57:58.776  2866  7137 I thermal_changed: [CPU5,0,95.000000,3,3]
09-25 18:57:58.847  2866  7137 I thermal_changed: [CPU5,0,89.900002,0,3]
09-25 18:57:58.862  2866  7137 I thermal_changed: [CPU5,0,95.000000,3,3]
09-25 18:57:58.962  2866  7137 I thermal_changed: [CPU2,0,95.000000,3,3]
09-25 18:57:58.979  2866  7137 I thermal_changed: [CPU2,0,89.900002,0,3]
09-25 18:57:59.067  2866  7137 I thermal_changed: [CPU3,0,89.900002,0,3]
09-25 18:57:59.074  2866  7137 I thermal_changed: [CPU5,0,89.900002,0,3]
09-25 18:57:59.086  2866  7137 I thermal_changed: [CPU3,0,95.000000,3,3]
09-25 18:57:59.123  2866  7137 I thermal_changed: [CPU5,0,95.000000,3,3]
09-25 18:57:59.199  2866  7137 I thermal_changed: [CPU5,0,89.900002,0,3]
09-25 18:57:59.233  2866  7137 I thermal_changed: [CPU3,0,89.900002,0,3]
09-25 18:57:59.279  2866  7137 I thermal_changed: [CPU5,0,95.000000,3,3]
09-25 18:57:59.438  2866  7137 I thermal_changed: [CPU5,0,89.900002,0,3]
09-25 18:57:59.439   579   579 I auditd  : type=1400 audit(0.0:6995593): avc:  denied  { search } for  comm="DefaultDispatch" name="zram0" dev="sysfs" ino=107524 scontext=u:r:untrusted_app:s0:c207,c257,c512,c768 tcontext=u:object_r:sysfs_zram:s0 tclass=dir permissive=0 app=com.zenithblue.sambas3
09-25 18:57:59.439   579   579 I auditd  : type=1400 audit(0.0:6995594): avc:  denied  { search } for  comm="DefaultDispatch" name="zram0" dev="sysfs" ino=107524 scontext=u:r:untrusted_app:s0:c207,c257,c512,c768 tcontext=u:object_r:sysfs_zram:s0 tclass=dir permissive=0 app=com.zenithblue.sambas3
09-25 18:57:59.510  2866  7137 I thermal_changed: [CPU5,0,95.400002,3,3]
09-25 18:57:59.553  2866  7137 I thermal_changed: [CPU3,0,95.400002,3,3]
09-25 18:57:59.563  2866  7137 I thermal_changed: [CPU5,0,89.900002,0,3]
09-25 18:57:59.618  2866  7137 I thermal_changed: [CPU5,0,95.000000,3,3]
09-25 18:57:59.640  2866  7137 I thermal_changed: [CPU3,0,89.900002,0,3]
09-25 18:57:59.642  2866  7137 I thermal_changed: [CPU3,0,95.000000,3,3]
09-25 18:57:59.741  2866  7137 I thermal_changed: [CPU5,0,89.900002,0,3]
09-25 18:57:59.795  2866  7137 I thermal_changed: [CPU3,0,89.900002,0,3]
09-25 18:57:59.815  2866  7137 I thermal_changed: [CPU3,0,95.000000,3,3]
09-25 18:57:59.860  2866  7137 I thermal_changed: [CPU5,0,95.000000,3,3]
09-25 18:57:59.866  2866  7137 I thermal_changed: [CPU3,0,89.900002,0,3]
09-25 18:57:59.910  2866  7137 I thermal_changed: [CPU3,0,95.000000,3,3]
09-25 18:57:59.952  2866  7137 I thermal_changed: [CPU5,0,89.900002,0,3]
09-25 18:57:59.957  2866  7137 I thermal_changed: [CPU5,0,95.000000,3,3]
09-25 18:57:59.966  2866  7137 I thermal_changed: [CPU3,0,89.599998,0,3]
09-25 18:57:59.980  2866  7137 I thermal_changed: [CPU5,0,89.900002,0,3]
09-25 18:57:59.998  2866  7137 I thermal_changed: [CPU5,0,95.000000,3,3]
09-25 18:58:00.050  2866  7137 I thermal_changed: [CPU3,0,95.000000,3,3]
09-25 18:58:00.145  2866  7137 I thermal_changed: [CPU5,0,89.900002,0,3]
09-25 18:58:00.191  2866  7137 I thermal_changed: [CPU5,0,95.000000,3,3]
09-25 18:58:00.297  2866  7137 I thermal_changed: [CPU5,0,89.900002,0,3]
09-25 18:58:00.334  2866  7137 I thermal_changed: [CPU5,0,95.000000,3,3]
09-25 18:58:00.350  2866  7137 I thermal_changed: [CPU5,0,89.900002,0,3]
09-25 18:58:00.435  2866  7137 I thermal_changed: [CPU5,0,95.000000,3,3]
09-25 18:58:00.492  2866  7137 I thermal_changed: [CPU3,0,89.900002,0,3]
09-25 18:58:00.510  2866  7137 I thermal_changed: [CPU3,0,95.000000,3,3]
09-25 18:58:00.832  2866  7137 I thermal_changed: [CPU5,0,89.900002,0,3]
09-25 18:58:00.887  2866  7137 I thermal_changed: [CPU5,0,95.000000,3,3]
09-25 18:58:00.890  2866  7137 I thermal_changed: [CPU3,0,89.900002,0,3]
09-25 18:58:00.900  2866  7137 I thermal_changed: [CPU3,0,95.000000,3,3]
09-25 18:58:00.967  2866  7137 I thermal_changed: [CPU3,0,89.900002,0,3]
09-25 18:58:01.189  2866  7137 I thermal_changed: [CPU5,0,89.900002,0,3]
09-25 18:58:01.230  2866  7137 I thermal_changed: [CPU3,0,95.000000,3,3]
09-25 18:58:01.239  2866  7137 I thermal_changed: [CPU5,0,95.000000,3,3]
09-25 18:58:01.241  2866  7137 I thermal_changed: [CPU3,0,89.900002,0,3]
09-25 18:58:01.375  2866  7137 I thermal_changed: [CPU3,0,95.000000,3,3]
09-25 18:58:01.392  2866  7137 I thermal_changed: [CPU5,0,89.900002,0,3]
09-25 18:58:01.423  2866  7137 I thermal_changed: [CPU5,0,95.000000,3,3]
09-25 18:58:01.436  2866  7137 I thermal_changed: [CPU3,0,89.900002,0,3]
09-25 18:58:01.492  2866  7137 I thermal_changed: [CPU3,0,95.000000,3,3]
09-25 18:58:01.509  2866  7137 I thermal_changed: [CPU5,0,89.900002,0,3]
09-25 18:58:01.550  2866  7137 I thermal_changed: [CPU3,0,89.900002,0,3]
09-25 18:58:01.568  2866  7137 I thermal_changed: [CPU5,0,95.000000,3,3]
09-25 18:58:01.580  2866  7137 I thermal_changed: [CPU3,0,95.000000,3,3]
09-25 18:58:01.621  2866  7137 I thermal_changed: [CPU3,0,89.900002,0,3]
09-25 18:58:01.629  2866  7137 I thermal_changed: [CPU3,0,95.000000,3,3]
09-25 18:58:01.654  2866  7137 I thermal_changed: [CPU5,0,89.900002,0,3]
09-25 18:58:01.895  2866  3814 I thermal_changed: [CPU3,0,89.900002,0,3]
09-25 18:58:02.027  2866  3814 I thermal_changed: [CPU5,0,95.000000,3,3]
09-25 18:58:02.032  2866  3814 I thermal_changed: [CPU3,0,95.000000,3,3]
09-25 18:58:02.083  2866  3814 I thermal_changed: [CPU5,0,89.900002,0,3]
09-25 18:58:02.124  2866  3814 I thermal_changed: [CPU5,0,95.400002,3,3]
09-25 18:58:02.182  2866  3814 I thermal_changed: [CPU3,0,89.900002,0,3]
09-25 18:58:02.188  2866  3814 I thermal_changed: [CPU2,0,95.000000,3,3]
09-25 18:58:02.191  2866  3814 I thermal_changed: [CPU3,0,95.000000,3,3]
09-25 18:58:02.201  2866  3814 I thermal_changed: [CPU3,0,89.900002,0,3]
09-25 18:58:02.203  2866  3814 I thermal_changed: [CPU5,0,89.900002,0,3]
09-25 18:58:02.207  2866  3814 I thermal_changed: [CPU2,0,89.900002,0,3]
09-25 18:58:02.245  2866  3814 I thermal_changed: [CPU5,0,95.000000,3,3]
09-25 18:58:02.310  2866  3814 I thermal_changed: [CPU3,0,95.000000,3,3]
09-25 18:58:02.461  2866  3814 I thermal_changed: [CPU5,0,89.900002,0,3]
09-25 18:58:02.509  2866  3814 I thermal_changed: [CPU3,0,89.900002,0,3]
09-25 18:58:02.531  2866  3814 I thermal_changed: [CPU5,0,95.000000,3,3]
09-25 18:58:02.552  2866  3814 I thermal_changed: [CPU5,0,89.199997,0,3]
09-25 18:58:02.603  2866  3814 I thermal_changed: [CPU5,0,95.000000,3,3]
09-25 18:58:02.649  2866  3814 I thermal_changed: [CPU3,0,95.000000,3,3]
09-25 18:58:02.762  2866  3814 I thermal_changed: [CPU3,0,89.900002,0,3]
09-25 18:58:02.772  2866  3814 I thermal_changed: [CPU3,0,95.000000,3,3]
09-25 18:58:02.856  2866  3814 I thermal_changed: [CPU5,0,89.900002,0,3]
09-25 18:58:02.973  2866  3814 I thermal_changed: [CPU3,0,89.900002,0,3]
09-25 18:58:03.024  2866  3814 I thermal_changed: [CPU5,0,95.000000,3,3]
09-25 18:58:03.052  2866  3814 I thermal_changed: [CPU5,0,89.900002,0,3]
09-25 18:58:03.052  2866  3814 I thermal_changed: [CPU3,0,95.000000,3,3]
09-25 18:58:03.150  2866  3814 I thermal_changed: [CPU3,0,89.900002,0,3]
09-25 18:58:03.330  2866  3814 I thermal_changed: [CPU3,0,95.400002,3,3]
09-25 18:58:03.373  2866  3814 I thermal_changed: [CPU5,0,95.000000,3,3]
09-25 18:58:03.663  2866  2866 I notification_enqueue: [10463,579,com.zenithblue.sambas3,2000,NULL,0,Notification(channel=rpcsx-progress shortcut=null contentView=null vibrate=null sound=null defaults=0 flags=ONGOING_EVENT|FOREGROUND_SERVICE|SILENT color=0x00000000 category=progress vis=PRIVATE),1,1]
09-25 18:58:04.135  2866  4153 I thermal_changed: [CPU7,0,95.000000,3,3]
09-25 18:58:04.413  2866  4153 I thermal_changed: [CPU3,0,89.900002,0,3]
09-25 18:58:04.440  2866  4153 I thermal_changed: [CPU3,0,95.000000,3,3]
09-25 18:58:04.876  2866  4153 I thermal_changed: [CPU7,0,89.900002,0,3]
09-25 18:58:04.941  2866  4153 I thermal_changed: [CPU3,0,89.900002,0,3]
09-25 18:58:04.945  2866  4153 I thermal_changed: [CPU3,0,95.000000,3,3]
09-25 18:58:05.392  2866  2866 I notification_enqueue: [10463,579,com.zenithblue.sambas3,2000,NULL,0,Notification(channel=rpcsx-progress shortcut=null contentView=null vibrate=null sound=null defaults=0 flags=ONGOING_EVENT|FOREGROUND_SERVICE|SILENT color=0x00000000 category=progress vis=PRIVATE),1,1]
09-25 18:58:05.484  2866  4153 I thermal_changed: [CPU3,0,89.900002,0,3]
09-25 18:58:05.493  2866  4153 I thermal_changed: [CPU3,0,95.000000,3,3]
09-25 18:58:05.630  2866  7137 I thermal_changed: [CPU5,0,89.900002,0,3]
09-25 18:58:05.651  2866  7137 I thermal_changed: [CPU5,0,95.000000,3,3]
09-25 18:58:05.963  2866  7137 I thermal_changed: [CPU3,0,89.900002,0,3]
09-25 18:58:05.968  2866  7137 I thermal_changed: [CPU3,0,95.000000,3,3]
09-25 18:58:06.025  2866  7137 I thermal_changed: [CPU5,0,89.900002,0,3]
09-25 18:58:06.037  2866  7137 I thermal_changed: [CPU5,0,95.000000,3,3]
09-25 18:58:06.184  2866  4153 I thermal_changed: [CPU5,0,89.900002,0,3]
09-25 18:58:06.421  2866  4153 I thermal_changed: [CPU5,0,95.000000,3,3]
09-25 18:58:06.432  2866  4153 I thermal_changed: [CPU5,0,89.900002,0,3]
09-25 18:58:06.442  2866  4153 I thermal_changed: [CPU3,0,89.900002,0,3]
09-25 18:58:06.532  2866  4153 I thermal_changed: [CPU5,0,95.400002,3,3]
09-25 18:58:06.790  2866  4153 I thermal_changed: [CPU3,0,95.000000,3,3]
09-25 18:58:06.810  2866  4153 I thermal_changed: [CPU5,0,89.900002,0,3]
09-25 18:58:06.973  2866  4153 I thermal_changed: [CPU5,0,95.000000,3,3]
09-25 18:58:06.973  2866  4153 I thermal_changed: [CPU3,0,89.900002,0,3]
09-25 18:58:07.015  2866  4153 I thermal_changed: [CPU3,0,95.000000,3,3]
09-25 18:58:07.175  2866  4153 I thermal_changed: [CPU5,0,89.900002,0,3]
09-25 18:58:07.184  2866  4153 I thermal_changed: [CPU3,0,89.900002,0,3]
09-25 18:58:07.189  2866  4153 I thermal_changed: [CPU3,0,95.000000,3,3]
09-25 18:58:07.298  2866  4153 I thermal_changed: [CPU5,0,95.000000,3,3]
09-25 18:58:07.299  2866  4153 I thermal_changed: [CPU3,0,89.900002,0,3]
09-25 18:58:07.316  2866  4153 I thermal_changed: [CPU5,0,89.900002,0,3]
09-25 18:58:07.348  2866  4153 I thermal_changed: [CPU5,0,95.000000,3,3]
09-25 18:58:07.350  2866  4153 I thermal_changed: [CPU3,0,95.000000,3,3]
09-25 18:58:07.532  2866  4153 I thermal_changed: [CPU3,0,89.900002,0,3]
09-25 18:58:07.545  2866  4153 I thermal_changed: [CPU5,0,89.900002,0,3]
09-25 18:58:07.590  2866  4153 I thermal_changed: [CPU3,0,95.000000,3,3]
09-25 18:58:07.865  2866  4153 I thermal_changed: [CPU3,0,89.900002,0,3]
09-25 18:58:07.876  2866  4153 I thermal_changed: [CPU3,0,95.000000,3,3]
09-25 18:58:07.895  2866  4153 I thermal_changed: [CPU3,0,89.900002,0,3]
09-25 18:58:07.990  2866  4153 I thermal_changed: [CPU3,0,95.000000,3,3]
09-25 18:58:07.991  2866  4153 I thermal_changed: [CPU5,0,95.000000,3,3]
09-25 18:58:08.003  2866  4153 I thermal_changed: [CPU3,0,89.900002,0,3]
09-25 18:58:08.105  2866  4153 I thermal_changed: [CPU3,0,95.400002,3,3]
09-25 18:58:08.124  2866  4153 I thermal_changed: [CPU3,0,89.900002,0,3]
09-25 18:58:08.141  2866  4153 I thermal_changed: [CPU5,0,89.900002,0,3]
09-25 18:58:08.151   579   579 I auditd  : type=1400 audit(0.0:6995595): avc:  denied  { search } for  comm="DefaultDispatch" name="zram0" dev="sysfs" ino=107524 scontext=u:r:untrusted_app:s0:c207,c257,c512,c768 tcontext=u:object_r:sysfs_zram:s0 tclass=dir permissive=0 app=com.zenithblue.sambas3
09-25 18:58:08.151   579   579 I auditd  : type=1400 audit(0.0:6995596): avc:  denied  { search } for  comm="DefaultDispatch" name="zram0" dev="sysfs" ino=107524 scontext=u:r:untrusted_app:s0:c207,c257,c512,c768 tcontext=u:object_r:sysfs_zram:s0 tclass=dir permissive=0 app=com.zenithblue.sambas3
09-25 18:58:08.186  2866  4153 I thermal_changed: [CPU5,0,95.000000,3,3]
09-25 18:58:08.346  2866  4153 I thermal_changed: [CPU5,0,89.900002,0,3]
09-25 18:58:08.395  2866  4153 I thermal_changed: [CPU3,0,95.000000,3,3]
09-25 18:58:08.398  2866  4153 I thermal_changed: [CPU5,0,95.000000,3,3]
09-25 18:58:08.702  2866  4153 I thermal_changed: [CPU3,0,89.900002,0,3]
09-25 18:58:08.739  2866  4153 I thermal_changed: [CPU3,0,95.000000,3,3]
09-25 18:58:09.025  2866  4153 I thermal_changed: [CPU3,0,89.900002,0,3]
09-25 18:58:09.049  2866  4153 I thermal_changed: [CPU3,0,95.000000,3,3]
09-25 18:58:09.163  2866  7137 I thermal_changed: [CPU5,0,89.900002,0,3]
09-25 18:58:09.220  2866  7137 I thermal_changed: [CPU5,0,95.000000,3,3]
09-25 18:58:09.353  2866  7137 I thermal_changed: [CPU3,0,89.900002,0,3]
09-25 18:58:09.366  2866  7137 I thermal_changed: [CPU5,0,89.900002,0,3]
09-25 18:58:09.378  2866  7137 I thermal_changed: [CPU3,0,95.400002,3,3]
09-25 18:58:09.393  2866  7137 I thermal_changed: [CPU5,0,95.000000,3,3]
09-25 18:58:09.436  2866  7137 I thermal_changed: [CPU5,0,89.900002,0,3]
09-25 18:58:09.461  2866  7137 I thermal_changed: [CPU3,0,89.900002,0,3]
09-25 18:58:09.477  2866  7137 I thermal_changed: [CPU3,0,95.000000,3,3]
09-25 18:58:09.484  2866  7137 I thermal_changed: [CPU5,0,95.000000,3,3]
09-25 18:58:09.497  2866  7137 I thermal_changed: [CPU3,0,89.900002,0,3]
09-25 18:58:09.497  2866  7137 I thermal_changed: [CPU5,0,89.900002,0,3]
09-25 18:58:09.504  2866  4153 I thermal_changed: [CPU3,0,95.400002,3,3]
09-25 18:58:09.547  2866  4153 I thermal_changed: [CPU5,0,95.000000,3,3]
09-25 18:58:09.834  2866  4153 I thermal_changed: [CPU5,0,89.900002,0,3]
09-25 18:58:09.846  2866  4153 I thermal_changed: [CPU5,0,95.000000,3,3]
09-25 18:58:09.923  2866  4153 I thermal_changed: [CPU3,0,89.900002,0,3]
09-25 18:58:09.930  2866  4153 I thermal_changed: [CPU3,0,95.000000,3,3]
09-25 18:58:09.953  2866  4153 I thermal_changed: [CPU5,0,89.900002,0,3]
09-25 18:58:09.996  2866  4153 I thermal_changed: [CPU5,0,95.000000,3,3]
09-25 18:58:10.005  2866  4153 I thermal_changed: [CPU3,0,89.900002,0,3]
09-25 18:58:10.104  2866  4153 I thermal_changed: [CPU3,0,95.000000,3,3]
09-25 18:58:10.141  2866  7137 I thermal_changed: [CPU5,0,89.900002,0,3]
09-25 18:58:10.198  2866  7137 I thermal_changed: [CPU3,0,89.900002,0,3]
09-25 18:58:10.229  2866  7137 I thermal_changed: [CPU3,0,95.000000,3,3]
09-25 18:58:10.322  2866  7137 I thermal_changed: [CPU3,0,89.900002,0,3]
09-25 18:58:10.330  2866  7137 I thermal_changed: [CPU3,0,95.000000,3,3]
09-25 18:58:10.431  2866  7137 I thermal_changed: [CPU5,0,95.000000,3,3]
09-25 18:58:10.750  2866  7137 I thermal_changed: [CPU5,0,89.900002,0,3]
09-25 18:58:10.845  2866  7137 I thermal_changed: [CPU5,0,95.400002,3,3]
09-25 18:58:10.861  2866  7137 I thermal_changed: [CPU5,0,89.900002,0,3]
09-25 18:58:10.865  2866  7137 I thermal_changed: [CPU3,0,89.900002,0,3]
09-25 18:58:10.923  2866  7137 I thermal_changed: [CPU3,0,95.000000,3,3]
09-25 18:58:10.936  2866  7137 I thermal_changed: [CPU5,0,95.000000,3,3]
09-25 18:58:11.029  2866  7137 I thermal_changed: [CPU3,0,89.900002,0,3]
09-25 18:58:11.035  2866  7137 I thermal_changed: [CPU3,0,95.000000,3,3]
09-25 18:58:11.050  2866  7137 I thermal_changed: [CPU5,0,89.900002,0,3]
09-25 18:58:11.232  2866  7137 I thermal_changed: [CPU3,0,89.900002,0,3]
09-25 18:58:11.240  2866  7137 I thermal_changed: [CPU3,0,95.000000,3,3]
09-25 18:58:11.536  2866  7137 I thermal_changed: [CPU3,0,89.900002,0,3]
09-25 18:58:11.625  2866  7137 I thermal_changed: [CPU3,0,95.000000,3,3]
09-25 18:58:11.641  2866  7137 I thermal_changed: [CPU5,0,95.000000,3,3]
09-25 18:58:11.686  2866  7137 I thermal_changed: [CPU3,0,89.900002,0,3]
09-25 18:58:11.708  2866  7137 I thermal_changed: [CPU3,0,95.000000,3,3]
09-25 18:58:11.713  2866  7137 I thermal_changed: [CPU5,0,89.900002,0,3]
09-25 18:58:11.730  2866  7137 I thermal_changed: [CPU3,0,89.900002,0,3]
09-25 18:58:11.937  2866  4526 I thermal_changed: [CPU5,0,95.000000,3,3]
09-25 18:58:11.943  2866  4526 I thermal_changed: [CPU3,0,95.400002,3,3]
09-25 18:58:11.961  2866  4526 I thermal_changed: [CPU2,0,95.000000,3,3]
09-25 18:58:11.968  2866  4526 I thermal_changed: [CPU2,0,89.900002,0,3]
09-25 18:58:12.075  1558  1558 I auditd  : type=1400 audit(0.0:6995597): avc:  denied  { search } for  comm="android.hardwar" name="uhid" dev="sysfs" ino=65226 scontext=u:r:hal_health_default:s0 tcontext=u:object_r:sysfs_uhid:s0 tclass=dir permissive=0
09-25 18:58:12.075  1558  1558 I auditd  : type=1400 audit(0.0:6995598): avc:  denied  { search } for  comm="android.hardwar" name="uhid" dev="sysfs" ino=65226 scontext=u:r:hal_health_default:s0 tcontext=u:object_r:sysfs_uhid:s0 tclass=dir permissive=0
09-25 18:58:12.083  2866  4526 I battery_level: [77,4053,369]
09-25 18:58:12.083  1558  1558 I auditd  : type=1400 audit(0.0:6995599): avc:  denied  { search } for  comm="android.hardwar" name="uhid" dev="sysfs" ino=65226 scontext=u:r:hal_health_default:s0 tcontext=u:object_r:sysfs_uhid:s0 tclass=dir permissive=0
09-25 18:58:12.083  1558  1558 I auditd  : type=1400 audit(0.0:6995600): avc:  denied  { search } for  comm="android.hardwar" name="uhid" dev="sysfs" ino=65226 scontext=u:r:hal_health_default:s0 tcontext=u:object_r:sysfs_uhid:s0 tclass=dir permissive=0
09-25 18:58:12.092  2866  3614 I am_unfreeze: [682,com.android.settings,3]
09-25 18:58:12.131  2866  4526 I thermal_changed: [CPU3,0,89.900002,0,3]
09-25 18:58:12.168  2866  4526 I thermal_changed: [CPU5,0,89.900002,0,3]
09-25 18:58:12.253  2866  4526 I thermal_changed: [CPU3,0,95.400002,3,3]
09-25 18:58:12.494  2866  4526 I thermal_changed: [CPU3,0,89.900002,0,3]
09-25 18:58:12.532  2866  4526 I thermal_changed: [CPU5,0,95.000000,3,3]
09-25 18:58:12.748  2866  4526 I thermal_changed: [CPU3,0,95.000000,3,3]
09-25 18:58:12.834  2866  4526 I thermal_changed: [CPU5,0,89.900002,0,3]
09-25 18:58:12.903  2866  4526 I thermal_changed: [CPU5,0,95.000000,3,3]
09-25 18:58:12.946  2866  4526 I thermal_changed: [CPU3,0,89.900002,0,3]
09-25 18:58:13.068  2866  4526 I thermal_changed: [CPU3,0,95.000000,3,3]
09-25 18:58:13.186  2866  4153 I thermal_changed: [CPU5,0,89.900002,0,3]
09-25 18:58:13.210  2866  4153 I thermal_changed: [CPU3,0,89.900002,0,3]
09-25 18:58:13.216  2866  4153 I thermal_changed: [CPU5,0,95.000000,3,3]
09-25 18:58:13.236  2866  4153 I thermal_changed: [CPU7,0,95.000000,3,3]
09-25 18:58:13.243  2866  4153 I thermal_changed: [CPU5,0,89.900002,0,3]
09-25 18:58:13.282  2866  4153 I thermal_changed: [CPU5,0,95.000000,3,3]
09-25 18:58:13.286  2866  4153 I thermal_changed: [CPU3,0,95.000000,3,3]
09-25 18:58:13.455  2866  4153 I thermal_changed: [CPU5,0,89.900002,0,3]
09-25 18:58:13.458  2866  4153 I thermal_changed: [CPU7,0,89.900002,0,3]
09-25 18:58:13.465  2866  4153 I thermal_changed: [CPU5,0,95.000000,3,3]
09-25 18:58:13.603  2866  4153 I thermal_changed: [CPU5,0,89.900002,0,3]
09-25 18:58:13.615  2866  4153 I thermal_changed: [CPU5,0,95.000000,3,3]
09-25 18:58:13.654  2866  4153 I thermal_changed: [CPU5,0,89.900002,0,3]
09-25 18:58:13.667  2866  4153 I thermal_changed: [CPU5,0,95.000000,3,3]
09-25 18:58:13.676  2866  4153 I thermal_changed: [CPU3,0,89.900002,0,3]
09-25 18:58:13.697  2866  4153 I thermal_changed: [CPU3,0,95.000000,3,3]
09-25 18:58:14.043  2866  4153 I thermal_changed: [CPU5,0,89.900002,0,3]
09-25 18:58:14.133  2866  4153 I thermal_changed: [CPU3,0,89.900002,0,3]
09-25 18:58:14.146  2866  4153 I thermal_changed: [CPU3,0,95.000000,3,3]
09-25 18:58:14.488  2866  4153 I thermal_changed: [CPU3,0,89.900002,0,3]
09-25 18:58:14.518  2866  4153 I thermal_changed: [CPU3,0,95.000000,3,3]
09-25 18:58:14.543  2866  4153 I thermal_changed: [CPU5,0,95.000000,3,3]
09-25 18:58:14.670  2866  4153 I thermal_changed: [CPU3,0,89.900002,0,3]
09-25 18:58:14.777  2866  4526 I thermal_changed: [CPU3,0,95.000000,3,3]
09-25 18:58:14.834  2866  4526 I thermal_changed: [CPU3,0,89.900002,0,3]
09-25 18:58:14.867  2866  4526 I thermal_changed: [CPU2,0,95.000000,3,3]
09-25 18:58:14.892  2866  4526 I thermal_changed: [CPU2,0,89.900002,0,3]
09-25 18:58:14.893  2866  4526 I thermal_changed: [CPU5,0,89.900002,0,3]
09-25 18:58:14.912  2866  4153 I thermal_changed: [CPU3,0,95.000000,3,3]
09-25 18:58:14.965  2866  4153 I thermal_changed: [CPU3,0,89.900002,0,3]
09-25 18:58:14.993  2866  4153 I thermal_changed: [CPU5,0,95.000000,3,3]
09-25 18:58:15.028  2866  4153 I thermal_changed: [CPU3,0,95.000000,3,3]
09-25 18:58:15.134  2866  4526 I thermal_changed: [CPU5,0,89.900002,0,3]
09-25 18:58:15.198  2866  4153 I thermal_changed: [CPU3,0,89.900002,0,3]
09-25 18:58:15.223  2866  4153 I thermal_changed: [CPU3,0,95.000000,3,3]
09-25 18:58:15.360  2866  4153 I thermal_changed: [CPU3,0,89.900002,0,3]
09-25 18:58:15.404  2866  4153 I thermal_changed: [CPU3,0,95.000000,3,3]
09-25 18:58:15.440  2866  4153 I thermal_changed: [CPU5,0,95.000000,3,3]
09-25 18:58:15.461  2866  4153 I thermal_changed: [CPU5,0,89.900002,0,3]
09-25 18:58:15.498  2866  4153 I thermal_changed: [CPU5,0,95.000000,3,3]
09-25 18:58:15.555  2866  4153 I thermal_changed: [CPU3,0,89.900002,0,3]
09-25 18:58:15.643  2866  4153 I thermal_changed: [CPU3,0,95.000000,3,3]
09-25 18:58:15.781  2866  4153 I thermal_changed: [CPU5,0,89.900002,0,3]
09-25 18:58:15.877  2866  4526 I thermal_changed: [CPU3,0,89.900002,0,3]
09-25 18:58:15.890  2866  4526 I thermal_changed: [CPU3,0,95.000000,3,3]
09-25 18:58:15.912  2866  4526 I thermal_changed: [CPU5,0,95.000000,3,3]
09-25 18:58:15.929  2866  4526 I thermal_changed: [CPU3,0,89.900002,0,3]
09-25 18:58:15.939  2866  4526 I thermal_changed: [CPU3,0,95.000000,3,3]
09-25 18:58:15.950  2866  4526 I thermal_changed: [CPU3,0,89.900002,0,3]
09-25 18:58:16.036  2866  4526 I thermal_changed: [CPU5,0,89.900002,0,3]
09-25 18:58:16.134  2866  4526 I thermal_changed: [CPU3,0,95.000000,3,3]
09-25 18:58:16.159  2866  4153 I thermal_changed: [CPU3,0,89.900002,0,3]
09-25 18:58:16.175  2866  4153 I thermal_changed: [CPU5,0,95.000000,3,3]
09-25 18:58:16.178  2866  4153 I thermal_changed: [CPU3,0,95.000000,3,3]
09-25 18:58:16.241  2866  4153 I thermal_changed: [CPU3,0,89.900002,0,3]
09-25 18:58:16.263  2866  4153 I thermal_changed: [CPU3,0,95.000000,3,3]
09-25 18:58:16.308  2866  4153 I thermal_changed: [CPU3,0,89.900002,0,3]
09-25 18:58:16.817  2866  4153 I thermal_changed: [CPU2,0,95.000000,3,3]
09-25 18:58:16.831  2866  4153 I thermal_changed: [CPU5,0,89.900002,0,3]
09-25 18:58:16.853  2866  4153 I thermal_changed: [CPU2,0,89.900002,0,3]
09-25 18:58:16.871  2866  4153 I thermal_changed: [CPU5,0,95.400002,3,3]
09-25 18:58:16.873  2866  4153 I thermal_changed: [CPU3,0,95.000000,3,3]
09-25 18:58:16.912  2866  4153 I thermal_changed: [CPU3,0,89.900002,0,3]
09-25 18:58:16.948  2866  4526 I thermal_changed: [CPU3,0,95.000000,3,3]
09-25 18:58:17.011  2866  4526 I thermal_changed: [CPU5,0,89.900002,0,3]
09-25 18:58:17.036  2866  4526 I thermal_changed: [CPU3,0,89.900002,0,3]
09-25 18:58:17.152  2866  4526 I thermal_changed: [CPU5,0,95.400002,3,3]
09-25 18:58:17.159  2866  4526 I thermal_changed: [CPU5,0,89.900002,0,3]
09-25 18:58:17.202  2866  4526 I thermal_changed: [CPU3,0,95.000000,3,3]
09-25 18:58:17.240  2866  4526 I thermal_changed: [CPU5,0,95.000000,3,3]
09-25 18:58:17.260  2866  4526 I thermal_changed: [CPU5,0,89.900002,0,3]
09-25 18:58:17.297  2866  4526 I thermal_changed: [CPU5,0,95.000000,3,3]
09-25 18:58:17.380  2866  4526 I thermal_changed: [CPU5,0,89.599998,0,3]
09-25 18:58:17.387   579   579 I auditd  : type=1400 audit(0.0:6995601): avc:  denied  { search } for  comm="DefaultDispatch" name="zram0" dev="sysfs" ino=107524 scontext=u:r:untrusted_app:s0:c207,c257,c512,c768 tcontext=u:object_r:sysfs_zram:s0 tclass=dir permissive=0 app=com.zenithblue.sambas3
09-25 18:58:17.387   579   579 I auditd  : type=1400 audit(0.0:6995602): avc:  denied  { search } for  comm="DefaultDispatch" name="zram0" dev="sysfs" ino=107524 scontext=u:r:untrusted_app:s0:c207,c257,c512,c768 tcontext=u:object_r:sysfs_zram:s0 tclass=dir permissive=0 app=com.zenithblue.sambas3
09-25 18:58:17.488  2866  4526 I thermal_changed: [CPU5,0,95.000000,3,3]
09-25 18:58:17.497  2866  4526 I thermal_changed: [CPU3,0,89.900002,0,3]
09-25 18:58:17.575  2866  4526 I thermal_changed: [CPU5,0,89.900002,0,3]
09-25 18:58:17.643  2866  4526 I thermal_changed: [CPU3,0,95.000000,3,3]
09-25 18:58:17.655  2866  4526 I thermal_changed: [CPU5,0,95.000000,3,3]
09-25 18:58:17.690  2866  4526 I thermal_changed: [CPU3,0,89.900002,0,3]
09-25 18:58:17.695  2866  2866 I notification_enqueue: [10463,579,com.zenithblue.sambas3,2000,NULL,0,Notification(channel=rpcsx-progress shortcut=null contentView=null vibrate=null sound=null defaults=0 flags=ONGOING_EVENT|FOREGROUND_SERVICE|SILENT color=0x00000000 category=progress vis=PRIVATE),1,1]
09-25 18:58:17.733  2866  4526 I thermal_changed: [CPU3,0,95.000000,3,3]
09-25 18:58:17.790  2866  2866 I notification_enqueue: [10463,579,com.zenithblue.sambas3,2000,NULL,0,Notification(channel=rpcsx-progress shortcut=null contentView=null vibrate=null sound=null defaults=0 flags=ONGOING_EVENT|FOREGROUND_SERVICE|SILENT color=0x00000000 category=progress vis=PRIVATE),1,1]
09-25 18:58:17.844  2866  4153 I thermal_changed: [CPU3,0,89.900002,0,3]
09-25 18:58:17.849  2866  4153 I thermal_changed: [CPU3,0,95.000000,3,3]
09-25 18:58:17.863  2866  4153 I thermal_changed: [CPU5,0,89.900002,0,3]
09-25 18:58:17.870  2866  4153 I thermal_changed: [CPU5,0,95.000000,3,3]
09-25 18:58:17.874  2866  4153 I thermal_changed: [CPU3,0,89.900002,0,3]
09-25 18:58:17.976  2866  4153 I thermal_changed: [CPU3,0,95.000000,3,3]
09-25 18:58:18.054  2866  4153 I thermal_changed: [CPU3,0,89.900002,0,3]
09-25 18:58:18.062  2866  4153 I thermal_changed: [CPU5,0,89.900002,0,3]
09-25 18:58:18.073  2866  4153 I thermal_changed: [CPU5,0,95.000000,3,3]
09-25 18:58:18.076  2866  4153 I thermal_changed: [CPU3,0,95.000000,3,3]
09-25 18:58:18.179  2866  4153 I thermal_changed: [CPU3,0,89.900002,0,3]
09-25 18:58:18.186  2866  4153 I thermal_changed: [CPU3,0,95.000000,3,3]
09-25 18:58:18.283  2866  4153 I thermal_changed: [CPU3,0,89.900002,0,3]
09-25 18:58:18.289  2866  4153 I thermal_changed: [CPU5,0,89.900002,0,3]
09-25 18:58:18.337  2866  4153 I thermal_changed: [CPU5,0,95.000000,3,3]
09-25 18:58:18.384  2866  4153 I thermal_changed: [CPU5,0,89.900002,0,3]
09-25 18:58:18.388  2866  4153 I thermal_changed: [CPU2,0,95.000000,3,3]
09-25 18:58:18.388  2866  4153 I thermal_changed: [CPU5,0,95.000000,3,3]
09-25 18:58:18.392  2866  4153 I thermal_changed: [CPU3,0,95.000000,3,3]
09-25 18:58:18.406  2866  4153 I thermal_changed: [CPU2,0,89.599998,0,3]
09-25 18:58:18.451  2866  4153 I thermal_changed: [CPU3,0,89.900002,0,3]
09-25 18:58:18.471  2866  4153 I thermal_changed: [CPU3,0,95.000000,3,3]
09-25 18:58:18.605  2866  4153 I thermal_changed: [CPU3,0,89.900002,0,3]
09-25 18:58:18.634  2866  4153 I thermal_changed: [CPU3,0,95.000000,3,3]
09-25 18:58:18.691  2866  4153 I thermal_changed: [CPU3,0,89.900002,0,3]
09-25 18:58:18.724  2866  4153 I thermal_changed: [CPU5,0,89.900002,0,3]
09-25 18:58:18.762  2866  4153 I thermal_changed: [CPU5,0,95.000000,3,3]
09-25 18:58:18.781  2866  4153 I thermal_changed: [CPU3,0,95.000000,3,3]
09-25 18:58:18.982  2866  4153 I thermal_changed: [CPU3,0,89.900002,0,3]
09-25 18:58:19.074  2866  4153 I thermal_changed: [CPU5,0,89.900002,0,3]
09-25 18:58:19.113  2866  4153 I thermal_changed: [CPU3,0,95.000000,3,3]
09-25 18:58:19.139  2866  4153 I thermal_changed: [CPU5,0,95.000000,3,3]
09-25 18:58:19.177  2866  4153 I thermal_changed: [CPU3,0,89.900002,0,3]
09-25 18:58:19.234  2866  4153 I thermal_changed: [CPU5,0,89.900002,0,3]
09-25 18:58:19.244  2866  4153 I thermal_changed: [CPU5,0,95.000000,3,3]
09-25 18:58:19.329  2866  4153 I thermal_changed: [CPU3,0,95.000000,3,3]
09-25 18:58:19.489  2866  4153 I thermal_changed: [CPU3,0,89.900002,0,3]
09-25 18:58:19.529  2866  4153 I thermal_changed: [CPU3,0,95.000000,3,3]
09-25 18:58:19.728  2866  4153 I thermal_changed: [CPU5,0,89.900002,0,3]
09-25 18:58:19.880  2866  4153 I thermal_changed: [CPU3,0,89.900002,0,3]
09-25 18:58:19.884  2866  4153 I thermal_changed: [CPU5,0,95.000000,3,3]
09-25 18:58:19.892  2866  4153 I thermal_changed: [CPU3,0,95.000000,3,3]
09-25 18:58:20.062  2866  4153 I thermal_changed: [CPU3,0,89.900002,0,3]
09-25 18:58:20.145  2866  4153 I thermal_changed: [CPU3,0,95.000000,3,3]
09-25 18:58:20.221  2866  4153 I thermal_changed: [CPU3,0,89.900002,0,3]
09-25 18:58:20.265  2866  4153 I thermal_changed: [CPU3,0,95.000000,3,3]
09-25 18:58:20.379  2866  4153 I thermal_changed: [CPU2,0,95.000000,3,3]
09-25 18:58:20.383  2866  4153 I thermal_changed: [CPU3,0,89.900002,0,3]
09-25 18:58:20.410  2866  4153 I thermal_changed: [CPU2,0,89.900002,0,3]
09-25 18:58:20.519  2866  4526 I thermal_changed: [CPU5,0,89.900002,0,3]
09-25 18:58:20.560  2866  4153 I thermal_changed: [CPU5,0,95.000000,3,3]
09-25 18:58:20.571  2866  4153 I thermal_changed: [CPU3,0,95.000000,3,3]
09-25 18:58:20.628  2866  4153 I thermal_changed: [CPU3,0,89.900002,0,3]
09-25 18:58:20.630  2866  4153 I thermal_changed: [CPU5,0,89.900002,0,3]
09-25 18:58:20.737  2866  4153 I thermal_changed: [CPU5,0,95.000000,3,3]
09-25 18:58:20.751  2866  4153 I thermal_changed: [CPU5,0,89.900002,0,3]
09-25 18:58:20.795  2866  4153 I thermal_changed: [CPU5,0,95.000000,3,3]
09-25 18:58:20.873  2866  4153 I thermal_changed: [CPU2,0,95.000000,3,3]
09-25 18:58:20.905  2866  4153 I thermal_changed: [CPU5,0,89.900002,0,3]
09-25 18:58:20.908  2866  4153 I thermal_changed: [CPU2,0,89.900002,0,3]
09-25 18:58:20.960  2866  4153 I thermal_changed: [CPU5,0,95.000000,3,3]
09-25 18:58:21.051  2866  4153 I thermal_changed: [CPU3,0,95.000000,3,3]
09-25 18:58:21.069  2866  4153 I thermal_changed: [CPU3,0,89.599998,0,3]
09-25 18:58:21.100  2866  4153 I thermal_changed: [CPU3,0,95.000000,3,3]
09-25 18:58:21.197  2866  4526 I thermal_changed: [CPU3,0,89.900002,0,3]
09-25 18:58:21.208  2866  4526 I thermal_changed: [CPU3,0,95.000000,3,3]
09-25 18:58:21.451  2866  4526 I thermal_changed: [CPU3,0,89.900002,0,3]
09-25 18:58:21.542  2866  4526 I thermal_changed: [CPU5,0,89.900002,0,3]
09-25 18:58:21.605  2866  4526 I thermal_changed: [CPU3,0,95.000000,3,3]
09-25 18:58:21.829  2866  4526 I thermal_changed: [CPU3,0,89.900002,0,3]
09-25 18:58:21.833  2866  4526 I thermal_changed: [CPU3,0,95.000000,3,3]
09-25 18:58:22.061  2866  4526 I thermal_changed: [CPU5,0,95.000000,3,3]
09-25 18:58:22.146  2866  3614 I am_freeze: [682,com.android.settings]
09-25 18:58:22.307  1558  1558 I auditd  : type=1400 audit(0.0:6995603): avc:  denied  { search } for  comm="android.hardwar" name="uhid" dev="sysfs" ino=65226 scontext=u:r:hal_health_default:s0 tcontext=u:object_r:sysfs_uhid:s0 tclass=dir permissive=0
09-25 18:58:22.307  1558  1558 I auditd  : type=1400 audit(0.0:6995604): avc:  denied  { search } for  comm="android.hardwar" name="uhid" dev="sysfs" ino=65226 scontext=u:r:hal_health_default:s0 tcontext=u:object_r:sysfs_uhid:s0 tclass=dir permissive=0
09-25 18:58:22.323  1558  1558 I auditd  : type=1400 audit(0.0:6995605): avc:  denied  { search } for  comm="android.hardwar" name="uhid" dev="sysfs" ino=65226 scontext=u:r:hal_health_default:s0 tcontext=u:object_r:sysfs_uhid:s0 tclass=dir permissive=0
09-25 18:58:22.323  1558  1558 I auditd  : type=1400 audit(0.0:6995606): avc:  denied  { search } for  comm="android.hardwar" name="uhid" dev="sysfs" ino=65226 scontext=u:r:hal_health_default:s0 tcontext=u:object_r:sysfs_uhid:s0 tclass=dir permissive=0
09-25 18:58:22.368  2866  3814 I thermal_changed: [CPU5,0,89.900002,0,3]
09-25 18:58:22.382  2866  3814 I thermal_changed: [CPU3,0,89.900002,0,3]
09-25 18:58:22.442  2866  3814 I thermal_changed: [CPU5,0,95.000000,3,3]
09-25 18:58:22.465  2866  3814 I thermal_changed: [CPU3,0,95.000000,3,3]
09-25 18:58:22.486  2866  3814 I thermal_changed: [CPU3,0,89.900002,0,3]
09-25 18:58:22.491  2866  3814 I thermal_changed: [CPU5,0,89.900002,0,3]
09-25 18:58:22.515  2866  3814 I thermal_changed: [CPU3,0,95.000000,3,3]
09-25 18:58:22.532  2866  3814 I thermal_changed: [CPU5,0,95.000000,3,3]
09-25 18:58:22.679  2866  3814 I thermal_changed: [CPU3,0,89.900002,0,3]
09-25 18:58:22.744  2866  3814 I thermal_changed: [CPU3,0,95.000000,3,3]
09-25 18:58:23.094  2866  3814 I thermal_changed: [CPU3,0,89.900002,0,3]
09-25 18:58:23.145  2866  3814 I thermal_changed: [CPU3,0,95.000000,3,3]
09-25 18:58:23.283  2866  4153 I thermal_changed: [CPU5,0,89.900002,0,3]
09-25 18:58:23.293  2866  4153 I thermal_changed: [CPU5,0,95.000000,3,3]
09-25 18:58:23.909  2866  3814 I thermal_changed: [CPU5,0,89.900002,0,3]
09-25 18:58:24.014  2866  3814 I thermal_changed: [CPU5,0,95.000000,3,3]
09-25 18:58:24.071  2866  3814 I thermal_changed: [CPU5,0,89.900002,0,3]
09-25 18:58:24.099  2866  3814 I thermal_changed: [CPU5,0,95.000000,3,3]
09-25 18:58:24.255  2866  4153 I thermal_changed: [CPU3,0,89.900002,0,3]
09-25 18:58:24.386  2866  4153 I thermal_changed: [CPU3,0,95.000000,3,3]
09-25 18:58:24.465  2866  4153 I thermal_changed: [CPU3,0,89.900002,0,3]
09-25 18:58:24.468  2866  4153 I thermal_changed: [CPU3,0,95.000000,3,3]
09-25 18:58:24.468  2866  4153 I thermal_changed: [CPU5,0,89.900002,0,3]
09-25 18:58:24.690  2866  4153 I thermal_changed: [CPU3,0,89.900002,0,3]
09-25 18:58:24.690  2866  4153 I thermal_changed: [CPU5,0,95.000000,3,3]
09-25 18:58:24.727  2866  3814 I thermal_changed: [CPU3,0,95.000000,3,3]
09-25 18:58:24.856  2866  3814 I thermal_changed: [CPU3,0,89.900002,0,3]
09-25 18:58:24.873  2866  3814 I thermal_changed: [CPU3,0,95.000000,3,3]
09-25 18:58:24.938  2866  4526 I thermal_changed: [CPU5,0,89.900002,0,3]
09-25 18:58:24.982  2866  4526 I thermal_changed: [CPU3,0,89.900002,0,3]
09-25 18:58:25.034  2866  4526 I thermal_changed: [CPU5,0,95.000000,3,3]
09-25 18:58:25.105  2866  4526 I thermal_changed: [CPU3,0,95.000000,3,3]
09-25 18:58:25.182  2866  4526 I thermal_changed: [CPU5,0,89.900002,0,3]
09-25 18:58:25.202  2866  4526 I thermal_changed: [CPU5,0,95.000000,3,3]
09-25 18:58:25.219  2866  4526 I thermal_changed: [CPU3,0,89.900002,0,3]
09-25 18:58:25.234  2866  4526 I thermal_changed: [CPU5,0,89.900002,0,3]
09-25 18:58:25.255  2866  4526 I thermal_changed: [CPU2,0,95.000000,3,3]
09-25 18:58:25.267  2866  4526 I thermal_changed: [CPU3,0,95.000000,3,3]
09-25 18:58:25.270  2866  4526 I thermal_changed: [CPU5,0,95.000000,3,3]
09-25 18:58:25.274  2866  4526 I thermal_changed: [CPU2,0,89.900002,0,3]
09-25 18:58:25.278  2866  4526 I thermal_changed: [CPU3,0,89.900002,0,3]
09-25 18:58:25.299  2866  4526 I thermal_changed: [CPU3,0,95.000000,3,3]
09-25 18:58:25.352  2866  4526 I thermal_changed: [CPU2,0,95.000000,3,3]
09-25 18:58:25.359  2866  4526 I thermal_changed: [CPU5,0,89.900002,0,3]
09-25 18:58:25.387  2866  4526 I thermal_changed: [CPU5,0,95.000000,3,3]
09-25 18:58:25.390  2866  4526 I thermal_changed: [CPU2,0,89.900002,0,3]
09-25 18:58:25.524  2866  4526 I thermal_changed: [CPU3,0,89.900002,0,3]
09-25 18:58:25.529  2866  4526 I thermal_changed: [CPU5,0,89.900002,0,3]
09-25 18:58:25.565  2866  4526 I thermal_changed: [CPU3,0,95.000000,3,3]
09-25 18:58:25.655  2866  4526 I thermal_changed: [CPU5,0,95.000000,3,3]
09-25 18:58:25.688  2866  4526 I thermal_changed: [CPU5,0,89.900002,0,3]
09-25 18:58:25.689  2866  4526 I thermal_changed: [CPU5,0,95.000000,3,3]
09-25 18:58:25.743  2866  4526 I thermal_changed: [CPU3,0,89.900002,0,3]
09-25 18:58:25.758  2866  4526 I thermal_changed: [CPU3,0,95.000000,3,3]
09-25 18:58:25.896  2866  4153 I thermal_changed: [CPU5,0,89.900002,0,3]
09-25 18:58:25.897  2866  4153 I thermal_changed: [CPU3,0,89.900002,0,3]
09-25 18:58:25.908  2866  4153 I thermal_changed: [CPU5,0,95.000000,3,3]
09-25 18:58:25.913  2866  4153 I thermal_changed: [CPU3,0,95.000000,3,3]
09-25 18:58:25.992  2866  4153 I thermal_changed: [CPU3,0,89.900002,0,3]
09-25 18:58:26.100  2866  4153 I thermal_changed: [CPU5,0,89.900002,0,3]
09-25 18:58:26.106  2866  4153 I thermal_changed: [CPU3,0,95.000000,3,3]
09-25 18:58:26.120  2866  4153 I thermal_changed: [CPU5,0,95.000000,3,3]
09-25 18:58:26.203   579   579 I auditd  : type=1400 audit(0.0:6995607): avc:  denied  { search } for  comm="DefaultDispatch" name="zram0" dev="sysfs" ino=107524 scontext=u:r:untrusted_app:s0:c207,c257,c512,c768 tcontext=u:object_r:sysfs_zram:s0 tclass=dir permissive=0 app=com.zenithblue.sambas3
09-25 18:58:26.203   579   579 I auditd  : type=1400 audit(0.0:6995608): avc:  denied  { search } for  comm="DefaultDispatch" name="zram0" dev="sysfs" ino=107524 scontext=u:r:untrusted_app:s0:c207,c257,c512,c768 tcontext=u:object_r:sysfs_zram:s0 tclass=dir permissive=0 app=com.zenithblue.sambas3
09-25 18:58:26.215  2866  4526 I thermal_changed: [CPU3,0,89.900002,0,3]
09-25 18:58:26.245  2866  4526 I thermal_changed: [CPU3,0,95.400002,3,3]
09-25 18:58:26.292  2866  4526 I thermal_changed: [CPU3,0,89.900002,0,3]
09-25 18:58:26.300  2866  4526 I thermal_changed: [CPU5,0,89.900002,0,3]
09-25 18:58:26.312  2866  4526 I thermal_changed: [CPU3,0,95.000000,3,3]
09-25 18:58:26.470  2866  4526 I thermal_changed: [CPU5,0,95.000000,3,3]
09-25 18:58:26.516  2866  4526 I thermal_changed: [CPU5,0,89.900002,0,3]
09-25 18:58:26.567  2866  4526 I thermal_changed: [CPU3,0,89.900002,0,3]
09-25 18:58:26.575  2866  4526 I thermal_changed: [CPU5,0,95.000000,3,3]
09-25 18:58:26.578  2866  4526 I thermal_changed: [CPU3,0,95.000000,3,3]
09-25 18:58:26.598  2866  4526 I thermal_changed: [CPU3,0,89.900002,0,3]
09-25 18:58:26.677  2866  4526 I thermal_changed: [CPU3,0,95.000000,3,3]
09-25 18:58:26.683  2866  4526 I thermal_changed: [CPU5,0,89.900002,0,3]
09-25 18:58:26.802  2866  4526 I thermal_changed: [CPU5,0,95.000000,3,3]
09-25 18:58:26.945  2866  4153 I thermal_changed: [CPU3,0,89.900002,0,3]
09-25 18:58:26.977  2866  4153 I thermal_changed: [CPU5,0,89.900002,0,3]
09-25 18:58:26.984  2866  4153 I thermal_changed: [CPU5,0,95.000000,3,3]
09-25 18:58:27.005  2866  4153 I thermal_changed: [CPU3,0,95.000000,3,3]
09-25 18:58:27.280  2866  4526 I thermal_changed: [CPU3,0,89.900002,0,3]
09-25 18:58:27.324  2866  4526 I thermal_changed: [CPU5,0,89.900002,0,3]
09-25 18:58:27.328  2866  4526 I thermal_changed: [CPU5,0,95.400002,3,3]
09-25 18:58:27.463  2866  4526 I thermal_changed: [CPU5,0,89.900002,0,3]
09-25 18:58:27.491  2866  4526 I thermal_changed: [CPU3,0,95.000000,3,3]
09-25 18:58:27.570  2866  4526 I thermal_changed: [CPU5,0,95.000000,3,3]
09-25 18:58:27.573  2866  4526 I thermal_changed: [CPU3,0,89.900002,0,3]
09-25 18:58:27.620  2866  4526 I thermal_changed: [CPU3,0,95.000000,3,3]
09-25 18:58:27.624  2866  4526 I thermal_changed: [CPU5,0,89.900002,0,3]
09-25 18:58:27.651  2866  4526 I thermal_changed: [CPU3,0,89.900002,0,3]
09-25 18:58:27.660  2866  4526 I thermal_changed: [CPU5,0,95.000000,3,3]
09-25 18:58:27.716  2866  4526 I thermal_changed: [CPU3,0,95.000000,3,3]
09-25 18:58:27.806  2866  4526 I thermal_changed: [CPU3,0,89.900002,0,3]
09-25 18:58:27.899  2866  4153 I thermal_changed: [CPU5,0,89.900002,0,3]
09-25 18:58:27.911  2866  4153 I thermal_changed: [CPU5,0,95.000000,3,3]
09-25 18:58:27.914  2866  4153 I thermal_changed: [CPU3,0,95.000000,3,3]
09-25 18:58:27.922  2866  4153 I thermal_changed: [CPU5,0,89.900002,0,3]
09-25 18:58:27.930  2866  4153 I thermal_changed: [CPU5,0,95.000000,3,3]
09-25 18:58:28.001  2866  4153 I thermal_changed: [CPU5,0,89.900002,0,3]
09-25 18:58:28.020  2866  4153 I thermal_changed: [CPU3,0,89.900002,0,3]
09-25 18:58:28.027  2866  4153 I thermal_changed: [CPU5,0,95.000000,3,3]
09-25 18:58:28.082  2866  4153 I thermal_changed: [CPU3,0,95.000000,3,3]
09-25 18:58:28.148  2866  4526 I thermal_changed: [CPU5,0,89.900002,0,3]
09-25 18:58:28.173  2866  4526 I thermal_changed: [CPU5,0,95.000000,3,3]
09-25 18:58:28.236  2866  4526 I thermal_changed: [CPU3,0,89.900002,0,3]
09-25 18:58:28.293  2866  4526 I thermal_changed: [CPU5,0,89.900002,0,3]
09-25 18:58:28.310  2866  4526 I thermal_changed: [CPU5,0,95.000000,3,3]
09-25 18:58:28.377  2866  4526 I thermal_changed: [CPU5,0,89.900002,0,3]
09-25 18:58:28.394  2866  4526 I thermal_changed: [CPU5,0,95.000000,3,3]
09-25 18:58:28.425  2866  4526 I thermal_changed: [CPU5,0,89.900002,0,3]
09-25 18:58:28.439  2866  4526 I thermal_changed: [CPU3,0,95.000000,3,3]
09-25 18:58:28.466  2866  4526 I thermal_changed: [CPU3,0,89.900002,0,3]
09-25 18:58:28.531  2866  4526 I thermal_changed: [CPU5,0,95.000000,3,3]
09-25 18:58:28.542  2866  4526 I thermal_changed: [CPU3,0,95.000000,3,3]
09-25 18:58:28.546  2866  4526 I thermal_changed: [CPU3,0,89.900002,0,3]
09-25 18:58:28.550  2866  4526 I thermal_changed: [CPU3,0,95.000000,3,3]
09-25 18:58:28.760  2866  4526 I thermal_changed: [CPU3,0,89.599998,0,3]
09-25 18:58:28.820  2866  4526 I thermal_changed: [CPU5,0,89.900002,0,3]
09-25 18:58:28.862  2866  4526 I thermal_changed: [CPU5,0,95.000000,3,3]
09-25 18:58:28.871  2866  4526 I thermal_changed: [CPU5,0,89.900002,0,3]
09-25 18:58:28.882  2866  4526 I thermal_changed: [CPU5,0,95.000000,3,3]
09-25 18:58:28.894  2866  4526 I thermal_changed: [CPU3,0,95.000000,3,3]
09-25 18:58:28.926  2866  4526 I thermal_changed: [CPU5,0,89.900002,0,3]
09-25 18:58:28.972  2866  4526 I thermal_changed: [CPU5,0,95.000000,3,3]
09-25 18:58:28.987  2866  4526 I thermal_changed: [CPU2,0,95.000000,3,3]
09-25 18:58:29.011  2866  4526 I thermal_changed: [CPU2,0,89.900002,0,3]
09-25 18:58:29.110  2866  4526 I thermal_changed: [CPU3,0,89.900002,0,3]
09-25 18:58:29.113  2866  4526 I thermal_changed: [CPU5,0,89.599998,0,3]
09-25 18:58:29.175  2866  4153 I thermal_changed: [CPU5,0,95.000000,3,3]
09-25 18:58:29.185  2866  4153 I thermal_changed: [CPU3,0,95.000000,3,3]
09-25 18:58:29.270  2866  4153 I thermal_changed: [CPU3,0,89.900002,0,3]
09-25 18:58:29.294  2866  4153 I thermal_changed: [CPU3,0,95.000000,3,3]
09-25 18:58:29.346  2866  4526 I thermal_changed: [CPU3,0,89.900002,0,3]
09-25 18:58:29.400  2866  4153 I thermal_changed: [CPU5,0,89.900002,0,3]
09-25 18:58:29.415  2866  4153 I thermal_changed: [CPU5,0,95.400002,3,3]
09-25 18:58:29.461  2866  4153 I thermal_changed: [CPU5,0,89.599998,0,3]
09-25 18:58:29.478  2866  4153 I thermal_changed: [CPU5,0,95.000000,3,3]
09-25 18:58:29.482  2866  4153 I thermal_changed: [CPU3,0,95.000000,3,3]
09-25 18:58:29.728  2866  4153 I thermal_changed: [CPU3,0,89.900002,0,3]
09-25 18:58:29.807  2866  4153 I thermal_changed: [CPU3,0,95.000000,3,3]
09-25 18:58:29.821  2866  4526 I thermal_changed: [CPU5,0,89.900002,0,3]
09-25 18:58:29.949  2866  4526 I thermal_changed: [CPU5,0,95.000000,3,3]
09-25 18:58:30.178  2866  4526 I thermal_changed: [CPU5,0,89.900002,0,3]
09-25 18:58:30.404  2866  4526 I thermal_changed: [CPU5,0,95.000000,3,3]
09-25 18:58:30.442  2866  4526 I thermal_changed: [CPU3,0,89.900002,0,3]
09-25 18:58:30.651  2866  4526 I thermal_changed: [CPU2,0,95.000000,3,3]
09-25 18:58:30.651  2866  4526 I thermal_changed: [CPU3,0,95.000000,3,3]
09-25 18:58:30.665  2866  4153 I thermal_changed: [CPU2,0,89.900002,0,3]
09-25 18:58:30.845  2866  4153 I thermal_changed: [CPU5,0,89.900002,0,3]
09-25 18:58:30.853  2866  4153 I thermal_changed: [CPU3,0,89.900002,0,3]
09-25 18:58:30.855  2866  4153 I thermal_changed: [CPU5,0,95.000000,3,3]
09-25 18:58:30.863  2866  4153 I thermal_changed: [CPU5,0,89.900002,0,3]
09-25 18:58:30.866  2866  4153 I thermal_changed: [CPU2,0,95.000000,3,3]
09-25 18:58:30.887  2866  4153 I thermal_changed: [CPU2,0,89.900002,0,3]
09-25 18:58:30.903  2866  4153 I thermal_changed: [CPU5,0,95.000000,3,3]
09-25 18:58:31.117  2866  4526 I thermal_changed: [CPU3,0,95.000000,3,3]
09-25 18:58:31.129  2866  4526 I thermal_changed: [CPU5,0,89.900002,0,3]
09-25 18:58:31.168  2866  4526 I thermal_changed: [CPU5,0,95.000000,3,3]
09-25 18:58:31.169  2866  4526 I thermal_changed: [CPU3,0,89.900002,0,3]
09-25 18:58:31.174  2866  4526 I thermal_changed: [CPU3,0,95.000000,3,3]
09-25 18:58:31.283  2866  3814 I thermal_changed: [CPU3,0,89.900002,0,3]
09-25 18:58:31.292  2866  3814 I thermal_changed: [CPU3,0,95.000000,3,3]
09-25 18:58:31.299  2866  3814 I thermal_changed: [CPU5,0,89.900002,0,3]
09-25 18:58:31.316  2866  3814 I thermal_changed: [CPU5,0,95.000000,3,3]
09-25 18:58:31.333  2866  3814 I thermal_changed: [CPU5,0,89.900002,0,3]
09-25 18:58:31.350  2866  3814 I thermal_changed: [CPU5,0,95.000000,3,3]
09-25 18:58:31.389  2866  3814 I thermal_changed: [CPU5,0,89.900002,0,3]
09-25 18:58:31.463  2866  3814 I thermal_changed: [CPU3,0,89.900002,0,3]
09-25 18:58:31.509  2866  3814 I thermal_changed: [CPU5,0,95.000000,3,3]
09-25 18:58:31.590  2866  3814 I thermal_changed: [CPU3,0,95.000000,3,3]
09-25 18:58:31.705  2866  3814 I thermal_changed: [CPU5,0,89.900002,0,3]
09-25 18:58:31.730  2866  3814 I thermal_changed: [CPU5,0,95.000000,3,3]
09-25 18:58:31.820  2866  3814 I thermal_changed: [CPU3,0,89.900002,0,3]
09-25 18:58:31.833  2866  4526 I thermal_changed: [CPU3,0,95.000000,3,3]
09-25 18:58:31.834  2866  4526 I thermal_changed: [CPU5,0,89.900002,0,3]
09-25 18:58:31.847  2866  4526 I thermal_changed: [CPU5,0,95.000000,3,3]
09-25 18:58:32.009  2866  4526 I thermal_changed: [CPU5,0,89.900002,0,3]
09-25 18:58:32.029  2866  4526 I thermal_changed: [CPU5,0,95.000000,3,3]
09-25 18:58:32.064  2866  4526 I thermal_changed: [CPU3,0,89.599998,0,3]
09-25 18:58:32.068  2866  4526 I thermal_changed: [CPU5,0,89.900002,0,3]
09-25 18:58:32.147  2866  4526 I thermal_changed: [CPU3,0,95.400002,3,3]
09-25 18:58:32.148  2866  4526 I thermal_changed: [CPU5,0,95.000000,3,3]
09-25 18:58:32.246  2866  3814 I thermal_changed: [CPU3,0,89.900002,0,3]
09-25 18:58:32.269  2866  3814 I thermal_changed: [CPU3,0,95.000000,3,3]
09-25 18:58:32.269  2866  3814 I thermal_changed: [CPU5,0,89.900002,0,3]
09-25 18:58:32.280  2866  4526 I thermal_changed: [CPU3,0,89.900002,0,3]
09-25 18:58:32.290  2866  4526 I thermal_changed: [CPU3,0,95.000000,3,3]
09-25 18:58:32.297  2866  4526 I thermal_changed: [CPU5,0,95.000000,3,3]
09-25 18:58:32.396  2866  4526 I thermal_changed: [CPU3,0,89.900002,0,3]
09-25 18:58:32.405  2866  4526 I thermal_changed: [CPU5,0,89.900002,0,3]
09-25 18:58:32.420  2866  4526 I thermal_changed: [CPU5,0,95.000000,3,3]
09-25 18:58:32.429  2866  4526 I thermal_changed: [CPU5,0,89.900002,0,3]
09-25 18:58:32.452  2866  4526 I thermal_changed: [CPU5,0,95.000000,3,3]
09-25 18:58:32.470  2866  4526 I thermal_changed: [CPU3,0,95.000000,3,3]
09-25 18:58:32.551  2866  4526 I thermal_changed: [CPU3,0,89.900002,0,3]
09-25 18:58:32.704  2866  4526 I thermal_changed: [CPU3,0,95.000000,3,3]
09-25 18:58:32.819  2866  4526 I thermal_changed: [CPU3,0,89.900002,0,3]
09-25 18:58:32.842  2866  4526 I thermal_changed: [CPU3,0,95.000000,3,3]
09-25 18:58:32.944  2866  4526 I thermal_changed: [CPU5,0,89.900002,0,3]
09-25 18:58:33.160  2866  3814 I thermal_changed: [CPU5,0,95.000000,3,3]
09-25 18:58:33.209  2866  4526 I thermal_changed: [CPU5,0,89.900002,0,3]
09-25 18:58:33.223  2866  4526 I thermal_changed: [CPU3,0,89.900002,0,3]
09-25 18:58:33.233  2866  4526 I thermal_changed: [CPU3,0,95.400002,3,3]
09-25 18:58:33.267  2866  4526 I thermal_changed: [CPU3,0,89.900002,0,3]
09-25 18:58:33.303  2866  4526 I thermal_changed: [CPU3,0,95.000000,3,3]
09-25 18:58:33.312  2866  4526 I thermal_changed: [CPU5,0,95.400002,3,3]
09-25 18:58:33.464  2866  4526 I thermal_changed: [CPU3,0,89.900002,0,3]
09-25 18:58:33.505  2866  4526 I thermal_changed: [CPU3,0,95.000000,3,3]
09-25 18:58:33.541  2866  4526 I thermal_changed: [CPU5,0,89.900002,0,3]
09-25 18:58:33.590  2866  4526 I thermal_changed: [CPU5,0,95.000000,3,3]
09-25 18:58:33.621  2866  4526 I thermal_changed: [CPU5,0,89.900002,0,3]
09-25 18:58:33.635  2866  4526 I thermal_changed: [CPU3,0,89.900002,0,3]
09-25 18:58:33.731  2866  4526 I thermal_changed: [CPU3,0,95.000000,3,3]
09-25 18:58:33.741  2866  4526 I thermal_changed: [CPU3,0,89.900002,0,3]
09-25 18:58:33.762  2866  4526 I thermal_changed: [CPU5,0,95.400002,3,3]
09-25 18:58:33.799  2866  4526 I thermal_changed: [CPU5,0,89.900002,0,3]
09-25 18:58:33.905  2866  3814 I thermal_changed: [CPU3,0,95.000000,3,3]
09-25 18:58:33.923  2866  3814 I thermal_changed: [CPU3,0,89.900002,0,3]
09-25 18:58:33.943  2866  3814 I thermal_changed: [CPU5,0,95.400002,3,3]
09-25 18:58:33.945  2866  3814 I thermal_changed: [CPU3,0,95.000000,3,3]
09-25 18:58:33.962  2866  3814 I thermal_changed: [CPU3,0,89.900002,0,3]
09-25 18:58:33.983  2866  3814 I thermal_changed: [CPU3,0,95.000000,3,3]
09-25 18:58:34.050  2866  3814 I thermal_changed: [CPU2,0,95.000000,3,3]
09-25 18:58:34.061  2866  3814 I thermal_changed: [CPU5,0,89.900002,0,3]
09-25 18:58:34.069  2866  3814 I thermal_changed: [CPU2,0,89.900002,0,3]
09-25 18:58:34.084  2866  3814 I thermal_changed: [CPU5,0,95.000000,3,3]
09-25 18:58:34.143  2866  3814 I thermal_changed: [CPU3,0,89.900002,0,3]
09-25 18:58:34.326  2866  3814 I thermal_changed: [CPU3,0,95.000000,3,3]
09-25 18:58:34.339  2866  3814 I thermal_changed: [CPU3,0,89.900002,0,3]
09-25 18:58:34.346  2866  3814 I thermal_changed: [CPU3,0,95.000000,3,3]
09-25 18:58:34.359  2866  3814 I thermal_changed: [CPU5,0,89.900002,0,3]
09-25 18:58:34.422  2866  3814 I thermal_changed: [CPU3,0,89.900002,0,3]
09-25 18:58:34.565  2866  3814 I thermal_changed: [CPU5,0,95.000000,3,3]
09-25 18:58:34.603  2866  3814 I thermal_changed: [CPU2,0,95.000000,3,3]
09-25 18:58:34.604  2866  3814 I thermal_changed: [CPU3,0,95.000000,3,3]
09-25 18:58:34.609  2866  3814 I thermal_changed: [CPU2,0,89.900002,0,3]
09-25 18:58:34.657  2866  3814 I thermal_changed: [CPU3,0,89.900002,0,3]
09-25 18:58:34.721  2866  3814 I thermal_changed: [CPU5,0,89.900002,0,3]
09-25 18:58:34.826  2866  3814 I thermal_changed: [CPU3,0,95.000000,3,3]
09-25 18:58:34.924  2866  3814 I thermal_changed: [CPU5,0,95.000000,3,3]
09-25 18:58:35.028  2866  3814 I thermal_changed: [CPU3,0,89.900002,0,3]
09-25 18:58:35.047  2866  3814 I thermal_changed: [CPU5,0,89.900002,0,3]
09-25 18:58:35.060  2866  3814 I thermal_changed: [CPU3,0,95.000000,3,3]
09-25 18:58:35.071  2866  3814 I thermal_changed: [CPU5,0,95.000000,3,3]
09-25 18:58:35.082  2866  3814 I thermal_changed: [CPU3,0,89.900002,0,3]
09-25 18:58:35.095  2866  3814 I thermal_changed: [CPU2,0,95.000000,3,3]
09-25 18:58:35.095  2866  3814 I thermal_changed: [CPU5,0,89.900002,0,3]
09-25 18:58:35.114  2866  4526 I thermal_changed: [CPU3,0,95.000000,3,3]
09-25 18:58:35.114  2866  4526 I thermal_changed: [CPU5,0,95.000000,3,3]
09-25 18:58:35.118  2866  4526 I thermal_changed: [CPU2,0,89.900002,0,3]
09-25 18:58:35.170  2866  4526 I thermal_changed: [CPU3,0,89.900002,0,3]
09-25 18:58:35.191  2866  3814 I thermal_changed: [CPU3,0,95.000000,3,3]
09-25 18:58:35.237  2866  3814 I thermal_changed: [CPU5,0,89.900002,0,3]
09-25 18:58:35.239  2866  3814 I thermal_changed: [CPU3,0,89.900002,0,3]
09-25 18:58:35.296  2866  3814 I thermal_changed: [CPU5,0,95.400002,3,3]
09-25 18:58:35.335   579   579 I auditd  : type=1400 audit(0.0:6995609): avc:  denied  { search } for  comm="DefaultDispatch" name="zram0" dev="sysfs" ino=107524 scontext=u:r:untrusted_app:s0:c207,c257,c512,c768 tcontext=u:object_r:sysfs_zram:s0 tclass=dir permissive=0 app=com.zenithblue.sambas3
09-25 18:58:35.335   579   579 I auditd  : type=1400 audit(0.0:6995610): avc:  denied  { search } for  comm="DefaultDispatch" name="zram0" dev="sysfs" ino=107524 scontext=u:r:untrusted_app:s0:c207,c257,c512,c768 tcontext=u:object_r:sysfs_zram:s0 tclass=dir permissive=0 app=com.zenithblue.sambas3
09-25 18:58:35.483  2866  3814 I thermal_changed: [CPU3,0,95.000000,3,3]
09-25 18:58:35.504  2866  3814 I thermal_changed: [CPU3,0,89.900002,0,3]
09-25 18:58:35.573  2866  3814 I thermal_changed: [CPU3,0,95.400002,3,3]
09-25 18:58:35.635  2866  3814 I thermal_changed: [CPU3,0,89.900002,0,3]
09-25 18:58:35.797  2866  3814 I thermal_changed: [CPU5,0,89.900002,0,3]
09-25 18:58:35.868  2866  3814 I thermal_changed: [CPU5,0,95.000000,3,3]
09-25 18:58:35.900  2866  3814 I thermal_changed: [CPU3,0,95.000000,3,3]
09-25 18:58:35.919  2866  3814 I thermal_changed: [CPU3,0,89.900002,0,3]
09-25 18:58:35.932  2866  3814 I thermal_changed: [CPU5,0,89.900002,0,3]
09-25 18:58:35.940  2866  3814 I thermal_changed: [CPU5,0,95.400002,3,3]
09-25 18:58:36.003  2866  4153 I thermal_changed: [CPU3,0,95.000000,3,3]
09-25 18:58:36.185  2866  4153 I thermal_changed: [CPU5,0,89.900002,0,3]
09-25 18:58:36.190  2866  4153 I thermal_changed: [CPU5,0,95.000000,3,3]
09-25 18:58:36.193  2866  4153 I thermal_changed: [CPU3,0,89.900002,0,3]
09-25 18:58:36.197  2866  4153 I thermal_changed: [CPU5,0,89.900002,0,3]
09-25 18:58:36.202  2866  4153 I thermal_changed: [CPU5,0,95.000000,3,3]
09-25 18:58:36.222  2866  4153 I thermal_changed: [CPU3,0,95.000000,3,3]
09-25 18:58:36.251  2866  4153 I thermal_changed: [CPU3,0,89.900002,0,3]
09-25 18:58:36.260  2866  4153 I thermal_changed: [CPU3,0,95.000000,3,3]
09-25 18:58:36.261  2866  4153 I thermal_changed: [CPU5,0,89.900002,0,3]
09-25 18:58:36.264  2866  4153 I thermal_changed: [CPU5,0,95.800003,3,3]
09-25 18:58:36.372  2866  4153 I thermal_changed: [CPU3,0,89.900002,0,3]
09-25 18:58:36.378  2866  4153 I thermal_changed: [CPU3,0,95.000000,3,3]
09-25 18:58:36.462  2866  4153 I thermal_changed: [CPU5,0,89.900002,0,3]
09-25 18:58:36.507  2866  4153 I thermal_changed: [CPU3,0,89.900002,0,3]
09-25 18:58:36.580  2866  4153 I thermal_changed: [CPU3,0,95.000000,3,3]
09-25 18:58:36.595  2866  4153 I thermal_changed: [CPU3,0,89.900002,0,3]
09-25 18:58:36.615  2866  4153 I thermal_changed: [CPU5,0,95.400002,3,3]
09-25 18:58:36.741  2866  4153 I thermal_changed: [CPU3,0,95.000000,3,3]
09-25 18:58:36.861  2866  4153 I thermal_changed: [CPU5,0,89.900002,0,3]
09-25 18:58:36.917  2866  4153 I thermal_changed: [CPU3,0,89.900002,0,3]
09-25 18:58:36.943  2866  4153 I thermal_changed: [CPU5,0,95.400002,3,3]
09-25 18:58:36.958  2866  4153 I thermal_changed: [CPU3,0,95.000000,3,3]
09-25 18:58:37.011  2866  3814 I thermal_changed: [CPU5,0,89.900002,0,3]
09-25 18:58:37.039  2866  3814 I thermal_changed: [CPU5,0,95.000000,3,3]
09-25 18:58:37.123  2866  3814 I thermal_changed: [CPU5,0,89.599998,0,3]
09-25 18:58:37.208  2866  3814 I thermal_changed: [CPU5,0,95.000000,3,3]
09-25 18:58:37.227  2866  3814 I thermal_changed: [CPU3,0,89.900002,0,3]
09-25 18:58:37.284  2866  3814 I thermal_changed: [CPU3,0,95.400002,3,3]
09-25 18:58:37.350  2866  3814 I thermal_changed: [CPU5,0,89.900002,0,3]
09-25 18:58:37.372  2866  3814 I thermal_changed: [CPU5,0,95.000000,3,3]
09-25 18:58:37.375  2866  3814 I thermal_changed: [CPU3,0,89.900002,0,3]
09-25 18:58:37.412  2866  3814 I thermal_changed: [CPU5,0,89.900002,0,3]
09-25 18:58:37.442  2866  3814 I thermal_changed: [CPU3,0,95.000000,3,3]
09-25 18:58:37.447  2866  3814 I thermal_changed: [CPU5,0,95.000000,3,3]
09-25 18:58:37.569  2866  3814 I thermal_changed: [CPU5,0,89.900002,0,3]
09-25 18:58:37.637  2866  3814 I thermal_changed: [CPU5,0,95.000000,3,3]
09-25 18:58:37.653  2866  3814 I thermal_changed: [CPU2,0,95.000000,3,3]
09-25 18:58:37.700  2866  3814 I thermal_changed: [CPU2,0,89.900002,0,3]
09-25 18:58:37.775  2866  3814 I thermal_changed: [CPU5,0,89.599998,0,3]
09-25 18:58:37.880  2866  3814 I thermal_changed: [CPU5,0,95.400002,3,3]
09-25 18:58:37.920  2866  3814 I thermal_changed: [CPU3,0,89.900002,0,3]
09-25 18:58:37.958  2866  3814 I thermal_changed: [CPU3,0,95.000000,3,3]
09-25 18:58:37.966  2866  4153 I thermal_changed: [CPU5,0,89.900002,0,3]
09-25 18:58:37.974  2866  4153 I thermal_changed: [CPU3,0,89.900002,0,3]
09-25 18:58:37.978  2866  4153 I thermal_changed: [CPU5,0,95.000000,3,3]
09-25 18:58:38.028  2866  4153 I thermal_changed: [CPU3,0,95.000000,3,3]
09-25 18:58:38.066  2866  4153 I thermal_changed: [CPU3,0,89.900002,0,3]
09-25 18:58:38.112  2866  4153 I thermal_changed: [CPU3,0,95.000000,3,3]
09-25 18:58:38.157  2866  4153 I thermal_changed: [CPU5,0,89.900002,0,3]
09-25 18:58:38.170  2866  4153 I thermal_changed: [CPU3,0,89.900002,0,3]
09-25 18:58:38.218  2866  3814 I thermal_changed: [CPU3,0,95.000000,3,3]
09-25 18:58:38.221  2866  3814 I thermal_changed: [CPU5,0,95.000000,3,3]
09-25 18:58:38.483  2866  3814 I thermal_changed: [CPU3,0,89.900002,0,3]
09-25 18:58:38.529  2866  3814 I thermal_changed: [CPU3,0,95.000000,3,3]
09-25 18:58:38.569  2866  3814 I thermal_changed: [CPU3,0,89.900002,0,3]
09-25 18:58:38.599  2866  3814 I thermal_changed: [CPU3,0,95.000000,3,3]
09-25 18:58:38.663  2866  3814 I thermal_changed: [CPU3,0,89.900002,0,3]
09-25 18:58:38.857  2866  3814 I thermal_changed: [CPU5,0,89.900002,0,3]
09-25 18:58:38.861  2866  3814 I thermal_changed: [CPU5,0,95.400002,3,3]
09-25 18:58:38.862  2866  3814 I thermal_changed: [CPU3,0,95.400002,3,3]
09-25 18:58:38.918  2866  4153 I thermal_changed: [CPU5,0,89.900002,0,3]
09-25 18:58:39.098  2866  3814 I thermal_changed: [CPU2,0,95.000000,3,3]
09-25 18:58:39.121  2866  3814 I thermal_changed: [CPU2,0,89.900002,0,3]
09-25 18:58:39.382  2866  3814 I thermal_changed: [CPU5,0,95.000000,3,3]
09-25 18:58:39.643  2866  3814 I thermal_changed: [CPU5,0,89.900002,0,3]
09-25 18:58:39.691  2866  3814 I thermal_changed: [CPU5,0,95.000000,3,3]
09-25 18:58:39.809  2866  3814 I thermal_changed: [CPU5,0,89.900002,0,3]
09-25 18:58:39.820  2866  3814 I thermal_changed: [CPU3,0,89.900002,0,3]
09-25 18:58:39.890  2866  3814 I thermal_changed: [CPU3,0,95.000000,3,3]
09-25 18:58:40.095  2866  2866 I notification_enqueue: [10463,579,com.zenithblue.sambas3,2000,NULL,0,Notification(channel=rpcsx-progress shortcut=null contentView=null vibrate=null sound=null defaults=0 flags=ONGOING_EVENT|FOREGROUND_SERVICE|SILENT color=0x00000000 category=progress vis=PRIVATE),1,1]
09-25 18:58:40.245  2866  3814 I thermal_changed: [CPU5,0,95.400002,3,3]
09-25 18:58:40.602  2866  2866 I notification_enqueue: [10463,579,com.zenithblue.sambas3,2000,NULL,0,Notification(channel=rpcsx-progress shortcut=null contentView=null vibrate=null sound=null defaults=0 flags=ONGOING_EVENT|FOREGROUND_SERVICE|SILENT color=0x00000000 category=progress vis=PRIVATE),1,1]
09-25 18:58:41.332  2866  3814 I thermal_changed: [CPU5,0,89.900002,0,3]
09-25 18:58:41.353  2866  3814 I thermal_changed: [CPU5,0,95.000000,3,3]
09-25 18:58:41.471  2866  3814 I thermal_changed: [CPU5,0,89.900002,0,3]
09-25 18:58:41.518  2866  3814 I thermal_changed: [CPU3,0,89.900002,0,3]
09-25 18:58:41.536  2866  3814 I thermal_changed: [CPU3,0,95.400002,3,3]
09-25 18:58:41.745  2866  3814 I thermal_changed: [CPU5,0,95.000000,3,3]
09-25 18:58:42.055  2866  3814 I thermal_changed: [CPU3,0,89.900002,0,3]
09-25 18:58:42.146  2866  3814 I thermal_changed: [CPU3,0,95.000000,3,3]
09-25 18:58:42.184  2866  3814 I thermal_changed: [CPU3,0,89.900002,0,3]
09-25 18:58:42.397  2866  3814 I thermal_changed: [CPU3,0,95.000000,3,3]
09-25 18:58:42.458  2866  3814 I thermal_changed: [CPU3,0,89.900002,0,3]
09-25 18:58:42.551  2866  3814 I thermal_changed: [CPU3,0,95.000000,3,3]
09-25 18:58:42.784  2866  3814 I thermal_changed: [CPU5,0,89.900002,0,3]
09-25 18:58:42.955  2866  3814 I thermal_changed: [CPU3,0,89.900002,0,3]
09-25 18:58:43.028  2866  3814 I thermal_changed: [CPU5,0,95.000000,3,3]
09-25 18:58:43.085  2866  3814 I thermal_changed: [CPU3,0,95.000000,3,3]
09-25 18:58:43.124  2866  3814 I thermal_changed: [CPU5,0,89.900002,0,3]
09-25 18:58:43.164  2866  3814 I thermal_changed: [CPU5,0,95.000000,3,3]
09-25 18:58:43.250  2866  3814 I thermal_changed: [CPU5,0,89.900002,0,3]
09-25 18:58:43.269  2866  3814 I thermal_changed: [CPU5,0,95.000000,3,3]
09-25 18:58:43.287  2866  3814 I thermal_changed: [CPU7,0,95.000000,3,3]
09-25 18:58:43.412  2866  2866 I notification_enqueue: [10463,579,com.zenithblue.sambas3,2000,NULL,0,Notification(channel=rpcsx-progress shortcut=null contentView=null vibrate=null sound=null defaults=0 flags=ONGOING_EVENT|FOREGROUND_SERVICE|SILENT color=0x00000000 category=progress vis=PRIVATE),1,1]
09-25 18:58:43.557  2866  4153 I thermal_changed: [CPU3,0,89.900002,0,3]
09-25 18:58:43.562  2866  4153 I thermal_changed: [CPU3,0,95.000000,3,3]
09-25 18:58:44.139   579   579 I auditd  : type=1400 audit(0.0:6995611): avc:  denied  { search } for  comm="DefaultDispatch" name="zram0" dev="sysfs" ino=107524 scontext=u:r:untrusted_app:s0:c207,c257,c512,c768 tcontext=u:object_r:sysfs_zram:s0 tclass=dir permissive=0 app=com.zenithblue.sambas3
09-25 18:58:44.139   579   579 I auditd  : type=1400 audit(0.0:6995612): avc:  denied  { search } for  comm="DefaultDispatch" name="zram0" dev="sysfs" ino=107524 scontext=u:r:untrusted_app:s0:c207,c257,c512,c768 tcontext=u:object_r:sysfs_zram:s0 tclass=dir permissive=0 app=com.zenithblue.sambas3
09-25 18:58:44.566  2866  3814 I thermal_changed: [CPU7,0,89.900002,0,3]
09-25 18:58:45.836  2866  4153 I thermal_changed: [CPU7,0,95.000000,3,3]
09-25 18:58:46.170  2866  4153 I thermal_changed: [CPU5,0,89.900002,0,3]
09-25 18:58:46.180  2866  2866 I notification_enqueue: [10463,579,com.zenithblue.sambas3,2000,NULL,0,Notification(channel=rpcsx-progress shortcut=null contentView=null vibrate=null sound=null defaults=0 flags=ONGOING_EVENT|FOREGROUND_SERVICE|SILENT color=0x00000000 category=progress vis=PRIVATE),1,1]
09-25 18:58:46.189  2866  4153 I thermal_changed: [CPU5,0,95.000000,3,3]
09-25 18:58:46.197  2866  4153 I thermal_changed: [CPU3,0,89.900002,0,3]
09-25 18:58:46.381  2866  4153 I thermal_changed: [CPU3,0,95.000000,3,3]
09-25 18:58:46.496  2866  3814 I thermal_changed: [CPU3,0,89.599998,0,3]
09-25 18:58:46.712  2866  3814 I thermal_changed: [CPU3,0,95.000000,3,3]
09-25 18:58:46.838   645   645 I killinfo: [8136,10312,965,701,75480,8,414728,6175932,43256,1852,4696528,4666652,6291452,3643600,1540988,976568,383152,694480,188256,576116,93248,159204,0,0,354888,100,100,1,0,50564,4512896,0,0,0.000000,0.000000,0.000000,0.000000,39.389999]
09-25 18:58:46.864   645   645 I killinfo: [9151,10346,965,701,81100,8,417952,6179572,43256,1852,4707188,4674972,6291452,3644444,1550400,958932,383152,687468,188256,576116,92864,157948,0,0,354132,124,24,2,0,45508,4657984,0,0,0.000000,0.000000,0.000000,0.000000,39.389999]
09-25 18:58:46.866  2866  7137 I am_proc_died: [0,8136,com.google.android.apps.restore,965,19]
09-25 18:58:46.866  2866  7137 I am_uid_stopped: 10312
09-25 18:58:46.888  2866  7137 I am_proc_died: [0,9151,com.google.android.webview:webview_service,965,19]
09-25 18:58:46.888  2866  7137 I am_mem_factor: [3,0]
09-25 18:58:46.889  2866  7137 I am_uid_stopped: 10346
09-25 18:58:47.034  2866  7137 I thermal_changed: [CPU3,0,89.900002,0,3]
09-25 18:58:47.211  2866  3814 I thermal_changed: [CPU3,0,95.400002,3,3]
09-25 18:58:47.401  2866  7137 I thermal_changed: [CPU5,0,89.900002,0,3]
09-25 18:58:47.415  2866  7137 I thermal_changed: [CPU5,0,95.400002,3,3]
09-25 18:58:47.509  2866  7137 I thermal_changed: [CPU3,0,89.900002,0,3]
09-25 18:58:47.729  2866  7137 I thermal_changed: [CPU3,0,95.000000,3,3]
09-25 18:58:47.758  2866  7137 I thermal_changed: [CPU5,0,89.900002,0,3]
09-25 18:58:47.778  2866  7137 I thermal_changed: [CPU5,0,95.000000,3,3]
09-25 18:58:48.075  2866  7137 I thermal_changed: [CPU3,0,89.900002,0,3]
09-25 18:58:48.126  2866  7137 I thermal_changed: [CPU3,0,95.000000,3,3]
09-25 18:58:48.141  2866  7137 I thermal_changed: [CPU2,0,95.000000,3,3]
09-25 18:58:48.143  2866  7137 I thermal_changed: [CPU4,0,95.000000,3,3]
09-25 18:58:48.149  2866  7137 I thermal_changed: [CPU5,0,89.900002,0,3]
09-25 18:58:48.168  2866  7137 I thermal_changed: [CPU4,0,89.599998,0,3]
09-25 18:58:48.210  2866  7137 I thermal_changed: [CPU2,0,89.900002,0,3]
09-25 18:58:48.333  2866  7137 I thermal_changed: [CPU5,0,95.000000,3,3]
09-25 18:58:48.878  2866  7137 I thermal_changed: [CPU7,0,89.900002,0,3]
09-25 18:58:48.949  2866  7137 I thermal_changed: [CPU5,0,89.900002,0,3]
09-25 18:58:49.015  2866  3814 I thermal_changed: [CPU2,0,95.000000,3,3]
09-25 18:58:49.070  2866  3814 I thermal_changed: [CPU2,0,89.900002,0,3]
09-25 18:58:49.131  2866  3814 I thermal_changed: [CPU5,0,95.000000,3,3]
09-25 18:58:49.325  2866  3814 I thermal_changed: [CPU5,0,89.900002,0,3]
09-25 18:58:49.348  2866  3814 I thermal_changed: [CPU5,0,95.000000,3,3]
09-25 18:58:49.389  2866  3814 I thermal_changed: [CPU5,0,89.900002,0,3]
09-25 18:58:49.566  2866  3814 I thermal_changed: [CPU2,0,95.000000,3,3]
09-25 18:58:49.580  2866  3814 I thermal_changed: [CPU2,0,89.900002,0,3]
09-25 18:58:49.607  2866  3814 I thermal_changed: [CPU5,0,95.000000,3,3]
09-25 18:58:49.683  2866  3814 I thermal_changed: [CPU5,0,89.900002,0,3]
09-25 18:58:49.769  2866  3814 I thermal_changed: [CPU5,0,95.000000,3,3]
09-25 18:58:49.922  2866  3814 I thermal_changed: [CPU3,0,89.900002,0,3]
09-25 18:58:49.938  2866  3814 I thermal_changed: [CPU3,0,95.000000,3,3]
09-25 18:58:49.998  2866  3904 I thermal_changed: [CPU5,0,89.900002,0,3]
09-25 18:58:50.003  2866  3904 I thermal_changed: [CPU5,0,95.000000,3,3]
09-25 18:58:50.051  2866  3904 I thermal_changed: [CPU3,0,89.900002,0,3]
09-25 18:58:50.057  2866  3904 I thermal_changed: [CPU3,0,95.000000,3,3]
09-25 18:58:50.091  2866  3904 I thermal_changed: [CPU3,0,89.900002,0,3]
09-25 18:58:50.094  2866  3904 I thermal_changed: [CPU3,0,95.000000,3,3]
09-25 18:58:50.203  2866  3904 I thermal_changed: [CPU3,0,89.900002,0,3]
09-25 18:58:50.225  2866  3904 I thermal_changed: [CPU3,0,95.000000,3,3]
09-25 18:58:50.230  2866  3904 I thermal_changed: [CPU5,0,89.900002,0,3]
09-25 18:58:50.242  2866  3904 I thermal_changed: [CPU5,0,95.000000,3,3]
09-25 18:58:50.302  2866  3904 I thermal_changed: [CPU5,0,89.900002,0,3]
09-25 18:58:50.409  2866  3904 I thermal_changed: [CPU5,0,95.000000,3,3]
09-25 18:58:50.466  2866  3904 I thermal_changed: [CPU5,0,89.900002,0,3]
09-25 18:58:50.497  2866  3904 I thermal_changed: [CPU2,0,95.000000,3,3]
09-25 18:58:50.505  2866  3904 I thermal_changed: [CPU2,0,89.900002,0,3]
09-25 18:58:50.612  2866  3904 I thermal_changed: [CPU5,0,95.000000,3,3]
09-25 18:58:50.680  2866  3904 I thermal_changed: [CPU5,0,89.900002,0,3]
09-25 18:58:50.707  2866  3904 I thermal_changed: [CPU5,0,95.000000,3,3]
09-25 18:58:50.955  2866  3904 I thermal_changed: [CPU5,0,89.900002,0,3]
09-25 18:58:51.013  2866  7137 I thermal_changed: [CPU5,0,95.000000,3,3]
09-25 18:58:51.050  2866  7137 I thermal_changed: [CPU3,0,89.900002,0,3]
09-25 18:58:51.100  2866  7137 I thermal_changed: [CPU3,0,95.000000,3,3]
09-25 18:58:51.187  2866  7137 I thermal_changed: [CPU5,0,89.900002,0,3]
09-25 18:58:51.302  2866  7137 I thermal_changed: [CPU5,0,95.000000,3,3]
09-25 18:58:51.317  2866  7137 I thermal_changed: [CPU3,0,89.900002,0,3]
09-25 18:58:51.353  2866  7137 I thermal_changed: [CPU5,0,89.900002,0,3]
09-25 18:58:51.426  2866  7137 I thermal_changed: [CPU5,0,95.000000,3,3]
09-25 18:58:51.443  2866  7137 I thermal_changed: [CPU5,0,89.900002,0,3]
09-25 18:58:51.483  2866  7137 I thermal_changed: [CPU5,0,95.000000,3,3]
09-25 18:58:51.484  2866  7137 I thermal_changed: [CPU3,0,95.000000,3,3]
09-25 18:58:51.679  2866  7137 I thermal_changed: [CPU2,0,95.000000,3,3]
09-25 18:58:51.685  2866  7137 I thermal_changed: [CPU2,0,89.900002,0,3]
09-25 18:58:51.721  2866  7137 I thermal_changed: [CPU3,0,89.900002,0,3]
09-25 18:58:51.855  2866  7137 I thermal_changed: [CPU3,0,95.000000,3,3]
09-25 18:58:51.885  2866  7137 I thermal_changed: [CPU5,0,89.900002,0,3]
09-25 18:58:51.900  2866  7137 I thermal_changed: [CPU5,0,95.000000,3,3]
09-25 18:58:51.932  2866  7137 I thermal_changed: [CPU3,0,89.900002,0,3]
09-25 18:58:51.935  2866  7137 I thermal_changed: [CPU2,0,95.000000,3,3]
09-25 18:58:51.939  2866  7137 I thermal_changed: [CPU3,0,95.000000,3,3]
09-25 18:58:51.939  2866  3904 I thermal_changed: [CPU2,0,89.900002,0,3]
09-25 18:58:51.942  2866  7137 I thermal_changed: [CPU5,0,89.900002,0,3]
09-25 18:58:52.007  1558  1558 I auditd  : type=1400 audit(0.0:6995613): avc:  denied  { search } for  comm="android.hardwar" name="uhid" dev="sysfs" ino=65226 scontext=u:r:hal_health_default:s0 tcontext=u:object_r:sysfs_uhid:s0 tclass=dir permissive=0
09-25 18:58:52.007  1558  1558 I auditd  : type=1400 audit(0.0:6995614): avc:  denied  { search } for  comm="android.hardwar" name="uhid" dev="sysfs" ino=65226 scontext=u:r:hal_health_default:s0 tcontext=u:object_r:sysfs_uhid:s0 tclass=dir permissive=0
09-25 18:58:52.035  1558  1558 I auditd  : type=1400 audit(0.0:6995615): avc:  denied  { search } for  comm="android.hardwar" name="uhid" dev="sysfs" ino=65226 scontext=u:r:hal_health_default:s0 tcontext=u:object_r:sysfs_uhid:s0 tclass=dir permissive=0
09-25 18:58:52.035  1558  1558 I auditd  : type=1400 audit(0.0:6995616): avc:  denied  { search } for  comm="android.hardwar" name="uhid" dev="sysfs" ino=65226 scontext=u:r:hal_health_default:s0 tcontext=u:object_r:sysfs_uhid:s0 tclass=dir permissive=0
09-25 18:58:52.170  2866  7137 I thermal_changed: [CPU3,0,89.900002,0,3]
09-25 18:58:52.174  2866  7137 I thermal_changed: [CPU3,0,95.400002,3,3]
09-25 18:58:52.195  2866  7137 I thermal_changed: [CPU3,0,89.900002,0,3]
09-25 18:58:52.205  2866  7137 I thermal_changed: [CPU5,0,95.000000,3,3]
09-25 18:58:52.252  2866  3904 I thermal_changed: [CPU3,0,95.000000,3,3]
09-25 18:58:52.561  2866  3904 I thermal_changed: [CPU5,0,89.900002,0,3]
09-25 18:58:52.718  2866  3904 I thermal_changed: [CPU5,0,95.000000,3,3]
09-25 18:58:53.300  2866  3904 I thermal_changed: [CPU5,0,89.900002,0,3]
09-25 18:58:53.343  2866  3904 I thermal_changed: [CPU5,0,95.000000,3,3]
09-25 18:58:53.461  2866  3904 I thermal_changed: [CPU2,0,95.000000,3,3]
09-25 18:58:53.479   579   579 I auditd  : type=1400 audit(0.0:6995617): avc:  denied  { search } for  comm="DefaultDispatch" name="zram0" dev="sysfs" ino=107524 scontext=u:r:untrusted_app:s0:c207,c257,c512,c768 tcontext=u:object_r:sysfs_zram:s0 tclass=dir permissive=0 app=com.zenithblue.sambas3
09-25 18:58:53.479   579   579 I auditd  : type=1400 audit(0.0:6995618): avc:  denied  { search } for  comm="DefaultDispatch" name="zram0" dev="sysfs" ino=107524 scontext=u:r:untrusted_app:s0:c207,c257,c512,c768 tcontext=u:object_r:sysfs_zram:s0 tclass=dir permissive=0 app=com.zenithblue.sambas3
09-25 18:58:53.493  2866  3904 I thermal_changed: [CPU2,0,89.900002,0,3]
09-25 18:58:53.561  2866  3904 I thermal_changed: [CPU5,0,89.900002,0,3]
09-25 18:58:53.597  2866  3904 I thermal_changed: [CPU3,0,89.900002,0,3]
09-25 18:58:53.600  2866  3904 I thermal_changed: [CPU3,0,95.000000,3,3]
09-25 18:58:53.619  2866  3904 I thermal_changed: [CPU5,0,95.000000,3,3]
09-25 18:58:53.694  2866  3904 I thermal_changed: [CPU5,0,89.900002,0,3]
09-25 18:58:53.886  2866  3904 I thermal_changed: [CPU3,0,89.900002,0,3]
09-25 18:58:53.893  2866  3904 I thermal_changed: [CPU5,0,95.000000,3,3]
09-25 18:58:53.924  2866  3904 I thermal_changed: [CPU3,0,95.000000,3,3]
09-25 18:58:54.034  2866  3612 I commit_sys_config_file: [settings-0-0,3]
09-25 18:58:54.070  2866  3904 I thermal_changed: [CPU5,0,89.900002,0,3]
09-25 18:58:54.269  2866  3904 I thermal_changed: [CPU3,0,89.900002,0,3]
09-25 18:58:54.282  2866  3904 I thermal_changed: [CPU3,0,95.000000,3,3]
09-25 18:58:54.588  2866  3904 I thermal_changed: [CPU3,0,89.900002,0,3]
09-25 18:58:54.595  2866  3904 I thermal_changed: [CPU3,0,95.000000,3,3]
09-25 18:58:54.620  2866  3904 I thermal_changed: [CPU5,0,95.000000,3,3]
09-25 18:58:54.741  2866  3904 I thermal_changed: [CPU3,0,89.900002,0,3]
09-25 18:58:54.747  2866  3904 I thermal_changed: [CPU5,0,89.900002,0,3]
09-25 18:58:54.794  2866  3904 I thermal_changed: [CPU5,0,95.000000,3,3]
09-25 18:58:54.839  2866  3904 I thermal_changed: [CPU3,0,95.000000,3,3]
09-25 18:58:54.915  2866  3904 I thermal_changed: [CPU3,0,89.900002,0,3]
09-25 18:58:55.090  2866  7137 I thermal_changed: [CPU5,0,89.900002,0,3]
09-25 18:58:55.124  2866  7137 I thermal_changed: [CPU5,0,95.000000,3,3]
09-25 18:58:55.125  2866  7137 I thermal_changed: [CPU3,0,95.000000,3,3]
09-25 18:58:55.190  2866  3904 I thermal_changed: [CPU5,0,89.900002,0,3]
09-25 18:58:55.226  2866  3904 I thermal_changed: [CPU2,0,95.400002,3,3]
09-25 18:58:55.234  2866  7137 I thermal_changed: [CPU2,0,89.900002,0,3]
09-25 18:58:55.440  2866  7137 I thermal_changed: [CPU3,0,89.900002,0,3]
09-25 18:58:55.510  2866  7137 I thermal_changed: [CPU3,0,95.000000,3,3]
09-25 18:58:55.510  2866  7137 I thermal_changed: [CPU2,0,95.000000,3,3]
09-25 18:58:55.516  2866  3904 I thermal_changed: [CPU2,0,89.900002,0,3]
09-25 18:58:55.803  2866  3904 I thermal_changed: [CPU3,0,89.900002,0,3]
09-25 18:58:55.860  2866  3904 I thermal_changed: [CPU5,0,95.000000,3,3]
09-25 18:58:55.881  2866  3904 I thermal_changed: [CPU5,0,89.900002,0,3]
09-25 18:58:55.908  2866  3904 I thermal_changed: [CPU5,0,95.400002,3,3]
09-25 18:58:55.969  2866  3904 I thermal_changed: [CPU3,0,95.000000,3,3]
09-25 18:58:56.011  2866  3904 I thermal_changed: [CPU3,0,89.900002,0,3]
09-25 18:58:56.017  2866  3904 I thermal_changed: [CPU5,0,89.900002,0,3]
09-25 18:58:56.048  2866  3904 I thermal_changed: [CPU3,0,95.000000,3,3]
09-25 18:58:56.052  2866  3904 I thermal_changed: [CPU5,0,95.000000,3,3]
09-25 18:58:56.184  2866  3904 I thermal_changed: [CPU3,0,89.900002,0,3]
09-25 18:58:56.224  2866  3904 I thermal_changed: [CPU5,0,89.599998,0,3]
09-25 18:58:56.231  2866  3904 I thermal_changed: [CPU3,0,95.000000,3,3]
09-25 18:58:56.256  2866  3904 I thermal_changed: [CPU5,0,95.000000,3,3]
09-25 18:58:56.302  2866  3904 I thermal_changed: [CPU3,0,89.900002,0,3]
09-25 18:58:56.305  2866  3904 I thermal_changed: [CPU5,0,89.900002,0,3]
09-25 18:58:56.331  2866  3904 I thermal_changed: [CPU2,0,95.000000,3,3]
09-25 18:58:56.353  2866  3904 I thermal_changed: [CPU2,0,89.900002,0,3]
09-25 18:58:56.391  2866  2925 I am_mem_factor: [0,3]
09-25 18:58:56.396  2866  3904 I thermal_changed: [CPU5,0,95.000000,3,3]
09-25 18:58:56.452  2866  3904 I thermal_changed: [CPU3,0,95.000000,3,3]
09-25 18:58:56.516  2866  3904 I thermal_changed: [CPU3,0,89.900002,0,3]
09-25 18:58:56.523  2866  3904 I thermal_changed: [CPU3,0,95.400002,3,3]
09-25 18:58:56.563  2866  3904 I thermal_changed: [CPU5,0,89.900002,0,3]
09-25 18:58:56.662  2866  3904 I thermal_changed: [CPU3,0,89.900002,0,3]
09-25 18:58:56.730  2866  3904 I thermal_changed: [CPU3,0,95.000000,3,3]
09-25 18:58:57.053  2866  7137 I thermal_changed: [CPU5,0,95.000000,3,3]
09-25 18:58:57.159  2866  7137 I thermal_changed: [CPU3,0,89.900002,0,3]
09-25 18:58:57.170  2866  7137 I thermal_changed: [CPU5,0,89.900002,0,3]
09-25 18:58:57.314  2866  7137 I thermal_changed: [CPU3,0,95.000000,3,3]
09-25 18:58:57.351  2866  7137 I thermal_changed: [CPU5,0,95.000000,3,3]
09-25 18:58:57.488  2866  7137 I thermal_changed: [CPU5,0,89.900002,0,3]
09-25 18:58:57.575  2866  7137 I thermal_changed: [CPU3,0,89.900002,0,3]
09-25 18:58:57.588  2866  7137 I thermal_changed: [CPU3,0,95.000000,3,3]
09-25 18:58:57.685  2866  7137 I thermal_changed: [CPU5,0,95.000000,3,3]
09-25 18:58:57.747  2866  7137 I thermal_changed: [CPU5,0,89.900002,0,3]
09-25 18:58:57.817  2866  7137 I thermal_changed: [CPU5,0,95.000000,3,3]
09-25 18:58:57.854  2866  7137 I thermal_changed: [CPU5,0,89.900002,0,3]
09-25 18:58:57.916  2866  7137 I thermal_changed: [CPU5,0,95.000000,3,3]
09-25 18:58:58.021  2866  3814 I thermal_changed: [CPU3,0,89.900002,0,3]
09-25 18:58:58.056  2866  3814 I thermal_changed: [CPU5,0,89.900002,0,3]
09-25 18:58:58.059  2866  3814 I thermal_changed: [CPU3,0,95.000000,3,3]
09-25 18:58:58.094  2866  3814 I thermal_changed: [CPU5,0,95.000000,3,3]
09-25 18:58:58.109  2866  3814 I thermal_changed: [CPU5,0,89.900002,0,3]
09-25 18:58:58.138  2866  3814 I thermal_changed: [CPU5,0,95.000000,3,3]
09-25 18:58:58.188  2866  3814 I thermal_changed: [CPU5,0,89.900002,0,3]
09-25 18:58:58.253  2866  3814 I thermal_changed: [CPU3,0,89.900002,0,3]
09-25 18:58:58.340  2866  3814 I thermal_changed: [CPU3,0,95.000000,3,3]
09-25 18:58:58.543  2866  3814 I thermal_changed: [CPU3,0,89.900002,0,3]
09-25 18:58:58.582  2866  3814 I thermal_changed: [CPU3,0,95.000000,3,3]
09-25 18:58:58.616  2866  3814 I thermal_changed: [CPU5,0,95.000000,3,3]
09-25 18:58:58.659  2866  3814 I thermal_changed: [CPU5,0,89.900002,0,3]
09-25 18:58:58.688  2866  3814 I thermal_changed: [CPU3,0,89.900002,0,3]
09-25 18:58:58.704  2866  3814 I thermal_changed: [CPU5,0,95.000000,3,3]
09-25 18:58:58.761  2866  3814 I thermal_changed: [CPU5,0,89.900002,0,3]
09-25 18:58:58.795  2866  3814 I thermal_changed: [CPU5,0,95.000000,3,3]
09-25 18:58:58.935  2866  3814 I thermal_changed: [CPU5,0,89.900002,0,3]
09-25 18:58:58.949  2866  3814 I thermal_changed: [CPU3,0,95.400002,3,3]
09-25 18:58:58.957  2866  3814 I thermal_changed: [CPU5,0,95.000000,3,3]
09-25 18:58:59.025  2866  3904 I thermal_changed: [CPU5,0,89.900002,0,3]
09-25 18:58:59.090  2866  3904 I thermal_changed: [CPU3,0,89.900002,0,3]
09-25 18:58:59.097  2866  3904 I thermal_changed: [CPU5,0,95.000000,3,3]
09-25 18:58:59.111  2866  3904 I thermal_changed: [CPU3,0,95.000000,3,3]
09-25 18:58:59.116  2866  3904 I thermal_changed: [CPU5,0,89.900002,0,3]
09-25 18:58:59.145  2866  3904 I thermal_changed: [CPU5,0,95.000000,3,3]
09-25 18:58:59.206  2866  3904 I thermal_changed: [CPU3,0,89.900002,0,3]
09-25 18:58:59.226  2866  3904 I thermal_changed: [CPU5,0,89.900002,0,3]
09-25 18:58:59.302  2866  3904 I thermal_changed: [CPU3,0,95.000000,3,3]
09-25 18:58:59.320  2866  3904 I thermal_changed: [CPU2,0,95.000000,3,3]
09-25 18:58:59.336  2866  3904 I thermal_changed: [CPU2,0,89.900002,0,3]
09-25 18:58:59.432  2866  3904 I thermal_changed: [CPU5,0,95.000000,3,3]
09-25 18:58:59.446  2866  3904 I thermal_changed: [CPU3,0,89.900002,0,3]
09-25 18:58:59.460  2866  3904 I thermal_changed: [CPU5,0,89.900002,0,3]
09-25 18:58:59.489  2866  3904 I thermal_changed: [CPU5,0,95.000000,3,3]
09-25 18:58:59.508  2866  3904 I thermal_changed: [CPU5,0,89.900002,0,3]
09-25 18:58:59.551  2866  3904 I thermal_changed: [CPU5,0,95.000000,3,3]
09-25 18:58:59.618  2866  3904 I thermal_changed: [CPU3,0,95.000000,3,3]
09-25 18:58:59.634  2866  3904 I thermal_changed: [CPU5,0,89.900002,0,3]
09-25 18:58:59.995  2866  3814 I thermal_changed: [CPU3,0,89.900002,0,3]
09-25 18:59:00.012  2866  7137 I thermal_changed: [CPU5,0,95.000000,3,3]
09-25 18:59:00.115  2866  7137 I thermal_changed: [CPU5,0,89.900002,0,3]
09-25 18:59:00.149  2866  7137 I thermal_changed: [CPU5,0,95.400002,3,3]
09-25 18:59:00.191  2866  7137 I thermal_changed: [CPU3,0,95.000000,3,3]
09-25 18:59:00.196  2866  7137 I thermal_changed: [CPU5,0,89.900002,0,3]
09-25 18:59:00.243  2866  7137 I thermal_changed: [CPU5,0,95.400002,3,3]
09-25 18:59:00.257  2866  7137 I thermal_changed: [CPU3,0,89.900002,0,3]
09-25 18:59:00.262  2866  7137 I thermal_changed: [CPU3,0,95.000000,3,3]
09-25 18:59:00.264  2866  7137 I thermal_changed: [CPU5,0,89.900002,0,3]
09-25 18:59:00.331  2866  2866 I notification_enqueue: [10463,579,com.zenithblue.sambas3,2000,NULL,0,Notification(channel=rpcsx-progress shortcut=null contentView=null vibrate=null sound=null defaults=0 flags=ONGOING_EVENT|FOREGROUND_SERVICE|SILENT color=0x00000000 category=progress vis=PRIVATE),1,1]
09-25 18:59:00.389  2866  3904 I thermal_changed: [CPU5,0,95.000000,3,3]
09-25 18:59:00.509  2866  3904 I thermal_changed: [CPU5,0,89.900002,0,3]
09-25 18:59:00.510  2866  3904 I thermal_changed: [CPU3,0,89.900002,0,3]
09-25 18:59:00.588  2866  3904 I thermal_changed: [CPU5,0,95.000000,3,3]
09-25 18:59:00.665  2866  3904 I thermal_changed: [CPU3,0,95.000000,3,3]
09-25 18:59:00.804  2866  2866 I notification_enqueue: [10463,579,com.zenithblue.sambas3,2000,NULL,0,Notification(channel=rpcsx-progress shortcut=null contentView=null vibrate=null sound=null defaults=0 flags=ONGOING_EVENT|FOREGROUND_SERVICE|SILENT color=0x00000000 category=progress vis=PRIVATE),1,1]
09-25 18:59:01.007  2866  7137 I thermal_changed: [CPU3,0,89.900002,0,3]
09-25 18:59:01.025  2866  7137 I thermal_changed: [CPU5,0,89.900002,0,3]
09-25 18:59:01.071  2866  7137 I thermal_changed: [CPU3,0,95.000000,3,3]
09-25 18:59:01.205  2866  7137 I thermal_changed: [CPU3,0,89.900002,0,3]
09-25 18:59:01.250  2866  3904 I thermal_changed: [CPU3,0,95.000000,3,3]
09-25 18:59:01.259  2866  3904 I thermal_changed: [CPU5,0,95.000000,3,3]
09-25 18:59:01.298  2866  3904 I thermal_changed: [CPU3,0,89.900002,0,3]
09-25 18:59:01.346  2866  3904 I thermal_changed: [CPU3,0,95.000000,3,3]
09-25 18:59:01.549  2866  3904 I thermal_changed: [CPU5,0,89.599998,0,3]
09-25 18:59:01.714  2866  3904 I thermal_changed: [CPU5,0,95.000000,3,3]
09-25 18:59:01.942  2866  3904 I thermal_changed: [CPU5,0,89.900002,0,3]
09-25 18:59:02.091  2866  3904 I thermal_changed: [CPU3,0,89.900002,0,3]
09-25 18:59:02.120  2866  3904 I thermal_changed: [CPU5,0,95.000000,3,3]
09-25 18:59:02.132  2866  3904 I thermal_changed: [CPU3,0,95.000000,3,3]
09-25 18:59:02.160  2866  3904 I thermal_changed: [CPU5,0,89.599998,0,3]
09-25 18:59:02.187  2866  3904 I thermal_changed: [CPU5,0,95.000000,3,3]
09-25 18:59:02.263   579   579 I auditd  : type=1400 audit(0.0:6995619): avc:  denied  { search } for  comm="DefaultDispatch" name="zram0" dev="sysfs" ino=107524 scontext=u:r:untrusted_app:s0:c207,c257,c512,c768 tcontext=u:object_r:sysfs_zram:s0 tclass=dir permissive=0 app=com.zenithblue.sambas3
09-25 18:59:02.263   579   579 I auditd  : type=1400 audit(0.0:6995620): avc:  denied  { search } for  comm="DefaultDispatch" name="zram0" dev="sysfs" ino=107524 scontext=u:r:untrusted_app:s0:c207,c257,c512,c768 tcontext=u:object_r:sysfs_zram:s0 tclass=dir permissive=0 app=com.zenithblue.sambas3
09-25 18:59:02.270  2866  3904 I thermal_changed: [CPU5,0,89.900002,0,3]
09-25 18:59:02.405  2866  3904 I thermal_changed: [CPU3,0,89.900002,0,3]
09-25 18:59:02.413  2866  3904 I thermal_changed: [CPU5,0,95.000000,3,3]
09-25 18:59:02.494  2866  3904 I thermal_changed: [CPU3,0,95.000000,3,3]
09-25 18:59:02.533  2866  3904 I thermal_changed: [CPU3,0,89.900002,0,3]
09-25 18:59:02.625  2866  3904 I thermal_changed: [CPU3,0,95.000000,3,3]
09-25 18:59:02.636  2866  3904 I thermal_changed: [CPU5,0,89.900002,0,3]
09-25 18:59:02.903  2866  3904 I thermal_changed: [CPU5,0,95.000000,3,3]
09-25 18:59:02.954  2866  3904 I thermal_changed: [CPU5,0,89.900002,0,3]
09-25 18:59:03.023  2866  3904 I thermal_changed: [CPU3,0,89.900002,0,3]
09-25 18:59:03.056  2866  3904 I thermal_changed: [CPU5,0,95.000000,3,3]
09-25 18:59:03.135  2866  3904 I thermal_changed: [CPU5,0,89.900002,0,3]
09-25 18:59:03.175  2866  3904 I thermal_changed: [CPU3,0,95.000000,3,3]
09-25 18:59:03.266  2866  7137 I thermal_changed: [CPU5,0,95.000000,3,3]
09-25 18:59:03.311  2866  7137 I thermal_changed: [CPU5,0,89.900002,0,3]
09-25 18:59:03.361  2866  7137 I thermal_changed: [CPU5,0,95.000000,3,3]
09-25 18:59:03.398  2866  7137 I thermal_changed: [CPU5,0,89.900002,0,3]
09-25 18:59:03.449  2866  7137 I thermal_changed: [CPU3,0,89.900002,0,3]
09-25 18:59:03.459  2866  7137 I thermal_changed: [CPU5,0,95.000000,3,3]
09-25 18:59:03.731  2866  7137 I thermal_changed: [CPU5,0,89.900002,0,3]
09-25 18:59:03.778  2866  7137 I thermal_changed: [CPU3,0,95.000000,3,3]
09-25 18:59:03.835  2866  7137 I thermal_changed: [CPU5,0,95.000000,3,3]
09-25 18:59:03.916  2866  7137 I thermal_changed: [CPU3,0,89.900002,0,3]
09-25 18:59:03.916  2866  7137 I thermal_changed: [CPU5,0,89.900002,0,3]
09-25 18:59:03.942  2866  7137 I thermal_changed: [CPU5,0,95.000000,3,3]
09-25 18:59:03.973  2866  7137 I thermal_changed: [CPU3,0,95.000000,3,3]
09-25 18:59:04.004  2866  7137 I thermal_changed: [CPU5,0,89.900002,0,3]
09-25 18:59:04.042  2866  7137 I thermal_changed: [CPU5,0,95.000000,3,3]
09-25 18:59:04.067  2866  7137 I thermal_changed: [CPU5,0,89.900002,0,3]
09-25 18:59:04.094  2866  7137 I thermal_changed: [CPU5,0,95.000000,3,3]
09-25 18:59:04.172  2866  7137 I thermal_changed: [CPU5,0,89.900002,0,3]
09-25 18:59:04.395  2866  3904 I thermal_changed: [CPU3,0,89.900002,0,3]
09-25 18:59:04.448  2866  3904 I thermal_changed: [CPU3,0,95.000000,3,3]
09-25 18:59:04.460  2866  3904 I thermal_changed: [CPU5,0,95.000000,3,3]
09-25 18:59:04.478  2866  3904 I thermal_changed: [CPU5,0,89.900002,0,3]
09-25 18:59:04.554  2866  3904 I thermal_changed: [CPU5,0,95.000000,3,3]
09-25 18:59:04.784  2866  3904 I thermal_changed: [CPU3,0,89.900002,0,3]
09-25 18:59:04.901  2866  3904 I thermal_changed: [CPU3,0,95.000000,3,3]
09-25 18:59:04.905  2866  3904 I thermal_changed: [CPU5,0,89.900002,0,3]
09-25 18:59:04.942  2866  3904 I thermal_changed: [CPU5,0,95.000000,3,3]
09-25 18:59:05.008  2866  3904 I thermal_changed: [CPU3,0,89.900002,0,3]
09-25 18:59:05.013  2866  3904 I thermal_changed: [CPU5,0,89.900002,0,3]
09-25 18:59:05.023  2866  3904 I thermal_changed: [CPU5,0,95.400002,3,3]
09-25 18:59:05.031  2866  3904 I thermal_changed: [CPU3,0,95.000000,3,3]
09-25 18:59:05.265  2866  3904 I thermal_changed: [CPU5,0,89.900002,0,3]
09-25 18:59:05.283  2866  3904 I thermal_changed: [CPU5,0,95.000000,3,3]
09-25 18:59:05.457  2866  3904 I thermal_changed: [CPU5,0,89.900002,0,3]
09-25 18:59:05.523  2866  3904 I thermal_changed: [CPU3,0,89.900002,0,3]
09-25 18:59:05.540  2866  3904 I thermal_changed: [CPU5,0,95.000000,3,3]
09-25 18:59:05.542  2866  3904 I thermal_changed: [CPU3,0,95.000000,3,3]
09-25 18:59:05.559  2866  3904 I thermal_changed: [CPU3,0,89.900002,0,3]
09-25 18:59:05.641  2866  3904 I thermal_changed: [CPU3,0,95.000000,3,3]
09-25 18:59:05.759  2866  3904 I thermal_changed: [CPU5,0,89.900002,0,3]
09-25 18:59:05.804  2866  3904 I thermal_changed: [CPU5,0,95.000000,3,3]
09-25 18:59:05.880  2866  3904 I thermal_changed: [CPU3,0,89.900002,0,3]
09-25 18:59:05.895  2866  3904 I thermal_changed: [CPU3,0,95.000000,3,3]
09-25 18:59:06.093  2866  7137 I thermal_changed: [CPU3,0,89.900002,0,3]
09-25 18:59:06.118  2866  7137 I thermal_changed: [CPU3,0,95.000000,3,3]
09-25 18:59:06.162  2866  7137 I thermal_changed: [CPU3,0,89.900002,0,3]
09-25 18:59:06.202  2866  7137 I thermal_changed: [CPU5,0,89.900002,0,3]
09-25 18:59:06.220  2866  7137 I thermal_changed: [CPU3,0,95.000000,3,3]
09-25 18:59:06.254  2866  3904 I thermal_changed: [CPU5,0,95.000000,3,3]
09-25 18:59:06.291  2866  3904 I thermal_changed: [CPU5,0,89.900002,0,3]
09-25 18:59:06.324  2866  3904 I thermal_changed: [CPU5,0,95.000000,3,3]
09-25 18:59:06.415  2866  3904 I thermal_changed: [CPU3,0,89.900002,0,3]
09-25 18:59:06.430  2866  3904 I thermal_changed: [CPU5,0,89.900002,0,3]
09-25 18:59:06.535  2866  3904 I thermal_changed: [CPU5,0,95.000000,3,3]
09-25 18:59:06.537  2866  3904 I thermal_changed: [CPU3,0,95.000000,3,3]
09-25 18:59:06.645  2866  3904 I thermal_changed: [CPU5,0,89.900002,0,3]
09-25 18:59:06.717  2866  3904 I thermal_changed: [CPU3,0,89.900002,0,3]
09-25 18:59:06.734  2866  3904 I thermal_changed: [CPU3,0,95.000000,3,3]
09-25 18:59:06.821  2866  3904 I thermal_changed: [CPU5,0,95.000000,3,3]
09-25 18:59:06.863  2866  3904 I thermal_changed: [CPU5,0,89.900002,0,3]
09-25 18:59:07.455  2866  7137 I thermal_changed: [CPU3,0,89.900002,0,3]
09-25 18:59:07.461  2866  7137 I thermal_changed: [CPU3,0,95.000000,3,3]
09-25 18:59:07.474  2866  3904 I thermal_changed: [CPU5,0,95.000000,3,3]
09-25 18:59:07.621  2866  3904 I thermal_changed: [CPU3,0,89.599998,0,3]
09-25 18:59:07.755  2866  3904 I thermal_changed: [CPU3,0,95.000000,3,3]
09-25 18:59:07.778  2866  3904 I thermal_changed: [CPU3,0,89.900002,0,3]
09-25 18:59:07.791  2866  3904 I thermal_changed: [CPU3,0,95.000000,3,3]
09-25 18:59:07.795  2866  3904 I thermal_changed: [CPU5,0,89.900002,0,3]
09-25 18:59:07.846  2866  3904 I thermal_changed: [CPU3,0,89.900002,0,3]
09-25 18:59:07.852  2866  3904 I thermal_changed: [CPU5,0,95.000000,3,3]
09-25 18:59:07.869  2866  7137 I thermal_changed: [CPU3,0,95.000000,3,3]
09-25 18:59:07.939  2866  7137 I thermal_changed: [CPU3,0,89.900002,0,3]
09-25 18:59:07.967  2866  7137 I thermal_changed: [CPU2,0,95.000000,3,3]
09-25 18:59:07.978  2866  7137 I thermal_changed: [CPU3,0,95.000000,3,3]
09-25 18:59:07.980  2866  7137 I thermal_changed: [CPU5,0,89.900002,0,3]
09-25 18:59:07.996  2866  7137 I thermal_changed: [CPU2,0,89.900002,0,3]
09-25 18:59:07.999  2866  7137 I thermal_changed: [CPU3,0,89.900002,0,3]
09-25 18:59:08.004  2866  7137 I thermal_changed: [CPU3,0,95.000000,3,3]
09-25 18:59:08.011  2866  7137 I thermal_changed: [CPU5,0,95.000000,3,3]
09-25 18:59:08.067  2866  3904 I thermal_changed: [CPU5,0,89.900002,0,3]
09-25 18:59:08.105  2866  3904 I thermal_changed: [CPU5,0,95.000000,3,3]
09-25 18:59:08.209  2866  3904 I thermal_changed: [CPU3,0,89.900002,0,3]
09-25 18:59:08.222  2866  3904 I thermal_changed: [CPU5,0,89.900002,0,3]
09-25 18:59:08.227  2866  3904 I thermal_changed: [CPU3,0,95.000000,3,3]
09-25 18:59:08.233  2866  3904 I thermal_changed: [CPU3,0,89.900002,0,3]
09-25 18:59:08.238  2866  3904 I thermal_changed: [CPU3,0,95.000000,3,3]
09-25 18:59:08.252  2866  3904 I thermal_changed: [CPU5,0,95.000000,3,3]
09-25 18:59:08.453  2866  3904 I thermal_changed: [CPU5,0,89.900002,0,3]
09-25 18:59:08.490  2866  3904 I thermal_changed: [CPU5,0,95.000000,3,3]
09-25 18:59:08.535  2866  3904 I thermal_changed: [CPU5,0,89.900002,0,3]
09-25 18:59:08.665  2866  3904 I thermal_changed: [CPU5,0,95.000000,3,3]
09-25 18:59:08.683  2866  3904 I thermal_changed: [CPU5,0,89.900002,0,3]
09-25 18:59:08.801  2866  3904 I thermal_changed: [CPU5,0,95.000000,3,3]
09-25 18:59:08.915  2866  3904 I thermal_changed: [CPU5,0,89.900002,0,3]
09-25 18:59:08.940  2866  3904 I thermal_changed: [CPU5,0,95.000000,3,3]
09-25 18:59:09.097  2866  7137 I thermal_changed: [CPU3,0,89.900002,0,3]
09-25 18:59:09.099  2866  7137 I thermal_changed: [CPU5,0,89.900002,0,3]
09-25 18:59:09.121  2866  7137 I thermal_changed: [CPU3,0,95.000000,3,3]
09-25 18:59:09.124  2866  7137 I thermal_changed: [CPU5,0,95.000000,3,3]
09-25 18:59:09.172  2866  7137 I thermal_changed: [CPU5,0,89.900002,0,3]
09-25 18:59:09.240  2866  7137 I thermal_changed: [CPU5,0,95.000000,3,3]
09-25 18:59:09.313  2866  7137 I thermal_changed: [CPU3,0,89.900002,0,3]
09-25 18:59:09.315  2866  7137 I thermal_changed: [CPU5,0,89.900002,0,3]
09-25 18:59:09.356  2866  7137 I thermal_changed: [CPU3,0,95.000000,3,3]
09-25 18:59:09.444  2866  7137 I thermal_changed: [CPU5,0,95.000000,3,3]
09-25 18:59:09.583  2866  7137 I thermal_changed: [CPU5,0,89.900002,0,3]
09-25 18:59:09.640  2866  7137 I thermal_changed: [CPU3,0,89.900002,0,3]
09-25 18:59:09.676  2866  7137 I thermal_changed: [CPU5,0,95.000000,3,3]
09-25 18:59:09.713  2866  7137 I thermal_changed: [CPU3,0,95.000000,3,3]
09-25 18:59:09.718  2866  7137 I thermal_changed: [CPU5,0,89.900002,0,3]
09-25 18:59:09.886  2866  7137 I thermal_changed: [CPU5,0,95.000000,3,3]
09-25 18:59:10.029  2866  7137 I thermal_changed: [CPU2,0,95.000000,3,3]
09-25 18:59:10.040  2866  7137 I thermal_changed: [CPU2,0,89.900002,0,3]
09-25 18:59:10.142  2866  7137 I thermal_changed: [CPU5,0,89.900002,0,3]
09-25 18:59:10.172  2866  7137 I thermal_changed: [CPU5,0,95.000000,3,3]
09-25 18:59:10.285  2866  3904 I thermal_changed: [CPU5,0,89.900002,0,3]
09-25 18:59:10.324  2866  3904 I thermal_changed: [CPU5,0,95.400002,3,3]
09-25 18:59:10.355  2866  3904 I thermal_changed: [CPU5,0,89.900002,0,3]
09-25 18:59:10.435  2866  3904 I thermal_changed: [CPU5,0,95.000000,3,3]
09-25 18:59:10.491  2866  3904 I thermal_changed: [CPU5,0,89.900002,0,3]
09-25 18:59:10.712  2866  3904 I thermal_changed: [CPU5,0,95.000000,3,3]
09-25 18:59:10.719  2866  3904 I thermal_changed: [CPU5,0,89.900002,0,3]
09-25 18:59:10.728  2866  3904 I thermal_changed: [CPU5,0,95.000000,3,3]
09-25 18:59:10.804  2866  3904 I thermal_changed: [CPU3,0,89.900002,0,3]
09-25 18:59:10.824  2866  3904 I thermal_changed: [CPU5,0,89.900002,0,3]
09-25 18:59:10.913  2866  3904 I thermal_changed: [CPU5,0,95.000000,3,3]
09-25 18:59:10.961  2866  3904 I thermal_changed: [CPU3,0,95.000000,3,3]
09-25 18:59:11.087   579   579 I auditd  : type=1400 audit(0.0:6995621): avc:  denied  { search } for  comm="DefaultDispatch" name="zram0" dev="sysfs" ino=107524 scontext=u:r:untrusted_app:s0:c207,c257,c512,c768 tcontext=u:object_r:sysfs_zram:s0 tclass=dir permissive=0 app=com.zenithblue.sambas3
09-25 18:59:11.091   579   579 I auditd  : type=1400 audit(0.0:6995622): avc:  denied  { search } for  comm="DefaultDispatch" name="zram0" dev="sysfs" ino=107524 scontext=u:r:untrusted_app:s0:c207,c257,c512,c768 tcontext=u:object_r:sysfs_zram:s0 tclass=dir permissive=0 app=com.zenithblue.sambas3
09-25 18:59:11.152  2866  3904 I thermal_changed: [CPU5,0,89.900002,0,3]
09-25 18:59:11.318  2866  3904 I thermal_changed: [CPU5,0,95.000000,3,3]
09-25 18:59:11.459  2866  3904 I thermal_changed: [CPU3,0,89.900002,0,3]
09-25 18:59:11.467  2866  3904 I thermal_changed: [CPU3,0,95.000000,3,3]
09-25 18:59:11.467  2866  3904 I thermal_changed: [CPU2,0,95.000000,3,3]
09-25 18:59:11.471  2866  3904 I thermal_changed: [CPU5,0,89.900002,0,3]
09-25 18:59:11.475  2866  3904 I thermal_changed: [CPU2,0,89.900002,0,3]
09-25 18:59:11.488  2866  3904 I thermal_changed: [CPU5,0,95.000000,3,3]
09-25 18:59:11.774  2866  3904 I thermal_changed: [CPU5,0,89.900002,0,3]
09-25 18:59:11.829  2866  3904 I thermal_changed: [CPU5,0,95.000000,3,3]
09-25 18:59:11.933  2866  7137 I thermal_changed: [CPU5,0,89.900002,0,3]
09-25 18:59:12.252  2866  3904 I thermal_changed: [CPU5,0,95.000000,3,3]
09-25 18:59:12.273  2866  7137 I thermal_changed: [CPU5,0,89.900002,0,3]
09-25 18:59:12.461  2866  7137 I thermal_changed: [CPU5,0,95.000000,3,3]
09-25 18:59:12.482  2866  7137 I thermal_changed: [CPU5,0,89.900002,0,3]
09-25 18:59:12.624  2866  7137 I thermal_changed: [CPU5,0,95.000000,3,3]
09-25 18:59:12.650  2866  7137 I thermal_changed: [CPU5,0,89.900002,0,3]
09-25 18:59:12.828  2866  3629 I input_interaction: Interaction with: [1724763 com.zenithblue.sambas3/com.zenithblue.sambas3.RPCSXActivity,PointerEventDispatcher0], on displayId 0
09-25 18:59:12.841  2866  7137 I thermal_changed: [CPU3,0,89.900002,0,3]
09-25 18:59:12.847  2866  7137 I thermal_changed: [CPU3,0,95.000000,3,3]
09-25 18:59:12.859  2866  3904 I thermal_changed: [CPU3,0,89.900002,0,3]
09-25 18:59:13.009  2866  3904 I thermal_changed: [CPU3,0,95.000000,3,3]
09-25 18:59:13.020  2866  3904 I thermal_changed: [CPU5,0,95.000000,3,3]
09-25 18:59:13.064  2866  3629 I input_interaction: Interaction with: [1724763 com.zenithblue.sambas3/com.zenithblue.sambas3.RPCSXActivity], on displayId 0
09-25 18:59:13.065  2866  3629 I input_interaction: Interaction with: [1724763 com.zenithblue.sambas3/com.zenithblue.sambas3.RPCSXActivity,PointerEventDispatcher0], on displayId 0
09-25 18:59:13.351  2866  3629 I input_interaction: Interaction with: [1724763 com.zenithblue.sambas3/com.zenithblue.sambas3.RPCSXActivity], on displayId 0
09-25 18:59:13.352  2866  3629 I input_interaction: Interaction with: [1724763 com.zenithblue.sambas3/com.zenithblue.sambas3.RPCSXActivity,PointerEventDispatcher0], on displayId 0
09-25 18:59:13.442  2866  7137 I thermal_changed: [CPU5,0,89.900002,0,3]
09-25 18:59:13.445  2866  7137 I thermal_changed: [CPU3,0,89.900002,0,3]
09-25 18:59:13.459  2866  7137 I thermal_changed: [CPU3,0,95.000000,3,3]
09-25 18:59:13.463  2866  3904 I thermal_changed: [CPU5,0,95.000000,3,3]
09-25 18:59:13.545  2866  3904 I thermal_changed: [CPU5,0,89.900002,0,3]
09-25 18:59:13.573  2866  3904 I thermal_changed: [CPU5,0,95.000000,3,3]
09-25 18:59:13.591  2866  3629 I input_interaction: Interaction with: [1724763 com.zenithblue.sambas3/com.zenithblue.sambas3.RPCSXActivity], on displayId 0
09-25 18:59:13.594  2866  3629 I input_interaction: Interaction with: [1724763 com.zenithblue.sambas3/com.zenithblue.sambas3.RPCSXActivity,PointerEventDispatcher0], on displayId 0
09-25 18:59:13.696  2866  3904 I thermal_changed: [CPU5,0,89.900002,0,3]
09-25 18:59:13.762  2866  3629 I input_interaction: Interaction with: [1724763 com.zenithblue.sambas3/com.zenithblue.sambas3.RPCSXActivity], on displayId 0
09-25 18:59:13.828  2866  7137 I thermal_changed: [CPU5,0,95.000000,3,3]
09-25 18:59:14.194  2866  3814 I thermal_changed: [CPU2,0,95.000000,3,3]
09-25 18:59:14.203  2866  3814 I thermal_changed: [CPU2,0,89.900002,0,3]
09-25 18:59:14.217  2866  3814 I thermal_changed: [CPU5,0,89.900002,0,3]
09-25 18:59:14.349  2866  3814 I thermal_changed: [CPU5,0,95.000000,3,3]
09-25 18:59:14.380  2866  3814 I thermal_changed: [CPU5,0,89.900002,0,3]
09-25 18:59:14.383  2866  3814 I thermal_changed: [CPU3,0,89.900002,0,3]
09-25 18:59:14.402  2866  3629 I input_interaction: Interaction with: [1724763 com.zenithblue.sambas3/com.zenithblue.sambas3.RPCSXActivity,PointerEventDispatcher0], on displayId 0
09-25 18:59:14.433  2866  3904 I thermal_changed: [CPU3,0,95.000000,3,3]
09-25 18:59:14.434  2866  3904 I thermal_changed: [CPU5,0,95.000000,3,3]
09-25 18:59:14.518  2866  3904 I thermal_changed: [CPU3,0,89.900002,0,3]
09-25 18:59:14.530  2866  7137 I thermal_changed: [CPU3,0,95.000000,3,3]
09-25 18:59:14.615  2866  7137 I thermal_changed: [CPU3,0,89.900002,0,3]
09-25 18:59:14.618  2866  7137 I thermal_changed: [CPU5,0,89.900002,0,3]
09-25 18:59:14.622  2866  3629 I input_interaction: Interaction with: [1724763 com.zenithblue.sambas3/com.zenithblue.sambas3.RPCSXActivity], on displayId 0
09-25 18:59:14.622  2866  3629 I input_interaction: Interaction with: [1724763 com.zenithblue.sambas3/com.zenithblue.sambas3.RPCSXActivity,PointerEventDispatcher0], on displayId 0
09-25 18:59:14.639  2866  7137 I thermal_changed: [CPU3,0,95.000000,3,3]
09-25 18:59:14.643  2866  7137 I thermal_changed: [CPU5,0,95.000000,3,3]
09-25 18:59:14.735  2866  7137 I thermal_changed: [CPU5,0,89.900002,0,3]
09-25 18:59:14.824  2866  7137 I thermal_changed: [CPU3,0,89.900002,0,3]
09-25 18:59:14.827  2866  7137 I thermal_changed: [CPU5,0,95.000000,3,3]
09-25 18:59:14.914  2866  7137 I thermal_changed: [CPU3,0,95.000000,3,3]
09-25 18:59:14.917  2866  3629 I input_interaction: Interaction with: [1724763 com.zenithblue.sambas3/com.zenithblue.sambas3.RPCSXActivity], on displayId 0
09-25 18:59:14.966  2866  3904 I thermal_changed: [CPU5,0,89.900002,0,3]
09-25 18:59:15.007  2866  7137 I thermal_changed: [CPU5,0,95.400002,3,3]
09-25 18:59:15.038  2866  3629 I input_interaction: Interaction with: [1724763 com.zenithblue.sambas3/com.zenithblue.sambas3.RPCSXActivity,PointerEventDispatcher0], on displayId 0
09-25 18:59:15.103  2866  3904 I thermal_changed: [CPU3,0,89.900002,0,3]
09-25 18:59:15.180  2866  3629 I input_interaction: Interaction with: [1724763 com.zenithblue.sambas3/com.zenithblue.sambas3.RPCSXActivity], on displayId 0
09-25 18:59:15.183  2866  3629 I input_interaction: Interaction with: [1724763 com.zenithblue.sambas3/com.zenithblue.sambas3.RPCSXActivity,PointerEventDispatcher0], on displayId 0
09-25 18:59:15.274  2866  7137 I thermal_changed: [CPU5,0,89.900002,0,3]
09-25 18:59:15.295  2866  7137 I thermal_changed: [CPU5,0,95.000000,3,3]
09-25 18:59:15.393  2866  7137 I thermal_changed: [CPU5,0,89.900002,0,3]
09-25 18:59:15.417  2866  7137 I thermal_changed: [CPU3,0,95.000000,3,3]
09-25 18:59:15.433  2866  7137 I thermal_changed: [CPU5,0,95.000000,3,3]
09-25 18:59:15.449  2866  3629 I input_interaction: Interaction with: [1724763 com.zenithblue.sambas3/com.zenithblue.sambas3.RPCSXActivity], on displayId 0
09-25 18:59:15.449  2866  3629 I input_interaction: Interaction with: [1724763 com.zenithblue.sambas3/com.zenithblue.sambas3.RPCSXActivity,PointerEventDispatcher0], on displayId 0
09-25 18:59:15.708  2866  3629 I input_interaction: Interaction with: [1724763 com.zenithblue.sambas3/com.zenithblue.sambas3.RPCSXActivity], on displayId 0
09-25 18:59:15.823  2866  7137 I thermal_changed: [CPU5,0,89.900002,0,3]
09-25 18:59:15.995  2866  3814 I thermal_changed: [CPU3,0,89.900002,0,3]
09-25 18:59:16.037  2866  3814 I thermal_changed: [CPU5,0,95.000000,3,3]
09-25 18:59:16.053  2866  3814 I thermal_changed: [CPU3,0,95.000000,3,3]
09-25 18:59:16.054  2866  3629 I input_interaction: Interaction with: [1724763 com.zenithblue.sambas3/com.zenithblue.sambas3.RPCSXActivity,PointerEventDispatcher0], on displayId 0
09-25 18:59:16.079  2866  7137 I thermal_changed: [CPU5,0,89.900002,0,3]
09-25 18:59:16.110  2866  7137 I thermal_changed: [CPU5,0,95.000000,3,3]
09-25 18:59:16.154  2866  3629 I input_interaction: Interaction with: [1724763 com.zenithblue.sambas3/com.zenithblue.sambas3.RPCSXActivity], on displayId 0
09-25 18:59:16.154  2866  3629 I input_interaction: Interaction with: [1724763 com.zenithblue.sambas3/com.zenithblue.sambas3.RPCSXActivity,PointerEventDispatcher0], on displayId 0
09-25 18:59:16.157  2866  7137 I thermal_changed: [CPU5,0,89.900002,0,3]
09-25 18:59:16.395  2866  3629 I input_interaction: Interaction with: [1724763 com.zenithblue.sambas3/com.zenithblue.sambas3.RPCSXActivity], on displayId 0
09-25 18:59:16.395  2866  3629 I input_interaction: Interaction with: [1724763 com.zenithblue.sambas3/com.zenithblue.sambas3.RPCSXActivity,PointerEventDispatcher0], on displayId 0
09-25 18:59:16.453  2866  7137 I thermal_changed: [CPU5,0,95.000000,3,3]
09-25 18:59:16.622  2866  3629 I input_interaction: Interaction with: [1724763 com.zenithblue.sambas3/com.zenithblue.sambas3.RPCSXActivity], on displayId 0
09-25 18:59:16.622  2866  3629 I input_interaction: Interaction with: [1724763 com.zenithblue.sambas3/com.zenithblue.sambas3.RPCSXActivity,PointerEventDispatcher0], on displayId 0
09-25 18:59:16.711  2866  7137 I thermal_changed: [CPU5,0,89.900002,0,3]
09-25 18:59:16.768  2866  3814 I thermal_changed: [CPU5,0,95.000000,3,3]
09-25 18:59:16.826  2866  7137 I thermal_changed: [CPU5,0,89.900002,0,3]
09-25 18:59:16.851  2866  7137 I thermal_changed: [CPU5,0,95.000000,3,3]
09-25 18:59:16.869  2866  3629 I input_interaction: Interaction with: [1724763 com.zenithblue.sambas3/com.zenithblue.sambas3.RPCSXActivity], on displayId 0
09-25 18:59:16.869  2866  3629 I input_interaction: Interaction with: [1724763 com.zenithblue.sambas3/com.zenithblue.sambas3.RPCSXActivity,PointerEventDispatcher0], on displayId 0
09-25 18:59:17.011  2866  7137 I thermal_changed: [CPU5,0,89.900002,0,3]
09-25 18:59:17.070  2866  7137 I thermal_changed: [CPU5,0,95.000000,3,3]
09-25 18:59:17.103  2866  3629 I input_interaction: Interaction with: [1724763 com.zenithblue.sambas3/com.zenithblue.sambas3.RPCSXActivity], on displayId 0
09-25 18:59:17.103  2866  3629 I input_interaction: Interaction with: [1724763 com.zenithblue.sambas3/com.zenithblue.sambas3.RPCSXActivity,PointerEventDispatcher0], on displayId 0
09-25 18:59:17.147  2866  7137 I thermal_changed: [CPU3,0,89.900002,0,3]
09-25 18:59:17.153  2866  7137 I thermal_changed: [CPU5,0,89.900002,0,3]
09-25 18:59:17.195  2866  7137 I thermal_changed: [CPU5,0,95.000000,3,3]
09-25 18:59:17.264  2866  3814 I thermal_changed: [CPU3,0,95.000000,3,3]
09-25 18:59:17.302  2866  3904 I thermal_changed: [CPU3,0,89.900002,0,3]
09-25 18:59:17.308  2866  7137 I thermal_changed: [CPU3,0,95.000000,3,3]
09-25 18:59:17.361  2866  3629 I input_interaction: Interaction with: [1724763 com.zenithblue.sambas3/com.zenithblue.sambas3.RPCSXActivity], on displayId 0
09-25 18:59:17.361  2866  3629 I input_interaction: Interaction with: [1724763 com.zenithblue.sambas3/com.zenithblue.sambas3.RPCSXActivity,PointerEventDispatcher0], on displayId 0
09-25 18:59:17.492  2866  3904 I thermal_changed: [CPU3,0,89.900002,0,3]
09-25 18:59:17.572  2866  3904 I thermal_changed: [CPU5,0,89.900002,0,3]
09-25 18:59:17.578  2866  3904 I thermal_changed: [CPU3,0,95.000000,3,3]
09-25 18:59:17.610  2866  3629 I input_interaction: Interaction with: [1724763 com.zenithblue.sambas3/com.zenithblue.sambas3.RPCSXActivity], on displayId 0
09-25 18:59:17.610  2866  3629 I input_interaction: Interaction with: [1724763 com.zenithblue.sambas3/com.zenithblue.sambas3.RPCSXActivity,PointerEventDispatcher0], on displayId 0
09-25 18:59:17.697  2866  3904 I thermal_changed: [CPU5,0,95.000000,3,3]
09-25 18:59:17.854  2866  3629 I input_interaction: Interaction with: [1724763 com.zenithblue.sambas3/com.zenithblue.sambas3.RPCSXActivity], on displayId 0
09-25 18:59:17.855  2866  3629 I input_interaction: Interaction with: [1724763 com.zenithblue.sambas3/com.zenithblue.sambas3.RPCSXActivity,PointerEventDispatcher0], on displayId 0
09-25 18:59:17.867  2866  3904 I thermal_changed: [CPU5,0,89.900002,0,3]
09-25 18:59:17.928  2866  3904 I thermal_changed: [CPU5,0,95.000000,3,3]
09-25 18:59:18.070  2866  3629 I input_interaction: Interaction with: [1724763 com.zenithblue.sambas3/com.zenithblue.sambas3.RPCSXActivity], on displayId 0
09-25 18:59:18.070  2866  3629 I input_interaction: Interaction with: [1724763 com.zenithblue.sambas3/com.zenithblue.sambas3.RPCSXActivity,PointerEventDispatcher0], on displayId 0
09-25 18:59:18.168  2866  3904 I thermal_changed: [CPU5,0,89.900002,0,3]
09-25 18:59:18.264  2866  3904 I thermal_changed: [CPU5,0,95.000000,3,3]
09-25 18:59:18.317  2866  3629 I input_interaction: Interaction with: [1724763 com.zenithblue.sambas3/com.zenithblue.sambas3.RPCSXActivity], on displayId 0
09-25 18:59:18.319  2866  3629 I input_interaction: Interaction with: [1724763 com.zenithblue.sambas3/com.zenithblue.sambas3.RPCSXActivity,PointerEventDispatcher0], on displayId 0
09-25 18:59:18.519  2866  3904 I thermal_changed: [CPU5,0,89.900002,0,3]
09-25 18:59:18.564  2866  3904 I thermal_changed: [CPU5,0,95.000000,3,3]
09-25 18:59:18.568  2866  3629 I input_interaction: Interaction with: [1724763 com.zenithblue.sambas3/com.zenithblue.sambas3.RPCSXActivity], on displayId 0
09-25 18:59:18.570  2866  3629 I input_interaction: Interaction with: [1724763 com.zenithblue.sambas3/com.zenithblue.sambas3.RPCSXActivity,PointerEventDispatcher0], on displayId 0
09-25 18:59:18.795  2866  3904 I thermal_changed: [CPU5,0,89.900002,0,3]
09-25 18:59:18.801  2866  3629 I input_interaction: Interaction with: [1724763 com.zenithblue.sambas3/com.zenithblue.sambas3.RPCSXActivity], on displayId 0
09-25 18:59:18.803  2866  3629 I input_interaction: Interaction with: [1724763 com.zenithblue.sambas3/com.zenithblue.sambas3.RPCSXActivity,PointerEventDispatcher0], on displayId 0
09-25 18:59:18.866  2866  3904 I thermal_changed: [CPU5,0,95.000000,3,3]
09-25 18:59:19.017  2866  3629 I input_interaction: Interaction with: [1724763 com.zenithblue.sambas3/com.zenithblue.sambas3.RPCSXActivity], on displayId 0
09-25 18:59:19.037  2866  3629 I input_interaction: Interaction with: [1724763 com.zenithblue.sambas3/com.zenithblue.sambas3.RPCSXActivity,PointerEventDispatcher0], on displayId 0
09-25 18:59:19.252  2866  7137 I thermal_changed: [CPU5,0,89.900002,0,3]
09-25 18:59:19.267  2866  3629 I input_interaction: Interaction with: [1724763 com.zenithblue.sambas3/com.zenithblue.sambas3.RPCSXActivity], on displayId 0
09-25 18:59:19.312  2866  3629 I input_interaction: Interaction with: [1724763 com.zenithblue.sambas3/com.zenithblue.sambas3.RPCSXActivity,PointerEventDispatcher0], on displayId 0
09-25 18:59:19.318  2866  3904 I thermal_changed: [CPU5,0,95.000000,3,3]
09-25 18:59:19.510  2866  3904 I thermal_changed: [CPU5,0,89.900002,0,3]
09-25 18:59:19.515  2866  3629 I input_interaction: Interaction with: [1724763 com.zenithblue.sambas3/com.zenithblue.sambas3.RPCSXActivity], on displayId 0
09-25 18:59:19.516  2866  3629 I input_interaction: Interaction with: [1724763 com.zenithblue.sambas3/com.zenithblue.sambas3.RPCSXActivity,PointerEventDispatcher0], on displayId 0
09-25 18:59:19.553  2866  3904 I thermal_changed: [CPU5,0,95.000000,3,3]
09-25 18:59:19.627  2866  3904 I thermal_changed: [CPU5,0,89.900002,0,3]
09-25 18:59:19.656  2866  3904 I thermal_changed: [CPU5,0,95.000000,3,3]
09-25 18:59:19.749  2866  3629 I input_interaction: Interaction with: [1724763 com.zenithblue.sambas3/com.zenithblue.sambas3.RPCSXActivity], on displayId 0
09-25 18:59:19.872  2866  3904 I thermal_changed: [CPU3,0,89.900002,0,3]
09-25 18:59:19.900  2866  3629 I input_interaction: Interaction with: [1724763 com.zenithblue.sambas3/com.zenithblue.sambas3.RPCSXActivity,PointerEventDispatcher0], on displayId 0
09-25 18:59:19.902  2866  3904 I thermal_changed: [CPU3,0,95.000000,3,3]
09-25 18:59:19.987  2866  3629 I input_interaction: Interaction with: [1724763 com.zenithblue.sambas3/com.zenithblue.sambas3.RPCSXActivity], on displayId 0
09-25 18:59:20.006  2866  3904 I thermal_changed: [CPU3,0,89.900002,0,3]
09-25 18:59:20.036  2866  3814 I thermal_changed: [CPU5,0,89.900002,0,3]
09-25 18:59:20.047  2866  4363 I thermal_changed: [CPU3,0,95.000000,3,3]
09-25 18:59:20.075  2866  4363 I thermal_changed: [CPU5,0,95.000000,3,3]
09-25 18:59:20.174  2866  3629 I input_interaction: Interaction with: [1724763 com.zenithblue.sambas3/com.zenithblue.sambas3.RPCSXActivity,PointerEventDispatcher0], on displayId 0
09-25 18:59:20.211  2866  4363 I thermal_changed: [CPU5,0,89.900002,0,3]
09-25 18:59:20.218  2866  3629 I input_interaction: Interaction with: [1724763 com.zenithblue.sambas3/com.zenithblue.sambas3.RPCSXActivity], on displayId 0
09-25 18:59:20.230  2866  3629 I input_interaction: Interaction with: [1724763 com.zenithblue.sambas3/com.zenithblue.sambas3.RPCSXActivity,PointerEventDispatcher0], on displayId 0
09-25 18:59:20.243  2866  4363 I thermal_changed: [CPU5,0,95.800003,3,3]
09-25 18:59:20.254  2866  4363 I thermal_changed: [CPU3,0,89.900002,0,3]
09-25 18:59:20.258  2866  4363 I thermal_changed: [CPU3,0,95.000000,3,3]
09-25 18:59:20.343   579   579 I auditd  : type=1400 audit(0.0:6995623): avc:  denied  { search } for  comm="DefaultDispatch" name="zram0" dev="sysfs" ino=107524 scontext=u:r:untrusted_app:s0:c207,c257,c512,c768 tcontext=u:object_r:sysfs_zram:s0 tclass=dir permissive=0 app=com.zenithblue.sambas3
09-25 18:59:20.343   579   579 I auditd  : type=1400 audit(0.0:6995624): avc:  denied  { search } for  comm="DefaultDispatch" name="zram0" dev="sysfs" ino=107524 scontext=u:r:untrusted_app:s0:c207,c257,c512,c768 tcontext=u:object_r:sysfs_zram:s0 tclass=dir permissive=0 app=com.zenithblue.sambas3
09-25 18:59:20.404  2866  4363 I thermal_changed: [CPU5,0,89.900002,0,3]
09-25 18:59:20.428  2866  4363 I thermal_changed: [CPU5,0,95.000000,3,3]
09-25 18:59:20.448  2866  3629 I input_interaction: Interaction with: [1724763 com.zenithblue.sambas3/com.zenithblue.sambas3.RPCSXActivity], on displayId 0
09-25 18:59:20.513  2866  3629 I input_interaction: Interaction with: [1724763 com.zenithblue.sambas3/com.zenithblue.sambas3.RPCSXActivity,PointerEventDispatcher0], on displayId 0
09-25 18:59:20.580  2866  4363 I thermal_changed: [CPU5,0,89.900002,0,3]
09-25 18:59:20.651  2866  4363 I thermal_changed: [CPU5,0,95.000000,3,3]
09-25 18:59:20.687  2866  3629 I input_interaction: Interaction with: [1724763 com.zenithblue.sambas3/com.zenithblue.sambas3.RPCSXActivity], on displayId 0
09-25 18:59:20.699  2866  4363 I thermal_changed: [CPU5,0,89.900002,0,3]
09-25 18:59:20.761  2866  4363 I thermal_changed: [CPU3,0,89.900002,0,3]
09-25 18:59:20.771  2866  3629 I input_interaction: Interaction with: [1724763 com.zenithblue.sambas3/com.zenithblue.sambas3.RPCSXActivity,PointerEventDispatcher0], on displayId 0
09-25 18:59:20.785  2866  4363 I thermal_changed: [CPU5,0,95.000000,3,3]
09-25 18:59:20.839  2866  4363 I thermal_changed: [CPU3,0,95.000000,3,3]
09-25 18:59:20.902  2866  4363 I thermal_changed: [CPU2,0,95.000000,3,3]
09-25 18:59:20.923  2866  3629 I input_interaction: Interaction with: [1724763 com.zenithblue.sambas3/com.zenithblue.sambas3.RPCSXActivity], on displayId 0
09-25 18:59:20.925  2866  4363 I thermal_changed: [CPU2,0,89.900002,0,3]
09-25 18:59:20.972  2866  4363 I thermal_changed: [CPU5,0,89.900002,0,3]
09-25 18:59:20.991  2866  4363 I thermal_changed: [CPU5,0,95.000000,3,3]
09-25 18:59:21.021  2866  3629 I input_interaction: Interaction with: [1724763 com.zenithblue.sambas3/com.zenithblue.sambas3.RPCSXActivity,PointerEventDispatcher0], on displayId 0
09-25 18:59:21.113  2866  3904 I thermal_changed: [CPU3,0,89.900002,0,3]
09-25 18:59:21.148  2866  3629 I input_interaction: Interaction with: [1724763 com.zenithblue.sambas3/com.zenithblue.sambas3.RPCSXActivity], on displayId 0
09-25 18:59:21.161  2866  3904 I thermal_changed: [CPU3,0,95.000000,3,3]
09-25 18:59:21.179  2866  3904 I thermal_changed: [CPU5,0,89.900002,0,3]
09-25 18:59:21.206  2866  3629 I input_interaction: Interaction with: [1724763 com.zenithblue.sambas3/com.zenithblue.sambas3.RPCSXActivity,PointerEventDispatcher0], on displayId 0
09-25 18:59:21.397  2866  3629 I input_interaction: Interaction with: [1724763 com.zenithblue.sambas3/com.zenithblue.sambas3.RPCSXActivity], on displayId 0
09-25 18:59:21.436  2866  3904 I thermal_changed: [CPU3,0,89.900002,0,3]
09-25 18:59:21.528  2866  3904 I thermal_changed: [CPU5,0,95.000000,3,3]
09-25 18:59:21.537  2866  3904 I thermal_changed: [CPU3,0,95.000000,3,3]
09-25 18:59:21.538  2866  3904 I thermal_changed: [CPU5,0,89.900002,0,3]
09-25 18:59:21.610  2866  3629 I input_interaction: Interaction with: [1724763 com.zenithblue.sambas3/com.zenithblue.sambas3.RPCSXActivity,PointerEventDispatcher0], on displayId 0
09-25 18:59:21.629  2866  3629 I input_interaction: Interaction with: [1724763 com.zenithblue.sambas3/com.zenithblue.sambas3.RPCSXActivity], on displayId 0
09-25 18:59:21.779  2866  3629 I input_interaction: Interaction with: [1724763 com.zenithblue.sambas3/com.zenithblue.sambas3.RPCSXActivity,PointerEventDispatcher0], on displayId 0
09-25 18:59:21.867  2866  3629 I input_interaction: Interaction with: [1724763 com.zenithblue.sambas3/com.zenithblue.sambas3.RPCSXActivity], on displayId 0
09-25 18:59:22.005  2866  3629 I input_interaction: Interaction with: [1724763 com.zenithblue.sambas3/com.zenithblue.sambas3.RPCSXActivity,PointerEventDispatcher0], on displayId 0
09-25 18:59:22.060  2866  4363 I thermal_changed: [CPU5,0,95.000000,3,3]
09-25 18:59:22.098  2866  3629 I input_interaction: Interaction with: [1724763 com.zenithblue.sambas3/com.zenithblue.sambas3.RPCSXActivity], on displayId 0
09-25 18:59:22.125  2866  4363 I thermal_changed: [CPU5,0,89.900002,0,3]
09-25 18:59:22.191  2866  4363 I thermal_changed: [CPU5,0,95.000000,3,3]
09-25 18:59:22.192  2866  4363 I thermal_changed: [CPU2,0,95.000000,3,3]
09-25 18:59:22.204  2866  4363 I thermal_changed: [CPU5,0,89.900002,0,3]
09-25 18:59:22.210  2866  4363 I thermal_changed: [CPU2,0,89.599998,0,3]
09-25 18:59:22.223  2866  3629 I input_interaction: Interaction with: [1724763 com.zenithblue.sambas3/com.zenithblue.sambas3.RPCSXActivity,PointerEventDispatcher0], on displayId 0
09-25 18:59:22.278  2866  4363 I thermal_changed: [CPU3,0,89.900002,0,3]
09-25 18:59:22.283  2866  4363 I thermal_changed: [CPU3,0,95.000000,3,3]
09-25 18:59:22.336  2866  3629 I input_interaction: Interaction with: [1724763 com.zenithblue.sambas3/com.zenithblue.sambas3.RPCSXActivity], on displayId 0
09-25 18:59:22.343  2866  3629 I input_interaction: Interaction with: [1724763 com.zenithblue.sambas3/com.zenithblue.sambas3.RPCSXActivity,PointerEventDispatcher0], on displayId 0
09-25 18:59:22.467  2866  3904 I thermal_changed: [CPU5,0,95.400002,3,3]
09-25 18:59:22.585  2866  3629 I input_interaction: Interaction with: [1724763 com.zenithblue.sambas3/com.zenithblue.sambas3.RPCSXActivity], on displayId 0
09-25 18:59:22.613  2866  3904 I thermal_changed: [CPU3,0,89.900002,0,3]
09-25 18:59:22.671  2866  3904 I thermal_changed: [CPU3,0,95.000000,3,3]
09-25 18:59:22.694  2866  3904 I thermal_changed: [CPU5,0,89.900002,0,3]
09-25 18:59:22.723  2866  3629 I input_interaction: Interaction with: [1724763 com.zenithblue.sambas3/com.zenithblue.sambas3.RPCSXActivity,PointerEventDispatcher0], on displayId 0
09-25 18:59:22.731  2866  3904 I thermal_changed: [CPU5,0,95.000000,3,3]
09-25 18:59:22.785  2866  3904 I thermal_changed: [CPU5,0,89.900002,0,3]
09-25 18:59:22.797  2866  3629 I input_interaction: Interaction with: [1724763 com.zenithblue.sambas3/com.zenithblue.sambas3.RPCSXActivity], on displayId 0
09-25 18:59:22.813  2866  3904 I thermal_changed: [CPU5,0,95.000000,3,3]
09-25 18:59:22.820  2866  3629 I input_interaction: Interaction with: [1724763 com.zenithblue.sambas3/com.zenithblue.sambas3.RPCSXActivity,PointerEventDispatcher0], on displayId 0
09-25 18:59:22.945  2866  3904 I thermal_changed: [CPU3,0,89.900002,0,3]
09-25 18:59:22.947  2866  3904 I thermal_changed: [CPU5,0,89.900002,0,3]
09-25 18:59:22.983  2866  3904 I thermal_changed: [CPU5,0,95.000000,3,3]
09-25 18:59:22.986  2866  3904 I thermal_changed: [CPU3,0,95.000000,3,3]
09-25 18:59:23.027  2866  3629 I input_interaction: Interaction with: [1724763 com.zenithblue.sambas3/com.zenithblue.sambas3.RPCSXActivity], on displayId 0
09-25 18:59:23.037  2866  3629 I input_interaction: Interaction with: [1724763 com.zenithblue.sambas3/com.zenithblue.sambas3.RPCSXActivity,PointerEventDispatcher0], on displayId 0
09-25 18:59:23.162  2866  4363 I thermal_changed: [CPU5,0,89.900002,0,3]
09-25 18:59:23.193  2866  4363 I thermal_changed: [CPU5,0,95.000000,3,3]
09-25 18:59:23.213  2866  4363 I thermal_changed: [CPU3,0,89.900002,0,3]
09-25 18:59:23.264  2866  4363 I thermal_changed: [CPU3,0,95.000000,3,3]
09-25 18:59:23.267  2866  3629 I input_interaction: Interaction with: [1724763 com.zenithblue.sambas3/com.zenithblue.sambas3.RPCSXActivity], on displayId 0
09-25 18:59:23.271  2866  3629 I input_interaction: Interaction with: [1724763 com.zenithblue.sambas3/com.zenithblue.sambas3.RPCSXActivity,PointerEventDispatcher0], on displayId 0
09-25 18:59:23.312  2866  4363 I thermal_changed: [CPU5,0,89.900002,0,3]
09-25 18:59:23.338  2866  4363 I thermal_changed: [CPU3,0,89.900002,0,3]
09-25 18:59:23.372  2866  4363 I thermal_changed: [CPU5,0,95.000000,3,3]
09-25 18:59:23.442  2866  4363 I thermal_changed: [CPU3,0,95.000000,3,3]
09-25 18:59:23.507  2866  3629 I input_interaction: Interaction with: [1724763 com.zenithblue.sambas3/com.zenithblue.sambas3.RPCSXActivity], on displayId 0
09-25 18:59:23.513  2866  3629 I input_interaction: Interaction with: [1724763 com.zenithblue.sambas3/com.zenithblue.sambas3.RPCSXActivity,PointerEventDispatcher0], on displayId 0
09-25 18:59:23.524  2866  4363 I thermal_changed: [CPU5,0,89.900002,0,3]
09-25 18:59:23.572  2866  4363 I thermal_changed: [CPU5,0,95.000000,3,3]
09-25 18:59:23.601  2866  4363 I thermal_changed: [CPU5,0,89.900002,0,3]
09-25 18:59:23.635  2866  4363 I thermal_changed: [CPU3,0,89.900002,0,3]
09-25 18:59:23.662  2866  4363 I thermal_changed: [CPU5,0,95.000000,3,3]
09-25 18:59:23.677  2866  4363 I thermal_changed: [CPU5,0,89.900002,0,3]
09-25 18:59:23.748  2866  4363 I thermal_changed: [CPU5,0,95.400002,3,3]
09-25 18:59:23.755  1558  1558 I auditd  : type=1400 audit(0.0:6995625): avc:  denied  { search } for  comm="android.hardwar" name="uhid" dev="sysfs" ino=65226 scontext=u:r:hal_health_default:s0 tcontext=u:object_r:sysfs_uhid:s0 tclass=dir permissive=0
09-25 18:59:23.758  2866  3629 I input_interaction: Interaction with: [1724763 com.zenithblue.sambas3/com.zenithblue.sambas3.RPCSXActivity], on displayId 0
09-25 18:59:23.759  2866  3629 I input_interaction: Interaction with: [1724763 com.zenithblue.sambas3/com.zenithblue.sambas3.RPCSXActivity,PointerEventDispatcher0], on displayId 0
09-25 18:59:23.755  1558  1558 I auditd  : type=1400 audit(0.0:6995626): avc:  denied  { search } for  comm="android.hardwar" name="uhid" dev="sysfs" ino=65226 scontext=u:r:hal_health_default:s0 tcontext=u:object_r:sysfs_uhid:s0 tclass=dir permissive=0
09-25 18:59:23.763  1558  1558 I auditd  : type=1400 audit(0.0:6995627): avc:  denied  { search } for  comm="android.hardwar" name="uhid" dev="sysfs" ino=65226 scontext=u:r:hal_health_default:s0 tcontext=u:object_r:sysfs_uhid:s0 tclass=dir permissive=0
09-25 18:59:23.763  1558  1558 I auditd  : type=1400 audit(0.0:6995628): avc:  denied  { search } for  comm="android.hardwar" name="uhid" dev="sysfs" ino=65226 scontext=u:r:hal_health_default:s0 tcontext=u:object_r:sysfs_uhid:s0 tclass=dir permissive=0
09-25 18:59:23.824  2866  7137 I thermal_changed: [CPU3,0,95.000000,3,3]
09-25 18:59:24.011  2866  3629 I input_interaction: Interaction with: [1724763 com.zenithblue.sambas3/com.zenithblue.sambas3.RPCSXActivity], on displayId 0
09-25 18:59:24.011  2866  3629 I input_interaction: Interaction with: [1724763 com.zenithblue.sambas3/com.zenithblue.sambas3.RPCSXActivity,PointerEventDispatcher0], on displayId 0
09-25 18:59:24.090  2866  4363 I thermal_changed: [CPU2,0,95.000000,3,3]
09-25 18:59:24.094  2866  4363 I thermal_changed: [CPU2,0,89.900002,0,3]
09-25 18:59:24.260  2866  3629 I input_interaction: Interaction with: [1724763 com.zenithblue.sambas3/com.zenithblue.sambas3.RPCSXActivity], on displayId 0
09-25 18:59:24.260  2866  3629 I input_interaction: Interaction with: [1724763 com.zenithblue.sambas3/com.zenithblue.sambas3.RPCSXActivity,PointerEventDispatcher0], on displayId 0
09-25 18:59:24.338  2866  4363 I thermal_changed: [CPU5,0,89.900002,0,3]
09-25 18:59:24.472  2866  4363 I thermal_changed: [CPU5,0,95.000000,3,3]
09-25 18:59:24.507  2866  3629 I input_interaction: Interaction with: [1724763 com.zenithblue.sambas3/com.zenithblue.sambas3.RPCSXActivity], on displayId 0
09-25 18:59:24.507  2866  3629 I input_interaction: Interaction with: [1724763 com.zenithblue.sambas3/com.zenithblue.sambas3.RPCSXActivity,PointerEventDispatcher0], on displayId 0
09-25 18:59:24.581  2866  4363 I thermal_changed: [CPU3,0,89.900002,0,3]
09-25 18:59:24.586  2866  4363 I thermal_changed: [CPU3,0,95.000000,3,3]
09-25 18:59:24.691  2866  4363 I thermal_changed: [CPU5,0,89.900002,0,3]
09-25 18:59:24.752  2866  3629 I input_interaction: Interaction with: [1724763 com.zenithblue.sambas3/com.zenithblue.sambas3.RPCSXActivity], on displayId 0
09-25 18:59:24.755  2866  3629 I input_interaction: Interaction with: [1724763 com.zenithblue.sambas3/com.zenithblue.sambas3.RPCSXActivity,PointerEventDispatcher0], on displayId 0
09-25 18:59:24.757  2866  4363 I thermal_changed: [CPU5,0,95.000000,3,3]
09-25 18:59:24.808  2866  4363 I thermal_changed: [CPU3,0,89.900002,0,3]
09-25 18:59:24.822  2866  4363 I thermal_changed: [CPU5,0,89.900002,0,3]
09-25 18:59:24.866  2866  4363 I thermal_changed: [CPU5,0,95.000000,3,3]
09-25 18:59:24.997  2866  3629 I input_interaction: Interaction with: [1724763 com.zenithblue.sambas3/com.zenithblue.sambas3.RPCSXActivity], on displayId 0
09-25 18:59:25.004  2866  4363 I thermal_changed: [CPU3,0,95.000000,3,3]
09-25 18:59:25.077  2866  3629 I input_interaction: Interaction with: [1724763 com.zenithblue.sambas3/com.zenithblue.sambas3.RPCSXActivity,PointerEventDispatcher0], on displayId 0
09-25 18:59:25.116  2866  3904 I thermal_changed: [CPU3,0,89.900002,0,3]
09-25 18:59:25.248  2866  3629 I input_interaction: Interaction with: [1724763 com.zenithblue.sambas3/com.zenithblue.sambas3.RPCSXActivity], on displayId 0
09-25 18:59:25.250  2866  3904 I thermal_changed: [CPU3,0,95.000000,3,3]
09-25 18:59:25.286  2866  3904 I thermal_changed: [CPU5,0,89.900002,0,3]
09-25 18:59:25.287  2866  3629 I input_interaction: Interaction with: [1724763 com.zenithblue.sambas3/com.zenithblue.sambas3.RPCSXActivity,PointerEventDispatcher0], on displayId 0
09-25 18:59:25.369  2866  3904 I thermal_changed: [CPU3,0,89.900002,0,3]
09-25 18:59:25.379  2866  3904 I thermal_changed: [CPU3,0,95.000000,3,3]
09-25 18:59:25.414  2866  3904 I thermal_changed: [CPU5,0,95.000000,3,3]
09-25 18:59:25.489  2866  3629 I input_interaction: Interaction with: [1724763 com.zenithblue.sambas3/com.zenithblue.sambas3.RPCSXActivity], on displayId 0
09-25 18:59:25.489  2866  3629 I input_interaction: Interaction with: [1724763 com.zenithblue.sambas3/com.zenithblue.sambas3.RPCSXActivity,PointerEventDispatcher0], on displayId 0
09-25 18:59:25.532  2866  3904 I thermal_changed: [CPU3,0,89.900002,0,3]
09-25 18:59:25.534  2866  3904 I thermal_changed: [CPU5,0,89.900002,0,3]
09-25 18:59:25.548  2866  3904 I thermal_changed: [CPU3,0,95.000000,3,3]
09-25 18:59:25.558  2866  3904 I thermal_changed: [CPU5,0,95.000000,3,3]
09-25 18:59:25.719  2866  3904 I thermal_changed: [CPU5,0,89.900002,0,3]
09-25 18:59:25.723  2866  4363 I thermal_changed: [CPU3,0,89.900002,0,3]
09-25 18:59:25.735  2866  3904 I thermal_changed: [CPU5,0,95.000000,3,3]
09-25 18:59:25.738  2866  3629 I input_interaction: Interaction with: [1724763 com.zenithblue.sambas3/com.zenithblue.sambas3.RPCSXActivity], on displayId 0
09-25 18:59:25.738  2866  3629 I input_interaction: Interaction with: [1724763 com.zenithblue.sambas3/com.zenithblue.sambas3.RPCSXActivity,PointerEventDispatcher0], on displayId 0
09-25 18:59:25.760  2866  3904 I thermal_changed: [CPU3,0,95.000000,3,3]
09-25 18:59:25.990  2866  3629 I input_interaction: Interaction with: [1724763 com.zenithblue.sambas3/com.zenithblue.sambas3.RPCSXActivity], on displayId 0
09-25 18:59:25.990  2866  3629 I input_interaction: Interaction with: [1724763 com.zenithblue.sambas3/com.zenithblue.sambas3.RPCSXActivity,PointerEventDispatcher0], on displayId 0
09-25 18:59:26.014  2866  3904 I thermal_changed: [CPU5,0,89.900002,0,3]
09-25 18:59:26.094  2866  7137 I thermal_changed: [CPU5,0,95.000000,3,3]
09-25 18:59:26.226  2866  7137 I thermal_changed: [CPU3,0,89.900002,0,3]
09-25 18:59:26.234  2866  7137 I thermal_changed: [CPU5,0,89.900002,0,3]
09-25 18:59:26.238  2866  3629 I input_interaction: Interaction with: [1724763 com.zenithblue.sambas3/com.zenithblue.sambas3.RPCSXActivity], on displayId 0
09-25 18:59:26.239  2866  3629 I input_interaction: Interaction with: [1724763 com.zenithblue.sambas3/com.zenithblue.sambas3.RPCSXActivity,PointerEventDispatcher0], on displayId 0
09-25 18:59:26.267  2866  7137 I thermal_changed: [CPU5,0,95.000000,3,3]
09-25 18:59:26.488  2866  3629 I input_interaction: Interaction with: [1724763 com.zenithblue.sambas3/com.zenithblue.sambas3.RPCSXActivity], on displayId 0
09-25 18:59:26.488  2866  3629 I input_interaction: Interaction with: [1724763 com.zenithblue.sambas3/com.zenithblue.sambas3.RPCSXActivity,PointerEventDispatcher0], on displayId 0
09-25 18:59:26.506  2866  4363 I thermal_changed: [CPU5,0,89.900002,0,3]
09-25 18:59:26.524  2866  7137 I thermal_changed: [CPU3,0,95.000000,3,3]
09-25 18:59:26.560  2866  7137 I thermal_changed: [CPU5,0,95.000000,3,3]
09-25 18:59:26.657  2866  4363 I thermal_changed: [CPU5,0,89.900002,0,3]
09-25 18:59:26.731  2866  7137 I thermal_changed: [CPU5,0,95.000000,3,3]
09-25 18:59:26.747  2866  3629 I input_interaction: Interaction with: [1724763 com.zenithblue.sambas3/com.zenithblue.sambas3.RPCSXActivity], on displayId 0
09-25 18:59:26.755  2866  3629 I input_interaction: Interaction with: [1724763 com.zenithblue.sambas3/com.zenithblue.sambas3.RPCSXActivity,PointerEventDispatcher0], on displayId 0
09-25 18:59:26.891  2866  7137 I thermal_changed: [CPU5,0,89.900002,0,3]
09-25 18:59:26.938  2866  7137 I thermal_changed: [CPU5,0,95.000000,3,3]
09-25 18:59:26.998  2866  3629 I input_interaction: Interaction with: [1724763 com.zenithblue.sambas3/com.zenithblue.sambas3.RPCSXActivity], on displayId 0
09-25 18:59:27.030  2866  7137 I thermal_changed: [CPU5,0,89.900002,0,3]
09-25 18:59:27.158  2866  4363 I thermal_changed: [CPU5,0,95.000000,3,3]
09-25 18:59:27.187  2866  4363 I thermal_changed: [CPU5,0,89.900002,0,3]
09-25 18:59:27.263  2866  4363 I thermal_changed: [CPU3,0,89.900002,0,3]
09-25 18:59:27.264  2866  4363 I thermal_changed: [CPU5,0,95.000000,3,3]
09-25 18:59:27.274  2866  4363 I thermal_changed: [CPU5,0,89.900002,0,3]
09-25 18:59:27.330  2866  7137 I thermal_changed: [CPU5,0,95.000000,3,3]
09-25 18:59:27.377  2866  7137 I thermal_changed: [CPU3,0,95.000000,3,3]
09-25 18:59:27.387  2866  7137 I thermal_changed: [CPU5,0,89.900002,0,3]
09-25 18:59:27.400  2866  3629 I input_interaction: Interaction with: [1724763 com.zenithblue.sambas3/com.zenithblue.sambas3.RPCSXActivity,PointerEventDispatcher0], on displayId 0
09-25 18:59:27.498  2866  3629 I input_interaction: Interaction with: [1724763 com.zenithblue.sambas3/com.zenithblue.sambas3.RPCSXActivity], on displayId 0
09-25 18:59:27.562  2866  7137 I thermal_changed: [CPU5,0,95.000000,3,3]
09-25 18:59:27.747  2866  3629 I input_interaction: Interaction with: [1724763 com.zenithblue.sambas3/com.zenithblue.sambas3.RPCSXActivity,PointerEventDispatcher0], on displayId 0
09-25 18:59:27.753  2866  3629 I input_interaction: Interaction with: [1724763 com.zenithblue.sambas3/com.zenithblue.sambas3.RPCSXActivity], on displayId 0
09-25 18:59:27.755  2866  3629 I input_interaction: Interaction with: [1724763 com.zenithblue.sambas3/com.zenithblue.sambas3.RPCSXActivity,PointerEventDispatcher0], on displayId 0
09-25 18:59:27.998  2866  3629 I input_interaction: Interaction with: [1724763 com.zenithblue.sambas3/com.zenithblue.sambas3.RPCSXActivity], on displayId 0
09-25 18:59:28.107  2866  4363 I thermal_changed: [CPU5,0,89.900002,0,3]
09-25 18:59:28.238  2866  3629 I input_interaction: Interaction with: [1724763 com.zenithblue.sambas3/com.zenithblue.sambas3.RPCSXActivity,PointerEventDispatcher0], on displayId 0
09-25 18:59:28.248  2866  3629 I input_interaction: Interaction with: [1724763 com.zenithblue.sambas3/com.zenithblue.sambas3.RPCSXActivity], on displayId 0
09-25 18:59:28.279  2866  3629 I input_interaction: Interaction with: [1724763 com.zenithblue.sambas3/com.zenithblue.sambas3.RPCSXActivity,PointerEventDispatcher0], on displayId 0
09-25 18:59:28.350  2866  7137 I thermal_changed: [CPU5,0,95.000000,3,3]
09-25 18:59:28.445  2866  7137 I thermal_changed: [CPU5,0,89.900002,0,3]
09-25 18:59:28.497  2866  3629 I input_interaction: Interaction with: [1724763 com.zenithblue.sambas3/com.zenithblue.sambas3.RPCSXActivity], on displayId 0
09-25 18:59:28.504  2866  3629 I input_interaction: Interaction with: [1724763 com.zenithblue.sambas3/com.zenithblue.sambas3.RPCSXActivity,PointerEventDispatcher0], on displayId 0
09-25 18:59:28.511  2866  7137 I thermal_changed: [CPU5,0,95.000000,3,3]
09-25 18:59:28.664  2866  7137 I thermal_changed: [CPU2,0,95.000000,3,3]
09-25 18:59:28.671  2866  7137 I thermal_changed: [CPU2,0,89.900002,0,3]
09-25 18:59:28.747  2866  3629 I input_interaction: Interaction with: [1724763 com.zenithblue.sambas3/com.zenithblue.sambas3.RPCSXActivity], on displayId 0
09-25 18:59:28.843  2866  7137 I thermal_changed: [CPU5,0,89.900002,0,3]
09-25 18:59:28.908  2866  7137 I thermal_changed: [CPU5,0,95.000000,3,3]
09-25 18:59:28.940  2866  7137 I thermal_changed: [CPU3,0,89.900002,0,3]
09-25 18:59:28.947  2866  7137 I thermal_changed: [CPU5,0,89.900002,0,3]
09-25 18:59:28.956  2866  7137 I thermal_changed: [CPU3,0,95.000000,3,3]
09-25 18:59:29.024  2866  7137 I thermal_changed: [CPU3,0,89.900002,0,3]
09-25 18:59:29.053  2866  7137 I thermal_changed: [CPU5,0,95.000000,3,3]
09-25 18:59:29.055  2866  7137 I thermal_changed: [CPU3,0,95.000000,3,3]
09-25 18:59:29.115  2866  4363 I thermal_changed: [CPU5,0,89.900002,0,3]
09-25 18:59:29.159   579   579 I auditd  : type=1400 audit(0.0:6995629): avc:  denied  { search } for  comm="DefaultDispatch" name="zram0" dev="sysfs" ino=107524 scontext=u:r:untrusted_app:s0:c207,c257,c512,c768 tcontext=u:object_r:sysfs_zram:s0 tclass=dir permissive=0 app=com.zenithblue.sambas3
09-25 18:59:29.159   579   579 I auditd  : type=1400 audit(0.0:6995630): avc:  denied  { search } for  comm="DefaultDispatch" name="zram0" dev="sysfs" ino=107524 scontext=u:r:untrusted_app:s0:c207,c257,c512,c768 tcontext=u:object_r:sysfs_zram:s0 tclass=dir permissive=0 app=com.zenithblue.sambas3
09-25 18:59:29.196  2866  4363 I thermal_changed: [CPU5,0,95.000000,3,3]
09-25 18:59:29.340  2866  4363 I thermal_changed: [CPU3,0,89.900002,0,3]
09-25 18:59:29.369  2866  4363 I thermal_changed: [CPU3,0,95.000000,3,3]
09-25 18:59:29.431  2866  4363 I thermal_changed: [CPU5,0,89.900002,0,3]
09-25 18:59:29.475  2866  4363 I thermal_changed: [CPU5,0,95.000000,3,3]
09-25 18:59:29.511  2866  4363 I thermal_changed: [CPU5,0,89.900002,0,3]
09-25 18:59:29.600  2866  4363 I thermal_changed: [CPU5,0,95.400002,3,3]
09-25 18:59:29.654  2866  4363 I thermal_changed: [CPU5,0,89.900002,0,3]
09-25 18:59:29.742  2866  4363 I thermal_changed: [CPU5,0,95.000000,3,3]
09-25 18:59:29.933  2866  7137 I thermal_changed: [CPU3,0,89.900002,0,3]
09-25 18:59:29.940  2866  7137 I thermal_changed: [CPU3,0,95.000000,3,3]
09-25 18:59:29.942  2866  7137 I thermal_changed: [CPU5,0,89.900002,0,3]
09-25 18:59:29.947  2866  7137 I thermal_changed: [CPU2,0,95.000000,3,3]
09-25 18:59:29.961  2866  7137 I thermal_changed: [CPU2,0,89.900002,0,3]
09-25 18:59:29.983  2866  7137 I thermal_changed: [CPU5,0,95.000000,3,3]
09-25 18:59:29.996  2866  7137 I thermal_changed: [CPU3,0,89.900002,0,3]
09-25 18:59:30.007  2866  7137 I thermal_changed: [CPU5,0,89.900002,0,3]
09-25 18:59:30.019  2866  7137 I thermal_changed: [CPU3,0,95.000000,3,3]
09-25 18:59:30.019  2866  4363 I thermal_changed: [CPU5,0,95.000000,3,3]
09-25 18:59:30.169  2866  3904 I thermal_changed: [CPU5,0,89.900002,0,3]
09-25 18:59:30.198  2866  3904 I thermal_changed: [CPU5,0,95.400002,3,3]
09-25 18:59:30.212  2866  3904 I thermal_changed: [CPU3,0,89.900002,0,3]
09-25 18:59:30.329  2866  3904 I thermal_changed: [CPU3,0,95.000000,3,3]
09-25 18:59:30.330  2866  3904 I thermal_changed: [CPU5,0,89.900002,0,3]
09-25 18:59:30.343  2866  3904 I thermal_changed: [CPU5,0,95.000000,3,3]
09-25 18:59:30.665  2866  3904 I thermal_changed: [CPU3,0,89.900002,0,3]
09-25 18:59:30.678  2866  3904 I thermal_changed: [CPU5,0,89.900002,0,3]
09-25 18:59:30.717  2866  3904 I thermal_changed: [CPU3,0,95.000000,3,3]
09-25 18:59:30.735  2866  3904 I thermal_changed: [CPU5,0,95.000000,3,3]
09-25 18:59:30.786  2866  3904 I thermal_changed: [CPU3,0,89.900002,0,3]
09-25 18:59:30.793  2866  3904 I thermal_changed: [CPU3,0,95.000000,3,3]
09-25 18:59:30.895  2866  3904 I thermal_changed: [CPU3,0,89.900002,0,3]
09-25 18:59:30.932  2866  3904 I thermal_changed: [CPU3,0,95.000000,3,3]
09-25 18:59:30.995  2866  3904 I thermal_changed: [CPU5,0,89.900002,0,3]
09-25 18:59:31.151  2866  3904 I thermal_changed: [CPU5,0,95.000000,3,3]
09-25 18:59:31.239  2866  3904 I thermal_changed: [CPU5,0,89.900002,0,3]
09-25 18:59:31.431  2866  3904 I thermal_changed: [CPU3,0,89.900002,0,3]
09-25 18:59:31.478  2866  3904 I thermal_changed: [CPU3,0,95.000000,3,3]
09-25 18:59:31.571  2866  3904 I thermal_changed: [CPU3,0,89.900002,0,3]
09-25 18:59:31.621  2866  3904 I thermal_changed: [CPU3,0,95.000000,3,3]
09-25 18:59:31.630  2866  3904 I thermal_changed: [CPU3,0,89.900002,0,3]
09-25 18:59:31.708  2866  3904 I thermal_changed: [CPU3,0,95.000000,3,3]
09-25 18:59:31.710  2866  3904 I thermal_changed: [CPU5,0,95.000000,3,3]
09-25 18:59:31.724  2866  3904 I thermal_changed: [CPU5,0,89.900002,0,3]
09-25 18:59:31.727  2866  3904 I thermal_changed: [CPU3,0,89.900002,0,3]
09-25 18:59:31.772  2866  3904 I thermal_changed: [CPU5,0,95.000000,3,3]
09-25 18:59:31.875  2866  3904 I thermal_changed: [CPU3,0,95.000000,3,3]
09-25 18:59:31.893  2866  3904 I thermal_changed: [CPU2,0,95.000000,3,3]
09-25 18:59:31.901  2866  4363 I thermal_changed: [CPU5,0,89.900002,0,3]
09-25 18:59:31.917  2866  4363 I thermal_changed: [CPU2,0,89.900002,0,3]
09-25 18:59:31.959  2866  4363 I thermal_changed: [CPU5,0,95.000000,3,3]
09-25 18:59:31.966  2866  4363 I thermal_changed: [CPU3,0,89.900002,0,3]
09-25 18:59:31.987  2866  4363 I thermal_changed: [CPU5,0,89.900002,0,3]
09-25 18:59:32.041  2866  4363 I thermal_changed: [CPU3,0,95.000000,3,3]
09-25 18:59:32.392  2866  3904 I thermal_changed: [CPU5,0,95.000000,3,3]
09-25 18:59:32.489  2866  3904 I thermal_changed: [CPU3,0,89.900002,0,3]
09-25 18:59:32.497  2866  3904 I thermal_changed: [CPU5,0,89.900002,0,3]
09-25 18:59:32.539  2866  3904 I thermal_changed: [CPU3,0,95.000000,3,3]
09-25 18:59:32.540  2866  4363 I thermal_changed: [CPU5,0,95.000000,3,3]
09-25 18:59:32.562  2866  3904 I thermal_changed: [CPU3,0,89.900002,0,3]
09-25 18:59:32.572  2866  3904 I thermal_changed: [CPU5,0,89.900002,0,3]
09-25 18:59:32.607  2866  3904 I thermal_changed: [CPU5,0,95.000000,3,3]
09-25 18:59:32.681  2866  3904 I thermal_changed: [CPU3,0,95.000000,3,3]
09-25 18:59:32.699  2866  3904 I thermal_changed: [CPU3,0,89.900002,0,3]
09-25 18:59:32.809  2866  3904 I thermal_changed: [CPU5,0,89.599998,0,3]
09-25 18:59:32.879  2866  3904 I thermal_changed: [CPU3,0,95.000000,3,3]
09-25 18:59:32.949  2866  3904 I thermal_changed: [CPU3,0,89.900002,0,3]
09-25 18:59:32.976  2866  3904 I thermal_changed: [CPU3,0,95.000000,3,3]
09-25 18:59:32.987  2866  3904 I thermal_changed: [CPU5,0,95.000000,3,3]
09-25 18:59:33.134  2866  3904 I thermal_changed: [CPU5,0,89.900002,0,3]
09-25 18:59:33.205  2866  3904 I thermal_changed: [CPU5,0,95.000000,3,3]
09-25 18:59:33.305  2866  3904 I thermal_changed: [CPU3,0,89.900002,0,3]
09-25 18:59:33.434  2866  4363 I thermal_changed: [CPU3,0,95.000000,3,3]
09-25 18:59:33.493  2866  4363 I thermal_changed: [CPU3,0,89.900002,0,3]
09-25 18:59:33.496  2866  4363 I thermal_changed: [CPU3,0,95.000000,3,3]
09-25 18:59:33.591  2866  4363 I thermal_changed: [CPU3,0,89.900002,0,3]
09-25 18:59:33.652  2866  4363 I thermal_changed: [CPU3,0,95.000000,3,3]
09-25 18:59:33.697  2866  4363 I thermal_changed: [CPU2,0,95.000000,3,3]
09-25 18:59:33.703  2866  4363 I thermal_changed: [CPU5,0,89.900002,0,3]
09-25 18:59:33.719  2866  4363 I thermal_changed: [CPU2,0,89.900002,0,3]
09-25 18:59:33.911  2866  3904 I thermal_changed: [CPU5,0,95.000000,3,3]
09-25 18:59:33.931  2866  3904 I thermal_changed: [CPU2,0,95.000000,3,3]
09-25 18:59:33.939  2866  3904 I thermal_changed: [CPU5,0,89.900002,0,3]
09-25 18:59:33.973  2866  3904 I thermal_changed: [CPU2,0,89.900002,0,3]
09-25 18:59:34.002  2866  3904 I thermal_changed: [CPU5,0,95.000000,3,3]
09-25 18:59:34.158  2866  7137 I thermal_changed: [CPU3,0,89.900002,0,3]
09-25 18:59:34.177  2866  7137 I thermal_changed: [CPU5,0,89.900002,0,3]
09-25 18:59:34.222  2866  7137 I thermal_changed: [CPU3,0,95.000000,3,3]
09-25 18:59:34.256  2866  7137 I thermal_changed: [CPU5,0,95.000000,3,3]
09-25 18:59:34.461  2866  7137 I thermal_changed: [CPU3,0,89.900002,0,3]
09-25 18:59:34.522  2866  7137 I thermal_changed: [CPU3,0,95.000000,3,3]
09-25 18:59:34.568  2866  7137 I thermal_changed: [CPU3,0,89.900002,0,3]
09-25 18:59:34.629  2866  7137 I thermal_changed: [CPU3,0,95.000000,3,3]
09-25 18:59:34.882  2866  7137 I thermal_changed: [CPU3,0,89.900002,0,3]
09-25 18:59:34.918  2866  7137 I thermal_changed: [CPU3,0,95.000000,3,3]
09-25 18:59:35.054  2866  7137 I thermal_changed: [CPU5,0,89.900002,0,3]
09-25 18:59:35.094  2866  7137 I thermal_changed: [CPU3,0,89.900002,0,3]
09-25 18:59:35.130  2866  7137 I thermal_changed: [CPU5,0,95.000000,3,3]
09-25 18:59:35.209  2866  7137 I thermal_changed: [CPU3,0,95.000000,3,3]
09-25 18:59:35.292  2866  7137 I thermal_changed: [CPU5,0,89.900002,0,3]
09-25 18:59:35.408  2866  3904 I thermal_changed: [CPU3,0,89.900002,0,3]
09-25 18:59:35.438  2866  3904 I thermal_changed: [CPU3,0,95.000000,3,3]
09-25 18:59:35.495  2866  3904 I thermal_changed: [CPU5,0,95.000000,3,3]
09-25 18:59:35.714  2866  3904 I thermal_changed: [CPU5,0,89.900002,0,3]
09-25 18:59:36.173  2866  7137 I thermal_changed: [CPU3,0,89.900002,0,3]
09-25 18:59:36.274  2866  7137 I thermal_changed: [CPU5,0,95.000000,3,3]
09-25 18:59:36.303  2866  7137 I thermal_changed: [CPU5,0,89.900002,0,3]
09-25 18:59:36.369  2866  7137 I thermal_changed: [CPU5,0,95.000000,3,3]
09-25 18:59:36.447  2866  7137 I thermal_changed: [CPU3,0,95.000000,3,3]
09-25 18:59:36.479  2866  2866 I notification_enqueue: [10463,579,com.zenithblue.sambas3,2000,NULL,0,Notification(channel=rpcsx-progress shortcut=null contentView=null vibrate=null sound=null defaults=0 flags=ONGOING_EVENT|FOREGROUND_SERVICE|SILENT color=0x00000000 category=progress vis=PRIVATE),1,1]
09-25 18:59:36.565  2866  3904 I thermal_changed: [CPU3,0,89.900002,0,3]
09-25 18:59:36.751  2866  3904 I thermal_changed: [CPU3,0,95.000000,3,3]
09-25 18:59:36.951  2866  2866 I notification_enqueue: [10463,579,com.zenithblue.sambas3,2000,NULL,0,Notification(channel=rpcsx-progress shortcut=null contentView=null vibrate=null sound=null defaults=0 flags=ONGOING_EVENT|FOREGROUND_SERVICE|SILENT color=0x00000000 category=progress vis=PRIVATE),1,1]
09-25 18:59:37.251  2866  3904 I thermal_changed: [CPU5,0,89.900002,0,3]
09-25 18:59:37.433  2866  3904 I thermal_changed: [CPU5,0,95.000000,3,3]
09-25 18:59:37.531  2866  3904 I thermal_changed: [CPU5,0,89.900002,0,3]
09-25 18:59:37.743  2866  3904 I thermal_changed: [CPU5,0,95.000000,3,3]
09-25 18:59:37.834  2866  3904 I thermal_changed: [CPU5,0,89.900002,0,3]
09-25 18:59:38.335   579   579 I auditd  : type=1400 audit(0.0:6995631): avc:  denied  { search } for  comm="DefaultDispatch" name="zram0" dev="sysfs" ino=107524 scontext=u:r:untrusted_app:s0:c207,c257,c512,c768 tcontext=u:object_r:sysfs_zram:s0 tclass=dir permissive=0 app=com.zenithblue.sambas3
09-25 18:59:38.339   579   579 I auditd  : type=1400 audit(0.0:6995632): avc:  denied  { search } for  comm="DefaultDispatch" name="zram0" dev="sysfs" ino=107524 scontext=u:r:untrusted_app:s0:c207,c257,c512,c768 tcontext=u:object_r:sysfs_zram:s0 tclass=dir permissive=0 app=com.zenithblue.sambas3
09-25 18:59:38.423  2866  3904 I thermal_changed: [CPU5,0,95.000000,3,3]
09-25 18:59:46.955   579   579 I auditd  : type=1400 audit(0.0:6995633): avc:  denied  { search } for  comm="DefaultDispatch" name="zram0" dev="sysfs" ino=107524 scontext=u:r:untrusted_app:s0:c207,c257,c512,c768 tcontext=u:object_r:sysfs_zram:s0 tclass=dir permissive=0 app=com.zenithblue.sambas3
09-25 18:59:46.955   579   579 I auditd  : type=1400 audit(0.0:6995634): avc:  denied  { search } for  comm="DefaultDispatch" name="zram0" dev="sysfs" ino=107524 scontext=u:r:untrusted_app:s0:c207,c257,c512,c768 tcontext=u:object_r:sysfs_zram:s0 tclass=dir permissive=0 app=com.zenithblue.sambas3
09-25 18:59:51.859  2866  4363 I thermal_changed: [CPU3,0,89.900002,0,3]
09-25 18:59:52.007  1558  1558 I auditd  : type=1400 audit(0.0:6995635): avc:  denied  { search } for  comm="android.hardwar" name="uhid" dev="sysfs" ino=65226 scontext=u:r:hal_health_default:s0 tcontext=u:object_r:sysfs_uhid:s0 tclass=dir permissive=0
09-25 18:59:52.007  1558  1558 I auditd  : type=1400 audit(0.0:6995636): avc:  denied  { search } for  comm="android.hardwar" name="uhid" dev="sysfs" ino=65226 scontext=u:r:hal_health_default:s0 tcontext=u:object_r:sysfs_uhid:s0 tclass=dir permissive=0
09-25 18:59:52.019  1558  1558 I auditd  : type=1400 audit(0.0:6995637): avc:  denied  { search } for  comm="android.hardwar" name="uhid" dev="sysfs" ino=65226 scontext=u:r:hal_health_default:s0 tcontext=u:object_r:sysfs_uhid:s0 tclass=dir permissive=0
09-25 18:59:52.019  1558  1558 I auditd  : type=1400 audit(0.0:6995638): avc:  denied  { search } for  comm="android.hardwar" name="uhid" dev="sysfs" ino=65226 scontext=u:r:hal_health_default:s0 tcontext=u:object_r:sysfs_uhid:s0 tclass=dir permissive=0
09-25 18:59:55.559   579   579 I auditd  : type=1400 audit(0.0:6995639): avc:  denied  { search } for  comm="DefaultDispatch" name="zram0" dev="sysfs" ino=107524 scontext=u:r:untrusted_app:s0:c207,c257,c512,c768 tcontext=u:object_r:sysfs_zram:s0 tclass=dir permissive=0 app=com.zenithblue.sambas3
09-25 18:59:55.559   579   579 I auditd  : type=1400 audit(0.0:6995640): avc:  denied  { search } for  comm="DefaultDispatch" name="zram0" dev="sysfs" ino=107524 scontext=u:r:untrusted_app:s0:c207,c257,c512,c768 tcontext=u:object_r:sysfs_zram:s0 tclass=dir permissive=0 app=com.zenithblue.sambas3
09-25 19:00:00.005  2866  3614 I am_unfreeze: [682,com.android.settings,3]
09-25 19:00:00.095  1213  1213 I auditd  : type=1400 audit(0.0:6995641): avc:  denied  { read } for  comm="binder:1213_F" name="name" dev="sysfs" ino=17039586 scontext=u:r:system_suspend:s0 tcontext=u:object_r:sysfs_uhid:s0 tclass=file permissive=0
09-25 19:00:00.095  1213  1213 I auditd  : type=1400 audit(0.0:6995642): avc:  denied  { read } for  comm="binder:1213_F" name="active_count" dev="sysfs" ino=17039587 scontext=u:r:system_suspend:s0 tcontext=u:object_r:sysfs_uhid:s0 tclass=file permissive=0
09-25 19:00:00.095  1213  1213 I auditd  : type=1400 audit(0.0:6995643): avc:  denied  { read } for  comm="binder:1213_F" name="last_change_ms" dev="sysfs" ino=17039594 scontext=u:r:system_suspend:s0 tcontext=u:object_r:sysfs_uhid:s0 tclass=file permissive=0
09-25 19:00:00.095  1213  1213 I auditd  : type=1400 audit(0.0:6995644): avc:  denied  { read } for  comm="binder:1213_F" name="max_time_ms" dev="sysfs" ino=17039593 scontext=u:r:system_suspend:s0 tcontext=u:object_r:sysfs_uhid:s0 tclass=file permissive=0
09-25 19:00:00.099  1213  1213 I auditd  : type=1400 audit(0.0:6995645): avc:  denied  { read } for  comm="binder:1213_F" name="total_time_ms" dev="sysfs" ino=17039592 scontext=u:r:system_suspend:s0 tcontext=u:object_r:sysfs_uhid:s0 tclass=file permissive=0
09-25 19:00:04.131   579   579 I auditd  : type=1400 audit(0.0:6995651): avc:  denied  { search } for  comm="DefaultDispatch" name="zram0" dev="sysfs" ino=107524 scontext=u:r:untrusted_app:s0:c207,c257,c512,c768 tcontext=u:object_r:sysfs_zram:s0 tclass=dir permissive=0 app=com.zenithblue.sambas3
09-25 19:00:04.131   579   579 I auditd  : type=1400 audit(0.0:6995652): avc:  denied  { search } for  comm="DefaultDispatch" name="zram0" dev="sysfs" ino=107524 scontext=u:r:untrusted_app:s0:c207,c257,c512,c768 tcontext=u:object_r:sysfs_zram:s0 tclass=dir permissive=0 app=com.zenithblue.sambas3
09-25 19:00:09.823  1558  1558 I auditd  : type=1400 audit(0.0:6995653): avc:  denied  { search } for  comm="android.hardwar" name="uhid" dev="sysfs" ino=65226 scontext=u:r:hal_health_default:s0 tcontext=u:object_r:sysfs_uhid:s0 tclass=dir permissive=0
09-25 19:00:09.823  1558  1558 I auditd  : type=1400 audit(0.0:6995654): avc:  denied  { search } for  comm="android.hardwar" name="uhid" dev="sysfs" ino=65226 scontext=u:r:hal_health_default:s0 tcontext=u:object_r:sysfs_uhid:s0 tclass=dir permissive=0
09-25 19:00:09.830  2866  7137 I battery_level: [76,4059,391]
09-25 19:00:09.827  1558  1558 I auditd  : type=1400 audit(0.0:6995655): avc:  denied  { search } for  comm="android.hardwar" name="uhid" dev="sysfs" ino=65226 scontext=u:r:hal_health_default:s0 tcontext=u:object_r:sysfs_uhid:s0 tclass=dir permissive=0
09-25 19:00:09.827  1558  1558 I auditd  : type=1400 audit(0.0:6995656): avc:  denied  { search } for  comm="android.hardwar" name="uhid" dev="sysfs" ino=65226 scontext=u:r:hal_health_default:s0 tcontext=u:object_r:sysfs_uhid:s0 tclass=dir permissive=0
09-25 19:00:12.711   579   579 I auditd  : type=1400 audit(0.0:6995657): avc:  denied  { search } for  comm="DefaultDispatch" name="zram0" dev="sysfs" ino=107524 scontext=u:r:untrusted_app:s0:c207,c257,c512,c768 tcontext=u:object_r:sysfs_zram:s0 tclass=dir permissive=0 app=com.zenithblue.sambas3
09-25 19:00:12.711   579   579 I auditd  : type=1400 audit(0.0:6995658): avc:  denied  { search } for  comm="DefaultDispatch" name="zram0" dev="sysfs" ino=107524 scontext=u:r:untrusted_app:s0:c207,c257,c512,c768 tcontext=u:object_r:sysfs_zram:s0 tclass=dir permissive=0 app=com.zenithblue.sambas3
09-25 19:00:13.851  2866  7137 I thermal_changed: [CPU5,0,89.900002,0,3]
09-25 19:00:20.059  2866  3614 I am_freeze: [682,com.android.settings]
09-25 19:00:20.155  2866  3614 I am_compact: [682,com.android.settings,ANON,91616,70572,19224,49228,-12312,-164,-12148,12068,95,FULL,723741281,905,10,810160,-272]
09-25 19:00:21.311   579   579 I auditd  : type=1400 audit(0.0:6995659): avc:  denied  { search } for  comm="DefaultDispatch" name="zram0" dev="sysfs" ino=107524 scontext=u:r:untrusted_app:s0:c207,c257,c512,c768 tcontext=u:object_r:sysfs_zram:s0 tclass=dir permissive=0 app=com.zenithblue.sambas3
09-25 19:00:21.311   579   579 I auditd  : type=1400 audit(0.0:6995660): avc:  denied  { search } for  comm="DefaultDispatch" name="zram0" dev="sysfs" ino=107524 scontext=u:r:untrusted_app:s0:c207,c257,c512,c768 tcontext=u:object_r:sysfs_zram:s0 tclass=dir permissive=0 app=com.zenithblue.sambas3
09-25 19:00:25.183  1558  1558 I auditd  : type=1400 audit(0.0:6995661): avc:  denied  { search } for  comm="android.hardwar" name="uhid" dev="sysfs" ino=65226 scontext=u:r:hal_health_default:s0 tcontext=u:object_r:sysfs_uhid:s0 tclass=dir permissive=0
09-25 19:00:25.183  1558  1558 I auditd  : type=1400 audit(0.0:6995662): avc:  denied  { search } for  comm="android.hardwar" name="uhid" dev="sysfs" ino=65226 scontext=u:r:hal_health_default:s0 tcontext=u:object_r:sysfs_uhid:s0 tclass=dir permissive=0
09-25 19:00:25.191  1558  1558 I auditd  : type=1400 audit(0.0:6995663): avc:  denied  { search } for  comm="android.hardwar" name="uhid" dev="sysfs" ino=65226 scontext=u:r:hal_health_default:s0 tcontext=u:object_r:sysfs_uhid:s0 tclass=dir permissive=0
09-25 19:00:25.191  1558  1558 I auditd  : type=1400 audit(0.0:6995664): avc:  denied  { search } for  comm="android.hardwar" name="uhid" dev="sysfs" ino=65226 scontext=u:r:hal_health_default:s0 tcontext=u:object_r:sysfs_uhid:s0 tclass=dir permissive=0
09-25 19:00:29.891   579   579 I auditd  : type=1400 audit(0.0:6995665): avc:  denied  { search } for  comm="DefaultDispatch" name="zram0" dev="sysfs" ino=107524 scontext=u:r:untrusted_app:s0:c207,c257,c512,c768 tcontext=u:object_r:sysfs_zram:s0 tclass=dir permissive=0 app=com.zenithblue.sambas3
09-25 19:00:29.891   579   579 I auditd  : type=1400 audit(0.0:6995666): avc:  denied  { search } for  comm="DefaultDispatch" name="zram0" dev="sysfs" ino=107524 scontext=u:r:untrusted_app:s0:c207,c257,c512,c768 tcontext=u:object_r:sysfs_zram:s0 tclass=dir permissive=0 app=com.zenithblue.sambas3
09-25 19:00:38.783   579   579 I auditd  : type=1400 audit(0.0:6995667): avc:  denied  { search } for  comm="DefaultDispatch" name="zram0" dev="sysfs" ino=107524 scontext=u:r:untrusted_app:s0:c207,c257,c512,c768 tcontext=u:object_r:sysfs_zram:s0 tclass=dir permissive=0 app=com.zenithblue.sambas3
09-25 19:00:38.783   579   579 I auditd  : type=1400 audit(0.0:6995668): avc:  denied  { search } for  comm="DefaultDispatch" name="zram0" dev="sysfs" ino=107524 scontext=u:r:untrusted_app:s0:c207,c257,c512,c768 tcontext=u:object_r:sysfs_zram:s0 tclass=dir permissive=0 app=com.zenithblue.sambas3
09-25 19:00:40.122  2866  7137 I thermal_changed: [CPU5,0,95.000000,3,3]
09-25 19:00:47.415   579   579 I auditd  : type=1400 audit(0.0:6995669): avc:  denied  { search } for  comm="DefaultDispatch" name="zram0" dev="sysfs" ino=107524 scontext=u:r:untrusted_app:s0:c207,c257,c512,c768 tcontext=u:object_r:sysfs_zram:s0 tclass=dir permissive=0 app=com.zenithblue.sambas3
09-25 19:00:47.415   579   579 I auditd  : type=1400 audit(0.0:6995670): avc:  denied  { search } for  comm="DefaultDispatch" name="zram0" dev="sysfs" ino=107524 scontext=u:r:untrusted_app:s0:c207,c257,c512,c768 tcontext=u:object_r:sysfs_zram:s0 tclass=dir permissive=0 app=com.zenithblue.sambas3
09-25 19:00:52.003  1558  1558 I auditd  : type=1400 audit(0.0:6995671): avc:  denied  { search } for  comm="android.hardwar" name="uhid" dev="sysfs" ino=65226 scontext=u:r:hal_health_default:s0 tcontext=u:object_r:sysfs_uhid:s0 tclass=dir permissive=0
09-25 19:00:52.003  1558  1558 I auditd  : type=1400 audit(0.0:6995672): avc:  denied  { search } for  comm="android.hardwar" name="uhid" dev="sysfs" ino=65226 scontext=u:r:hal_health_default:s0 tcontext=u:object_r:sysfs_uhid:s0 tclass=dir permissive=0
09-25 19:00:52.019  1558  1558 I auditd  : type=1400 audit(0.0:6995673): avc:  denied  { search } for  comm="android.hardwar" name="uhid" dev="sysfs" ino=65226 scontext=u:r:hal_health_default:s0 tcontext=u:object_r:sysfs_uhid:s0 tclass=dir permissive=0
09-25 19:00:52.019  1558  1558 I auditd  : type=1400 audit(0.0:6995674): avc:  denied  { search } for  comm="android.hardwar" name="uhid" dev="sysfs" ino=65226 scontext=u:r:hal_health_default:s0 tcontext=u:object_r:sysfs_uhid:s0 tclass=dir permissive=0
09-25 19:00:54.049  2866  3612 I commit_sys_config_file: [settings-0-0,8]
09-25 19:00:56.003   579   579 I auditd  : type=1400 audit(0.0:6995675): avc:  denied  { search } for  comm="DefaultDispatch" name="zram0" dev="sysfs" ino=107524 scontext=u:r:untrusted_app:s0:c207,c257,c512,c768 tcontext=u:object_r:sysfs_zram:s0 tclass=dir permissive=0 app=com.zenithblue.sambas3
09-25 19:00:56.003   579   579 I auditd  : type=1400 audit(0.0:6995676): avc:  denied  { search } for  comm="DefaultDispatch" name="zram0" dev="sysfs" ino=107524 scontext=u:r:untrusted_app:s0:c207,c257,c512,c768 tcontext=u:object_r:sysfs_zram:s0 tclass=dir permissive=0 app=com.zenithblue.sambas3
09-25 19:01:04.587   579   579 I auditd  : type=1400 audit(0.0:6995677): avc:  denied  { search } for  comm="DefaultDispatch" name="zram0" dev="sysfs" ino=107524 scontext=u:r:untrusted_app:s0:c207,c257,c512,c768 tcontext=u:object_r:sysfs_zram:s0 tclass=dir permissive=0 app=com.zenithblue.sambas3
09-25 19:01:04.587   579   579 I auditd  : type=1400 audit(0.0:6995678): avc:  denied  { search } for  comm="DefaultDispatch" name="zram0" dev="sysfs" ino=107524 scontext=u:r:untrusted_app:s0:c207,c257,c512,c768 tcontext=u:object_r:sysfs_zram:s0 tclass=dir permissive=0 app=com.zenithblue.sambas3
09-25 19:01:04.750  2866  3614 I am_unfreeze: [7431,com.google.android.googlequicksearchbox:search,6]
09-25 19:01:13.183   579   579 I auditd  : type=1400 audit(0.0:6995679): avc:  denied  { search } for  comm="DefaultDispatch" name="zram0" dev="sysfs" ino=107524 scontext=u:r:untrusted_app:s0:c207,c257,c512,c768 tcontext=u:object_r:sysfs_zram:s0 tclass=dir permissive=0 app=com.zenithblue.sambas3
09-25 19:01:13.183   579   579 I auditd  : type=1400 audit(0.0:6995680): avc:  denied  { search } for  comm="DefaultDispatch" name="zram0" dev="sysfs" ino=107524 scontext=u:r:untrusted_app:s0:c207,c257,c512,c768 tcontext=u:object_r:sysfs_zram:s0 tclass=dir permissive=0 app=com.zenithblue.sambas3
09-25 19:01:14.716  2866  3814 I thermal_changed: [CPU5,0,89.900002,0,3]
09-25 19:01:21.775   579   579 I auditd  : type=1400 audit(0.0:6995681): avc:  denied  { search } for  comm="DefaultDispatch" name="zram0" dev="sysfs" ino=107524 scontext=u:r:untrusted_app:s0:c207,c257,c512,c768 tcontext=u:object_r:sysfs_zram:s0 tclass=dir permissive=0 app=com.zenithblue.sambas3
09-25 19:01:21.775   579   579 I auditd  : type=1400 audit(0.0:6995682): avc:  denied  { search } for  comm="DefaultDispatch" name="zram0" dev="sysfs" ino=107524 scontext=u:r:untrusted_app:s0:c207,c257,c512,c768 tcontext=u:object_r:sysfs_zram:s0 tclass=dir permissive=0 app=com.zenithblue.sambas3
09-25 19:01:26.623  1558  1558 I auditd  : type=1400 audit(0.0:6995683): avc:  denied  { search } for  comm="android.hardwar" name="uhid" dev="sysfs" ino=65226 scontext=u:r:hal_health_default:s0 tcontext=u:object_r:sysfs_uhid:s0 tclass=dir permissive=0
09-25 19:01:26.623  1558  1558 I auditd  : type=1400 audit(0.0:6995684): avc:  denied  { search } for  comm="android.hardwar" name="uhid" dev="sysfs" ino=65226 scontext=u:r:hal_health_default:s0 tcontext=u:object_r:sysfs_uhid:s0 tclass=dir permissive=0
09-25 19:01:26.631  1558  1558 I auditd  : type=1400 audit(0.0:6995685): avc:  denied  { search } for  comm="android.hardwar" name="uhid" dev="sysfs" ino=65226 scontext=u:r:hal_health_default:s0 tcontext=u:object_r:sysfs_uhid:s0 tclass=dir permissive=0
09-25 19:01:26.631  1558  1558 I auditd  : type=1400 audit(0.0:6995686): avc:  denied  { search } for  comm="android.hardwar" name="uhid" dev="sysfs" ino=65226 scontext=u:r:hal_health_default:s0 tcontext=u:object_r:sysfs_uhid:s0 tclass=dir permissive=0
09-25 19:01:30.351   579   579 I auditd  : type=1400 audit(0.0:6995687): avc:  denied  { search } for  comm="DefaultDispatch" name="zram0" dev="sysfs" ino=107524 scontext=u:r:untrusted_app:s0:c207,c257,c512,c768 tcontext=u:object_r:sysfs_zram:s0 tclass=dir permissive=0 app=com.zenithblue.sambas3
09-25 19:01:30.355   579   579 I auditd  : type=1400 audit(0.0:6995688): avc:  denied  { search } for  comm="DefaultDispatch" name="zram0" dev="sysfs" ino=107524 scontext=u:r:untrusted_app:s0:c207,c257,c512,c768 tcontext=u:object_r:sysfs_zram:s0 tclass=dir permissive=0 app=com.zenithblue.sambas3
09-25 19:01:34.796  2866  3814 I thermal_changed: [CPU5,0,95.000000,3,3]
09-25 19:01:38.947   579   579 I auditd  : type=1400 audit(0.0:6995689): avc:  denied  { search } for  comm="DefaultDispatch" name="zram0" dev="sysfs" ino=107524 scontext=u:r:untrusted_app:s0:c207,c257,c512,c768 tcontext=u:object_r:sysfs_zram:s0 tclass=dir permissive=0 app=com.zenithblue.sambas3
09-25 19:01:38.947   579   579 I auditd  : type=1400 audit(0.0:6995690): avc:  denied  { search } for  comm="DefaultDispatch" name="zram0" dev="sysfs" ino=107524 scontext=u:r:untrusted_app:s0:c207,c257,c512,c768 tcontext=u:object_r:sysfs_zram:s0 tclass=dir permissive=0 app=com.zenithblue.sambas3
09-25 19:01:44.714  2866  3814 I thermal_changed: [CPU5,0,89.900002,0,3]
09-25 19:01:47.527   579   579 I auditd  : type=1400 audit(0.0:6995691): avc:  denied  { search } for  comm="DefaultDispatch" name="zram0" dev="sysfs" ino=107524 scontext=u:r:untrusted_app:s0:c207,c257,c512,c768 tcontext=u:object_r:sysfs_zram:s0 tclass=dir permissive=0 app=com.zenithblue.sambas3
09-25 19:01:47.527   579   579 I auditd  : type=1400 audit(0.0:6995692): avc:  denied  { search } for  comm="DefaultDispatch" name="zram0" dev="sysfs" ino=107524 scontext=u:r:untrusted_app:s0:c207,c257,c512,c768 tcontext=u:object_r:sysfs_zram:s0 tclass=dir permissive=0 app=com.zenithblue.sambas3
09-25 19:01:50.688  2866  3814 I thermal_changed: [CPU5,0,95.000000,3,3]
09-25 19:01:51.063  2866  2902 I thermal_changed: [CPU5,0,89.900002,0,3]
09-25 19:01:51.092  2866  2902 I thermal_changed: [CPU5,0,95.000000,3,3]
09-25 19:01:51.760  2866  2902 I thermal_changed: [CPU5,0,89.900002,0,3]
09-25 19:01:51.814  2866  2902 I thermal_changed: [CPU5,0,95.000000,3,3]
09-25 19:01:52.007  1558  1558 I auditd  : type=1400 audit(0.0:6995693): avc:  denied  { search } for  comm="android.hardwar" name="uhid" dev="sysfs" ino=65226 scontext=u:r:hal_health_default:s0 tcontext=u:object_r:sysfs_uhid:s0 tclass=dir permissive=0
09-25 19:01:52.007  1558  1558 I auditd  : type=1400 audit(0.0:6995694): avc:  denied  { search } for  comm="android.hardwar" name="uhid" dev="sysfs" ino=65226 scontext=u:r:hal_health_default:s0 tcontext=u:object_r:sysfs_uhid:s0 tclass=dir permissive=0
09-25 19:01:52.019  1558  1558 I auditd  : type=1400 audit(0.0:6995695): avc:  denied  { search } for  comm="android.hardwar" name="uhid" dev="sysfs" ino=65226 scontext=u:r:hal_health_default:s0 tcontext=u:object_r:sysfs_uhid:s0 tclass=dir permissive=0
09-25 19:01:52.019  1558  1558 I auditd  : type=1400 audit(0.0:6995696): avc:  denied  { search } for  comm="android.hardwar" name="uhid" dev="sysfs" ino=65226 scontext=u:r:hal_health_default:s0 tcontext=u:object_r:sysfs_uhid:s0 tclass=dir permissive=0
09-25 19:01:56.103   579   579 I auditd  : type=1400 audit(0.0:6995697): avc:  denied  { search } for  comm="DefaultDispatch" name="zram0" dev="sysfs" ino=107524 scontext=u:r:untrusted_app:s0:c207,c257,c512,c768 tcontext=u:object_r:sysfs_zram:s0 tclass=dir permissive=0 app=com.zenithblue.sambas3
09-25 19:01:56.107   579   579 I auditd  : type=1400 audit(0.0:6995698): avc:  denied  { search } for  comm="DefaultDispatch" name="zram0" dev="sysfs" ino=107524 scontext=u:r:untrusted_app:s0:c207,c257,c512,c768 tcontext=u:object_r:sysfs_zram:s0 tclass=dir permissive=0 app=com.zenithblue.sambas3
09-25 19:02:04.679   579   579 I auditd  : type=1400 audit(0.0:6995699): avc:  denied  { search } for  comm="DefaultDispatch" name="zram0" dev="sysfs" ino=107524 scontext=u:r:untrusted_app:s0:c207,c257,c512,c768 tcontext=u:object_r:sysfs_zram:s0 tclass=dir permissive=0 app=com.zenithblue.sambas3
09-25 19:02:04.683   579   579 I auditd  : type=1400 audit(0.0:6995700): avc:  denied  { search } for  comm="DefaultDispatch" name="zram0" dev="sysfs" ino=107524 scontext=u:r:untrusted_app:s0:c207,c257,c512,c768 tcontext=u:object_r:sysfs_zram:s0 tclass=dir permissive=0 app=com.zenithblue.sambas3
09-25 19:02:13.255   579   579 I auditd  : type=1400 audit(0.0:6995701): avc:  denied  { search } for  comm="DefaultDispatch" name="zram0" dev="sysfs" ino=107524 scontext=u:r:untrusted_app:s0:c207,c257,c512,c768 tcontext=u:object_r:sysfs_zram:s0 tclass=dir permissive=0 app=com.zenithblue.sambas3
09-25 19:02:13.255   579   579 I auditd  : type=1400 audit(0.0:6995702): avc:  denied  { search } for  comm="DefaultDispatch" name="zram0" dev="sysfs" ino=107524 scontext=u:r:untrusted_app:s0:c207,c257,c512,c768 tcontext=u:object_r:sysfs_zram:s0 tclass=dir permissive=0 app=com.zenithblue.sambas3
09-25 19:02:20.170  2866  2917 I commit_sys_config_file: [procstats,20]
09-25 19:02:21.851   579   579 I auditd  : type=1400 audit(0.0:6995703): avc:  denied  { search } for  comm="DefaultDispatch" name="zram0" dev="sysfs" ino=107524 scontext=u:r:untrusted_app:s0:c207,c257,c512,c768 tcontext=u:object_r:sysfs_zram:s0 tclass=dir permissive=0 app=com.zenithblue.sambas3
09-25 19:02:21.851   579   579 I auditd  : type=1400 audit(0.0:6995704): avc:  denied  { search } for  comm="DefaultDispatch" name="zram0" dev="sysfs" ino=107524 scontext=u:r:untrusted_app:s0:c207,c257,c512,c768 tcontext=u:object_r:sysfs_zram:s0 tclass=dir permissive=0 app=com.zenithblue.sambas3
09-25 19:02:28.067  1558  1558 I auditd  : type=1400 audit(0.0:6995705): avc:  denied  { search } for  comm="android.hardwar" name="uhid" dev="sysfs" ino=65226 scontext=u:r:hal_health_default:s0 tcontext=u:object_r:sysfs_uhid:s0 tclass=dir permissive=0
09-25 19:02:28.067  1558  1558 I auditd  : type=1400 audit(0.0:6995706): avc:  denied  { search } for  comm="android.hardwar" name="uhid" dev="sysfs" ino=65226 scontext=u:r:hal_health_default:s0 tcontext=u:object_r:sysfs_uhid:s0 tclass=dir permissive=0
09-25 19:02:28.071  1558  1558 I auditd  : type=1400 audit(0.0:6995707): avc:  denied  { search } for  comm="android.hardwar" name="uhid" dev="sysfs" ino=65226 scontext=u:r:hal_health_default:s0 tcontext=u:object_r:sysfs_uhid:s0 tclass=dir permissive=0
09-25 19:02:28.071  1558  1558 I auditd  : type=1400 audit(0.0:6995708): avc:  denied  { search } for  comm="android.hardwar" name="uhid" dev="sysfs" ino=65226 scontext=u:r:hal_health_default:s0 tcontext=u:object_r:sysfs_uhid:s0 tclass=dir permissive=0
09-25 19:02:30.427   579   579 I auditd  : type=1400 audit(0.0:6995709): avc:  denied  { search } for  comm="DefaultDispatch" name="zram0" dev="sysfs" ino=107524 scontext=u:r:untrusted_app:s0:c207,c257,c512,c768 tcontext=u:object_r:sysfs_zram:s0 tclass=dir permissive=0 app=com.zenithblue.sambas3
09-25 19:02:30.427   579   579 I auditd  : type=1400 audit(0.0:6995710): avc:  denied  { search } for  comm="DefaultDispatch" name="zram0" dev="sysfs" ino=107524 scontext=u:r:untrusted_app:s0:c207,c257,c512,c768 tcontext=u:object_r:sysfs_zram:s0 tclass=dir permissive=0 app=com.zenithblue.sambas3
09-25 19:02:38.303  1558  1558 I auditd  : type=1400 audit(0.0:6995711): avc:  denied  { search } for  comm="android.hardwar" name="uhid" dev="sysfs" ino=65226 scontext=u:r:hal_health_default:s0 tcontext=u:object_r:sysfs_uhid:s0 tclass=dir permissive=0
09-25 19:02:38.303  1558  1558 I auditd  : type=1400 audit(0.0:6995712): avc:  denied  { search } for  comm="android.hardwar" name="uhid" dev="sysfs" ino=65226 scontext=u:r:hal_health_default:s0 tcontext=u:object_r:sysfs_uhid:s0 tclass=dir permissive=0
09-25 19:02:38.312  2866  2902 I battery_level: [75,4056,408]
09-25 19:02:38.315  1558  1558 I auditd  : type=1400 audit(0.0:6995713): avc:  denied  { search } for  comm="android.hardwar" name="uhid" dev="sysfs" ino=65226 scontext=u:r:hal_health_default:s0 tcontext=u:object_r:sysfs_uhid:s0 tclass=dir permissive=0
09-25 19:02:38.315  1558  1558 I auditd  : type=1400 audit(0.0:6995714): avc:  denied  { search } for  comm="android.hardwar" name="uhid" dev="sysfs" ino=65226 scontext=u:r:hal_health_default:s0 tcontext=u:object_r:sysfs_uhid:s0 tclass=dir permissive=0
09-25 19:02:38.324  2866  3614 I am_unfreeze: [682,com.android.settings,3]
09-25 19:02:39.019   579   579 I auditd  : type=1400 audit(0.0:6995715): avc:  denied  { search } for  comm="DefaultDispatch" name="zram0" dev="sysfs" ino=107524 scontext=u:r:untrusted_app:s0:c207,c257,c512,c768 tcontext=u:object_r:sysfs_zram:s0 tclass=dir permissive=0 app=com.zenithblue.sambas3
09-25 19:02:47.591   579   579 I auditd  : type=1400 audit(0.0:6995717): avc:  denied  { search } for  comm="DefaultDispatch" name="zram0" dev="sysfs" ino=107524 scontext=u:r:untrusted_app:s0:c207,c257,c512,c768 tcontext=u:object_r:sysfs_zram:s0 tclass=dir permissive=0 app=com.zenithblue.sambas3
09-25 19:02:47.591   579   579 I auditd  : type=1400 audit(0.0:6995718): avc:  denied  { search } for  comm="DefaultDispatch" name="zram0" dev="sysfs" ino=107524 scontext=u:r:untrusted_app:s0:c207,c257,c512,c768 tcontext=u:object_r:sysfs_zram:s0 tclass=dir permissive=0 app=com.zenithblue.sambas3
09-25 19:02:48.350  2866  3614 I am_freeze: [682,com.android.settings]
09-25 19:02:52.007  1558  1558 I auditd  : type=1400 audit(0.0:6995719): avc:  denied  { search } for  comm="android.hardwar" name="uhid" dev="sysfs" ino=65226 scontext=u:r:hal_health_default:s0 tcontext=u:object_r:sysfs_uhid:s0 tclass=dir permissive=0
09-25 19:02:52.007  1558  1558 I auditd  : type=1400 audit(0.0:6995720): avc:  denied  { search } for  comm="android.hardwar" name="uhid" dev="sysfs" ino=65226 scontext=u:r:hal_health_default:s0 tcontext=u:object_r:sysfs_uhid:s0 tclass=dir permissive=0
09-25 19:02:52.011  1558  1558 I auditd  : type=1400 audit(0.0:6995721): avc:  denied  { search } for  comm="android.hardwar" name="uhid" dev="sysfs" ino=65226 scontext=u:r:hal_health_default:s0 tcontext=u:object_r:sysfs_uhid:s0 tclass=dir permissive=0
09-25 19:02:52.011  1558  1558 I auditd  : type=1400 audit(0.0:6995722): avc:  denied  { search } for  comm="android.hardwar" name="uhid" dev="sysfs" ino=65226 scontext=u:r:hal_health_default:s0 tcontext=u:object_r:sysfs_uhid:s0 tclass=dir permissive=0
09-25 19:02:52.507 19842 19842 I auditd  : type=1400 audit(0.0:6995723): avc:  denied  { kernel } for  comm="simpleperf" scontext=u:r:shell:s0 tcontext=u:r:shell:s0 tclass=perf_event permissive=0
09-25 19:02:52.507 19842 19842 I auditd  : type=1400 audit(0.0:6995724): avc:  denied  { kernel } for  comm="simpleperf" scontext=u:r:shell:s0 tcontext=u:r:shell:s0 tclass=perf_event permissive=0
09-25 19:02:52.507 19842 19842 I auditd  : type=1400 audit(0.0:6995725): avc:  denied  { kernel } for  comm="simpleperf" scontext=u:r:shell:s0 tcontext=u:r:shell:s0 tclass=perf_event permissive=0
09-25 19:02:52.507 19842 19842 I auditd  : type=1400 audit(0.0:6995726): avc:  denied  { kernel } for  comm="simpleperf" scontext=u:r:shell:s0 tcontext=u:r:shell:s0 tclass=perf_event permissive=0
09-25 19:02:54.060  2866  3612 I commit_sys_config_file: [settings-0-0,7]
09-25 19:02:56.187   579   579 I auditd  : type=1400 audit(0.0:6995732): avc:  denied  { search } for  comm="DefaultDispatch" name="zram0" dev="sysfs" ino=107524 scontext=u:r:untrusted_app:s0:c207,c257,c512,c768 tcontext=u:object_r:sysfs_zram:s0 tclass=dir permissive=0 app=com.zenithblue.sambas3
09-25 19:02:56.187   579   579 I auditd  : type=1400 audit(0.0:6995733): avc:  denied  { search } for  comm="DefaultDispatch" name="zram0" dev="sysfs" ino=107524 scontext=u:r:untrusted_app:s0:c207,c257,c512,c768 tcontext=u:object_r:sysfs_zram:s0 tclass=dir permissive=0 app=com.zenithblue.sambas3
09-25 19:03:03.583  2866  3614 I am_unfreeze: [7724,com.android.rkpdapp,19]
09-25 19:03:03.616  2866  3614 I am_unfreeze: [8271,com.google.android.apps.wellbeing,19]
09-25 19:03:03.623  2866  3614 I am_unfreeze: [10625,com.google.android.apps.bard,19]
09-25 19:03:03.625  2866  3614 I am_unfreeze: [6575,android.process.media,19]
09-25 19:03:03.625  2866  3614 I am_unfreeze: [14270,com.google.android.euicc,19]
09-25 19:03:03.626  2866  3614 I am_unfreeze: [7558,org.lineageos.etar,19]
09-25 19:03:03.627  2866  3614 I am_unfreeze: [7616,com.android.permissioncontroller,19]
09-25 19:03:03.630  2866  3614 I am_unfreeze: [8757,com.google.android.gm,19]
09-25 19:03:03.632  2866  3614 I am_unfreeze: [9294,com.google.android.apps.turbo:aab,19]
09-25 19:03:03.634  2866  3614 I am_unfreeze: [14746,com.google.android.apps.turbo:ssb,19]
09-25 19:03:03.640  2866  3614 I am_unfreeze: [11523,android.process.acore,19]
09-25 19:03:03.641  2866  3614 I am_unfreeze: [9880,com.android.providers.calendar,19]
09-25 19:03:03.641  2866  3614 I am_unfreeze: [724,com.android.vending:background,19]
09-25 19:03:03.641  2866  3614 I am_unfreeze: [7013,com.google.android.gms.unstable,19]
09-25 19:03:03.641  2866  3614 I am_unfreeze: [15422,com.google.android.projection.gearhead:car,19]
09-25 19:03:03.641  2866  3614 I am_unfreeze: [15499,com.google.android.apps.nbu.files,19]
09-25 19:03:03.641  2866  3614 I am_unfreeze: [8118,com.phonepe.app,19]
09-25 19:03:03.641  2866  3614 I am_unfreeze: [15500,com.google.android.apps.maps,19]
09-25 19:03:03.641  2866  3614 I am_unfreeze: [15392,com.google.android.projection.gearhead:shared,19]
09-25 19:03:03.641  2866  3614 I am_unfreeze: [482,com.android.vending,19]
09-25 19:03:03.641  2866  3614 I am_unfreeze: [8114,ch.protonvpn.android,19]
09-25 19:03:03.641  2866  3614 I am_unfreeze: [8115,com.google.android.apps.youtube.creator,19]
09-25 19:03:03.641  2866  3614 I am_unfreeze: [8973,com.android.chrome,19]
09-25 19:03:03.641  2866  3614 I am_unfreeze: [6696,com.jio.myjio,19]
09-25 19:03:03.641  2866  3614 I am_unfreeze: [682,com.android.settings,19]
09-25 19:03:03.641  2866  3614 I am_unfreeze: [857,com.whatsapp,19]
09-25 19:03:03.641  2866  3614 I am_unfreeze: [6466,org.mozilla.fenix:crashhelper_disable_art_image_,19]
09-25 19:03:03.641  2866  3614 I am_unfreeze: [3754,org.mozilla.fenix,19]
09-25 19:03:04.803   579   579 I auditd  : type=1400 audit(0.0:6995734): avc:  denied  { search } for  comm="DefaultDispatch" name="zram0" dev="sysfs" ino=107524 scontext=u:r:untrusted_app:s0:c207,c257,c512,c768 tcontext=u:object_r:sysfs_zram:s0 tclass=dir permissive=0 app=com.zenithblue.sambas3
09-25 19:03:04.803   579   579 I auditd  : type=1400 audit(0.0:6995735): avc:  denied  { search } for  comm="DefaultDispatch" name="zram0" dev="sysfs" ino=107524 scontext=u:r:untrusted_app:s0:c207,c257,c512,c768 tcontext=u:object_r:sysfs_zram:s0 tclass=dir permissive=0 app=com.zenithblue.sambas3
09-25 19:03:05.745   645   645 I killinfo: [8271,10318,965,701,81664,8,272260,6360476,43280,1160,4139824,4108820,6291452,3567524,1623972,804264,479252,1340536,188324,575604,93056,157732,0,0,204624,804,100,8,0,49776,4088904,17,28,0.720000,0.000000,0.360000,0.000000,10.710000]
09-25 19:03:05.767  2866  6733 I am_proc_died: [0,8271,com.google.android.apps.wellbeing,965,19]
09-25 19:03:05.767   645   645 I killinfo: [7724,10398,965,701,72376,8,268852,6374600,43280,1160,4139824,4108820,6291452,3566512,1624672,792784,479784,1353896,188324,575136,92644,156688,0,0,201748,828,24,9,0,47136,4088904,0,0,0.720000,0.000000,0.360000,0.000000,10.710000]
09-25 19:03:05.769  2866  6733 I am_uid_stopped: 10318
09-25 19:03:05.786  2866  3814 I am_proc_died: [0,7724,com.android.rkpdapp,965,19]
09-25 19:03:05.786  2866  3814 I am_uid_stopped: 10398
09-25 19:03:07.441  2866  2902 I thermal_changed: [skin,3,60.458000,4,3]
09-25 19:03:08.746  2866  3814 I am_mem_factor: [2,0]
09-25 19:03:09.441  2866  3814 I thermal_changed: [CPU5,0,89.599998,0,4]
09-25 19:03:09.468  2866  3814 I thermal_changed: [CPU5,0,95.000000,3,4]
09-25 19:03:10.124  2866  2902 I thermal_changed: [skin,3,61.074001,5,4]
09-25 19:03:13.491   579   579 I auditd  : type=1400 audit(0.0:6995736): avc:  denied  { search } for  comm="DefaultDispatch" name="zram0" dev="sysfs" ino=107524 scontext=u:r:untrusted_app:s0:c207,c257,c512,c768 tcontext=u:object_r:sysfs_zram:s0 tclass=dir permissive=0 app=com.zenithblue.sambas3
09-25 19:03:13.491   579   579 I auditd  : type=1400 audit(0.0:6995737): avc:  denied  { search } for  comm="DefaultDispatch" name="zram0" dev="sysfs" ino=107524 scontext=u:r:untrusted_app:s0:c207,c257,c512,c768 tcontext=u:object_r:sysfs_zram:s0 tclass=dir permissive=0 app=com.zenithblue.sambas3
09-25 19:03:13.662  2866  3614 I am_freeze: [857,com.whatsapp]
09-25 19:03:13.727  2866  3614 I am_compact: [857,com.whatsapp,ANON,123152,108060,12772,126248,-10084,-2684,-7400,7400,65,FULL,723726544,900,16,866348,-1600]
09-25 19:03:13.840  2866  3614 I am_freeze: [10625,com.google.android.apps.bard]
09-25 19:03:13.841  2866  3614 I am_freeze: [6575,android.process.media]
09-25 19:03:13.842  2866  3614 I am_freeze: [14270,com.google.android.euicc]
09-25 19:03:13.843  2866  3614 I am_freeze: [7558,org.lineageos.etar]
09-25 19:03:13.843  2866  3614 I am_freeze: [7616,com.android.permissioncontroller]
09-25 19:03:13.848  2866  3614 I am_freeze: [8757,com.google.android.gm]
09-25 19:03:13.849  2866  3614 I am_freeze: [9294,com.google.android.apps.turbo:aab]
09-25 19:03:13.850  2866  3614 I am_freeze: [14746,com.google.android.apps.turbo:ssb]
09-25 19:03:13.851  2866  3614 I am_freeze: [11523,android.process.acore]
09-25 19:03:13.851  2866  3614 I am_freeze: [9880,com.android.providers.calendar]
09-25 19:03:13.853  2866  3614 I am_freeze: [724,com.android.vending:background]
09-25 19:03:13.854  2866  3614 I am_freeze: [7013,com.google.android.gms.unstable]
09-25 19:03:13.854  2866  3614 I am_freeze: [15422,com.google.android.projection.gearhead:car]
09-25 19:03:13.855  2866  3614 I am_freeze: [15499,com.google.android.apps.nbu.files]
09-25 19:03:13.859  2866  3614 I am_freeze: [8118,com.phonepe.app]
09-25 19:03:13.860  2866  3614 I am_freeze: [15500,com.google.android.apps.maps]
09-25 19:03:13.860  2866  3614 I am_freeze: [15392,com.google.android.projection.gearhead:shared]
09-25 19:03:13.861  2866  3614 I am_freeze: [682,com.android.settings]
09-25 19:03:13.864  2866  3614 I am_freeze: [482,com.android.vending]
09-25 19:03:13.865  2866  3614 I am_freeze: [8114,ch.protonvpn.android]
09-25 19:03:13.867  2866  3614 I am_freeze: [8115,com.google.android.apps.youtube.creator]
09-25 19:03:13.868  2866  3614 I am_freeze: [8973,com.android.chrome]
09-25 19:03:13.871  2866  3614 I am_freeze: [6696,com.jio.myjio]
09-25 19:03:13.872  2866  3614 I am_freeze: [6466,org.mozilla.fenix:crashhelper_disable_art_image_]
09-25 19:03:13.875  2866  3614 I am_freeze: [3754,org.mozilla.fenix]
09-25 19:03:14.068  2866  3614 I am_compact: [8757,com.google.android.gm,ANON,189972,143700,44360,57248,-46560,-15100,-31460,31356,190,FULL,723741262,945,19,867948,-13104]
09-25 19:03:14.123  2866  3614 I am_compact: [7013,com.google.android.gms.unstable,ANON,122352,99320,21172,47104,-7776,0,-7776,7712,54,FULL,723615531,915,19,881052,-2828]
09-25 19:03:14.153  2866  3614 I am_compact: [15422,com.google.android.projection.gearhead:car,ANON,98744,80328,16620,52732,-2760,-204,-2556,2556,30,FULL,723584960,905,19,883880,-912]
09-25 19:03:14.184  2866  3614 I am_compact: [15499,com.google.android.apps.nbu.files,ANON,80520,62208,16556,52384,-3644,-896,-2748,2748,31,FULL,723685455,905,19,884792,-1068]
09-25 19:03:14.361  2866  3614 I am_compact: [8118,com.phonepe.app,ANON,138164,101072,35064,63980,-30296,-892,-29404,29268,177,FULL,723741367,925,19,885860,-11708]
09-25 19:03:14.445  2866  3614 I am_compact: [15500,com.google.android.apps.maps,ANON,142176,114800,25528,62056,-31944,-21576,-10368,10336,83,FULL,723685458,905,19,897568,-4232]
09-25 19:03:14.456  2866  3614 I am_compact: [15392,com.google.android.projection.gearhead:shared,ANON,95612,78028,15756,52624,-1944,-328,-1616,1616,11,FULL,723584881,905,19,901800,-604]
09-25 19:03:14.486  2866  3614 I am_compact: [8114,ch.protonvpn.android,ANON,93752,72044,19804,93876,-6360,-64,-6292,6292,26,FULL,723741393,935,19,902404,-3024]
09-25 19:03:14.501  2866  3614 I am_compact: [8115,com.google.android.apps.youtube.creator,ANON,78728,62720,14268,67964,-3996,-1372,-2624,2624,14,FULL,722551208,925,19,905428,-1076]
09-25 19:03:14.540  2866  3614 I am_compact: [8973,com.android.chrome,ANON,142264,116424,24016,86724,-12328,-816,-11512,11512,39,FULL,723741432,925,19,906504,-4252]
09-25 19:03:14.602  2866  3614 I am_compact: [6696,com.jio.myjio,ANON,134300,106012,26136,59900,-31760,-14596,-17164,17132,60,FULL,723741459,915,19,910756,-6980]
09-25 19:03:14.609  2866  3614 I am_compact: [6466,org.mozilla.fenix:crashhelper_disable_art_image_,ANON,76524,60728,14016,46464,-812,0,-812,812,7,FULL,703879945,930,17,917736,-280]
09-25 19:03:18.843  2866  4363 I am_mem_factor: [0,2]
09-25 19:03:22.379   579   579 I auditd  : type=1400 audit(0.0:6995738): avc:  denied  { search } for  comm="DefaultDispatch" name="zram0" dev="sysfs" ino=107524 scontext=u:r:untrusted_app:s0:c207,c257,c512,c768 tcontext=u:object_r:sysfs_zram:s0 tclass=dir permissive=0 app=com.zenithblue.sambas3
09-25 19:03:22.379   579   579 I auditd  : type=1400 audit(0.0:6995739): avc:  denied  { search } for  comm="DefaultDispatch" name="zram0" dev="sysfs" ino=107524 scontext=u:r:untrusted_app:s0:c207,c257,c512,c768 tcontext=u:object_r:sysfs_zram:s0 tclass=dir permissive=0 app=com.zenithblue.sambas3
09-25 19:03:23.625  2866  3614 I am_unfreeze: [10625,com.google.android.apps.bard,19]
09-25 19:03:23.660  2866  3614 I am_unfreeze: [6575,android.process.media,19]
09-25 19:03:23.662  2866  3614 I am_unfreeze: [14270,com.google.android.euicc,19]
09-25 19:03:23.662  2866  3614 I am_unfreeze: [7558,org.lineageos.etar,19]
09-25 19:03:23.662  2866  3614 I am_unfreeze: [7616,com.android.permissioncontroller,19]
09-25 19:03:23.662  2866  3614 I am_unfreeze: [8757,com.google.android.gm,19]
09-25 19:03:23.662  2866  3614 I am_unfreeze: [9294,com.google.android.apps.turbo:aab,19]
09-25 19:03:23.662  2866  3614 I am_unfreeze: [14746,com.google.android.apps.turbo:ssb,19]
09-25 19:03:23.662  2866  3614 I am_unfreeze: [11523,android.process.acore,19]
09-25 19:03:23.662  2866  3614 I am_unfreeze: [9880,com.android.providers.calendar,19]
09-25 19:03:23.663  2866  3614 I am_unfreeze: [724,com.android.vending:background,19]
09-25 19:03:23.663  2866  3614 I am_unfreeze: [7013,com.google.android.gms.unstable,19]
09-25 19:03:23.663  2866  3614 I am_unfreeze: [15422,com.google.android.projection.gearhead:car,19]
09-25 19:03:23.663  2866  3614 I am_unfreeze: [15499,com.google.android.apps.nbu.files,19]
09-25 19:03:23.663  2866  3614 I am_unfreeze: [8118,com.phonepe.app,19]
09-25 19:03:23.664  2866  3614 I am_unfreeze: [15500,com.google.android.apps.maps,19]
09-25 19:03:23.664  2866  3614 I am_unfreeze: [15392,com.google.android.projection.gearhead:shared,19]
09-25 19:03:23.664  2866  3614 I am_unfreeze: [682,com.android.settings,19]
09-25 19:03:23.664  2866  3614 I am_unfreeze: [482,com.android.vending,19]
09-25 19:03:23.664  2866  3614 I am_unfreeze: [8114,ch.protonvpn.android,19]
09-25 19:03:23.664  2866  3614 I am_unfreeze: [8115,com.google.android.apps.youtube.creator,19]
09-25 19:03:23.664  2866  3614 I am_unfreeze: [8973,com.android.chrome,19]
09-25 19:03:23.664  2866  3614 I am_unfreeze: [6696,com.jio.myjio,19]
09-25 19:03:23.664  2866  3614 I am_unfreeze: [857,com.whatsapp,19]
09-25 19:03:23.664  2866  3614 I am_unfreeze: [6466,org.mozilla.fenix:crashhelper_disable_art_image_,19]
09-25 19:03:23.664  2866  3614 I am_unfreeze: [3754,org.mozilla.fenix,19]
09-25 19:03:23.923 20550 20550 I auditd  : type=1400 audit(0.0:6995740): avc:  denied  { read } for  comm="ls" name="/" dev="pstore" ino=28495 scontext=u:r:shell:s0 tcontext=u:object_r:pstorefs:s0 tclass=dir permissive=0
09-25 19:03:27.954  2866  9069 I thermal_changed: [skin,3,58.980999,4,5]
09-25 19:03:29.499  1558  1558 I auditd  : type=1400 audit(0.0:6995741): avc:  denied  { search } for  comm="android.hardwar" name="uhid" dev="sysfs" ino=65226 scontext=u:r:hal_health_default:s0 tcontext=u:object_r:sysfs_uhid:s0 tclass=dir permissive=0
09-25 19:03:29.499  1558  1558 I auditd  : type=1400 audit(0.0:6995742): avc:  denied  { search } for  comm="android.hardwar" name="uhid" dev="sysfs" ino=65226 scontext=u:r:hal_health_default:s0 tcontext=u:object_r:sysfs_uhid:s0 tclass=dir permissive=0
09-25 19:03:29.511  1558  1558 I auditd  : type=1400 audit(0.0:6995743): avc:  denied  { search } for  comm="android.hardwar" name="uhid" dev="sysfs" ino=65226 scontext=u:r:hal_health_default:s0 tcontext=u:object_r:sysfs_uhid:s0 tclass=dir permissive=0
09-25 19:03:29.511  1558  1558 I auditd  : type=1400 audit(0.0:6995744): avc:  denied  { search } for  comm="android.hardwar" name="uhid" dev="sysfs" ino=65226 scontext=u:r:hal_health_default:s0 tcontext=u:object_r:sysfs_uhid:s0 tclass=dir permissive=0
09-25 19:03:30.955   579   579 I auditd  : type=1400 audit(0.0:6995745): avc:  denied  { search } for  comm="DefaultDispatch" name="zram0" dev="sysfs" ino=107524 scontext=u:r:untrusted_app:s0:c207,c257,c512,c768 tcontext=u:object_r:sysfs_zram:s0 tclass=dir permissive=0 app=com.zenithblue.sambas3
09-25 19:03:30.955   579   579 I auditd  : type=1400 audit(0.0:6995746): avc:  denied  { search } for  comm="DefaultDispatch" name="zram0" dev="sysfs" ino=107524 scontext=u:r:untrusted_app:s0:c207,c257,c512,c768 tcontext=u:object_r:sysfs_zram:s0 tclass=dir permissive=0 app=com.zenithblue.sambas3
09-25 19:03:33.873  2866  3614 I am_freeze: [10625,com.google.android.apps.bard]
09-25 19:03:33.874  2866  3614 I am_freeze: [6575,android.process.media]
09-25 19:03:33.875  2866  3614 I am_freeze: [14270,com.google.android.euicc]
09-25 19:03:33.876  2866  3614 I am_freeze: [7558,org.lineageos.etar]
09-25 19:03:33.877  2866  3614 I am_freeze: [7616,com.android.permissioncontroller]
09-25 19:03:33.879  2866  3614 I am_freeze: [8757,com.google.android.gm]
09-25 19:03:33.882  2866  3614 I am_freeze: [9294,com.google.android.apps.turbo:aab]
09-25 19:03:33.884  2866  3614 I am_freeze: [14746,com.google.android.apps.turbo:ssb]
09-25 19:03:33.885  2866  3614 I am_freeze: [11523,android.process.acore]
09-25 19:03:33.886  2866  3614 I am_freeze: [9880,com.android.providers.calendar]
09-25 19:03:33.887  2866  3614 I am_freeze: [724,com.android.vending:background]
09-25 19:03:33.889  2866  3614 I am_freeze: [7013,com.google.android.gms.unstable]
09-25 19:03:33.890  2866  3614 I am_freeze: [15422,com.google.android.projection.gearhead:car]
09-25 19:03:33.891  2866  3614 I am_freeze: [15499,com.google.android.apps.nbu.files]
09-25 19:03:33.895  2866  3614 I am_freeze: [8118,com.phonepe.app]
09-25 19:03:33.896  2866  3614 I am_freeze: [15500,com.google.android.apps.maps]
09-25 19:03:33.897  2866  3614 I am_freeze: [15392,com.google.android.projection.gearhead:shared]
09-25 19:03:33.898  2866  3614 I am_freeze: [682,com.android.settings]
09-25 19:03:33.900  2866  3614 I am_freeze: [482,com.android.vending]
09-25 19:03:33.902  2866  3614 I am_freeze: [8114,ch.protonvpn.android]
09-25 19:03:33.903  2866  3614 I am_freeze: [8115,com.google.android.apps.youtube.creator]
09-25 19:03:33.904  2866  3614 I am_freeze: [8973,com.android.chrome]
09-25 19:03:33.907  2866  3614 I am_freeze: [6696,com.jio.myjio]
09-25 19:03:33.910  2866  3614 I am_freeze: [857,com.whatsapp]
09-25 19:03:33.910  2866  3614 I am_freeze: [6466,org.mozilla.fenix:crashhelper_disable_art_image_]
09-25 19:03:33.914  2866  3614 I am_freeze: [3754,org.mozilla.fenix]
09-25 19:03:39.293  2866  9069 I thermal_changed: [CPU5,0,89.900002,0,4]
09-25 19:03:39.526  2866  2911 I input_focus: [Requesting to set focus to null window,reason=UpdateInputWindows]
09-25 19:03:39.545  2866  4363 I am_proc_died: [0,579,com.zenithblue.sambas3,0,2]
09-25 19:03:39.548  2866  4363 I am_foreground_service_stop: [0,com.zenithblue.sambas3/.CompilationMonitorService,1,PROC_STATE_TOP,37,37,1,1,648773,1,STOP_SERVICE,1073741824]
09-25 19:03:39.549  2866  4363 I am_foreground_service_stop: [0,com.zenithblue.sambas3/.GameSessionService,1,PROC_STATE_TOP,37,37,0,0,649349,1,STOP_SERVICE,1073741824]
09-25 19:03:39.550  2866  4363 I am_uid_stopped: 10463
09-25 19:03:39.551  2866  4363 I wm_finish_activity: [0,268162442,1545,com.zenithblue.sambas3/.RPCSXActivity,proc died without state saved]
09-25 19:03:39.560  2866  2910 I am_uid_running: 10463
09-25 19:03:39.560  2866  2866 I sysui_multi_action: [757,128,758,5,759,8,793,648778,794,0,795,242610,796,2000,806,com.zenithblue.sambas3,857,rpcsx-progress,858,2,946,0|com.zenithblue.sambas3|g:-2cabb91e,947,0,1500,242610,1641,progress,1688,1,1745,2098068913]
09-25 19:03:39.560  2866  2866 I notification_canceled: [0|com.zenithblue.sambas3|2000|null|10463,8,648778,242610,0,-1,-1,NULL]
09-25 19:03:39.561  2866  2866 I sysui_multi_action: [757,128,758,5,759,8,793,649360,794,0,795,649360,796,4000,806,com.zenithblue.sambas3,857,rpcsx-game,858,2,946,0|com.zenithblue.sambas3|g:-2cabb91e,947,0,1500,649158,1641,service,1688,1]
09-25 19:03:39.561  2866  2866 I notification_canceled: [0|com.zenithblue.sambas3|4000|null|10463,8,649360,649360,0,-1,-1,NULL]
09-25 19:03:39.568  2866  2866 I notification_enqueue: [10463,579,com.zenithblue.sambas3,1,0|com.zenithblue.sambas3|g:Aggregate_SilentSection,0,Notification(channel=rpcsx-progress shortcut=null contentView=null vibrate=null sound=null defaults=0 flags=ONGOING_EVENT|NO_CLEAR|LOCAL_ONLY|GROUP_SUMMARY|AUTOGROUP_SUMMARY|SILENT color=0x00000000 groupKey=0|com.zenithblue.sambas3|g:Aggregate_SilentSection vis=PRIVATE),1,0]
09-25 19:03:39.569  2866  2866 I sysui_multi_action: [757,128,758,5,759,16,793,648592,794,0,795,648592,796,1,797,0|com.zenithblue.sambas3|g:Aggregate_SilentSection,806,com.zenithblue.sambas3,857,rpcsx-progress,858,2,946,0|com.zenithblue.sambas3|g:-2cabb91e,947,1,1500,648592,1688,1]
09-25 19:03:39.569  2866  2866 I notification_canceled: [0|com.zenithblue.sambas3|1|0|com.zenithblue.sambas3|g:Aggregate_SilentSection|10463|0|com.zenithblue.sambas3|g:Aggregate_SilentSection,16,648592,648592,0,-1,-1,NULL]
09-25 19:03:39.571  2866  2919 I am_proc_start: [0,20631,10463,com.zenithblue.sambas3,top-activity,{com.zenithblue.sambas3/com.zenithblue.sambas3.MainActivity}]
09-25 19:03:39.591  2866  4567 I am_proc_bound: [0,20631,com.zenithblue.sambas3]
09-25 19:03:39.593  2866  4567 I am_uid_active: 10463
09-25 19:03:39.595  3782  3844 I viewroot_draw_event: [VRI[sambas3],reportDrawFinished seqId=0]
09-25 19:03:39.635  2866  3121 I wm_restart_activity: [0,48006795,1545,com.zenithblue.sambas3/.MainActivity]
09-25 19:03:39.636  2866  3121 I wm_set_resumed_activity: [0,com.zenithblue.sambas3/.MainActivity,realStartActivityLocked - onActivityStateChanged]
09-25 19:03:39.647 20631 20631 I auditd  : type=1400 audit(0.0:6995747): avc:  denied  { execstack } for  comm="ithblue.sambas3" scontext=u:r:untrusted_app:s0:c207,c257,c512,c768 tcontext=u:r:untrusted_app:s0:c207,c257,c512,c768 tclass=process permissive=0 app=com.zenithblue.sambas3
09-25 19:03:39.856 20631 20631 I wm_on_create_called: [48006795,com.zenithblue.sambas3.MainActivity,performCreate,211]
09-25 19:03:39.857 20631 20631 I wm_on_start_called: [48006795,com.zenithblue.sambas3.MainActivity,handleStartActivity,0]
09-25 19:03:39.862 20631 20631 I wm_on_resume_called: [48006795,com.zenithblue.sambas3.MainActivity,RESUME_ACTIVITY,4]
09-25 19:03:39.869 20631 20631 I wm_on_top_resumed_gained_called: [48006795,com.zenithblue.sambas3.MainActivity,topStateChangedWhenResumed]
09-25 19:03:39.930  2866  2911 I input_focus: [Focus request 3dfd04f com.zenithblue.sambas3/com.zenithblue.sambas3.MainActivity,reason=UpdateInputWindows]
09-25 19:03:39.972 20631 20631 I viewroot_draw_event: [VRI[MainActivity],reportDrawFinished seqId=0]
09-25 19:03:39.978  3782  3824 I jank_cuj_events_begin_request: [39,1790343219977960000,954863701993271,724358389292427,]
09-25 19:03:40.005  2866  3629 I input_focus: [Focus entering 3dfd04f com.zenithblue.sambas3/com.zenithblue.sambas3.MainActivity,reason=Window became focusable. Previous reason: NOT_VISIBLE]
09-25 19:03:40.123 20631 20631 I auditd  : type=1400 audit(0.0:6995748): avc:  denied  { execstack } for  comm="ithblue.sambas3" scontext=u:r:untrusted_app:s0:c207,c257,c512,c768 tcontext=u:r:untrusted_app:s0:c207,c257,c512,c768 tclass=process permissive=0 app=com.zenithblue.sambas3
09-25 19:03:40.184 20631 20631 I viewroot_draw_event: [VRI[MainActivity],reportDrawFinished seqId=0]
09-25 19:03:40.194  2866  2917 I am_pss  : [15500,10474,com.google.android.apps.maps,0,0,0,116506624,0,19,2]
09-25 19:03:40.196  2866  2917 I am_pss  : [15499,10415,com.google.android.apps.nbu.files,0,0,0,79912960,0,19,2]
09-25 19:03:40.200  2866  2917 I am_pss  : [7013,10303,com.google.android.gms.unstable,0,0,0,117743616,0,19,3]
09-25 19:03:40.200  2866  2917 I am_pss  : [14746,10315,com.google.android.apps.turbo:ssb,0,0,0,81883136,0,19,1]
09-25 19:03:40.200  2866  2917 I am_pss  : [14270,10307,com.google.android.euicc,0,0,0,79040512,0,19,0]
09-25 19:03:40.201  2866  2917 I am_pss  : [10625,10305,com.google.android.apps.bard,0,0,0,96133120,0,19,0]
09-25 19:03:40.273  3782  3824 I jank_cuj_events_end_request: [39,1790343220272369000,954863996402073,724358683701177]
09-25 19:03:40.275  3782  3844 I viewroot_draw_event: [VRI[sambas3],Not drawing due to not visible. Reason=View.GONE]
09-25 19:03:40.456 20631 20688 I jank_cuj_events_end_request: [80,1790343220456347000,954864180379312,724358867678625]
09-25 19:03:43.184  2866  3614 I am_unfreeze: [10625,com.google.android.apps.bard,19]
09-25 19:03:43.214  2866  3614 I am_unfreeze: [6575,android.process.media,19]
09-25 19:03:43.214  2866  3614 I am_unfreeze: [14270,com.google.android.euicc,19]
09-25 19:03:43.218  2866  3614 I am_unfreeze: [7558,org.lineageos.etar,19]
09-25 19:03:43.218  2866  3614 I am_unfreeze: [7616,com.android.permissioncontroller,19]
09-25 19:03:43.218  2866  3614 I am_unfreeze: [8757,com.google.android.gm,19]
09-25 19:03:43.218  2866  3614 I am_unfreeze: [9294,com.google.android.apps.turbo:aab,19]
09-25 19:03:43.218  2866  3614 I am_unfreeze: [14746,com.google.android.apps.turbo:ssb,19]
09-25 19:03:43.219  2866  3614 I am_unfreeze: [11523,android.process.acore,19]
09-25 19:03:43.219  2866  3614 I am_unfreeze: [9880,com.android.providers.calendar,19]
09-25 19:03:43.219  2866  3614 I am_unfreeze: [724,com.android.vending:background,19]
09-25 19:03:43.219  2866  3614 I am_unfreeze: [7013,com.google.android.gms.unstable,19]
09-25 19:03:43.219  2866  3614 I am_unfreeze: [15422,com.google.android.projection.gearhead:car,19]
09-25 19:03:43.219  2866  3614 I am_unfreeze: [15499,com.google.android.apps.nbu.files,19]
09-25 19:03:43.219  2866  3614 I am_unfreeze: [8118,com.phonepe.app,19]
09-25 19:03:43.219  2866  3614 I am_unfreeze: [15500,com.google.android.apps.maps,19]
09-25 19:03:43.219  2866  3614 I am_unfreeze: [15392,com.google.android.projection.gearhead:shared,19]
09-25 19:03:43.220  2866  3614 I am_unfreeze: [682,com.android.settings,19]
09-25 19:03:43.220  2866  3614 I am_unfreeze: [482,com.android.vending,19]
09-25 19:03:43.220  2866  3614 I am_unfreeze: [8114,ch.protonvpn.android,19]
09-25 19:03:43.220  2866  3614 I am_unfreeze: [8115,com.google.android.apps.youtube.creator,19]
09-25 19:03:43.220  2866  3614 I am_unfreeze: [8973,com.android.chrome,19]
09-25 19:03:43.220  2866  3614 I am_unfreeze: [6696,com.jio.myjio,19]
09-25 19:03:43.220  2866  3614 I am_unfreeze: [857,com.whatsapp,19]
09-25 19:03:43.220  2866  3614 I am_unfreeze: [6466,org.mozilla.fenix:crashhelper_disable_art_image_,19]
09-25 19:03:43.220  2866  3614 I am_unfreeze: [3754,org.mozilla.fenix,19]
09-25 19:03:43.995  2866  3619 I sysui_multi_action: [757,1513,758,4,805,1790343223994,1514,10463,1515,com.zenithblue.sambas3,1516,1002,1517,1,1518,1000,1519,1000,1520,1,1526,com.zenithblue.sambas3/.MainActivity,1527,1]
09-25 19:03:43.997  2866  3619 I wm_destroy_activity: [0,187809101,1545,com.zenithblue.sambas3/.MainActivity,finish-imm:clear-task-all]
09-25 19:03:44.000  2866  3619 I wm_destroy_activity: [0,261421099,1545,com.zenithblue.sambas3/.MainActivity,finish-imm:clear-task-all]
09-25 19:03:44.003  2866  3619 I wm_destroy_activity: [0,94440282,1545,com.zenithblue.sambas3/.MainActivity,finish-imm:clear-task-all]
09-25 19:03:44.004  2866  2918 I am_wtf  : [0,2866,system_server,-1,ActivityTaskManager,Background activity launch blocked! goo.gle/android-bal [callingPackage: com.zenithblue.sambas3; callingPackageTargetSdk: 37; callingUid: 10463; callingPid: -1; appSwitchState: 2; callingUidHasVisibleActivity: true; callingUidHasNonAppVisibleWindow: false; callingUidProcState: TOP; isCallingUidPersistentSystemProcess: false; allowBalExemptionForSystemProcess: false; intent: Intent { flg=0x10008000 xflg=0x4 cmp=com.zenithblue.sambas3/.MainActivity (has extras) }; callerApp: null; balAllowedByPiCreator: BSP.NONE; resultIfPiCreatorAllowsBal: BAL_ALLOW_VISIBLE_WINDOW; callerStartMode: MODE_BACKGROUND_ACTIVITY_START_SYSTEM_DEFINED; hasRealCaller: true; isCallForResult: false; isPendingIntent: true; autoOptInReason: null; realCallingPackage: android.uid.system:1000[debugOnly]; realCallingPackageTargetSdk: -1; realCallingUid: 1000; realCallingPid: 2866; realCallingUidHasVisibleActivity: false; realCallingUidHasNonAppVisibleWindow: true; realCallingUidProcState: PERSISTE^
09-25 19:03:44.006  2866  3619 I wm_destroy_activity: [0,181537467,1545,com.zenithblue.sambas3/.MainActivity,finish-imm:clear-task-all]
09-25 19:03:44.006  2866  3619 I wm_finish_activity: [0,48006795,1545,com.zenithblue.sambas3/.MainActivity,clear-task-all]
09-25 19:03:44.007  2866  3619 I wm_pause_activity: [0,48006795,com.zenithblue.sambas3/.MainActivity,userLeaving=false,finish]
09-25 19:03:44.009  2866  3619 I wm_create_activity: [0,256274692,1545,com.zenithblue.sambas3/.MainActivity,NULL,NULL,NULL,268468224]
09-25 19:03:44.011 20631 20631 I wm_on_top_resumed_lost_called: [48006795,com.zenithblue.sambas3.MainActivity,pausing]
09-25 19:03:44.012 20631 20631 I wm_on_paused_called: [48006795,com.zenithblue.sambas3.MainActivity,performPause,0]
09-25 19:03:44.013  2866  4400 I wm_add_to_stopping: [0,48006795,com.zenithblue.sambas3/.MainActivity,completeFinishing]
09-25 19:03:44.013  2866  4400 I wm_restart_activity: [0,256274692,1545,com.zenithblue.sambas3/.MainActivity]
09-25 19:03:44.014  2866  4400 I wm_set_resumed_activity: [0,com.zenithblue.sambas3/.MainActivity,realStartActivityLocked - onActivityStateChanged]
09-25 19:03:44.015  2866  2907 I sysui_multi_action: [757,803,799,window_time_0,802,654]
09-25 19:03:44.026 20631 20631 I wm_on_create_called: [256274692,com.zenithblue.sambas3.MainActivity,performCreate,3]
09-25 19:03:44.026 20631 20631 I wm_on_start_called: [256274692,com.zenithblue.sambas3.MainActivity,handleStartActivity,0]
09-25 19:03:44.027 20631 20631 I wm_on_resume_called: [256274692,com.zenithblue.sambas3.MainActivity,RESUME_ACTIVITY,1]
09-25 19:03:44.029 20631 20631 I wm_on_top_resumed_gained_called: [256274692,com.zenithblue.sambas3.MainActivity,topStateChangedWhenResumed]
09-25 19:03:44.031  2866  3629 I input_focus: [Focus leaving 3dfd04f com.zenithblue.sambas3/com.zenithblue.sambas3.MainActivity,reason=NO_WINDOW]
09-25 19:03:44.037  3782  3844 I viewroot_draw_event: [VRI[sambas3],reportDrawFinished seqId=0]
09-25 19:03:44.069  2866  2911 I input_focus: [Focus request 556b446 com.zenithblue.sambas3/com.zenithblue.sambas3.MainActivity,reason=UpdateInputWindows]
09-25 19:03:44.091 20631 20631 I viewroot_draw_event: [VRI[MainActivity],reportDrawFinished seqId=0]
09-25 19:03:44.093  3782  3824 I jank_cuj_events_begin_request: [39,1790343224092921000,954867816953686,724362504252790,]
09-25 19:03:44.133  2866  3629 I input_focus: [Focus entering 556b446 com.zenithblue.sambas3/com.zenithblue.sambas3.MainActivity,reason=Window became focusable. Previous reason: NOT_VISIBLE]
09-25 19:03:44.219  1621  1621 I auditd  : type=1400 audit(0.0:6995749): avc:  denied  { search } for  comm="LightningLaunc" name="2458" dev="proc" ino=254217148 scontext=u:r:vendor_hal_perf_default:s0 tcontext=u:r:update_engine:s0 tclass=dir permissive=0
09-25 19:03:44.382  3782  3824 I jank_cuj_events_end_request: [39,1790343224382660000,954868106693113,724362793992269]
09-25 19:03:44.390  3782  3844 I viewroot_draw_event: [VRI[sambas3],Not drawing due to not visible. Reason=View.GONE]
09-25 19:03:44.439  1621  1621 I auditd  : type=1400 audit(0.0:6995750): avc:  denied  { search } for  comm="LightningLaunc" name="2458" dev="proc" ino=254217148 scontext=u:r:vendor_hal_perf_default:s0 tcontext=u:r:update_engine:s0 tclass=dir permissive=0
09-25 19:03:44.539  2866  2910 I wm_destroy_activity: [0,48006795,1545,com.zenithblue.sambas3/.MainActivity,finish-imm:idle]
09-25 19:03:44.559 20631 20631 I viewroot_draw_event: [VRI[MainActivity],Not drawing due to not visible. Reason=!mAppVisible && !mForceDecorViewVisibility]
09-25 19:03:44.559 20631 20631 I wm_on_stop_called: [48006795,com.zenithblue.sambas3.MainActivity,LIFECYCLER_STOP_ACTIVITY,0]
09-25 19:03:44.566 20631 20631 I wm_on_destroy_called: [48006795,com.zenithblue.sambas3.MainActivity,performDestroy,0]
09-25 19:03:44.639  1621  1621 I auditd  : type=1400 audit(0.0:6995751): avc:  denied  { search } for  comm="LightningLaunc" name="2458" dev="proc" ino=254217148 scontext=u:r:vendor_hal_perf_default:s0 tcontext=u:r:update_engine:s0 tclass=dir permissive=0
09-25 19:03:44.843  1621  1621 I auditd  : type=1400 audit(0.0:6995752): avc:  denied  { search } for  comm="LightningLaunc" name="2458" dev="proc" ino=254217148 scontext=u:r:vendor_hal_perf_default:s0 tcontext=u:r:update_engine:s0 tclass=dir permissive=0
09-25 19:03:45.043  1621  1621 I auditd  : type=1400 audit(0.0:6995753): avc:  denied  { search } for  comm="LightningLaunc" name="2458" dev="proc" ino=254217148 scontext=u:r:vendor_hal_perf_default:s0 tcontext=u:r:update_engine:s0 tclass=dir permissive=0
09-25 19:03:45.247  1621  1621 I auditd  : type=1400 audit(0.0:6995754): avc:  denied  { search } for  comm="LightningLaunc" name="2458" dev="proc" ino=254217148 scontext=u:r:vendor_hal_perf_default:s0 tcontext=u:r:update_engine:s0 tclass=dir permissive=0
09-25 19:03:45.451  1621  1621 I auditd  : type=1400 audit(0.0:6995755): avc:  denied  { search } for  comm="LightningLaunc" name="2458" dev="proc" ino=254217148 scontext=u:r:vendor_hal_perf_default:s0 tcontext=u:r:update_engine:s0 tclass=dir permissive=0
09-25 19:03:45.530  2866  4574 I thermal_changed: [skin,3,57.973999,3,4]
09-25 19:03:45.651  1621  1621 I auditd  : type=1400 audit(0.0:6995756): avc:  denied  { search } for  comm="LightningLaunc" name="2458" dev="proc" ino=254217148 scontext=u:r:vendor_hal_perf_default:s0 tcontext=u:r:update_engine:s0 tclass=dir permissive=0
09-25 19:03:45.855  1621  1621 I auditd  : type=1400 audit(0.0:6995757): avc:  denied  { search } for  comm="LightningLaunc" name="2458" dev="proc" ino=254217148 scontext=u:r:vendor_hal_perf_default:s0 tcontext=u:r:update_engine:s0 tclass=dir permissive=0
09-25 19:03:46.059  1621  1621 I auditd  : type=1400 audit(0.0:6995758): avc:  denied  { search } for  comm="LightningLaunc" name="2458" dev="proc" ino=254217148 scontext=u:r:vendor_hal_perf_default:s0 tcontext=u:r:update_engine:s0 tclass=dir permissive=0
09-25 19:03:46.263  1621  1621 I auditd  : type=1400 audit(0.0:6995759): avc:  denied  { search } for  comm="LightningLaunc" name="2458" dev="proc" ino=254217148 scontext=u:r:vendor_hal_perf_default:s0 tcontext=u:r:update_engine:s0 tclass=dir permissive=0
09-25 19:03:46.467  1621  1621 I auditd  : type=1400 audit(0.0:6995760): avc:  denied  { search } for  comm="LightningLaunc" name="2458" dev="proc" ino=254217148 scontext=u:r:vendor_hal_perf_default:s0 tcontext=u:r:update_engine:s0 tclass=dir permissive=0
09-25 19:03:46.675  1621  1621 I auditd  : type=1400 audit(0.0:6995761): avc:  denied  { search } for  comm="LightningLaunc" name="2458" dev="proc" ino=254217148 scontext=u:r:vendor_hal_perf_default:s0 tcontext=u:r:update_engine:s0 tclass=dir permissive=0
09-25 19:03:46.879  1621  1621 I auditd  : type=1400 audit(0.0:6995762): avc:  denied  { search } for  comm="LightningLaunc" name="2458" dev="proc" ino=254217148 scontext=u:r:vendor_hal_perf_default:s0 tcontext=u:r:update_engine:s0 tclass=dir permissive=0
09-25 19:03:47.087  1621  1621 I auditd  : type=1400 audit(0.0:6995763): avc:  denied  { search } for  comm="LightningLaunc" name="2458" dev="proc" ino=254217148 scontext=u:r:vendor_hal_perf_default:s0 tcontext=u:r:update_engine:s0 tclass=dir permissive=0
09-25 19:03:47.295  1621  1621 I auditd  : type=1400 audit(0.0:6995764): avc:  denied  { search } for  comm="LightningLaunc" name="2458" dev="proc" ino=254217148 scontext=u:r:vendor_hal_perf_default:s0 tcontext=u:r:update_engine:s0 tclass=dir permissive=0
09-25 19:03:47.499  1621  1621 I auditd  : type=1400 audit(0.0:6995765): avc:  denied  { search } for  comm="LightningLaunc" name="2458" dev="proc" ino=254217148 scontext=u:r:vendor_hal_perf_default:s0 tcontext=u:r:update_engine:s0 tclass=dir permissive=0
09-25 19:03:47.703  1621  1621 I auditd  : type=1400 audit(0.0:6995766): avc:  denied  { search } for  comm="LightningLaunc" name="2458" dev="proc" ino=254217148 scontext=u:r:vendor_hal_perf_default:s0 tcontext=u:r:update_engine:s0 tclass=dir permissive=0
09-25 19:03:47.907  1621  1621 I auditd  : type=1400 audit(0.0:6995767): avc:  denied  { search } for  comm="LightningLaunc" name="2458" dev="proc" ino=254217148 scontext=u:r:vendor_hal_perf_default:s0 tcontext=u:r:update_engine:s0 tclass=dir permissive=0
09-25 19:03:48.111  1621  1621 I auditd  : type=1400 audit(0.0:6995768): avc:  denied  { search } for  comm="LightningLaunc" name="2458" dev="proc" ino=254217148 scontext=u:r:vendor_hal_perf_default:s0 tcontext=u:r:update_engine:s0 tclass=dir permissive=0
09-25 19:03:48.311  1621  1621 I auditd  : type=1400 audit(0.0:6995769): avc:  denied  { search } for  comm="LightningLaunc" name="2458" dev="proc" ino=254217148 scontext=u:r:vendor_hal_perf_default:s0 tcontext=u:r:update_engine:s0 tclass=dir permissive=0
09-25 19:03:48.515  1621  1621 I auditd  : type=1400 audit(0.0:6995770): avc:  denied  { search } for  comm="LightningLaunc" name="2458" dev="proc" ino=254217148 scontext=u:r:vendor_hal_perf_default:s0 tcontext=u:r:update_engine:s0 tclass=dir permissive=0
09-25 19:03:48.719  1621  1621 I auditd  : type=1400 audit(0.0:6995771): avc:  denied  { search } for  comm="LightningLaunc" name="2458" dev="proc" ino=254217148 scontext=u:r:vendor_hal_perf_default:s0 tcontext=u:r:update_engine:s0 tclass=dir permissive=0
09-25 19:03:48.919  1621  1621 I auditd  : type=1400 audit(0.0:6995772): avc:  denied  { search } for  comm="LightningLaunc" name="2458" dev="proc" ino=254217148 scontext=u:r:vendor_hal_perf_default:s0 tcontext=u:r:update_engine:s0 tclass=dir permissive=0
09-25 19:03:49.123  1621  1621 I auditd  : type=1400 audit(0.0:6995773): avc:  denied  { search } for  comm="LightningLaunc" name="2458" dev="proc" ino=254217148 scontext=u:r:vendor_hal_perf_default:s0 tcontext=u:r:update_engine:s0 tclass=dir permissive=0
09-25 19:03:49.327  1621  1621 I auditd  : type=1400 audit(0.0:6995774): avc:  denied  { search } for  comm="LightningLaunc" name="2458" dev="proc" ino=254217148 scontext=u:r:vendor_hal_perf_default:s0 tcontext=u:r:update_engine:s0 tclass=dir permissive=0
09-25 19:03:49.527  1621  1621 I auditd  : type=1400 audit(0.0:6995775): avc:  denied  { search } for  comm="LightningLaunc" name="2458" dev="proc" ino=254217148 scontext=u:r:vendor_hal_perf_default:s0 tcontext=u:r:update_engine:s0 tclass=dir permissive=0
09-25 19:03:49.592  2866  3614 I am_freeze: [15720,com.android.externalstorage]
