--------- beginning of events
09-24 22:13:51.617  2866  4398 I thermal_changed: [CPU2,0,95.000000,3,3]
09-24 22:13:51.665  2866  4574 I thermal_changed: [CPU2,0,89.900002,0,3]
09-24 22:13:51.704  2866  4574 I thermal_changed: [CPU5,0,95.400002,3,3]
09-24 22:13:51.814  2866  4574 I thermal_changed: [CPU3,0,89.900002,0,3]
09-24 22:13:51.826  2866  4574 I thermal_changed: [CPU3,0,95.000000,3,3]
09-24 22:13:51.942  2866  4574 I thermal_changed: [CPU5,0,89.900002,0,3]
09-24 22:13:52.055  2866  4574 I thermal_changed: [CPU5,0,95.000000,3,3]
09-24 22:13:52.127  2866  4574 I thermal_changed: [CPU5,0,89.900002,0,3]
09-24 22:13:52.175 28482 28482 I auditd  : type=1400 audit(0.0:6856740): avc:  denied  { read } for  comm="DefaultDispatch" name="version" dev="proc" ino=4026532013 scontext=u:r:untrusted_app:s0:c163,c257,c512,c768 tcontext=u:object_r:proc_version:s0 tclass=file permissive=0 app=com.ivarna.mkm
09-24 22:13:52.187  1558  1558 I auditd  : type=1400 audit(0.0:6856741): avc:  denied  { search } for  comm="android.hardwar" name="uhid" dev="sysfs" ino=65226 scontext=u:r:hal_health_default:s0 tcontext=u:object_r:sysfs_uhid:s0 tclass=dir permissive=0
09-24 22:13:52.187  1558  1558 I auditd  : type=1400 audit(0.0:6856742): avc:  denied  { search } for  comm="android.hardwar" name="uhid" dev="sysfs" ino=65226 scontext=u:r:hal_health_default:s0 tcontext=u:object_r:sysfs_uhid:s0 tclass=dir permissive=0
09-24 22:13:52.203  1558  1558 I auditd  : type=1400 audit(0.0:6856743): avc:  denied  { search } for  comm="android.hardwar" name="uhid" dev="sysfs" ino=65226 scontext=u:r:hal_health_default:s0 tcontext=u:object_r:sysfs_uhid:s0 tclass=dir permissive=0
09-24 22:13:52.203  1558  1558 I auditd  : type=1400 audit(0.0:6856744): avc:  denied  { search } for  comm="android.hardwar" name="uhid" dev="sysfs" ino=65226 scontext=u:r:hal_health_default:s0 tcontext=u:object_r:sysfs_uhid:s0 tclass=dir permissive=0
09-24 22:13:52.339  2866  4574 I thermal_changed: [CPU5,0,95.000000,3,3]
09-24 22:13:52.447  2866  4398 I thermal_changed: [CPU5,0,89.599998,0,3]
09-24 22:13:52.464  2866  4398 I thermal_changed: [CPU7,0,95.000000,3,3]
09-24 22:13:52.467  2866  4398 I thermal_changed: [CPU5,0,95.000000,3,3]
09-24 22:13:52.608  2866  4398 I thermal_changed: [CPU3,0,89.900002,0,3]
09-24 22:13:52.615  2866  4398 I thermal_changed: [CPU3,0,95.000000,3,3]
09-24 22:13:52.631  2866  4398 I thermal_changed: [CPU5,0,89.900002,0,3]
09-24 22:13:52.671  2866  4398 I thermal_changed: [CPU7,0,89.900002,0,3]
09-24 22:13:52.925  2866  4574 I thermal_changed: [CPU3,0,89.900002,0,3]
09-24 22:13:52.932  2866  4574 I thermal_changed: [CPU5,0,95.000000,3,3]
09-24 22:13:52.933  2866  4574 I thermal_changed: [CPU3,0,95.000000,3,3]
09-24 22:13:52.950  2866  4574 I thermal_changed: [CPU3,0,89.900002,0,3]
09-24 22:13:52.967  2866  4574 I thermal_changed: [CPU5,0,89.900002,0,3]
09-24 22:13:52.985  2866  4574 I thermal_changed: [CPU5,0,95.000000,3,3]
09-24 22:13:53.002  2866  4574 I thermal_changed: [CPU3,0,95.000000,3,3]
09-24 22:13:53.075  2866  4398 I thermal_changed: [CPU5,0,89.900002,0,3]
09-24 22:13:53.255  2866  4398 I thermal_changed: [CPU5,0,95.000000,3,3]
09-24 22:13:53.269  2866  4398 I thermal_changed: [CPU3,0,89.900002,0,3]
09-24 22:13:53.276  2866  4398 I thermal_changed: [CPU5,0,89.900002,0,3]
09-24 22:13:53.293  2866  4398 I thermal_changed: [CPU3,0,95.000000,3,3]
09-24 22:13:53.488  2866  4398 I thermal_changed: [CPU5,0,95.000000,3,3]
09-24 22:13:53.500  2866  4398 I thermal_changed: [CPU3,0,89.900002,0,3]
09-24 22:13:53.505  2866  4398 I thermal_changed: [CPU3,0,95.000000,3,3]
09-24 22:13:53.576  2866  4398 I thermal_changed: [CPU5,0,89.599998,0,3]
09-24 22:13:53.597  2866  4398 I thermal_changed: [CPU3,0,89.599998,0,3]
09-24 22:13:53.638  2866  4398 I thermal_changed: [CPU5,0,95.000000,3,3]
09-24 22:13:53.748  2866  4398 I thermal_changed: [CPU5,0,89.900002,0,3]
09-24 22:13:53.870  2866  4398 I thermal_changed: [CPU2,0,95.000000,3,3]
09-24 22:13:53.880  2866  4398 I thermal_changed: [CPU3,0,95.000000,3,3]
09-24 22:13:53.921  2866  4398 I thermal_changed: [CPU2,0,89.900002,0,3]
09-24 22:13:54.072  2866  4398 I thermal_changed: [CPU2,0,95.000000,3,3]
09-24 22:13:54.090  2866  4398 I thermal_changed: [CPU2,0,89.900002,0,3]
09-24 22:13:54.092  2866  4398 I thermal_changed: [CPU5,0,95.000000,3,3]
09-24 22:13:54.095  2866  4398 I thermal_changed: [CPU3,0,89.900002,0,3]
09-24 22:13:54.105  2866  4398 I thermal_changed: [CPU3,0,95.000000,3,3]
09-24 22:13:54.138  2866  4398 I thermal_changed: [CPU5,0,89.599998,0,3]
09-24 22:13:54.177  2866  4398 I thermal_changed: [CPU3,0,89.900002,0,3]
09-24 22:13:54.212  2866  4398 I thermal_changed: [CPU3,0,95.000000,3,3]
09-24 22:13:54.282  2866  4398 I thermal_changed: [CPU3,0,89.900002,0,3]
09-24 22:13:54.285  2866  4398 I thermal_changed: [CPU3,0,95.000000,3,3]
09-24 22:13:54.285  2866  4398 I thermal_changed: [CPU2,0,95.400002,3,3]
09-24 22:13:54.292  2866  4574 I thermal_changed: [CPU5,0,95.000000,3,3]
09-24 22:13:54.297  2866  4574 I thermal_changed: [CPU2,0,89.900002,0,3]
09-24 22:13:54.348  2866  4574 I thermal_changed: [CPU5,0,89.900002,0,3]
09-24 22:13:54.381  2866  4574 I thermal_changed: [CPU3,0,89.900002,0,3]
09-24 22:13:54.457  2866  4574 I thermal_changed: [CPU3,0,95.000000,3,3]
09-24 22:13:54.531 28482 28482 I auditd  : type=1400 audit(0.0:6856760): avc:  denied  { read } for  comm="DefaultDispatch" name="version" dev="proc" ino=4026532013 scontext=u:r:untrusted_app:s0:c163,c257,c512,c768 tcontext=u:object_r:proc_version:s0 tclass=file permissive=0 app=com.ivarna.mkm
09-24 22:13:54.603 11039 11039 I auditd  : type=1400 audit(0.0:6856761): avc:  denied  { read } for  comm="sh" name="devfreq" dev="sysfs" ino=53645 scontext=u:r:untrusted_app:s0:c163,c257,c512,c768 tcontext=u:object_r:vendor_sysfs_devfreq:s0 tclass=dir permissive=0 app=com.ivarna.mkm
09-24 22:13:54.603 11039 11039 I auditd  : type=1400 audit(0.0:6856762): avc:  denied  { search } for  comm="sh" name="devfreq" dev="sysfs" ino=53645 scontext=u:r:untrusted_app:s0:c163,c257,c512,c768 tcontext=u:object_r:vendor_sysfs_devfreq:s0 tclass=dir permissive=0 app=com.ivarna.mkm
09-24 22:13:54.603 11039 11039 I auditd  : type=1400 audit(0.0:6856763): avc:  denied  { read } for  comm="sh" name="devfreq" dev="sysfs" ino=53645 scontext=u:r:untrusted_app:s0:c163,c257,c512,c768 tcontext=u:object_r:vendor_sysfs_devfreq:s0 tclass=dir permissive=0 app=com.ivarna.mkm
09-24 22:13:54.603 11039 11039 I auditd  : type=1400 audit(0.0:6856764): avc:  denied  { search } for  comm="sh" name="devfreq" dev="sysfs" ino=53645 scontext=u:r:untrusted_app:s0:c163,c257,c512,c768 tcontext=u:object_r:vendor_sysfs_devfreq:s0 tclass=dir permissive=0 app=com.ivarna.mkm
09-24 22:13:54.653  2866  4574 I thermal_changed: [CPU5,0,95.000000,3,3]
09-24 22:13:54.736  2866  4574 I thermal_changed: [CPU5,0,89.900002,0,3]
09-24 22:13:54.781  2866  4574 I thermal_changed: [CPU5,0,95.400002,3,3]
09-24 22:13:54.835  2866  4574 I thermal_changed: [CPU5,0,89.900002,0,3]
09-24 22:13:54.858  2866  4398 I thermal_changed: [CPU3,0,89.900002,0,3]
09-24 22:13:54.877  2866  4574 I thermal_changed: [CPU5,0,95.000000,3,3]
09-24 22:13:54.945  2866  4574 I thermal_changed: [CPU3,0,95.000000,3,3]
09-24 22:13:55.068  2866  4419 I thermal_changed: [CPU3,0,89.900002,0,3]
09-24 22:13:55.183  2866  4419 I thermal_changed: [CPU5,0,89.900002,0,3]
09-24 22:13:55.197  2866  4419 I thermal_changed: [CPU3,0,95.000000,3,3]
09-24 22:13:55.328  2866  4419 I thermal_changed: [CPU5,0,95.000000,3,3]
09-24 22:13:55.394  2866  4398 I thermal_changed: [CPU5,0,89.900002,0,3]
09-24 22:13:55.433  2866  4398 I thermal_changed: [CPU5,0,95.000000,3,3]
09-24 22:13:55.501  2866  4398 I thermal_changed: [CPU5,0,89.900002,0,3]
09-24 22:13:55.525  2866  4398 I thermal_changed: [CPU3,0,89.900002,0,3]
09-24 22:13:55.540  2866  4398 I thermal_changed: [CPU3,0,95.000000,3,3]
09-24 22:13:55.676  2866  4398 I thermal_changed: [CPU5,0,95.000000,3,3]
09-24 22:13:55.827  2866  4398 I thermal_changed: [CPU3,0,89.900002,0,3]
09-24 22:13:55.846  2866  4398 I thermal_changed: [CPU3,0,95.000000,3,3]
09-24 22:13:55.897  2866  4398 I thermal_changed: [CPU5,0,89.599998,0,3]
09-24 22:13:55.951  2866  4398 I thermal_changed: [CPU5,0,95.400002,3,3]
09-24 22:13:56.002  2866  4398 I thermal_changed: [CPU5,0,89.900002,0,3]
09-24 22:13:56.152  2866  4574 I thermal_changed: [CPU5,0,95.000000,3,3]
09-24 22:13:56.161  2866  4574 I thermal_changed: [CPU3,0,89.900002,0,3]
09-24 22:13:56.212  2866  4574 I thermal_changed: [CPU3,0,95.000000,3,3]
09-24 22:13:56.219  5454  5454 I auditd  : type=1400 audit(0.0:6856776): avc:  denied  { search } for  comm="DefaultDispatch" name="zram0" dev="sysfs" ino=107524 scontext=u:r:untrusted_app:s0:c207,c257,c512,c768 tcontext=u:object_r:sysfs_zram:s0 tclass=dir permissive=0 app=com.zenithblue.sambas3
09-24 22:13:56.219  5454  5454 I auditd  : type=1400 audit(0.0:6856777): avc:  denied  { search } for  comm="DefaultDispatch" name="zram0" dev="sysfs" ino=107524 scontext=u:r:untrusted_app:s0:c207,c257,c512,c768 tcontext=u:object_r:sysfs_zram:s0 tclass=dir permissive=0 app=com.zenithblue.sambas3
09-24 22:13:56.244  2866  4574 I thermal_changed: [CPU3,0,89.900002,0,3]
09-24 22:13:56.250  2866  4574 I thermal_changed: [CPU5,0,89.900002,0,3]
09-24 22:13:56.255  2866  4574 I thermal_changed: [CPU5,0,95.000000,3,3]
09-24 22:13:56.261  2866  4574 I thermal_changed: [CPU3,0,95.000000,3,3]
09-24 22:13:56.261  2866  4574 I thermal_changed: [CPU5,0,89.900002,0,3]
09-24 22:13:56.402  2866  4574 I thermal_changed: [CPU2,0,95.000000,3,3]
09-24 22:13:56.427  2866  4574 I thermal_changed: [CPU2,0,89.900002,0,3]
09-24 22:13:56.455  2866  4574 I thermal_changed: [CPU5,0,95.000000,3,3]
09-24 22:13:56.534  2866  4574 I thermal_changed: [CPU5,0,89.900002,0,3]
09-24 22:13:56.653  2866  4574 I thermal_changed: [CPU5,0,95.000000,3,3]
09-24 22:13:56.695  2866  4574 I thermal_changed: [CPU3,0,89.900002,0,3]
09-24 22:13:56.696  2866  4574 I thermal_changed: [CPU5,0,89.900002,0,3]
09-24 22:13:56.758  2866  4574 I thermal_changed: [CPU5,0,95.000000,3,3]
09-24 22:13:56.790  2866  4574 I thermal_changed: [CPU3,0,95.000000,3,3]
09-24 22:13:56.824  2866  4574 I thermal_changed: [CPU5,0,89.900002,0,3]
09-24 22:13:56.827 28482 28482 I auditd  : type=1400 audit(0.0:6856778): avc:  denied  { read } for  comm="DefaultDispatch" name="version" dev="proc" ino=4026532013 scontext=u:r:untrusted_app:s0:c163,c257,c512,c768 tcontext=u:object_r:proc_version:s0 tclass=file permissive=0 app=com.ivarna.mkm
09-24 22:13:56.859  2866  4574 I thermal_changed: [CPU3,0,89.900002,0,3]
09-24 22:13:56.907  2866  4574 I thermal_changed: [CPU3,0,95.000000,3,3]
09-24 22:13:56.915 11058 11058 I auditd  : type=1400 audit(0.0:6856779): avc:  denied  { read } for  comm="sh" name="devfreq" dev="sysfs" ino=53645 scontext=u:r:untrusted_app:s0:c163,c257,c512,c768 tcontext=u:object_r:vendor_sysfs_devfreq:s0 tclass=dir permissive=0 app=com.ivarna.mkm
09-24 22:13:56.915 11058 11058 I auditd  : type=1400 audit(0.0:6856780): avc:  denied  { search } for  comm="sh" name="devfreq" dev="sysfs" ino=53645 scontext=u:r:untrusted_app:s0:c163,c257,c512,c768 tcontext=u:object_r:vendor_sysfs_devfreq:s0 tclass=dir permissive=0 app=com.ivarna.mkm
09-24 22:13:57.067  2866  4574 I thermal_changed: [CPU5,0,95.000000,3,3]
09-24 22:13:57.153  2866  4574 I thermal_changed: [CPU3,0,89.900002,0,3]
09-24 22:13:57.201  2866  4574 I thermal_changed: [CPU3,0,95.000000,3,3]
09-24 22:13:57.216  2866  4574 I thermal_changed: [CPU5,0,89.900002,0,3]
09-24 22:13:57.289  2866  4398 I thermal_changed: [CPU3,0,89.900002,0,3]
09-24 22:13:57.293  2866  4398 I thermal_changed: [CPU5,0,95.800003,3,3]
09-24 22:13:57.317  2866  4398 I thermal_changed: [CPU5,0,89.900002,0,3]
09-24 22:13:57.374  2866  2917 I am_pss  : [10866,10300,com.google.android.projection.gearhead:car,0,0,0,110006272,0,19,4]
09-24 22:13:57.375  2866  2917 I am_pss  : [10837,10300,com.google.android.projection.gearhead:shared,0,0,0,123830272,0,19,0]
09-24 22:13:57.389  2866  4574 I thermal_changed: [CPU5,0,95.400002,3,3]
09-24 22:13:57.520  2866  4398 I thermal_changed: [CPU5,0,89.900002,0,3]
09-24 22:13:57.617  2866  4398 I thermal_changed: [CPU3,0,95.000000,3,3]
09-24 22:13:57.652  2866  4398 I thermal_changed: [CPU3,0,89.900002,0,3]
09-24 22:13:57.653  2866  4419 I thermal_changed: [CPU5,0,95.000000,3,3]
09-24 22:13:57.662  2866  4419 I thermal_changed: [CPU3,0,95.000000,3,3]
09-24 22:13:57.748  2866  4419 I thermal_changed: [CPU5,0,89.900002,0,3]
09-24 22:13:57.871  2866  4419 I thermal_changed: [CPU3,0,89.900002,0,3]
09-24 22:13:57.873  2866  4419 I thermal_changed: [CPU5,0,95.000000,3,3]
09-24 22:13:57.877  2866  4419 I thermal_changed: [CPU3,0,95.000000,3,3]
09-24 22:13:58.086  2866  4419 I thermal_changed: [CPU5,0,89.599998,0,3]
09-24 22:13:58.136  2866  4419 I thermal_changed: [CPU5,0,95.000000,3,3]
09-24 22:13:58.244  2866  4419 I thermal_changed: [CPU5,0,89.900002,0,3]
09-24 22:13:58.250  2866  4419 I thermal_changed: [CPU3,0,89.900002,0,3]
09-24 22:13:58.289  2866  4419 I thermal_changed: [CPU5,0,95.000000,3,3]
09-24 22:13:58.376  2866  4419 I thermal_changed: [CPU5,0,89.900002,0,3]
09-24 22:13:58.382  2866  4419 I thermal_changed: [CPU3,0,95.000000,3,3]
09-24 22:13:58.394  2866  4419 I thermal_changed: [CPU3,0,89.900002,0,3]
09-24 22:13:58.527  2866  4419 I thermal_changed: [CPU3,0,95.000000,3,3]
09-24 22:13:58.594  2866  4419 I thermal_changed: [CPU5,0,95.000000,3,3]
09-24 22:13:58.617  2866  4419 I thermal_changed: [CPU5,0,89.900002,0,3]
09-24 22:13:58.711  2866  4419 I thermal_changed: [CPU5,0,95.400002,3,3]
09-24 22:13:58.737  2866  4419 I thermal_changed: [CPU3,0,89.900002,0,3]
09-24 22:13:58.741  2866  4419 I thermal_changed: [CPU3,0,95.000000,3,3]
09-24 22:13:58.781  2866  4419 I thermal_changed: [CPU5,0,89.900002,0,3]
09-24 22:13:58.814  2866  4419 I thermal_changed: [CPU3,0,89.900002,0,3]
09-24 22:13:58.843  2866  4419 I thermal_changed: [CPU3,0,95.400002,3,3]
09-24 22:13:59.097  2866  4398 I thermal_changed: [CPU5,0,95.000000,3,3]
09-24 22:13:59.107 28482 28482 I auditd  : type=1400 audit(0.0:6856794): avc:  denied  { read } for  comm="DefaultDispatch" name="version" dev="proc" ino=4026532013 scontext=u:r:untrusted_app:s0:c163,c257,c512,c768 tcontext=u:object_r:proc_version:s0 tclass=file permissive=0 app=com.ivarna.mkm
09-24 22:13:59.199 11077 11077 I auditd  : type=1400 audit(0.0:6856795): avc:  denied  { read } for  comm="sh" name="devfreq" dev="sysfs" ino=53645 scontext=u:r:untrusted_app:s0:c163,c257,c512,c768 tcontext=u:object_r:vendor_sysfs_devfreq:s0 tclass=dir permissive=0 app=com.ivarna.mkm
09-24 22:13:59.199 11077 11077 I auditd  : type=1400 audit(0.0:6856796): avc:  denied  { search } for  comm="sh" name="devfreq" dev="sysfs" ino=53645 scontext=u:r:untrusted_app:s0:c163,c257,c512,c768 tcontext=u:object_r:vendor_sysfs_devfreq:s0 tclass=dir permissive=0 app=com.ivarna.mkm
09-24 22:13:59.199 11077 11077 I auditd  : type=1400 audit(0.0:6856797): avc:  denied  { read } for  comm="sh" name="devfreq" dev="sysfs" ino=53645 scontext=u:r:untrusted_app:s0:c163,c257,c512,c768 tcontext=u:object_r:vendor_sysfs_devfreq:s0 tclass=dir permissive=0 app=com.ivarna.mkm
09-24 22:13:59.199 11077 11077 I auditd  : type=1400 audit(0.0:6856798): avc:  denied  { search } for  comm="sh" name="devfreq" dev="sysfs" ino=53645 scontext=u:r:untrusted_app:s0:c163,c257,c512,c768 tcontext=u:object_r:vendor_sysfs_devfreq:s0 tclass=dir permissive=0 app=com.ivarna.mkm
09-24 22:13:59.265  2866  4398 I thermal_changed: [CPU5,0,89.900002,0,3]
09-24 22:13:59.271  2866  4398 I thermal_changed: [CPU2,0,95.000000,3,3]
09-24 22:13:59.293  2866  4398 I thermal_changed: [CPU3,0,89.900002,0,3]
09-24 22:13:59.294  2866  4398 I thermal_changed: [CPU2,0,89.900002,0,3]
09-24 22:13:59.297  2866  4419 I thermal_changed: [CPU5,0,95.400002,3,3]
09-24 22:13:59.454  2866  4574 I thermal_changed: [CPU5,0,89.900002,0,3]
09-24 22:13:59.457  2866  4574 I thermal_changed: [CPU5,0,95.000000,3,3]
09-24 22:13:59.579  2866  4419 I thermal_changed: [CPU5,0,89.900002,0,3]
09-24 22:13:59.580  2866  4419 I thermal_changed: [CPU3,0,95.400002,3,3]
09-24 22:13:59.585  2866  4419 I thermal_changed: [CPU5,0,95.000000,3,3]
09-24 22:13:59.669  2866  4419 I thermal_changed: [CPU5,0,89.900002,0,3]
09-24 22:13:59.773  2866  4419 I thermal_changed: [CPU2,0,95.000000,3,3]
09-24 22:13:59.810  2866  4419 I thermal_changed: [CPU2,0,89.900002,0,3]
09-24 22:13:59.826  2866  4419 I thermal_changed: [CPU3,0,89.900002,0,3]
09-24 22:13:59.833  2866  4419 I thermal_changed: [CPU3,0,95.000000,3,3]
09-24 22:14:00.004  2866  4419 I thermal_changed: [CPU5,0,95.000000,3,3]
09-24 22:14:00.083  2866  4574 I thermal_changed: [CPU5,0,89.599998,0,3]
09-24 22:14:00.122  2866  4574 I thermal_changed: [CPU5,0,95.000000,3,3]
09-24 22:14:00.248  2866  4574 I thermal_changed: [CPU5,0,89.900002,0,3]
09-24 22:14:00.268  2866  4574 I thermal_changed: [CPU3,0,89.900002,0,3]
09-24 22:14:00.270  2866  4574 I thermal_changed: [CPU5,0,95.400002,3,3]
09-24 22:14:00.443  2866  4419 I thermal_changed: [CPU3,0,95.000000,3,3]
09-24 22:14:00.455  2866  4419 I thermal_changed: [CPU5,0,89.900002,0,3]
09-24 22:14:00.462  2866  4419 I thermal_changed: [CPU3,0,89.900002,0,3]
09-24 22:14:00.465  2866  4419 I thermal_changed: [CPU5,0,95.400002,3,3]
09-24 22:14:00.487  2866  4419 I thermal_changed: [CPU5,0,89.900002,0,3]
09-24 22:14:00.537  2866  4419 I thermal_changed: [CPU3,0,95.000000,3,3]
09-24 22:14:00.565  2866  4419 I thermal_changed: [CPU5,0,95.000000,3,3]
09-24 22:14:00.614  2866  4419 I thermal_changed: [CPU5,0,89.900002,0,3]
09-24 22:14:00.646  2866  4419 I thermal_changed: [CPU5,0,95.000000,3,3]
09-24 22:14:00.648  2866  4419 I thermal_changed: [CPU3,0,89.900002,0,3]
09-24 22:14:00.655  2866  4419 I thermal_changed: [CPU3,0,95.000000,3,3]
09-24 22:14:00.677  2866  4419 I thermal_changed: [CPU5,0,89.599998,0,3]
09-24 22:14:00.679  2866  4419 I thermal_changed: [CPU3,0,89.900002,0,3]
09-24 22:14:00.692  2866  4419 I thermal_changed: [CPU3,0,95.000000,3,3]
09-24 22:14:00.695  2866  4419 I thermal_changed: [CPU5,0,95.000000,3,3]
09-24 22:14:00.703  2866  4419 I thermal_changed: [CPU5,0,89.900002,0,3]
09-24 22:14:00.703  2866  4419 I thermal_changed: [CPU3,0,89.900002,0,3]
09-24 22:14:00.730  2866  4419 I thermal_changed: [CPU3,0,95.000000,3,3]
09-24 22:14:00.841  2866  4419 I thermal_changed: [CPU5,0,95.000000,3,3]
09-24 22:14:00.940  2866  4419 I thermal_changed: [CPU5,0,89.900002,0,3]
09-24 22:14:00.994  2866  4419 I thermal_changed: [CPU5,0,95.000000,3,3]
09-24 22:14:01.044  2866  4574 I thermal_changed: [CPU3,0,89.900002,0,3]
09-24 22:14:01.046  2866  4419 I thermal_changed: [CPU5,0,89.900002,0,3]
09-24 22:14:01.067  2866  4419 I thermal_changed: [CPU3,0,95.000000,3,3]
09-24 22:14:01.092  2866  4419 I thermal_changed: [CPU5,0,95.000000,3,3]
09-24 22:14:01.286  2866  4419 I thermal_changed: [CPU2,0,95.000000,3,3]
09-24 22:14:01.287  2866  4419 I thermal_changed: [CPU3,0,89.900002,0,3]
09-24 22:14:01.328  2866  4419 I thermal_changed: [CPU5,0,89.900002,0,3]
09-24 22:14:01.338  2866  4419 I thermal_changed: [CPU3,0,95.000000,3,3]
09-24 22:14:01.339  2866  4419 I thermal_changed: [CPU5,0,95.000000,3,3]
09-24 22:14:01.342  2866  4419 I thermal_changed: [CPU2,0,89.900002,0,3]
09-24 22:14:01.423 28482 28482 I auditd  : type=1400 audit(0.0:6856810): avc:  denied  { read } for  comm="DefaultDispatch" name="version" dev="proc" ino=4026532013 scontext=u:r:untrusted_app:s0:c163,c257,c512,c768 tcontext=u:object_r:proc_version:s0 tclass=file permissive=0 app=com.ivarna.mkm
09-24 22:14:01.441  2866  4574 I thermal_changed: [CPU3,0,89.900002,0,3]
09-24 22:14:01.458  2866  4574 I thermal_changed: [CPU3,0,95.000000,3,3]
09-24 22:14:01.495 11099 11099 I auditd  : type=1400 audit(0.0:6856811): avc:  denied  { read } for  comm="sh" name="devfreq" dev="sysfs" ino=53645 scontext=u:r:untrusted_app:s0:c163,c257,c512,c768 tcontext=u:object_r:vendor_sysfs_devfreq:s0 tclass=dir permissive=0 app=com.ivarna.mkm
09-24 22:14:01.495 11099 11099 I auditd  : type=1400 audit(0.0:6856812): avc:  denied  { search } for  comm="sh" name="devfreq" dev="sysfs" ino=53645 scontext=u:r:untrusted_app:s0:c163,c257,c512,c768 tcontext=u:object_r:vendor_sysfs_devfreq:s0 tclass=dir permissive=0
09-24 22:14:01.495 11099 11099 I auditd  : type=1400 audit(0.0:6856813): avc:  denied  { read } for  comm="sh" name="devfreq" dev="sysfs" ino=53645 scontext=u:r:untrusted_app:s0:c163,c257,c512,c768 tcontext=u:object_r:vendor_sysfs_devfreq:s0 tclass=dir permissive=0
09-24 22:14:01.495 11099 11099 I auditd  : type=1400 audit(0.0:6856814): avc:  denied  { search } for  comm="sh" name="devfreq" dev="sysfs" ino=53645 scontext=u:r:untrusted_app:s0:c163,c257,c512,c768 tcontext=u:object_r:vendor_sysfs_devfreq:s0 tclass=dir permissive=0
09-24 22:14:01.583  2866  4419 I thermal_changed: [CPU5,0,89.900002,0,3]
09-24 22:14:01.586  2866  4419 I thermal_changed: [CPU3,0,89.900002,0,3]
09-24 22:14:01.616  2866  4419 I thermal_changed: [CPU3,0,95.000000,3,3]
09-24 22:14:01.816  2866  4419 I thermal_changed: [CPU5,0,95.400002,3,3]
09-24 22:14:01.994  2866  4419 I thermal_changed: [CPU5,0,89.900002,0,3]
09-24 22:14:02.026  2866  4419 I thermal_changed: [CPU3,0,89.900002,0,3]
09-24 22:14:02.029  2866  4419 I thermal_changed: [CPU5,0,95.000000,3,3]
09-24 22:14:02.032  2866  4419 I thermal_changed: [CPU5,0,89.900002,0,3]
09-24 22:14:02.038  2866  4419 I thermal_changed: [CPU5,0,95.000000,3,3]
09-24 22:14:02.046  2866  4398 I thermal_changed: [CPU3,0,95.000000,3,3]
09-24 22:14:02.252  2866  4419 I thermal_changed: [CPU5,0,89.900002,0,3]
09-24 22:14:02.276  2866  4419 I thermal_changed: [CPU3,0,89.900002,0,3]
09-24 22:14:02.279  2866  4419 I thermal_changed: [CPU5,0,95.000000,3,3]
09-24 22:14:02.296  2866  4419 I thermal_changed: [CPU3,0,95.000000,3,3]
09-24 22:14:02.377  2866  4419 I thermal_changed: [CPU3,0,89.900002,0,3]
09-24 22:14:02.383  2866  4419 I thermal_changed: [CPU5,0,89.599998,0,3]
09-24 22:14:02.391  2866  4419 I thermal_changed: [CPU3,0,95.000000,3,3]
09-24 22:14:02.463  2866  4419 I thermal_changed: [CPU3,0,89.900002,0,3]
09-24 22:14:02.465  2866  4419 I thermal_changed: [CPU5,0,95.000000,3,3]
09-24 22:14:02.466  2866  4419 I thermal_changed: [CPU3,0,95.400002,3,3]
09-24 22:14:02.519  2866  4419 I thermal_changed: [CPU3,0,89.900002,0,3]
09-24 22:14:02.565  2866  4419 I thermal_changed: [CPU3,0,95.000000,3,3]
09-24 22:14:02.615  2866  4419 I thermal_changed: [CPU3,0,89.900002,0,3]
09-24 22:14:02.625  2866  4419 I thermal_changed: [CPU3,0,95.000000,3,3]
09-24 22:14:02.637  2866  4419 I thermal_changed: [CPU3,0,89.900002,0,3]
09-24 22:14:02.655  2866  4419 I thermal_changed: [CPU3,0,95.000000,3,3]
09-24 22:14:02.676  2866  4419 I thermal_changed: [CPU3,0,89.900002,0,3]
09-24 22:14:02.740  2866  4419 I thermal_changed: [CPU3,0,95.000000,3,3]
09-24 22:14:02.742  2866  4419 I thermal_changed: [CPU5,0,89.900002,0,3]
09-24 22:14:02.757  2866  4419 I thermal_changed: [CPU5,0,95.400002,3,3]
09-24 22:14:02.795  2866  4419 I thermal_changed: [CPU3,0,89.900002,0,3]
09-24 22:14:03.007  2866  4419 I thermal_changed: [CPU3,0,95.000000,3,3]
09-24 22:14:03.032  2866  4419 I thermal_changed: [CPU5,0,89.900002,0,3]
09-24 22:14:03.064  2866  4574 I thermal_changed: [CPU5,0,95.000000,3,3]
09-24 22:14:03.144  2866  4574 I thermal_changed: [CPU3,0,89.900002,0,3]
09-24 22:14:03.154  2866  4574 I thermal_changed: [CPU5,0,89.900002,0,3]
09-24 22:14:03.156  2866  4574 I thermal_changed: [CPU3,0,95.000000,3,3]
09-24 22:14:03.378  2866  4398 I thermal_changed: [CPU3,0,89.900002,0,3]
09-24 22:14:03.403  2866  4398 I thermal_changed: [CPU5,0,95.000000,3,3]
09-24 22:14:03.416  2866  4398 I thermal_changed: [CPU3,0,95.000000,3,3]
09-24 22:14:03.521  2866  4398 I thermal_changed: [CPU5,0,89.900002,0,3]
09-24 22:14:03.679 28482 28482 I auditd  : type=1400 audit(0.0:6856826): avc:  denied  { read } for  comm="DefaultDispatch" name="version" dev="proc" ino=4026532013 scontext=u:r:untrusted_app:s0:c163,c257,c512,c768 tcontext=u:object_r:proc_version:s0 tclass=file permissive=0 app=com.ivarna.mkm
09-24 22:14:03.692  2866  4398 I thermal_changed: [CPU5,0,95.000000,3,3]
09-24 22:14:03.745  2866  4398 I thermal_changed: [CPU5,0,89.900002,0,3]
09-24 22:14:03.779 11118 11118 I auditd  : type=1400 audit(0.0:6856827): avc:  denied  { read } for  comm="sh" name="devfreq" dev="sysfs" ino=53645 scontext=u:r:untrusted_app:s0:c163,c257,c512,c768 tcontext=u:object_r:vendor_sysfs_devfreq:s0 tclass=dir permissive=0 app=com.ivarna.mkm
09-24 22:14:03.779 11118 11118 I auditd  : type=1400 audit(0.0:6856828): avc:  denied  { search } for  comm="sh" name="devfreq" dev="sysfs" ino=53645 scontext=u:r:untrusted_app:s0:c163,c257,c512,c768 tcontext=u:object_r:vendor_sysfs_devfreq:s0 tclass=dir permissive=0 app=com.ivarna.mkm
09-24 22:14:03.779 11118 11118 I auditd  : type=1400 audit(0.0:6856829): avc:  denied  { read } for  comm="sh" name="devfreq" dev="sysfs" ino=53645 scontext=u:r:untrusted_app:s0:c163,c257,c512,c768 tcontext=u:object_r:vendor_sysfs_devfreq:s0 tclass=dir permissive=0 app=com.ivarna.mkm
09-24 22:14:03.783 11118 11118 I auditd  : type=1400 audit(0.0:6856830): avc:  denied  { search } for  comm="sh" name="devfreq" dev="sysfs" ino=53645 scontext=u:r:untrusted_app:s0:c163,c257,c512,c768 tcontext=u:object_r:vendor_sysfs_devfreq:s0 tclass=dir permissive=0
09-24 22:14:03.847  2866  4398 I thermal_changed: [CPU3,0,89.900002,0,3]
09-24 22:14:03.893  2866  4419 I thermal_changed: [CPU5,0,95.000000,3,3]
09-24 22:14:03.894  2866  4419 I thermal_changed: [CPU3,0,95.000000,3,3]
09-24 22:14:04.022  2866  4574 I thermal_changed: [CPU3,0,89.900002,0,3]
09-24 22:14:04.029  2866  4398 I thermal_changed: [CPU3,0,95.000000,3,3]
09-24 22:14:04.052  2866  4398 I thermal_changed: [CPU3,0,89.900002,0,3]
09-24 22:14:04.084  2866  4574 I thermal_changed: [CPU5,0,89.900002,0,3]
09-24 22:14:04.102  2866  4574 I thermal_changed: [CPU3,0,95.400002,3,3]
09-24 22:14:04.126  2866  4574 I thermal_changed: [CPU5,0,95.000000,3,3]
09-24 22:14:04.168  2866  4398 I thermal_changed: [CPU3,0,89.900002,0,3]
09-24 22:14:04.242  2866  4398 I thermal_changed: [CPU5,0,89.900002,0,3]
09-24 22:14:04.264  2866  4398 I thermal_changed: [CPU3,0,95.000000,3,3]
09-24 22:14:04.273  2866  4398 I thermal_changed: [CPU5,0,95.000000,3,3]
09-24 22:14:04.578  2866  4398 I thermal_changed: [CPU5,0,89.900002,0,3]
09-24 22:14:04.597  2866  4398 I thermal_changed: [CPU5,0,95.400002,3,3]
09-24 22:14:04.793  2866  4398 I thermal_changed: [CPU5,0,89.900002,0,3]
09-24 22:14:04.933  2866  4398 I thermal_changed: [CPU3,0,89.900002,0,3]
09-24 22:14:04.941  2866  4398 I thermal_changed: [CPU5,0,95.400002,3,3]
09-24 22:14:04.943  2866  4398 I thermal_changed: [CPU3,0,95.000000,3,3]
09-24 22:14:04.985  2866  4398 I thermal_changed: [CPU3,0,89.900002,0,3]
09-24 22:14:05.021  2866  4398 I thermal_changed: [CPU3,0,95.000000,3,3]
09-24 22:14:05.060  2866  4398 I thermal_changed: [CPU3,0,89.900002,0,3]
09-24 22:14:05.094  2866  4398 I thermal_changed: [CPU3,0,95.000000,3,3]
09-24 22:14:05.134  2866  4398 I thermal_changed: [CPU3,0,89.900002,0,3]
09-24 22:14:05.137  2866  4398 I thermal_changed: [CPU5,0,89.900002,0,3]
09-24 22:14:05.142  2866  4574 I thermal_changed: [CPU3,0,95.000000,3,3]
09-24 22:14:05.274  2866  4574 I thermal_changed: [CPU3,0,89.900002,0,3]
09-24 22:14:05.397  2866  3877 I thermal_changed: [CPU3,0,95.000000,3,3]
09-24 22:14:05.455  5454  5454 I auditd  : type=1400 audit(0.0:6856842): avc:  denied  { search } for  comm="DefaultDispatch" name="zram0" dev="sysfs" ino=107524 scontext=u:r:untrusted_app:s0:c207,c257,c512,c768 tcontext=u:object_r:sysfs_zram:s0 tclass=dir permissive=0 app=com.zenithblue.sambas3
09-24 22:14:05.455  5454  5454 I auditd  : type=1400 audit(0.0:6856843): avc:  denied  { search } for  comm="DefaultDispatch" name="zram0" dev="sysfs" ino=107524 scontext=u:r:untrusted_app:s0:c207,c257,c512,c768 tcontext=u:object_r:sysfs_zram:s0 tclass=dir permissive=0 app=com.zenithblue.sambas3
09-24 22:14:05.568  2866  3877 I thermal_changed: [CPU5,0,95.000000,3,3]
09-24 22:14:05.580  2866  3877 I thermal_changed: [CPU2,0,95.000000,3,3]
09-24 22:14:05.613  2866  3877 I thermal_changed: [CPU2,0,89.900002,0,3]
09-24 22:14:05.618  2866  3877 I thermal_changed: [CPU3,0,89.900002,0,3]
09-24 22:14:05.745  2866  3877 I thermal_changed: [CPU3,0,95.400002,3,3]
09-24 22:14:05.745  2866  4398 I thermal_changed: [CPU5,0,89.900002,0,3]
09-24 22:14:05.789  2866  4398 I thermal_changed: [CPU5,0,95.000000,3,3]
09-24 22:14:05.825  2866  4398 I thermal_changed: [CPU3,0,89.900002,0,3]
09-24 22:14:05.829  2866  4398 I thermal_changed: [CPU3,0,95.000000,3,3]
09-24 22:14:05.936  2866  4398 I thermal_changed: [CPU5,0,89.900002,0,3]
09-24 22:14:05.948  2866  4398 I thermal_changed: [CPU3,0,89.900002,0,3]
09-24 22:14:05.959  2866  4398 I thermal_changed: [CPU5,0,95.000000,3,3]
09-24 22:14:06.007 28482 28482 I auditd  : type=1400 audit(0.0:6856844): avc:  denied  { read } for  comm="DefaultDispatch" name="version" dev="proc" ino=4026532013 scontext=u:r:untrusted_app:s0:c163,c257,c512,c768 tcontext=u:object_r:proc_version:s0 tclass=file permissive=0 app=com.ivarna.mkm
09-24 22:14:06.041  2866  4398 I thermal_changed: [CPU3,0,95.000000,3,3]
09-24 22:14:06.056  2866  3877 I thermal_changed: [CPU3,0,89.900002,0,3]
09-24 22:14:06.111  2866  4398 I thermal_changed: [CPU5,0,89.900002,0,3]
09-24 22:14:06.127 11136 11136 I auditd  : type=1400 audit(0.0:6856845): avc:  denied  { read } for  comm="sh" name="devfreq" dev="sysfs" ino=53645 scontext=u:r:untrusted_app:s0:c163,c257,c512,c768 tcontext=u:object_r:vendor_sysfs_devfreq:s0 tclass=dir permissive=0 app=com.ivarna.mkm
09-24 22:14:06.127 11136 11136 I auditd  : type=1400 audit(0.0:6856846): avc:  denied  { search } for  comm="sh" name="devfreq" dev="sysfs" ino=53645 scontext=u:r:untrusted_app:s0:c163,c257,c512,c768 tcontext=u:object_r:vendor_sysfs_devfreq:s0 tclass=dir permissive=0 app=com.ivarna.mkm
09-24 22:14:06.133  2866  4398 I thermal_changed: [CPU5,0,95.000000,3,3]
09-24 22:14:06.205  2866  4398 I thermal_changed: [CPU3,0,95.000000,3,3]
09-24 22:14:06.245  2866  4398 I thermal_changed: [CPU3,0,89.900002,0,3]
09-24 22:14:06.251  2866  4398 I thermal_changed: [CPU3,0,95.000000,3,3]
09-24 22:14:06.415  2866  4398 I thermal_changed: [CPU5,0,89.900002,0,3]
09-24 22:14:06.430  2866  3877 I thermal_changed: [CPU5,0,95.000000,3,3]
09-24 22:14:06.679  2866  4398 I thermal_changed: [CPU3,0,89.900002,0,3]
09-24 22:14:06.890  2866  3614 I am_freeze: [24286,com.google.android.googlequicksearchbox:search]
09-24 22:14:06.967  2866  4398 I thermal_changed: [CPU3,0,95.000000,3,3]
09-24 22:14:07.038  2866  4398 I thermal_changed: [CPU5,0,89.900002,0,3]
09-24 22:14:07.039  2866  3614 I am_compact: [24286,com.google.android.googlequicksearchbox:search,ANON,144292,96300,46020,49484,-34792,-2328,-32464,32400,149,FULL,649979921,905,19,657736,-12464]
09-24 22:14:07.040  2866  3614 I am_freeze: [29667,com.android.settings]
09-24 22:14:07.040  2866  3614 I am_freeze: [27581,com.android.keychain]
09-24 22:14:07.064  2866  3614 I am_compact: [29667,com.android.settings,ANON,123812,102960,18488,96828,-4972,0,-4972,4892,24,FULL,650074569,905,10,670200,-2024]
09-24 22:14:07.102  2866  4398 I thermal_changed: [CPU3,0,89.900002,0,3]
09-24 22:14:07.162  2866  4398 I thermal_changed: [CPU3,0,95.000000,3,3]
09-24 22:14:07.168  2866  4398 I thermal_changed: [CPU5,0,95.000000,3,3]
09-24 22:14:07.262  2866  4398 I thermal_changed: [CPU3,0,89.900002,0,3]
09-24 22:14:07.293  2866  4398 I thermal_changed: [CPU3,0,95.000000,3,3]
09-24 22:14:07.407  2866  3614 I am_freeze: [10866,com.google.android.projection.gearhead:car]
09-24 22:14:07.408  2866  3614 I am_freeze: [10837,com.google.android.projection.gearhead:shared]
09-24 22:14:07.774  2866  3877 I thermal_changed: [CPU3,0,89.900002,0,3]
09-24 22:14:07.873  2866  3877 I thermal_changed: [CPU3,0,95.000000,3,3]
09-24 22:14:07.995  2866  3877 I thermal_changed: [CPU5,0,89.900002,0,3]
09-24 22:14:08.027  2866  3877 I thermal_changed: [CPU5,0,95.000000,3,3]
09-24 22:14:08.103  2866  3877 I thermal_changed: [CPU5,0,89.900002,0,3]
09-24 22:14:08.161  2866  3877 I thermal_changed: [CPU5,0,95.000000,3,3]
09-24 22:14:08.231  2866  3877 I thermal_changed: [CPU3,0,89.900002,0,3]
09-24 22:14:08.261  2866  3877 I thermal_changed: [CPU5,0,89.900002,0,3]
09-24 22:14:08.301  2866  4398 I thermal_changed: [CPU5,0,95.000000,3,3]
09-24 22:14:08.367 28482 28482 I auditd  : type=1400 audit(0.0:6856860): avc:  denied  { read } for  comm="DefaultDispatch" name="version" dev="proc" ino=4026532013 scontext=u:r:untrusted_app:s0:c163,c257,c512,c768 tcontext=u:object_r:proc_version:s0 tclass=file permissive=0 app=com.ivarna.mkm
09-24 22:14:08.417  2866  4398 I thermal_changed: [CPU3,0,95.000000,3,3]
09-24 22:14:08.471 11159 11159 I auditd  : type=1400 audit(0.0:6856861): avc:  denied  { read } for  comm="sh" name="devfreq" dev="sysfs" ino=53645 scontext=u:r:untrusted_app:s0:c163,c257,c512,c768 tcontext=u:object_r:vendor_sysfs_devfreq:s0 tclass=dir permissive=0 app=com.ivarna.mkm
09-24 22:14:08.471 11159 11159 I auditd  : type=1400 audit(0.0:6856862): avc:  denied  { search } for  comm="sh" name="devfreq" dev="sysfs" ino=53645 scontext=u:r:untrusted_app:s0:c163,c257,c512,c768 tcontext=u:object_r:vendor_sysfs_devfreq:s0 tclass=dir permissive=0 app=com.ivarna.mkm
09-24 22:14:08.471 11159 11159 I auditd  : type=1400 audit(0.0:6856863): avc:  denied  { read } for  comm="sh" name="devfreq" dev="sysfs" ino=53645 scontext=u:r:untrusted_app:s0:c163,c257,c512,c768 tcontext=u:object_r:vendor_sysfs_devfreq:s0 tclass=dir permissive=0 app=com.ivarna.mkm
09-24 22:14:08.471 11159 11159 I auditd  : type=1400 audit(0.0:6856864): avc:  denied  { search } for  comm="sh" name="devfreq" dev="sysfs" ino=53645 scontext=u:r:untrusted_app:s0:c163,c257,c512,c768 tcontext=u:object_r:vendor_sysfs_devfreq:s0 tclass=dir permissive=0 app=com.ivarna.mkm
09-24 22:14:08.754  2866  4398 I thermal_changed: [CPU2,0,95.000000,3,3]
09-24 22:14:08.771  2866  4398 I thermal_changed: [CPU5,0,89.900002,0,3]
09-24 22:14:08.797  2866  4398 I thermal_changed: [CPU5,0,95.000000,3,3]
09-24 22:14:08.803  2866  4398 I thermal_changed: [CPU2,0,89.900002,0,3]
09-24 22:14:08.819  2866  4398 I thermal_changed: [CPU5,0,89.900002,0,3]
09-24 22:14:08.879  2866  4398 I thermal_changed: [CPU5,0,95.000000,3,3]
09-24 22:14:08.930  2866  4398 I thermal_changed: [CPU5,0,89.900002,0,3]
09-24 22:14:08.936  2866  4398 I thermal_changed: [CPU5,0,95.000000,3,3]
09-24 22:14:08.953  2866  4398 I thermal_changed: [CPU3,0,89.900002,0,3]
09-24 22:14:08.960  2866  4398 I thermal_changed: [CPU5,0,89.900002,0,3]
09-24 22:14:08.960  2866  3877 I thermal_changed: [CPU3,0,95.000000,3,3]
09-24 22:14:08.970  2866  4398 I thermal_changed: [CPU3,0,89.900002,0,3]
09-24 22:14:08.977  2866  4398 I thermal_changed: [CPU3,0,95.400002,3,3]
09-24 22:14:09.115  2866  3877 I thermal_changed: [CPU3,0,89.900002,0,3]
09-24 22:14:09.148  2866  3877 I thermal_changed: [CPU3,0,95.000000,3,3]
09-24 22:14:09.194  2866  3877 I thermal_changed: [CPU3,0,89.900002,0,3]
09-24 22:14:09.238  2866  3877 I thermal_changed: [CPU3,0,95.000000,3,3]
09-24 22:14:09.288  2866  3877 I thermal_changed: [CPU5,0,95.400002,3,3]
09-24 22:14:09.346  2866  3877 I thermal_changed: [CPU5,0,89.900002,0,3]
09-24 22:14:09.361  2866  3877 I thermal_changed: [CPU5,0,95.000000,3,3]
09-24 22:14:09.406  2866  3877 I thermal_changed: [CPU3,0,89.900002,0,3]
09-24 22:14:09.416  2866  3877 I thermal_changed: [CPU3,0,95.000000,3,3]
09-24 22:14:09.564  2866  3877 I thermal_changed: [CPU3,0,89.900002,0,3]
09-24 22:14:09.574  2866  3877 I thermal_changed: [CPU3,0,95.000000,3,3]
09-24 22:14:09.674  2866  3877 I thermal_changed: [CPU5,0,89.900002,0,3]
09-24 22:14:09.704  2866  4574 I thermal_changed: [CPU3,0,89.900002,0,3]
09-24 22:14:09.711  2866  4574 I thermal_changed: [CPU3,0,95.000000,3,3]
09-24 22:14:09.730  2866  4574 I thermal_changed: [CPU3,0,89.900002,0,3]
09-24 22:14:09.738  2866  4574 I thermal_changed: [CPU4,0,95.000000,3,3]
09-24 22:14:09.760  2866  4574 I thermal_changed: [CPU4,0,89.900002,0,3]
09-24 22:14:09.798  2866  4574 I thermal_changed: [CPU5,0,95.000000,3,3]
09-24 22:14:09.843  2866  4574 I thermal_changed: [CPU5,0,89.900002,0,3]
09-24 22:14:09.852  2866  4574 I thermal_changed: [CPU3,0,95.000000,3,3]
09-24 22:14:09.949  2866  4574 I thermal_changed: [CPU3,0,89.900002,0,3]
09-24 22:14:09.969  2866  4574 I thermal_changed: [CPU3,0,95.000000,3,3]
09-24 22:14:10.035  2866  4574 I thermal_changed: [CPU3,0,89.900002,0,3]
09-24 22:14:10.060  2866  4574 I thermal_changed: [CPU3,0,95.000000,3,3]
09-24 22:14:10.135  2866  4398 I thermal_changed: [CPU3,0,89.900002,0,3]
09-24 22:14:10.194  2866  4398 I thermal_changed: [CPU3,0,95.400002,3,3]
09-24 22:14:10.414  2866  4398 I thermal_changed: [CPU5,0,95.000000,3,3]
09-24 22:14:10.463  2866  4398 I thermal_changed: [CPU5,0,89.900002,0,3]
09-24 22:14:10.468  2866  4398 I thermal_changed: [CPU3,0,89.900002,0,3]
09-24 22:14:10.537  2866  4398 I thermal_changed: [CPU5,0,95.000000,3,3]
09-24 22:14:10.577  2866  4398 I thermal_changed: [CPU3,0,95.000000,3,3]
09-24 22:14:10.610  2866  4398 I thermal_changed: [CPU5,0,89.900002,0,3]
09-24 22:14:10.691 28482 28482 I auditd  : type=1400 audit(0.0:6856876): avc:  denied  { read } for  comm="DefaultDispatch" name="version" dev="proc" ino=4026532013 scontext=u:r:untrusted_app:s0:c163,c257,c512,c768 tcontext=u:object_r:proc_version:s0 tclass=file permissive=0 app=com.ivarna.mkm
09-24 22:14:10.757  2866  4398 I thermal_changed: [CPU5,0,95.000000,3,3]
09-24 22:14:10.795 11177 11177 I auditd  : type=1400 audit(0.0:6856877): avc:  denied  { read } for  comm="sh" name="devfreq" dev="sysfs" ino=53645 scontext=u:r:untrusted_app:s0:c163,c257,c512,c768 tcontext=u:object_r:vendor_sysfs_devfreq:s0 tclass=dir permissive=0 app=com.ivarna.mkm
09-24 22:14:10.795 11177 11177 I auditd  : type=1400 audit(0.0:6856878): avc:  denied  { search } for  comm="sh" name="devfreq" dev="sysfs" ino=53645 scontext=u:r:untrusted_app:s0:c163,c257,c512,c768 tcontext=u:object_r:vendor_sysfs_devfreq:s0 tclass=dir permissive=0 app=com.ivarna.mkm
09-24 22:14:10.795 11177 11177 I auditd  : type=1400 audit(0.0:6856879): avc:  denied  { read } for  comm="sh" name="devfreq" dev="sysfs" ino=53645 scontext=u:r:untrusted_app:s0:c163,c257,c512,c768 tcontext=u:object_r:vendor_sysfs_devfreq:s0 tclass=dir permissive=0 app=com.ivarna.mkm
09-24 22:14:10.795 11177 11177 I auditd  : type=1400 audit(0.0:6856880): avc:  denied  { search } for  comm="sh" name="devfreq" dev="sysfs" ino=53645 scontext=u:r:untrusted_app:s0:c163,c257,c512,c768 tcontext=u:object_r:vendor_sysfs_devfreq:s0 tclass=dir permissive=0 app=com.ivarna.mkm
09-24 22:14:10.945  2866  4574 I thermal_changed: [CPU3,0,89.900002,0,3]
09-24 22:14:10.980  2866  4398 I thermal_changed: [CPU3,0,95.000000,3,3]
09-24 22:14:11.041  2866  4574 I thermal_changed: [CPU3,0,89.900002,0,3]
09-24 22:14:11.051  2866  4398 I thermal_changed: [CPU3,0,95.000000,3,3]
09-24 22:14:11.131  2866  4574 I thermal_changed: [CPU2,0,95.000000,3,3]
09-24 22:14:11.193  2866  4574 I thermal_changed: [CPU2,0,89.900002,0,3]
09-24 22:14:11.224  2866  4398 I thermal_changed: [CPU5,0,89.599998,0,3]
09-24 22:14:11.253  2866  4398 I thermal_changed: [CPU3,0,89.900002,0,3]
09-24 22:14:11.265  2866  4398 I thermal_changed: [CPU3,0,95.000000,3,3]
09-24 22:14:11.321  2866  4398 I thermal_changed: [CPU5,0,95.000000,3,3]
09-24 22:14:11.396  2866  4574 I thermal_changed: [CPU5,0,89.900002,0,3]
09-24 22:14:11.526  2866  4574 I thermal_changed: [CPU3,0,89.900002,0,3]
09-24 22:14:11.656  2866  4574 I thermal_changed: [CPU5,0,95.000000,3,3]
09-24 22:14:11.670  2866  4574 I thermal_changed: [CPU3,0,95.000000,3,3]
09-24 22:14:11.836  2866  4574 I thermal_changed: [CPU5,0,89.599998,0,3]
09-24 22:14:11.912  2866  4574 I thermal_changed: [CPU3,0,89.900002,0,3]
09-24 22:14:11.922  2866  4574 I thermal_changed: [CPU3,0,95.000000,3,3]
09-24 22:14:11.967  2866  4574 I thermal_changed: [CPU2,0,95.000000,3,3]
09-24 22:14:11.972  2866  4574 I thermal_changed: [CPU2,0,89.900002,0,3]
09-24 22:14:12.023  2866  4574 I thermal_changed: [CPU5,0,95.000000,3,3]
09-24 22:14:12.034  2866  4574 I thermal_changed: [CPU3,0,89.900002,0,3]
09-24 22:14:12.061  2866  4574 I thermal_changed: [CPU3,0,95.000000,3,3]
09-24 22:14:12.246  2866  4574 I thermal_changed: [CPU5,0,89.900002,0,3]
09-24 22:14:12.277  2866  4574 I thermal_changed: [CPU3,0,89.900002,0,3]
09-24 22:14:12.280  2866  4574 I thermal_changed: [CPU5,0,95.000000,3,3]
09-24 22:14:12.289  2866  4574 I thermal_changed: [CPU5,0,89.900002,0,3]
09-24 22:14:12.363  2866  4574 I thermal_changed: [CPU5,0,95.000000,3,3]
09-24 22:14:12.372  2866  4574 I thermal_changed: [CPU3,0,95.000000,3,3]
09-24 22:14:12.607  2866  4574 I thermal_changed: [CPU5,0,89.900002,0,3]
09-24 22:14:12.799  2866  4398 I thermal_changed: [CPU3,0,89.900002,0,3]
09-24 22:14:12.862  2866  4398 I thermal_changed: [CPU3,0,95.000000,3,3]
09-24 22:14:12.897  2866  4398 I thermal_changed: [CPU5,0,95.000000,3,3]
09-24 22:14:12.939  2866  4398 I thermal_changed: [CPU5,0,89.900002,0,3]
09-24 22:14:12.967  2866  4398 I thermal_changed: [CPU5,0,95.000000,3,3]
09-24 22:14:12.980  2866  4398 I thermal_changed: [CPU3,0,89.900002,0,3]
09-24 22:14:13.005  2866  4398 I thermal_changed: [CPU5,0,89.900002,0,3]
09-24 22:14:13.006  2866  4398 I thermal_changed: [CPU3,0,95.000000,3,3]
09-24 22:14:13.015 28482 28482 I auditd  : type=1400 audit(0.0:6856892): avc:  denied  { read } for  comm="DefaultDispatch" name="version" dev="proc" ino=4026532013 scontext=u:r:untrusted_app:s0:c163,c257,c512,c768 tcontext=u:object_r:proc_version:s0 tclass=file permissive=0 app=com.ivarna.mkm
09-24 22:14:13.095 11198 11198 I auditd  : type=1400 audit(0.0:6856893): avc:  denied  { read } for  comm="sh" name="devfreq" dev="sysfs" ino=53645 scontext=u:r:untrusted_app:s0:c163,c257,c512,c768 tcontext=u:object_r:vendor_sysfs_devfreq:s0 tclass=dir permissive=0 app=com.ivarna.mkm
09-24 22:14:13.095 11198 11198 I auditd  : type=1400 audit(0.0:6856894): avc:  denied  { search } for  comm="sh" name="devfreq" dev="sysfs" ino=53645 scontext=u:r:untrusted_app:s0:c163,c257,c512,c768 tcontext=u:object_r:vendor_sysfs_devfreq:s0 tclass=dir permissive=0 app=com.ivarna.mkm
09-24 22:14:13.095 11198 11198 I auditd  : type=1400 audit(0.0:6856895): avc:  denied  { read } for  comm="sh" name="devfreq" dev="sysfs" ino=53645 scontext=u:r:untrusted_app:s0:c163,c257,c512,c768 tcontext=u:object_r:vendor_sysfs_devfreq:s0 tclass=dir permissive=0 app=com.ivarna.mkm
09-24 22:14:13.095 11198 11198 I auditd  : type=1400 audit(0.0:6856896): avc:  denied  { search } for  comm="sh" name="devfreq" dev="sysfs" ino=53645 scontext=u:r:untrusted_app:s0:c163,c257,c512,c768 tcontext=u:object_r:vendor_sysfs_devfreq:s0 tclass=dir permissive=0 app=com.ivarna.mkm
09-24 22:14:13.121  2866  4398 I thermal_changed: [CPU5,0,95.000000,3,3]
09-24 22:14:13.178  2866  4574 I thermal_changed: [CPU5,0,89.900002,0,3]
09-24 22:14:13.246  2866  4398 I thermal_changed: [CPU5,0,95.400002,3,3]
09-24 22:14:13.324  2866  4574 I thermal_changed: [CPU5,0,89.900002,0,3]
09-24 22:14:13.369  2866  4574 I thermal_changed: [CPU5,0,95.000000,3,3]
09-24 22:14:13.387  2866  4574 I thermal_changed: [CPU3,0,89.900002,0,3]
09-24 22:14:13.398  2866  4398 I thermal_changed: [CPU5,0,89.900002,0,3]
09-24 22:14:13.464  2866  4398 I thermal_changed: [CPU5,0,95.000000,3,3]
09-24 22:14:13.504  2866  4398 I thermal_changed: [CPU5,0,89.900002,0,3]
09-24 22:14:13.533  2866  4398 I thermal_changed: [CPU5,0,95.000000,3,3]
09-24 22:14:13.605  2866  4398 I thermal_changed: [CPU5,0,89.900002,0,3]
09-24 22:14:13.614  2866  4398 I thermal_changed: [CPU5,0,95.000000,3,3]
09-24 22:14:13.722  2866  4574 I thermal_changed: [CPU5,0,89.900002,0,3]
09-24 22:14:13.821  2866  4574 I thermal_changed: [CPU5,0,95.000000,3,3]
09-24 22:14:14.010  2866  4574 I thermal_changed: [CPU5,0,89.900002,0,3]
09-24 22:14:14.057  2866  4574 I thermal_changed: [CPU5,0,95.000000,3,3]
09-24 22:14:14.187  2866  4398 I thermal_changed: [CPU5,0,89.900002,0,3]
09-24 22:14:14.199  2866  4398 I thermal_changed: [CPU5,0,95.400002,3,3]
09-24 22:14:14.296  2866  4398 I thermal_changed: [CPU3,0,95.000000,3,3]
09-24 22:14:14.328  2866  4398 I thermal_changed: [CPU3,0,89.900002,0,3]
09-24 22:14:14.334  2866  4398 I thermal_changed: [CPU3,0,95.000000,3,3]
09-24 22:14:14.442  2866  4398 I thermal_changed: [CPU5,0,89.900002,0,3]
09-24 22:14:14.463  2866  4398 I thermal_changed: [CPU5,0,95.000000,3,3]
09-24 22:14:14.524  2866  4398 I thermal_changed: [CPU3,0,89.900002,0,3]
09-24 22:14:14.544  2866  4398 I thermal_changed: [CPU5,0,89.900002,0,3]
09-24 22:14:14.576  2866  4574 I thermal_changed: [CPU5,0,95.000000,3,3]
09-24 22:14:14.648  2866  4574 I thermal_changed: [CPU5,0,89.900002,0,3]
09-24 22:14:14.651  2866  4574 I thermal_changed: [CPU3,0,95.000000,3,3]
09-24 22:14:14.705  2866  4398 I thermal_changed: [CPU5,0,95.000000,3,3]
09-24 22:14:14.719  2866  4398 I thermal_changed: [CPU5,0,89.900002,0,3]
09-24 22:14:14.722  2866  4398 I thermal_changed: [CPU5,0,95.000000,3,3]
09-24 22:14:14.778  2866  4398 I thermal_changed: [CPU3,0,89.900002,0,3]
09-24 22:14:14.867  5454  5454 I auditd  : type=1400 audit(0.0:6856908): avc:  denied  { search } for  comm="DefaultDispatch" name="zram0" dev="sysfs" ino=107524 scontext=u:r:untrusted_app:s0:c207,c257,c512,c768 tcontext=u:object_r:sysfs_zram:s0 tclass=dir permissive=0 app=com.zenithblue.sambas3
09-24 22:14:14.871  5454  5454 I auditd  : type=1400 audit(0.0:6856909): avc:  denied  { search } for  comm="DefaultDispatch" name="zram0" dev="sysfs" ino=107524 scontext=u:r:untrusted_app:s0:c207,c257,c512,c768 tcontext=u:object_r:sysfs_zram:s0 tclass=dir permissive=0 app=com.zenithblue.sambas3
09-24 22:14:14.877  2866  4398 I thermal_changed: [CPU3,0,95.000000,3,3]
09-24 22:14:14.936  2866  4398 I thermal_changed: [CPU5,0,89.900002,0,3]
09-24 22:14:14.969  2866  4398 I thermal_changed: [CPU3,0,89.900002,0,3]
09-24 22:14:15.186  2866  4398 I thermal_changed: [CPU3,0,95.000000,3,3]
09-24 22:14:15.228  2866  4398 I thermal_changed: [CPU3,0,89.900002,0,3]
09-24 22:14:15.230  2866  4398 I thermal_changed: [CPU5,0,95.000000,3,3]
09-24 22:14:15.248  2866  4398 I thermal_changed: [CPU5,0,89.900002,0,3]
09-24 22:14:15.269  2866  4398 I thermal_changed: [CPU5,0,95.000000,3,3]
09-24 22:14:15.280  2866  4398 I thermal_changed: [CPU5,0,89.900002,0,3]
09-24 22:14:15.307 28482 28482 I auditd  : type=1400 audit(0.0:6856910): avc:  denied  { read } for  comm="DefaultDispatch" name="version" dev="proc" ino=4026532013 scontext=u:r:untrusted_app:s0:c163,c257,c512,c768 tcontext=u:object_r:proc_version:s0 tclass=file permissive=0 app=com.ivarna.mkm
09-24 22:14:15.327  2866  4398 I thermal_changed: [CPU3,0,95.000000,3,3]
09-24 22:14:15.360  2866  4398 I thermal_changed: [CPU3,0,89.900002,0,3]
09-24 22:14:15.367 11216 11216 I auditd  : type=1400 audit(0.0:6856911): avc:  denied  { read } for  comm="sh" name="devfreq" dev="sysfs" ino=53645 scontext=u:r:untrusted_app:s0:c163,c257,c512,c768 tcontext=u:object_r:vendor_sysfs_devfreq:s0 tclass=dir permissive=0 app=com.ivarna.mkm
09-24 22:14:15.367 11216 11216 I auditd  : type=1400 audit(0.0:6856912): avc:  denied  { search } for  comm="sh" name="devfreq" dev="sysfs" ino=53645 scontext=u:r:untrusted_app:s0:c163,c257,c512,c768 tcontext=u:object_r:vendor_sysfs_devfreq:s0 tclass=dir permissive=0 app=com.ivarna.mkm
09-24 22:14:15.400  2866  4398 I thermal_changed: [CPU5,0,95.000000,3,3]
09-24 22:14:15.448  2866  4574 I thermal_changed: [CPU3,0,95.000000,3,3]
09-24 22:14:15.473  2866  4574 I thermal_changed: [CPU3,0,89.900002,0,3]
09-24 22:14:15.484  2866  4574 I thermal_changed: [CPU5,0,89.900002,0,3]
09-24 22:14:15.674  2866  4574 I thermal_changed: [CPU5,0,95.000000,3,3]
09-24 22:14:15.729  2866  4574 I thermal_changed: [CPU5,0,89.599998,0,3]
09-24 22:14:15.796  2866  4574 I thermal_changed: [CPU5,0,95.000000,3,3]
09-24 22:14:15.841  2866  4574 I thermal_changed: [CPU3,0,95.000000,3,3]
09-24 22:14:15.900  2866  4574 I thermal_changed: [CPU5,0,89.900002,0,3]
09-24 22:14:15.936  2866  4574 I thermal_changed: [CPU5,0,95.000000,3,3]
09-24 22:14:16.007  2866  4574 I thermal_changed: [CPU3,0,89.900002,0,3]
09-24 22:14:16.016  2866  4574 I thermal_changed: [CPU2,0,95.000000,3,3]
09-24 22:14:16.031  2866  4574 I thermal_changed: [CPU5,0,89.900002,0,3]
09-24 22:14:16.057  2866  4574 I thermal_changed: [CPU3,0,95.000000,3,3]
09-24 22:14:16.086  2866  4574 I thermal_changed: [CPU2,0,89.900002,0,3]
09-24 22:14:16.092  2866  4574 I thermal_changed: [CPU5,0,95.000000,3,3]
09-24 22:14:16.129  2866  4574 I thermal_changed: [CPU2,0,95.000000,3,3]
09-24 22:14:16.130  2866  2917 I am_pss  : [5454,10463,com.zenithblue.sambas3,0,0,0,4751376384,0,2,6]
09-24 22:14:16.150  2866  4574 I thermal_changed: [CPU2,0,89.900002,0,3]
09-24 22:14:16.215  2866  4574 I thermal_changed: [CPU5,0,89.599998,0,3]
09-24 22:14:16.324  2866  4574 I thermal_changed: [CPU5,0,95.000000,3,3]
09-24 22:14:16.363  2866  4574 I thermal_changed: [CPU5,0,89.900002,0,3]
09-24 22:14:16.398  2866  4574 I thermal_changed: [CPU5,0,95.000000,3,3]
09-24 22:14:16.423  2866  4574 I thermal_changed: [CPU3,0,89.599998,0,3]
09-24 22:14:16.425  2866  4574 I thermal_changed: [CPU3,0,95.000000,3,3]
09-24 22:14:16.450  2866  4574 I thermal_changed: [CPU5,0,89.599998,0,3]
09-24 22:14:16.488  2866  4574 I thermal_changed: [CPU3,0,89.900002,0,3]
09-24 22:14:16.538  2866  4574 I thermal_changed: [CPU3,0,95.400002,3,3]
09-24 22:14:16.646  2866  4574 I thermal_changed: [CPU5,0,95.000000,3,3]
09-24 22:14:16.684  2866  4574 I thermal_changed: [CPU3,0,89.900002,0,3]
09-24 22:14:16.739  2866  4398 I thermal_changed: [CPU5,0,89.900002,0,3]
09-24 22:14:16.753  2866  4398 I thermal_changed: [CPU5,0,95.400002,3,3]
09-24 22:14:16.785  2866  4398 I thermal_changed: [CPU3,0,95.000000,3,3]
09-24 22:14:16.933  2866  4398 I thermal_changed: [CPU5,0,89.900002,0,3]
09-24 22:14:16.954  2866  4398 I thermal_changed: [CPU5,0,95.000000,3,3]
09-24 22:14:16.961  2866  4398 I thermal_changed: [CPU3,0,89.900002,0,3]
09-24 22:14:16.965  2866  4398 I thermal_changed: [CPU3,0,95.000000,3,3]
09-24 22:14:17.097  2866  4398 I thermal_changed: [CPU5,0,89.900002,0,3]
09-24 22:14:17.204  2866  4398 I thermal_changed: [CPU5,0,95.000000,3,3]
09-24 22:14:17.407  2866  4398 I thermal_changed: [CPU3,0,89.900002,0,3]
09-24 22:14:17.446  2866  4398 I thermal_changed: [CPU3,0,95.000000,3,3]
09-24 22:14:17.535  2866  4398 I thermal_changed: [CPU5,0,89.599998,0,3]
09-24 22:14:17.553  2866  4398 I thermal_changed: [CPU5,0,95.000000,3,3]
09-24 22:14:17.579 28482 28482 I auditd  : type=1400 audit(0.0:6856926): avc:  denied  { read } for  comm="DefaultDispatch" name="version" dev="proc" ino=4026532013 scontext=u:r:untrusted_app:s0:c163,c257,c512,c768 tcontext=u:object_r:proc_version:s0 tclass=file permissive=0 app=com.ivarna.mkm
09-24 22:14:17.663 11243 11243 I auditd  : type=1400 audit(0.0:6856927): avc:  denied  { read } for  comm="sh" name="devfreq" dev="sysfs" ino=53645 scontext=u:r:untrusted_app:s0:c163,c257,c512,c768 tcontext=u:object_r:vendor_sysfs_devfreq:s0 tclass=dir permissive=0 app=com.ivarna.mkm
09-24 22:14:17.663 11243 11243 I auditd  : type=1400 audit(0.0:6856928): avc:  denied  { search } for  comm="sh" name="devfreq" dev="sysfs" ino=53645 scontext=u:r:untrusted_app:s0:c163,c257,c512,c768 tcontext=u:object_r:vendor_sysfs_devfreq:s0 tclass=dir permissive=0 app=com.ivarna.mkm
09-24 22:14:17.663 11243 11243 I auditd  : type=1400 audit(0.0:6856929): avc:  denied  { read } for  comm="sh" name="devfreq" dev="sysfs" ino=53645 scontext=u:r:untrusted_app:s0:c163,c257,c512,c768 tcontext=u:object_r:vendor_sysfs_devfreq:s0 tclass=dir permissive=0 app=com.ivarna.mkm
09-24 22:14:17.663 11243 11243 I auditd  : type=1400 audit(0.0:6856930): avc:  denied  { search } for  comm="sh" name="devfreq" dev="sysfs" ino=53645 scontext=u:r:untrusted_app:s0:c163,c257,c512,c768 tcontext=u:object_r:vendor_sysfs_devfreq:s0 tclass=dir permissive=0 app=com.ivarna.mkm
09-24 22:14:18.043  2866  4574 I thermal_changed: [CPU5,0,89.900002,0,3]
09-24 22:14:18.129  2866  4398 I thermal_changed: [CPU7,0,95.000000,3,3]
09-24 22:14:18.147  2866  4398 I thermal_changed: [CPU7,0,89.900002,0,3]
09-24 22:14:18.430  2866  4398 I thermal_changed: [CPU5,0,95.000000,3,3]
09-24 22:14:18.724  2866  4574 I thermal_changed: [CPU5,0,89.900002,0,3]
09-24 22:14:18.754  2866  4574 I thermal_changed: [CPU3,0,89.900002,0,3]
09-24 22:14:18.758  2866  4574 I thermal_changed: [CPU2,0,95.000000,3,3]
09-24 22:14:18.788  2866  4574 I thermal_changed: [CPU2,0,89.900002,0,3]
09-24 22:14:18.827  2866  4574 I thermal_changed: [CPU5,0,95.000000,3,3]
09-24 22:14:19.001  2866  4574 I thermal_changed: [CPU5,0,89.599998,0,3]
09-24 22:14:19.022  2866  4574 I thermal_changed: [CPU3,0,95.000000,3,3]
09-24 22:14:19.024  2866  4574 I thermal_changed: [CPU2,0,95.000000,3,3]
09-24 22:14:19.028  2866  4574 I thermal_changed: [CPU2,0,89.900002,0,3]
09-24 22:14:19.146  2866  4574 I thermal_changed: [CPU5,0,95.000000,3,3]
09-24 22:14:19.221  2866  4574 I thermal_changed: [CPU5,0,89.900002,0,3]
09-24 22:14:19.256  2866  4574 I thermal_changed: [CPU3,0,89.900002,0,3]
09-24 22:14:19.258  2866  4574 I thermal_changed: [CPU2,0,95.000000,3,3]
09-24 22:14:19.262  2866  4574 I thermal_changed: [CPU3,0,95.400002,3,3]
09-24 22:14:19.262  2866  4574 I thermal_changed: [CPU2,0,89.900002,0,3]
09-24 22:14:19.321  2866  4574 I thermal_changed: [CPU5,0,95.000000,3,3]
09-24 22:14:19.389  2866  4574 I thermal_changed: [CPU3,0,89.900002,0,3]
09-24 22:14:19.393  2866  4574 I thermal_changed: [CPU5,0,89.900002,0,3]
09-24 22:14:19.399  2866  4574 I thermal_changed: [CPU3,0,95.000000,3,3]
09-24 22:14:19.401  2866  4574 I thermal_changed: [CPU2,0,95.000000,3,3]
09-24 22:14:19.410  2866  4574 I thermal_changed: [CPU2,0,89.900002,0,3]
09-24 22:14:19.450  2866  4574 I thermal_changed: [CPU5,0,95.000000,3,3]
09-24 22:14:19.466  2866  4574 I thermal_changed: [CPU3,0,89.900002,0,3]
09-24 22:14:19.479  2866  4574 I thermal_changed: [CPU3,0,95.000000,3,3]
09-24 22:14:19.559  2866  4574 I thermal_changed: [CPU5,0,89.900002,0,3]
09-24 22:14:19.563  2866  4574 I thermal_changed: [CPU5,0,95.400002,3,3]
09-24 22:14:19.806  2866  4398 I thermal_changed: [CPU5,0,89.900002,0,3]
09-24 22:14:19.833  2866  4398 I thermal_changed: [CPU3,0,89.900002,0,3]
09-24 22:14:19.845  2866  4398 I thermal_changed: [CPU5,0,95.000000,3,3]
09-24 22:14:19.855 28482 28482 I auditd  : type=1400 audit(0.0:6856942): avc:  denied  { read } for  comm="DefaultDispatch" name="version" dev="proc" ino=4026532013 scontext=u:r:untrusted_app:s0:c163,c257,c512,c768 tcontext=u:object_r:proc_version:s0 tclass=file permissive=0 app=com.ivarna.mkm
09-24 22:14:19.947 11266 11266 I auditd  : type=1400 audit(0.0:6856943): avc:  denied  { read } for  comm="sh" name="devfreq" dev="sysfs" ino=53645 scontext=u:r:untrusted_app:s0:c163,c257,c512,c768 tcontext=u:object_r:vendor_sysfs_devfreq:s0 tclass=dir permissive=0 app=com.ivarna.mkm
09-24 22:14:19.947 11266 11266 I auditd  : type=1400 audit(0.0:6856944): avc:  denied  { search } for  comm="sh" name="devfreq" dev="sysfs" ino=53645 scontext=u:r:untrusted_app:s0:c163,c257,c512,c768 tcontext=u:object_r:vendor_sysfs_devfreq:s0 tclass=dir permissive=0 app=com.ivarna.mkm
09-24 22:14:19.947 11266 11266 I auditd  : type=1400 audit(0.0:6856945): avc:  denied  { read } for  comm="sh" name="devfreq" dev="sysfs" ino=53645 scontext=u:r:untrusted_app:s0:c163,c257,c512,c768 tcontext=u:object_r:vendor_sysfs_devfreq:s0 tclass=dir permissive=0 app=com.ivarna.mkm
09-24 22:14:19.947 11266 11266 I auditd  : type=1400 audit(0.0:6856946): avc:  denied  { search } for  comm="sh" name="devfreq" dev="sysfs" ino=53645 scontext=u:r:untrusted_app:s0:c163,c257,c512,c768 tcontext=u:object_r:vendor_sysfs_devfreq:s0 tclass=dir permissive=0 app=com.ivarna.mkm
09-24 22:14:20.000  2866  4398 I thermal_changed: [CPU3,0,95.000000,3,3]
09-24 22:14:20.020  2866  4574 I thermal_changed: [CPU5,0,89.900002,0,3]
09-24 22:14:20.127  2866  4398 I thermal_changed: [CPU5,0,95.000000,3,3]
09-24 22:14:20.191  2866  4398 I thermal_changed: [CPU5,0,89.900002,0,3]
09-24 22:14:20.243  2866  4398 I thermal_changed: [CPU5,0,95.000000,3,3]
09-24 22:14:20.347  2866  4574 I thermal_changed: [CPU3,0,89.900002,0,3]
09-24 22:14:20.377  2866  4398 I thermal_changed: [CPU3,0,95.000000,3,3]
09-24 22:14:20.614  2866  4398 I thermal_changed: [CPU2,0,95.000000,3,3]
09-24 22:14:20.662  2866  4398 I thermal_changed: [CPU2,0,89.900002,0,3]
09-24 22:14:20.725  2866  4398 I thermal_changed: [CPU5,0,89.900002,0,3]
09-24 22:14:20.726  2866  4398 I thermal_changed: [CPU3,0,89.900002,0,3]
09-24 22:14:20.741  2866  4398 I thermal_changed: [CPU3,0,95.000000,3,3]
09-24 22:14:20.745  2866  4398 I thermal_changed: [CPU5,0,95.000000,3,3]
09-24 22:14:20.784  2866  4398 I thermal_changed: [CPU3,0,89.900002,0,3]
09-24 22:14:20.794  2866  4398 I thermal_changed: [CPU3,0,95.000000,3,3]
09-24 22:14:20.902  2866  4398 I thermal_changed: [CPU5,0,89.900002,0,3]
09-24 22:14:20.938  2866  4398 I thermal_changed: [CPU5,0,95.000000,3,3]
09-24 22:14:21.165  2866  4398 I thermal_changed: [CPU3,0,89.900002,0,3]
09-24 22:14:21.190  2866  4398 I thermal_changed: [CPU5,0,89.900002,0,3]
09-24 22:14:21.211  2866  4398 I thermal_changed: [CPU2,0,95.000000,3,3]
09-24 22:14:21.212  2866  4398 I thermal_changed: [CPU3,0,95.000000,3,3]
09-24 22:14:21.219  2866  4398 I thermal_changed: [CPU2,0,89.900002,0,3]
09-24 22:14:21.264  2866  4398 I thermal_changed: [CPU3,0,89.900002,0,3]
09-24 22:14:21.320  2866  4398 I thermal_changed: [CPU3,0,95.000000,3,3]
09-24 22:14:21.378  2866  4398 I thermal_changed: [CPU5,0,95.000000,3,3]
09-24 22:14:21.471  2866  4398 I thermal_changed: [CPU3,0,89.599998,0,3]
09-24 22:14:21.506  2866  4398 I thermal_changed: [CPU3,0,95.000000,3,3]
09-24 22:14:21.692  2866  4398 I thermal_changed: [CPU3,0,89.900002,0,3]
09-24 22:14:21.707  2866  4398 I thermal_changed: [CPU5,0,89.900002,0,3]
09-24 22:14:21.740  2866  4398 I thermal_changed: [CPU3,0,95.000000,3,3]
09-24 22:14:21.763  2866  4398 I thermal_changed: [CPU3,0,89.900002,0,3]
09-24 22:14:21.825  2866  4398 I thermal_changed: [CPU5,0,95.000000,3,3]
09-24 22:14:21.958  2866  4398 I thermal_changed: [CPU5,0,89.900002,0,3]
09-24 22:14:22.005  2866  4398 I thermal_changed: [CPU3,0,95.000000,3,3]
09-24 22:14:22.151 28482 28482 I auditd  : type=1400 audit(0.0:6856958): avc:  denied  { read } for  comm="DefaultDispatch" name="version" dev="proc" ino=4026532013 scontext=u:r:untrusted_app:s0:c163,c257,c512,c768 tcontext=u:object_r:proc_version:s0 tclass=file permissive=0 app=com.ivarna.mkm
09-24 22:14:22.238  2866  4398 I thermal_changed: [CPU5,0,95.000000,3,3]
09-24 22:14:22.267 11285 11285 I auditd  : type=1400 audit(0.0:6856959): avc:  denied  { read } for  comm="sh" name="devfreq" dev="sysfs" ino=53645 scontext=u:r:untrusted_app:s0:c163,c257,c512,c768 tcontext=u:object_r:vendor_sysfs_devfreq:s0 tclass=dir permissive=0 app=com.ivarna.mkm
09-24 22:14:22.267 11285 11285 I auditd  : type=1400 audit(0.0:6856960): avc:  denied  { search } for  comm="sh" name="devfreq" dev="sysfs" ino=53645 scontext=u:r:untrusted_app:s0:c163,c257,c512,c768 tcontext=u:object_r:vendor_sysfs_devfreq:s0 tclass=dir permissive=0 app=com.ivarna.mkm
09-24 22:14:22.267 11285 11285 I auditd  : type=1400 audit(0.0:6856961): avc:  denied  { read } for  comm="sh" name="devfreq" dev="sysfs" ino=53645 scontext=u:r:untrusted_app:s0:c163,c257,c512,c768 tcontext=u:object_r:vendor_sysfs_devfreq:s0 tclass=dir permissive=0 app=com.ivarna.mkm
09-24 22:14:22.267 11285 11285 I auditd  : type=1400 audit(0.0:6856962): avc:  denied  { search } for  comm="sh" name="devfreq" dev="sysfs" ino=53645 scontext=u:r:untrusted_app:s0:c163,c257,c512,c768 tcontext=u:object_r:vendor_sysfs_devfreq:s0 tclass=dir permissive=0 app=com.ivarna.mkm
09-24 22:14:22.373  2866  4398 I thermal_changed: [CPU3,0,89.900002,0,3]
09-24 22:14:22.748  2866  4398 I thermal_changed: [CPU3,0,95.000000,3,3]
09-24 22:14:23.152  2866  4574 I thermal_changed: [CPU3,0,89.900002,0,3]
09-24 22:14:23.160  2866  4574 I thermal_changed: [CPU3,0,95.000000,3,3]
09-24 22:14:23.161  2866  4574 I thermal_changed: [CPU2,0,95.000000,3,3]
09-24 22:14:23.234  2866  4574 I thermal_changed: [CPU2,0,89.900002,0,3]
09-24 22:14:23.296  2866  4574 I thermal_changed: [CPU5,0,89.900002,0,3]
09-24 22:14:23.423  2866  4398 I thermal_changed: [CPU3,0,89.900002,0,3]
09-24 22:14:23.449  2866  4398 I thermal_changed: [CPU5,0,95.400002,3,3]
09-24 22:14:23.459  2866  4398 I thermal_changed: [CPU5,0,89.900002,0,3]
09-24 22:14:23.660  2866  4398 I thermal_changed: [CPU3,0,95.000000,3,3]
09-24 22:14:23.682  2866  4574 I thermal_changed: [CPU5,0,95.000000,3,3]
09-24 22:14:23.776  2866  4398 I thermal_changed: [CPU5,0,89.900002,0,3]
09-24 22:14:23.886  2866  4398 I thermal_changed: [CPU5,0,95.000000,3,3]
09-24 22:14:23.890  2866  4398 I thermal_changed: [CPU5,0,89.900002,0,3]
09-24 22:14:23.995  2866  4398 I thermal_changed: [CPU3,0,89.900002,0,3]
09-24 22:14:23.997  2866  4398 I thermal_changed: [CPU3,0,95.000000,3,3]
09-24 22:14:24.034  2866  4398 I thermal_changed: [CPU3,0,89.900002,0,3]
09-24 22:14:24.058  2866  4398 I thermal_changed: [CPU3,0,95.000000,3,3]
09-24 22:14:24.224  2866  4398 I thermal_changed: [CPU5,0,95.000000,3,3]
09-24 22:14:24.251  2866  4398 I thermal_changed: [CPU5,0,89.900002,0,3]
09-24 22:14:24.270  2866  4398 I thermal_changed: [CPU5,0,95.000000,3,3]
09-24 22:14:24.282  2866  4398 I thermal_changed: [CPU7,0,95.000000,3,3]
09-24 22:14:24.287  2866  4398 I thermal_changed: [CPU3,0,89.900002,0,3]
09-24 22:14:24.291  5454  5454 I auditd  : type=1400 audit(0.0:6856974): avc:  denied  { search } for  comm="DefaultDispatch" name="zram0" dev="sysfs" ino=107524 scontext=u:r:untrusted_app:s0:c207,c257,c512,c768 tcontext=u:object_r:sysfs_zram:s0 tclass=dir permissive=0 app=com.zenithblue.sambas3
09-24 22:14:24.291  5454  5454 I auditd  : type=1400 audit(0.0:6856975): avc:  denied  { search } for  comm="DefaultDispatch" name="zram0" dev="sysfs" ino=107524 scontext=u:r:untrusted_app:s0:c207,c257,c512,c768 tcontext=u:object_r:sysfs_zram:s0 tclass=dir permissive=0 app=com.zenithblue.sambas3
09-24 22:14:24.297  2866  4398 I thermal_changed: [CPU5,0,89.900002,0,3]
09-24 22:14:24.316  2866  4398 I thermal_changed: [CPU5,0,95.000000,3,3]
09-24 22:14:24.327  2866  4398 I thermal_changed: [CPU3,0,95.000000,3,3]
09-24 22:14:24.378  2866  4398 I thermal_changed: [CPU7,0,89.900002,0,3]
09-24 22:14:24.475 28482 28482 I auditd  : type=1400 audit(0.0:6856976): avc:  denied  { read } for  comm="DefaultDispatch" name="version" dev="proc" ino=4026532013 scontext=u:r:untrusted_app:s0:c163,c257,c512,c768 tcontext=u:object_r:proc_version:s0 tclass=file permissive=0 app=com.ivarna.mkm
09-24 22:14:24.539 11304 11304 I auditd  : type=1400 audit(0.0:6856977): avc:  denied  { read } for  comm="sh" name="devfreq" dev="sysfs" ino=53645 scontext=u:r:untrusted_app:s0:c163,c257,c512,c768 tcontext=u:object_r:vendor_sysfs_devfreq:s0 tclass=dir permissive=0 app=com.ivarna.mkm
09-24 22:14:24.539 11304 11304 I auditd  : type=1400 audit(0.0:6856978): avc:  denied  { search } for  comm="sh" name="devfreq" dev="sysfs" ino=53645 scontext=u:r:untrusted_app:s0:c163,c257,c512,c768 tcontext=u:object_r:vendor_sysfs_devfreq:s0 tclass=dir permissive=0 app=com.ivarna.mkm
09-24 22:14:24.555  2866  4398 I thermal_changed: [CPU5,0,89.900002,0,3]
09-24 22:14:24.611  2866  3877 I thermal_changed: [CPU5,0,95.400002,3,3]
09-24 22:14:24.811  2866  4398 I thermal_changed: [CPU5,0,89.900002,0,3]
09-24 22:14:25.022  2866  4574 I thermal_changed: [CPU3,0,89.900002,0,3]
09-24 22:14:25.086  2866  4574 I thermal_changed: [CPU3,0,95.000000,3,3]
09-24 22:14:25.103  2866  4574 I thermal_changed: [CPU5,0,95.000000,3,3]
09-24 22:14:25.133  2866  4574 I thermal_changed: [CPU3,0,89.900002,0,3]
09-24 22:14:25.178  2866  4574 I thermal_changed: [CPU3,0,95.000000,3,3]
09-24 22:14:25.319  2866  4574 I thermal_changed: [CPU3,0,89.900002,0,3]
09-24 22:14:25.324  2866  4574 I thermal_changed: [CPU2,0,95.000000,3,3]
09-24 22:14:25.325  2866  4574 I thermal_changed: [CPU3,0,95.400002,3,3]
09-24 22:14:25.350  2866  4574 I thermal_changed: [CPU2,0,89.900002,0,3]
09-24 22:14:25.426  2866  3877 I thermal_changed: [CPU3,0,89.900002,0,3]
09-24 22:14:25.470  2866  3877 I thermal_changed: [CPU3,0,95.000000,3,3]
09-24 22:14:25.498  2866  3877 I thermal_changed: [CPU5,0,89.900002,0,3]
09-24 22:14:25.512  2866  3877 I thermal_changed: [CPU5,0,95.000000,3,3]
09-24 22:14:25.567  2866  3877 I thermal_changed: [CPU5,0,89.900002,0,3]
09-24 22:14:25.638  2866  3877 I thermal_changed: [CPU3,0,89.900002,0,3]
09-24 22:14:25.855  2866  3877 I thermal_changed: [CPU3,0,95.000000,3,3]
09-24 22:14:25.948  2866  3877 I thermal_changed: [CPU3,0,89.900002,0,3]
09-24 22:14:26.085  2866  3877 I thermal_changed: [CPU3,0,95.000000,3,3]
09-24 22:14:26.228  2866  4574 I thermal_changed: [CPU5,0,95.000000,3,3]
09-24 22:14:26.259  2866  4574 I thermal_changed: [CPU5,0,89.900002,0,3]
09-24 22:14:26.266  2866  4574 I thermal_changed: [CPU3,0,89.900002,0,3]
09-24 22:14:26.281  2866  4574 I thermal_changed: [CPU3,0,95.000000,3,3]
09-24 22:14:26.606  2866  4574 I thermal_changed: [CPU5,0,95.000000,3,3]
09-24 22:14:26.727 28482 28482 I auditd  : type=1400 audit(0.0:6856992): avc:  denied  { read } for  comm="DefaultDispatch" name="version" dev="proc" ino=4026532013 scontext=u:r:untrusted_app:s0:c163,c257,c512,c768 tcontext=u:object_r:proc_version:s0 tclass=file permissive=0 app=com.ivarna.mkm
09-24 22:14:26.835 11332 11332 I auditd  : type=1400 audit(0.0:6856993): avc:  denied  { read } for  comm="sh" name="devfreq" dev="sysfs" ino=53645 scontext=u:r:untrusted_app:s0:c163,c257,c512,c768 tcontext=u:object_r:vendor_sysfs_devfreq:s0 tclass=dir permissive=0 app=com.ivarna.mkm
09-24 22:14:26.839 11332 11332 I auditd  : type=1400 audit(0.0:6856994): avc:  denied  { search } for  comm="sh" name="devfreq" dev="sysfs" ino=53645 scontext=u:r:untrusted_app:s0:c163,c257,c512,c768 tcontext=u:object_r:vendor_sysfs_devfreq:s0 tclass=dir permissive=0 app=com.ivarna.mkm
09-24 22:14:26.843 11332 11332 I auditd  : type=1400 audit(0.0:6856995): avc:  denied  { read } for  comm="sh" name="devfreq" dev="sysfs" ino=53645 scontext=u:r:untrusted_app:s0:c163,c257,c512,c768 tcontext=u:object_r:vendor_sysfs_devfreq:s0 tclass=dir permissive=0 app=com.ivarna.mkm
09-24 22:14:26.843 11332 11332 I auditd  : type=1400 audit(0.0:6856996): avc:  denied  { search } for  comm="sh" name="devfreq" dev="sysfs" ino=53645 scontext=u:r:untrusted_app:s0:c163,c257,c512,c768 tcontext=u:object_r:vendor_sysfs_devfreq:s0 tclass=dir permissive=0 app=com.ivarna.mkm
09-24 22:14:26.974  2866  4574 I thermal_changed: [CPU3,0,89.900002,0,3]
09-24 22:14:26.992  2866  4574 I thermal_changed: [CPU3,0,95.000000,3,3]
09-24 22:14:27.189  2866  3877 I thermal_changed: [CPU5,0,89.900002,0,3]
09-24 22:14:27.241  2866  4574 I thermal_changed: [CPU5,0,95.000000,3,3]
09-24 22:14:27.247  2866  4574 I thermal_changed: [CPU5,0,89.599998,0,3]
09-24 22:14:27.332  2866  4574 I thermal_changed: [CPU3,0,89.900002,0,3]
09-24 22:14:27.356  2866  4574 I thermal_changed: [CPU3,0,95.000000,3,3]
09-24 22:14:27.431  2866  3877 I thermal_changed: [CPU3,0,89.900002,0,3]
09-24 22:14:27.439  2866  3877 I thermal_changed: [CPU2,0,95.000000,3,3]
09-24 22:14:27.447  2866  3877 I thermal_changed: [CPU3,0,95.000000,3,3]
09-24 22:14:27.463  2866  3877 I thermal_changed: [CPU2,0,89.900002,0,3]
09-24 22:14:27.528  2866  3877 I thermal_changed: [CPU3,0,89.900002,0,3]
09-24 22:14:27.532  2866  3877 I thermal_changed: [CPU3,0,95.000000,3,3]
09-24 22:14:27.552  2866  3877 I thermal_changed: [CPU5,0,95.000000,3,3]
09-24 22:14:27.647  2866  3877 I thermal_changed: [CPU3,0,89.900002,0,3]
09-24 22:14:27.656  2866  3877 I thermal_changed: [CPU3,0,95.000000,3,3]
09-24 22:14:27.688  2866  3877 I thermal_changed: [CPU3,0,89.900002,0,3]
09-24 22:14:27.700  2866  3877 I thermal_changed: [CPU3,0,95.000000,3,3]
09-24 22:14:27.748  2866  3877 I thermal_changed: [CPU3,0,89.900002,0,3]
09-24 22:14:27.757  2866  3877 I thermal_changed: [CPU5,0,89.900002,0,3]
09-24 22:14:27.758  2866  3877 I thermal_changed: [CPU3,0,95.000000,3,3]
09-24 22:14:27.899  2866  3877 I thermal_changed: [CPU5,0,95.000000,3,3]
09-24 22:14:27.914  2866  3877 I thermal_changed: [CPU5,0,89.900002,0,3]
09-24 22:14:28.066  2866  3877 I thermal_changed: [CPU5,0,95.000000,3,3]
09-24 22:14:28.068  2866  3877 I thermal_changed: [CPU2,0,95.000000,3,3]
09-24 22:14:28.084  2866  3877 I thermal_changed: [CPU2,0,89.900002,0,3]
09-24 22:14:28.098  2866  3877 I thermal_changed: [CPU5,0,89.900002,0,3]
09-24 22:14:28.124  2866  4574 I thermal_changed: [CPU5,0,95.000000,3,3]
09-24 22:14:28.135  2866  4574 I thermal_changed: [CPU5,0,89.900002,0,3]
09-24 22:14:28.140  2866  4574 I thermal_changed: [CPU5,0,95.000000,3,3]
09-24 22:14:28.172  2866  4574 I thermal_changed: [CPU5,0,89.900002,0,3]
09-24 22:14:28.214  2866  4574 I thermal_changed: [CPU5,0,95.000000,3,3]
09-24 22:14:28.324  2866  3877 I thermal_changed: [CPU3,0,89.900002,0,3]
09-24 22:14:28.330  2866  3877 I thermal_changed: [CPU3,0,95.000000,3,3]
09-24 22:14:28.354  2866  3877 I thermal_changed: [CPU3,0,89.900002,0,3]
09-24 22:14:28.457  2866  4398 I thermal_changed: [CPU3,0,95.000000,3,3]
09-24 22:14:28.464  2866  4398 I thermal_changed: [CPU5,0,89.900002,0,3]
09-24 22:14:28.495  2866  4398 I thermal_changed: [CPU5,0,95.000000,3,3]
09-24 22:14:28.620  2866  4398 I thermal_changed: [CPU3,0,89.900002,0,3]
09-24 22:14:28.653  2866  4398 I thermal_changed: [CPU5,0,89.900002,0,3]
09-24 22:14:28.663  2866  4398 I thermal_changed: [CPU3,0,95.000000,3,3]
09-24 22:14:28.663  2866  4398 I thermal_changed: [CPU2,0,95.000000,3,3]
09-24 22:14:28.680  2866  4398 I thermal_changed: [CPU2,0,89.900002,0,3]
09-24 22:14:28.736  2866  4398 I thermal_changed: [CPU3,0,89.900002,0,3]
09-24 22:14:28.737  2866  4398 I thermal_changed: [CPU5,0,95.000000,3,3]
09-24 22:14:28.753  2866  4398 I thermal_changed: [CPU3,0,95.000000,3,3]
09-24 22:14:28.760  2866  4398 I thermal_changed: [CPU5,0,89.900002,0,3]
09-24 22:14:28.883  2866  4398 I thermal_changed: [CPU5,0,95.000000,3,3]
09-24 22:14:28.904  2866  4398 I thermal_changed: [CPU5,0,89.900002,0,3]
09-24 22:14:29.023 28482 28482 I auditd  : type=1400 audit(0.0:6857008): avc:  denied  { read } for  comm="DefaultDispatch" name="version" dev="proc" ino=4026532013 scontext=u:r:untrusted_app:s0:c163,c257,c512,c768 tcontext=u:object_r:proc_version:s0 tclass=file permissive=0 app=com.ivarna.mkm
09-24 22:14:29.027  2866  4398 I thermal_changed: [CPU5,0,95.000000,3,3]
09-24 22:14:29.111 11352 11352 I auditd  : type=1400 audit(0.0:6857009): avc:  denied  { read } for  comm="sh" name="devfreq" dev="sysfs" ino=53645 scontext=u:r:untrusted_app:s0:c163,c257,c512,c768 tcontext=u:object_r:vendor_sysfs_devfreq:s0 tclass=dir permissive=0 app=com.ivarna.mkm
09-24 22:14:29.111 11352 11352 I auditd  : type=1400 audit(0.0:6857010): avc:  denied  { search } for  comm="sh" name="devfreq" dev="sysfs" ino=53645 scontext=u:r:untrusted_app:s0:c163,c257,c512,c768 tcontext=u:object_r:vendor_sysfs_devfreq:s0 tclass=dir permissive=0 app=com.ivarna.mkm
09-24 22:14:29.111 11352 11352 I auditd  : type=1400 audit(0.0:6857011): avc:  denied  { read } for  comm="sh" name="devfreq" dev="sysfs" ino=53645 scontext=u:r:untrusted_app:s0:c163,c257,c512,c768 tcontext=u:object_r:vendor_sysfs_devfreq:s0 tclass=dir permissive=0 app=com.ivarna.mkm
09-24 22:14:29.111 11352 11352 I auditd  : type=1400 audit(0.0:6857012): avc:  denied  { search } for  comm="sh" name="devfreq" dev="sysfs" ino=53645 scontext=u:r:untrusted_app:s0:c163,c257,c512,c768 tcontext=u:object_r:vendor_sysfs_devfreq:s0 tclass=dir permissive=0 app=com.ivarna.mkm
09-24 22:14:29.182  2866  3877 I thermal_changed: [CPU3,0,89.900002,0,3]
09-24 22:14:29.183  2866  3877 I thermal_changed: [CPU5,0,89.900002,0,3]
09-24 22:14:29.183  2866  3877 I thermal_changed: [CPU3,0,95.000000,3,3]
09-24 22:14:29.248  2866  4574 I thermal_changed: [CPU5,0,95.000000,3,3]
09-24 22:14:29.258  2866  4574 I thermal_changed: [CPU3,0,89.900002,0,3]
09-24 22:14:29.274  2866  4574 I thermal_changed: [CPU3,0,95.000000,3,3]
09-24 22:14:29.282  2866  4574 I thermal_changed: [CPU5,0,89.900002,0,3]
09-24 22:14:29.328  2866  4398 I thermal_changed: [CPU5,0,95.000000,3,3]
09-24 22:14:29.461  2866  4398 I thermal_changed: [CPU3,0,89.900002,0,3]
09-24 22:14:29.623  2866  3877 I thermal_changed: [CPU3,0,95.400002,3,3]
09-24 22:14:29.704  2866  3877 I thermal_changed: [CPU5,0,89.900002,0,3]
09-24 22:14:29.843  2866  4398 I thermal_changed: [CPU3,0,89.900002,0,3]
09-24 22:14:29.845  2866  4398 I thermal_changed: [CPU5,0,95.000000,3,3]
09-24 22:14:29.850  2866  4398 I thermal_changed: [CPU3,0,95.000000,3,3]
09-24 22:14:29.951  2866  4574 I thermal_changed: [CPU3,0,89.900002,0,3]
09-24 22:14:29.998  2866  4398 I thermal_changed: [CPU3,0,95.000000,3,3]
09-24 22:14:30.043  2866  4398 I thermal_changed: [CPU5,0,89.900002,0,3]
09-24 22:14:30.101  2866  4398 I thermal_changed: [CPU3,0,89.900002,0,3]
09-24 22:14:30.106  2866  4398 I thermal_changed: [CPU5,0,95.000000,3,3]
09-24 22:14:30.115  2866  3877 I thermal_changed: [CPU3,0,95.000000,3,3]
09-24 22:14:30.172  2866  4398 I thermal_changed: [CPU3,0,89.900002,0,3]
09-24 22:14:30.183  2866  4398 I thermal_changed: [CPU3,0,95.000000,3,3]
09-24 22:14:30.185  2866  4398 I thermal_changed: [CPU5,0,89.599998,0,3]
09-24 22:14:30.205  2866  4398 I thermal_changed: [CPU5,0,95.000000,3,3]
09-24 22:14:30.281  2866  4398 I thermal_changed: [CPU3,0,89.900002,0,3]
09-24 22:14:30.295  2866  4398 I thermal_changed: [CPU5,0,89.900002,0,3]
09-24 22:14:30.343  2866  4398 I thermal_changed: [CPU3,0,95.000000,3,3]
09-24 22:14:30.379  2866  4398 I thermal_changed: [CPU3,0,89.900002,0,3]
09-24 22:14:30.402  2866  4398 I thermal_changed: [CPU3,0,95.000000,3,3]
09-24 22:14:30.413  2866  4398 I thermal_changed: [CPU5,0,95.000000,3,3]
09-24 22:14:30.460  2866  4398 I thermal_changed: [CPU5,0,89.900002,0,3]
09-24 22:14:30.496  2866  4398 I thermal_changed: [CPU3,0,89.900002,0,3]
09-24 22:14:30.508  2866  4398 I thermal_changed: [CPU3,0,95.000000,3,3]
09-24 22:14:30.600  2866  4398 I thermal_changed: [CPU3,0,89.900002,0,3]
09-24 22:14:30.609  2866  4398 I thermal_changed: [CPU3,0,95.000000,3,3]
09-24 22:14:30.697  2866  4398 I thermal_changed: [CPU5,0,95.000000,3,3]
09-24 22:14:30.814  2866  4398 I thermal_changed: [CPU5,0,89.900002,0,3]
09-24 22:14:30.814  2866  4398 I thermal_changed: [CPU2,0,95.000000,3,3]
09-24 22:14:30.828  2866  4574 I thermal_changed: [CPU2,0,89.900002,0,3]
09-24 22:14:30.922  2866  4574 I thermal_changed: [CPU3,0,89.900002,0,3]
09-24 22:14:30.937  2866  4574 I thermal_changed: [CPU5,0,95.000000,3,3]
09-24 22:14:30.988  2866  4574 I thermal_changed: [CPU5,0,89.900002,0,3]
09-24 22:14:30.991  2866  4574 I thermal_changed: [CPU3,0,95.000000,3,3]
09-24 22:14:31.029  2866  4574 I thermal_changed: [CPU5,0,95.000000,3,3]
09-24 22:14:31.077  2866  4574 I thermal_changed: [CPU5,0,89.900002,0,3]
09-24 22:14:31.090  2866  4574 I thermal_changed: [CPU5,0,95.400002,3,3]
09-24 22:14:31.203  2866  4398 I thermal_changed: [CPU5,0,89.900002,0,3]
09-24 22:14:31.204  2866  4398 I thermal_changed: [CPU2,0,95.000000,3,3]
09-24 22:14:31.208  2866  4398 I thermal_changed: [CPU5,0,95.000000,3,3]
09-24 22:14:31.233  2866  4398 I thermal_changed: [CPU2,0,89.900002,0,3]
09-24 22:14:31.323 28482 28482 I auditd  : type=1400 audit(0.0:6857028): avc:  denied  { read } for  comm="DefaultDispatch" name="version" dev="proc" ino=4026532013 scontext=u:r:untrusted_app:s0:c163,c257,c512,c768 tcontext=u:object_r:proc_version:s0 tclass=file permissive=0 app=com.ivarna.mkm
09-24 22:14:31.370  2866  4398 I thermal_changed: [CPU5,0,89.900002,0,3]
09-24 22:14:31.376  2866  4398 I thermal_changed: [CPU3,0,89.900002,0,3]
09-24 22:14:31.387 11374 11374 I auditd  : type=1400 audit(0.0:6857029): avc:  denied  { read } for  comm="sh" name="devfreq" dev="sysfs" ino=53645 scontext=u:r:untrusted_app:s0:c163,c257,c512,c768 tcontext=u:object_r:vendor_sysfs_devfreq:s0 tclass=dir permissive=0 app=com.ivarna.mkm
09-24 22:14:31.387 11374 11374 I auditd  : type=1400 audit(0.0:6857030): avc:  denied  { search } for  comm="sh" name="devfreq" dev="sysfs" ino=53645 scontext=u:r:untrusted_app:s0:c163,c257,c512,c768 tcontext=u:object_r:vendor_sysfs_devfreq:s0 tclass=dir permissive=0 app=com.ivarna.mkm
09-24 22:14:31.387 11374 11374 I auditd  : type=1400 audit(0.0:6857031): avc:  denied  { read } for  comm="sh" name="devfreq" dev="sysfs" ino=53645 scontext=u:r:untrusted_app:s0:c163,c257,c512,c768 tcontext=u:object_r:vendor_sysfs_devfreq:s0 tclass=dir permissive=0 app=com.ivarna.mkm
09-24 22:14:31.387 11374 11374 I auditd  : type=1400 audit(0.0:6857032): avc:  denied  { search } for  comm="sh" name="devfreq" dev="sysfs" ino=53645 scontext=u:r:untrusted_app:s0:c163,c257,c512,c768 tcontext=u:object_r:vendor_sysfs_devfreq:s0 tclass=dir permissive=0 app=com.ivarna.mkm
09-24 22:14:31.392  2866  4398 I thermal_changed: [CPU3,0,95.000000,3,3]
09-24 22:14:31.449  2866  4398 I thermal_changed: [CPU3,0,89.900002,0,3]
09-24 22:14:31.505  2866  4398 I thermal_changed: [CPU5,0,95.000000,3,3]
09-24 22:14:31.514  2866  4398 I thermal_changed: [CPU3,0,95.000000,3,3]
09-24 22:14:31.514  2866  4398 I thermal_changed: [CPU2,0,95.000000,3,3]
09-24 22:14:31.585  2866  4398 I thermal_changed: [CPU2,0,89.900002,0,3]
09-24 22:14:31.610  2866  4398 I thermal_changed: [CPU3,0,89.900002,0,3]
09-24 22:14:31.614  2866  4398 I thermal_changed: [CPU3,0,95.000000,3,3]
09-24 22:14:31.676  2866  4398 I thermal_changed: [CPU3,0,89.900002,0,3]
09-24 22:14:31.688  2866  4398 I thermal_changed: [CPU5,0,89.900002,0,3]
09-24 22:14:31.747  2866  4398 I thermal_changed: [CPU3,0,95.000000,3,3]
09-24 22:14:31.848  2866  4398 I thermal_changed: [CPU3,0,89.900002,0,3]
09-24 22:14:31.856  2866  4398 I thermal_changed: [CPU2,0,95.000000,3,3]
09-24 22:14:31.856  2866  4398 I thermal_changed: [CPU3,0,95.000000,3,3]
09-24 22:14:31.862  2866  4574 I thermal_changed: [CPU2,0,89.900002,0,3]
09-24 22:14:31.967  2866  4574 I thermal_changed: [CPU5,0,95.400002,3,3]
09-24 22:14:31.977  2866  4574 I thermal_changed: [CPU5,0,89.900002,0,3]
09-24 22:14:32.043  2866  4574 I thermal_changed: [CPU3,0,89.900002,0,3]
09-24 22:14:32.068  2866  4574 I thermal_changed: [CPU3,0,95.000000,3,3]
09-24 22:14:32.149  2866  4574 I thermal_changed: [CPU3,0,89.900002,0,3]
09-24 22:14:32.182  2866  4574 I thermal_changed: [CPU5,0,95.000000,3,3]
09-24 22:14:32.253  2866  4574 I thermal_changed: [CPU5,0,89.900002,0,3]
09-24 22:14:32.314  2866  4574 I thermal_changed: [CPU3,0,95.000000,3,3]
09-24 22:14:32.340  2866  4574 I thermal_changed: [CPU5,0,95.400002,3,3]
09-24 22:14:32.353  2866  4574 I thermal_changed: [CPU3,0,89.900002,0,3]
09-24 22:14:32.404  2866  4574 I thermal_changed: [CPU3,0,95.000000,3,3]
09-24 22:14:32.407  2866  4574 I thermal_changed: [CPU5,0,89.599998,0,3]
09-24 22:14:32.419  2866  4574 I thermal_changed: [CPU5,0,95.000000,3,3]
09-24 22:14:32.421  2866  4574 I thermal_changed: [CPU3,0,89.900002,0,3]
09-24 22:14:32.430  2866  4574 I thermal_changed: [CPU5,0,89.900002,0,3]
09-24 22:14:32.436  2866  4574 I thermal_changed: [CPU5,0,95.000000,3,3]
09-24 22:14:32.438  2866  4574 I thermal_changed: [CPU3,0,95.000000,3,3]
09-24 22:14:32.470  2866  4574 I thermal_changed: [CPU5,0,89.900002,0,3]
09-24 22:14:32.554  2866  4574 I thermal_changed: [CPU3,0,89.900002,0,3]
09-24 22:14:32.588  2866  4574 I thermal_changed: [CPU5,0,95.000000,3,3]
09-24 22:14:32.649  2866  4574 I thermal_changed: [CPU3,0,95.000000,3,3]
09-24 22:14:32.831  2866  4574 I thermal_changed: [CPU5,0,89.900002,0,3]
09-24 22:14:32.931  1558  1558 I auditd  : type=1400 audit(0.0:6857044): avc:  denied  { search } for  comm="android.hardwar" name="uhid" dev="sysfs" ino=65226 scontext=u:r:hal_health_default:s0 tcontext=u:object_r:sysfs_uhid:s0 tclass=dir permissive=0
09-24 22:14:32.931  1558  1558 I auditd  : type=1400 audit(0.0:6857045): avc:  denied  { search } for  comm="android.hardwar" name="uhid" dev="sysfs" ino=65226 scontext=u:r:hal_health_default:s0 tcontext=u:object_r:sysfs_uhid:s0 tclass=dir permissive=0
09-24 22:14:32.943  1558  1558 I auditd  : type=1400 audit(0.0:6857046): avc:  denied  { search } for  comm="android.hardwar" name="uhid" dev="sysfs" ino=65226 scontext=u:r:hal_health_default:s0 tcontext=u:object_r:sysfs_uhid:s0 tclass=dir permissive=0
09-24 22:14:32.943  1558  1558 I auditd  : type=1400 audit(0.0:6857047): avc:  denied  { search } for  comm="android.hardwar" name="uhid" dev="sysfs" ino=65226 scontext=u:r:hal_health_default:s0 tcontext=u:object_r:sysfs_uhid:s0 tclass=dir permissive=0
09-24 22:14:33.026  2866  4574 I thermal_changed: [CPU5,0,95.000000,3,3]
09-24 22:14:33.268  2866  4574 I thermal_changed: [CPU5,0,89.900002,0,3]
09-24 22:14:33.325  2866  4574 I thermal_changed: [CPU5,0,95.000000,3,3]
09-24 22:14:33.401  2866  4574 I thermal_changed: [CPU3,0,89.900002,0,3]
09-24 22:14:33.539  2866  4398 I thermal_changed: [CPU5,0,89.900002,0,3]
09-24 22:14:33.575  2866  4398 I thermal_changed: [CPU3,0,95.000000,3,3]
09-24 22:14:33.571  5454  5454 I auditd  : type=1400 audit(0.0:6857048): avc:  denied  { search } for  comm="DefaultDispatch" name="zram0" dev="sysfs" ino=107524 scontext=u:r:untrusted_app:s0:c207,c257,c512,c768 tcontext=u:object_r:sysfs_zram:s0 tclass=dir permissive=0 app=com.zenithblue.sambas3
09-24 22:14:33.597  2866  4574 I thermal_changed: [CPU5,0,95.000000,3,3]
09-24 22:14:33.741  2866  4574 I thermal_changed: [CPU5,0,89.900002,0,3]
09-24 22:14:33.806  2866  4574 I thermal_changed: [CPU3,0,89.900002,0,3]
09-24 22:14:33.822  2866  4574 I thermal_changed: [CPU3,0,95.000000,3,3]
09-24 22:14:33.898  2866  4574 I thermal_changed: [CPU3,0,89.900002,0,3]
09-24 22:14:33.899  2866  4574 I thermal_changed: [CPU5,0,95.000000,3,3]
09-24 22:14:33.901  2866  4574 I thermal_changed: [CPU3,0,95.000000,3,3]
09-24 22:14:34.018  2866  4574 I thermal_changed: [CPU5,0,89.900002,0,3]
09-24 22:14:34.026  2866  4398 I thermal_changed: [CPU3,0,89.900002,0,3]
09-24 22:14:34.044  2866  4574 I thermal_changed: [CPU3,0,95.400002,3,3]
09-24 22:14:34.044  2866  4574 I thermal_changed: [CPU5,0,95.000000,3,3]
09-24 22:14:34.152  2866  4574 I thermal_changed: [CPU5,0,89.900002,0,3]
09-24 22:14:34.158  2866  4574 I thermal_changed: [CPU3,0,89.900002,0,3]
09-24 22:14:34.178  2866  4574 I thermal_changed: [CPU5,0,95.000000,3,3]
09-24 22:14:34.180  2866  4574 I thermal_changed: [CPU3,0,95.000000,3,3]
09-24 22:14:34.258  2866  4574 I thermal_changed: [CPU3,0,89.900002,0,3]
09-24 22:14:34.258  2866  4398 I thermal_changed: [CPU5,0,89.900002,0,3]
09-24 22:14:34.260  2866  4398 I thermal_changed: [CPU3,0,95.800003,3,3]
09-24 22:14:34.397  2866  4398 I thermal_changed: [CPU3,0,89.900002,0,3]
09-24 22:14:34.405  2866  4398 I thermal_changed: [CPU3,0,95.000000,3,3]
09-24 22:14:34.456  2866  4398 I thermal_changed: [CPU3,0,89.900002,0,3]
09-24 22:14:34.472  2866  4398 I thermal_changed: [CPU3,0,95.000000,3,3]
09-24 22:14:34.582  2866  4398 I thermal_changed: [CPU2,0,95.000000,3,3]
09-24 22:14:34.584  2866  4398 I thermal_changed: [CPU3,0,89.900002,0,3]
09-24 22:14:34.588  2866  4398 I thermal_changed: [CPU3,0,95.000000,3,3]
09-24 22:14:34.645  2866  4398 I thermal_changed: [CPU2,0,89.900002,0,3]
09-24 22:14:34.672  2866  4398 I thermal_changed: [CPU5,0,95.000000,3,3]
09-24 22:14:34.767  2866  4419 I thermal_changed: [CPU3,0,89.900002,0,3]
09-24 22:14:34.777  2866  4419 I thermal_changed: [CPU3,0,95.000000,3,3]
09-24 22:14:34.861  2866  4419 I thermal_changed: [CPU5,0,89.900002,0,3]
09-24 22:14:34.927  2866  4419 I thermal_changed: [CPU5,0,95.000000,3,3]
09-24 22:14:34.958  2866  4419 I thermal_changed: [CPU5,0,89.900002,0,3]
09-24 22:14:34.961  2866  4419 I thermal_changed: [CPU2,0,95.000000,3,3]
09-24 22:14:34.967  2866  4419 I thermal_changed: [CPU2,0,89.900002,0,3]
09-24 22:14:35.004  2866  4419 I thermal_changed: [CPU5,0,95.000000,3,3]
09-24 22:14:35.127  2866  4419 I thermal_changed: [CPU2,0,95.000000,3,3]
09-24 22:14:35.130  2866  4419 I thermal_changed: [CPU3,0,89.900002,0,3]
09-24 22:14:35.134  2866  4398 I thermal_changed: [CPU5,0,89.900002,0,3]
09-24 22:14:35.137  2866  4398 I thermal_changed: [CPU2,0,89.900002,0,3]
09-24 22:14:35.153  2866  4398 I thermal_changed: [CPU3,0,95.000000,3,3]
09-24 22:14:35.229  2866  4398 I thermal_changed: [CPU3,0,89.900002,0,3]
09-24 22:14:35.266  2866  4398 I thermal_changed: [CPU3,0,95.000000,3,3]
09-24 22:14:35.503  2866  4419 I thermal_changed: [CPU3,0,89.900002,0,3]
09-24 22:14:35.613  2866  4419 I thermal_changed: [CPU3,0,95.000000,3,3]
09-24 22:14:35.614  2866  4419 I thermal_changed: [CPU5,0,95.000000,3,3]
09-24 22:14:35.931 28482 28482 I auditd  : type=1400 audit(0.0:6857066): avc:  denied  { read } for  comm="DefaultDispatch" name="version" dev="proc" ino=4026532013 scontext=u:r:untrusted_app:s0:c163,c257,c512,c768 tcontext=u:object_r:proc_version:s0 tclass=file permissive=0 app=com.ivarna.mkm
09-24 22:14:36.034  2866  4398 I thermal_changed: [CPU5,0,89.900002,0,3]
09-24 22:14:36.036  2866  4398 I thermal_changed: [CPU5,0,95.000000,3,3]
09-24 22:14:36.035 11421 11421 I auditd  : type=1400 audit(0.0:6857067): avc:  denied  { read } for  comm="sh" name="devfreq" dev="sysfs" ino=53645 scontext=u:r:untrusted_app:s0:c163,c257,c512,c768 tcontext=u:object_r:vendor_sysfs_devfreq:s0 tclass=dir permissive=0
09-24 22:14:36.035 11421 11421 I auditd  : type=1400 audit(0.0:6857068): avc:  denied  { search } for  comm="sh" name="devfreq" dev="sysfs" ino=53645 scontext=u:r:untrusted_app:s0:c163,c257,c512,c768 tcontext=u:object_r:vendor_sysfs_devfreq:s0 tclass=dir permissive=0
09-24 22:14:36.035 11421 11421 I auditd  : type=1400 audit(0.0:6857069): avc:  denied  { read } for  comm="sh" name="devfreq" dev="sysfs" ino=53645 scontext=u:r:untrusted_app:s0:c163,c257,c512,c768 tcontext=u:object_r:vendor_sysfs_devfreq:s0 tclass=dir permissive=0
09-24 22:14:36.035 11421 11421 I auditd  : type=1400 audit(0.0:6857070): avc:  denied  { search } for  comm="sh" name="devfreq" dev="sysfs" ino=53645 scontext=u:r:untrusted_app:s0:c163,c257,c512,c768 tcontext=u:object_r:vendor_sysfs_devfreq:s0 tclass=dir permissive=0
09-24 22:14:36.125  2866  4574 I thermal_changed: [CPU5,0,89.900002,0,3]
09-24 22:14:36.223  2866  4398 I thermal_changed: [CPU5,0,95.000000,3,3]
09-24 22:14:36.347  2866  4398 I thermal_changed: [CPU3,0,89.900002,0,3]
09-24 22:14:36.375  2866  4574 I thermal_changed: [CPU3,0,95.000000,3,3]
09-24 22:14:36.442  2866  4398 I thermal_changed: [CPU5,0,89.900002,0,3]
09-24 22:14:36.453  2866  4574 I thermal_changed: [CPU7,0,95.000000,3,3]
09-24 22:14:36.459  2866  4574 I thermal_changed: [CPU5,0,95.000000,3,3]
09-24 22:14:36.560  2866  4574 I thermal_changed: [CPU7,0,89.900002,0,3]
09-24 22:14:36.731  2866  4398 I thermal_changed: [CPU3,0,89.599998,0,3]
09-24 22:14:36.766  2866  4398 I thermal_changed: [CPU3,0,95.000000,3,3]
09-24 22:14:36.854  2866  4398 I thermal_changed: [CPU5,0,89.900002,0,3]
09-24 22:14:36.886  2866  4398 I thermal_changed: [CPU5,0,95.000000,3,3]
09-24 22:14:36.972  2866  4398 I thermal_changed: [CPU5,0,89.900002,0,3]
09-24 22:14:36.975  2866  4398 I thermal_changed: [CPU2,0,95.000000,3,3]
09-24 22:14:37.010  2866  4398 I thermal_changed: [CPU2,0,89.900002,0,3]
09-24 22:14:37.023  2866  4398 I thermal_changed: [CPU5,0,95.000000,3,3]
09-24 22:14:37.062  2866  4398 I thermal_changed: [CPU5,0,89.900002,0,3]
09-24 22:14:37.066  2866  4398 I thermal_changed: [CPU3,0,89.900002,0,3]
09-24 22:14:37.068  2866  4398 I thermal_changed: [CPU3,0,95.000000,3,3]
09-24 22:14:37.195  2866  4574 I thermal_changed: [CPU3,0,89.900002,0,3]
09-24 22:14:37.263  2866  4574 I thermal_changed: [CPU3,0,95.000000,3,3]
09-24 22:14:37.304  2866  4574 I thermal_changed: [CPU3,0,89.900002,0,3]
09-24 22:14:37.322  2866  4574 I thermal_changed: [CPU3,0,95.000000,3,3]
09-24 22:14:37.406  2866  4574 I thermal_changed: [CPU3,0,89.900002,0,3]
09-24 22:14:37.438  2866  4419 I thermal_changed: [CPU3,0,95.000000,3,3]
09-24 22:14:37.503  2866  4419 I thermal_changed: [CPU3,0,89.900002,0,3]
09-24 22:14:37.548  2866  4419 I thermal_changed: [CPU3,0,95.000000,3,3]
09-24 22:14:37.744  2866  4419 I thermal_changed: [CPU5,0,96.099998,3,3]
09-24 22:14:37.747  2866  4419 I thermal_changed: [CPU5,0,89.900002,0,3]
09-24 22:14:37.749  2866  4419 I thermal_changed: [CPU2,0,95.000000,3,3]
09-24 22:14:37.765  2866  4419 I thermal_changed: [CPU7,0,95.000000,3,3]
09-24 22:14:37.775  2866  4419 I thermal_changed: [CPU2,0,89.900002,0,3]
09-24 22:14:37.776  2866  4419 I thermal_changed: [CPU7,0,89.900002,0,3]
09-24 22:14:37.780  2866  4419 I thermal_changed: [CPU3,0,89.900002,0,3]
09-24 22:14:37.786  2866  4419 I thermal_changed: [CPU5,0,95.000000,3,3]
09-24 22:14:37.798  2866  4419 I thermal_changed: [CPU3,0,95.000000,3,3]
09-24 22:14:37.865  2866  4419 I thermal_changed: [CPU5,0,89.900002,0,3]
09-24 22:14:37.989  2866  4419 I thermal_changed: [CPU3,0,89.900002,0,3]
09-24 22:14:37.996  2866  4419 I thermal_changed: [CPU5,0,95.000000,3,3]
09-24 22:14:38.045  2866  4419 I thermal_changed: [CPU3,0,95.000000,3,3]
09-24 22:14:38.115  2866  4419 I thermal_changed: [CPU5,0,89.900002,0,3]
09-24 22:14:38.115  2866  4419 I thermal_changed: [CPU3,0,89.900002,0,3]
09-24 22:14:38.141  2866  4419 I thermal_changed: [CPU3,0,95.000000,3,3]
09-24 22:14:38.206  2866  4419 I thermal_changed: [CPU3,0,89.900002,0,3]
09-24 22:14:38.212  2866  4419 I thermal_changed: [CPU3,0,95.000000,3,3]
09-24 22:14:38.235 28482 28482 I auditd  : type=1400 audit(0.0:6857082): avc:  denied  { read } for  comm="DefaultDispatch" name="version" dev="proc" ino=4026532013 scontext=u:r:untrusted_app:s0:c163,c257,c512,c768 tcontext=u:object_r:proc_version:s0 tclass=file permissive=0 app=com.ivarna.mkm
09-24 22:14:38.351 11446 11446 I auditd  : type=1400 audit(0.0:6857083): avc:  denied  { read } for  comm="sh" name="devfreq" dev="sysfs" ino=53645 scontext=u:r:untrusted_app:s0:c163,c257,c512,c768 tcontext=u:object_r:vendor_sysfs_devfreq:s0 tclass=dir permissive=0 app=com.ivarna.mkm
09-24 22:14:38.351 11446 11446 I auditd  : type=1400 audit(0.0:6857084): avc:  denied  { search } for  comm="sh" name="devfreq" dev="sysfs" ino=53645 scontext=u:r:untrusted_app:s0:c163,c257,c512,c768 tcontext=u:object_r:vendor_sysfs_devfreq:s0 tclass=dir permissive=0 app=com.ivarna.mkm
09-24 22:14:38.351 11446 11446 I auditd  : type=1400 audit(0.0:6857085): avc:  denied  { read } for  comm="sh" name="devfreq" dev="sysfs" ino=53645 scontext=u:r:untrusted_app:s0:c163,c257,c512,c768 tcontext=u:object_r:vendor_sysfs_devfreq:s0 tclass=dir permissive=0 app=com.ivarna.mkm
09-24 22:14:38.351 11446 11446 I auditd  : type=1400 audit(0.0:6857086): avc:  denied  { search } for  comm="sh" name="devfreq" dev="sysfs" ino=53645 scontext=u:r:untrusted_app:s0:c163,c257,c512,c768 tcontext=u:object_r:vendor_sysfs_devfreq:s0 tclass=dir permissive=0 app=com.ivarna.mkm
09-24 22:14:38.426  2866  4574 I thermal_changed: [CPU3,0,89.900002,0,3]
09-24 22:14:38.437  2866  4574 I thermal_changed: [CPU3,0,95.000000,3,3]
09-24 22:14:38.471  2866  4574 I thermal_changed: [CPU5,0,95.000000,3,3]
09-24 22:14:38.655  2866  4574 I thermal_changed: [CPU5,0,89.900002,0,3]
09-24 22:14:38.674  2866  4574 I thermal_changed: [CPU3,0,89.900002,0,3]
09-24 22:14:38.688  2866  4574 I thermal_changed: [CPU3,0,95.000000,3,3]
09-24 22:14:38.703  2866  4574 I thermal_changed: [CPU5,0,95.400002,3,3]
09-24 22:14:38.788  2866  4574 I thermal_changed: [CPU5,0,89.900002,0,3]
09-24 22:14:38.796  2866  4574 I thermal_changed: [CPU3,0,89.900002,0,3]
09-24 22:14:38.854  2866  3612 I commit_sys_config_file: [settings-0-0,8]
09-24 22:14:38.950  2866  4574 I thermal_changed: [CPU3,0,95.000000,3,3]
09-24 22:14:39.047  2866  4574 I thermal_changed: [CPU5,0,95.000000,3,3]
09-24 22:14:39.187  2866  4419 I thermal_changed: [CPU3,0,89.900002,0,3]
09-24 22:14:39.196  2866  4419 I thermal_changed: [CPU5,0,89.900002,0,3]
09-24 22:14:39.334  2866  4419 I thermal_changed: [CPU5,0,95.000000,3,3]
09-24 22:14:39.354  2866  4419 I thermal_changed: [CPU3,0,95.000000,3,3]
09-24 22:14:39.401  2866  4419 I thermal_changed: [CPU3,0,89.900002,0,3]
09-24 22:14:39.408  2866  4419 I thermal_changed: [CPU5,0,89.900002,0,3]
09-24 22:14:39.423  2866  4419 I thermal_changed: [CPU3,0,95.000000,3,3]
09-24 22:14:39.552  2866  4574 I thermal_changed: [CPU3,0,89.599998,0,3]
09-24 22:14:39.597  2866  4574 I thermal_changed: [CPU5,0,95.400002,3,3]
09-24 22:14:39.626  2866  4574 I thermal_changed: [CPU3,0,95.000000,3,3]
09-24 22:14:39.700  2866  4574 I thermal_changed: [CPU5,0,89.900002,0,3]
09-24 22:14:39.796  2866  4419 I thermal_changed: [CPU3,0,89.900002,0,3]
09-24 22:14:39.808  2866  4419 I thermal_changed: [CPU2,0,95.000000,3,3]
09-24 22:14:39.815  2866  4419 I thermal_changed: [CPU2,0,89.900002,0,3]
09-24 22:14:39.829  2866  4419 I thermal_changed: [CPU3,0,95.000000,3,3]
09-24 22:14:39.844  2866  4419 I thermal_changed: [CPU5,0,95.000000,3,3]
09-24 22:14:39.901  2866  4419 I thermal_changed: [CPU3,0,89.900002,0,3]
09-24 22:14:39.964  2866  4419 I thermal_changed: [CPU2,0,95.000000,3,3]
09-24 22:14:39.964  2866  4419 I thermal_changed: [CPU3,0,95.000000,3,3]
09-24 22:14:39.975  2866  4574 I thermal_changed: [CPU2,0,89.900002,0,3]
09-24 22:14:39.975  2866  4574 I thermal_changed: [CPU5,0,89.900002,0,3]
09-24 22:14:40.058  2866  4574 I thermal_changed: [CPU3,0,89.900002,0,3]
09-24 22:14:40.083  2866  4574 I thermal_changed: [CPU2,0,95.000000,3,3]
09-24 22:14:40.083  2866  4419 I thermal_changed: [CPU3,0,95.000000,3,3]
09-24 22:14:40.089  2866  4419 I thermal_changed: [CPU2,0,89.900002,0,3]
09-24 22:14:40.132  2866  4419 I thermal_changed: [CPU3,0,89.900002,0,3]
09-24 22:14:40.140  2866  4419 I thermal_changed: [CPU3,0,95.000000,3,3]
09-24 22:14:40.162  2866  4574 I thermal_changed: [CPU3,0,89.900002,0,3]
09-24 22:14:40.384  2866  4574 I thermal_changed: [CPU5,0,95.000000,3,3]
09-24 22:14:40.392  2866  4574 I thermal_changed: [CPU3,0,95.000000,3,3]
09-24 22:14:40.399  2866  4574 I thermal_changed: [CPU3,0,89.900002,0,3]
09-24 22:14:40.493  2866  4574 I thermal_changed: [CPU3,0,95.000000,3,3]
09-24 22:14:40.567 28482 28482 I auditd  : type=1400 audit(0.0:6857098): avc:  denied  { read } for  comm="DefaultDispatch" name="version" dev="proc" ino=4026532013 scontext=u:r:untrusted_app:s0:c163,c257,c512,c768 tcontext=u:object_r:proc_version:s0 tclass=file permissive=0 app=com.ivarna.mkm
09-24 22:14:40.663 11475 11475 I auditd  : type=1400 audit(0.0:6857099): avc:  denied  { read } for  comm="sh" name="devfreq" dev="sysfs" ino=53645 scontext=u:r:untrusted_app:s0:c163,c257,c512,c768 tcontext=u:object_r:vendor_sysfs_devfreq:s0 tclass=dir permissive=0 app=com.ivarna.mkm
09-24 22:14:40.663 11475 11475 I auditd  : type=1400 audit(0.0:6857100): avc:  denied  { search } for  comm="sh" name="devfreq" dev="sysfs" ino=53645 scontext=u:r:untrusted_app:s0:c163,c257,c512,c768 tcontext=u:object_r:vendor_sysfs_devfreq:s0 tclass=dir permissive=0 app=com.ivarna.mkm
09-24 22:14:40.663 11475 11475 I auditd  : type=1400 audit(0.0:6857101): avc:  denied  { read } for  comm="sh" name="devfreq" dev="sysfs" ino=53645 scontext=u:r:untrusted_app:s0:c163,c257,c512,c768 tcontext=u:object_r:vendor_sysfs_devfreq:s0 tclass=dir permissive=0 app=com.ivarna.mkm
09-24 22:14:40.663 11475 11475 I auditd  : type=1400 audit(0.0:6857102): avc:  denied  { search } for  comm="sh" name="devfreq" dev="sysfs" ino=53645 scontext=u:r:untrusted_app:s0:c163,c257,c512,c768 tcontext=u:object_r:vendor_sysfs_devfreq:s0 tclass=dir permissive=0 app=com.ivarna.mkm
09-24 22:14:40.721  2866  4574 I thermal_changed: [CPU5,0,89.900002,0,3]
09-24 22:14:40.723  2866  4574 I thermal_changed: [CPU3,0,89.900002,0,3]
09-24 22:14:40.744  2866  4574 I thermal_changed: [CPU5,0,95.000000,3,3]
09-24 22:14:40.757  2866  4574 I thermal_changed: [CPU3,0,95.000000,3,3]
09-24 22:14:40.874  2866  4574 I thermal_changed: [CPU3,0,89.900002,0,3]
09-24 22:14:40.875  2866  4574 I thermal_changed: [CPU5,0,89.599998,0,3]
09-24 22:14:40.917  2866  4574 I thermal_changed: [CPU3,0,95.000000,3,3]
09-24 22:14:41.024  2866  4419 I thermal_changed: [CPU5,0,95.400002,3,3]
09-24 22:14:41.093  2866  4419 I thermal_changed: [CPU3,0,89.900002,0,3]
09-24 22:14:41.107  2866  4419 I thermal_changed: [CPU5,0,89.900002,0,3]
09-24 22:14:41.175  2866  4419 I thermal_changed: [CPU3,0,95.000000,3,3]
09-24 22:14:41.222  2866  4419 I thermal_changed: [CPU3,0,89.900002,0,3]
09-24 22:14:41.225  2866  4419 I thermal_changed: [CPU5,0,95.000000,3,3]
09-24 22:14:41.247  2866  4419 I thermal_changed: [CPU3,0,95.000000,3,3]
09-24 22:14:41.292  2866  4419 I thermal_changed: [CPU3,0,89.900002,0,3]
09-24 22:14:41.333  2866  4419 I thermal_changed: [CPU2,0,95.400002,3,3]
09-24 22:14:41.334  2866  4419 I thermal_changed: [CPU3,0,95.400002,3,3]
09-24 22:14:41.358  2866  4419 I thermal_changed: [CPU5,0,89.900002,0,3]
09-24 22:14:41.371  2866  4419 I thermal_changed: [CPU2,0,89.900002,0,3]
09-24 22:14:41.372  2866  4574 I thermal_changed: [CPU3,0,89.900002,0,3]
09-24 22:14:41.383  2866  4574 I thermal_changed: [CPU2,0,95.000000,3,3]
09-24 22:14:41.385  2866  4574 I thermal_changed: [CPU5,0,95.000000,3,3]
09-24 22:14:41.401  2866  4574 I thermal_changed: [CPU2,0,89.900002,0,3]
09-24 22:14:41.474  2866  4574 I thermal_changed: [CPU5,0,89.900002,0,3]
09-24 22:14:41.551  2866  4574 I thermal_changed: [CPU3,0,95.000000,3,3]
09-24 22:14:41.591  2866  4574 I thermal_changed: [CPU5,0,95.000000,3,3]
09-24 22:14:41.618  2866  4574 I thermal_changed: [CPU3,0,89.900002,0,3]
09-24 22:14:41.626  2866  4574 I thermal_changed: [CPU3,0,95.400002,3,3]
09-24 22:14:41.672  2866  4574 I thermal_changed: [CPU5,0,89.900002,0,3]
09-24 22:14:41.907  2866  4398 I thermal_changed: [CPU5,0,95.000000,3,3]
09-24 22:14:41.958  2866  4398 I thermal_changed: [CPU2,0,95.000000,3,3]
09-24 22:14:41.990  2866  4398 I thermal_changed: [CPU2,0,89.900002,0,3]
09-24 22:14:42.053  2866  4398 I thermal_changed: [CPU5,0,89.900002,0,3]
09-24 22:14:42.218  2866  4398 I thermal_changed: [CPU5,0,95.000000,3,3]
09-24 22:14:42.543  2866  4398 I thermal_changed: [CPU5,0,89.900002,0,3]
09-24 22:14:42.555  2866  4398 I thermal_changed: [CPU3,0,89.900002,0,3]
09-24 22:14:42.729  2866  4398 I thermal_changed: [CPU3,0,95.000000,3,3]
09-24 22:14:42.778  2866  4574 I thermal_changed: [CPU5,0,95.000000,3,3]
09-24 22:14:42.863 28482 28482 I auditd  : type=1400 audit(0.0:6857114): avc:  denied  { read } for  comm="DefaultDispatch" name="version" dev="proc" ino=4026532013 scontext=u:r:untrusted_app:s0:c163,c257,c512,c768 tcontext=u:object_r:proc_version:s0 tclass=file permissive=0 app=com.ivarna.mkm
09-24 22:14:42.955 11493 11493 I auditd  : type=1400 audit(0.0:6857115): avc:  denied  { read } for  comm="sh" name="devfreq" dev="sysfs" ino=53645 scontext=u:r:untrusted_app:s0:c163,c257,c512,c768 tcontext=u:object_r:vendor_sysfs_devfreq:s0 tclass=dir permissive=0 app=com.ivarna.mkm
09-24 22:14:42.955 11493 11493 I auditd  : type=1400 audit(0.0:6857116): avc:  denied  { search } for  comm="sh" name="devfreq" dev="sysfs" ino=53645 scontext=u:r:untrusted_app:s0:c163,c257,c512,c768 tcontext=u:object_r:vendor_sysfs_devfreq:s0 tclass=dir permissive=0 app=com.ivarna.mkm
09-24 22:14:42.955 11493 11493 I auditd  : type=1400 audit(0.0:6857117): avc:  denied  { read } for  comm="sh" name="devfreq" dev="sysfs" ino=53645 scontext=u:r:untrusted_app:s0:c163,c257,c512,c768 tcontext=u:object_r:vendor_sysfs_devfreq:s0 tclass=dir permissive=0 app=com.ivarna.mkm
09-24 22:14:42.955 11493 11493 I auditd  : type=1400 audit(0.0:6857118): avc:  denied  { search } for  comm="sh" name="devfreq" dev="sysfs" ino=53645 scontext=u:r:untrusted_app:s0:c163,c257,c512,c768 tcontext=u:object_r:vendor_sysfs_devfreq:s0 tclass=dir permissive=0 app=com.ivarna.mkm
09-24 22:14:43.115  2866  4398 I thermal_changed: [CPU5,0,89.599998,0,3]
09-24 22:14:43.138  2866  4398 I thermal_changed: [CPU3,0,89.900002,0,3]
09-24 22:14:43.165  2866  4398 I thermal_changed: [CPU3,0,95.000000,3,3]
09-24 22:14:43.210  2866  4398 I thermal_changed: [CPU5,0,95.000000,3,3]
09-24 22:14:43.223  2866  4574 I thermal_changed: [CPU5,0,89.900002,0,3]
09-24 22:14:43.355  2866  4574 I thermal_changed: [CPU5,0,95.000000,3,3]
09-24 22:14:43.492  2866  4574 I thermal_changed: [CPU5,0,89.900002,0,3]
09-24 22:14:43.562  2866  4574 I thermal_changed: [CPU5,0,95.000000,3,3]
09-24 22:14:43.847  2866  4574 I thermal_changed: [CPU3,0,89.900002,0,3]
09-24 22:14:43.857  2866  4574 I thermal_changed: [CPU3,0,95.000000,3,3]
09-24 22:14:43.900  2866  4574 I thermal_changed: [CPU5,0,89.900002,0,3]
09-24 22:14:44.063  2866  4574 I thermal_changed: [CPU5,0,95.000000,3,3]
09-24 22:14:44.064  2866  4574 I thermal_changed: [CPU3,0,89.900002,0,3]
09-24 22:14:44.103  2866  4574 I thermal_changed: [CPU5,0,89.900002,0,3]
09-24 22:14:44.187  2866  4574 I thermal_changed: [CPU3,0,95.000000,3,3]
09-24 22:14:44.310  2866  4574 I thermal_changed: [CPU3,0,89.900002,0,3]
09-24 22:14:44.384  2866  4398 I thermal_changed: [CPU5,0,95.000000,3,3]
09-24 22:14:44.420  2866  4398 I thermal_changed: [CPU3,0,95.000000,3,3]
09-24 22:14:44.584  2866  4398 I thermal_changed: [CPU3,0,89.900002,0,3]
09-24 22:14:44.681  2866  4398 I thermal_changed: [CPU3,0,95.000000,3,3]
09-24 22:14:44.734  2866  4398 I thermal_changed: [CPU3,0,89.900002,0,3]
09-24 22:14:44.742  2866  4419 I thermal_changed: [CPU3,0,95.000000,3,3]
09-24 22:14:44.844  2866  4574 I thermal_changed: [CPU5,0,89.900002,0,3]
09-24 22:14:44.882  2866  4574 I thermal_changed: [CPU5,0,95.000000,3,3]
09-24 22:14:45.073  2866  4574 I thermal_changed: [CPU5,0,89.900002,0,3]
09-24 22:14:45.127  2866  4574 I thermal_changed: [CPU5,0,95.000000,3,3]
09-24 22:14:45.135 28482 28482 I auditd  : type=1400 audit(0.0:6857132): avc:  denied  { read } for  comm="DefaultDispatch" name="version" dev="proc" ino=4026532013 scontext=u:r:untrusted_app:s0:c163,c257,c512,c768 tcontext=u:object_r:proc_version:s0 tclass=file permissive=0 app=com.ivarna.mkm
09-24 22:14:45.208  2866  4574 I thermal_changed: [CPU5,0,89.900002,0,3]
09-24 22:14:45.231 11508 11508 I auditd  : type=1400 audit(0.0:6857133): avc:  denied  { read } for  comm="sh" name="devfreq" dev="sysfs" ino=53645 scontext=u:r:untrusted_app:s0:c163,c257,c512,c768 tcontext=u:object_r:vendor_sysfs_devfreq:s0 tclass=dir permissive=0 app=com.ivarna.mkm
09-24 22:14:45.235 11508 11508 I auditd  : type=1400 audit(0.0:6857134): avc:  denied  { search } for  comm="sh" name="devfreq" dev="sysfs" ino=53645 scontext=u:r:untrusted_app:s0:c163,c257,c512,c768 tcontext=u:object_r:vendor_sysfs_devfreq:s0 tclass=dir permissive=0 app=com.ivarna.mkm
09-24 22:14:45.235 11508 11508 I auditd  : type=1400 audit(0.0:6857135): avc:  denied  { read } for  comm="sh" name="devfreq" dev="sysfs" ino=53645 scontext=u:r:untrusted_app:s0:c163,c257,c512,c768 tcontext=u:object_r:vendor_sysfs_devfreq:s0 tclass=dir permissive=0 app=com.ivarna.mkm
09-24 22:14:45.235 11508 11508 I auditd  : type=1400 audit(0.0:6857136): avc:  denied  { search } for  comm="sh" name="devfreq" dev="sysfs" ino=53645 scontext=u:r:untrusted_app:s0:c163,c257,c512,c768 tcontext=u:object_r:vendor_sysfs_devfreq:s0 tclass=dir permissive=0 app=com.ivarna.mkm
09-24 22:14:45.267  2866  4574 I thermal_changed: [CPU5,0,95.000000,3,3]
09-24 22:14:45.343  2866  4574 I thermal_changed: [CPU5,0,89.900002,0,3]
09-24 22:14:45.436  2866  4574 I thermal_changed: [CPU5,0,95.000000,3,3]
09-24 22:14:45.611  2866  4398 I thermal_changed: [CPU3,0,89.900002,0,3]
09-24 22:14:45.621  2866  4574 I thermal_changed: [CPU5,0,89.900002,0,3]
09-24 22:14:45.835  2866  4398 I thermal_changed: [CPU5,0,95.000000,3,3]
09-24 22:14:45.920  2866  4398 I thermal_changed: [CPU5,0,89.900002,0,3]
09-24 22:14:45.953  2866  4398 I thermal_changed: [CPU5,0,95.000000,3,3]
09-24 22:14:45.958  2866  4398 I thermal_changed: [CPU5,0,89.900002,0,3]
09-24 22:14:46.015  2866  4398 I thermal_changed: [CPU3,0,95.000000,3,3]
09-24 22:14:46.018  2866  4398 I thermal_changed: [CPU5,0,95.000000,3,3]
09-24 22:14:46.054  2866  4398 I thermal_changed: [CPU5,0,89.900002,0,3]
09-24 22:14:46.105  2866  4398 I thermal_changed: [CPU5,0,95.000000,3,3]
09-24 22:14:46.153  2866  4398 I thermal_changed: [CPU5,0,89.900002,0,3]
09-24 22:14:46.161  2866  4398 I thermal_changed: [CPU5,0,95.000000,3,3]
09-24 22:14:46.167  2866  4574 I thermal_changed: [CPU3,0,89.900002,0,3]
09-24 22:14:46.182  2866  4574 I thermal_changed: [CPU3,0,95.000000,3,3]
09-24 22:14:46.235  2866  4574 I thermal_changed: [CPU3,0,89.900002,0,3]
09-24 22:14:46.242  2866  4574 I thermal_changed: [CPU5,0,89.900002,0,3]
09-24 22:14:46.282  2866  4574 I thermal_changed: [CPU3,0,95.000000,3,3]
09-24 22:14:46.283  2866  4574 I thermal_changed: [CPU5,0,95.000000,3,3]
09-24 22:14:46.371  2866  4574 I thermal_changed: [CPU5,0,89.900002,0,3]
09-24 22:14:46.569  2866  4574 I thermal_changed: [CPU3,0,89.900002,0,3]
09-24 22:14:46.571  2866  4574 I thermal_changed: [CPU5,0,95.000000,3,3]
09-24 22:14:46.629  2866  4574 I thermal_changed: [CPU3,0,95.000000,3,3]
09-24 22:14:46.656  2866  4574 I thermal_changed: [CPU3,0,89.900002,0,3]
09-24 22:14:46.669  2866  4574 I thermal_changed: [CPU5,0,89.900002,0,3]
09-24 22:14:46.699  2866  4574 I thermal_changed: [CPU3,0,95.400002,3,3]
09-24 22:14:46.804  2866  4574 I thermal_changed: [CPU5,0,95.000000,3,3]
09-24 22:14:46.981  2866  4574 I thermal_changed: [CPU3,0,89.900002,0,3]
09-24 22:14:46.981  2866  4574 I thermal_changed: [CPU5,0,89.900002,0,3]
09-24 22:14:46.992  2866  4574 I thermal_changed: [CPU3,0,95.000000,3,3]
09-24 22:14:47.042  2866  4574 I thermal_changed: [CPU3,0,89.900002,0,3]
09-24 22:14:47.088  2866  4574 I thermal_changed: [CPU3,0,95.000000,3,3]
09-24 22:14:47.089  2866  4574 I thermal_changed: [CPU5,0,95.000000,3,3]
09-24 22:14:47.101  2866  4574 I thermal_changed: [CPU3,0,89.900002,0,3]
09-24 22:14:47.106  2866  4574 I thermal_changed: [CPU3,0,95.000000,3,3]
09-24 22:14:47.195  2866  4574 I thermal_changed: [CPU3,0,89.900002,0,3]
09-24 22:14:47.256  2866  4574 I thermal_changed: [CPU5,0,89.900002,0,3]
09-24 22:14:47.259  2866  4574 I thermal_changed: [CPU3,0,95.000000,3,3]
09-24 22:14:47.292  2866  4574 I thermal_changed: [CPU3,0,89.900002,0,3]
09-24 22:14:47.298  2866  4574 I thermal_changed: [CPU3,0,95.000000,3,3]
09-24 22:14:47.299  2866  4398 I thermal_changed: [CPU5,0,95.000000,3,3]
09-24 22:14:47.383 28482 28482 I auditd  : type=1400 audit(0.0:6857148): avc:  denied  { read } for  comm="DefaultDispatch" name="version" dev="proc" ino=4026532013 scontext=u:r:untrusted_app:s0:c163,c257,c512,c768 tcontext=u:object_r:proc_version:s0 tclass=file permissive=0 app=com.ivarna.mkm
09-24 22:14:47.439 11526 11526 I auditd  : type=1400 audit(0.0:6857149): avc:  denied  { read } for  comm="sh" name="devfreq" dev="sysfs" ino=53645 scontext=u:r:untrusted_app:s0:c163,c257,c512,c768 tcontext=u:object_r:vendor_sysfs_devfreq:s0 tclass=dir permissive=0 app=com.ivarna.mkm
09-24 22:14:47.439 11526 11526 I auditd  : type=1400 audit(0.0:6857150): avc:  denied  { search } for  comm="sh" name="devfreq" dev="sysfs" ino=53645 scontext=u:r:untrusted_app:s0:c163,c257,c512,c768 tcontext=u:object_r:vendor_sysfs_devfreq:s0 tclass=dir permissive=0 app=com.ivarna.mkm
09-24 22:14:47.439 11526 11526 I auditd  : type=1400 audit(0.0:6857151): avc:  denied  { read } for  comm="sh" name="devfreq" dev="sysfs" ino=53645 scontext=u:r:untrusted_app:s0:c163,c257,c512,c768 tcontext=u:object_r:vendor_sysfs_devfreq:s0 tclass=dir permissive=0 app=com.ivarna.mkm
09-24 22:14:47.439 11526 11526 I auditd  : type=1400 audit(0.0:6857152): avc:  denied  { search } for  comm="sh" name="devfreq" dev="sysfs" ino=53645 scontext=u:r:untrusted_app:s0:c163,c257,c512,c768 tcontext=u:object_r:vendor_sysfs_devfreq:s0 tclass=dir permissive=0 app=com.ivarna.mkm
09-24 22:14:47.446  2866  4574 I thermal_changed: [CPU5,0,89.900002,0,3]
09-24 22:14:47.524  2866  4574 I thermal_changed: [CPU5,0,95.000000,3,3]
09-24 22:14:47.763  2866  4574 I thermal_changed: [CPU3,0,89.900002,0,3]
09-24 22:14:47.847  2866  4574 I thermal_changed: [CPU3,0,95.000000,3,3]
09-24 22:14:47.852  2866  4574 I thermal_changed: [CPU3,0,89.900002,0,3]
09-24 22:14:47.876  2866  4574 I thermal_changed: [CPU7,0,95.000000,3,3]
09-24 22:14:47.876  2866  4574 I thermal_changed: [CPU3,0,95.000000,3,3]
09-24 22:14:47.887  2866  4574 I thermal_changed: [CPU5,0,89.900002,0,3]
09-24 22:14:47.906  2866  4574 I thermal_changed: [CPU5,0,95.000000,3,3]
09-24 22:14:47.927  2866  4574 I thermal_changed: [CPU3,0,89.900002,0,3]
09-24 22:14:47.966  2866  4574 I thermal_changed: [CPU7,0,89.900002,0,3]
09-24 22:14:47.981  2866  4574 I thermal_changed: [CPU5,0,89.900002,0,3]
09-24 22:14:47.997  2866  4574 I thermal_changed: [CPU5,0,95.000000,3,3]
09-24 22:14:48.013  2866  4574 I thermal_changed: [CPU3,0,95.000000,3,3]
09-24 22:14:48.175  2866  4398 I thermal_changed: [CPU2,0,95.000000,3,3]
09-24 22:14:48.191  2866  4398 I thermal_changed: [CPU2,0,89.900002,0,3]
09-24 22:14:48.356  2866  4398 I thermal_changed: [CPU5,0,89.900002,0,3]
09-24 22:14:48.382  2866  4398 I thermal_changed: [CPU3,0,89.900002,0,3]
09-24 22:14:48.424  2866  4398 I thermal_changed: [CPU5,0,95.400002,3,3]
09-24 22:14:48.594  2866  4398 I thermal_changed: [CPU5,0,89.599998,0,3]
09-24 22:14:48.698  2866  4398 I thermal_changed: [CPU5,0,95.400002,3,3]
09-24 22:14:48.737  2866  4398 I thermal_changed: [CPU3,0,95.000000,3,3]
09-24 22:14:48.787  2866  4398 I thermal_changed: [CPU5,0,89.900002,0,3]
09-24 22:14:48.924  2866  4398 I thermal_changed: [CPU5,0,95.000000,3,3]
09-24 22:14:49.035  2866  4398 I thermal_changed: [CPU5,0,89.900002,0,3]
09-24 22:14:49.175  2866  4574 I thermal_changed: [CPU3,0,89.900002,0,3]
09-24 22:14:49.201  2866  4574 I thermal_changed: [CPU5,0,95.000000,3,3]
09-24 22:14:49.205  2866  4574 I thermal_changed: [CPU3,0,95.000000,3,3]
09-24 22:14:49.210  2866  4574 I thermal_changed: [CPU3,0,89.900002,0,3]
09-24 22:14:49.222  2866  4574 I thermal_changed: [CPU3,0,95.000000,3,3]
09-24 22:14:49.226  2866  4574 I thermal_changed: [CPU5,0,89.900002,0,3]
09-24 22:14:49.239  2866  4574 I thermal_changed: [CPU5,0,95.000000,3,3]
09-24 22:14:49.252  2866  4574 I thermal_changed: [CPU3,0,89.900002,0,3]
09-24 22:14:49.273  2866  4574 I thermal_changed: [CPU3,0,95.000000,3,3]
09-24 22:14:49.314  2866  4574 I thermal_changed: [CPU3,0,89.900002,0,3]
09-24 22:14:49.317  2866  4574 I thermal_changed: [CPU3,0,95.800003,3,3]
09-24 22:14:49.331  2866  4461 I thermal_changed: [CPU5,0,89.900002,0,3]
09-24 22:14:49.333  2866  4461 I thermal_changed: [CPU3,0,89.900002,0,3]
09-24 22:14:49.352  2866  6863 I thermal_changed: [CPU3,0,95.000000,3,3]
09-24 22:14:49.352  2866  6863 I thermal_changed: [CPU2,0,95.000000,3,3]
09-24 22:14:49.397  2866  6863 I thermal_changed: [CPU2,0,89.900002,0,3]
09-24 22:14:49.426  2866  6863 I thermal_changed: [CPU5,0,95.000000,3,3]
09-24 22:14:49.476  2866  6863 I thermal_changed: [CPU3,0,89.900002,0,3]
09-24 22:14:49.480  2866  6863 I thermal_changed: [CPU3,0,95.000000,3,3]
09-24 22:14:49.493  2866  6863 I thermal_changed: [CPU5,0,89.900002,0,3]
09-24 22:14:49.570  2866  4118 I thermal_changed: [CPU5,0,95.000000,3,3]
09-24 22:14:49.600  2866  4118 I thermal_changed: [CPU5,0,89.900002,0,3]
09-24 22:14:49.631 28482 28482 I auditd  : type=1400 audit(0.0:6857164): avc:  denied  { read } for  comm="DefaultDispatch" name="version" dev="proc" ino=4026532013 scontext=u:r:untrusted_app:s0:c163,c257,c512,c768 tcontext=u:object_r:proc_version:s0 tclass=file permissive=0 app=com.ivarna.mkm
09-24 22:14:49.731 11542 11542 I auditd  : type=1400 audit(0.0:6857165): avc:  denied  { read } for  comm="sh" name="devfreq" dev="sysfs" ino=53645 scontext=u:r:untrusted_app:s0:c163,c257,c512,c768 tcontext=u:object_r:vendor_sysfs_devfreq:s0 tclass=dir permissive=0 app=com.ivarna.mkm
09-24 22:14:49.731 11542 11542 I auditd  : type=1400 audit(0.0:6857166): avc:  denied  { search } for  comm="sh" name="devfreq" dev="sysfs" ino=53645 scontext=u:r:untrusted_app:s0:c163,c257,c512,c768 tcontext=u:object_r:vendor_sysfs_devfreq:s0 tclass=dir permissive=0 app=com.ivarna.mkm
09-24 22:14:49.731 11542 11542 I auditd  : type=1400 audit(0.0:6857167): avc:  denied  { read } for  comm="sh" name="devfreq" dev="sysfs" ino=53645 scontext=u:r:untrusted_app:s0:c163,c257,c512,c768 tcontext=u:object_r:vendor_sysfs_devfreq:s0 tclass=dir permissive=0 app=com.ivarna.mkm
09-24 22:14:49.731 11542 11542 I auditd  : type=1400 audit(0.0:6857168): avc:  denied  { search } for  comm="sh" name="devfreq" dev="sysfs" ino=53645 scontext=u:r:untrusted_app:s0:c163,c257,c512,c768 tcontext=u:object_r:vendor_sysfs_devfreq:s0 tclass=dir permissive=0 app=com.ivarna.mkm
09-24 22:14:49.827  2866  4118 I thermal_changed: [CPU5,0,95.000000,3,3]
09-24 22:14:49.946  2866  4574 I thermal_changed: [CPU5,0,89.900002,0,3]
09-24 22:14:49.966  2866  4574 I thermal_changed: [CPU5,0,95.000000,3,3]
09-24 22:14:50.103  2866  4574 I thermal_changed: [CPU5,0,89.900002,0,3]
09-24 22:14:50.111  2866  4574 I thermal_changed: [CPU5,0,95.000000,3,3]
09-24 22:14:50.126  2866  4118 I thermal_changed: [CPU5,0,89.900002,0,3]
09-24 22:14:50.136  2866  4118 I thermal_changed: [CPU5,0,95.000000,3,3]
09-24 22:14:50.182  2866  4574 I thermal_changed: [CPU3,0,89.900002,0,3]
09-24 22:14:50.277  2866  4574 I thermal_changed: [CPU3,0,95.000000,3,3]
09-24 22:14:50.337  2866  4574 I thermal_changed: [CPU5,0,89.900002,0,3]
09-24 22:14:50.387  2866  4574 I thermal_changed: [CPU5,0,95.000000,3,3]
09-24 22:14:50.495  2866  4574 I thermal_changed: [CPU5,0,89.900002,0,3]
09-24 22:14:50.500  2866  4574 I thermal_changed: [CPU3,0,89.900002,0,3]
09-24 22:14:50.503  2866  4574 I thermal_changed: [CPU5,0,95.000000,3,3]
09-24 22:14:50.508  2866  4574 I thermal_changed: [CPU3,0,95.000000,3,3]
09-24 22:14:50.575  2866  4574 I thermal_changed: [CPU2,0,95.000000,3,3]
09-24 22:14:50.592  2866  4574 I thermal_changed: [CPU2,0,89.900002,0,3]
09-24 22:14:50.618  2866  4574 I thermal_changed: [CPU3,0,89.900002,0,3]
09-24 22:14:50.627  2866  4574 I thermal_changed: [CPU5,0,89.900002,0,3]
09-24 22:14:50.641  2866  4574 I thermal_changed: [CPU5,0,95.000000,3,3]
09-24 22:14:50.641  2866  4574 I thermal_changed: [CPU3,0,95.000000,3,3]
09-24 22:14:50.719  2866  4574 I thermal_changed: [CPU2,0,95.000000,3,3]
09-24 22:14:50.721  2866  4574 I thermal_changed: [CPU5,0,89.900002,0,3]
09-24 22:14:50.771  2866  4118 I thermal_changed: [CPU5,0,95.400002,3,3]
09-24 22:14:50.776  2866  4118 I thermal_changed: [CPU2,0,89.900002,0,3]
09-24 22:14:50.809  2866  4118 I thermal_changed: [CPU3,0,89.900002,0,3]
09-24 22:14:50.912  2866  4118 I thermal_changed: [CPU5,0,89.900002,0,3]
09-24 22:14:50.986  2866  4118 I thermal_changed: [CPU5,0,95.000000,3,3]
09-24 22:14:51.112  2866  6863 I thermal_changed: [CPU5,0,89.900002,0,3]
09-24 22:14:51.126  2866  4574 I thermal_changed: [CPU5,0,95.000000,3,3]
09-24 22:14:51.146  2866  4574 I thermal_changed: [CPU5,0,89.900002,0,3]
09-24 22:14:51.233  2866  6863 I thermal_changed: [CPU3,0,95.000000,3,3]
09-24 22:14:51.402  2866  6863 I thermal_changed: [CPU3,0,89.900002,0,3]
09-24 22:14:51.441  2866  6863 I thermal_changed: [CPU3,0,95.000000,3,3]
09-24 22:14:51.742  2866  4574 I thermal_changed: [CPU3,0,89.900002,0,3]
09-24 22:14:51.792  2866  4574 I thermal_changed: [CPU5,0,95.000000,3,3]
09-24 22:14:51.794  2866  4574 I thermal_changed: [CPU3,0,95.000000,3,3]
09-24 22:14:51.927 28482 28482 I auditd  : type=1400 audit(0.0:6857180): avc:  denied  { read } for  comm="DefaultDispatch" name="version" dev="proc" ino=4026532013 scontext=u:r:untrusted_app:s0:c163,c257,c512,c768 tcontext=u:object_r:proc_version:s0 tclass=file permissive=0 app=com.ivarna.mkm
09-24 22:14:51.964  2866  4574 I thermal_changed: [CPU3,0,89.900002,0,3]
09-24 22:14:51.983  2866  4574 I thermal_changed: [CPU3,0,95.000000,3,3]
09-24 22:14:52.026  2866  4574 I thermal_changed: [CPU2,0,95.000000,3,3]
09-24 22:14:52.044  2866  4574 I thermal_changed: [CPU2,0,89.900002,0,3]
09-24 22:14:52.043 11559 11559 I auditd  : type=1400 audit(0.0:6857181): avc:  denied  { read } for  comm="sh" name="devfreq" dev="sysfs" ino=53645 scontext=u:r:untrusted_app:s0:c163,c257,c512,c768 tcontext=u:object_r:vendor_sysfs_devfreq:s0 tclass=dir permissive=0 app=com.ivarna.mkm
09-24 22:14:52.043 11559 11559 I auditd  : type=1400 audit(0.0:6857182): avc:  denied  { search } for  comm="sh" name="devfreq" dev="sysfs" ino=53645 scontext=u:r:untrusted_app:s0:c163,c257,c512,c768 tcontext=u:object_r:vendor_sysfs_devfreq:s0 tclass=dir permissive=0 app=com.ivarna.mkm
09-24 22:14:52.043 11559 11559 I auditd  : type=1400 audit(0.0:6857183): avc:  denied  { read } for  comm="sh" name="devfreq" dev="sysfs" ino=53645 scontext=u:r:untrusted_app:s0:c163,c257,c512,c768 tcontext=u:object_r:vendor_sysfs_devfreq:s0 tclass=dir permissive=0 app=com.ivarna.mkm
09-24 22:14:52.043 11559 11559 I auditd  : type=1400 audit(0.0:6857184): avc:  denied  { search } for  comm="sh" name="devfreq" dev="sysfs" ino=53645 scontext=u:r:untrusted_app:s0:c163,c257,c512,c768 tcontext=u:object_r:vendor_sysfs_devfreq:s0 tclass=dir permissive=0 app=com.ivarna.mkm
09-24 22:14:52.150  2866  4574 I thermal_changed: [CPU5,0,89.900002,0,3]
09-24 22:14:52.159  2866  4574 I thermal_changed: [CPU5,0,95.000000,3,3]
09-24 22:14:52.319  2866  4398 I thermal_changed: [CPU5,0,89.900002,0,3]
09-24 22:14:52.353  2866  4398 I thermal_changed: [CPU2,0,95.000000,3,3]
09-24 22:14:52.364  2866  4398 I thermal_changed: [CPU2,0,89.900002,0,3]
09-24 22:14:52.390  2866  4574 I thermal_changed: [CPU5,0,95.000000,3,3]
09-24 22:14:52.417  2866  4574 I thermal_changed: [CPU3,0,89.900002,0,3]
09-24 22:14:52.502  2866  4574 I thermal_changed: [CPU3,0,95.000000,3,3]
09-24 22:14:52.557  2866  4574 I thermal_changed: [CPU3,0,89.900002,0,3]
09-24 22:14:52.615  2866  4574 I thermal_changed: [CPU5,0,89.900002,0,3]
09-24 22:14:52.653  2866  4574 I thermal_changed: [CPU3,0,95.000000,3,3]
09-24 22:14:52.669  2866  4574 I thermal_changed: [CPU5,0,95.000000,3,3]
09-24 22:14:52.968  2866  4574 I thermal_changed: [CPU3,0,89.900002,0,3]
09-24 22:14:52.972  2866  4574 I thermal_changed: [CPU5,0,89.900002,0,3]
09-24 22:14:52.996  2866  4574 I thermal_changed: [CPU5,0,95.000000,3,3]
09-24 22:14:52.996  2866  4574 I thermal_changed: [CPU3,0,95.000000,3,3]
09-24 22:14:53.142  2866  4574 I thermal_changed: [CPU5,0,89.900002,0,3]
09-24 22:14:53.168  2866  4574 I thermal_changed: [CPU5,0,95.000000,3,3]
09-24 22:14:53.262  2866  4398 I thermal_changed: [CPU5,0,89.900002,0,3]
09-24 22:14:53.634  2866  4398 I thermal_changed: [CPU5,0,95.400002,3,3]
09-24 22:14:53.646  2866  4398 I thermal_changed: [CPU5,0,89.900002,0,3]
09-24 22:14:53.647  2866  4398 I thermal_changed: [CPU3,0,89.900002,0,3]
09-24 22:14:53.650  2866  4398 I thermal_changed: [CPU3,0,95.000000,3,3]
09-24 22:14:53.697  2866  4398 I thermal_changed: [CPU5,0,95.000000,3,3]
09-24 22:14:53.787  2866  4398 I thermal_changed: [CPU3,0,89.900002,0,3]
09-24 22:14:53.797  2866  4398 I thermal_changed: [CPU5,0,89.900002,0,3]
09-24 22:14:53.816  2866  4398 I thermal_changed: [CPU5,0,95.000000,3,3]
09-24 22:14:53.830  2866  4398 I thermal_changed: [CPU5,0,89.599998,0,3]
09-24 22:14:53.899  2866  4398 I thermal_changed: [CPU5,0,95.000000,3,3]
09-24 22:14:53.918  2866  4398 I thermal_changed: [CPU3,0,95.000000,3,3]
09-24 22:14:53.923  2866  4398 I thermal_changed: [CPU3,0,89.900002,0,3]
09-24 22:14:54.030  2866  4398 I thermal_changed: [CPU3,0,95.000000,3,3]
09-24 22:14:54.061  2866  4398 I thermal_changed: [CPU5,0,89.900002,0,3]
09-24 22:14:54.243 28482 28482 I auditd  : type=1400 audit(0.0:6857198): avc:  denied  { read } for  comm="DefaultDispatch" name="version" dev="proc" ino=4026532013 scontext=u:r:untrusted_app:s0:c163,c257,c512,c768 tcontext=u:object_r:proc_version:s0 tclass=file permissive=0 app=com.ivarna.mkm
09-24 22:14:54.297  2866  4398 I thermal_changed: [CPU5,0,95.000000,3,3]
09-24 22:14:54.295 11579 11579 I auditd  : type=1400 audit(0.0:6857199): avc:  denied  { read } for  comm="sh" name="devfreq" dev="sysfs" ino=53645 scontext=u:r:untrusted_app:s0:c163,c257,c512,c768 tcontext=u:object_r:vendor_sysfs_devfreq:s0 tclass=dir permissive=0 app=com.ivarna.mkm
09-24 22:14:54.295 11579 11579 I auditd  : type=1400 audit(0.0:6857200): avc:  denied  { search } for  comm="sh" name="devfreq" dev="sysfs" ino=53645 scontext=u:r:untrusted_app:s0:c163,c257,c512,c768 tcontext=u:object_r:vendor_sysfs_devfreq:s0 tclass=dir permissive=0 app=com.ivarna.mkm
09-24 22:14:54.295 11579 11579 I auditd  : type=1400 audit(0.0:6857201): avc:  denied  { read } for  comm="sh" name="devfreq" dev="sysfs" ino=53645 scontext=u:r:untrusted_app:s0:c163,c257,c512,c768 tcontext=u:object_r:vendor_sysfs_devfreq:s0 tclass=dir permissive=0 app=com.ivarna.mkm
09-24 22:14:54.295 11579 11579 I auditd  : type=1400 audit(0.0:6857202): avc:  denied  { search } for  comm="sh" name="devfreq" dev="sysfs" ino=53645 scontext=u:r:untrusted_app:s0:c163,c257,c512,c768 tcontext=u:object_r:vendor_sysfs_devfreq:s0 tclass=dir permissive=0 app=com.ivarna.mkm
09-24 22:14:54.332  2866  4398 I thermal_changed: [CPU7,0,95.000000,3,3]
09-24 22:14:54.362  2866  4574 I thermal_changed: [CPU7,0,89.900002,0,3]
09-24 22:14:54.411  2866  4574 I thermal_changed: [CPU5,0,89.900002,0,3]
09-24 22:14:54.568  2866  4574 I thermal_changed: [CPU5,0,95.000000,3,3]
09-24 22:14:54.778  2866  4574 I thermal_changed: [CPU3,0,89.900002,0,3]
09-24 22:14:54.786  2866  4574 I thermal_changed: [CPU5,0,89.900002,0,3]
09-24 22:14:54.804  2866  4574 I thermal_changed: [CPU3,0,95.000000,3,3]
09-24 22:14:54.815  2866  4574 I thermal_changed: [CPU5,0,95.000000,3,3]
09-24 22:14:54.938  2866  4574 I thermal_changed: [CPU5,0,89.900002,0,3]
09-24 22:14:54.984  2866  4574 I thermal_changed: [CPU5,0,95.000000,3,3]
09-24 22:14:55.001  2866  4574 I thermal_changed: [CPU5,0,89.900002,0,3]
09-24 22:14:55.038  2866  4574 I thermal_changed: [CPU3,0,89.900002,0,3]
09-24 22:14:55.069  2866  4574 I thermal_changed: [CPU3,0,95.000000,3,3]
09-24 22:14:55.239  2866  4574 I thermal_changed: [CPU5,0,95.000000,3,3]
09-24 22:14:55.261  2866  4574 I thermal_changed: [CPU3,0,89.900002,0,3]
09-24 22:14:55.294  2866  4574 I thermal_changed: [CPU3,0,95.000000,3,3]
09-24 22:14:55.307  2866  4574 I thermal_changed: [CPU5,0,89.900002,0,3]
09-24 22:14:55.313  2866  4574 I thermal_changed: [CPU3,0,89.900002,0,3]
09-24 22:14:55.319  2866  4574 I thermal_changed: [CPU3,0,95.000000,3,3]
09-24 22:14:55.388  2866  4574 I thermal_changed: [CPU5,0,95.000000,3,3]
09-24 22:14:55.391  2866  4574 I thermal_changed: [CPU3,0,89.900002,0,3]
09-24 22:14:55.444  2866  4574 I thermal_changed: [CPU5,0,89.900002,0,3]
09-24 22:14:55.514  2866  4398 I thermal_changed: [CPU5,0,95.000000,3,3]
09-24 22:14:55.586  2866  4398 I thermal_changed: [CPU3,0,95.000000,3,3]
09-24 22:14:55.603  2866  4398 I thermal_changed: [CPU5,0,89.900002,0,3]
09-24 22:14:55.608  2866  4398 I thermal_changed: [CPU5,0,95.000000,3,3]
09-24 22:14:55.609  2866  4398 I thermal_changed: [CPU3,0,89.900002,0,3]
09-24 22:14:55.616  2866  4398 I thermal_changed: [CPU3,0,95.000000,3,3]
09-24 22:14:55.722  2866  4398 I thermal_changed: [CPU3,0,89.900002,0,3]
09-24 22:14:55.732  2866  4398 I thermal_changed: [CPU3,0,95.000000,3,3]
09-24 22:14:55.737  2866  4398 I thermal_changed: [CPU5,0,89.900002,0,3]
09-24 22:14:55.746  2866  4398 I thermal_changed: [CPU5,0,95.000000,3,3]
09-24 22:14:55.812  2866  4398 I thermal_changed: [CPU7,0,95.000000,3,3]
09-24 22:14:55.822  2866  4398 I thermal_changed: [CPU3,0,89.900002,0,3]
09-24 22:14:55.830  2866  4398 I thermal_changed: [CPU7,0,89.900002,0,3]
09-24 22:14:55.846  2866  4398 I thermal_changed: [CPU3,0,95.000000,3,3]
09-24 22:14:55.864  2866  4398 I thermal_changed: [CPU5,0,89.900002,0,3]
09-24 22:14:56.129  2866  4398 I thermal_changed: [CPU2,0,95.000000,3,3]
09-24 22:14:56.146  2866  4398 I thermal_changed: [CPU2,0,89.900002,0,3]
09-24 22:14:56.205  2866  6863 I thermal_changed: [CPU5,0,95.000000,3,3]
09-24 22:14:56.243  2866  6863 I thermal_changed: [CPU3,0,89.900002,0,3]
09-24 22:14:56.253  2866  6863 I thermal_changed: [CPU5,0,89.599998,0,3]
09-24 22:14:56.283  2866  6863 I thermal_changed: [CPU3,0,95.000000,3,3]
09-24 22:14:56.367  2866  6863 I thermal_changed: [CPU5,0,95.400002,3,3]
09-24 22:14:56.390  2866  6863 I thermal_changed: [CPU3,0,89.900002,0,3]
09-24 22:14:56.394  2866  6863 I thermal_changed: [CPU3,0,95.000000,3,3]
09-24 22:14:56.479 28482 28482 I auditd  : type=1400 audit(0.0:6857214): avc:  denied  { read } for  comm="DefaultDispatch" name="version" dev="proc" ino=4026532013 scontext=u:r:untrusted_app:s0:c163,c257,c512,c768 tcontext=u:object_r:proc_version:s0 tclass=file permissive=0 app=com.ivarna.mkm
09-24 22:14:56.563  2866  6863 I thermal_changed: [CPU5,0,89.900002,0,3]
09-24 22:14:56.567 11601 11601 I auditd  : type=1400 audit(0.0:6857215): avc:  denied  { read } for  comm="sh" name="devfreq" dev="sysfs" ino=53645 scontext=u:r:untrusted_app:s0:c163,c257,c512,c768 tcontext=u:object_r:vendor_sysfs_devfreq:s0 tclass=dir permissive=0 app=com.ivarna.mkm
09-24 22:14:56.571 11601 11601 I auditd  : type=1400 audit(0.0:6857216): avc:  denied  { search } for  comm="sh" name="devfreq" dev="sysfs" ino=53645 scontext=u:r:untrusted_app:s0:c163,c257,c512,c768 tcontext=u:object_r:vendor_sysfs_devfreq:s0 tclass=dir permissive=0 app=com.ivarna.mkm
09-24 22:14:56.571 11601 11601 I auditd  : type=1400 audit(0.0:6857217): avc:  denied  { read } for  comm="sh" name="devfreq" dev="sysfs" ino=53645 scontext=u:r:untrusted_app:s0:c163,c257,c512,c768 tcontext=u:object_r:vendor_sysfs_devfreq:s0 tclass=dir permissive=0 app=com.ivarna.mkm
09-24 22:14:56.571 11601 11601 I auditd  : type=1400 audit(0.0:6857218): avc:  denied  { search } for  comm="sh" name="devfreq" dev="sysfs" ino=53645 scontext=u:r:untrusted_app:s0:c163,c257,c512,c768 tcontext=u:object_r:vendor_sysfs_devfreq:s0 tclass=dir permissive=0 app=com.ivarna.mkm
09-24 22:14:56.631  2866  6863 I thermal_changed: [CPU5,0,95.000000,3,3]
09-24 22:14:56.645  2866  6863 I thermal_changed: [CPU5,0,89.900002,0,3]
09-24 22:14:56.677  2866  4398 I thermal_changed: [CPU5,0,95.000000,3,3]
09-24 22:14:56.760  2866  6863 I thermal_changed: [CPU5,0,89.900002,0,3]
09-24 22:14:56.849  2866  6863 I thermal_changed: [CPU5,0,95.000000,3,3]
09-24 22:14:56.849  2866  6863 I thermal_changed: [CPU3,0,89.900002,0,3]
09-24 22:14:56.855  2866  4574 I thermal_changed: [CPU3,0,95.000000,3,3]
09-24 22:14:57.008  2866  4574 I thermal_changed: [CPU3,0,89.900002,0,3]
09-24 22:14:57.040  2866  6863 I thermal_changed: [CPU3,0,95.000000,3,3]
09-24 22:14:57.244  2866  4574 I thermal_changed: [CPU5,0,89.900002,0,3]
09-24 22:14:57.270  2866  4574 I thermal_changed: [CPU5,0,95.000000,3,3]
09-24 22:14:57.345  2866  4574 I thermal_changed: [CPU5,0,89.900002,0,3]
09-24 22:14:57.351  2866  4574 I thermal_changed: [CPU5,0,95.000000,3,3]
09-24 22:14:57.386  2866  2918 I am_uid_idle: 10300
09-24 22:14:57.395  2866  4574 I thermal_changed: [CPU5,0,89.900002,0,3]
09-24 22:14:57.456  2866  4574 I thermal_changed: [CPU3,0,89.900002,0,3]
09-24 22:14:57.466  2866  4574 I thermal_changed: [CPU3,0,95.000000,3,3]
09-24 22:14:57.503  2866  4574 I thermal_changed: [CPU3,0,89.900002,0,3]
09-24 22:14:57.534  2866  4574 I thermal_changed: [CPU3,0,95.000000,3,3]
09-24 22:14:57.682  2866  4574 I thermal_changed: [CPU3,0,89.900002,0,3]
09-24 22:14:57.688  2866  4574 I thermal_changed: [CPU3,0,95.000000,3,3]
09-24 22:14:57.717  2866  4574 I thermal_changed: [CPU5,0,95.000000,3,3]
09-24 22:14:57.725  2866  4574 I thermal_changed: [CPU3,0,89.900002,0,3]
09-24 22:14:57.725  2866  4574 I thermal_changed: [CPU5,0,89.900002,0,3]
09-24 22:14:57.733  2866  4574 I thermal_changed: [CPU5,0,95.000000,3,3]
09-24 22:14:57.822  2866  4574 I thermal_changed: [CPU3,0,95.000000,3,3]
09-24 22:14:57.887  2866  4574 I thermal_changed: [CPU3,0,89.900002,0,3]
09-24 22:14:57.891  2866  4574 I thermal_changed: [CPU3,0,95.000000,3,3]
09-24 22:14:58.094  2866  4574 I thermal_changed: [CPU2,0,95.000000,3,3]
09-24 22:14:58.131  2866  4574 I thermal_changed: [CPU2,0,89.900002,0,3]
09-24 22:14:58.201  2866  4398 I thermal_changed: [CPU3,0,89.900002,0,3]
09-24 22:14:58.295  2866  4398 I thermal_changed: [CPU3,0,95.000000,3,3]
09-24 22:14:58.466  2866  4398 I thermal_changed: [CPU5,0,89.900002,0,3]
09-24 22:14:58.500  2866  4398 I thermal_changed: [CPU5,0,95.000000,3,3]
09-24 22:14:58.594  2866  4398 I thermal_changed: [CPU5,0,89.900002,0,3]
09-24 22:14:58.612  2866  4398 I thermal_changed: [CPU3,0,89.900002,0,3]
09-24 22:14:58.662  2866  4398 I thermal_changed: [CPU3,0,95.000000,3,3]
09-24 22:14:58.747 28482 28482 I auditd  : type=1400 audit(0.0:6857230): avc:  denied  { read } for  comm="DefaultDispatch" name="version" dev="proc" ino=4026532013 scontext=u:r:untrusted_app:s0:c163,c257,c512,c768 tcontext=u:object_r:proc_version:s0 tclass=file permissive=0 app=com.ivarna.mkm
09-24 22:14:58.789  2866  4398 I thermal_changed: [CPU3,0,89.900002,0,3]
09-24 22:14:58.810  2866  4398 I thermal_changed: [CPU3,0,95.000000,3,3]
09-24 22:14:58.855 11620 11620 I auditd  : type=1400 audit(0.0:6857231): avc:  denied  { read } for  comm="sh" name="devfreq" dev="sysfs" ino=53645 scontext=u:r:untrusted_app:s0:c163,c257,c512,c768 tcontext=u:object_r:vendor_sysfs_devfreq:s0 tclass=dir permissive=0 app=com.ivarna.mkm
09-24 22:14:58.855 11620 11620 I auditd  : type=1400 audit(0.0:6857232): avc:  denied  { search } for  comm="sh" name="devfreq" dev="sysfs" ino=53645 scontext=u:r:untrusted_app:s0:c163,c257,c512,c768 tcontext=u:object_r:vendor_sysfs_devfreq:s0 tclass=dir permissive=0 app=com.ivarna.mkm
09-24 22:14:58.855 11620 11620 I auditd  : type=1400 audit(0.0:6857233): avc:  denied  { read } for  comm="sh" name="devfreq" dev="sysfs" ino=53645 scontext=u:r:untrusted_app:s0:c163,c257,c512,c768 tcontext=u:object_r:vendor_sysfs_devfreq:s0 tclass=dir permissive=0 app=com.ivarna.mkm
09-24 22:14:58.855 11620 11620 I auditd  : type=1400 audit(0.0:6857234): avc:  denied  { search } for  comm="sh" name="devfreq" dev="sysfs" ino=53645 scontext=u:r:untrusted_app:s0:c163,c257,c512,c768 tcontext=u:object_r:vendor_sysfs_devfreq:s0 tclass=dir permissive=0 app=com.ivarna.mkm
09-24 22:14:58.882  2866  4398 I thermal_changed: [CPU3,0,89.900002,0,3]
09-24 22:14:58.913  2866  4398 I thermal_changed: [CPU3,0,95.000000,3,3]
09-24 22:14:59.041  2866  4574 I thermal_changed: [CPU3,0,89.599998,0,3]
09-24 22:14:59.081  2866  4574 I thermal_changed: [CPU3,0,95.000000,3,3]
09-24 22:14:59.132  2866  4574 I thermal_changed: [CPU3,0,89.900002,0,3]
09-24 22:14:59.162  2866  4574 I thermal_changed: [CPU3,0,95.400002,3,3]
09-24 22:14:59.169  2866  4574 I thermal_changed: [CPU3,0,89.900002,0,3]
09-24 22:14:59.196  2866  4574 I thermal_changed: [CPU5,0,95.000000,3,3]
09-24 22:14:59.287  2866  4398 I thermal_changed: [CPU5,0,89.900002,0,3]
09-24 22:14:59.435  2866  4398 I thermal_changed: [CPU5,0,95.000000,3,3]
09-24 22:14:59.464  2866  4574 I thermal_changed: [CPU3,0,95.000000,3,3]
09-24 22:14:59.540  2866  4574 I thermal_changed: [CPU5,0,89.900002,0,3]
09-24 22:14:59.549  2866  4574 I thermal_changed: [CPU3,0,89.900002,0,3]
09-24 22:14:59.554  2866  4574 I thermal_changed: [CPU3,0,95.000000,3,3]
09-24 22:14:59.696  2866  4574 I thermal_changed: [CPU2,0,95.000000,3,3]
09-24 22:14:59.718  2866  4574 I thermal_changed: [CPU5,0,95.000000,3,3]
09-24 22:14:59.782  2866  4574 I thermal_changed: [CPU5,0,89.900002,0,3]
09-24 22:14:59.798  2866  4574 I thermal_changed: [CPU2,0,89.900002,0,3]
09-24 22:14:59.816  2866  4574 I thermal_changed: [CPU5,0,95.000000,3,3]
09-24 22:14:59.845  2866  4574 I thermal_changed: [CPU2,0,95.000000,3,3]
09-24 22:14:59.852  2866  4574 I thermal_changed: [CPU2,0,89.900002,0,3]
09-24 22:14:59.876  2866  4574 I thermal_changed: [CPU5,0,89.900002,0,3]
09-24 22:14:59.926  2866  4574 I thermal_changed: [CPU5,0,95.400002,3,3]
09-24 22:14:59.942  2866  4574 I thermal_changed: [CPU2,0,95.000000,3,3]
09-24 22:14:59.986  2866  4574 I thermal_changed: [CPU2,0,89.900002,0,3]
09-24 22:15:00.049  2866  6863 I thermal_changed: [CPU5,0,89.900002,0,3]
09-24 22:15:00.052  2866  6863 I thermal_changed: [CPU3,0,89.900002,0,3]
09-24 22:15:00.142  2866  6863 I thermal_changed: [CPU3,0,95.000000,3,3]
09-24 22:15:00.200  2866  6863 I thermal_changed: [CPU3,0,89.900002,0,3]
09-24 22:15:00.274  2866  6863 I thermal_changed: [CPU3,0,95.000000,3,3]
09-24 22:15:00.295  2866  6863 I thermal_changed: [CPU3,0,89.900002,0,3]
09-24 22:15:00.304  2866  6863 I thermal_changed: [CPU3,0,95.000000,3,3]
09-24 22:15:00.352  2866  6863 I thermal_changed: [CPU5,0,95.000000,3,3]
09-24 22:15:00.404  2866  6863 I thermal_changed: [CPU5,0,89.900002,0,3]
09-24 22:15:00.408  2866  6863 I thermal_changed: [CPU2,0,95.000000,3,3]
09-24 22:15:00.418  2866  6863 I thermal_changed: [CPU3,0,89.599998,0,3]
09-24 22:15:00.420  2866  6863 I thermal_changed: [CPU2,0,89.599998,0,3]
09-24 22:15:00.425  2866  6863 I thermal_changed: [CPU3,0,95.000000,3,3]
09-24 22:15:00.460  2866  6863 I thermal_changed: [CPU3,0,89.900002,0,3]
09-24 22:15:00.472  2866  6863 I thermal_changed: [CPU3,0,95.400002,3,3]
09-24 22:15:00.511  2866  6863 I thermal_changed: [CPU2,0,95.000000,3,3]
09-24 22:15:00.511  2866  6863 I thermal_changed: [CPU5,0,95.000000,3,3]
09-24 22:15:00.523  2866  4574 I thermal_changed: [CPU2,0,89.900002,0,3]
09-24 22:15:00.561  2866  4574 I thermal_changed: [CPU3,0,89.900002,0,3]
09-24 22:15:00.591  2866  4574 I thermal_changed: [CPU5,0,89.900002,0,3]
09-24 22:15:00.623  2866  4574 I thermal_changed: [CPU3,0,95.000000,3,3]
09-24 22:15:00.760  2866  4574 I thermal_changed: [CPU3,0,89.900002,0,3]
09-24 22:15:00.984  2866  4574 I thermal_changed: [CPU5,0,95.000000,3,3]
09-24 22:15:01.075 28482 28482 I auditd  : type=1400 audit(0.0:6857246): avc:  denied  { read } for  comm="DefaultDispatch" name="version" dev="proc" ino=4026532013 scontext=u:r:untrusted_app:s0:c163,c257,c512,c768 tcontext=u:object_r:proc_version:s0 tclass=file permissive=0 app=com.ivarna.mkm
09-24 22:15:01.082  2866  4574 I thermal_changed: [CPU2,0,95.000000,3,3]
09-24 22:15:01.088  2866  4574 I thermal_changed: [CPU3,0,95.000000,3,3]
09-24 22:15:01.111  2866  4574 I thermal_changed: [CPU2,0,89.900002,0,3]
09-24 22:15:01.155 11638 11638 I auditd  : type=1400 audit(0.0:6857247): avc:  denied  { read } for  comm="sh" name="devfreq" dev="sysfs" ino=53645 scontext=u:r:untrusted_app:s0:c163,c257,c512,c768 tcontext=u:object_r:vendor_sysfs_devfreq:s0 tclass=dir permissive=0 app=com.ivarna.mkm
09-24 22:15:01.155 11638 11638 I auditd  : type=1400 audit(0.0:6857248): avc:  denied  { search } for  comm="sh" name="devfreq" dev="sysfs" ino=53645 scontext=u:r:untrusted_app:s0:c163,c257,c512,c768 tcontext=u:object_r:vendor_sysfs_devfreq:s0 tclass=dir permissive=0 app=com.ivarna.mkm
09-24 22:15:01.155 11638 11638 I auditd  : type=1400 audit(0.0:6857249): avc:  denied  { read } for  comm="sh" name="devfreq" dev="sysfs" ino=53645 scontext=u:r:untrusted_app:s0:c163,c257,c512,c768 tcontext=u:object_r:vendor_sysfs_devfreq:s0 tclass=dir permissive=0 app=com.ivarna.mkm
09-24 22:15:01.155 11638 11638 I auditd  : type=1400 audit(0.0:6857250): avc:  denied  { search } for  comm="sh" name="devfreq" dev="sysfs" ino=53645 scontext=u:r:untrusted_app:s0:c163,c257,c512,c768 tcontext=u:object_r:vendor_sysfs_devfreq:s0 tclass=dir permissive=0 app=com.ivarna.mkm
09-24 22:15:01.318  2866  4574 I thermal_changed: [CPU3,0,89.900002,0,3]
09-24 22:15:01.333  2866  6863 I thermal_changed: [CPU5,0,89.900002,0,3]
09-24 22:15:01.400  2866  4574 I thermal_changed: [CPU3,0,95.400002,3,3]
09-24 22:15:01.460  2866  4574 I thermal_changed: [CPU5,0,95.000000,3,3]
09-24 22:15:01.656  2866  4574 I thermal_changed: [CPU3,0,89.900002,0,3]
09-24 22:15:01.731  2866  4574 I thermal_changed: [CPU3,0,95.000000,3,3]
09-24 22:15:01.738  2866  4574 I thermal_changed: [CPU5,0,89.900002,0,3]
09-24 22:15:01.748  2866  4574 I thermal_changed: [CPU5,0,95.000000,3,3]
09-24 22:15:01.781  2866  4574 I thermal_changed: [CPU5,0,89.900002,0,3]
09-24 22:15:01.907  2866  4574 I thermal_changed: [CPU2,0,95.000000,3,3]
09-24 22:15:01.911  2866  4574 I thermal_changed: [CPU2,0,89.900002,0,3]
09-24 22:15:01.923  2866  4574 I thermal_changed: [CPU3,0,89.900002,0,3]
09-24 22:15:01.951  2866  4574 I thermal_changed: [CPU3,0,95.000000,3,3]
09-24 22:15:02.024  2866  6863 I thermal_changed: [CPU5,0,95.000000,3,3]
09-24 22:15:02.051  2866  6863 I thermal_changed: [CPU5,0,89.900002,0,3]
09-24 22:15:02.054  2866  6863 I thermal_changed: [CPU2,0,95.000000,3,3]
09-24 22:15:02.072  2866  6863 I thermal_changed: [CPU2,0,89.900002,0,3]
09-24 22:15:02.101  2866  6863 I thermal_changed: [CPU5,0,95.000000,3,3]
09-24 22:15:02.248  2866  4574 I thermal_changed: [CPU3,0,89.900002,0,3]
09-24 22:15:02.253  2866  4574 I thermal_changed: [CPU5,0,89.900002,0,3]
09-24 22:15:02.257  2866  4574 I thermal_changed: [CPU5,0,95.000000,3,3]
09-24 22:15:02.257  2866  4574 I thermal_changed: [CPU3,0,95.000000,3,3]
09-24 22:15:02.381  2866  4574 I thermal_changed: [CPU3,0,89.900002,0,3]
09-24 22:15:02.475  2866  4574 I thermal_changed: [CPU3,0,95.000000,3,3]
09-24 22:15:02.476  2866  4574 I thermal_changed: [CPU2,0,95.000000,3,3]
09-24 22:15:02.482  2866  4574 I thermal_changed: [CPU5,0,89.900002,0,3]
09-24 22:15:02.512  2866  4574 I thermal_changed: [CPU2,0,89.900002,0,3]
09-24 22:15:02.516  2866  4574 I thermal_changed: [CPU5,0,95.000000,3,3]
09-24 22:15:02.545  2866  4574 I thermal_changed: [CPU3,0,89.900002,0,3]
09-24 22:15:02.573  2866  4574 I thermal_changed: [CPU3,0,95.000000,3,3]
09-24 22:15:02.637  2866  4574 I thermal_changed: [CPU3,0,89.900002,0,3]
09-24 22:15:02.664  2866  4574 I thermal_changed: [CPU3,0,95.000000,3,3]
09-24 22:15:02.754  2866  4574 I thermal_changed: [CPU5,0,89.900002,0,3]
09-24 22:15:02.801  2866  6863 I thermal_changed: [CPU3,0,89.900002,0,3]
09-24 22:15:02.807  2866  6863 I thermal_changed: [CPU3,0,95.000000,3,3]
09-24 22:15:02.886  2866  6863 I thermal_changed: [CPU5,0,95.000000,3,3]
09-24 22:15:02.890  2866  6863 I thermal_changed: [CPU5,0,89.900002,0,3]
09-24 22:15:02.891  2866  6863 I thermal_changed: [CPU3,0,89.900002,0,3]
09-24 22:15:02.900  2866  6863 I thermal_changed: [CPU3,0,95.000000,3,3]
09-24 22:15:02.951  2866  6863 I thermal_changed: [CPU3,0,89.900002,0,3]
09-24 22:15:02.952  2866  6863 I thermal_changed: [CPU5,0,95.400002,3,3]
09-24 22:15:02.964  2866  6863 I thermal_changed: [CPU3,0,95.000000,3,3]
09-24 22:15:03.019  2866  6863 I thermal_changed: [CPU3,0,89.900002,0,3]
09-24 22:15:03.027  2866  6863 I thermal_changed: [CPU5,0,89.900002,0,3]
09-24 22:15:03.048  2866  6863 I thermal_changed: [CPU2,0,95.000000,3,3]
09-24 22:15:03.066  2866  6863 I thermal_changed: [CPU2,0,89.900002,0,3]
09-24 22:15:03.087  2866  6863 I thermal_changed: [CPU5,0,95.000000,3,3]
09-24 22:15:03.089  2866  6863 I thermal_changed: [CPU3,0,95.000000,3,3]
09-24 22:15:03.339 28482 28482 I auditd  : type=1400 audit(0.0:6857264): avc:  denied  { read } for  comm="DefaultDispatch" name="version" dev="proc" ino=4026532013 scontext=u:r:untrusted_app:s0:c163,c257,c512,c768 tcontext=u:object_r:proc_version:s0 tclass=file permissive=0 app=com.ivarna.mkm
09-24 22:15:03.391  2866  6863 I thermal_changed: [CPU5,0,89.900002,0,3]
09-24 22:15:03.412  2866  6863 I thermal_changed: [CPU5,0,95.000000,3,3]
09-24 22:15:03.443 11656 11656 I auditd  : type=1400 audit(0.0:6857265): avc:  denied  { read } for  comm="sh" name="devfreq" dev="sysfs" ino=53645 scontext=u:r:untrusted_app:s0:c163,c257,c512,c768 tcontext=u:object_r:vendor_sysfs_devfreq:s0 tclass=dir permissive=0
09-24 22:15:03.443 11656 11656 I auditd  : type=1400 audit(0.0:6857266): avc:  denied  { search } for  comm="sh" name="devfreq" dev="sysfs" ino=53645 scontext=u:r:untrusted_app:s0:c163,c257,c512,c768 tcontext=u:object_r:vendor_sysfs_devfreq:s0 tclass=dir permissive=0
09-24 22:15:03.443 11656 11656 I auditd  : type=1400 audit(0.0:6857267): avc:  denied  { read } for  comm="sh" name="devfreq" dev="sysfs" ino=53645 scontext=u:r:untrusted_app:s0:c163,c257,c512,c768 tcontext=u:object_r:vendor_sysfs_devfreq:s0 tclass=dir permissive=0
09-24 22:15:03.443 11656 11656 I auditd  : type=1400 audit(0.0:6857268): avc:  denied  { search } for  comm="sh" name="devfreq" dev="sysfs" ino=53645 scontext=u:r:untrusted_app:s0:c163,c257,c512,c768 tcontext=u:object_r:vendor_sysfs_devfreq:s0 tclass=dir permissive=0
09-24 22:15:03.812  2866  4574 I thermal_changed: [CPU3,0,89.900002,0,3]
09-24 22:15:03.814  2866  4574 I thermal_changed: [CPU3,0,95.000000,3,3]
09-24 22:15:03.896  2866  4574 I thermal_changed: [CPU5,0,89.900002,0,3]
09-24 22:15:04.238  2866  6863 I thermal_changed: [CPU5,0,95.000000,3,3]
09-24 22:15:04.412  2866  6863 I thermal_changed: [CPU3,0,89.900002,0,3]
09-24 22:15:04.468  2866  6863 I thermal_changed: [CPU3,0,95.000000,3,3]
09-24 22:15:04.809  2866  6863 I thermal_changed: [CPU3,0,89.900002,0,3]
09-24 22:15:04.837  2866  6863 I thermal_changed: [CPU5,0,89.900002,0,3]
09-24 22:15:04.901  2866  6863 I thermal_changed: [CPU5,0,95.000000,3,3]
09-24 22:15:04.984  2866  6863 I thermal_changed: [CPU3,0,95.000000,3,3]
09-24 22:15:04.994  2866  6863 I thermal_changed: [CPU3,0,89.900002,0,3]
09-24 22:15:04.999  2866  6863 I thermal_changed: [CPU3,0,95.000000,3,3]
09-24 22:15:05.098  2866  6863 I thermal_changed: [CPU5,0,89.900002,0,3]
09-24 22:15:05.141  2866  6863 I thermal_changed: [CPU5,0,95.000000,3,3]
09-24 22:15:05.172  2866  6863 I thermal_changed: [CPU5,0,89.900002,0,3]
09-24 22:15:05.342  2866  6863 I thermal_changed: [CPU3,0,89.900002,0,3]
09-24 22:15:05.365  2866  6863 I thermal_changed: [CPU3,0,95.000000,3,3]
09-24 22:15:05.372  2866  6863 I thermal_changed: [CPU3,0,89.900002,0,3]
09-24 22:15:05.443  2866  6863 I thermal_changed: [CPU3,0,95.000000,3,3]
09-24 22:15:05.445  2866  6863 I thermal_changed: [CPU2,0,95.000000,3,3]
09-24 22:15:05.458  2866  4574 I thermal_changed: [CPU2,0,89.900002,0,3]
09-24 22:15:05.521  2866  4574 I thermal_changed: [CPU5,0,95.000000,3,3]
09-24 22:15:05.560  2866  4574 I thermal_changed: [CPU3,0,89.900002,0,3]
09-24 22:15:05.568  2866  4574 I thermal_changed: [CPU5,0,89.900002,0,3]
09-24 22:15:05.582  2866  4574 I thermal_changed: [CPU5,0,95.000000,3,3]
09-24 22:15:05.590  2866  4574 I thermal_changed: [CPU3,0,95.000000,3,3]
09-24 22:15:05.643 28482 28482 I auditd  : type=1400 audit(0.0:6857280): avc:  denied  { read } for  comm="DefaultDispatch" name="version" dev="proc" ino=4026532013 scontext=u:r:untrusted_app:s0:c163,c257,c512,c768 tcontext=u:object_r:proc_version:s0 tclass=file permissive=0 app=com.ivarna.mkm
09-24 22:15:05.681  2866  4574 I thermal_changed: [CPU5,0,89.900002,0,3]
09-24 22:15:05.695 11674 11674 I auditd  : type=1400 audit(0.0:6857281): avc:  denied  { read } for  comm="sh" name="devfreq" dev="sysfs" ino=53645 scontext=u:r:untrusted_app:s0:c163,c257,c512,c768 tcontext=u:object_r:vendor_sysfs_devfreq:s0 tclass=dir permissive=0 app=com.ivarna.mkm
09-24 22:15:05.695 11674 11674 I auditd  : type=1400 audit(0.0:6857282): avc:  denied  { search } for  comm="sh" name="devfreq" dev="sysfs" ino=53645 scontext=u:r:untrusted_app:s0:c163,c257,c512,c768 tcontext=u:object_r:vendor_sysfs_devfreq:s0 tclass=dir permissive=0 app=com.ivarna.mkm
09-24 22:15:05.695 11674 11674 I auditd  : type=1400 audit(0.0:6857283): avc:  denied  { read } for  comm="sh" name="devfreq" dev="sysfs" ino=53645 scontext=u:r:untrusted_app:s0:c163,c257,c512,c768 tcontext=u:object_r:vendor_sysfs_devfreq:s0 tclass=dir permissive=0 app=com.ivarna.mkm
09-24 22:15:05.695 11674 11674 I auditd  : type=1400 audit(0.0:6857284): avc:  denied  { search } for  comm="sh" name="devfreq" dev="sysfs" ino=53645 scontext=u:r:untrusted_app:s0:c163,c257,c512,c768 tcontext=u:object_r:vendor_sysfs_devfreq:s0 tclass=dir permissive=0 app=com.ivarna.mkm
09-24 22:15:05.702  2866  4574 I thermal_changed: [CPU3,0,89.900002,0,3]
09-24 22:15:05.794  2866  4574 I thermal_changed: [CPU3,0,95.000000,3,3]
09-24 22:15:05.808  2866  6863 I thermal_changed: [CPU3,0,89.900002,0,3]
09-24 22:15:05.813  2866  6863 I thermal_changed: [CPU3,0,95.000000,3,3]
09-24 22:15:05.933  2866  6863 I thermal_changed: [CPU5,0,95.000000,3,3]
09-24 22:15:06.085  2866  6863 I thermal_changed: [CPU2,0,95.000000,3,3]
09-24 22:15:06.101  2866  6863 I thermal_changed: [CPU2,0,89.900002,0,3]
09-24 22:15:06.136  2866  4574 I thermal_changed: [CPU5,0,89.900002,0,3]
09-24 22:15:06.220  2866  4398 I thermal_changed: [CPU5,0,95.000000,3,3]
09-24 22:15:06.363  2866  4398 I thermal_changed: [CPU5,0,89.900002,0,3]
09-24 22:15:06.372  2866  4398 I thermal_changed: [CPU5,0,95.000000,3,3]
09-24 22:15:06.417  2866  4398 I thermal_changed: [CPU5,0,89.900002,0,3]
09-24 22:15:06.433  2866  4398 I thermal_changed: [CPU5,0,95.000000,3,3]
09-24 22:15:06.433  2866  4398 I thermal_changed: [CPU3,0,89.900002,0,3]
09-24 22:15:06.455  2866  4398 I thermal_changed: [CPU3,0,95.000000,3,3]
09-24 22:15:06.724  2866  4398 I thermal_changed: [CPU3,0,89.900002,0,3]
09-24 22:15:06.740  2866  4398 I thermal_changed: [CPU3,0,95.000000,3,3]
09-24 22:15:06.787  2866  4398 I thermal_changed: [CPU3,0,89.900002,0,3]
09-24 22:15:06.824  2866  6863 I thermal_changed: [CPU3,0,95.000000,3,3]
09-24 22:15:06.842  2866  6863 I thermal_changed: [CPU3,0,89.900002,0,3]
09-24 22:15:07.044  2866  6863 I thermal_changed: [CPU3,0,95.000000,3,3]
09-24 22:15:07.077  2866  6863 I thermal_changed: [CPU3,0,89.900002,0,3]
09-24 22:15:07.078  2866  6863 I thermal_changed: [CPU2,0,95.000000,3,3]
09-24 22:15:07.088  2866  6863 I thermal_changed: [CPU2,0,89.900002,0,3]
09-24 22:15:07.173  2866  6863 I thermal_changed: [CPU5,0,89.900002,0,3]
09-24 22:15:07.197  2866  6863 I thermal_changed: [CPU5,0,95.000000,3,3]
09-24 22:15:07.197  2866  6863 I thermal_changed: [CPU3,0,95.000000,3,3]
09-24 22:15:07.504  2866  4398 I thermal_changed: [CPU3,0,89.900002,0,3]
09-24 22:15:07.511  2866  4398 I thermal_changed: [CPU3,0,95.000000,3,3]
09-24 22:15:07.935 28482 28482 I auditd  : type=1400 audit(0.0:6857296): avc:  denied  { read } for  comm="DefaultDispatch" name="version" dev="proc" ino=4026532013 scontext=u:r:untrusted_app:s0:c163,c257,c512,c768 tcontext=u:object_r:proc_version:s0 tclass=file permissive=0 app=com.ivarna.mkm
09-24 22:15:07.968  2866  6863 I thermal_changed: [CPU5,0,89.900002,0,3]
09-24 22:15:07.973  2866  6863 I thermal_changed: [CPU3,0,89.900002,0,3]
09-24 22:15:07.991  2866  6863 I thermal_changed: [CPU5,0,95.000000,3,3]
09-24 22:15:08.027 11693 11693 I auditd  : type=1400 audit(0.0:6857297): avc:  denied  { read } for  comm="sh" name="devfreq" dev="sysfs" ino=53645 scontext=u:r:untrusted_app:s0:c163,c257,c512,c768 tcontext=u:object_r:vendor_sysfs_devfreq:s0 tclass=dir permissive=0 app=com.ivarna.mkm
09-24 22:15:08.027 11693 11693 I auditd  : type=1400 audit(0.0:6857298): avc:  denied  { search } for  comm="sh" name="devfreq" dev="sysfs" ino=53645 scontext=u:r:untrusted_app:s0:c163,c257,c512,c768 tcontext=u:object_r:vendor_sysfs_devfreq:s0 tclass=dir permissive=0 app=com.ivarna.mkm
09-24 22:15:08.027 11693 11693 I auditd  : type=1400 audit(0.0:6857299): avc:  denied  { read } for  comm="sh" name="devfreq" dev="sysfs" ino=53645 scontext=u:r:untrusted_app:s0:c163,c257,c512,c768 tcontext=u:object_r:vendor_sysfs_devfreq:s0 tclass=dir permissive=0 app=com.ivarna.mkm
09-24 22:15:08.027 11693 11693 I auditd  : type=1400 audit(0.0:6857300): avc:  denied  { search } for  comm="sh" name="devfreq" dev="sysfs" ino=53645 scontext=u:r:untrusted_app:s0:c163,c257,c512,c768 tcontext=u:object_r:vendor_sysfs_devfreq:s0 tclass=dir permissive=0 app=com.ivarna.mkm
09-24 22:15:08.059  2866  6863 I thermal_changed: [CPU3,0,95.000000,3,3]
09-24 22:15:08.154  2866  4398 I thermal_changed: [CPU5,0,89.900002,0,3]
09-24 22:15:08.167  2866  4398 I thermal_changed: [CPU5,0,95.000000,3,3]
09-24 22:15:08.225  2866  6863 I thermal_changed: [CPU5,0,89.900002,0,3]
09-24 22:15:08.282  2866  6863 I thermal_changed: [CPU5,0,95.000000,3,3]
09-24 22:15:08.378  2866  4398 I thermal_changed: [CPU5,0,89.900002,0,3]
09-24 22:15:08.435  2866  4398 I thermal_changed: [CPU5,0,95.000000,3,3]
09-24 22:15:08.451  2866  4398 I thermal_changed: [CPU5,0,89.900002,0,3]
09-24 22:15:08.613  2866  4398 I thermal_changed: [CPU5,0,95.000000,3,3]
09-24 22:15:08.697  2866  4398 I thermal_changed: [CPU5,0,89.900002,0,3]
09-24 22:15:08.726  2866  4398 I thermal_changed: [CPU5,0,95.000000,3,3]
09-24 22:15:08.773  2866  4398 I thermal_changed: [CPU3,0,89.900002,0,3]
09-24 22:15:08.812  2866  4398 I thermal_changed: [CPU5,0,89.900002,0,3]
09-24 22:15:08.846  2866  4398 I thermal_changed: [CPU3,0,95.000000,3,3]
09-24 22:15:08.918  2866  4398 I thermal_changed: [CPU3,0,89.900002,0,3]
09-24 22:15:08.922  2866  4398 I thermal_changed: [CPU5,0,95.000000,3,3]
09-24 22:15:08.929  2866  4398 I thermal_changed: [CPU3,0,95.000000,3,3]
09-24 22:15:09.010  2866  4398 I thermal_changed: [CPU5,0,89.900002,0,3]
09-24 22:15:09.018  2866  4398 I thermal_changed: [CPU3,0,89.900002,0,3]
09-24 22:15:09.028  2866  4398 I thermal_changed: [CPU3,0,95.000000,3,3]
09-24 22:15:09.045  2866  4398 I thermal_changed: [CPU5,0,95.000000,3,3]
09-24 22:15:09.382  2866  4398 I thermal_changed: [CPU5,0,89.900002,0,3]
09-24 22:15:09.405  2866  4398 I thermal_changed: [CPU5,0,95.000000,3,3]
09-24 22:15:09.513  2866  6863 I thermal_changed: [CPU3,0,89.900002,0,3]
09-24 22:15:09.524  2866  6863 I thermal_changed: [CPU5,0,89.900002,0,3]
09-24 22:15:09.570  2866  6863 I thermal_changed: [CPU5,0,95.000000,3,3]
09-24 22:15:09.592  2866  6863 I thermal_changed: [CPU3,0,95.000000,3,3]
09-24 22:15:09.627  2866  6863 I thermal_changed: [CPU5,0,89.900002,0,3]
09-24 22:15:09.639  2866  6863 I thermal_changed: [CPU3,0,89.900002,0,3]
09-24 22:15:09.644  2866  6863 I thermal_changed: [CPU3,0,95.000000,3,3]
09-24 22:15:09.723  2866  6863 I thermal_changed: [CPU5,0,95.000000,3,3]
09-24 22:15:09.840  2866  6863 I thermal_changed: [CPU3,0,89.900002,0,3]
09-24 22:15:09.912  2866  6863 I thermal_changed: [CPU3,0,95.000000,3,3]
09-24 22:15:09.925  2866  6863 I thermal_changed: [CPU5,0,89.900002,0,3]
09-24 22:15:09.971  2866  6863 I thermal_changed: [CPU5,0,95.000000,3,3]
09-24 22:15:10.040  2866  6863 I thermal_changed: [CPU5,0,89.900002,0,3]
09-24 22:15:10.056  2866  6863 I thermal_changed: [CPU3,0,89.900002,0,3]
09-24 22:15:10.064  2866  6863 I thermal_changed: [CPU3,0,95.000000,3,3]
09-24 22:15:10.079  2866  6863 I thermal_changed: [CPU2,0,95.000000,3,3]
09-24 22:15:10.088  2866  6863 I thermal_changed: [CPU2,0,89.900002,0,3]
09-24 22:15:10.109  2866  6863 I thermal_changed: [CPU5,0,95.000000,3,3]
09-24 22:15:10.197  2866  6863 I thermal_changed: [CPU3,0,89.900002,0,3]
09-24 22:15:10.204  2866  6863 I thermal_changed: [CPU2,0,95.000000,3,3]
09-24 22:15:10.221  2866  6863 I thermal_changed: [CPU2,0,89.900002,0,3]
09-24 22:15:10.231 28482 28482 I auditd  : type=1400 audit(0.0:6857312): avc:  denied  { read } for  comm="DefaultDispatch" name="version" dev="proc" ino=4026532013 scontext=u:r:untrusted_app:s0:c163,c257,c512,c768 tcontext=u:object_r:proc_version:s0 tclass=file permissive=0 app=com.ivarna.mkm
09-24 22:15:10.241  2866  6863 I thermal_changed: [CPU3,0,95.000000,3,3]
09-24 22:15:10.291 11711 11711 I auditd  : type=1400 audit(0.0:6857313): avc:  denied  { read } for  comm="sh" name="devfreq" dev="sysfs" ino=53645 scontext=u:r:untrusted_app:s0:c163,c257,c512,c768 tcontext=u:object_r:vendor_sysfs_devfreq:s0 tclass=dir permissive=0 app=com.ivarna.mkm
09-24 22:15:10.291 11711 11711 I auditd  : type=1400 audit(0.0:6857314): avc:  denied  { search } for  comm="sh" name="devfreq" dev="sysfs" ino=53645 scontext=u:r:untrusted_app:s0:c163,c257,c512,c768 tcontext=u:object_r:vendor_sysfs_devfreq:s0 tclass=dir permissive=0 app=com.ivarna.mkm
09-24 22:15:10.291 11711 11711 I auditd  : type=1400 audit(0.0:6857315): avc:  denied  { read } for  comm="sh" name="devfreq" dev="sysfs" ino=53645 scontext=u:r:untrusted_app:s0:c163,c257,c512,c768 tcontext=u:object_r:vendor_sysfs_devfreq:s0 tclass=dir permissive=0 app=com.ivarna.mkm
09-24 22:15:10.291 11711 11711 I auditd  : type=1400 audit(0.0:6857316): avc:  denied  { search } for  comm="sh" name="devfreq" dev="sysfs" ino=53645 scontext=u:r:untrusted_app:s0:c163,c257,c512,c768 tcontext=u:object_r:vendor_sysfs_devfreq:s0 tclass=dir permissive=0 app=com.ivarna.mkm
09-24 22:15:10.421  2866  6863 I thermal_changed: [CPU5,0,89.900002,0,3]
09-24 22:15:10.435  2866  6863 I thermal_changed: [CPU5,0,95.000000,3,3]
09-24 22:15:10.445  2866  6863 I thermal_changed: [CPU3,0,89.900002,0,3]
09-24 22:15:10.471  2866  4398 I thermal_changed: [CPU5,0,89.900002,0,3]
09-24 22:15:10.605  2866  6863 I thermal_changed: [CPU5,0,95.000000,3,3]
09-24 22:15:10.651  2866  6863 I thermal_changed: [CPU3,0,95.000000,3,3]
09-24 22:15:10.678  2866  6863 I thermal_changed: [CPU5,0,89.900002,0,3]
09-24 22:15:10.981  2866  4398 I thermal_changed: [CPU3,0,89.900002,0,3]
09-24 22:15:10.987  2866  4398 I thermal_changed: [CPU3,0,95.000000,3,3]
09-24 22:15:11.014  2866  4398 I thermal_changed: [CPU3,0,89.900002,0,3]
09-24 22:15:11.035  2866  4398 I thermal_changed: [CPU5,0,95.400002,3,3]
09-24 22:15:11.044  2866  4398 I thermal_changed: [CPU3,0,95.000000,3,3]
09-24 22:15:11.064  2866  4398 I thermal_changed: [CPU3,0,89.900002,0,3]
09-24 22:15:11.143  2866  4398 I thermal_changed: [CPU5,0,89.900002,0,3]
09-24 22:15:11.206  2866  4398 I thermal_changed: [CPU5,0,95.000000,3,3]
09-24 22:15:11.248  2866  4574 I thermal_changed: [CPU3,0,95.000000,3,3]
09-24 22:15:11.303  2866  4574 I thermal_changed: [CPU5,0,89.900002,0,3]
09-24 22:15:11.313  2866  4574 I thermal_changed: [CPU3,0,89.599998,0,3]
09-24 22:15:11.325  2866  4574 I thermal_changed: [CPU3,0,95.400002,3,3]
09-24 22:15:11.325  2866  4574 I thermal_changed: [CPU2,0,95.000000,3,3]
09-24 22:15:11.346  2866  4574 I thermal_changed: [CPU2,0,89.900002,0,3]
09-24 22:15:11.360  2866  4574 I thermal_changed: [CPU3,0,89.900002,0,3]
09-24 22:15:11.373  2866  4574 I thermal_changed: [CPU3,0,95.000000,3,3]
09-24 22:15:11.391  2866  4574 I thermal_changed: [CPU3,0,89.900002,0,3]
09-24 22:15:11.434  2866  4574 I thermal_changed: [CPU5,0,95.000000,3,3]
09-24 22:15:11.435  2866  4574 I thermal_changed: [CPU3,0,95.000000,3,3]
09-24 22:15:11.550  2866  4574 I thermal_changed: [CPU5,0,89.900002,0,3]
09-24 22:15:11.555  2866  4574 I thermal_changed: [CPU5,0,95.000000,3,3]
09-24 22:15:11.562  2866  4574 I thermal_changed: [CPU3,0,89.900002,0,3]
09-24 22:15:11.604  2866  4574 I thermal_changed: [CPU5,0,89.900002,0,3]
09-24 22:15:11.672  2866  4574 I thermal_changed: [CPU3,0,95.000000,3,3]
09-24 22:15:11.792  2866  4574 I thermal_changed: [CPU5,0,95.400002,3,3]
09-24 22:15:12.047  2866  4574 I thermal_changed: [CPU5,0,89.900002,0,3]
09-24 22:15:12.178  2866  4574 I thermal_changed: [CPU5,0,95.000000,3,3]
09-24 22:15:12.197  2866  4574 I thermal_changed: [CPU5,0,89.900002,0,3]
09-24 22:15:12.205  2866  4574 I thermal_changed: [CPU5,0,95.000000,3,3]
09-24 22:15:12.208  2866  4574 I thermal_changed: [CPU3,0,89.900002,0,3]
09-24 22:15:12.223  2866  4574 I thermal_changed: [CPU3,0,95.000000,3,3]
09-24 22:15:12.515 28482 28482 I auditd  : type=1400 audit(0.0:6857330): avc:  denied  { read } for  comm="DefaultDispatch" name="version" dev="proc" ino=4026532013 scontext=u:r:untrusted_app:s0:c163,c257,c512,c768 tcontext=u:object_r:proc_version:s0 tclass=file permissive=0 app=com.ivarna.mkm
09-24 22:15:12.553  2866  6863 I thermal_changed: [CPU3,0,89.900002,0,3]
09-24 22:15:12.570  2866  6863 I thermal_changed: [CPU5,0,89.900002,0,3]
09-24 22:15:12.583  2866  6863 I thermal_changed: [CPU3,0,95.000000,3,3]
09-24 22:15:12.619 11733 11733 I auditd  : type=1400 audit(0.0:6857331): avc:  denied  { read } for  comm="sh" name="devfreq" dev="sysfs" ino=53645 scontext=u:r:untrusted_app:s0:c163,c257,c512,c768 tcontext=u:object_r:vendor_sysfs_devfreq:s0 tclass=dir permissive=0 app=com.ivarna.mkm
09-24 22:15:12.619 11733 11733 I auditd  : type=1400 audit(0.0:6857332): avc:  denied  { search } for  comm="sh" name="devfreq" dev="sysfs" ino=53645 scontext=u:r:untrusted_app:s0:c163,c257,c512,c768 tcontext=u:object_r:vendor_sysfs_devfreq:s0 tclass=dir permissive=0 app=com.ivarna.mkm
09-24 22:15:12.619 11733 11733 I auditd  : type=1400 audit(0.0:6857333): avc:  denied  { read } for  comm="sh" name="devfreq" dev="sysfs" ino=53645 scontext=u:r:untrusted_app:s0:c163,c257,c512,c768 tcontext=u:object_r:vendor_sysfs_devfreq:s0 tclass=dir permissive=0 app=com.ivarna.mkm
09-24 22:15:12.619 11733 11733 I auditd  : type=1400 audit(0.0:6857334): avc:  denied  { search } for  comm="sh" name="devfreq" dev="sysfs" ino=53645 scontext=u:r:untrusted_app:s0:c163,c257,c512,c768 tcontext=u:object_r:vendor_sysfs_devfreq:s0 tclass=dir permissive=0 app=com.ivarna.mkm
09-24 22:15:12.682  2866  4419 I thermal_changed: [CPU3,0,89.900002,0,3]
09-24 22:15:12.796  2866  4574 I thermal_changed: [CPU3,0,95.000000,3,3]
09-24 22:15:12.801  2866  4574 I thermal_changed: [CPU5,0,95.000000,3,3]
09-24 22:15:12.858  2866  4574 I thermal_changed: [CPU3,0,89.900002,0,3]
09-24 22:15:12.873  2866  4574 I thermal_changed: [CPU3,0,95.000000,3,3]
09-24 22:15:13.497  2866  4574 I thermal_changed: [CPU3,0,89.900002,0,3]
09-24 22:15:13.520  2866  4574 I thermal_changed: [CPU3,0,95.000000,3,3]
09-24 22:15:14.111  2866  4574 I thermal_changed: [CPU3,0,89.900002,0,3]
09-24 22:15:14.128  2866  4574 I thermal_changed: [CPU5,0,89.900002,0,3]
09-24 22:15:14.200  2866  4574 I thermal_changed: [CPU5,0,95.000000,3,3]
09-24 22:15:14.223  2866  4574 I thermal_changed: [CPU3,0,95.000000,3,3]
09-24 22:15:14.417  2866  6863 I thermal_changed: [CPU3,0,89.900002,0,3]
09-24 22:15:14.495  2866  6863 I thermal_changed: [CPU5,0,89.900002,0,3]
09-24 22:15:14.512  2866  6863 I thermal_changed: [CPU3,0,95.000000,3,3]
09-24 22:15:14.621  2866  6863 I thermal_changed: [CPU3,0,89.900002,0,3]
09-24 22:15:14.631  2866  6863 I thermal_changed: [CPU5,0,95.400002,3,3]
09-24 22:15:14.729  2866  6863 I thermal_changed: [CPU5,0,89.900002,0,3]
09-24 22:15:14.743  2866  6863 I thermal_changed: [CPU3,0,95.000000,3,3]
09-24 22:15:14.781  2866  6863 I thermal_changed: [CPU5,0,95.000000,3,3]
09-24 22:15:14.857  2866  6863 I thermal_changed: [CPU3,0,89.900002,0,3]
09-24 22:15:14.862  2866  6863 I thermal_changed: [CPU3,0,95.000000,3,3]
09-24 22:15:14.864  2866  6863 I thermal_changed: [CPU5,0,89.900002,0,3]
09-24 22:15:14.859 28482 28482 I auditd  : type=1400 audit(0.0:6857346): avc:  denied  { read } for  comm="DefaultDispatch" name="version" dev="proc" ino=4026532013 scontext=u:r:untrusted_app:s0:c163,c257,c512,c768 tcontext=u:object_r:proc_version:s0 tclass=file permissive=0 app=com.ivarna.mkm
09-24 22:15:14.906  2866  6863 I thermal_changed: [CPU3,0,89.900002,0,3]
09-24 22:15:14.941  2866  6863 I thermal_changed: [CPU3,0,95.000000,3,3]
09-24 22:15:14.959 11750 11750 I auditd  : type=1400 audit(0.0:6857347): avc:  denied  { read } for  comm="sh" name="devfreq" dev="sysfs" ino=53645 scontext=u:r:untrusted_app:s0:c163,c257,c512,c768 tcontext=u:object_r:vendor_sysfs_devfreq:s0 tclass=dir permissive=0 app=com.ivarna.mkm
09-24 22:15:14.959 11750 11750 I auditd  : type=1400 audit(0.0:6857348): avc:  denied  { search } for  comm="sh" name="devfreq" dev="sysfs" ino=53645 scontext=u:r:untrusted_app:s0:c163,c257,c512,c768 tcontext=u:object_r:vendor_sysfs_devfreq:s0 tclass=dir permissive=0 app=com.ivarna.mkm
09-24 22:15:14.959 11750 11750 I auditd  : type=1400 audit(0.0:6857349): avc:  denied  { read } for  comm="sh" name="devfreq" dev="sysfs" ino=53645 scontext=u:r:untrusted_app:s0:c163,c257,c512,c768 tcontext=u:object_r:vendor_sysfs_devfreq:s0 tclass=dir permissive=0 app=com.ivarna.mkm
09-24 22:15:14.959 11750 11750 I auditd  : type=1400 audit(0.0:6857350): avc:  denied  { search } for  comm="sh" name="devfreq" dev="sysfs" ino=53645 scontext=u:r:untrusted_app:s0:c163,c257,c512,c768 tcontext=u:object_r:vendor_sysfs_devfreq:s0 tclass=dir permissive=0 app=com.ivarna.mkm
09-24 22:15:15.122  2866  4574 I thermal_changed: [CPU5,0,95.000000,3,3]
09-24 22:15:15.237  2866  6863 I thermal_changed: [CPU5,0,89.900002,0,3]
09-24 22:15:15.253  2866  4574 I thermal_changed: [CPU5,0,95.000000,3,3]
09-24 22:15:15.273  2866  4574 I thermal_changed: [CPU3,0,89.900002,0,3]
09-24 22:15:15.281  2866  4574 I thermal_changed: [CPU3,0,95.000000,3,3]
09-24 22:15:15.343  2866  6863 I thermal_changed: [CPU3,0,89.900002,0,3]
09-24 22:15:15.362  2866  6863 I thermal_changed: [CPU3,0,95.000000,3,3]
09-24 22:15:15.448  2866  6863 I thermal_changed: [CPU3,0,89.900002,0,3]
09-24 22:15:15.622  2866  4574 I thermal_changed: [CPU3,0,95.000000,3,3]
09-24 22:15:15.643  2866  4574 I thermal_changed: [CPU5,0,89.900002,0,3]
09-24 22:15:15.922  2866  6863 I thermal_changed: [CPU5,0,95.000000,3,3]
09-24 22:15:15.952  2866  6863 I thermal_changed: [CPU3,0,89.900002,0,3]
09-24 22:15:16.000  2866  6863 I thermal_changed: [CPU3,0,95.000000,3,3]
09-24 22:15:16.044  2866  6863 I thermal_changed: [CPU3,0,89.900002,0,3]
09-24 22:15:16.072  2866  6863 I thermal_changed: [CPU3,0,95.400002,3,3]
09-24 22:15:16.103  2866  6863 I thermal_changed: [CPU3,0,89.900002,0,3]
09-24 22:15:16.255  2866  4574 I thermal_changed: [CPU5,0,89.900002,0,3]
09-24 22:15:16.279  2866  4574 I thermal_changed: [CPU3,0,95.000000,3,3]
09-24 22:15:16.320  2866  4574 I thermal_changed: [CPU5,0,95.000000,3,3]
09-24 22:15:16.378  2866  4574 I thermal_changed: [CPU3,0,89.900002,0,3]
09-24 22:15:16.383  2866  4574 I thermal_changed: [CPU3,0,95.400002,3,3]
09-24 22:15:16.388  2866  4574 I thermal_changed: [CPU5,0,89.900002,0,3]
09-24 22:15:16.405  2866  4574 I thermal_changed: [CPU3,0,89.900002,0,3]
09-24 22:15:16.412  2866  4574 I thermal_changed: [CPU3,0,95.400002,3,3]
09-24 22:15:16.436  2866  4574 I thermal_changed: [CPU5,0,95.000000,3,3]
09-24 22:15:16.470  2866  4574 I thermal_changed: [CPU3,0,89.900002,0,3]
09-24 22:15:16.473  2866  4574 I thermal_changed: [CPU3,0,95.000000,3,3]
09-24 22:15:16.475  2866  4574 I thermal_changed: [CPU5,0,89.900002,0,3]
09-24 22:15:16.535  2866  4574 I thermal_changed: [CPU5,0,95.000000,3,3]
09-24 22:15:16.626  2866  4574 I thermal_changed: [CPU5,0,89.900002,0,3]
09-24 22:15:16.650  2866  4574 I thermal_changed: [CPU3,0,89.900002,0,3]
09-24 22:15:16.654  2866  4574 I thermal_changed: [CPU5,0,95.000000,3,3]
09-24 22:15:16.655  2866  4574 I thermal_changed: [CPU3,0,95.000000,3,3]
09-24 22:15:16.868  2866  4419 I thermal_changed: [CPU3,0,89.900002,0,3]
09-24 22:15:16.928  2866  4419 I thermal_changed: [CPU3,0,95.400002,3,3]
09-24 22:15:16.940  2866  4419 I thermal_changed: [CPU3,0,89.599998,0,3]
09-24 22:15:17.092  2866  4419 I thermal_changed: [CPU5,0,89.900002,0,3]
09-24 22:15:17.129  2866  4419 I thermal_changed: [CPU2,0,95.000000,3,3]
09-24 22:15:17.156  2866  4419 I thermal_changed: [CPU3,0,95.000000,3,3]
09-24 22:15:17.164  2866  4419 I thermal_changed: [CPU2,0,89.900002,0,3]
09-24 22:15:17.163 28482 28482 I auditd  : type=1400 audit(0.0:6857362): avc:  denied  { read } for  comm="DefaultDispatch" name="version" dev="proc" ino=4026532013 scontext=u:r:untrusted_app:s0:c163,c257,c512,c768 tcontext=u:object_r:proc_version:s0 tclass=file permissive=0 app=com.ivarna.mkm
09-24 22:15:17.287 11769 11769 I auditd  : type=1400 audit(0.0:6857363): avc:  denied  { read } for  comm="sh" name="devfreq" dev="sysfs" ino=53645 scontext=u:r:untrusted_app:s0:c163,c257,c512,c768 tcontext=u:object_r:vendor_sysfs_devfreq:s0 tclass=dir permissive=0 app=com.ivarna.mkm
09-24 22:15:17.287 11769 11769 I auditd  : type=1400 audit(0.0:6857364): avc:  denied  { search } for  comm="sh" name="devfreq" dev="sysfs" ino=53645 scontext=u:r:untrusted_app:s0:c163,c257,c512,c768 tcontext=u:object_r:vendor_sysfs_devfreq:s0 tclass=dir permissive=0 app=com.ivarna.mkm
09-24 22:15:17.287 11769 11769 I auditd  : type=1400 audit(0.0:6857365): avc:  denied  { read } for  comm="sh" name="devfreq" dev="sysfs" ino=53645 scontext=u:r:untrusted_app:s0:c163,c257,c512,c768 tcontext=u:object_r:vendor_sysfs_devfreq:s0 tclass=dir permissive=0 app=com.ivarna.mkm
09-24 22:15:17.287 11769 11769 I auditd  : type=1400 audit(0.0:6857366): avc:  denied  { search } for  comm="sh" name="devfreq" dev="sysfs" ino=53645 scontext=u:r:untrusted_app:s0:c163,c257,c512,c768 tcontext=u:object_r:vendor_sysfs_devfreq:s0 tclass=dir permissive=0 app=com.ivarna.mkm
09-24 22:15:17.334  2866  4419 I thermal_changed: [CPU3,0,89.900002,0,3]
09-24 22:15:17.348  2866  4419 I thermal_changed: [CPU5,0,95.000000,3,3]
09-24 22:15:17.394  2866  6863 I thermal_changed: [CPU5,0,89.900002,0,3]
09-24 22:15:17.402  2866  4419 I thermal_changed: [CPU3,0,95.000000,3,3]
09-24 22:15:17.420  2866  6863 I thermal_changed: [CPU5,0,95.000000,3,3]
09-24 22:15:17.456  2866  6863 I thermal_changed: [CPU5,0,89.900002,0,3]
09-24 22:15:17.461  2866  6863 I thermal_changed: [CPU3,0,89.900002,0,3]
09-24 22:15:17.507  2866  6863 I thermal_changed: [CPU3,0,95.000000,3,3]
09-24 22:15:17.762  2866  6863 I thermal_changed: [CPU3,0,89.900002,0,3]
09-24 22:15:17.767  2866  6863 I thermal_changed: [CPU3,0,95.000000,3,3]
09-24 22:15:17.793  2866  4419 I thermal_changed: [CPU5,0,95.400002,3,3]
09-24 22:15:17.861  2866  4419 I thermal_changed: [CPU5,0,89.900002,0,3]
09-24 22:15:17.902  2866  4419 I thermal_changed: [CPU5,0,95.000000,3,3]
09-24 22:15:18.025  2866  4419 I thermal_changed: [CPU3,0,89.900002,0,3]
09-24 22:15:18.046  2866  4419 I thermal_changed: [CPU5,0,89.900002,0,3]
09-24 22:15:18.054  2866  4419 I thermal_changed: [CPU5,0,95.000000,3,3]
09-24 22:15:18.074  2866  4419 I thermal_changed: [CPU3,0,95.000000,3,3]
09-24 22:15:18.114  2866  4419 I thermal_changed: [CPU3,0,89.900002,0,3]
09-24 22:15:18.121  2866  4419 I thermal_changed: [CPU3,0,95.000000,3,3]
09-24 22:15:18.122  2866  4419 I thermal_changed: [CPU5,0,89.900002,0,3]
09-24 22:15:18.160  2866  4419 I thermal_changed: [CPU5,0,95.400002,3,3]
09-24 22:15:18.222  2866  4419 I thermal_changed: [CPU5,0,89.599998,0,3]
09-24 22:15:18.336  2866  6863 I thermal_changed: [CPU5,0,95.000000,3,3]
09-24 22:15:18.337  2866  6863 I thermal_changed: [CPU2,0,95.000000,3,3]
09-24 22:15:18.357  2866  6863 I thermal_changed: [CPU2,0,89.900002,0,3]
09-24 22:15:18.419  2866  6863 I thermal_changed: [CPU5,0,89.900002,0,3]
09-24 22:15:18.422  2866  6863 I thermal_changed: [CPU5,0,95.000000,3,3]
09-24 22:15:18.534  2866  6863 I thermal_changed: [CPU3,0,89.900002,0,3]
09-24 22:15:18.541  2866  6863 I thermal_changed: [CPU2,0,95.000000,3,3]
09-24 22:15:18.547  2866  6863 I thermal_changed: [CPU3,0,95.000000,3,3]
09-24 22:15:18.566  2866  6863 I thermal_changed: [CPU2,0,89.900002,0,3]
09-24 22:15:18.675  2866  6863 I am_foreground_service_start: [0,com.zenithblue.sambas3/.CompilationMonitorService,1,PROC_STATE_TOP,37,37,0,0,0,1,UNKNOWN,1073741824]
09-24 22:15:18.721  2866  6863 I thermal_changed: [CPU5,0,89.900002,0,3]
09-24 22:15:18.853  2866  6863 I thermal_changed: [CPU5,0,95.000000,3,3]
09-24 22:15:18.947  2866  6863 I thermal_changed: [CPU5,0,89.900002,0,3]
09-24 22:15:19.036  2866  6863 I thermal_changed: [CPU3,0,89.900002,0,3]
09-24 22:15:19.084  2866  6863 I thermal_changed: [CPU5,0,95.000000,3,3]
09-24 22:15:19.291  2866  6863 I thermal_changed: [CPU3,0,95.000000,3,3]
09-24 22:15:19.511 28482 28482 I auditd  : type=1400 audit(0.0:6857378): avc:  denied  { read } for  comm="DefaultDispatch" name="version" dev="proc" ino=4026532013 scontext=u:r:untrusted_app:s0:c163,c257,c512,c768 tcontext=u:object_r:proc_version:s0 tclass=file permissive=0 app=com.ivarna.mkm
09-24 22:15:19.594  2866  6863 I thermal_changed: [CPU5,0,89.900002,0,3]
09-24 22:15:19.618  2866  6863 I thermal_changed: [CPU5,0,95.000000,3,3]
09-24 22:15:19.619 11788 11788 I auditd  : type=1400 audit(0.0:6857379): avc:  denied  { read } for  comm="sh" name="devfreq" dev="sysfs" ino=53645 scontext=u:r:untrusted_app:s0:c163,c257,c512,c768 tcontext=u:object_r:vendor_sysfs_devfreq:s0 tclass=dir permissive=0 app=com.ivarna.mkm
09-24 22:15:19.619 11788 11788 I auditd  : type=1400 audit(0.0:6857380): avc:  denied  { search } for  comm="sh" name="devfreq" dev="sysfs" ino=53645 scontext=u:r:untrusted_app:s0:c163,c257,c512,c768 tcontext=u:object_r:vendor_sysfs_devfreq:s0 tclass=dir permissive=0 app=com.ivarna.mkm
09-24 22:15:19.619 11788 11788 I auditd  : type=1400 audit(0.0:6857381): avc:  denied  { read } for  comm="sh" name="devfreq" dev="sysfs" ino=53645 scontext=u:r:untrusted_app:s0:c163,c257,c512,c768 tcontext=u:object_r:vendor_sysfs_devfreq:s0 tclass=dir permissive=0 app=com.ivarna.mkm
09-24 22:15:19.619 11788 11788 I auditd  : type=1400 audit(0.0:6857382): avc:  denied  { search } for  comm="sh" name="devfreq" dev="sysfs" ino=53645 scontext=u:r:untrusted_app:s0:c163,c257,c512,c768 tcontext=u:object_r:vendor_sysfs_devfreq:s0 tclass=dir permissive=0 app=com.ivarna.mkm
09-24 22:15:19.681  2866  6863 I thermal_changed: [CPU3,0,89.900002,0,3]
09-24 22:15:19.702  2866  6863 I thermal_changed: [CPU5,0,89.900002,0,3]
09-24 22:15:19.740  2866  6863 I thermal_changed: [CPU5,0,95.000000,3,3]
09-24 22:15:19.743  2866  6863 I thermal_changed: [CPU3,0,95.000000,3,3]
09-24 22:15:20.002  2866  6863 I thermal_changed: [CPU3,0,89.900002,0,3]
09-24 22:15:20.005  2866  6863 I thermal_changed: [CPU3,0,95.000000,3,3]
09-24 22:15:20.006  2866  6863 I thermal_changed: [CPU2,0,95.000000,3,3]
09-24 22:15:20.023  2866  6863 I thermal_changed: [CPU2,0,89.900002,0,3]
09-24 22:15:20.037  2866  6863 I thermal_changed: [CPU5,0,89.900002,0,3]
09-24 22:15:20.309  2866  6863 I thermal_changed: [CPU5,0,95.000000,3,3]
09-24 22:15:20.463  2866  6863 I thermal_changed: [CPU7,0,95.000000,3,3]
09-24 22:15:20.693  2866  6863 I thermal_changed: [CPU5,0,89.900002,0,3]
09-24 22:15:20.724  2866  6863 I thermal_changed: [CPU5,0,95.000000,3,3]
09-24 22:15:20.767  5454  5454 I auditd  : type=1400 audit(0.0:6857394): avc:  denied  { search } for  comm="DefaultDispatch" name="zram0" dev="sysfs" ino=107524 scontext=u:r:untrusted_app:s0:c207,c257,c512,c768 tcontext=u:object_r:sysfs_zram:s0 tclass=dir permissive=0 app=com.zenithblue.sambas3
09-24 22:15:20.767  5454  5454 I auditd  : type=1400 audit(0.0:6857395): avc:  denied  { search } for  comm="DefaultDispatch" name="zram0" dev="sysfs" ino=107524 scontext=u:r:untrusted_app:s0:c207,c257,c512,c768 tcontext=u:object_r:sysfs_zram:s0 tclass=dir permissive=0 app=com.zenithblue.sambas3
09-24 22:15:20.786  2866  6863 I thermal_changed: [CPU5,0,89.900002,0,3]
09-24 22:15:20.926  2866  4419 I thermal_changed: [CPU7,0,89.900002,0,3]
09-24 22:15:20.932  2866  4419 I thermal_changed: [CPU5,0,95.000000,3,3]
09-24 22:15:20.943  2866  4419 I thermal_changed: [CPU2,0,95.000000,3,3]
09-24 22:15:20.946  2866  4419 I thermal_changed: [CPU2,0,89.900002,0,3]
09-24 22:15:21.204  2866  4419 I thermal_changed: [CPU7,0,95.000000,3,3]
09-24 22:15:21.269  2866  4419 I thermal_changed: [CPU3,0,89.900002,0,3]
09-24 22:15:21.287  2866  4419 I thermal_changed: [CPU2,0,95.000000,3,3]
09-24 22:15:21.320  2866  4419 I thermal_changed: [CPU3,0,95.400002,3,3]
09-24 22:15:21.324  2866  4419 I thermal_changed: [CPU2,0,89.900002,0,3]
09-24 22:15:21.386  2866  4419 I thermal_changed: [CPU5,0,89.900002,0,3]
09-24 22:15:21.393  2866  4419 I thermal_changed: [CPU5,0,95.000000,3,3]
09-24 22:15:21.532  2866  6863 I thermal_changed: [CPU3,0,89.900002,0,3]
09-24 22:15:21.555  2866  6863 I thermal_changed: [CPU3,0,95.000000,3,3]
09-24 22:15:21.685  2866  6863 I am_foreground_service_stop: [0,com.zenithblue.sambas3/.CompilationMonitorService,1,PROC_STATE_TOP,37,37,1,0,3011,1,STOP_FOREGROUND,1073741824]
09-24 22:15:21.732  2866  6863 I thermal_changed: [CPU5,0,89.900002,0,3]
09-24 22:15:21.784  2866  6863 I thermal_changed: [CPU3,0,89.900002,0,3]
09-24 22:15:21.796  2866  6863 I thermal_changed: [CPU5,0,95.000000,3,3]
09-24 22:15:21.815 28482 28482 I auditd  : type=1400 audit(0.0:6857396): avc:  denied  { read } for  comm="DefaultDispatch" name="version" dev="proc" ino=4026532013 scontext=u:r:untrusted_app:s0:c163,c257,c512,c768 tcontext=u:object_r:proc_version:s0 tclass=file permissive=0 app=com.ivarna.mkm
09-24 22:15:21.870  2866  6863 I thermal_changed: [CPU3,0,95.000000,3,3]
09-24 22:15:21.907  2866  6863 I thermal_changed: [CPU7,0,89.900002,0,3]
09-24 22:15:21.903 11809 11809 I auditd  : type=1400 audit(0.0:6857397): avc:  denied  { read } for  comm="sh" name="devfreq" dev="sysfs" ino=53645 scontext=u:r:untrusted_app:s0:c163,c257,c512,c768 tcontext=u:object_r:vendor_sysfs_devfreq:s0 tclass=dir permissive=0 app=com.ivarna.mkm
09-24 22:15:21.903 11809 11809 I auditd  : type=1400 audit(0.0:6857398): avc:  denied  { search } for  comm="sh" name="devfreq" dev="sysfs" ino=53645 scontext=u:r:untrusted_app:s0:c163,c257,c512,c768 tcontext=u:object_r:vendor_sysfs_devfreq:s0 tclass=dir permissive=0 app=com.ivarna.mkm
09-24 22:15:21.903 11809 11809 I auditd  : type=1400 audit(0.0:6857399): avc:  denied  { read } for  comm="sh" name="devfreq" dev="sysfs" ino=53645 scontext=u:r:untrusted_app:s0:c163,c257,c512,c768 tcontext=u:object_r:vendor_sysfs_devfreq:s0 tclass=dir permissive=0 app=com.ivarna.mkm
09-24 22:15:21.903 11809 11809 I auditd  : type=1400 audit(0.0:6857400): avc:  denied  { search } for  comm="sh" name="devfreq" dev="sysfs" ino=53645 scontext=u:r:untrusted_app:s0:c163,c257,c512,c768 tcontext=u:object_r:vendor_sysfs_devfreq:s0 tclass=dir permissive=0 app=com.ivarna.mkm
09-24 22:15:21.903 11809 11809 I auditd  : type=1400 audit(0.0:6857401): avc:  denied  { read } for  comm="sh" name="devfreq" dev="sysfs" ino=53645 scontext=u:r:untrusted_app:s0:c163,c257,c512,c768 tcontext=u:object_r:vendor_sysfs_devfreq:s0 tclass=dir permissive=0 app=com.ivarna.mkm
09-24 22:15:21.903 11809 11809 I auditd  : type=1400 audit(0.0:6857402): avc:  denied  { search } for  comm="sh" name="devfreq" dev="sysfs" ino=53645 scontext=u:r:untrusted_app:s0:c163,c257,c512,c768 tcontext=u:object_r:vendor_sysfs_devfreq:s0 tclass=dir permissive=0 app=com.ivarna.mkm
09-24 22:15:21.903 11809 11809 I auditd  : type=1400 audit(0.0:6857403): avc:  denied  { read } for  comm="sh" name="devfreq" dev="sysfs" ino=53645 scontext=u:r:untrusted_app:s0:c163,c257,c512,c768 tcontext=u:object_r:vendor_sysfs_devfreq:s0 tclass=dir permissive=0 app=com.ivarna.mkm
09-24 22:15:22.305  2866  4419 I thermal_changed: [CPU3,0,89.900002,0,3]
09-24 22:15:22.309  2866  4419 I thermal_changed: [CPU3,0,95.000000,3,3]
09-24 22:15:22.313  2866  4419 I thermal_changed: [CPU5,0,89.900002,0,3]
09-24 22:15:22.331  2866  4419 I thermal_changed: [CPU5,0,95.000000,3,3]
09-24 22:15:22.408  2866  4419 I thermal_changed: [CPU5,0,89.900002,0,3]
09-24 22:15:22.468  2866  4419 I thermal_changed: [CPU5,0,95.000000,3,3]
09-24 22:15:23.010  2866  4419 I thermal_changed: [CPU5,0,89.900002,0,3]
09-24 22:15:23.199  2866  4419 I thermal_changed: [CPU3,0,89.900002,0,3]
09-24 22:15:23.208  2866  4419 I thermal_changed: [CPU3,0,95.000000,3,3]
09-24 22:15:23.636  2866  4419 I thermal_changed: [CPU3,0,89.900002,0,3]
09-24 22:15:23.688  2866  4419 I thermal_changed: [CPU3,0,95.000000,3,3]
09-24 22:15:23.790  2866  4419 I thermal_changed: [CPU5,0,95.000000,3,3]
09-24 22:15:23.933  2866  6863 I thermal_changed: [CPU3,0,89.900002,0,3]
09-24 22:15:23.946  2866  6863 I thermal_changed: [CPU5,0,89.599998,0,3]
09-24 22:15:23.947  2866  6863 I thermal_changed: [CPU3,0,95.000000,3,3]
09-24 22:15:23.992  2866  6863 I thermal_changed: [CPU5,0,95.000000,3,3]
09-24 22:15:24.027  2866  6863 I thermal_changed: [CPU5,0,89.900002,0,3]
09-24 22:15:24.049  2866  6863 I thermal_changed: [CPU5,0,95.000000,3,3]
09-24 22:15:24.051  2866  6863 I thermal_changed: [CPU3,0,89.900002,0,3]
09-24 22:15:24.073  2866  6863 I thermal_changed: [CPU3,0,95.000000,3,3]
09-24 22:15:24.106  2866  6863 I thermal_changed: [CPU5,0,89.900002,0,3]
09-24 22:15:24.135 28482 28482 I auditd  : type=1400 audit(0.0:6857412): avc:  denied  { read } for  comm="DefaultDispatch" name="version" dev="proc" ino=4026532013 scontext=u:r:untrusted_app:s0:c163,c257,c512,c768 tcontext=u:object_r:proc_version:s0 tclass=file permissive=0 app=com.ivarna.mkm
09-24 22:15:24.146  2866  4419 I thermal_changed: [CPU3,0,89.900002,0,3]
09-24 22:15:24.159  2866  4419 I thermal_changed: [CPU3,0,95.000000,3,3]
09-24 22:15:24.241  2866  4419 I thermal_changed: [CPU3,0,89.900002,0,3]
09-24 22:15:24.248  2866  4419 I thermal_changed: [CPU5,0,95.000000,3,3]
09-24 22:15:24.247 11827 11827 I auditd  : type=1400 audit(0.0:6857413): avc:  denied  { read } for  comm="sh" name="devfreq" dev="sysfs" ino=53645 scontext=u:r:untrusted_app:s0:c163,c257,c512,c768 tcontext=u:object_r:vendor_sysfs_devfreq:s0 tclass=dir permissive=0 app=com.ivarna.mkm
09-24 22:15:24.247 11827 11827 I auditd  : type=1400 audit(0.0:6857414): avc:  denied  { search } for  comm="sh" name="devfreq" dev="sysfs" ino=53645 scontext=u:r:untrusted_app:s0:c163,c257,c512,c768 tcontext=u:object_r:vendor_sysfs_devfreq:s0 tclass=dir permissive=0 app=com.ivarna.mkm
09-24 22:15:24.247 11827 11827 I auditd  : type=1400 audit(0.0:6857415): avc:  denied  { read } for  comm="sh" name="devfreq" dev="sysfs" ino=53645 scontext=u:r:untrusted_app:s0:c163,c257,c512,c768 tcontext=u:object_r:vendor_sysfs_devfreq:s0 tclass=dir permissive=0 app=com.ivarna.mkm
09-24 22:15:24.247 11827 11827 I auditd  : type=1400 audit(0.0:6857416): avc:  denied  { search } for  comm="sh" name="devfreq" dev="sysfs" ino=53645 scontext=u:r:untrusted_app:s0:c163,c257,c512,c768 tcontext=u:object_r:vendor_sysfs_devfreq:s0 tclass=dir permissive=0 app=com.ivarna.mkm
09-24 22:15:24.267  2866  4419 I thermal_changed: [CPU3,0,95.000000,3,3]
09-24 22:15:24.615  2866  4419 I thermal_changed: [CPU2,0,95.000000,3,3]
09-24 22:15:24.639  2866  6863 I thermal_changed: [CPU2,0,89.900002,0,3]
09-24 22:15:24.704  2866  4419 I thermal_changed: [CPU3,0,89.900002,0,3]
09-24 22:15:24.727  2866  4419 I thermal_changed: [CPU3,0,95.000000,3,3]
09-24 22:15:24.869  2866  6863 I thermal_changed: [CPU3,0,89.900002,0,3]
09-24 22:15:24.910  2866  6863 I thermal_changed: [CPU3,0,95.000000,3,3]
09-24 22:15:24.921  2866  6863 I thermal_changed: [CPU3,0,89.900002,0,3]
09-24 22:15:24.924  2866  6863 I thermal_changed: [CPU3,0,95.000000,3,3]
09-24 22:15:25.030  2866  6863 I thermal_changed: [CPU3,0,89.900002,0,3]
09-24 22:15:25.131  2866  6863 I thermal_changed: [CPU3,0,95.000000,3,3]
09-24 22:15:25.209  2866  6863 I thermal_changed: [CPU5,0,89.900002,0,3]
09-24 22:15:25.238  2866  6863 I thermal_changed: [CPU3,0,89.900002,0,3]
09-24 22:15:25.250  2866  6863 I thermal_changed: [CPU3,0,95.000000,3,3]
09-24 22:15:25.315  2866  4419 I thermal_changed: [CPU5,0,95.000000,3,3]
09-24 22:15:25.526  2866  6863 I thermal_changed: [CPU5,0,89.900002,0,3]
09-24 22:15:25.542  2866  6863 I thermal_changed: [CPU3,0,89.900002,0,3]
09-24 22:15:25.547  2866  6863 I thermal_changed: [CPU3,0,95.000000,3,3]
09-24 22:15:25.644  2866  6863 I thermal_changed: [CPU3,0,89.900002,0,3]
09-24 22:15:25.647  2866  6863 I thermal_changed: [CPU3,0,95.000000,3,3]
09-24 22:15:25.671  2866  6863 I thermal_changed: [CPU5,0,95.000000,3,3]
09-24 22:15:25.713  2866  6863 I thermal_changed: [CPU3,0,89.900002,0,3]
09-24 22:15:25.722  2866  6863 I thermal_changed: [CPU5,0,89.900002,0,3]
09-24 22:15:25.837  2866  4574 I thermal_changed: [CPU5,0,95.400002,3,3]
09-24 22:15:25.848  2866  4574 I thermal_changed: [CPU3,0,95.000000,3,3]
09-24 22:15:25.902  2866  4574 I thermal_changed: [CPU5,0,89.900002,0,3]
09-24 22:15:25.944  2866  4574 I thermal_changed: [CPU5,0,95.000000,3,3]
09-24 22:15:26.026  2866  4574 I thermal_changed: [CPU5,0,89.900002,0,3]
09-24 22:15:26.035  2866  4574 I thermal_changed: [CPU5,0,95.000000,3,3]
09-24 22:15:26.148  2866  4574 I thermal_changed: [CPU5,0,89.900002,0,3]
09-24 22:15:26.185  2866  4574 I thermal_changed: [CPU5,0,95.000000,3,3]
09-24 22:15:26.307  2866  4574 I thermal_changed: [CPU5,0,89.900002,0,3]
09-24 22:15:26.313  2866  4574 I thermal_changed: [CPU5,0,95.000000,3,3]
09-24 22:15:26.451 28482 28482 I auditd  : type=1400 audit(0.0:6857428): avc:  denied  { read } for  comm="DefaultDispatch" name="version" dev="proc" ino=4026532013 scontext=u:r:untrusted_app:s0:c163,c257,c512,c768 tcontext=u:object_r:proc_version:s0 tclass=file permissive=0 app=com.ivarna.mkm
09-24 22:15:26.518  2866  4574 I thermal_changed: [CPU5,0,89.900002,0,3]
09-24 22:15:26.515 11851 11851 I auditd  : type=1400 audit(0.0:6857429): avc:  denied  { read } for  comm="sh" name="devfreq" dev="sysfs" ino=53645 scontext=u:r:untrusted_app:s0:c163,c257,c512,c768 tcontext=u:object_r:vendor_sysfs_devfreq:s0 tclass=dir permissive=0 app=com.ivarna.mkm
09-24 22:15:26.515 11851 11851 I auditd  : type=1400 audit(0.0:6857430): avc:  denied  { search } for  comm="sh" name="devfreq" dev="sysfs" ino=53645 scontext=u:r:untrusted_app:s0:c163,c257,c512,c768 tcontext=u:object_r:vendor_sysfs_devfreq:s0 tclass=dir permissive=0 app=com.ivarna.mkm
09-24 22:15:26.515 11851 11851 I auditd  : type=1400 audit(0.0:6857431): avc:  denied  { read } for  comm="sh" name="devfreq" dev="sysfs" ino=53645 scontext=u:r:untrusted_app:s0:c163,c257,c512,c768 tcontext=u:object_r:vendor_sysfs_devfreq:s0 tclass=dir permissive=0 app=com.ivarna.mkm
09-24 22:15:26.515 11851 11851 I auditd  : type=1400 audit(0.0:6857432): avc:  denied  { search } for  comm="sh" name="devfreq" dev="sysfs" ino=53645 scontext=u:r:untrusted_app:s0:c163,c257,c512,c768 tcontext=u:object_r:vendor_sysfs_devfreq:s0 tclass=dir permissive=0
09-24 22:15:26.626  2866  4574 I thermal_changed: [CPU3,0,89.900002,0,3]
09-24 22:15:26.670  2866  6863 I thermal_changed: [CPU3,0,95.000000,3,3]
09-24 22:15:26.674  2866  4574 I thermal_changed: [CPU5,0,95.000000,3,3]
09-24 22:15:26.808  2866  6863 I thermal_changed: [CPU5,0,89.900002,0,3]
09-24 22:15:26.840  2866  4574 I thermal_changed: [CPU5,0,95.400002,3,3]
09-24 22:15:26.903  2866  6863 I thermal_changed: [CPU2,0,95.000000,3,3]
09-24 22:15:26.913  2866  4574 I thermal_changed: [CPU2,0,89.900002,0,3]
09-24 22:15:26.929  2866  4574 I thermal_changed: [CPU5,0,89.900002,0,3]
09-24 22:15:26.949  2866  4574 I thermal_changed: [CPU5,0,95.000000,3,3]
09-24 22:15:26.952  2866  4574 I thermal_changed: [CPU3,0,89.900002,0,3]
09-24 22:15:26.965  2866  4574 I thermal_changed: [CPU5,0,89.900002,0,3]
09-24 22:15:26.976  2866  4574 I thermal_changed: [CPU3,0,95.400002,3,3]
09-24 22:15:27.153  2866  6863 I thermal_changed: [CPU5,0,95.000000,3,3]
09-24 22:15:27.241  2866  4574 I thermal_changed: [CPU3,0,89.900002,0,3]
09-24 22:15:27.271  2866  4574 I thermal_changed: [CPU3,0,95.000000,3,3]
09-24 22:15:27.367  2866  4574 I thermal_changed: [CPU5,0,89.900002,0,3]
09-24 22:15:27.377  2866  4574 I thermal_changed: [CPU5,0,95.000000,3,3]
09-24 22:15:27.467  2866  4574 I thermal_changed: [CPU3,0,89.900002,0,3]
09-24 22:15:27.477  2866  4574 I thermal_changed: [CPU5,0,89.900002,0,3]
09-24 22:15:27.496  2866  4574 I thermal_changed: [CPU3,0,95.000000,3,3]
09-24 22:15:27.497  2866  4574 I thermal_changed: [CPU5,0,95.000000,3,3]
09-24 22:15:27.662  2866  4574 I thermal_changed: [CPU5,0,89.900002,0,3]
09-24 22:15:27.691  2866  4574 I thermal_changed: [CPU5,0,95.000000,3,3]
09-24 22:15:27.944  2866  6863 I thermal_changed: [CPU5,0,89.900002,0,3]
09-24 22:15:27.973  2866  6863 I thermal_changed: [CPU3,0,89.900002,0,3]
09-24 22:15:27.975  2866  6863 I thermal_changed: [CPU5,0,95.000000,3,3]
09-24 22:15:28.004  2866  6863 I thermal_changed: [CPU3,0,95.000000,3,3]
09-24 22:15:28.267  2866  4574 I thermal_changed: [CPU5,0,89.900002,0,3]
09-24 22:15:28.355  2866  4574 I thermal_changed: [CPU5,0,95.000000,3,3]
09-24 22:15:28.374  2866  4574 I thermal_changed: [CPU3,0,89.900002,0,3]
09-24 22:15:28.381  2866  4574 I thermal_changed: [CPU5,0,89.900002,0,3]
09-24 22:15:28.437  2866  4574 I thermal_changed: [CPU3,0,95.000000,3,3]
09-24 22:15:28.466  2866  4574 I thermal_changed: [CPU5,0,95.400002,3,3]
09-24 22:15:28.490  2866  4574 I thermal_changed: [CPU5,0,89.900002,0,3]
09-24 22:15:28.527  2866  4574 I thermal_changed: [CPU5,0,95.000000,3,3]
09-24 22:15:28.565  2866  4574 I thermal_changed: [CPU5,0,89.900002,0,3]
09-24 22:15:28.615  2866  4574 I thermal_changed: [CPU3,0,89.900002,0,3]
09-24 22:15:28.631  2866  4574 I thermal_changed: [CPU5,0,95.000000,3,3]
09-24 22:15:28.666  2866  4574 I thermal_changed: [CPU5,0,89.900002,0,3]
09-24 22:15:28.699 28482 28482 I auditd  : type=1400 audit(0.0:6857444): avc:  denied  { read } for  comm="DefaultDispatch" name="version" dev="proc" ino=4026532013 scontext=u:r:untrusted_app:s0:c163,c257,c512,c768 tcontext=u:object_r:proc_version:s0 tclass=file permissive=0 app=com.ivarna.mkm
09-24 22:15:28.783 11869 11869 I auditd  : type=1400 audit(0.0:6857445): avc:  denied  { read } for  comm="sh" name="devfreq" dev="sysfs" ino=53645 scontext=u:r:untrusted_app:s0:c163,c257,c512,c768 tcontext=u:object_r:vendor_sysfs_devfreq:s0 tclass=dir permissive=0 app=com.ivarna.mkm
09-24 22:15:28.783 11869 11869 I auditd  : type=1400 audit(0.0:6857446): avc:  denied  { search } for  comm="sh" name="devfreq" dev="sysfs" ino=53645 scontext=u:r:untrusted_app:s0:c163,c257,c512,c768 tcontext=u:object_r:vendor_sysfs_devfreq:s0 tclass=dir permissive=0 app=com.ivarna.mkm
09-24 22:15:28.783 11869 11869 I auditd  : type=1400 audit(0.0:6857447): avc:  denied  { read } for  comm="sh" name="devfreq" dev="sysfs" ino=53645 scontext=u:r:untrusted_app:s0:c163,c257,c512,c768 tcontext=u:object_r:vendor_sysfs_devfreq:s0 tclass=dir permissive=0 app=com.ivarna.mkm
09-24 22:15:28.783 11869 11869 I auditd  : type=1400 audit(0.0:6857448): avc:  denied  { search } for  comm="sh" name="devfreq" dev="sysfs" ino=53645 scontext=u:r:untrusted_app:s0:c163,c257,c512,c768 tcontext=u:object_r:vendor_sysfs_devfreq:s0 tclass=dir permissive=0 app=com.ivarna.mkm
09-24 22:15:28.792  2866  4574 I thermal_changed: [CPU3,0,95.000000,3,3]
09-24 22:15:28.825  2866  4574 I thermal_changed: [CPU5,0,95.000000,3,3]
09-24 22:15:28.924  2866  6863 I thermal_changed: [CPU3,0,89.900002,0,3]
09-24 22:15:28.968  2866  4574 I thermal_changed: [CPU5,0,89.900002,0,3]
09-24 22:15:28.968  2866  4574 I thermal_changed: [CPU3,0,95.400002,3,3]
09-24 22:15:28.993  2866  6863 I thermal_changed: [CPU3,0,89.900002,0,3]
09-24 22:15:29.024  2866  4574 I thermal_changed: [CPU3,0,95.000000,3,3]
09-24 22:15:29.056  2866  6863 I thermal_changed: [CPU3,0,89.900002,0,3]
09-24 22:15:29.093  2866  6863 I thermal_changed: [CPU5,0,95.000000,3,3]
09-24 22:15:29.167  2866  4574 I thermal_changed: [CPU2,0,95.000000,3,3]
09-24 22:15:29.173  2866  4574 I thermal_changed: [CPU3,0,95.000000,3,3]
09-24 22:15:29.176  2866  6863 I thermal_changed: [CPU5,0,89.900002,0,3]
09-24 22:15:29.187  2866  6863 I thermal_changed: [CPU2,0,89.900002,0,3]
09-24 22:15:29.221  2866  6863 I thermal_changed: [CPU3,0,89.900002,0,3]
09-24 22:15:29.233  2866  6863 I thermal_changed: [CPU3,0,95.000000,3,3]
09-24 22:15:29.267  2866  6863 I thermal_changed: [CPU5,0,95.000000,3,3]
09-24 22:15:29.427  2866  6863 I thermal_changed: [CPU2,0,95.000000,3,3]
09-24 22:15:29.428  2866  6863 I thermal_changed: [CPU5,0,89.900002,0,3]
09-24 22:15:29.468  2866  6863 I thermal_changed: [CPU2,0,89.900002,0,3]
09-24 22:15:29.533  2866  4419 I thermal_changed: [CPU5,0,95.000000,3,3]
09-24 22:15:29.576  2866  4419 I thermal_changed: [CPU3,0,89.900002,0,3]
09-24 22:15:29.586  2866  4419 I thermal_changed: [CPU3,0,95.000000,3,3]
09-24 22:15:29.594  2866  4419 I thermal_changed: [CPU3,0,89.900002,0,3]
09-24 22:15:29.683  2866  4419 I thermal_changed: [CPU3,0,95.400002,3,3]
09-24 22:15:29.728  2866  4419 I thermal_changed: [CPU3,0,89.900002,0,3]
09-24 22:15:29.750  2866  4419 I thermal_changed: [CPU5,0,89.900002,0,3]
09-24 22:15:29.803  2866  4419 I thermal_changed: [CPU3,0,95.000000,3,3]
09-24 22:15:29.845  2866  4419 I thermal_changed: [CPU5,0,95.000000,3,3]
09-24 22:15:29.848  2866  4419 I thermal_changed: [CPU3,0,89.900002,0,3]
09-24 22:15:29.923  1558  1558 I auditd  : type=1400 audit(0.0:6857460): avc:  denied  { search } for  comm="android.hardwar" name="uhid" dev="sysfs" ino=65226 scontext=u:r:hal_health_default:s0 tcontext=u:object_r:sysfs_uhid:s0 tclass=dir permissive=0
09-24 22:15:29.923  1558  1558 I auditd  : type=1400 audit(0.0:6857461): avc:  denied  { search } for  comm="android.hardwar" name="uhid" dev="sysfs" ino=65226 scontext=u:r:hal_health_default:s0 tcontext=u:object_r:sysfs_uhid:s0 tclass=dir permissive=0
09-24 22:15:29.931  1558  1558 I auditd  : type=1400 audit(0.0:6857462): avc:  denied  { search } for  comm="android.hardwar" name="uhid" dev="sysfs" ino=65226 scontext=u:r:hal_health_default:s0 tcontext=u:object_r:sysfs_uhid:s0 tclass=dir permissive=0
09-24 22:15:29.931  1558  1558 I auditd  : type=1400 audit(0.0:6857463): avc:  denied  { search } for  comm="android.hardwar" name="uhid" dev="sysfs" ino=65226 scontext=u:r:hal_health_default:s0 tcontext=u:object_r:sysfs_uhid:s0 tclass=dir permissive=0
09-24 22:15:29.935  5454  5454 I auditd  : type=1400 audit(0.0:6857464): avc:  denied  { search } for  comm="DefaultDispatch" name="zram0" dev="sysfs" ino=107524 scontext=u:r:untrusted_app:s0:c207,c257,c512,c768 tcontext=u:object_r:sysfs_zram:s0 tclass=dir permissive=0 app=com.zenithblue.sambas3
09-24 22:15:29.974  2866  6863 I thermal_changed: [CPU5,0,89.900002,0,3]
09-24 22:15:29.987  2866  6863 I thermal_changed: [CPU3,0,95.000000,3,3]
09-24 22:15:30.024  2866  6863 I thermal_changed: [CPU5,0,95.400002,3,3]
09-24 22:15:30.053  2866  6863 I thermal_changed: [CPU5,0,89.900002,0,3]
09-24 22:15:30.111  2866  6863 I thermal_changed: [CPU3,0,89.900002,0,3]
09-24 22:15:30.114  2866  6863 I thermal_changed: [CPU3,0,95.000000,3,3]
09-24 22:15:30.184  2866  6863 I thermal_changed: [CPU5,0,95.000000,3,3]
09-24 22:15:30.189  2866  6863 I thermal_changed: [CPU5,0,89.900002,0,3]
09-24 22:15:30.237  2866  6863 I thermal_changed: [CPU3,0,89.900002,0,3]
09-24 22:15:30.243  2866  6863 I thermal_changed: [CPU3,0,95.400002,3,3]
09-24 22:15:30.430  2866  6863 I thermal_changed: [CPU5,0,95.000000,3,3]
09-24 22:15:30.475  2866  6863 I thermal_changed: [CPU5,0,89.900002,0,3]
09-24 22:15:30.495  2866  6863 I thermal_changed: [CPU5,0,95.000000,3,3]
09-24 22:15:30.536  2866  6863 I thermal_changed: [CPU3,0,89.900002,0,3]
09-24 22:15:30.542  2866  6863 I thermal_changed: [CPU5,0,89.900002,0,3]
09-24 22:15:30.551  2866  6863 I thermal_changed: [CPU3,0,95.000000,3,3]
09-24 22:15:30.649  2866  6863 I thermal_changed: [CPU5,0,95.000000,3,3]
09-24 22:15:30.674  2866  6863 I thermal_changed: [CPU5,0,89.900002,0,3]
09-24 22:15:30.750  2866  6863 I thermal_changed: [CPU3,0,89.900002,0,3]
09-24 22:15:30.768  2866  6863 I thermal_changed: [CPU3,0,95.000000,3,3]
09-24 22:15:30.946  2866  6863 I thermal_changed: [CPU3,0,89.900002,0,3]
09-24 22:15:30.950  2866  6863 I thermal_changed: [CPU3,0,95.000000,3,3]
09-24 22:15:30.967 28482 28482 I auditd  : type=1400 audit(0.0:6857466): avc:  denied  { read } for  comm="DefaultDispatch" name="version" dev="proc" ino=4026532013 scontext=u:r:untrusted_app:s0:c163,c257,c512,c768 tcontext=u:object_r:proc_version:s0 tclass=file permissive=0 app=com.ivarna.mkm
09-24 22:15:30.979  2866  6863 I thermal_changed: [CPU5,0,95.000000,3,3]
09-24 22:15:31.031 11888 11888 I auditd  : type=1400 audit(0.0:6857467): avc:  denied  { read } for  comm="sh" name="devfreq" dev="sysfs" ino=53645 scontext=u:r:untrusted_app:s0:c163,c257,c512,c768 tcontext=u:object_r:vendor_sysfs_devfreq:s0 tclass=dir permissive=0 app=com.ivarna.mkm
09-24 22:15:31.031 11888 11888 I auditd  : type=1400 audit(0.0:6857468): avc:  denied  { search } for  comm="sh" name="devfreq" dev="sysfs" ino=53645 scontext=u:r:untrusted_app:s0:c163,c257,c512,c768 tcontext=u:object_r:vendor_sysfs_devfreq:s0 tclass=dir permissive=0 app=com.ivarna.mkm
09-24 22:15:31.031 11888 11888 I auditd  : type=1400 audit(0.0:6857469): avc:  denied  { read } for  comm="sh" name="devfreq" dev="sysfs" ino=53645 scontext=u:r:untrusted_app:s0:c163,c257,c512,c768 tcontext=u:object_r:vendor_sysfs_devfreq:s0 tclass=dir permissive=0
09-24 22:15:31.031 11888 11888 I auditd  : type=1400 audit(0.0:6857470): avc:  denied  { search } for  comm="sh" name="devfreq" dev="sysfs" ino=53645 scontext=u:r:untrusted_app:s0:c163,c257,c512,c768 tcontext=u:object_r:vendor_sysfs_devfreq:s0 tclass=dir permissive=0
09-24 22:15:31.045  2866  6863 I thermal_changed: [CPU3,0,89.900002,0,3]
09-24 22:15:31.118  2866  4574 I thermal_changed: [CPU3,0,95.400002,3,3]
09-24 22:15:31.284  2866  4574 I thermal_changed: [CPU5,0,89.900002,0,3]
09-24 22:15:31.373  2866  4574 I thermal_changed: [CPU5,0,95.000000,3,3]
09-24 22:15:31.501  2866  6863 I thermal_changed: [CPU3,0,89.900002,0,3]
09-24 22:15:31.665  2866  6863 I thermal_changed: [CPU5,0,89.599998,0,3]
09-24 22:15:31.775  2866  6863 I thermal_changed: [CPU3,0,95.000000,3,3]
09-24 22:15:31.789  2866  6863 I thermal_changed: [CPU5,0,95.000000,3,3]
09-24 22:15:31.864  2866  4398 I thermal_changed: [CPU5,0,89.900002,0,3]
09-24 22:15:31.899  2866  4398 I thermal_changed: [CPU5,0,95.000000,3,3]
09-24 22:15:32.001  2866  4398 I thermal_changed: [CPU3,0,89.900002,0,3]
09-24 22:15:32.085  2866  4398 I thermal_changed: [CPU3,0,95.000000,3,3]
09-24 22:15:32.115  2866  4398 I thermal_changed: [CPU5,0,89.900002,0,3]
09-24 22:15:32.149  2866  4398 I thermal_changed: [CPU5,0,95.000000,3,3]
09-24 22:15:32.230  2866  4398 I thermal_changed: [CPU3,0,89.900002,0,3]
09-24 22:15:32.230  2866  4398 I thermal_changed: [CPU5,0,89.900002,0,3]
09-24 22:15:32.429  2866  4398 I thermal_changed: [CPU3,0,95.000000,3,3]
09-24 22:15:32.695  2866  4398 I thermal_changed: [CPU3,0,89.900002,0,3]
09-24 22:15:32.696  2866  4398 I thermal_changed: [CPU5,0,95.000000,3,3]
09-24 22:15:32.734  2866  4398 I thermal_changed: [CPU3,0,95.000000,3,3]
09-24 22:15:32.837  2866  4398 I thermal_changed: [CPU3,0,89.900002,0,3]
09-24 22:15:32.882  2866  6863 I thermal_changed: [CPU3,0,95.000000,3,3]
09-24 22:15:32.983  2866  6863 I thermal_changed: [CPU3,0,89.900002,0,3]
09-24 22:15:32.988  2866  6863 I thermal_changed: [CPU3,0,95.000000,3,3]
09-24 22:15:33.118  2866  4419 I thermal_changed: [CPU3,0,89.900002,0,3]
09-24 22:15:33.168  2866  4419 I thermal_changed: [CPU3,0,95.000000,3,3]
09-24 22:15:33.197  2866  4419 I thermal_changed: [CPU5,0,89.900002,0,3]
09-24 22:15:33.235 28482 28482 I auditd  : type=1400 audit(0.0:6857482): avc:  denied  { read } for  comm="DefaultDispatch" name="version" dev="proc" ino=4026532013 scontext=u:r:untrusted_app:s0:c163,c257,c512,c768 tcontext=u:object_r:proc_version:s0 tclass=file permissive=0 app=com.ivarna.mkm
09-24 22:15:33.258  2866  6863 I thermal_changed: [CPU3,0,89.599998,0,3]
09-24 22:15:33.307 11935 11935 I auditd  : type=1400 audit(0.0:6857483): avc:  denied  { read } for  comm="sh" name="devfreq" dev="sysfs" ino=53645 scontext=u:r:untrusted_app:s0:c163,c257,c512,c768 tcontext=u:object_r:vendor_sysfs_devfreq:s0 tclass=dir permissive=0 app=com.ivarna.mkm
09-24 22:15:33.307 11935 11935 I auditd  : type=1400 audit(0.0:6857484): avc:  denied  { search } for  comm="sh" name="devfreq" dev="sysfs" ino=53645 scontext=u:r:untrusted_app:s0:c163,c257,c512,c768 tcontext=u:object_r:vendor_sysfs_devfreq:s0 tclass=dir permissive=0 app=com.ivarna.mkm
09-24 22:15:33.307 11935 11935 I auditd  : type=1400 audit(0.0:6857485): avc:  denied  { read } for  comm="sh" name="devfreq" dev="sysfs" ino=53645 scontext=u:r:untrusted_app:s0:c163,c257,c512,c768 tcontext=u:object_r:vendor_sysfs_devfreq:s0 tclass=dir permissive=0 app=com.ivarna.mkm
09-24 22:15:33.307 11935 11935 I auditd  : type=1400 audit(0.0:6857486): avc:  denied  { search } for  comm="sh" name="devfreq" dev="sysfs" ino=53645 scontext=u:r:untrusted_app:s0:c163,c257,c512,c768 tcontext=u:object_r:vendor_sysfs_devfreq:s0 tclass=dir permissive=0 app=com.ivarna.mkm
09-24 22:15:33.484  2866  6863 I thermal_changed: [CPU3,0,95.000000,3,3]
09-24 22:15:33.501  2866  4398 I thermal_changed: [CPU5,0,95.000000,3,3]
09-24 22:15:33.593  2866  4398 I thermal_changed: [CPU5,0,89.900002,0,3]
09-24 22:15:33.617  2866  4398 I thermal_changed: [CPU5,0,95.400002,3,3]
09-24 22:15:33.627  2866  4398 I thermal_changed: [CPU5,0,89.900002,0,3]
09-24 22:15:33.718  2866  4419 I thermal_changed: [CPU5,0,95.400002,3,3]
09-24 22:15:33.747  2866  4419 I thermal_changed: [CPU3,0,89.900002,0,3]
09-24 22:15:33.750  2866  4419 I thermal_changed: [CPU3,0,95.000000,3,3]
09-24 22:15:33.753  2866  4419 I thermal_changed: [CPU5,0,89.900002,0,3]
09-24 22:15:33.786  2866  4419 I thermal_changed: [CPU5,0,95.000000,3,3]
09-24 22:15:33.961  2866  4419 I thermal_changed: [CPU5,0,89.900002,0,3]
09-24 22:15:34.068  2866  4419 I thermal_changed: [CPU5,0,95.000000,3,3]
