--------- beginning of events
09-25 14:46:26.051  1621  1621 I auditd  : type=1400 audit(0.0:6994535): avc:  denied  { search } for  comm="LightningLaunc" name="2458" dev="proc" ino=254131945 scontext=u:r:vendor_hal_perf_default:s0 tcontext=u:r:update_engine:s0 tclass=dir permissive=0
09-25 14:46:26.167  1621  1621 I auditd  : type=1400 audit(0.0:6994536): avc:  denied  { search } for  comm="LightningLaunc" name="2458" dev="proc" ino=254131945 scontext=u:r:vendor_hal_perf_default:s0 tcontext=u:r:update_engine:s0 tclass=dir permissive=0
09-25 14:46:26.263  1621  1621 I auditd  : type=1400 audit(0.0:6994537): avc:  denied  { search } for  comm="LightningLaunc" name="2458" dev="proc" ino=254131945 scontext=u:r:vendor_hal_perf_default:s0 tcontext=u:r:update_engine:s0 tclass=dir permissive=0
09-25 14:46:26.379  1621  1621 I auditd  : type=1400 audit(0.0:6994538): avc:  denied  { search } for  comm="LightningLaunc" name="2458" dev="proc" ino=254131945 scontext=u:r:vendor_hal_perf_default:s0 tcontext=u:r:update_engine:s0 tclass=dir permissive=0
09-25 14:46:26.475  1621  1621 I auditd  : type=1400 audit(0.0:6994539): avc:  denied  { search } for  comm="LightningLaunc" name="2458" dev="proc" ino=254131945 scontext=u:r:vendor_hal_perf_default:s0 tcontext=u:r:update_engine:s0 tclass=dir permissive=0
09-25 14:46:27.103  1621  1621 I auditd  : type=1400 audit(0.0:6994545): avc:  denied  { search } for  comm="LightningLaunc" name="2458" dev="proc" ino=254131945 scontext=u:r:vendor_hal_perf_default:s0 tcontext=u:r:update_engine:s0 tclass=dir permissive=0
09-25 14:46:27.223  1621  1621 I auditd  : type=1400 audit(0.0:6994546): avc:  denied  { search } for  comm="LightningLaunc" name="2458" dev="proc" ino=254131945 scontext=u:r:vendor_hal_perf_default:s0 tcontext=u:r:update_engine:s0 tclass=dir permissive=0
09-25 14:46:27.315  1621  1621 I auditd  : type=1400 audit(0.0:6994547): avc:  denied  { search } for  comm="LightningLaunc" name="2458" dev="proc" ino=254131945 scontext=u:r:vendor_hal_perf_default:s0 tcontext=u:r:update_engine:s0 tclass=dir permissive=0
09-25 14:46:27.435  1621  1621 I auditd  : type=1400 audit(0.0:6994548): avc:  denied  { search } for  comm="LightningLaunc" name="2458" dev="proc" ino=254131945 scontext=u:r:vendor_hal_perf_default:s0 tcontext=u:r:update_engine:s0 tclass=dir permissive=0
09-25 14:46:27.531  1621  1621 I auditd  : type=1400 audit(0.0:6994549): avc:  denied  { search } for  comm="LightningLaunc" name="2458" dev="proc" ino=254131945 scontext=u:r:vendor_hal_perf_default:s0 tcontext=u:r:update_engine:s0 tclass=dir permissive=0
09-25 14:46:28.159  1621  1621 I auditd  : type=1400 audit(0.0:6994555): avc:  denied  { search } for  comm="LightningLaunc" name="2458" dev="proc" ino=254131945 scontext=u:r:vendor_hal_perf_default:s0 tcontext=u:r:update_engine:s0 tclass=dir permissive=0
09-25 14:46:28.279  1621  1621 I auditd  : type=1400 audit(0.0:6994556): avc:  denied  { search } for  comm="LightningLaunc" name="2458" dev="proc" ino=254131945 scontext=u:r:vendor_hal_perf_default:s0 tcontext=u:r:update_engine:s0 tclass=dir permissive=0
09-25 14:46:28.371  1621  1621 I auditd  : type=1400 audit(0.0:6994557): avc:  denied  { search } for  comm="LightningLaunc" name="2458" dev="proc" ino=254131945 scontext=u:r:vendor_hal_perf_default:s0 tcontext=u:r:update_engine:s0 tclass=dir permissive=0
09-25 14:46:28.491  1621  1621 I auditd  : type=1400 audit(0.0:6994558): avc:  denied  { search } for  comm="LightningLaunc" name="2458" dev="proc" ino=254131945 scontext=u:r:vendor_hal_perf_default:s0 tcontext=u:r:update_engine:s0 tclass=dir permissive=0
09-25 14:46:28.583  1621  1621 I auditd  : type=1400 audit(0.0:6994559): avc:  denied  { search } for  comm="LightningLaunc" name="2458" dev="proc" ino=254131945 scontext=u:r:vendor_hal_perf_default:s0 tcontext=u:r:update_engine:s0 tclass=dir permissive=0
09-25 14:46:29.215  1621  1621 I auditd  : type=1400 audit(0.0:6994565): avc:  denied  { search } for  comm="LightningLaunc" name="2458" dev="proc" ino=254131945 scontext=u:r:vendor_hal_perf_default:s0 tcontext=u:r:update_engine:s0 tclass=dir permissive=0
09-25 14:46:29.335  1621  1621 I auditd  : type=1400 audit(0.0:6994566): avc:  denied  { search } for  comm="LightningLaunc" name="2458" dev="proc" ino=254131945 scontext=u:r:vendor_hal_perf_default:s0 tcontext=u:r:update_engine:s0 tclass=dir permissive=0
09-25 14:46:29.427  1621  1621 I auditd  : type=1400 audit(0.0:6994567): avc:  denied  { search } for  comm="LightningLaunc" name="2458" dev="proc" ino=254131945 scontext=u:r:vendor_hal_perf_default:s0 tcontext=u:r:update_engine:s0 tclass=dir permissive=0
09-25 14:46:29.547  1621  1621 I auditd  : type=1400 audit(0.0:6994568): avc:  denied  { search } for  comm="LightningLaunc" name="2458" dev="proc" ino=254131945 scontext=u:r:vendor_hal_perf_default:s0 tcontext=u:r:update_engine:s0 tclass=dir permissive=0
09-25 14:46:29.635  1621  1621 I auditd  : type=1400 audit(0.0:6994569): avc:  denied  { search } for  comm="LightningLaunc" name="2458" dev="proc" ino=254131945 scontext=u:r:vendor_hal_perf_default:s0 tcontext=u:r:update_engine:s0 tclass=dir permissive=0
09-25 14:46:30.263  1621  1621 I auditd  : type=1400 audit(0.0:6994575): avc:  denied  { search } for  comm="LightningLaunc" name="2458" dev="proc" ino=254131945 scontext=u:r:vendor_hal_perf_default:s0 tcontext=u:r:update_engine:s0 tclass=dir permissive=0
09-25 14:46:30.387  1621  1621 I auditd  : type=1400 audit(0.0:6994576): avc:  denied  { search } for  comm="LightningLaunc" name="2458" dev="proc" ino=254131945 scontext=u:r:vendor_hal_perf_default:s0 tcontext=u:r:update_engine:s0 tclass=dir permissive=0
09-25 14:46:30.475  1621  1621 I auditd  : type=1400 audit(0.0:6994577): avc:  denied  { search } for  comm="LightningLaunc" name="2458" dev="proc" ino=254131945 scontext=u:r:vendor_hal_perf_default:s0 tcontext=u:r:update_engine:s0 tclass=dir permissive=0
09-25 14:46:30.599  1621  1621 I auditd  : type=1400 audit(0.0:6994578): avc:  denied  { search } for  comm="LightningLaunc" name="2458" dev="proc" ino=254131945 scontext=u:r:vendor_hal_perf_default:s0 tcontext=u:r:update_engine:s0 tclass=dir permissive=0
09-25 14:46:30.683  1621  1621 I auditd  : type=1400 audit(0.0:6994579): avc:  denied  { search } for  comm="LightningLaunc" name="2458" dev="proc" ino=254131945 scontext=u:r:vendor_hal_perf_default:s0 tcontext=u:r:update_engine:s0 tclass=dir permissive=0
09-25 14:46:30.714  2866  2918 I am_uid_idle: 10463
09-25 14:46:31.315  1621  1621 I auditd  : type=1400 audit(0.0:6994585): avc:  denied  { search } for  comm="LightningLaunc" name="2458" dev="proc" ino=254131945 scontext=u:r:vendor_hal_perf_default:s0 tcontext=u:r:update_engine:s0 tclass=dir permissive=0
09-25 14:46:31.443  1621  1621 I auditd  : type=1400 audit(0.0:6994586): avc:  denied  { search } for  comm="LightningLaunc" name="2458" dev="proc" ino=254131945 scontext=u:r:vendor_hal_perf_default:s0 tcontext=u:r:update_engine:s0 tclass=dir permissive=0
09-25 14:46:31.527  1621  1621 I auditd  : type=1400 audit(0.0:6994587): avc:  denied  { search } for  comm="LightningLaunc" name="2458" dev="proc" ino=254131945 scontext=u:r:vendor_hal_perf_default:s0 tcontext=u:r:update_engine:s0 tclass=dir permissive=0
09-25 14:46:31.655  1621  1621 I auditd  : type=1400 audit(0.0:6994588): avc:  denied  { search } for  comm="LightningLaunc" name="2458" dev="proc" ino=254131945 scontext=u:r:vendor_hal_perf_default:s0 tcontext=u:r:update_engine:s0 tclass=dir permissive=0
09-25 14:46:31.735  1621  1621 I auditd  : type=1400 audit(0.0:6994589): avc:  denied  { search } for  comm="LightningLaunc" name="2458" dev="proc" ino=254131945 scontext=u:r:vendor_hal_perf_default:s0 tcontext=u:r:update_engine:s0 tclass=dir permissive=0
09-25 14:46:32.367  1621  1621 I auditd  : type=1400 audit(0.0:6994595): avc:  denied  { search } for  comm="LightningLaunc" name="2458" dev="proc" ino=254131945 scontext=u:r:vendor_hal_perf_default:s0 tcontext=u:r:update_engine:s0 tclass=dir permissive=0
09-25 14:46:32.499  1621  1621 I auditd  : type=1400 audit(0.0:6994596): avc:  denied  { search } for  comm="LightningLaunc" name="2458" dev="proc" ino=254131945 scontext=u:r:vendor_hal_perf_default:s0 tcontext=u:r:update_engine:s0 tclass=dir permissive=0
09-25 14:46:32.575  1621  1621 I auditd  : type=1400 audit(0.0:6994597): avc:  denied  { search } for  comm="LightningLaunc" name="2458" dev="proc" ino=254131945 scontext=u:r:vendor_hal_perf_default:s0 tcontext=u:r:update_engine:s0 tclass=dir permissive=0
09-25 14:46:32.707  1621  1621 I auditd  : type=1400 audit(0.0:6994598): avc:  denied  { search } for  comm="LightningLaunc" name="2458" dev="proc" ino=254131945 scontext=u:r:vendor_hal_perf_default:s0 tcontext=u:r:update_engine:s0 tclass=dir permissive=0
09-25 14:46:32.787  1621  1621 I auditd  : type=1400 audit(0.0:6994599): avc:  denied  { search } for  comm="LightningLaunc" name="2458" dev="proc" ino=254131945 scontext=u:r:vendor_hal_perf_default:s0 tcontext=u:r:update_engine:s0 tclass=dir permissive=0
09-25 14:46:33.435  1621  1621 I auditd  : type=1400 audit(0.0:6994605): avc:  denied  { search } for  comm="LightningLaunc" name="2458" dev="proc" ino=254131945 scontext=u:r:vendor_hal_perf_default:s0 tcontext=u:r:update_engine:s0 tclass=dir permissive=0
09-25 14:46:33.547  1621  1621 I auditd  : type=1400 audit(0.0:6994606): avc:  denied  { search } for  comm="LightningLaunc" name="2458" dev="proc" ino=254131945 scontext=u:r:vendor_hal_perf_default:s0 tcontext=u:r:update_engine:s0 tclass=dir permissive=0
09-25 14:46:33.651  1621  1621 I auditd  : type=1400 audit(0.0:6994607): avc:  denied  { search } for  comm="LightningLaunc" name="2458" dev="proc" ino=254131945 scontext=u:r:vendor_hal_perf_default:s0 tcontext=u:r:update_engine:s0 tclass=dir permissive=0
09-25 14:46:33.759  1621  1621 I auditd  : type=1400 audit(0.0:6994608): avc:  denied  { search } for  comm="LightningLaunc" name="2458" dev="proc" ino=254131945 scontext=u:r:vendor_hal_perf_default:s0 tcontext=u:r:update_engine:s0 tclass=dir permissive=0
09-25 14:46:33.863  1621  1621 I auditd  : type=1400 audit(0.0:6994609): avc:  denied  { search } for  comm="LightningLaunc" name="2458" dev="proc" ino=254131945 scontext=u:r:vendor_hal_perf_default:s0 tcontext=u:r:update_engine:s0 tclass=dir permissive=0
09-25 14:46:34.507  1621  1621 I auditd  : type=1400 audit(0.0:6994615): avc:  denied  { search } for  comm="LightningLaunc" name="2458" dev="proc" ino=254131945 scontext=u:r:vendor_hal_perf_default:s0 tcontext=u:r:update_engine:s0 tclass=dir permissive=0
09-25 14:46:34.599  1621  1621 I auditd  : type=1400 audit(0.0:6994616): avc:  denied  { search } for  comm="LightningLaunc" name="2458" dev="proc" ino=254131945 scontext=u:r:vendor_hal_perf_default:s0 tcontext=u:r:update_engine:s0 tclass=dir permissive=0
09-25 14:46:34.723  1621  1621 I auditd  : type=1400 audit(0.0:6994617): avc:  denied  { search } for  comm="LightningLaunc" name="2458" dev="proc" ino=254131945 scontext=u:r:vendor_hal_perf_default:s0 tcontext=u:r:update_engine:s0 tclass=dir permissive=0
09-25 14:46:34.807  1621  1621 I auditd  : type=1400 audit(0.0:6994618): avc:  denied  { search } for  comm="LightningLaunc" name="2458" dev="proc" ino=254131945 scontext=u:r:vendor_hal_perf_default:s0 tcontext=u:r:update_engine:s0 tclass=dir permissive=0
09-25 14:46:34.939  1621  1621 I auditd  : type=1400 audit(0.0:6994619): avc:  denied  { search } for  comm="LightningLaunc" name="2458" dev="proc" ino=254131945 scontext=u:r:vendor_hal_perf_default:s0 tcontext=u:r:update_engine:s0 tclass=dir permissive=0
09-25 14:46:35.587  1621  1621 I auditd  : type=1400 audit(0.0:6994625): avc:  denied  { search } for  comm="LightningLaunc" name="2458" dev="proc" ino=254131945 scontext=u:r:vendor_hal_perf_default:s0 tcontext=u:r:update_engine:s0 tclass=dir permissive=0
09-25 14:46:35.651  1621  1621 I auditd  : type=1400 audit(0.0:6994626): avc:  denied  { search } for  comm="LightningLaunc" name="2458" dev="proc" ino=254131945 scontext=u:r:vendor_hal_perf_default:s0 tcontext=u:r:update_engine:s0 tclass=dir permissive=0
09-25 14:46:35.799  1621  1621 I auditd  : type=1400 audit(0.0:6994627): avc:  denied  { search } for  comm="LightningLaunc" name="2458" dev="proc" ino=254131945 scontext=u:r:vendor_hal_perf_default:s0 tcontext=u:r:update_engine:s0 tclass=dir permissive=0
09-25 14:46:35.859  1621  1621 I auditd  : type=1400 audit(0.0:6994628): avc:  denied  { search } for  comm="LightningLaunc" name="2458" dev="proc" ino=254131945 scontext=u:r:vendor_hal_perf_default:s0 tcontext=u:r:update_engine:s0 tclass=dir permissive=0
09-25 14:46:36.015  1621  1621 I auditd  : type=1400 audit(0.0:6994629): avc:  denied  { search } for  comm="LightningLaunc" name="2458" dev="proc" ino=254131945 scontext=u:r:vendor_hal_perf_default:s0 tcontext=u:r:update_engine:s0 tclass=dir permissive=0
09-25 14:46:36.655  1621  1621 I auditd  : type=1400 audit(0.0:6994635): avc:  denied  { search } for  comm="LightningLaunc" name="2458" dev="proc" ino=254131945 scontext=u:r:vendor_hal_perf_default:s0 tcontext=u:r:update_engine:s0 tclass=dir permissive=0
09-25 14:46:36.699  1621  1621 I auditd  : type=1400 audit(0.0:6994636): avc:  denied  { search } for  comm="LightningLaunc" name="2458" dev="proc" ino=254131945 scontext=u:r:vendor_hal_perf_default:s0 tcontext=u:r:update_engine:s0 tclass=dir permissive=0
09-25 14:46:36.871  1621  1621 I auditd  : type=1400 audit(0.0:6994637): avc:  denied  { search } for  comm="LightningLaunc" name="2458" dev="proc" ino=254131945 scontext=u:r:vendor_hal_perf_default:s0 tcontext=u:r:update_engine:s0 tclass=dir permissive=0
09-25 14:46:36.907  1621  1621 I auditd  : type=1400 audit(0.0:6994638): avc:  denied  { search } for  comm="LightningLaunc" name="2458" dev="proc" ino=254131945 scontext=u:r:vendor_hal_perf_default:s0 tcontext=u:r:update_engine:s0 tclass=dir permissive=0
09-25 14:46:37.087  1621  1621 I auditd  : type=1400 audit(0.0:6994639): avc:  denied  { search } for  comm="LightningLaunc" name="2458" dev="proc" ino=254131945 scontext=u:r:vendor_hal_perf_default:s0 tcontext=u:r:update_engine:s0 tclass=dir permissive=0
09-25 14:46:37.723  1621  1621 I auditd  : type=1400 audit(0.0:6994645): avc:  denied  { search } for  comm="LightningLaunc" name="2458" dev="proc" ino=254131945 scontext=u:r:vendor_hal_perf_default:s0 tcontext=u:r:update_engine:s0 tclass=dir permissive=0
09-25 14:46:37.747  1621  1621 I auditd  : type=1400 audit(0.0:6994646): avc:  denied  { search } for  comm="LightningLaunc" name="2458" dev="proc" ino=254131945 scontext=u:r:vendor_hal_perf_default:s0 tcontext=u:r:update_engine:s0 tclass=dir permissive=0
09-25 14:46:37.939  1621  1621 I auditd  : type=1400 audit(0.0:6994647): avc:  denied  { search } for  comm="LightningLaunc" name="2458" dev="proc" ino=254131945 scontext=u:r:vendor_hal_perf_default:s0 tcontext=u:r:update_engine:s0 tclass=dir permissive=0
09-25 14:46:37.959  1621  1621 I auditd  : type=1400 audit(0.0:6994648): avc:  denied  { search } for  comm="LightningLaunc" name="2458" dev="proc" ino=254131945 scontext=u:r:vendor_hal_perf_default:s0 tcontext=u:r:update_engine:s0 tclass=dir permissive=0
09-25 14:46:38.155  1621  1621 I auditd  : type=1400 audit(0.0:6994649): avc:  denied  { search } for  comm="LightningLaunc" name="2458" dev="proc" ino=254131945 scontext=u:r:vendor_hal_perf_default:s0 tcontext=u:r:update_engine:s0 tclass=dir permissive=0
09-25 14:46:38.795  1621  1621 I auditd  : type=1400 audit(0.0:6994655): avc:  denied  { search } for  comm="LightningLaunc" name="2458" dev="proc" ino=254131945 scontext=u:r:vendor_hal_perf_default:s0 tcontext=u:r:update_engine:s0 tclass=dir permissive=0
09-25 14:46:38.799  1621  1621 I auditd  : type=1400 audit(0.0:6994656): avc:  denied  { search } for  comm="LightningLaunc" name="2458" dev="proc" ino=254131945 scontext=u:r:vendor_hal_perf_default:s0 tcontext=u:r:update_engine:s0 tclass=dir permissive=0
09-25 14:46:39.007  1621  1621 I auditd  : type=1400 audit(0.0:6994657): avc:  denied  { search } for  comm="LightningLaunc" name="2458" dev="proc" ino=254131945 scontext=u:r:vendor_hal_perf_default:s0 tcontext=u:r:update_engine:s0 tclass=dir permissive=0
09-25 14:46:39.007  1621  1621 I auditd  : type=1400 audit(0.0:6994658): avc:  denied  { search } for  comm="LightningLaunc" name="2458" dev="proc" ino=254131945 scontext=u:r:vendor_hal_perf_default:s0 tcontext=u:r:update_engine:s0 tclass=dir permissive=0
09-25 14:46:39.219  1621  1621 I auditd  : type=1400 audit(0.0:6994659): avc:  denied  { search } for  comm="LightningLaunc" name="2458" dev="proc" ino=254131945 scontext=u:r:vendor_hal_perf_default:s0 tcontext=u:r:update_engine:s0 tclass=dir permissive=0
09-25 14:46:39.851  1621  1621 I auditd  : type=1400 audit(0.0:6994665): avc:  denied  { search } for  comm="LightningLaunc" name="2458" dev="proc" ino=254131945 scontext=u:r:vendor_hal_perf_default:s0 tcontext=u:r:update_engine:s0 tclass=dir permissive=0
09-25 14:46:39.855  1621  1621 I auditd  : type=1400 audit(0.0:6994666): avc:  denied  { search } for  comm="LightningLaunc" name="2458" dev="proc" ino=254131945 scontext=u:r:vendor_hal_perf_default:s0 tcontext=u:r:update_engine:s0 tclass=dir permissive=0
09-25 14:46:40.063  1621  1621 I auditd  : type=1400 audit(0.0:6994667): avc:  denied  { search } for  comm="LightningLaunc" name="2458" dev="proc" ino=254131945 scontext=u:r:vendor_hal_perf_default:s0 tcontext=u:r:update_engine:s0 tclass=dir permissive=0
09-25 14:46:40.067  1621  1621 I auditd  : type=1400 audit(0.0:6994668): avc:  denied  { search } for  comm="LightningLaunc" name="2458" dev="proc" ino=254131945 scontext=u:r:vendor_hal_perf_default:s0 tcontext=u:r:update_engine:s0 tclass=dir permissive=0
09-25 14:46:40.275  1621  1621 I auditd  : type=1400 audit(0.0:6994669): avc:  denied  { search } for  comm="LightningLaunc" name="2458" dev="proc" ino=254131945 scontext=u:r:vendor_hal_perf_default:s0 tcontext=u:r:update_engine:s0 tclass=dir permissive=0
09-25 14:46:40.911  1621  1621 I auditd  : type=1400 audit(0.0:6994676): avc:  denied  { search } for  comm="LightningLaunc" name="2458" dev="proc" ino=254131945 scontext=u:r:vendor_hal_perf_default:s0 tcontext=u:r:update_engine:s0 tclass=dir permissive=0
09-25 14:46:40.911  1621  1621 I auditd  : type=1400 audit(0.0:6994675): avc:  denied  { search } for  comm="LightningLaunc" name="2458" dev="proc" ino=254131945 scontext=u:r:vendor_hal_perf_default:s0 tcontext=u:r:update_engine:s0 tclass=dir permissive=0
09-25 14:46:41.123  1621  1621 I auditd  : type=1400 audit(0.0:6994677): avc:  denied  { search } for  comm="LightningLaunc" name="2458" dev="proc" ino=254131945 scontext=u:r:vendor_hal_perf_default:s0 tcontext=u:r:update_engine:s0 tclass=dir permissive=0
09-25 14:46:41.123  1621  1621 I auditd  : type=1400 audit(0.0:6994678): avc:  denied  { search } for  comm="LightningLaunc" name="2458" dev="proc" ino=254131945 scontext=u:r:vendor_hal_perf_default:s0 tcontext=u:r:update_engine:s0 tclass=dir permissive=0
09-25 14:46:41.335  1621  1621 I auditd  : type=1400 audit(0.0:6994680): avc:  denied  { search } for  comm="LightningLaunc" name="2458" dev="proc" ino=254131945 scontext=u:r:vendor_hal_perf_default:s0 tcontext=u:r:update_engine:s0 tclass=dir permissive=0
09-25 14:46:41.971  1621  1621 I auditd  : type=1400 audit(0.0:6994686): avc:  denied  { search } for  comm="LightningLaunc" name="2458" dev="proc" ino=254131945 scontext=u:r:vendor_hal_perf_default:s0 tcontext=u:r:update_engine:s0 tclass=dir permissive=0
09-25 14:46:41.971  1621  1621 I auditd  : type=1400 audit(0.0:6994685): avc:  denied  { search } for  comm="LightningLaunc" name="2458" dev="proc" ino=254131945 scontext=u:r:vendor_hal_perf_default:s0 tcontext=u:r:update_engine:s0 tclass=dir permissive=0
09-25 14:46:42.183  1621  1621 I auditd  : type=1400 audit(0.0:6994687): avc:  denied  { search } for  comm="LightningLaunc" name="2458" dev="proc" ino=254131945 scontext=u:r:vendor_hal_perf_default:s0 tcontext=u:r:update_engine:s0 tclass=dir permissive=0
09-25 14:46:42.183  1621  1621 I auditd  : type=1400 audit(0.0:6994688): avc:  denied  { search } for  comm="LightningLaunc" name="2458" dev="proc" ino=254131945 scontext=u:r:vendor_hal_perf_default:s0 tcontext=u:r:update_engine:s0 tclass=dir permissive=0
09-25 14:46:42.395  1621  1621 I auditd  : type=1400 audit(0.0:6994689): avc:  denied  { search } for  comm="LightningLaunc" name="2458" dev="proc" ino=254131945 scontext=u:r:vendor_hal_perf_default:s0 tcontext=u:r:update_engine:s0 tclass=dir permissive=0
09-25 14:46:43.027  1621  1621 I auditd  : type=1400 audit(0.0:6994695): avc:  denied  { search } for  comm="LightningLaunc" name="2458" dev="proc" ino=254131945 scontext=u:r:vendor_hal_perf_default:s0 tcontext=u:r:update_engine:s0 tclass=dir permissive=0
09-25 14:46:43.027  1621  1621 I auditd  : type=1400 audit(0.0:6994696): avc:  denied  { search } for  comm="LightningLaunc" name="2458" dev="proc" ino=254131945 scontext=u:r:vendor_hal_perf_default:s0 tcontext=u:r:update_engine:s0 tclass=dir permissive=0
09-25 14:46:43.239  1621  1621 I auditd  : type=1400 audit(0.0:6994698): avc:  denied  { search } for  comm="LightningLaunc" name="2458" dev="proc" ino=254131945 scontext=u:r:vendor_hal_perf_default:s0 tcontext=u:r:update_engine:s0 tclass=dir permissive=0
09-25 14:46:43.239  1621  1621 I auditd  : type=1400 audit(0.0:6994697): avc:  denied  { search } for  comm="LightningLaunc" name="2458" dev="proc" ino=254131945 scontext=u:r:vendor_hal_perf_default:s0 tcontext=u:r:update_engine:s0 tclass=dir permissive=0
09-25 14:46:43.451  1621  1621 I auditd  : type=1400 audit(0.0:6994699): avc:  denied  { search } for  comm="LightningLaunc" name="2458" dev="proc" ino=254131945 scontext=u:r:vendor_hal_perf_default:s0 tcontext=u:r:update_engine:s0 tclass=dir permissive=0
09-25 14:46:44.091  1621  1621 I auditd  : type=1400 audit(0.0:6994705): avc:  denied  { search } for  comm="LightningLaunc" name="2458" dev="proc" ino=254131945 scontext=u:r:vendor_hal_perf_default:s0 tcontext=u:r:update_engine:s0 tclass=dir permissive=0
09-25 14:46:44.091  1621  1621 I auditd  : type=1400 audit(0.0:6994706): avc:  denied  { search } for  comm="LightningLaunc" name="2458" dev="proc" ino=254131945 scontext=u:r:vendor_hal_perf_default:s0 tcontext=u:r:update_engine:s0 tclass=dir permissive=0
09-25 14:46:44.307  1621  1621 I auditd  : type=1400 audit(0.0:6994708): avc:  denied  { search } for  comm="LightningLaunc" name="2458" dev="proc" ino=254131945 scontext=u:r:vendor_hal_perf_default:s0 tcontext=u:r:update_engine:s0 tclass=dir permissive=0
09-25 14:46:44.307  1621  1621 I auditd  : type=1400 audit(0.0:6994707): avc:  denied  { search } for  comm="LightningLaunc" name="2458" dev="proc" ino=254131945 scontext=u:r:vendor_hal_perf_default:s0 tcontext=u:r:update_engine:s0 tclass=dir permissive=0
09-25 14:46:44.515  1621  1621 I auditd  : type=1400 audit(0.0:6994710): avc:  denied  { search } for  comm="LightningLaunc" name="2458" dev="proc" ino=254131945 scontext=u:r:vendor_hal_perf_default:s0 tcontext=u:r:update_engine:s0 tclass=dir permissive=0
09-25 14:46:45.147  1621  1621 I auditd  : type=1400 audit(0.0:6994716): avc:  denied  { search } for  comm="LightningLaunc" name="2458" dev="proc" ino=254131945 scontext=u:r:vendor_hal_perf_default:s0 tcontext=u:r:update_engine:s0 tclass=dir permissive=0
09-25 14:46:45.147  1621  1621 I auditd  : type=1400 audit(0.0:6994715): avc:  denied  { search } for  comm="LightningLaunc" name="2458" dev="proc" ino=254131945 scontext=u:r:vendor_hal_perf_default:s0 tcontext=u:r:update_engine:s0 tclass=dir permissive=0
09-25 14:46:45.363  1621  1621 I auditd  : type=1400 audit(0.0:6994717): avc:  denied  { search } for  comm="LightningLaunc" name="2458" dev="proc" ino=254131945 scontext=u:r:vendor_hal_perf_default:s0 tcontext=u:r:update_engine:s0 tclass=dir permissive=0
09-25 14:46:45.363  1621  1621 I auditd  : type=1400 audit(0.0:6994718): avc:  denied  { search } for  comm="LightningLaunc" name="2458" dev="proc" ino=254131945 scontext=u:r:vendor_hal_perf_default:s0 tcontext=u:r:update_engine:s0 tclass=dir permissive=0
09-25 14:46:45.579  1621  1621 I auditd  : type=1400 audit(0.0:6994720): avc:  denied  { search } for  comm="LightningLaunc" name="2458" dev="proc" ino=254131945 scontext=u:r:vendor_hal_perf_default:s0 tcontext=u:r:update_engine:s0 tclass=dir permissive=0
09-25 14:46:46.211  1621  1621 I auditd  : type=1400 audit(0.0:6994726): avc:  denied  { search } for  comm="LightningLaunc" name="2458" dev="proc" ino=254131945 scontext=u:r:vendor_hal_perf_default:s0 tcontext=u:r:update_engine:s0 tclass=dir permissive=0
09-25 14:46:46.211  1621  1621 I auditd  : type=1400 audit(0.0:6994725): avc:  denied  { search } for  comm="LightningLaunc" name="2458" dev="proc" ino=254131945 scontext=u:r:vendor_hal_perf_default:s0 tcontext=u:r:update_engine:s0 tclass=dir permissive=0
09-25 14:46:46.423  1621  1621 I auditd  : type=1400 audit(0.0:6994727): avc:  denied  { search } for  comm="LightningLaunc" name="2458" dev="proc" ino=254131945 scontext=u:r:vendor_hal_perf_default:s0 tcontext=u:r:update_engine:s0 tclass=dir permissive=0
09-25 14:46:46.423  1621  1621 I auditd  : type=1400 audit(0.0:6994728): avc:  denied  { search } for  comm="LightningLaunc" name="2458" dev="proc" ino=254131945 scontext=u:r:vendor_hal_perf_default:s0 tcontext=u:r:update_engine:s0 tclass=dir permissive=0
09-25 14:46:46.635  1621  1621 I auditd  : type=1400 audit(0.0:6994730): avc:  denied  { search } for  comm="LightningLaunc" name="2458" dev="proc" ino=254131945 scontext=u:r:vendor_hal_perf_default:s0 tcontext=u:r:update_engine:s0 tclass=dir permissive=0
09-25 14:46:47.267  1621  1621 I auditd  : type=1400 audit(0.0:6994736): avc:  denied  { search } for  comm="LightningLaunc" name="2458" dev="proc" ino=254131945 scontext=u:r:vendor_hal_perf_default:s0 tcontext=u:r:update_engine:s0 tclass=dir permissive=0
09-25 14:46:47.267  1621  1621 I auditd  : type=1400 audit(0.0:6994735): avc:  denied  { search } for  comm="LightningLaunc" name="2458" dev="proc" ino=254131945 scontext=u:r:vendor_hal_perf_default:s0 tcontext=u:r:update_engine:s0 tclass=dir permissive=0
09-25 14:46:47.479  1621  1621 I auditd  : type=1400 audit(0.0:6994738): avc:  denied  { search } for  comm="LightningLaunc" name="2458" dev="proc" ino=254131945 scontext=u:r:vendor_hal_perf_default:s0 tcontext=u:r:update_engine:s0 tclass=dir permissive=0
09-25 14:46:47.479  1621  1621 I auditd  : type=1400 audit(0.0:6994737): avc:  denied  { search } for  comm="LightningLaunc" name="2458" dev="proc" ino=254131945 scontext=u:r:vendor_hal_perf_default:s0 tcontext=u:r:update_engine:s0 tclass=dir permissive=0
09-25 14:46:47.691  1621  1621 I auditd  : type=1400 audit(0.0:6994740): avc:  denied  { search } for  comm="LightningLaunc" name="2458" dev="proc" ino=254131945 scontext=u:r:vendor_hal_perf_default:s0 tcontext=u:r:update_engine:s0 tclass=dir permissive=0
09-25 14:46:48.323  1621  1621 I auditd  : type=1400 audit(0.0:6994746): avc:  denied  { search } for  comm="LightningLaunc" name="2458" dev="proc" ino=254131945 scontext=u:r:vendor_hal_perf_default:s0 tcontext=u:r:update_engine:s0 tclass=dir permissive=0
09-25 14:46:48.323  1621  1621 I auditd  : type=1400 audit(0.0:6994745): avc:  denied  { search } for  comm="LightningLaunc" name="2458" dev="proc" ino=254131945 scontext=u:r:vendor_hal_perf_default:s0 tcontext=u:r:update_engine:s0 tclass=dir permissive=0
09-25 14:46:48.535  1621  1621 I auditd  : type=1400 audit(0.0:6994747): avc:  denied  { search } for  comm="LightningLaunc" name="2458" dev="proc" ino=254131945 scontext=u:r:vendor_hal_perf_default:s0 tcontext=u:r:update_engine:s0 tclass=dir permissive=0
09-25 14:46:48.535  1621  1621 I auditd  : type=1400 audit(0.0:6994748): avc:  denied  { search } for  comm="LightningLaunc" name="2458" dev="proc" ino=254131945 scontext=u:r:vendor_hal_perf_default:s0 tcontext=u:r:update_engine:s0 tclass=dir permissive=0
09-25 14:46:48.743  1621  1621 I auditd  : type=1400 audit(0.0:6994750): avc:  denied  { search } for  comm="LightningLaunc" name="2458" dev="proc" ino=254131945 scontext=u:r:vendor_hal_perf_default:s0 tcontext=u:r:update_engine:s0 tclass=dir permissive=0
09-25 14:46:49.379  1621  1621 I auditd  : type=1400 audit(0.0:6994756): avc:  denied  { search } for  comm="LightningLaunc" name="2458" dev="proc" ino=254131945 scontext=u:r:vendor_hal_perf_default:s0 tcontext=u:r:update_engine:s0 tclass=dir permissive=0
09-25 14:46:49.379  1621  1621 I auditd  : type=1400 audit(0.0:6994755): avc:  denied  { search } for  comm="LightningLaunc" name="2458" dev="proc" ino=254131945 scontext=u:r:vendor_hal_perf_default:s0 tcontext=u:r:update_engine:s0 tclass=dir permissive=0
09-25 14:46:49.587  1621  1621 I auditd  : type=1400 audit(0.0:6994758): avc:  denied  { search } for  comm="LightningLaunc" name="2458" dev="proc" ino=254131945 scontext=u:r:vendor_hal_perf_default:s0 tcontext=u:r:update_engine:s0 tclass=dir permissive=0
09-25 14:46:49.587  1621  1621 I auditd  : type=1400 audit(0.0:6994757): avc:  denied  { search } for  comm="LightningLaunc" name="2458" dev="proc" ino=254131945 scontext=u:r:vendor_hal_perf_default:s0 tcontext=u:r:update_engine:s0 tclass=dir permissive=0
09-25 14:46:49.803  1621  1621 I auditd  : type=1400 audit(0.0:6994759): avc:  denied  { search } for  comm="LightningLaunc" name="2458" dev="proc" ino=254131945 scontext=u:r:vendor_hal_perf_default:s0 tcontext=u:r:update_engine:s0 tclass=dir permissive=0
09-25 14:46:50.439  1621  1621 I auditd  : type=1400 audit(0.0:6994765): avc:  denied  { search } for  comm="LightningLaunc" name="2458" dev="proc" ino=254131945 scontext=u:r:vendor_hal_perf_default:s0 tcontext=u:r:update_engine:s0 tclass=dir permissive=0
09-25 14:46:50.439  1621  1621 I auditd  : type=1400 audit(0.0:6994766): avc:  denied  { search } for  comm="LightningLaunc" name="2458" dev="proc" ino=254131945 scontext=u:r:vendor_hal_perf_default:s0 tcontext=u:r:update_engine:s0 tclass=dir permissive=0
09-25 14:46:50.647  1621  1621 I auditd  : type=1400 audit(0.0:6994768): avc:  denied  { search } for  comm="LightningLaunc" name="2458" dev="proc" ino=254131945 scontext=u:r:vendor_hal_perf_default:s0 tcontext=u:r:update_engine:s0 tclass=dir permissive=0
09-25 14:46:50.647  1621  1621 I auditd  : type=1400 audit(0.0:6994767): avc:  denied  { search } for  comm="LightningLaunc" name="2458" dev="proc" ino=254131945 scontext=u:r:vendor_hal_perf_default:s0 tcontext=u:r:update_engine:s0 tclass=dir permissive=0
09-25 14:46:50.859  1621  1621 I auditd  : type=1400 audit(0.0:6994770): avc:  denied  { search } for  comm="LightningLaunc" name="2458" dev="proc" ino=254131945 scontext=u:r:vendor_hal_perf_default:s0 tcontext=u:r:update_engine:s0 tclass=dir permissive=0
09-25 14:46:51.491  1621  1621 I auditd  : type=1400 audit(0.0:6994776): avc:  denied  { search } for  comm="LightningLaunc" name="2458" dev="proc" ino=254131945 scontext=u:r:vendor_hal_perf_default:s0 tcontext=u:r:update_engine:s0 tclass=dir permissive=0
09-25 14:46:51.491  1621  1621 I auditd  : type=1400 audit(0.0:6994775): avc:  denied  { search } for  comm="LightningLaunc" name="2458" dev="proc" ino=254131945 scontext=u:r:vendor_hal_perf_default:s0 tcontext=u:r:update_engine:s0 tclass=dir permissive=0
09-25 14:46:51.699  1621  1621 I auditd  : type=1400 audit(0.0:6994778): avc:  denied  { search } for  comm="LightningLaunc" name="2458" dev="proc" ino=254131945 scontext=u:r:vendor_hal_perf_default:s0 tcontext=u:r:update_engine:s0 tclass=dir permissive=0
09-25 14:46:51.699  1621  1621 I auditd  : type=1400 audit(0.0:6994777): avc:  denied  { search } for  comm="LightningLaunc" name="2458" dev="proc" ino=254131945 scontext=u:r:vendor_hal_perf_default:s0 tcontext=u:r:update_engine:s0 tclass=dir permissive=0
09-25 14:46:51.911  1621  1621 I auditd  : type=1400 audit(0.0:6994780): avc:  denied  { search } for  comm="LightningLaunc" name="2458" dev="proc" ino=254131945 scontext=u:r:vendor_hal_perf_default:s0 tcontext=u:r:update_engine:s0 tclass=dir permissive=0
09-25 14:46:52.040  2866  3612 I commit_sys_config_file: [settings-0-0,10]
09-25 14:46:52.547  1621  1621 I auditd  : type=1400 audit(0.0:6994785): avc:  denied  { search } for  comm="LightningLaunc" name="2458" dev="proc" ino=254131945 scontext=u:r:vendor_hal_perf_default:s0 tcontext=u:r:update_engine:s0 tclass=dir permissive=0
09-25 14:46:52.547  1621  1621 I auditd  : type=1400 audit(0.0:6994786): avc:  denied  { search } for  comm="LightningLaunc" name="2458" dev="proc" ino=254131945 scontext=u:r:vendor_hal_perf_default:s0 tcontext=u:r:update_engine:s0 tclass=dir permissive=0
09-25 14:46:52.755  1621  1621 I auditd  : type=1400 audit(0.0:6994788): avc:  denied  { search } for  comm="LightningLaunc" name="2458" dev="proc" ino=254131945 scontext=u:r:vendor_hal_perf_default:s0 tcontext=u:r:update_engine:s0 tclass=dir permissive=0
09-25 14:46:52.755  1621  1621 I auditd  : type=1400 audit(0.0:6994787): avc:  denied  { search } for  comm="LightningLaunc" name="2458" dev="proc" ino=254131945 scontext=u:r:vendor_hal_perf_default:s0 tcontext=u:r:update_engine:s0 tclass=dir permissive=0
09-25 14:46:52.967  1621  1621 I auditd  : type=1400 audit(0.0:6994790): avc:  denied  { search } for  comm="LightningLaunc" name="2458" dev="proc" ino=254131945 scontext=u:r:vendor_hal_perf_default:s0 tcontext=u:r:update_engine:s0 tclass=dir permissive=0
09-25 14:46:53.385  2866  2918 I am_uid_idle: 10305
09-25 14:46:53.599  1621  1621 I auditd  : type=1400 audit(0.0:6994796): avc:  denied  { search } for  comm="LightningLaunc" name="2458" dev="proc" ino=254131945 scontext=u:r:vendor_hal_perf_default:s0 tcontext=u:r:update_engine:s0 tclass=dir permissive=0
09-25 14:46:53.599  1621  1621 I auditd  : type=1400 audit(0.0:6994795): avc:  denied  { search } for  comm="LightningLaunc" name="2458" dev="proc" ino=254131945 scontext=u:r:vendor_hal_perf_default:s0 tcontext=u:r:update_engine:s0 tclass=dir permissive=0
09-25 14:46:53.811  1621  1621 I auditd  : type=1400 audit(0.0:6994797): avc:  denied  { search } for  comm="LightningLaunc" name="2458" dev="proc" ino=254131945 scontext=u:r:vendor_hal_perf_default:s0 tcontext=u:r:update_engine:s0 tclass=dir permissive=0
09-25 14:46:54.019  1621  1621 I auditd  : type=1400 audit(0.0:6994798): avc:  denied  { search } for  comm="LightningLaunc" name="2458" dev="proc" ino=254131945 scontext=u:r:vendor_hal_perf_default:s0 tcontext=u:r:update_engine:s0 tclass=dir permissive=0
09-25 14:46:54.227  1621  1621 I auditd  : type=1400 audit(0.0:6994799): avc:  denied  { search } for  comm="LightningLaunc" name="2458" dev="proc" ino=254131945 scontext=u:r:vendor_hal_perf_default:s0 tcontext=u:r:update_engine:s0 tclass=dir permissive=0
09-25 14:46:54.647  1621  1621 I auditd  : type=1400 audit(0.0:6994801): avc:  denied  { search } for  comm="LightningLaunc" name="2458" dev="proc" ino=254131945 scontext=u:r:vendor_hal_perf_default:s0 tcontext=u:r:update_engine:s0 tclass=dir permissive=0
09-25 14:46:54.855  1621  1621 I auditd  : type=1400 audit(0.0:6994802): avc:  denied  { search } for  comm="LightningLaunc" name="2458" dev="proc" ino=254131945 scontext=u:r:vendor_hal_perf_default:s0 tcontext=u:r:update_engine:s0 tclass=dir permissive=0
09-25 14:46:55.067  1621  1621 I auditd  : type=1400 audit(0.0:6994803): avc:  denied  { search } for  comm="LightningLaunc" name="2458" dev="proc" ino=254131945 scontext=u:r:vendor_hal_perf_default:s0 tcontext=u:r:update_engine:s0 tclass=dir permissive=0
09-25 14:46:55.275  1621  1621 I auditd  : type=1400 audit(0.0:6994804): avc:  denied  { search } for  comm="LightningLaunc" name="2458" dev="proc" ino=254131945 scontext=u:r:vendor_hal_perf_default:s0 tcontext=u:r:update_engine:s0 tclass=dir permissive=0
09-25 14:48:05.566  2866  3614 I am_unfreeze: [7013,com.google.android.gms.unstable,6]
09-25 14:48:05.647  7013  7013 I auditd  : type=1400 audit(0.0:6994805): avc:  denied  { read } for  comm="binder:7013_9" name="u:object_r:adbd_prop:s0" dev="tmpfs" ino=96 scontext=u:r:gmscore_app:s0:c512,c768 tcontext=u:object_r:adbd_prop:s0 tclass=file permissive=0 app=com.google.android.gms
09-25 14:48:52.059  2866  3612 I commit_sys_config_file: [settings-0-0,11]
09-25 14:49:04.557   326   337 I jank_cuj_events_begin_request: [25,1790327944555225000,939588279259046,709082966558358,swipe]
09-25 14:49:04.557   326   337 I jank_cuj_events_begin_request: [67,1790327944555398000,939588279431285,709082966731119,]
09-25 14:49:04.557   326   337 I jank_cuj_events_begin_request: [25,1790327944555452000,939588279485192,709082966784400,swipe]
09-25 14:49:04.558   326   337 I jank_cuj_events_begin_request: [67,1790327944555475000,939588279507275,709082966806483,]
09-25 14:49:10.666  2866  3614 I am_freeze: [7431,com.google.android.googlequicksearchbox:search]
09-25 14:49:11.159  2866  3614 I am_compact: [7431,com.google.android.googlequicksearchbox:search,ANON,394148,290836,99680,43904,-112200,-26196,-86000,85608,491,FULL,708401822,900,15,759056,-28140]
09-25 14:49:20.747  2866  3614 I am_freeze: [7013,com.google.android.gms.unstable]
09-25 14:49:20.828  2866  3614 I am_compact: [7013,com.google.android.gms.unstable,ANON,138988,115476,21632,47168,-7652,-144,-7508,7468,80,FULL,708779857,905,19,787196,-3420]
09-25 14:50:52.077  2866  3612 I commit_sys_config_file: [settings-0-0,10]
09-25 14:51:05.943  2866  2928 I commit_sys_config_file: [batterystats,10]
09-25 14:51:05.946  2866  2928 I commit_sys_config_file: [batterystats,2]
09-25 14:52:52.093  2866  3612 I commit_sys_config_file: [settings-0-0,10]
09-25 14:52:53.865  2866  3671 I netstats_mobile_sample: [72272341166,16322758751,59694842,22024126,71950875533,16228863918,59509157,20213514,1790328173882]
09-25 14:52:53.866  2866  3671 I netstats_wifi_sample: [25106702385,12147183491,23589529,57479801,24913756016,5568309773,24116129,11019456,1790328173882]
09-25 14:54:52.119  2866  3612 I commit_sys_config_file: [settings-0-0,11]
09-25 14:55:31.793  2866  2917 I commit_sys_config_file: [sync-status,9]
09-25 14:56:23.676   326   337 I jank_cuj_events_begin_request: [25,1790328383675356000,940027399390128,709522086689389,swipe]
09-25 14:56:23.677   326   337 I jank_cuj_events_begin_request: [67,1790328383675501000,940027399534035,709522086833243,]
09-25 14:56:23.677   326   337 I jank_cuj_events_begin_request: [25,1790328383675543000,940027399575493,709522086874857,swipe]
09-25 14:56:23.677   326   337 I jank_cuj_events_begin_request: [67,1790328383675565000,940027399598045,709522086897305,]
09-25 14:56:23.812   326   337 I jank_cuj_events_cancel_request: [67,1790328383812533000,940027536568982,709522223868399]
09-25 14:56:26.344   326   337 I jank_cuj_events_end_request: [25,1790328386343935000,940030067968877,709524755268919]
09-25 14:56:26.345   326   337 I jank_cuj_events_cancel_request: [25,1790328386344089000,940030068121325,709524755420533]
09-25 14:56:26.345   326   337 I jank_cuj_events_cancel_request: [67,1790328386344117000,940030068149346,709524755448554]
09-25 14:56:52.130  2866  3612 I commit_sys_config_file: [settings-0-0,11]
09-25 14:57:57.209  2866  3614 I am_unfreeze: [6696,com.jio.myjio,3]
09-25 14:58:07.307  2866  3614 I am_freeze: [6696,com.jio.myjio]
09-25 14:58:07.400  2866  3614 I am_compact: [6696,com.jio.myjio,ANON,122896,100072,20812,65428,-11320,-3356,-7964,7964,92,FULL,708778540,905,19,790464,-348]
09-25 14:58:33.881  2866  2917 I commit_sys_config_file: [procstats,11]
09-25 14:58:33.895  2866  3614 I am_unfreeze: [7013,com.google.android.gms.unstable,6]
09-25 14:58:33.947  7013  7013 I auditd  : type=1400 audit(0.0:6994806): avc:  denied  { read } for  comm="binder:7013_4" name="u:object_r:adbd_prop:s0" dev="tmpfs" ino=96 scontext=u:r:gmscore_app:s0:c512,c768 tcontext=u:object_r:adbd_prop:s0 tclass=file permissive=0 app=com.google.android.gms
09-25 14:58:52.147  2866  3612 I commit_sys_config_file: [settings-0-0,11]
09-25 14:59:49.053  2866  3614 I am_freeze: [7013,com.google.android.gms.unstable]
09-25 14:59:49.160  2866  3614 I am_compact: [7013,com.google.android.gms.unstable,ANON,141272,115372,24020,44408,-10456,-40,-10416,10328,106,FULL,709099239,905,19,788152,-2432]
09-25 15:00:00.016  2866  3614 I am_unfreeze: [682,com.android.settings,3]
09-25 15:00:00.020  2866  3614 I am_unfreeze: [6563,com.android.DeviceAsWebcam,10]
09-25 15:00:20.082  2866  3614 I am_freeze: [682,com.android.settings]
09-25 15:00:20.084  2866  3614 I am_freeze: [6563,com.android.DeviceAsWebcam]
09-25 15:00:20.177  2866  3614 I am_compact: [682,com.android.settings,ANON,108252,90080,16352,51628,-8700,-32,-8668,8596,93,FULL,706158583,905,10,789404,-1816]
09-25 15:00:52.170  2866  3612 I commit_sys_config_file: [settings-0-0,11]
09-25 15:01:47.773  2866 23587 I commit_sys_config_file: [appops_accesses,16]
09-25 15:02:52.180  2866  3612 I commit_sys_config_file: [settings-0-0,10]
09-25 15:04:31.553 10644 10998 I c2dm    : [-1,,54,32]
09-25 15:04:52.201  2866  3612 I commit_sys_config_file: [settings-0-0,10]
09-25 15:06:16.531  2866  3614 I am_unfreeze: [8757,com.google.android.gm,3]
09-25 15:06:16.537 10644 11048 I c2dm    : [-7,,55,33]
09-25 15:06:16.538  2866  2917 I am_pss  : [8757,10444,com.google.android.gm,0,0,0,187166720,0,11,4]
09-25 15:06:16.735  2866  3772 I sync    : [gmail-ls,0,0,-1434541572]
09-25 15:06:16.750  2866  3614 I am_unfreeze: [9294,com.google.android.apps.turbo:aab,6]
09-25 15:06:16.762  2866  3614 I am_unfreeze: [6696,com.jio.myjio,6]
09-25 15:06:18.345  2866  3772 I sync    : [gmail-ls,1,0,-1434541572]
09-25 15:06:18.691  2866  2909 I commit_sys_config_file: [jobs,10]
09-25 15:06:18.700  2866  2909 I commit_sys_config_file: [jobs,9]
09-25 15:06:26.860  2866  3614 I am_freeze: [6696,com.jio.myjio]
09-25 15:06:26.864  2866  3614 I am_freeze: [9294,com.google.android.apps.turbo:aab]
09-25 15:06:26.981  2866  3614 I am_compact: [6696,com.jio.myjio,ANON,137712,107048,28628,57856,-26928,-10320,-16608,16608,117,FULL,709625811,905,19,785404,-424]
09-25 15:06:27.039  2866  3614 I am_compact: [9294,com.google.android.apps.turbo:aab,ANON,98140,72232,24136,42636,-9968,-120,-9848,9768,57,FULL,707884347,905,19,785828,-2016]
09-25 15:06:36.540  2866  3614 I am_freeze: [8757,com.google.android.gm]
09-25 15:06:36.836  2866  3614 I am_compact: [8757,com.google.android.gm,ANON,240752,190884,47980,48944,-84588,-49332,-35256,34920,295,FULL,707884899,905,19,787844,-11696]
09-25 15:06:52.224  2866  3612 I commit_sys_config_file: [settings-0-0,12]
09-25 15:08:30.684  2866  2917 I am_pss  : [6617,10304,com.google.android.googlequicksearchbox:googleapp,0,0,0,286523392,0,3,2]
09-25 15:08:30.688  2866  2917 I am_pss  : [9019,99326,com.google.android.webview:sandboxed_process0:org.chromium.content.app.SandboxedProcessService0:0,0,0,0,70791168,0,3,3]
09-25 15:08:30.699  2866  3614 I am_unfreeze: [7431,com.google.android.googlequicksearchbox:search,6]
09-25 15:08:30.773  2866  3614 I am_unfreeze: [10237,android.process.acore,7]
09-25 15:08:30.774  2866  9069 I am_uid_active: 10262
09-25 15:08:52.237  2866  3612 I commit_sys_config_file: [settings-0-0,11]
09-25 15:09:07.903  2866  3614 I am_freeze: [10237,android.process.acore]
09-25 15:09:07.971  2866  3614 I am_compact: [10237,android.process.acore,ANON,89436,70724,16944,46932,-4256,-64,-4192,4176,65,FULL,708906321,905,19,781884,-72]
09-25 15:09:36.905  2866  2918 I am_uid_idle: 10262
09-25 15:10:52.251  2866  3612 I commit_sys_config_file: [settings-0-0,12]
09-25 15:12:52.265  2866  3612 I commit_sys_config_file: [settings-0-0,9]
09-25 15:14:52.275  2866  3612 I commit_sys_config_file: [settings-0-0,11]
09-25 15:15:31.790  2866  2917 I commit_sys_config_file: [sync-stats,7]
09-25 15:16:18.360  2866  2917 I commit_sys_config_file: [sync-status,13]
09-25 15:16:52.287  2866  3612 I commit_sys_config_file: [settings-0-0,10]
09-25 15:18:52.305  2866  3612 I commit_sys_config_file: [settings-0-0,12]
09-25 15:19:40.867  2866  3614 I am_freeze: [7431,com.google.android.googlequicksearchbox:search]
09-25 15:19:41.273  2866  3614 I am_compact: [7431,com.google.android.googlequicksearchbox:search,ANON,353292,268000,81664,65720,-70188,-1936,-68252,67916,405,FULL,709089570,900,15,781368,-18500]
09-25 15:20:52.317  2866  3612 I commit_sys_config_file: [settings-0-0,11]
09-25 15:21:05.987  2866  2928 I commit_sys_config_file: [batterystats,9]
09-25 15:21:05.991  2866  2928 I commit_sys_config_file: [batterystats,2]
09-25 15:22:52.326  2866  3612 I commit_sys_config_file: [settings-0-0,10]
09-25 15:24:12.283  2866  3614 I am_unfreeze: [7431,com.google.android.googlequicksearchbox:search,3]
09-25 15:24:12.298  2866  3671 I netstats_mobile_sample: [72272407541,16322809258,59694973,22024258,71950941818,16228914497,59509291,20213647,1790330052316]
09-25 15:24:12.298  2866  3671 I netstats_wifi_sample: [25106702385,12147183491,23589529,57479801,24913756016,5568309773,24116129,11019456,1790330052316]
09-25 15:24:12.298  2866  3614 I am_unfreeze: [6696,com.jio.myjio,3]
09-25 15:24:12.299  2866  3614 I am_unfreeze: [857,com.whatsapp,3]
09-25 15:24:12.309  2866  2917 I am_pss  : [857,10427,com.whatsapp,0,0,0,185544704,0,11,4]
09-25 15:24:12.310  2866  2917 I am_pss  : [6696,10489,com.jio.myjio,0,0,0,116617216,0,11,0]
09-25 15:24:12.392  2866  2918 I am_kill : [0,10237,android.process.acore,900,Sync transaction while frozen,85180]
09-25 15:24:12.397  2866  2917 I am_pss  : [9880,10269,com.android.providers.calendar,0,0,0,82485248,0,15,3]
09-25 15:24:12.421  2866  9069 I am_proc_died: [0,10237,android.process.acore,900,19]
09-25 15:24:12.422  2866  3614 I am_unfreeze: [9880,com.android.providers.calendar,7]
09-25 15:24:12.438  2866  2919 I am_proc_start: [0,11523,10262,android.process.acore,content provider,{com.android.providers.contacts/com.android.providers.contacts.ContactsProvider2}]
09-25 15:24:12.452  2866  4526 I am_proc_bound: [0,11523,android.process.acore]
09-25 15:24:22.363  2866  3614 I am_freeze: [6696,com.jio.myjio]
09-25 15:24:22.448  2866  3614 I am_compact: [6696,com.jio.myjio,ANON,120768,100024,18708,67904,-9992,-3272,-6720,6712,83,FULL,710125393,905,19,775612,-68]
09-25 15:24:39.416  2866  2917 I am_pss  : [11523,10262,android.process.acore,0,0,0,97435648,0,19,4]
09-25 15:24:48.415  2866  3614 I am_freeze: [9880,com.android.providers.calendar]
09-25 15:24:48.481  2866  3614 I am_compact: [9880,com.android.providers.calendar,ANON,80560,59916,18896,41616,-4824,0,-4808,4744,65,FULL,707849327,905,19,775680,-84]
09-25 15:24:49.434  2866  3614 I am_freeze: [11523,android.process.acore]
09-25 15:24:52.345  2866  3612 I commit_sys_config_file: [settings-0-0,10]
09-25 15:24:53.608  2866  3614 I am_freeze: [857,com.whatsapp]
09-25 15:24:54.010  2866  3614 I am_compact: [857,com.whatsapp,ANON,255500,196008,57192,77824,-81500,-28648,-52852,52360,402,FULL,708909931,900,16,775764,-4164]
09-25 15:26:07.891  2866  3614 I am_freeze: [7431,com.google.android.googlequicksearchbox:search]
09-25 15:26:08.292  2866  3614 I am_compact: [7431,com.google.android.googlequicksearchbox:search,ANON,351928,268260,80040,68452,-67916,-1716,-66200,65928,400,FULL,710919684,900,15,779876,-16588]
09-25 15:26:19.198  2866  2940 I sysui_multi_action: [757,1696,758,6,759,2]
09-25 15:26:52.377  2866  3612 I commit_sys_config_file: [settings-0-0,10]
09-25 15:28:52.390  2866  3612 I commit_sys_config_file: [settings-0-0,10]
09-25 15:29:59.994  2866  2917 I am_pss  : [10644,10303,com.google.android.gms,0,0,0,341151744,0,3,2]
09-25 15:29:59.998  2866  2917 I am_pss  : [21938,10393,com.android.adservices.api,0,0,0,57790464,0,3,1]
09-25 15:30:00.008  2866  2917 I commit_sys_config_file: [procstats,13]
09-25 15:30:37.401  2866  3614 I am_unfreeze: [3754,org.mozilla.fenix,6]
09-25 15:30:37.411  2866  3614 I am_unfreeze: [6466,org.mozilla.fenix:crashhelper_disable_art_image_,6]
09-25 15:30:37.416  2866  3614 I am_unfreeze: [6696,com.jio.myjio,6]
09-25 15:30:37.429  2866  2917 I am_pss  : [661,10429,juloo.keyboard2,0,0,0,94900224,0,7,2]
09-25 15:30:37.430  2866  2917 I am_pss  : [11223,10304,com.google.android.googlequicksearchbox:interactor,0,0,0,168574976,0,5,0]
09-25 15:30:37.431  2866  2917 I am_pss  : [11220,10301,com.google.android.as,0,0,0,159879168,0,5,1]
09-25 15:30:37.431  2866  2917 I am_pss  : [10818,1000,co.aospa.sense,0,0,0,55484416,0,6,1]
09-25 15:30:37.432  2866  2917 I am_pss  : [11237,10405,android.ext.services,0,0,0,81080320,0,5,0]
09-25 15:30:37.433  2866  2917 I am_pss  : [11252,10376,org.lineageos.profiles,0,0,0,55177216,0,5,1]
09-25 15:30:37.434  2866  2917 I am_pss  : [2866,1000,system,0,0,0,754745344,0,0,1]
09-25 15:30:47.484  2866  3614 I am_freeze: [3754,org.mozilla.fenix]
09-25 15:30:47.486  2866  3614 I am_freeze: [6466,org.mozilla.fenix:crashhelper_disable_art_image_]
09-25 15:30:47.491  2866  3614 I am_freeze: [6696,com.jio.myjio]
09-25 15:30:47.566  2866  3614 I am_compact: [6696,com.jio.myjio,ANON,125212,102272,20904,65884,-14712,-5532,-9180,9180,74,FULL,711200859,905,19,795888,-68]
09-25 15:30:52.412  2866  3612 I commit_sys_config_file: [settings-0-0,10]
09-25 15:30:56.070  2866  3612 I commit_sys_config_file: [settings-1-0,12]
09-25 15:31:49.727  2866 23587 I commit_sys_config_file: [appops_accesses,25]
09-25 15:32:52.429  2866  3612 I commit_sys_config_file: [settings-0-0,9]
09-25 15:33:22.116   326   337 I jank_cuj_events_begin_request: [25,1790330602116813000,942245840851365,711740528151199,swipe]
09-25 15:33:22.117   326   337 I jank_cuj_events_begin_request: [67,1790330602117027000,942245841060688,711740528360053,]
09-25 15:33:22.117   326   337 I jank_cuj_events_begin_request: [25,1790330602117075000,942245841107563,711740528406771,swipe]
09-25 15:33:22.117   326   337 I jank_cuj_events_begin_request: [67,1790330602117099000,942245841132147,711740528431303,]
09-25 15:33:22.122  2866  2940 I sysui_multi_action: [757,1696,758,6,759,3]
09-25 15:33:22.128   326   337 I jank_cuj_events_cancel_request: [25,1790330602128075000,942245852107563,711740539406771]
09-25 15:33:22.128   326   337 I jank_cuj_events_cancel_request: [67,1790330602128137000,942245852169751,711740539469115]
09-25 15:33:22.128   326   337 I jank_cuj_events_cancel_request: [25,1790330602128141000,942245852173397,711740539472709]
09-25 15:33:22.128   326   337 I jank_cuj_events_cancel_request: [67,1790330602128145000,942245852177876,711740539477136]
09-25 15:33:26.550  2866  3612 I commit_sys_config_file: [settings-1-0,9]
09-25 15:34:18.437 10644 11687 I c2dm    : [-1,,56,34]
09-25 15:34:52.449  2866  3612 I commit_sys_config_file: [settings-0-0,11]
09-25 15:36:52.460  2866  3612 I commit_sys_config_file: [settings-0-0,10]
09-25 15:38:40.861  2866  3614 I am_unfreeze: [8757,com.google.android.gm,3]
09-25 15:38:40.864 10644 11721 I c2dm    : [-7,,57,35]
09-25 15:38:40.875  2866  2917 I am_pss  : [8757,10444,com.google.android.gm,0,0,0,169836544,0,11,10]
09-25 15:38:40.965  2866  2917 I am_pss  : [6617,10304,com.google.android.googlequicksearchbox:googleapp,0,0,0,281161728,0,3,0]
09-25 15:38:40.967  2866  2917 I am_pss  : [9019,99326,com.google.android.webview:sandboxed_process0:org.chromium.content.app.SandboxedProcessService0:0,0,0,0,70791168,0,3,1]
09-25 15:38:40.969  2866  3614 I am_unfreeze: [7431,com.google.android.googlequicksearchbox:search,6]
09-25 15:38:40.987  2866  3772 I sync    : [gmail-ls,0,0,-796071476]
09-25 15:38:42.220  2866  3772 I sync    : [gmail-ls,1,0,-796071476]
09-25 15:38:42.969  2866  2909 I commit_sys_config_file: [jobs,9]
09-25 15:38:42.976  2866  2909 I commit_sys_config_file: [jobs,8]
09-25 15:38:46.511  2866  3772 I sync    : [gmail-ls,0,0,-796071476]
09-25 15:38:47.817  2866  3772 I sync    : [gmail-ls,1,0,-796071476]
09-25 15:38:48.513  2866  2909 I commit_sys_config_file: [jobs,9]
09-25 15:38:48.521  2866  2909 I commit_sys_config_file: [jobs,7]
09-25 15:38:52.475  2866  3612 I commit_sys_config_file: [settings-0-0,12]
09-25 15:39:06.502  2866  3614 I am_freeze: [8757,com.google.android.gm]
09-25 15:39:06.852  2866  3614 I am_compact: [8757,com.google.android.gm,ANON,243796,187112,54708,50144,-85132,-42624,-42508,42196,349,FULL,710135247,905,19,770892,-5648]
09-25 15:39:26.885  2866  2917 I am_pss  : [7431,10304,com.google.android.googlequicksearchbox:search,0,0,0,347250688,0,3,2]
09-25 15:40:02.535  7431  7467 I service_manager_stats: [200,9,5702477]
09-25 15:40:02.564  2866  3614 I am_unfreeze: [9880,com.android.providers.calendar,7]
09-25 15:40:02.564  2866  4419 I am_uid_active: 10269
09-25 15:40:38.635  2866  3614 I am_freeze: [9880,com.android.providers.calendar]
09-25 15:40:52.491  2866  3612 I commit_sys_config_file: [settings-0-0,11]
09-25 15:41:08.595  2866  2918 I am_uid_idle: 10269
09-25 15:42:52.506  2866  3612 I commit_sys_config_file: [settings-0-0,10]
09-25 15:44:03.610  4006  4503 I service_manager_stats: [100,8,4533715]
09-25 15:44:52.518  2866  3612 I commit_sys_config_file: [settings-0-0,11]
09-25 15:45:32.649  2866  3614 I am_unfreeze: [682,com.android.settings,6]
09-25 15:45:32.654  2866  2917 I am_pss  : [682,1000,com.android.settings,0,0,0,101945344,0,10,3]
09-25 15:45:47.660  2866  3614 I am_freeze: [682,com.android.settings]
09-25 15:46:32.758  2866  3614 I am_unfreeze: [682,com.android.settings,6]
09-25 15:46:52.540  2866  3612 I commit_sys_config_file: [settings-0-0,10]
09-25 15:47:12.775  2866  3614 I am_freeze: [682,com.android.settings]
09-25 15:47:32.752  2866  3614 I am_unfreeze: [682,com.android.settings,6]
09-25 15:48:12.795  2866  3614 I am_freeze: [682,com.android.settings]
09-25 15:48:32.706  2866  3614 I am_unfreeze: [682,com.android.settings,6]
09-25 15:48:42.233  2866  2917 I commit_sys_config_file: [sync-status,12]
09-25 15:48:52.549  2866  3612 I commit_sys_config_file: [settings-0-0,11]
09-25 15:49:12.769  2866  3614 I am_freeze: [682,com.android.settings]
09-25 15:49:51.124  2866  3614 I am_freeze: [7431,com.google.android.googlequicksearchbox:search]
09-25 15:49:51.523  2866  3614 I am_compact: [7431,com.google.android.googlequicksearchbox:search,ANON,354484,268428,82428,68584,-70812,-1928,-68884,68628,398,FULL,711306703,900,15,775828,-20036]
09-25 15:50:03.196  2866  3671 I netstats_mobile_sample: [72272515298,16322929849,59695273,22024543,71951049555,16229035100,59509599,20213932,1790331603213]
09-25 15:50:03.197  2866  3671 I netstats_wifi_sample: [25106702385,12147183491,23589529,57479801,24913756016,5568309773,24116129,11019456,1790331603213]
09-25 15:50:03.205  2866  3614 I am_unfreeze: [6696,com.jio.myjio,6]
09-25 15:50:03.215  2866  3772 I sync    : [com.android.contacts,0,4,1999394194]
09-25 15:50:03.223  2866  3614 I am_unfreeze: [857,com.whatsapp,6]
09-25 15:50:03.261  2866  3614 I am_unfreeze: [11523,android.process.acore,7]
09-25 15:50:03.262  2866  2917 I am_pss  : [11523,10262,android.process.acore,0,0,0,97234944,0,19,2]
09-25 15:50:04.900  2866  3772 I sync    : [com.android.contacts,1,4,1999394194]
09-25 15:50:06.925  2866  2909 I commit_sys_config_file: [jobs,17]
09-25 15:50:13.326  2866  3614 I am_freeze: [6696,com.jio.myjio]
09-25 15:50:13.414  2866  3614 I am_compact: [6696,com.jio.myjio,ANON,125352,102496,20792,66176,-15264,-5724,-9536,9536,88,FULL,711585977,905,19,791276,-80]
09-25 15:50:27.336  2866  3614 I am_unfreeze: [6696,com.jio.myjio,3]
09-25 15:50:37.427  2866  3614 I am_freeze: [6696,com.jio.myjio]
09-25 15:50:40.966  2866  3614 I am_freeze: [11523,android.process.acore]
09-25 15:50:41.058  2866  3614 I am_compact: [11523,android.process.acore,ANON,94944,71832,21328,42248,-10132,-1784,-8332,8276,90,FULL,711190834,905,19,791224,-180]
09-25 15:50:44.538  2866  3614 I am_freeze: [857,com.whatsapp]
09-25 15:50:44.874  2866  3614 I am_compact: [857,com.whatsapp,ANON,256692,193448,60832,74648,-86136,-30024,-56112,55736,335,FULL,711232422,900,16,791404,-5624]
09-25 15:50:52.575  2866  3612 I commit_sys_config_file: [settings-0-0,13]
09-25 15:51:05.951  2866  2928 I commit_sys_config_file: [batterystats,7]
09-25 15:51:05.953  2866  2928 I commit_sys_config_file: [batterystats,2]
09-25 15:51:13.922  2866  2866 I sysui_multi_action: [757,803,799,dnd_mode_0,802,21807034]
09-25 15:51:13.923  2866  2866 I sysui_multi_action: [757,803,799,dnd_rule_count,802,0]
09-25 15:51:13.923  2866  2866 I sysui_multi_action: [757,803,799,dnd_type_0,802,21807034]
09-25 15:52:52.584  2866  3612 I commit_sys_config_file: [settings-0-0,9]
09-25 15:54:52.606  2866  3612 I commit_sys_config_file: [settings-0-0,11]
09-25 15:54:53.841  2866  3614 I am_unfreeze: [724,com.android.vending:background,6]
09-25 15:54:53.852  2866  3614 I am_unfreeze: [7431,com.google.android.googlequicksearchbox:search,6]
09-25 15:55:04.470  2866  3614 I am_freeze: [724,com.android.vending:background]
09-25 15:55:04.604  2866  3614 I am_compact: [724,com.android.vending:background,ANON,138272,118900,17604,73808,-15032,-288,-14744,14640,133,FULL,707883587,915,19,778656,-500]
09-25 15:56:04.918  2866  3614 I am_freeze: [7431,com.google.android.googlequicksearchbox:search]
09-25 15:56:05.331  2866  3614 I am_compact: [7431,com.google.android.googlequicksearchbox:search,ANON,340896,267132,70136,73344,-58268,-516,-57752,57464,412,FULL,712729934,900,15,779116,-17152]
09-25 15:56:52.617  2866  3612 I commit_sys_config_file: [settings-0-0,11]
09-25 15:58:33.903  2866  3614 I am_unfreeze: [7013,com.google.android.gms.unstable,6]
09-25 15:58:33.959  7013  7013 I auditd  : type=1400 audit(0.0:6994807): avc:  denied  { read } for  comm="binder:7013_9" name="u:object_r:adbd_prop:s0" dev="tmpfs" ino=96 scontext=u:r:gmscore_app:s0:c512,c768 tcontext=u:object_r:adbd_prop:s0 tclass=file permissive=0 app=com.google.android.gms
09-25 15:58:48.942  2866  2917 I am_pss  : [7013,10303,com.google.android.gms.unstable,0,0,0,144805888,0,3,3]
09-25 15:58:52.638  2866  3612 I commit_sys_config_file: [settings-0-0,11]
09-25 15:59:51.836  2866  3614 I am_freeze: [7013,com.google.android.gms.unstable]
09-25 15:59:51.945  2866  3614 I am_compact: [7013,com.google.android.gms.unstable,ANON,141540,115396,24264,43836,-10420,0,-10420,10316,108,FULL,709727571,905,19,794192,-2128]
09-25 16:00:00.007  2866  3614 I am_unfreeze: [682,com.android.settings,3]
09-25 16:00:00.011  2866  3614 I am_unfreeze: [6563,com.android.DeviceAsWebcam,10]
09-25 16:00:00.013  2866  2917 I am_pss  : [6563,1000,com.android.DeviceAsWebcam,0,0,0,74481664,0,19,2]
09-25 16:00:00.023  2866  2917 I commit_sys_config_file: [procstats,9]
09-25 16:00:04.913  2866  2917 I commit_sys_config_file: [sync-status,12]
09-25 16:00:20.069  2866  3614 I am_freeze: [682,com.android.settings]
09-25 16:00:20.070  2866  3614 I am_freeze: [6563,com.android.DeviceAsWebcam]
09-25 16:00:20.158  2866  3614 I am_compact: [682,com.android.settings,ANON,111760,90640,19300,48880,-12276,-392,-11884,11828,87,FULL,709758589,905,10,795248,-1892]
09-25 16:00:27.303  2866  3614 I am_unfreeze: [7616,com.android.permissioncontroller,6]
09-25 16:00:37.508  2866  3614 I am_freeze: [7616,com.android.permissioncontroller]
09-25 16:00:37.561  2866  3614 I am_compact: [7616,com.android.permissioncontroller,ANON,101764,79944,20084,43720,-9716,-4364,-5352,5336,53,FULL,707059641,905,19,796952,-928]
09-25 16:00:52.649  2866  3612 I commit_sys_config_file: [settings-0-0,9]
09-25 16:01:03.565  2866  3614 I am_unfreeze: [8757,com.google.android.gm,3]
09-25 16:01:03.566 10644 11965 I c2dm    : [-7,,59,36]
09-25 16:01:03.696  2866  3772 I sync    : [gmail-ls,0,0,-796071476]
09-25 16:01:05.088  2866  3772 I sync    : [gmail-ls,1,0,-796071476]
09-25 16:01:05.689  2866  2909 I commit_sys_config_file: [jobs,7]
09-25 16:01:05.693  2866  2909 I commit_sys_config_file: [jobs,4]
09-25 16:01:23.611  2866  3614 I am_freeze: [8757,com.google.android.gm]
09-25 16:01:23.858  2866  3614 I am_compact: [8757,com.google.android.gm,ANON,234836,182660,50192,51804,-75616,-38652,-36964,36684,246,FULL,712085263,905,19,793000,-3512]
09-25 16:01:48.373  2866  3614 I am_unfreeze: [8757,com.google.android.gm,3]
09-25 16:01:48.494  2866  3772 I sync    : [gmail-ls,0,0,-796071476]
09-25 16:01:49.736  2866  3772 I sync    : [gmail-ls,1,0,-796071476]
09-25 16:01:50.487  2866  2909 I commit_sys_config_file: [jobs,9]
09-25 16:01:50.494  2866  2909 I commit_sys_config_file: [jobs,6]
09-25 16:01:52.063  2866 23587 I commit_sys_config_file: [appops_accesses,27]
09-25 16:02:08.420  2866  3614 I am_freeze: [8757,com.google.android.gm]
09-25 16:02:52.673  2866  3612 I commit_sys_config_file: [settings-0-0,10]
09-25 16:03:15.113  2866  2940 I sysui_multi_action: [757,1696,758,6,759,2]
09-25 16:04:52.691  2866  3612 I commit_sys_config_file: [settings-0-0,10]
09-25 16:06:52.701  2866  3612 I commit_sys_config_file: [settings-0-0,10]
09-25 16:08:42.233  2866  2917 I commit_sys_config_file: [sync-stats,8]
09-25 16:08:52.722  2866  3612 I commit_sys_config_file: [settings-0-0,12]
09-25 16:09:38.016  2866  3614 I am_unfreeze: [7431,com.google.android.googlequicksearchbox:search,6]
09-25 16:09:38.028  2866  3614 I am_unfreeze: [9294,com.google.android.apps.turbo:aab,6]
09-25 16:09:38.045  2866  3614 I am_unfreeze: [6696,com.jio.myjio,6]
09-25 16:09:48.102  2866  3614 I am_freeze: [6696,com.jio.myjio]
09-25 16:09:48.222  2866  3614 I am_compact: [6696,com.jio.myjio,ANON,125768,102720,20976,66240,-15928,-5992,-9932,9916,118,FULL,712751826,905,19,788776,-92]
09-25 16:09:48.223  2866  3614 I am_freeze: [9294,com.google.android.apps.turbo:aab]
09-25 16:09:48.301  2866  3614 I am_compact: [9294,com.google.android.apps.turbo:aab,ANON,97804,72300,23732,46588,-9492,-120,-9372,9372,77,FULL,710125450,905,19,788868,-1176]
09-25 16:10:52.736  2866  3612 I commit_sys_config_file: [settings-0-0,7]
09-25 16:11:05.107  2866  2917 I commit_sys_config_file: [sync-status,13]
09-25 16:11:20.814  2866  3614 I am_unfreeze: [3754,org.mozilla.fenix,6]
09-25 16:11:20.820  2866  3614 I am_unfreeze: [6466,org.mozilla.fenix:crashhelper_disable_art_image_,6]
09-25 16:11:31.725  2866  3614 I am_freeze: [3754,org.mozilla.fenix]
09-25 16:11:31.727  2866  3614 I am_freeze: [6466,org.mozilla.fenix:crashhelper_disable_art_image_]
09-25 16:11:31.892  2866  3614 I am_compact: [3754,org.mozilla.fenix,ANON,289600,267252,19784,229756,-22332,-2488,-19784,23664,165,FULL,707612799,900,16,789456,-1992]
09-25 16:12:52.753  2866  3612 I commit_sys_config_file: [settings-0-0,9]
09-25 16:14:52.774  2866  3612 I commit_sys_config_file: [settings-0-0,11]
09-25 16:16:42.396  2866  3614 I am_unfreeze: [6696,com.jio.myjio,3]
09-25 16:16:52.497  2866  3614 I am_freeze: [6696,com.jio.myjio]
09-25 16:16:52.564  2866  3614 I am_compact: [6696,com.jio.myjio,ANON,119768,100088,17604,69736,-10020,-3304,-6716,6716,67,FULL,713926633,905,19,791268,-88]
09-25 16:16:52.784  2866  3612 I commit_sys_config_file: [settings-0-0,11]
09-25 16:18:52.804  2866  3612 I commit_sys_config_file: [settings-0-0,11]
09-25 16:20:00.960  2866  3671 I netstats_mobile_sample: [72272589423,16323001409,59695510,22024784,71951123138,16229106528,59509831,20214171,1790333400977]
09-25 16:20:00.961  2866  3671 I netstats_wifi_sample: [25106702385,12147183491,23589529,57479801,24913756016,5568309773,24116129,11019456,1790333400977]
09-25 16:20:48.254  2866  3614 I am_freeze: [7431,com.google.android.googlequicksearchbox:search]
09-25 16:20:48.405  2866  3614 I am_compact: [7431,com.google.android.googlequicksearchbox:search,ANON,305464,267076,34760,111192,-22004,-360,-21644,21436,151,FULL,713103742,900,15,791340,-2528]
09-25 16:20:52.816  2866  3612 I commit_sys_config_file: [settings-0-0,11]
09-25 16:21:05.988  2866  2928 I commit_sys_config_file: [batterystats,9]
09-25 16:21:05.991  2866  2928 I commit_sys_config_file: [batterystats,1]
09-25 16:22:12.432  2866  3614 I am_unfreeze: [857,com.whatsapp,3]
09-25 16:22:13.503   857   857 I auditd  : type=1400 audit(0.0:6994808): avc:  granted  { execute } for  comm=576861747341707020576F726B6572 path="/data/data/com.whatsapp/files/decompressed/libs.spo/libpando-client-runtimedefaults-jni.so" dev="dm-51" ino=25472 scontext=u:r:untrusted_app:s0:c171,c257,c512,c768 tcontext=u:object_r:app_data_file:s0:c171,c257,c512,c768 tclass=file app=com.whatsapp
09-25 16:22:52.831  2866  3612 I commit_sys_config_file: [settings-0-0,12]
09-25 16:22:53.632  2866  3614 I am_freeze: [857,com.whatsapp]
09-25 16:22:54.019  2866  3614 I am_compact: [857,com.whatsapp,ANON,303220,237324,63472,73620,-130908,-71992,-58916,58396,386,FULL,712783285,900,16,788496,-5336]
09-25 16:24:52.843  2866  3612 I commit_sys_config_file: [settings-0-0,11]
09-25 16:25:34.096  3782  3864 I service_manager_stats: [200,14,29316522]
09-25 16:26:52.865  2866  3612 I commit_sys_config_file: [settings-0-0,11]
09-25 16:28:52.881  2866  3612 I commit_sys_config_file: [settings-0-0,11]
09-25 16:29:48.982 10644 12308 I c2dm    : [-1,,61,37]
09-25 16:30:04.029  2866  2917 I am_pss  : [10644,10303,com.google.android.gms,0,0,0,364077056,0,3,2]
09-25 16:30:04.043  2866  2917 I am_pss  : [21938,10393,com.android.adservices.api,0,0,0,57790464,0,3,3]
09-25 16:30:04.052  2866  2917 I commit_sys_config_file: [procstats,21]
09-25 16:30:52.901  2866  3612 I commit_sys_config_file: [settings-0-0,12]
09-25 16:31:56.895  2866 23587 I commit_sys_config_file: [appops_accesses,29]
09-25 16:32:52.915  2866  3612 I commit_sys_config_file: [settings-0-0,9]
09-25 16:34:52.933  2866  3612 I commit_sys_config_file: [settings-0-0,12]
09-25 16:35:30.081  2866  2928 I commit_sys_config_file: [batterystats,2]
09-25 16:35:30.093  2866  3614 I am_unfreeze: [3754,org.mozilla.fenix,6]
09-25 16:35:30.098  2866  3614 I am_unfreeze: [6466,org.mozilla.fenix:crashhelper_disable_art_image_,6]
09-25 16:35:30.107  2866  3614 I am_unfreeze: [6696,com.jio.myjio,6]
09-25 16:35:30.112  2866  2917 I am_pss  : [661,10429,juloo.keyboard2,0,0,0,94900224,0,7,3]
09-25 16:35:30.113  2866  2917 I am_pss  : [11223,10304,com.google.android.googlequicksearchbox:interactor,0,0,0,169701376,0,5,1]
09-25 16:35:30.114  2866  2917 I am_pss  : [11220,10301,com.google.android.as,0,0,0,153931776,0,5,0]
09-25 16:35:30.115  2866  2917 I am_pss  : [10818,1000,co.aospa.sense,0,0,0,55484416,0,6,1]
09-25 16:35:30.115  2866  2917 I am_pss  : [11237,10405,android.ext.services,0,0,0,81080320,0,5,1]
09-25 16:35:30.116  2866  2917 I am_pss  : [11252,10376,org.lineageos.profiles,0,0,0,55177216,0,5,1]
09-25 16:35:30.119  2866  2917 I am_pss  : [2866,1000,system,0,0,0,741244928,0,0,2]
09-25 16:35:31.295  3754  3754 I auditd  : type=1400 audit(0.0:6994809): avc:  denied  { nlmsg_readpriv } for  comm=536F636B657420546872656164 scontext=u:r:untrusted_app:s0:c168,c257,c512,c768 tcontext=u:r:untrusted_app:s0:c168,c257,c512,c768 tclass=netlink_route_socket permissive=0 bug=b/155595000 app=org.mozilla.fenix
09-25 16:35:31.351  3754  3754 I auditd  : type=1400 audit(0.0:6994810): avc:  denied  { nlmsg_readpriv } for  comm=536F636B657420546872656164 scontext=u:r:untrusted_app:s0:c168,c257,c512,c768 tcontext=u:r:untrusted_app:s0:c168,c257,c512,c768 tclass=netlink_route_socket permissive=0 bug=b/155595000 app=org.mozilla.fenix
09-25 16:35:40.209  2866  3614 I am_freeze: [6696,com.jio.myjio]
09-25 16:35:40.295  2866  3614 I am_compact: [6696,com.jio.myjio,ANON,124004,102336,19592,67968,-14980,-5568,-9412,9412,85,FULL,714350976,905,19,789712,-76]
09-25 16:35:40.351  2866  3612 I commit_sys_config_file: [settings-1-0,13]
09-25 16:35:41.336  2866  3614 I am_freeze: [3754,org.mozilla.fenix]
09-25 16:35:41.337  2866  3614 I am_freeze: [6466,org.mozilla.fenix:crashhelper_disable_art_image_]
09-25 16:35:41.609  2866  3614 I am_compact: [3754,org.mozilla.fenix,ANON,307492,269428,35460,218168,-40768,-5208,-35460,38272,271,FULL,714030303,900,16,789788,-4560]
09-25 16:36:38.599 10644 12679 I c2dm    : [-7,,62,38]
09-25 16:36:38.608  2866  3614 I am_unfreeze: [8757,com.google.android.gm,3]
09-25 16:36:38.616  2866  2917 I am_pss  : [8757,10444,com.google.android.gm,0,0,0,242024448,0,11,5]
09-25 16:36:38.647  2866  3772 I sync    : [gmail-ls,0,0,-796071476]
09-25 16:36:40.299  2866  3772 I sync    : [gmail-ls,1,0,-796071476]
09-25 16:36:40.652  2866  2909 I commit_sys_config_file: [jobs,9]
09-25 16:36:40.658  2866  2909 I commit_sys_config_file: [jobs,6]
09-25 16:36:52.950  2866  3612 I commit_sys_config_file: [settings-0-0,12]
09-25 16:36:58.621  2866  3614 I am_freeze: [8757,com.google.android.gm]
09-25 16:36:58.898  2866  3614 I am_compact: [8757,com.google.android.gm,ANON,241396,185444,53968,50880,-79996,-38668,-41328,41032,275,FULL,713422269,905,19,794276,-15688]
09-25 16:38:52.964  2866  3612 I commit_sys_config_file: [settings-0-0,11]
09-25 16:40:21.568  2866  3614 I am_unfreeze: [7431,com.google.android.googlequicksearchbox:search,3]
09-25 16:40:21.582  2866  2917 I am_pss  : [7431,10304,com.google.android.googlequicksearchbox:search,0,0,0,296738816,0,11,9]
09-25 16:40:21.583  2866  2917 I am_pss  : [6617,10304,com.google.android.googlequicksearchbox:googleapp,0,0,0,286437376,0,3,1]
09-25 16:40:21.584  2866  2917 I am_pss  : [9019,99326,com.google.android.webview:sandboxed_process0:org.chromium.content.app.SandboxedProcessService0:0,0,0,0,70791168,0,3,1]
09-25 16:40:21.644  2866  3614 I am_unfreeze: [9880,com.android.providers.calendar,7]
09-25 16:40:21.645  2866  2917 I am_pss  : [9880,10269,com.android.providers.calendar,0,0,0,79527936,0,15,2]
09-25 16:40:52.982  2866  3612 I commit_sys_config_file: [settings-0-0,11]
09-25 16:40:58.699  2866  3614 I am_freeze: [9880,com.android.providers.calendar]
09-25 16:42:38.283  2866  3614 I am_unfreeze: [8757,com.google.android.gm,3]
09-25 16:42:38.409  2866  3772 I sync    : [gmail-ls,0,0,-796071476]
09-25 16:42:39.418  2866  3772 I sync    : [gmail-ls,1,0,-796071476]
09-25 16:42:40.396  2866  2909 I commit_sys_config_file: [jobs,8]
09-25 16:42:40.403  2866  2909 I commit_sys_config_file: [jobs,6]
09-25 16:42:41.045 10644 12934 I c2dm    : [-7,,64,39]
09-25 16:42:41.074  2866  3772 I sync    : [gmail-ls,0,0,-796071476]
09-25 16:42:41.767  2866  3772 I sync    : [gmail-ls,1,0,-796071476]
09-25 16:42:43.081  2866  2909 I commit_sys_config_file: [jobs,9]
09-25 16:42:43.089  2866  2909 I commit_sys_config_file: [jobs,8]
09-25 16:42:52.994  2866  3612 I commit_sys_config_file: [settings-0-0,12]
09-25 16:42:57.460  2866  3614 I am_unfreeze: [6696,com.jio.myjio,3]
09-25 16:42:57.465  2866  2917 I am_pss  : [6696,10489,com.jio.myjio,0,0,0,113954816,0,11,0]
09-25 16:43:01.088  2866  3614 I am_freeze: [8757,com.google.android.gm]
09-25 16:43:01.354  2866  3614 I am_compact: [8757,com.google.android.gm,ANON,234980,182620,50376,52744,-75164,-36620,-38544,38288,264,FULL,715557309,905,19,782736,-3172]
09-25 16:43:07.539  2866  3614 I am_freeze: [6696,com.jio.myjio]
09-25 16:43:07.601  2866  3614 I am_compact: [6696,com.jio.myjio,ANON,119888,100052,17760,70144,-10024,-3260,-6764,6756,61,FULL,715478707,905,19,785908,-1748]
09-25 16:43:15.434  2866  3614 I am_unfreeze: [8757,com.google.android.gm,3]
09-25 16:43:15.439 10644 12982 I c2dm    : [-7,,66,40]
09-25 16:43:15.587  2866  3772 I sync    : [gmail-ls,0,0,-796071476]
09-25 16:43:16.541  2866  3772 I sync    : [gmail-ls,1,0,-796071476]
09-25 16:43:17.564  2866  2909 I commit_sys_config_file: [jobs,10]
09-25 16:43:17.571  2866  2909 I commit_sys_config_file: [jobs,7]
09-25 16:43:38.371  2866  3614 I am_freeze: [8757,com.google.android.gm]
09-25 16:44:13.005  2866  3614 I am_unfreeze: [482,com.android.vending,3]
09-25 16:44:13.010  2866  3614 I am_unfreeze: [724,com.android.vending:background,3]
09-25 16:44:13.016  2866  2917 I am_pss  : [482,10297,com.android.vending,0,0,0,155877376,0,11,5]
09-25 16:44:13.017  2866  2917 I am_pss  : [724,10297,com.android.vending:background,0,0,0,129847296,0,11,1]
09-25 16:44:13.018 10644 12977 I c2dm    : [-7,,68,41]
09-25 16:44:24.071  2866  3614 I am_freeze: [724,com.android.vending:background]
09-25 16:44:34.020  2866  3614 I am_freeze: [482,com.android.vending]
09-25 16:44:34.180  2866  3614 I am_compact: [482,com.android.vending,ANON,166540,146116,18528,93136,-18316,-1728,-16588,16540,158,FULL,707883443,925,19,785584,-440]
09-25 16:44:53.022  2866  3612 I commit_sys_config_file: [settings-0-0,12]
09-25 16:45:32.692  2866  3614 I am_unfreeze: [682,com.android.settings,6]
09-25 16:45:32.694  2866  2917 I am_pss  : [682,1000,com.android.settings,0,0,0,102547456,0,10,1]
09-25 16:45:47.700  2866  3614 I am_freeze: [682,com.android.settings]
09-25 16:46:40.314  2866  2917 I commit_sys_config_file: [sync-status,12]
09-25 16:46:53.035  2866  3612 I commit_sys_config_file: [settings-0-0,12]
09-25 16:47:32.891  2866  3614 I am_unfreeze: [682,com.android.settings,6]
09-25 16:48:12.915  2866  3614 I am_freeze: [682,com.android.settings]
09-25 16:48:53.048  2866  3612 I commit_sys_config_file: [settings-0-0,10]
09-25 16:49:32.845  2866  3614 I am_unfreeze: [682,com.android.settings,6]
09-25 16:50:12.875  2866  3614 I am_freeze: [682,com.android.settings]
09-25 16:50:53.066  2866  3612 I commit_sys_config_file: [settings-0-0,10]
09-25 16:51:05.989  2866  2928 I commit_sys_config_file: [batterystats,11]
09-25 16:51:05.991  2866  2928 I commit_sys_config_file: [batterystats,1]
09-25 16:51:32.828  2866  3614 I am_unfreeze: [682,com.android.settings,6]
09-25 16:52:12.885  2866  3614 I am_freeze: [682,com.android.settings]
09-25 16:52:53.078  2866  3612 I commit_sys_config_file: [settings-0-0,10]
09-25 16:53:28.532  2866  3614 I am_unfreeze: [8757,com.google.android.gm,3]
09-25 16:53:28.534 10644 13195 I c2dm    : [-7,,70,42]
09-25 16:53:28.577  2866  3772 I sync    : [gmail-ls,0,0,-796071476]
09-25 16:53:29.717  2866  3772 I sync    : [gmail-ls,1,0,-796071476]
09-25 16:53:30.581  2866  2909 I commit_sys_config_file: [jobs,11]
09-25 16:53:30.586  2866  2909 I commit_sys_config_file: [jobs,6]
09-25 16:53:48.583  2866  3614 I am_freeze: [8757,com.google.android.gm]
09-25 16:53:48.835  2866  3614 I am_compact: [8757,com.google.android.gm,ANON,236232,184060,50188,52144,-74028,-36376,-37652,37356,251,FULL,715919765,905,19,784164,-2416]
09-25 16:54:07.663  2866  3614 I am_freeze: [7431,com.google.android.googlequicksearchbox:search]
09-25 16:54:08.105  2866  3614 I am_compact: [7431,com.google.android.googlequicksearchbox:search,ANON,351984,268340,80016,67044,-67916,-1616,-66300,65932,442,FULL,714586817,900,15,786580,-21556]
09-25 16:54:53.092  2866  3612 I commit_sys_config_file: [settings-0-0,11]
09-25 16:55:16.358  2866  3614 I am_unfreeze: [6696,com.jio.myjio,6]
09-25 16:55:16.379  2866  3671 I netstats_mobile_sample: [72273406482,16323200869,59696499,22025419,71951928033,16229305580,59510849,20214800,1790335516396]
09-25 16:55:16.380  2866  3671 I netstats_wifi_sample: [25106702385,12147183491,23589529,57479801,24913756016,5568309773,24116129,11019456,1790335516396]
09-25 16:55:26.439  2866  3614 I am_freeze: [6696,com.jio.myjio]
09-25 16:55:26.546  2866  3614 I am_compact: [6696,com.jio.myjio,ANON,124100,102412,19604,68428,-15064,-5608,-9456,9456,106,FULL,715926012,905,19,806688,-1572]
09-25 16:56:53.104  2866  3612 I commit_sys_config_file: [settings-0-0,10]
09-25 16:57:15.101  2866  3614 I am_unfreeze: [8757,com.google.android.gm,3]
09-25 16:57:15.220  2866  3772 I sync    : [gmail-ls,0,0,-796071476]
09-25 16:57:16.053  2866  3772 I sync    : [gmail-ls,1,0,-796071476]
09-25 16:57:17.213  2866  2909 I commit_sys_config_file: [jobs,10]
09-25 16:57:17.222  2866  2909 I commit_sys_config_file: [jobs,9]
09-25 16:57:35.138  2866  3614 I am_freeze: [8757,com.google.android.gm]
09-25 16:58:33.920  2866  3614 I am_unfreeze: [7013,com.google.android.gms.unstable,6]
09-25 16:58:33.979  7013  7013 I auditd  : type=1400 audit(0.0:6994811): avc:  denied  { read } for  comm="binder:7013_B" name="u:object_r:adbd_prop:s0" dev="tmpfs" ino=96 scontext=u:r:gmscore_app:s0:c512,c768 tcontext=u:object_r:adbd_prop:s0 tclass=file permissive=0 app=com.google.android.gms
09-25 16:58:49.002  2866  2917 I am_pss  : [7013,10303,com.google.android.gms.unstable,0,0,0,144936960,0,3,2]
09-25 16:58:53.122  2866  3612 I commit_sys_config_file: [settings-0-0,10]
09-25 16:59:49.053  2866  3614 I am_freeze: [7013,com.google.android.gms.unstable]
09-25 16:59:49.135  2866  3614 I am_compact: [7013,com.google.android.gms.unstable,ANON,141560,115780,23900,44596,-10492,0,-10492,10388,82,FULL,713330356,905,19,805300,-944]
09-25 17:00:00.015  2866  3614 I am_unfreeze: [682,com.android.settings,3]
09-25 17:00:00.018  2866  3614 I am_unfreeze: [6563,com.android.DeviceAsWebcam,10]
09-25 17:00:00.021  2866  2917 I am_pss  : [6563,1000,com.android.DeviceAsWebcam,0,0,0,74481664,0,19,3]
09-25 17:00:10.054  2866  2917 I commit_sys_config_file: [procstats,19]
09-25 17:00:20.081  2866  3614 I am_freeze: [682,com.android.settings]
09-25 17:00:20.083  2866  3614 I am_freeze: [6563,com.android.DeviceAsWebcam]
09-25 17:00:20.157  2866  3614 I am_compact: [682,com.android.settings,ANON,107724,90280,15624,52780,-8520,-32,-8488,8416,75,FULL,713358569,905,10,804880,-224]
09-25 17:00:53.138  2866  3612 I commit_sys_config_file: [settings-0-0,9]
09-25 17:02:53.155  2866  3612 I commit_sys_config_file: [settings-0-0,12]
09-25 17:03:29.736  2866  2917 I commit_sys_config_file: [sync-status,11]
09-25 17:03:52.080  2866 23587 I commit_sys_config_file: [appops_accesses,25]
09-25 17:04:53.167  2866  3612 I commit_sys_config_file: [settings-0-0,11]
09-25 17:05:54.044  2866  3614 I am_unfreeze: [7431,com.google.android.googlequicksearchbox:search,6]
09-25 17:06:40.310  2866  2917 I commit_sys_config_file: [sync-stats,8]
09-25 17:06:42.139  2866  3614 I am_unfreeze: [8757,com.google.android.gm,3]
09-25 17:06:42.142 10644 13425 I c2dm    : [-7,,72,43]
09-25 17:06:42.188  2866  3772 I sync    : [gmail-ls,0,0,-796071476]
09-25 17:06:43.351  2866  3772 I sync    : [gmail-ls,1,0,-796071476]
09-25 17:06:44.181  2866  2909 I commit_sys_config_file: [jobs,7]
09-25 17:06:44.186  2866  2909 I commit_sys_config_file: [jobs,5]
09-25 17:06:53.178  2866  3612 I commit_sys_config_file: [settings-0-0,11]
09-25 17:07:02.182  2866  3614 I am_freeze: [8757,com.google.android.gm]
09-25 17:07:02.488  2866  3614 I am_compact: [8757,com.google.android.gm,ANON,236628,184256,50388,52388,-74532,-36672,-37860,37556,305,FULL,716567246,905,19,801872,-2156]
09-25 17:07:05.085  2866  3614 I am_freeze: [7431,com.google.android.googlequicksearchbox:search]
09-25 17:07:05.276  2866  3614 I am_compact: [7431,com.google.android.googlequicksearchbox:search,ANON,307560,268448,35484,113932,-24212,-1824,-22388,22364,190,FULL,716586517,900,15,804028,-6152]
09-25 17:08:53.201  2866  3612 I commit_sys_config_file: [settings-0-0,11]
09-25 17:09:12.509  2866  3614 I am_unfreeze: [7431,com.google.android.googlequicksearchbox:search,3]
09-25 17:09:12.520  2866  3614 I am_unfreeze: [6696,com.jio.myjio,3]
09-25 17:09:12.593  2866  3614 I am_unfreeze: [9880,com.android.providers.calendar,7]
09-25 17:09:22.590  2866  3614 I am_freeze: [6696,com.jio.myjio]
09-25 17:09:22.665  2866  3614 I am_compact: [6696,com.jio.myjio,ANON,119744,100144,17508,70652,-10400,-3384,-7016,7016,74,FULL,716664957,905,19,794660,-76]
09-25 17:09:48.661  2866  3614 I am_freeze: [9880,com.android.providers.calendar]
09-25 17:10:21.700  2866  3614 I am_unfreeze: [9294,com.google.android.apps.turbo:aab,6]
09-25 17:10:31.845  2866  3614 I am_freeze: [9294,com.google.android.apps.turbo:aab]
09-25 17:10:31.950  2866  3614 I am_compact: [9294,com.google.android.apps.turbo:aab,ANON,98720,72448,24500,42036,-10656,-172,-10484,10404,104,FULL,713926712,905,19,791816,-1236]
09-25 17:10:53.218  2866  3612 I commit_sys_config_file: [settings-0-0,11]
09-25 17:11:08.038  2866  3614 I am_freeze: [7431,com.google.android.googlequicksearchbox:search]
09-25 17:12:53.234  2866  3612 I commit_sys_config_file: [settings-0-0,11]
09-25 17:14:53.248  2866  3612 I commit_sys_config_file: [settings-0-0,11]
09-25 17:16:43.367  2866  2917 I commit_sys_config_file: [sync-status,12]
09-25 17:16:53.264  2866  3612 I commit_sys_config_file: [settings-0-0,11]
09-25 17:17:12.465  2866  3614 I am_unfreeze: [6696,com.jio.myjio,6]
09-25 17:17:12.480  2866  3614 I am_unfreeze: [7431,com.google.android.googlequicksearchbox:search,6]
09-25 17:17:22.548  2866  3614 I am_freeze: [6696,com.jio.myjio]
09-25 17:17:22.674  2866  3614 I am_compact: [6696,com.jio.myjio,ANON,132128,103356,26680,61684,-23288,-6552,-16736,16728,125,FULL,717501076,905,19,792180,-400]
09-25 17:18:53.281  2866  3612 I commit_sys_config_file: [settings-0-0,10]
09-25 17:20:53.298  2866  3612 I commit_sys_config_file: [settings-0-0,10]
09-25 17:21:05.969  2866  2928 I commit_sys_config_file: [batterystats,8]
09-25 17:21:05.972  2866  2928 I commit_sys_config_file: [batterystats,1]
09-25 17:21:07.180  2866  3614 I am_unfreeze: [6696,com.jio.myjio,6]
09-25 17:21:07.183  2866  3671 I netstats_mobile_sample: [72273460915,16323246423,59696606,22025525,71951982562,16229351134,59510961,20214906,1790337067198]
09-25 17:21:07.184  2866  3671 I netstats_wifi_sample: [25106702385,12147183491,23589529,57479801,24913756016,5568309773,24116129,11019456,1790337067198]
09-25 17:21:17.286  2866  3614 I am_freeze: [6696,com.jio.myjio]
09-25 17:22:53.315  2866  3612 I commit_sys_config_file: [settings-0-0,10]
09-25 17:24:53.332  2866  3612 I commit_sys_config_file: [settings-0-0,10]
09-25 17:26:53.341  2866  3612 I commit_sys_config_file: [settings-0-0,11]
09-25 17:28:22.589  2866  3614 I am_freeze: [7431,com.google.android.googlequicksearchbox:search]
09-25 17:28:22.978  2866  3614 I am_compact: [7431,com.google.android.googlequicksearchbox:search,ANON,351500,270072,77792,69344,-68368,-3272,-65096,64688,389,FULL,717363687,900,15,791700,-7424]
09-25 17:28:53.357  2866  3612 I commit_sys_config_file: [settings-0-0,10]
09-25 17:30:53.369  2866  3612 I commit_sys_config_file: [settings-0-0,10]
09-25 17:32:04.678  2866  2917 I am_pss  : [10644,10303,com.google.android.gms,0,0,0,363868160,0,3,14]
09-25 17:32:04.711  2866  2917 I am_pss  : [21938,10393,com.android.adservices.api,0,0,0,57790464,0,3,1]
09-25 17:32:04.713  2866  2917 I am_pss  : [661,10429,juloo.keyboard2,0,0,0,94900224,2,7,2]
09-25 17:32:04.715  2866  2917 I am_pss  : [326,10365,com.android.launcher3,0,0,0,354365440,2,2,2]
09-25 17:32:04.716  2866  2917 I am_pss  : [7431,10304,com.google.android.googlequicksearchbox:search,0,0,0,289927168,2,15,1]
09-25 17:32:04.717  2866  2917 I am_pss  : [6617,10304,com.google.android.googlequicksearchbox:googleapp,0,0,0,282705920,2,3,1]
09-25 17:32:04.718  2866  2917 I am_pss  : [579,10463,com.zenithblue.sambas3,0,0,0,162295808,2,16,1]
09-25 17:32:04.718  2866  2917 I am_pss  : [3754,10424,org.mozilla.fenix,0,0,0,273125376,2,16,1]
09-25 17:32:04.719  2866  2917 I am_pss  : [6466,10424,org.mozilla.fenix:crashhelper_disable_art_image_,0,0,0,94171136,2,17,0]
09-25 17:32:04.719  2866  2917 I am_pss  : [11223,10304,com.google.android.googlequicksearchbox:interactor,0,0,0,166637568,2,5,1]
09-25 17:32:04.720  2866  2917 I am_pss  : [857,10427,com.whatsapp,0,0,0,176447488,2,16,0]
09-25 17:32:04.720  2866  2917 I am_pss  : [7761,1002,com.android.bluetooth,0,0,0,95363072,2,0,1]
09-25 17:32:04.721  2866  2917 I am_pss  : [6696,10489,com.jio.myjio,0,0,0,145174528,2,19,0]
09-25 17:32:04.721  2866  2917 I am_pss  : [9019,99326,com.google.android.webview:sandboxed_process0:org.chromium.content.app.SandboxedProcessService0:0,0,0,0,70791168,2,3,1]
09-25 17:32:04.722  2866  2917 I am_pss  : [9294,10315,com.google.android.apps.turbo:aab,0,0,0,90177536,2,19,0]
09-25 17:32:04.722  2866  2917 I am_pss  : [8757,10444,com.google.android.gm,0,0,0,165986304,2,19,1]
09-25 17:32:04.723  2866  2917 I am_pss  : [682,1000,com.android.settings,0,0,0,101584896,2,10,1]
09-25 17:32:04.724  2866  2917 I am_pss  : [7013,10303,com.google.android.gms.unstable,0,0,0,134213632,2,19,0]
09-25 17:32:04.724  2866  2917 I am_pss  : [482,10297,com.android.vending,0,0,0,151781376,2,19,0]
09-25 17:32:04.725  2866  2917 I am_pss  : [724,10297,com.android.vending:background,0,0,0,131256320,2,19,1]
09-25 17:32:04.726  2866  2917 I am_pss  : [7616,10383,com.android.permissioncontroller,0,0,0,94257152,2,19,0]
09-25 17:32:04.727  2866  2917 I am_pss  : [9880,10269,com.android.providers.calendar,0,0,0,79740928,2,19,1]
09-25 17:32:04.727  2866  2917 I am_pss  : [11523,10262,android.process.acore,0,0,0,86847488,2,19,0]
09-25 17:32:04.728  2866  2917 I am_pss  : [10625,10305,com.google.android.apps.bard,0,0,0,117215232,2,19,1]
09-25 17:32:04.728  2866  2917 I am_pss  : [11220,10301,com.google.android.as,0,0,0,154636288,2,5,1]
09-25 17:32:04.729  2866  2917 I am_pss  : [5567,10386,com.android.providers.media.module,0,0,0,111521792,2,0,1]
09-25 17:32:04.730  2866  2917 I am_pss  : [7794,10315,com.google.android.apps.turbo,0,0,0,62664704,2,5,0]
09-25 17:32:04.730  2866  2917 I am_pss  : [6563,1000,com.android.DeviceAsWebcam,0,0,0,74481664,2,19,1]
09-25 17:32:04.731  2866  2917 I am_pss  : [10818,1000,co.aospa.sense,0,0,0,55484416,2,6,0]
09-25 17:32:04.731  2866  2917 I am_pss  : [11237,10405,android.ext.services,0,0,0,81080320,2,5,1]
09-25 17:32:04.732  2866  2917 I am_pss  : [11274,10375,com.android.smspush,0,0,0,52621312,2,6,0]
09-25 17:32:04.732  2866  2917 I am_pss  : [11252,10376,org.lineageos.profiles,0,0,0,55177216,2,5,1]
09-25 17:32:04.733  2866  2917 I am_pss  : [5697,10302,org.lineageos.euicc,0,0,0,51740672,2,0,0]
09-25 17:32:04.734  2866  2917 I am_pss  : [5686,10371,org.ifaa.aidl.manager,0,0,0,51900416,2,0,1]
09-25 17:32:04.734  2866  2917 I am_pss  : [5644,1000,com.libremobileos.freeform,0,0,0,54341632,2,0,0]
09-25 17:32:04.734  2866  2917 I am_pss  : [5629,1000,com.libremobileos.sidebar,0,0,0,55164928,2,0,1]
09-25 17:32:04.735  2866  2917 I am_pss  : [4983,1000,io.chaldeaprjkt.gamespace,0,0,0,114831360,2,0,0]
09-25 17:32:04.736  2866  2917 I am_pss  : [4047,1000,org.protonaosp.columbus,0,0,0,55570432,2,0,1]
09-25 17:32:04.736  2866  2917 I am_pss  : [4019,1001,.dataservices,0,0,0,56971264,2,0,0]
09-25 17:32:04.737  2866  2917 I am_pss  : [9885,10378,com.qti.qcc,0,0,0,58466304,2,0,1]
09-25 17:32:04.737  2866  2917 I am_pss  : [4006,1001,com.android.phone,0,0,0,128241664,2,0,1]
09-25 17:32:04.738  2866  2917 I am_pss  : [3991,10362,org.lineageos.settings.esimswitcher,0,0,0,52445184,2,0,0]
09-25 17:32:04.738  2866  2917 I am_pss  : [3986,1068,com.android.se,0,0,0,54632448,2,0,1]
09-25 17:32:04.739  2866  2917 I am_pss  : [3958,10359,org.codeaurora.ims,0,0,0,71786496,2,0,0]
09-25 17:32:04.739  2866  2917 I am_pss  : [3935,10363,com.qti.phone,0,0,0,56258560,2,0,1]
09-25 17:32:04.740  2866  2917 I am_pss  : [3948,1027,com.android.nfc,0,0,0,66580480,2,0,0]
09-25 17:32:04.741  2866  2917 I am_pss  : [3943,1073,com.android.networkstack.process,0,0,0,78315520,2,0,1]
09-25 17:32:04.741  2866  2917 I am_pss  : [3931,10295,.qtidataservices,0,0,0,68653056,2,0,1]
09-25 17:32:04.742  2866  2917 I am_pss  : [3928,1000,com.android.axion.quicklook,0,0,0,54267904,2,0,0]
09-25 17:32:04.742  2866  2917 I am_pss  : [3916,1000,org.lunaris.dolby,0,0,0,63471616,2,0,1]
09-25 17:32:04.744  2866  2917 I am_pss  : [3782,10356,com.android.systemui,0,0,0,702627840,2,0,1]
09-25 17:32:04.745  2866  2917 I am_pss  : [2866,1000,system,0,0,0,791171072,2,0,1]
09-25 17:32:04.749  2866  2917 I commit_sys_config_file: [procstats,47]
09-25 17:32:04.863  2866  2917 I am_meminfo: [3786915840,2335895552,818302976,1122930688,1109880832]
09-25 17:32:53.385  2866  3612 I commit_sys_config_file: [settings-0-0,11]
09-25 17:33:58.992  2866  3612 I commit_sys_config_file: [settings-1-0,7]
09-25 17:34:13.161  2866 23587 I commit_sys_config_file: [appops_accesses,30]
09-25 17:34:31.265  2866  3614 I am_unfreeze: [8757,com.google.android.gm,3]
09-25 17:34:33.396  2866  2909 I commit_sys_config_file: [jobs,9]
09-25 17:34:33.405  2866  2909 I commit_sys_config_file: [jobs,8]
09-25 17:34:51.304  2866  3614 I am_freeze: [8757,com.google.android.gm]
09-25 17:34:51.482  2866  3614 I am_compact: [8757,com.google.android.gm,ANON,202432,169796,30652,74084,-43744,-25140,-18604,18508,176,FULL,717360899,905,19,798028,-1576]
09-25 17:34:53.403  2866  3612 I commit_sys_config_file: [settings-0-0,12]
09-25 17:35:27.553  2866  3614 I am_unfreeze: [6696,com.jio.myjio,3]
09-25 17:35:27.570  2866  3614 I am_unfreeze: [857,com.whatsapp,3]
09-25 17:35:37.618  2866  3614 I am_freeze: [6696,com.jio.myjio]
09-25 17:35:37.809  2866  3614 I am_compact: [6696,com.jio.myjio,ANON,142996,109836,31036,52964,-33244,-12572,-20672,20508,190,FULL,717981085,905,19,795332,-640]
09-25 17:36:08.484  2866  3614 I am_freeze: [857,com.whatsapp]
09-25 17:36:08.851  2866  3614 I am_compact: [857,com.whatsapp,ANON,261176,192020,66744,77048,-89720,-27812,-61908,61508,366,FULL,714712430,900,16,795972,-12628]
09-25 17:36:43.363  2866  2917 I commit_sys_config_file: [sync-stats,8]
09-25 17:36:53.421  2866  3612 I commit_sys_config_file: [settings-0-0,11]
09-25 17:37:28.404  2866  3614 I am_unfreeze: [6696,com.jio.myjio,6]
09-25 17:37:38.513  2866  3614 I am_freeze: [6696,com.jio.myjio]
09-25 17:37:59.893  2866  3614 I am_unfreeze: [8118,com.phonepe.app,3]
09-25 17:37:59.894 10644 13822 I c2dm    : [-7,,74,44]
09-25 17:37:59.904  2866  2917 I am_pss  : [8118,10420,com.phonepe.app,0,0,0,160256000,0,11,9]
09-25 17:38:00.570  2866  2866 I notification_enqueue: [10420,8118,com.phonepe.app,1299724983,PROMOTIONAL+MCM2609231738498400103857,0,Notification(channel=PROMOTIONAL_CHANNEL_ID shortcut=null contentView=null vibrate=null sound=null defaults=0 flags=ONLY_ALERT_ONCE|AUTO_CANCEL color=0xffa363eb vis=PRIVATE),0,1]
09-25 17:38:00.777  2866  2866 I sysui_multi_action: [757,1501,758,1,793,208,794,0,795,208,796,1299724983,797,PROMOTIONAL+MCM2609231738498400103857,806,com.phonepe.app,857,PROMOTIONAL_CHANNEL_ID,858,2,947,0,1500,0,1688,1,1745,2098068913]
09-25 17:38:00.777  2866  2866 I sysui_multi_action: [757,804,799,note_interruptive,801,0,802,1]
09-25 17:38:19.923  2866  3614 I am_freeze: [8118,com.phonepe.app]
09-25 17:38:20.278  2866  3614 I am_compact: [8118,com.phonepe.app,ANON,272128,220892,49104,53424,-117924,-76308,-41616,40876,354,FULL,707884646,905,19,800660,-6976]
09-25 17:38:52.595  2866  3614 I am_unfreeze: [3754,org.mozilla.fenix,6]
09-25 17:38:52.606  2866  3614 I am_unfreeze: [6466,org.mozilla.fenix:crashhelper_disable_art_image_,6]
09-25 17:38:53.440  2866  3612 I commit_sys_config_file: [settings-0-0,12]
09-25 17:39:02.684  2866  3614 I am_freeze: [3754,org.mozilla.fenix]
09-25 17:39:02.686  2866  3614 I am_freeze: [6466,org.mozilla.fenix:crashhelper_disable_art_image_]
09-25 17:39:02.809  2866  3614 I am_compact: [3754,org.mozilla.fenix,ANON,282916,266324,14028,239204,-15564,-1476,-14028,18072,122,FULL,715480020,900,16,806440,-1308]
09-25 17:40:31.643  2866  3614 I am_unfreeze: [7431,com.google.android.googlequicksearchbox:search,3]
09-25 17:40:31.708  2866  3614 I am_unfreeze: [9880,com.android.providers.calendar,7]
09-25 17:40:53.456  2866  3612 I commit_sys_config_file: [settings-0-0,6]
09-25 17:41:08.776  2866  3614 I am_freeze: [9880,com.android.providers.calendar]
09-25 17:42:27.445  2866  3614 I am_unfreeze: [857,com.whatsapp,3]
09-25 17:42:27.446  2866  2918 I am_uid_active: 10427
09-25 17:42:27.456  2866  3605 I job_deferred_execution: 8294324
09-25 17:42:27.459  2866  3605 I job_deferred_execution: 6742559
09-25 17:42:27.463  2866  3605 I job_deferred_execution: 4814994
09-25 17:42:27.472  2866  3772 I sync    : [com.android.contacts,0,4,1999394194]
09-25 17:42:27.493  2866  3614 I am_unfreeze: [11523,android.process.acore,7]
09-25 17:42:27.503  2866  4363 I am_uid_active: 10262
09-25 17:42:27.505  2866  2918 I am_wtf  : [0,2866,system_server,-1,ActivityManager,Background started FGS: Allowed [callingPackage: com.whatsapp; callingUid: 10427; uidState: TRNB; uidBFSL: n/a; intent: Intent { xflg=0x4 cmp=com.whatsapp/.messaging.service.GcmFGService }; code:PUSH_MESSAGING; tempAllowListReason:<8216ca2 com.google.android.c2dm.intent.RECEIVE/u0,reasonCode:PUSH_MESSAGING,duration:20000,callingUid:10303>; allowWiu:-1; targetSdkVersion:36; callerTargetSdkVersion:36; startForegroundCount:0; bindFromPackage:null: isBindService:false]]
09-25 17:42:27.513  2866  2918 I am_wtf  : [0,2866,system_server,-1,ActivityManager,Background started FGS: Allowed [callingPackage: com.whatsapp; callingUid: 10427; uidState: FGS ; uidBFSL: [BFSL]; intent: Intent { cmp=com.whatsapp/.messaging.service.GcmFGService }; code:PROC_STATE_FGS; tempAllowListReason:<8216ca2 com.google.android.c2dm.intent.RECEIVE/u0,reasonCode:PUSH_MESSAGING,duration:20000,callingUid:10303>; allowWiu:-1; targetSdkVersion:36; callerTargetSdkVersion:36; startForegroundCount:0; bindFromPackage:null: isBindService:false]]
09-25 17:42:27.514  2866  4566 I am_foreground_service_start: [0,com.whatsapp/.messaging.service.GcmFGService,0,PROC_STATE_FGS,36,36,0,0,0,1,UNKNOWN,1]
09-25 17:42:28.217  2866  2866 I notification_enqueue: [10427,857,com.whatsapp,1,IYCK2ClXu/DdxvQIjBAPQIrox6bZKgGw5sfQ5EjBuJ0=
09-25 17:42:28.217  2866  2866 I notification_enqueue: ,0,Notification(channel=individual_chat_defaults_5 shortcut=105836936466650@lid contentView=null vibrate=null sound=null defaults=0 flags=ONLY_ALERT_ONCE color=0xff21c063 groupKey=group_key_messages sortKey=001 actions=3 vis=PRIVATE publicVersion=Notification(channel=null shortcut=null contentView=null vibrate=null sound=null defaults=0 flags=0 color=0xff21c063 category=msg vis=PRIVATE)),0,1]
09-25 17:42:28.219  2866  2866 I notification_enqueue: [10427,857,com.whatsapp,1,NULL,0,Notification(channel=individual_chat_defaults_5 shortcut=105836936466650@lid contentView=null vibrate=null sound=null tick defaults=0 flags=GROUP_SUMMARY color=0xff21c063 category=msg groupKey=group_key_messages vis=PRIVATE publicVersion=Notification(channel=null shortcut=null contentView=null vibrate=null sound=null defaults=0 flags=0 color=0xff21c063 category=msg vis=PRIVATE)),0,1]
09-25 17:42:28.421  2866  2866 I sysui_multi_action: [757,1501,758,1,793,204,794,0,795,204,796,1,797,IYCK2ClXu/DdxvQIjBAPQIrox6bZKgGw5sfQ5EjBuJ0=
09-25 17:42:28.421  2866  2866 I sysui_multi_action: ,806,com.whatsapp,857,individual_chat_defaults_5,858,4,946,group_key_messages,947,0,1500,0,1688,1,1745,732821530]
09-25 17:42:28.421  2866  2866 I sysui_multi_action: [757,804,799,note_interruptive,801,0,802,1]
09-25 17:42:28.423  2866  2866 I sysui_multi_action: [757,199,758,1,759,1024,793,206,794,0,795,206,796,1,797,IYCK2ClXu/DdxvQIjBAPQIrox6bZKgGw5sfQ5EjBuJ0=
09-25 17:42:28.423  2866  2866 I sysui_multi_action: ,806,com.whatsapp,857,individual_chat_defaults_5,858,4,946,group_key_messages,947,0,1500,2,1688,1,1745,732821530]
09-25 17:42:28.423  2866  2866 I notification_alert: [0|com.whatsapp|1|IYCK2ClXu/DdxvQIjBAPQIrox6bZKgGw5sfQ5EjBuJ0=
09-25 17:42:28.423  2866  2866 I notification_alert: |10427,0,0,0,0,1024]
09-25 17:42:28.433  2866  2866 I sysui_multi_action: [757,199,758,1,759,3,793,215,794,0,795,215,796,1,806,com.whatsapp,857,individual_chat_defaults_5,858,4,946,group_key_messages,947,1,1500,215,1641,msg,1688,1,1745,945454168]
09-25 17:42:28.433  2866  2866 I notification_alert: [0|com.whatsapp|1|null|10427,1,1,0,0,0]
09-25 17:42:28.898  2866  3772 I sync    : [com.android.contacts,1,4,1999394194]
09-25 17:42:28.918  3782  3782 I sysui_multi_action: [757,803,799,note_peek,802,1]
09-25 17:42:28.921  2866  4574 I sysui_multi_action: [757,127,758,1]
09-25 17:42:28.921  2866  4574 I sysui_multi_action: [757,804,799,note_load,801,1,802,1]
09-25 17:42:28.922  3782  3782 I sysui_heads_up_status: [0|com.whatsapp|1|IYCK2ClXu/DdxvQIjBAPQIrox6bZKgGw5sfQ5EjBuJ0=
09-25 17:42:28.922  3782  3782 I sysui_heads_up_status: |10427,1]
09-25 17:42:28.925  2866  4574 I notification_panel_revealed: 1
09-25 17:42:28.941  3782  3824 I jank_cuj_events_begin_request: [12,1790338348940929000,949992664961275,719487352260379,]
09-25 17:42:28.959  3782  3782 I viewroot_draw_event: [VRI[NotificationShade],Start draw after previous draw not visible]
09-25 17:42:28.967  3782  3782 I viewroot_draw_event: [VRI[NotificationShade],reportDrawFinished seqId=0]
09-25 17:42:29.371  3782  3824 I jank_cuj_events_end_request: [12,1790338349370969000,949993095001587,719487782300743]
09-25 17:42:29.413  2866 12110 I sysui_multi_action: [757,128,758,1,793,1196,794,0,795,1196,796,1,797,IYCK2ClXu/DdxvQIjBAPQIrox6bZKgGw5sfQ5EjBuJ0=
09-25 17:42:29.413  2866 12110 I sysui_multi_action: ,798,1,806,com.whatsapp,857,individual_chat_defaults_5,858,4,946,group_key_messages,947,0,1395,6,1500,992,1688,1,1745,732821530]
09-25 17:42:29.413  2866 12110 I sysui_multi_action: [757,1501,758,1,793,1197,794,1,795,1197,796,1,797,IYCK2ClXu/DdxvQIjBAPQIrox6bZKgGw5sfQ5EjBuJ0=
09-25 17:42:29.413  2866 12110 I sysui_multi_action: ,806,com.whatsapp,857,individual_chat_defaults_5,858,4,946,group_key_messages,947,0,1500,0,1688,1,1745,732821530]
09-25 17:42:29.413  2866 12110 I sysui_multi_action: [757,804,799,note_interruptive,801,0,802,1]
09-25 17:42:29.413  2866 12110 I sysui_multi_action: [757,804,799,note_freshness,801,1196,802,1]
09-25 17:42:29.413  2866 12110 I notification_visibility: [0|com.whatsapp|1|IYCK2ClXu/DdxvQIjBAPQIrox6bZKgGw5sfQ5EjBuJ0=
09-25 17:42:29.413  2866 12110 I notification_visibility: |10427,1,1196,1196,0,1]
09-25 17:42:29.569  2866  2909 I commit_sys_config_file: [notification-policy,12]
09-25 17:42:29.996  2866  2909 I commit_sys_config_file: [notification-policy,16]
09-25 17:42:30.182  2866  3877 I am_foreground_service_stop: [0,com.whatsapp/.messaging.service.GcmFGService,0,PROC_STATE_FGS,36,36,1,0,2668,1,STOP_SERVICE,1]
09-25 17:42:30.905  2866  2909 I commit_sys_config_file: [jobs,6]
09-25 17:42:34.623  3782  3782 I sysui_heads_up_status: [0|com.whatsapp|1|IYCK2ClXu/DdxvQIjBAPQIrox6bZKgGw5sfQ5EjBuJ0=
09-25 17:42:34.623  3782  3782 I sysui_heads_up_status: |10427,0]
09-25 17:42:34.646  3782  3824 I jank_cuj_events_begin_request: [13,1790338354646252000,949998370285700,719493057584856,]
09-25 17:42:35.063  3782  3824 I jank_cuj_events_end_request: [13,1790338355062430000,949998786463824,719493473762981]
09-25 17:42:35.075  2866  3120 I sysui_multi_action: [757,128,758,2,793,6859,794,5663,795,6859,796,1,797,IYCK2ClXu/DdxvQIjBAPQIrox6bZKgGw5sfQ5EjBuJ0=
09-25 17:42:35.075  2866  3120 I sysui_multi_action: ,798,1,806,com.whatsapp,857,individual_chat_defaults_5,858,4,946,group_key_messages,947,0,1395,6,1500,5662,1688,1,1745,732821530]
09-25 17:42:35.076  2866  3120 I notification_visibility: [0|com.whatsapp|1|IYCK2ClXu/DdxvQIjBAPQIrox6bZKgGw5sfQ5EjBuJ0=
09-25 17:42:35.076  2866  3120 I notification_visibility: |10427,0,6859,6859,0,1]
09-25 17:42:35.083  2866  4566 I sysui_multi_action: [757,127,758,2]
09-25 17:42:35.083  2866  4566 I notification_panel_hidden: 
09-25 17:42:35.100  3782  3782 I viewroot_draw_event: [VRI[NotificationShade],Not drawing due to not visible. Reason=View.INVISIBLE]
09-25 17:42:38.522  2866  3614 I am_unfreeze: [6696,com.jio.myjio,6]
09-25 17:42:48.590  2866  3614 I am_freeze: [6696,com.jio.myjio]
09-25 17:42:48.705  2866  3614 I am_compact: [6696,com.jio.myjio,ANON,128216,104244,21824,62704,-18324,-7076,-11240,11104,114,FULL,719076220,905,19,787368,-84]
09-25 17:42:53.475  2866  3612 I commit_sys_config_file: [settings-0-0,10]
09-25 17:43:04.952  2866  3614 I am_freeze: [11523,android.process.acore]
09-25 17:43:13.987  2866  3614 I am_freeze: [7431,com.google.android.googlequicksearchbox:search]
09-25 17:43:14.455  2866  3614 I am_compact: [7431,com.google.android.googlequicksearchbox:search,ANON,349844,268560,77648,68244,-66940,-1608,-65332,64972,467,FULL,718641390,900,15,787420,-3896]
09-25 17:43:30.198  2866  2918 I am_uid_idle: 10262
09-25 17:43:42.428  2866  3614 I am_freeze: [857,com.whatsapp]
09-25 17:43:42.899  2866  3614 I am_compact: [857,com.whatsapp,ANON,304072,214420,87220,71736,-130832,-48680,-82152,81600,470,FULL,719107262,905,10,791316,-22416]
09-25 17:43:47.475  2866  2918 I am_uid_idle: 10427
09-25 17:43:47.476  2866  2918 I am_stop_idle_service: [10427,com.whatsapp/.messageservice.messaging.MessageService]
09-25 17:44:39.804  2866  3614 I am_unfreeze: [7013,com.google.android.gms.unstable,6]
09-25 17:44:39.871  7013  7013 I auditd  : type=1400 audit(0.0:6994812): avc:  denied  { read } for  comm="binder:7013_E" name="u:object_r:adbd_prop:s0" dev="tmpfs" ino=96 scontext=u:r:gmscore_app:s0:c512,c768 tcontext=u:object_r:adbd_prop:s0 tclass=file permissive=0 app=com.google.android.gms
09-25 17:44:53.499  2866  3612 I commit_sys_config_file: [settings-0-0,11]
09-25 17:44:58.969  2866  3772 I sync    : [com.android.contacts,0,4,1999394194]
09-25 17:44:58.978  2866  3614 I am_unfreeze: [857,com.whatsapp,6]
09-25 17:44:59.003  2866  3614 I am_unfreeze: [11523,android.process.acore,7]
09-25 17:45:32.830  2866  3614 I am_unfreeze: [682,com.android.settings,6]
09-25 17:45:47.870  2866  3614 I am_freeze: [682,com.android.settings]
09-25 17:45:54.962  2866  3614 I am_freeze: [7013,com.google.android.gms.unstable]
09-25 17:45:55.069  2866  3614 I am_compact: [7013,com.google.android.gms.unstable,ANON,142260,115844,24536,43948,-10540,0,-10540,10432,106,FULL,716927546,905,19,810432,-880]
09-25 17:45:59.047  2866  3772 I sync    : [com.android.contacts,1,4,1999394194]
09-25 17:45:59.061  2866  3772 I commit_sys_config_file: [sync-status,13]
09-25 17:46:01.073  2866  2909 I commit_sys_config_file: [jobs,13]
09-25 17:46:10.141  2866  3614 I am_freeze: [857,com.whatsapp]
09-25 17:46:10.143  2866  3614 I am_freeze: [11523,android.process.acore]
09-25 17:46:10.190  2866  3614 I am_compact: [11523,android.process.acore,ANON,89644,70556,17320,46748,-4384,-64,-4320,4312,46,FULL,712779469,900,19,798124,-64]
09-25 17:46:53.517  2866  3612 I commit_sys_config_file: [settings-0-0,10]
09-25 17:48:32.989  2866  3614 I am_unfreeze: [682,com.android.settings,6]
09-25 17:48:53.529  2866  3612 I commit_sys_config_file: [settings-0-0,10]
09-25 17:49:13.043  2866  3614 I am_freeze: [682,com.android.settings]
09-25 17:50:53.544  2866  3612 I commit_sys_config_file: [settings-0-0,10]
09-25 17:51:05.997  2866  2928 I commit_sys_config_file: [batterystats,7]
09-25 17:51:05.999  2866  2928 I commit_sys_config_file: [batterystats,1]
09-25 17:51:13.953  2866  2866 I sysui_multi_action: [757,803,799,note_enqueued,802,5]
09-25 17:51:13.953  2866  2866 I sysui_multi_action: [757,803,799,note_post,802,5]
09-25 17:51:13.953  2866  2866 I sysui_multi_action: [757,803,799,note_remove,802,2]
09-25 17:51:13.954  2866  2866 I sysui_multi_action: [757,803,799,people_cache_hit,802,5]
09-25 17:51:13.954  2866  2866 I sysui_multi_action: [757,803,799,note_with_actions,802,3]
09-25 17:51:13.954  2866  2866 I sysui_multi_action: [757,803,799,note_private,802,5]
09-25 17:51:13.954  2866  2866 I sysui_multi_action: [757,803,799,note_big_text,802,1]
09-25 17:51:13.954  2866  2866 I sysui_multi_action: [757,803,799,note_ongoing,802,1]
09-25 17:51:13.954  2866  2866 I sysui_multi_action: [757,803,799,note_auto,802,1]
09-25 17:51:13.955  2866  2866 I sysui_multi_action: [757,803,799,note_large_icon,802,3]
09-25 17:51:13.955  2866  2866 I sysui_multi_action: [757,803,799,note_inbox,802,1]
09-25 17:51:13.955  2866  2866 I sysui_multi_action: [757,803,799,note_title,802,5]
09-25 17:51:13.955  2866  2866 I sysui_multi_action: [757,803,799,note_text,802,5]
09-25 17:51:13.955  2866  2866 I sysui_multi_action: [757,803,799,note_imp_noisy_default,802,3]
09-25 17:51:13.955  2866  2866 I sysui_multi_action: [757,803,799,note_imp_noisy_high,802,1]
09-25 17:51:13.955  2866  2866 I sysui_multi_action: [757,803,799,note_imp_quiet_default,802,1]
09-25 17:51:13.956  2866  2866 I sysui_multi_action: [757,803,799,note_importance_low,802,3]
09-25 17:51:13.956  2866  2866 I sysui_multi_action: [757,803,799,note_importance_high,802,2]
09-25 17:51:32.962  2866  3614 I am_unfreeze: [682,com.android.settings,6]
09-25 17:52:05.334  2866  2918 I am_wtf  : [0,2866,system_server,-1,ActivityManager,Sending non-protected broadcast android.intent.action.UPDATE_CT_LOGS from system uid 1000 pkg android]
09-25 17:52:05.335  2866  2918 I am_wtf  : [0,2866,system_server,-1,AlarmManager,Attempt to decrement existing alarm count 0 by 1 for uid 1000]
09-25 17:52:05.340  2866  3614 I am_unfreeze: [9880,com.android.providers.calendar,3]
09-25 17:52:05.354  2866  3614 I am_unfreeze: [6696,com.jio.myjio,3]
09-25 17:52:05.364  2866  3671 I netstats_mobile_sample: [72273664105,16323401531,59697061,22025968,71952185474,16229506254,59511425,20215349,1790338925382]
09-25 17:52:05.365  2866  3671 I netstats_wifi_sample: [25106702385,12147183491,23589529,57479801,24913756016,5568309773,24116129,11019456,1790338925382]
09-25 17:52:05.366  2866  3614 I am_unfreeze: [7431,com.google.android.googlequicksearchbox:search,6]
09-25 17:52:05.374  2866  3614 I am_unfreeze: [6575,android.process.media,7]
09-25 17:52:05.375  2866  2866 I am_uid_active: 10261
09-25 17:52:05.379  2866  2918 I am_uid_running: 10307
09-25 17:52:05.393  2866  2919 I am_proc_start: [0,14270,10307,com.google.android.euicc,broadcast,{com.google.android.euicc/com.google.android.euicc.pixel.cbrs.EuiccGoogleCbrsInternalReceiver}]
09-25 17:52:05.414  2866  4527 I am_proc_bound: [0,14270,com.google.android.euicc]
09-25 17:52:06.080  4006  4503 I service_manager_stats: [100,6,7682469]
09-25 17:52:10.430  2866  3614 I am_unfreeze: [7558,org.lineageos.etar,3]
09-25 17:52:10.438  2866  2917 I am_pss  : [7558,10338,org.lineageos.etar,0,0,0,87367680,0,11,3]
09-25 17:52:10.517  2866  4527 I am_uid_active: 10338
09-25 17:52:10.517  2866  4527 I am_uid_active: 10269
09-25 17:52:10.525  2866 12110 I am_foreground_service_start: [0,org.lineageos.etar/androidx.work.impl.foreground.SystemForegroundService,0,SYSTEM_ALLOW_LISTED,36,36,0,0,0,1,UNKNOWN,1024]
09-25 17:52:10.538  2866  2866 I notification_enqueue: [10338,7558,org.lineageos.etar,0,NULL,0,Notification(channel=calendar10 shortcut=null contentView=null vibrate=null sound=null defaults=0 flags=0 color=0xff5c7a96 vis=PRIVATE),0,1]
09-25 17:52:10.541  2866  2866 I sysui_multi_action: [757,128,758,5,759,8,793,15730195,794,11197489,795,15725181,796,1,806,org.lineageos.etar,857,calendar10,858,4,947,0,1500,15724972,1688,1,1745,2098068913]
09-25 17:52:10.541  2866  2866 I notification_canceled: [0|org.lineageos.etar|1|null|10338,8,15730195,15725181,11197489,-1,-1,NULL]
09-25 17:52:10.550  2866 12110 I am_foreground_service_stop: [0,org.lineageos.etar/androidx.work.impl.foreground.SystemForegroundService,0,SYSTEM_ALLOW_LISTED,36,36,1,0,27,1,STOP_FOREGROUND,1024]
09-25 17:52:10.743  2866  2866 I sysui_multi_action: [757,1501,758,1,793,204,794,0,795,204,796,0,806,org.lineageos.etar,857,calendar10,858,4,947,0,1500,0,1688,1]
09-25 17:52:10.743  2866  2866 I sysui_multi_action: [757,804,799,note_interruptive,801,0,802,1]
09-25 17:52:10.747  2866  2866 I sysui_multi_action: [757,1501,758,1,793,209,794,0,795,209,796,0,806,org.lineageos.etar,857,calendar10,858,4,947,0,1500,0,1688,1]
09-25 17:52:10.747  2866  2866 I sysui_multi_action: [757,804,799,note_interruptive,801,0,802,1]
09-25 17:52:10.747  2866  2866 I sysui_multi_action: [757,199,758,1,759,2,793,209,794,0,795,209,796,0,806,org.lineageos.etar,857,calendar10,858,4,947,0,1500,0,1688,1]
09-25 17:52:10.747  2866  2866 I notification_alert: [0|org.lineageos.etar|0|null|10338,0,1,0,0,0]
09-25 17:52:10.765  2866  2909 I commit_sys_config_file: [notification-policy,13]
09-25 17:52:10.840  3782  3782 I sysui_multi_action: [757,803,799,note_peek,802,1]
09-25 17:52:10.843  3782  3782 I sysui_heads_up_status: [0|org.lineageos.etar|0|null|10338,1]
09-25 17:52:10.843  2866  4363 I sysui_multi_action: [757,127,758,1]
09-25 17:52:10.843  2866  4363 I sysui_multi_action: [757,804,799,note_load,801,1,802,1]
09-25 17:52:10.845  2866  4363 I notification_panel_revealed: 1
09-25 17:52:10.874  3782  3824 I jank_cuj_events_begin_request: [12,1790338930874403000,950574598435376,720069285734480,]
09-25 17:52:10.900  3782  3782 I viewroot_draw_event: [VRI[NotificationShade],Start draw after previous draw not visible]
09-25 17:52:10.907  3782  3782 I viewroot_draw_event: [VRI[NotificationShade],reportDrawFinished seqId=0]
09-25 17:52:11.311  3782  3824 I jank_cuj_events_end_request: [12,1790338931311379000,950575035411730,720069722710886]
09-25 17:52:11.334  2866  3904 I sysui_multi_action: [757,128,758,1,793,796,794,0,795,796,796,0,798,0,806,org.lineageos.etar,857,calendar10,858,4,947,0,1395,6,1500,587,1688,1]
09-25 17:52:11.334  2866  3904 I sysui_multi_action: [757,1501,758,1,793,796,794,0,795,796,796,0,806,org.lineageos.etar,857,calendar10,858,4,947,0,1500,0,1688,1]
09-25 17:52:11.334  2866  3904 I sysui_multi_action: [757,804,799,note_interruptive,801,0,802,1]
09-25 17:52:11.334  2866  3904 I sysui_multi_action: [757,804,799,note_freshness,801,796,802,1]
09-25 17:52:11.334  2866  3904 I notification_visibility: [0|org.lineageos.etar|0|null|10338,1,796,796,0,0]
09-25 17:52:11.529  2866  3614 I am_unfreeze: [7616,com.android.permissioncontroller,6]
09-25 17:52:11.529  2866  3763 I am_uid_active: 10383
09-25 17:52:13.019  2866  3614 I am_freeze: [682,com.android.settings]
09-25 17:52:15.407  2866  3614 I am_freeze: [6696,com.jio.myjio]
09-25 17:52:15.473  2866  3614 I am_compact: [6696,com.jio.myjio,ANON,119052,100492,16420,68184,-9828,-3308,-6520,6520,65,FULL,719507116,905,19,796664,76]
09-25 17:52:15.558  2866  3614 I am_freeze: [14270,com.google.android.euicc]
09-25 17:52:16.547  3782  3782 I sysui_heads_up_status: [0|org.lineageos.etar|0|null|10338,0]
09-25 17:52:16.570  3782  3824 I jank_cuj_events_begin_request: [13,1790338936570309000,950580294341832,720074981640988,]
09-25 17:52:16.987  3782  3824 I jank_cuj_events_end_request: [13,1790338936986674000,950580710707665,720075398006821]
09-25 17:52:16.998  2866  3904 I sysui_multi_action: [757,128,758,2,793,6459,794,5663,795,6459,796,0,798,0,806,org.lineageos.etar,857,calendar10,858,4,947,0,1395,6,1500,5663,1688,1]
09-25 17:52:16.998  2866  3904 I notification_visibility: [0|org.lineageos.etar|0|null|10338,0,6459,6459,0,0]
09-25 17:52:17.011  2866  7137 I sysui_multi_action: [757,127,758,2]
09-25 17:52:17.011  2866  7137 I notification_panel_hidden: 
09-25 17:52:17.035  3782  3782 I viewroot_draw_event: [VRI[NotificationShade],Not drawing due to not visible. Reason=View.INVISIBLE]
09-25 17:52:20.551  2866  3053 I commit_sys_config_file: [package-user-0,34]
09-25 17:52:20.586  2866  3614 I am_freeze: [7558,org.lineageos.etar]
09-25 17:52:31.421  2866  2917 I am_pss  : [6575,10261,android.process.media,0,0,0,81350656,0,19,2]
09-25 17:52:31.612  2866  3614 I am_freeze: [7616,com.android.permissioncontroller]
09-25 17:52:41.449  2866  3614 I am_freeze: [6575,android.process.media]
09-25 17:52:51.583  2866  3614 I am_freeze: [9880,com.android.providers.calendar]
09-25 17:52:53.555  2866  3612 I commit_sys_config_file: [settings-0-0,10]
09-25 17:53:05.419  2866  2918 I am_uid_idle: 10307
09-25 17:53:10.557  2866  2918 I am_uid_idle: 10338
09-25 17:53:11.407  2866  2918 I am_uid_idle: 10261
09-25 17:53:21.567  2866  2918 I am_uid_idle: 10383
09-25 17:53:21.568  2866  2918 I am_uid_idle: 10269
09-25 17:54:32.883  2866  3614 I am_unfreeze: [682,com.android.settings,6]
09-25 17:54:53.573  2866  3612 I commit_sys_config_file: [settings-0-0,12]
09-25 17:55:12.935  2866  3614 I am_freeze: [682,com.android.settings]
09-25 17:56:53.590  2866  3612 I commit_sys_config_file: [settings-0-0,13]
09-25 17:58:53.601  2866  3612 I commit_sys_config_file: [settings-0-0,10]
09-25 17:59:45.799  2866  3614 I am_unfreeze: [6696,com.jio.myjio,6]
09-25 17:59:55.898  2866  3614 I am_freeze: [6696,com.jio.myjio]
09-25 17:59:56.000  2866  3614 I am_compact: [6696,com.jio.myjio,ANON,123484,102560,18784,66152,-14680,-5460,-9220,9212,101,FULL,720073885,905,19,792912,-64]
09-25 18:00:00.014  2866  3614 I am_unfreeze: [682,com.android.settings,3]
09-25 18:00:00.018  2866  3614 I am_unfreeze: [6563,com.android.DeviceAsWebcam,10]
09-25 18:00:20.077  2866  3614 I am_freeze: [682,com.android.settings]
09-25 18:00:20.078  2866  3614 I am_freeze: [6563,com.android.DeviceAsWebcam]
09-25 18:00:20.203  2866  3614 I am_compact: [682,com.android.settings,ANON,111976,90396,19760,53668,-12704,-148,-12556,12532,124,FULL,716958569,905,10,792560,-88]
09-25 18:00:53.615  2866  3612 I commit_sys_config_file: [settings-0-0,10]
09-25 18:01:48.377  2866  3614 I am_unfreeze: [8757,com.google.android.gm,3]
09-25 18:01:48.380 10644 14398 I c2dm    : [-7,,76,45]
09-25 18:01:50.470  2866  2909 I commit_sys_config_file: [jobs,8]
09-25 18:01:50.477  2866  2909 I commit_sys_config_file: [jobs,8]
09-25 18:02:05.497  2866  2917 I commit_sys_config_file: [procstats,14]
09-25 18:02:08.426  2866  3614 I am_freeze: [8757,com.google.android.gm]
09-25 18:02:08.584  2866  3614 I am_compact: [8757,com.google.android.gm,ANON,214312,177608,34720,71896,-51800,-30104,-21696,21576,158,FULL,719029893,905,19,788904,-388]
09-25 18:02:53.630  2866  3612 I commit_sys_config_file: [settings-0-0,10]
09-25 18:03:15.537  2866  3614 I am_freeze: [7431,com.google.android.googlequicksearchbox:search]
09-25 18:03:15.909  2866  3614 I am_compact: [7431,com.google.android.googlequicksearchbox:search,ANON,347992,268268,76088,69496,-65184,-1264,-63920,63680,372,FULL,719532866,900,15,789292,-4456]
09-25 18:04:13.169  2866 23587 I commit_sys_config_file: [appops_accesses,18]
09-25 18:04:53.651  2866  3612 I commit_sys_config_file: [settings-0-0,11]
09-25 18:06:46.096  2866  3614 I am_unfreeze: [7431,com.google.android.googlequicksearchbox:search,6]
09-25 18:06:53.665  2866  3612 I commit_sys_config_file: [settings-0-0,10]
09-25 18:07:57.111  2866  3614 I am_freeze: [7431,com.google.android.googlequicksearchbox:search]
09-25 18:08:53.687  2866  3612 I commit_sys_config_file: [settings-0-0,14]
09-25 18:10:08.882  2866  3614 I am_unfreeze: [8757,com.google.android.gm,3]
09-25 18:10:10.992  2866  2909 I commit_sys_config_file: [jobs,6]
09-25 18:10:28.930  2866  3614 I am_freeze: [8757,com.google.android.gm]
09-25 18:10:29.064  2866  3614 I am_compact: [8757,com.google.android.gm,ANON,199424,168664,28776,78260,-38700,-22692,-16008,15984,132,FULL,720666996,905,19,792776,-296]
09-25 18:10:31.301  2866  3614 I am_unfreeze: [9294,com.google.android.apps.turbo:aab,6]
09-25 18:10:41.449  2866  3614 I am_freeze: [9294,com.google.android.apps.turbo:aab]
09-25 18:10:41.528  2866  3614 I am_compact: [9294,com.google.android.apps.turbo:aab,ANON,96768,72364,22632,47568,-9296,-60,-9236,9172,78,FULL,717570361,905,19,792772,-1168]
09-25 18:10:53.705  2866  3612 I commit_sys_config_file: [settings-0-0,10]
09-25 18:11:23.807  2866  3614 I am_unfreeze: [7431,com.google.android.googlequicksearchbox:search,6]
09-25 18:12:28.908  2866  2917 I commit_sys_config_file: [sync-stats,5]
09-25 18:12:34.872  2866  3614 I am_freeze: [7431,com.google.android.googlequicksearchbox:search]
09-25 18:12:35.021  2866  3614 I am_compact: [7431,com.google.android.googlequicksearchbox:search,ANON,304024,267392,32996,115428,-21644,-348,-21296,21024,149,FULL,720734321,900,15,793648,-1764]
09-25 18:12:53.714  2866  3612 I commit_sys_config_file: [settings-0-0,9]
09-25 18:14:30.382  2866  3612 I commit_sys_config_file: [settings-1-0,7]
09-25 18:14:53.735  2866  3612 I commit_sys_config_file: [settings-0-0,11]
09-25 18:16:53.750  2866  3612 I commit_sys_config_file: [settings-0-0,11]
09-25 18:18:20.396  2866  3614 I am_unfreeze: [6696,com.jio.myjio,3]
09-25 18:18:30.486  2866  3614 I am_freeze: [6696,com.jio.myjio]
09-25 18:18:30.600  2866  3614 I am_compact: [6696,com.jio.myjio,ANON,128068,101388,24540,60532,-18920,-4276,-14644,14628,113,FULL,720534411,905,19,794912,-360]
09-25 18:18:53.763  2866  3612 I commit_sys_config_file: [settings-0-0,11]
09-25 18:20:53.777  2866  3612 I commit_sys_config_file: [settings-0-0,11]
09-25 18:21:05.962  2866  2928 I commit_sys_config_file: [batterystats,8]
09-25 18:21:05.965  2866  2928 I commit_sys_config_file: [batterystats,1]
09-25 18:22:53.793  2866  3612 I commit_sys_config_file: [settings-0-0,12]
09-25 18:24:17.422  2866  3614 I am_unfreeze: [9294,com.google.android.apps.turbo:aab,6]
09-25 18:24:17.438  2866  3614 I am_unfreeze: [482,com.android.vending,6]
09-25 18:24:17.447  2866  3614 I am_unfreeze: [724,com.android.vending:background,6]
09-25 18:24:17.454  2866  3614 I am_unfreeze: [6696,com.jio.myjio,6]
09-25 18:24:17.458  2866  3614 I am_unfreeze: [857,com.whatsapp,3]
09-25 18:24:17.466  2866  3671 I netstats_mobile_sample: [72273708051,16323438007,59697152,22026051,71952229144,16229542730,59511518,20215432,1790340857484]
09-25 18:24:17.466  2866  3671 I netstats_wifi_sample: [25106702385,12147183491,23589529,57479801,24913756016,5568309773,24116129,11019456,1790340857484]
09-25 18:24:17.477  2866  3614 I am_unfreeze: [7431,com.google.android.googlequicksearchbox:search,6]
09-25 18:24:17.507  2866  3614 I am_unfreeze: [11523,android.process.acore,7]
09-25 18:24:17.521  2866  2919 I am_proc_start: [0,14746,10315,com.google.android.apps.turbo:ssb,broadcast,{com.google.android.apps.turbo/com.google.android.libraries.smartbattery.brightness.library.PhenotypeUpdatedReceiver}]
09-25 18:24:17.538  2866  4400 I am_proc_bound: [0,14746,com.google.android.apps.turbo:ssb]
09-25 18:24:19.014  2866  2909 I commit_sys_config_file: [notification-policy,6]
09-25 18:24:27.536  2866  3614 I am_freeze: [6696,com.jio.myjio]
09-25 18:24:27.538  2866  3614 I am_freeze: [9294,com.google.android.apps.turbo:aab]
09-25 18:24:27.637  2866  3614 I am_compact: [6696,com.jio.myjio,ANON,123560,102572,18848,66424,-14408,-5320,-9088,9080,98,FULL,721649011,905,19,792608,-64]
09-25 18:24:27.639  2866  3614 I am_freeze: [14746,com.google.android.apps.turbo:ssb]
09-25 18:24:38.027  2866  3614 I am_freeze: [482,com.android.vending]
09-25 18:24:38.032  2866  3614 I am_freeze: [724,com.android.vending:background]
09-25 18:24:38.303  2866  3614 I am_compact: [482,com.android.vending,ANON,189600,150732,36972,84436,-38780,-3260,-35520,35464,270,FULL,716012591,925,19,792668,-2896]
09-25 18:24:39.350  2866  2909 I commit_sys_config_file: [notification-policy,15]
09-25 18:24:53.815  2866  3612 I commit_sys_config_file: [settings-0-0,11]
09-25 18:24:58.591  2866  3614 I am_freeze: [857,com.whatsapp]
09-25 18:24:59.069  2866  3614 I am_compact: [857,com.whatsapp,ANON,289944,197164,89688,74744,-117260,-30820,-86440,85856,478,FULL,719561310,900,16,795500,-23388]
09-25 18:25:15.085  2866  3614 I am_freeze: [11523,android.process.acore]
09-25 18:25:15.138  2866  3614 I am_compact: [11523,android.process.acore,ANON,89828,70632,17428,46888,-4960,-108,-4852,4836,51,FULL,719708602,905,19,818888,-1780]
09-25 18:26:53.830  2866  3612 I commit_sys_config_file: [settings-0-0,11]
09-25 18:28:53.843  2866  3612 I commit_sys_config_file: [settings-0-0,10]
09-25 18:30:53.860  2866  3612 I commit_sys_config_file: [settings-0-0,11]
09-25 18:32:04.704  2866  2917 I am_pss  : [10644,10303,com.google.android.gms,0,0,0,386945024,0,3,3]
09-25 18:32:15.061  2866  2917 I am_pss  : [21938,10393,com.android.adservices.api,0,0,0,57790464,0,3,4]
09-25 18:32:15.078  2866  2917 I commit_sys_config_file: [procstats,20]
09-25 18:32:53.868  2866  3612 I commit_sys_config_file: [settings-0-0,8]
09-25 18:33:03.244  2866  2917 I am_pss  : [7431,10304,com.google.android.googlequicksearchbox:search,0,0,0,302309376,0,3,4]
09-25 18:33:03.246  2866  2917 I am_pss  : [11223,10304,com.google.android.googlequicksearchbox:interactor,0,0,0,167153664,0,3,2]
09-25 18:33:21.555  2866  2917 I am_pss  : [661,10429,juloo.keyboard2,0,0,0,94900224,0,7,6]
09-25 18:33:21.557  2866  2917 I am_pss  : [11220,10301,com.google.android.as,0,0,0,145989632,0,5,1]
09-25 18:33:21.558  2866  2917 I am_pss  : [11237,10405,android.ext.services,0,0,0,94072832,0,5,2]
09-25 18:33:21.561  2866  2917 I am_pss  : [10818,1000,co.aospa.sense,0,0,0,55484416,0,6,2]
09-25 18:33:21.562  2866  2917 I am_pss  : [11252,10376,org.lineageos.profiles,0,0,0,55177216,0,5,2]
09-25 18:33:21.564  2866  2917 I am_pss  : [2866,1000,system,0,0,0,810782720,0,0,1]
09-25 18:33:21.814  2866  3614 I am_unfreeze: [6563,com.android.DeviceAsWebcam,19]
09-25 18:33:21.845  2866  2917 I am_pss  : [857,10427,com.whatsapp,0,0,0,177790976,0,16,1]
09-25 18:33:21.850  2866  3614 I am_unfreeze: [7126,org.telegram.messenger,19]
09-25 18:33:21.850  2866  3614 I am_unfreeze: [7274,com.android.incallui,19]
09-25 18:33:21.850  2866  3614 I am_unfreeze: [7357,com.android.calllogbackup,19]
09-25 18:33:21.850  2866  3614 I am_unfreeze: [7117,com.android.dialer,19]
09-25 18:33:21.850  2866  3614 I am_unfreeze: [7217,com.android.cellbroadcastreceiver.module,19]
09-25 18:33:21.850  2866  3614 I am_unfreeze: [7724,com.android.rkpdapp,19]
09-25 18:33:21.850  2866  3614 I am_unfreeze: [8136,com.google.android.apps.restore,19]
09-25 18:33:21.850  2866  3614 I am_unfreeze: [8271,com.google.android.apps.wellbeing,19]
09-25 18:33:21.851  2866  3614 I am_unfreeze: [9151,com.google.android.webview:webview_service,19]
09-25 18:33:21.851  2866  3614 I am_unfreeze: [8115,com.google.android.apps.youtube.creator,19]
09-25 18:33:21.851  2866  3614 I am_unfreeze: [8114,ch.protonvpn.android,19]
09-25 18:33:21.851  2866  3614 I am_unfreeze: [8973,com.android.chrome,19]
09-25 18:33:21.851  2866  3614 I am_unfreeze: [10625,com.google.android.apps.bard,19]
09-25 18:33:21.851  2866  3614 I am_unfreeze: [8118,com.phonepe.app,19]
09-25 18:33:21.851  2866  3614 I am_unfreeze: [7013,com.google.android.gms.unstable,19]
09-25 18:33:21.851  2866  3614 I am_unfreeze: [6575,android.process.media,19]
09-25 18:33:21.851  2866  3614 I am_unfreeze: [14270,com.google.android.euicc,19]
09-25 18:33:21.851  2866  3614 I am_unfreeze: [7558,org.lineageos.etar,19]
09-25 18:33:21.852  2866  3614 I am_unfreeze: [9880,com.android.providers.calendar,19]
09-25 18:33:21.852  2866  3614 I am_unfreeze: [7616,com.android.permissioncontroller,19]
09-25 18:33:21.852  2866  3614 I am_unfreeze: [682,com.android.settings,19]
09-25 18:33:21.852  2866  3614 I am_unfreeze: [8757,com.google.android.gm,19]
09-25 18:33:21.852  2866  3614 I am_unfreeze: [6696,com.jio.myjio,19]
09-25 18:33:21.852  2866  3614 I am_unfreeze: [9294,com.google.android.apps.turbo:aab,19]
09-25 18:33:21.852  2866  3614 I am_unfreeze: [724,com.android.vending:background,19]
09-25 18:33:21.852  2866  3614 I am_unfreeze: [14746,com.google.android.apps.turbo:ssb,19]
09-25 18:33:21.852  2866  3614 I am_unfreeze: [482,com.android.vending,19]
09-25 18:33:21.852  2866  3614 I am_unfreeze: [11523,android.process.acore,19]
09-25 18:33:21.852  2866  3614 I am_unfreeze: [857,com.whatsapp,19]
09-25 18:33:21.853  2866  3614 I am_unfreeze: [6466,org.mozilla.fenix:crashhelper_disable_art_image_,19]
09-25 18:33:21.853  2866  3614 I am_unfreeze: [3754,org.mozilla.fenix,19]
09-25 18:33:21.853  2866  3614 I am_unfreeze: [579,com.zenithblue.sambas3,19]
09-25 18:33:31.887  2866  3614 I am_freeze: [857,com.whatsapp]
09-25 18:33:31.955  2866  3614 I am_compact: [857,com.whatsapp,ANON,185668,170188,12272,153512,-11436,-4328,-7108,7036,67,FULL,722037481,900,16,810544,-184]
09-25 18:33:32.027  2866  3614 I am_freeze: [6563,com.android.DeviceAsWebcam]
09-25 18:33:32.029  2866  3614 I am_freeze: [7126,org.telegram.messenger]
09-25 18:33:32.029  2866  3614 I am_freeze: [7274,com.android.incallui]
09-25 18:33:32.030  2866  3614 I am_freeze: [7357,com.android.calllogbackup]
09-25 18:33:32.032  2866  3614 I am_freeze: [7117,com.android.dialer]
09-25 18:33:32.032  2866  3614 I am_freeze: [7217,com.android.cellbroadcastreceiver.module]
09-25 18:33:32.033  2866  3614 I am_freeze: [7724,com.android.rkpdapp]
09-25 18:33:32.034  2866  3614 I am_freeze: [8136,com.google.android.apps.restore]
09-25 18:33:32.035  2866  3614 I am_freeze: [8271,com.google.android.apps.wellbeing]
09-25 18:33:32.035  2866  3614 I am_freeze: [9151,com.google.android.webview:webview_service]
09-25 18:33:32.036  2866  3614 I am_freeze: [10625,com.google.android.apps.bard]
09-25 18:33:32.038  2866  3614 I am_freeze: [7013,com.google.android.gms.unstable]
09-25 18:33:32.038  2866  3614 I am_freeze: [6575,android.process.media]
09-25 18:33:32.040  2866  3614 I am_freeze: [14270,com.google.android.euicc]
09-25 18:33:32.040  2866  3614 I am_freeze: [7558,org.lineageos.etar]
09-25 18:33:32.041  2866  3614 I am_freeze: [9880,com.android.providers.calendar]
09-25 18:33:32.042  2866  3614 I am_freeze: [7616,com.android.permissioncontroller]
09-25 18:33:32.043  2866  3614 I am_freeze: [682,com.android.settings]
09-25 18:33:32.045  2866  3614 I am_freeze: [8757,com.google.android.gm]
09-25 18:33:32.046  2866  3614 I am_freeze: [9294,com.google.android.apps.turbo:aab]
09-25 18:33:32.048  2866  3614 I am_freeze: [724,com.android.vending:background]
09-25 18:33:32.048  2866  3614 I am_freeze: [14746,com.google.android.apps.turbo:ssb]
09-25 18:33:32.049  2866  3614 I am_freeze: [11523,android.process.acore]
09-25 18:33:32.052  2866  3614 I am_freeze: [482,com.android.vending]
09-25 18:33:32.053  2866  3614 I am_freeze: [8114,ch.protonvpn.android]
09-25 18:33:32.055  2866  3614 I am_freeze: [8118,com.phonepe.app]
09-25 18:33:32.057  2866  3614 I am_freeze: [8115,com.google.android.apps.youtube.creator]
09-25 18:33:32.058  2866  3614 I am_freeze: [8973,com.android.chrome]
09-25 18:33:32.060  2866  3614 I am_freeze: [6696,com.jio.myjio]
09-25 18:33:32.061  2866  3614 I am_freeze: [6466,org.mozilla.fenix:crashhelper_disable_art_image_]
09-25 18:33:32.064  2866  3614 I am_freeze: [3754,org.mozilla.fenix]
09-25 18:33:32.066  2866  3614 I am_freeze: [579,com.zenithblue.sambas3]
09-25 18:33:32.109  2866  3614 I am_compact: [7126,org.telegram.messenger,ANON,110024,91328,16960,69480,-4872,-1580,-3292,3116,42,FULL,707883836,985,19,810728,-52]
09-25 18:33:32.191  2866  3614 I am_compact: [10625,com.google.android.apps.bard,ANON,114440,87676,24404,39404,-13768,-4748,-9004,8896,80,FULL,708890990,905,19,810780,-176]
09-25 18:33:32.261  2866  3614 I am_compact: [7013,com.google.android.gms.unstable,ANON,139772,115844,22048,46212,-8064,0,-8064,7952,70,FULL,719693480,905,19,810956,-184]
09-25 18:33:32.334  2866  3614 I am_compact: [14270,com.google.android.euicc,ANON,99128,75960,21416,40900,-15664,-7976,-7672,7568,72,FULL,720063790,905,19,811140,-188]
09-25 18:33:32.427  2866  3614 I am_compact: [8757,com.google.android.gm,ANON,183024,157628,23412,83908,-20360,-10128,-10232,10232,90,FULL,721167475,905,19,811328,-220]
09-25 18:33:32.472  2866  3614 I am_compact: [14746,com.google.android.apps.turbo:ssb,ANON,87300,65812,19748,41548,-5744,-184,-5544,5448,44,FULL,721995921,905,19,811548,-104]
09-25 18:33:32.540  2866  3614 I am_compact: [8114,ch.protonvpn.android,ANON,103108,79012,21940,91136,-8656,-64,-8592,8560,67,FULL,707884997,925,19,811652,-644]
09-25 18:33:32.747  2866  3614 I am_compact: [8118,com.phonepe.app,ANON,202352,162996,37224,62384,-44740,-14192,-30548,30332,206,FULL,719238689,905,19,812296,-2232]
09-25 18:33:32.797  2866  3614 I am_compact: [8115,com.google.android.apps.youtube.creator,ANON,105604,85692,18172,63932,-8276,-2512,-5764,5756,49,FULL,707884933,935,19,814528,-1556]
09-25 18:33:32.892  2866  3614 I am_compact: [8973,com.android.chrome,ANON,199952,171816,26348,83660,-18296,-4656,-13640,13632,94,FULL,707885067,925,19,816084,-3376]
09-25 18:33:32.945  2866  3614 I am_compact: [6696,com.jio.myjio,ANON,117460,99828,15484,69876,-7784,-2448,-5336,5336,53,FULL,722006048,905,19,819460,-2008]
09-25 18:33:33.051  2866  3614 I am_compact: [579,com.zenithblue.sambas3,ANON,177940,136588,37600,118708,-19992,-1792,-18200,18160,104,FULL,708903845,900,16,821468,-4612]
09-25 18:34:13.190  2866 23587 I commit_sys_config_file: [appops_accesses,16]
09-25 18:34:53.894  2866  3612 I commit_sys_config_file: [settings-0-0,11]
09-25 18:35:27.663  2866  3614 I am_freeze: [7431,com.google.android.googlequicksearchbox:search]
09-25 18:35:27.773  2866  3614 I am_compact: [7431,com.google.android.googlequicksearchbox:search,ANON,296420,267364,25420,123696,-13556,-340,-13216,13200,109,FULL,721293433,900,15,826060,-4628]
09-25 18:36:53.910  2866  3612 I commit_sys_config_file: [settings-0-0,10]
09-25 18:38:08.222 10644 14994 I c2dm    : [-1,,78,46]
09-25 18:38:53.928  2866  3612 I commit_sys_config_file: [settings-0-0,8]
09-25 18:40:53.943  2866  3612 I commit_sys_config_file: [settings-0-0,10]
09-25 18:40:58.900  2866  3614 I am_unfreeze: [7431,com.google.android.googlequicksearchbox:search,6]
09-25 18:41:04.789   326   337 I jank_cuj_events_begin_request: [25,1790341864785794000,953508509827486,723003197126746,swipe]
09-25 18:41:04.789   326   337 I jank_cuj_events_begin_request: [67,1790341864786039000,953508510072538,723003197371850,]
09-25 18:41:04.789   326   337 I jank_cuj_events_begin_request: [25,1790341864787283000,953508511315923,723003198615340,swipe]
09-25 18:41:04.789   326   337 I jank_cuj_events_begin_request: [67,1790341864787318000,953508511350975,723003198650236,]
09-25 18:41:04.794  2866  2940 I sysui_multi_action: [757,1696,758,6,759,3]
09-25 18:41:04.828   326   337 I jank_cuj_events_cancel_request: [25,1790341864827792000,953508551825454,723003239124663]
09-25 18:41:04.828   326   337 I jank_cuj_events_cancel_request: [67,1790341864827860000,953508551892902,723003239192527]
09-25 18:41:04.828   326   337 I jank_cuj_events_cancel_request: [25,1790341864828196000,953508552228371,723003239527996]
09-25 18:41:04.828   326   337 I jank_cuj_events_cancel_request: [67,1790341864828202000,953508552234152,723003239533361]
09-25 18:41:05.196  2866  3629 I input_interaction: Interaction with: [107c892 StatusBar,PointerEventDispatcher0], on displayId 0
09-25 18:41:05.199  3782  3782 I sysui_multi_action: [757,803,799,panel_open,802,1]
09-25 18:41:05.200  3782  3782 I sysui_multi_action: [757,1328,758,4,1326,28,1327,1,1329,0]
09-25 18:41:05.200  3782  3824 I jank_cuj_events_begin_request: [0,1790341865199948000,953508923982017,723003611281173,Expand]
09-25 18:41:05.219  2866  2902 I sysui_multi_action: [757,127,758,1]
09-25 18:41:05.219  2866  2902 I sysui_multi_action: [757,804,799,note_load,801,6,802,1]
09-25 18:41:05.219  2866  2902 I notification_panel_revealed: 6
09-25 18:41:05.220  2866  2917 I am_pss  : [7794,10315,com.google.android.apps.turbo,0,0,0,62935040,0,5,4]
09-25 18:41:05.222  2866  2917 I am_pss  : [3782,10356,com.android.systemui,0,0,0,712404992,0,1,2]
09-25 18:41:05.241  3782  3782 I viewroot_draw_event: [VRI[NotificationShade],Start draw after previous draw not visible]
09-25 18:41:05.261  3782  3782 I viewroot_draw_event: [VRI[NotificationShade],reportDrawFinished seqId=0]
09-25 18:41:05.269  2866  2917 I am_pss  : [326,10365,com.android.launcher3,0,0,0,400744448,0,2,5]
09-25 18:41:05.273  2866  2911 I input_focus: [Focus request 8c4a75b NotificationShade,reason=UpdateInputWindows]
09-25 18:41:05.280  2866  3614 I am_unfreeze: [682,com.android.settings,6]
09-25 18:41:05.281  2866  2917 I am_pss  : [6617,10304,com.google.android.googlequicksearchbox:googleapp,0,0,0,286674944,0,3,11]
09-25 18:41:05.283  2866  2917 I am_pss  : [9019,99326,com.google.android.webview:sandboxed_process0:org.chromium.content.app.SandboxedProcessService0:0,0,0,0,70791168,0,3,2]
09-25 18:41:05.290  2866  2917 I am_pss  : [682,1000,com.android.settings,0,0,0,103526400,0,10,6]
09-25 18:41:05.290  3782  3824 I jank_cuj_events_begin_request: [0,1790341865290597000,953509014629569,723003701928725,Collapse]
09-25 18:41:05.310  2866  3629 I input_focus: [Focus leaving a7c2d85 com.android.launcher3/com.android.launcher3.uioverrides.QuickstepLauncher,reason=setFocusedWindow]
09-25 18:41:05.310  2866  3629 I input_focus: [Focus entering 8c4a75b NotificationShade,reason=setFocusedWindow]
09-25 18:41:06.338  2866  3895 I sysui_multi_action: [757,128,758,1,793,2935800,794,0,795,2935800,796,0,798,0,806,org.lineageos.etar,857,calendar10,858,4,947,0,1395,6,1500,2935004,1688,1]
09-25 18:41:06.338  2866  3895 I sysui_multi_action: [757,1501,758,1,793,2935800,794,0,795,2935800,796,0,806,org.lineageos.etar,857,calendar10,858,4,947,0,1500,0,1688,1]
09-25 18:41:06.338  2866  3895 I sysui_multi_action: [757,804,799,note_interruptive,801,0,802,1]
09-25 18:41:06.338  2866  3895 I sysui_multi_action: [757,804,799,note_freshness,801,2935800,802,1]
09-25 18:41:06.338  2866  3895 I notification_visibility: [0|org.lineageos.etar|0|null|10338,1,2935800,2935800,0,0]
09-25 18:41:06.339  2866  3895 I sysui_multi_action: [757,128,758,1,793,19452654,794,0,795,19452654,796,26,798,5,806,android,857,DEVELOPER_IMPORTANT,858,4,947,0,1395,6,1500,14133286,1688,1]
09-25 18:41:06.339  2866  3895 I sysui_multi_action: [757,1501,758,1,793,19452654,794,0,795,19452654,796,26,806,android,857,DEVELOPER_IMPORTANT,858,4,947,0,1500,0,1688,1]
09-25 18:41:06.339  2866  3895 I sysui_multi_action: [757,804,799,note_interruptive,801,0,802,1]
09-25 18:41:06.339  2866  3895 I sysui_multi_action: [757,804,799,note_freshness,801,19452654,802,1]
09-25 18:41:06.339  2866  3895 I notification_visibility: [-1|android|26|null|1000,1,19452654,19452654,0,5]
09-25 18:41:06.339  2866  3895 I sysui_multi_action: [757,128,758,1,793,3518123,794,0,795,3518123,796,1,797,IYCK2ClXu/DdxvQIjBAPQIrox6bZKgGw5sfQ5EjBuJ0=
09-25 18:41:06.339  2866  3895 I sysui_multi_action: ,798,2,806,com.whatsapp,857,individual_chat_defaults_5,858,4,946,group_key_messages,947,0,1395,6,1500,3516926,1688,1,1745,732821530]
09-25 18:41:06.339  2866  3895 I sysui_multi_action: [757,1501,758,1,793,3518123,794,0,795,3518123,796,1,797,IYCK2ClXu/DdxvQIjBAPQIrox6bZKgGw5sfQ5EjBuJ0=
09-25 18:41:06.339  2866  3895 I sysui_multi_action: ,806,com.whatsapp,857,individual_chat_defaults_5,858,4,946,group_key_messages,947,0,1500,0,1688,1,1745,732821530]
09-25 18:41:06.339  2866  3895 I sysui_multi_action: [757,804,799,note_interruptive,801,0,802,1]
09-25 18:41:06.339  2866  3895 I sysui_multi_action: [757,804,799,note_freshness,801,3518123,802,1]
09-25 18:41:06.339  2866  3895 I notification_visibility: [0|com.whatsapp|1|IYCK2ClXu/DdxvQIjBAPQIrox6bZKgGw5sfQ5EjBuJ0=
09-25 18:41:06.339  2866  3895 I notification_visibility: |10427,1,3518123,3518123,0,2]
09-25 18:41:06.339  2866  3895 I sysui_multi_action: [757,128,758,1,793,3785770,794,0,795,3785770,796,1299724983,797,PROMOTIONAL+MCM2609231738498400103857,798,3,806,com.phonepe.app,857,PROMOTIONAL_CHANNEL_ID,858,2,947,0,1395,6,1500,3785562,1688,1,1745,2098068913]
09-25 18:41:06.339  2866  3895 I sysui_multi_action: [757,1501,758,1,793,3785770,794,0,795,3785770,796,1299724983,797,PROMOTIONAL+MCM2609231738498400103857,806,com.phonepe.app,857,PROMOTIONAL_CHANNEL_ID,858,2,947,0,1500,0,1688,1,1745,2098068913]
09-25 18:41:06.339  2866  3895 I sysui_multi_action: [757,804,799,note_interruptive,801,0,802,1]
09-25 18:41:06.340  2866  3895 I sysui_multi_action: [757,804,799,note_freshness,801,3785770,802,1]
09-25 18:41:06.340  2866  3895 I notification_visibility: [0|com.phonepe.app|1299724983|PROMOTIONAL+MCM2609231738498400103857|10420,1,3785770,3785770,0,3]
09-25 18:41:06.340  2866  3895 I sysui_multi_action: [757,128,758,1,793,16996631,794,0,795,16996631,796,1000,798,4,806,android,857,LineageHealthChargingControl,858,2,947,0,1395,6,1500,14133287,1688,1]
09-25 18:41:06.340  2866  3895 I sysui_multi_action: [757,1501,758,1,793,16996631,794,0,795,16996631,796,1000,806,android,857,LineageHealthChargingControl,858,2,947,0,1500,0,1688,1]
09-25 18:41:06.340  2866  3895 I sysui_multi_action: [757,804,799,note_interruptive,801,0,802,1]
09-25 18:41:06.340  2866  3895 I sysui_multi_action: [757,804,799,note_freshness,801,16996631,802,1]
09-25 18:41:06.340  2866  3895 I notification_visibility: [0|android|1000|null|1000,1,16996631,16996631,0,4]
09-25 18:41:06.340  2866  3895 I sysui_multi_action: [757,128,758,1,793,19452661,794,0,795,19452661,796,32,798,6,806,android,857,USB,858,1,947,0,1395,6,1500,14133287,1688,1]
09-25 18:41:06.340  2866  3895 I sysui_multi_action: [757,1501,758,1,793,19452661,794,0,795,19452661,796,32,806,android,857,USB,858,1,947,0,1500,0,1688,1]
09-25 18:41:06.340  2866  3895 I sysui_multi_action: [757,804,799,note_interruptive,801,0,802,1]
09-25 18:41:06.340  2866  3895 I sysui_multi_action: [757,804,799,note_freshness,801,19452661,802,1]
09-25 18:41:06.340  2866  3895 I notification_visibility: [-1|android|32|null|1000,1,19452661,19452661,0,6]
09-25 18:41:06.785  3782  3824 I jank_cuj_events_end_request: [0,1790341866784981000,953510509014047,723005196313204]
09-25 18:41:38.804  2866  3614 I am_unfreeze: [9880,com.android.providers.calendar,7]
09-25 18:41:38.804  2866  3904 I am_uid_active: 10269
09-25 18:41:39.630  7431  7472 I service_manager_stats: [200,9,10897096]
09-25 18:42:05.827  2866  2917 I am_pss  : [9880,10269,com.android.providers.calendar,0,0,0,82636800,0,19,2]
09-25 18:42:06.074  2866  3614 I am_unfreeze: [6563,com.android.DeviceAsWebcam,10]
09-25 18:42:06.077  2866  2917 I am_pss  : [6563,1000,com.android.DeviceAsWebcam,0,0,0,74481664,0,19,2]
09-25 18:42:15.869  2866  3614 I am_freeze: [9880,com.android.providers.calendar]
09-25 18:42:26.125  2866  3614 I am_freeze: [6563,com.android.DeviceAsWebcam]
09-25 18:42:45.824  2866  2918 I am_uid_idle: 10269
09-25 18:42:53.959  2866  3612 I commit_sys_config_file: [settings-0-0,11]
09-25 18:43:06.054  2866  3629 I input_interaction: Interaction with: [8c4a75b NotificationShade,PointerEventDispatcher0], on displayId 0
09-25 18:43:06.117  3782  3824 I jank_cuj_events_begin_request: [2,1790341986117213000,953629841246450,723124528545606,]
09-25 18:43:06.200  3782  3824 I jank_cuj_events_end_request: [2,1790341986199762000,953629923795043,723124611094200]
09-25 18:43:06.641  3782  3824 I jank_cuj_events_begin_request: [0,1790341986641291000,953630365325043,723125052624252,Collapse]
09-25 18:43:06.703  3782  3824 I jank_cuj_events_begin_request: [0,1790341986703018000,953630427051450,723125114350606,Collapse]
09-25 18:43:07.057  3782  3824 I jank_cuj_events_end_request: [0,1790341987056769000,953630780801814,723125468100918]
09-25 18:43:07.061  2866  2911 I input_focus: [Focus request a7c2d85 com.android.launcher3/com.android.launcher3.uioverrides.QuickstepLauncher,reason=UpdateInputWindows]
09-25 18:43:07.066  2866  3895 I sysui_multi_action: [757,127,758,2]
09-25 18:43:07.066  2866  3895 I notification_panel_hidden: 
09-25 18:43:07.067  2866  3895 I sysui_multi_action: [757,128,758,2,793,3056529,794,120729,795,3056529,796,0,798,0,806,org.lineageos.etar,857,calendar10,858,4,947,0,1395,6,1500,120729,1688,1]
09-25 18:43:07.067  2866  3895 I notification_visibility: [0|org.lineageos.etar|0|null|10338,0,3056529,3056529,0,0]
09-25 18:43:07.067  2866  3895 I sysui_multi_action: [757,128,758,2,793,19573382,794,120728,795,19573382,796,26,798,5,806,android,857,DEVELOPER_IMPORTANT,858,4,947,0,1395,6,1500,120728,1688,1]
09-25 18:43:07.067  2866  3895 I notification_visibility: [-1|android|26|null|1000,0,19573382,19573382,0,5]
09-25 18:43:07.067  2866  3895 I sysui_multi_action: [757,128,758,2,793,3638851,794,120728,795,3638851,796,1,797,IYCK2ClXu/DdxvQIjBAPQIrox6bZKgGw5sfQ5EjBuJ0=
09-25 18:43:07.067  2866  3895 I sysui_multi_action: ,798,2,806,com.whatsapp,857,individual_chat_defaults_5,858,4,946,group_key_messages,947,0,1395,6,1500,120728,1688,1,1745,732821530]
09-25 18:43:07.067  2866  3895 I notification_visibility: [0|com.whatsapp|1|IYCK2ClXu/DdxvQIjBAPQIrox6bZKgGw5sfQ5EjBuJ0=
09-25 18:43:07.067  2866  3895 I notification_visibility: |10427,0,3638851,3638851,0,2]
09-25 18:43:07.067  2866  3895 I sysui_multi_action: [757,128,758,2,793,3906498,794,120728,795,3906498,796,1299724983,797,PROMOTIONAL+MCM2609231738498400103857,798,3,806,com.phonepe.app,857,PROMOTIONAL_CHANNEL_ID,858,2,947,0,1395,6,1500,120728,1688,1,1745,2098068913]
09-25 18:43:07.067  2866  3895 I notification_visibility: [0|com.phonepe.app|1299724983|PROMOTIONAL+MCM2609231738498400103857|10420,0,3906498,3906498,0,3]
09-25 18:43:07.067  2866  3895 I sysui_multi_action: [757,128,758,2,793,17117358,794,120727,795,17117358,796,1000,798,4,806,android,857,LineageHealthChargingControl,858,2,947,0,1395,6,1500,120727,1688,1]
09-25 18:43:07.067  2866  3895 I notification_visibility: [0|android|1000|null|1000,0,17117358,17117358,0,4]
09-25 18:43:07.067  2866  3895 I sysui_multi_action: [757,128,758,2,793,19573388,794,120727,795,19573388,796,32,798,6,806,android,857,USB,858,1,947,0,1395,6,1500,120727,1688,1]
09-25 18:43:07.067  2866  3895 I notification_visibility: [-1|android|32|null|1000,0,19573388,19573388,0,6]
09-25 18:43:07.077  2866  3629 I input_focus: [Focus leaving 8c4a75b NotificationShade,reason=NOT_FOCUSABLE]
09-25 18:43:07.078  2866  3629 I input_focus: [Focus entering a7c2d85 com.android.launcher3/com.android.launcher3.uioverrides.QuickstepLauncher,reason=setFocusedWindow]
09-25 18:43:07.086  3782  3782 I viewroot_draw_event: [VRI[NotificationShade],Not drawing due to not visible. Reason=View.INVISIBLE]
09-25 18:43:15.347  2866  3614 I am_unfreeze: [7013,com.google.android.gms.unstable,6]
09-25 18:43:15.403  7013  7013 I auditd  : type=1400 audit(0.0:6994813): avc:  denied  { read } for  comm="binder:7013_3" name="u:object_r:adbd_prop:s0" dev="tmpfs" ino=96 scontext=u:r:gmscore_app:s0:c512,c768 tcontext=u:object_r:adbd_prop:s0 tclass=file permissive=0 app=com.google.android.gms
09-25 18:43:30.478  2866  2917 I am_pss  : [7013,10303,com.google.android.gms.unstable,0,0,0,144605184,0,3,3]
09-25 18:43:35.276  2866  3614 I am_freeze: [7431,com.google.android.googlequicksearchbox:search]
09-25 18:43:35.743  2866  3614 I am_compact: [7431,com.google.android.googlequicksearchbox:search,ANON,352872,268688,80548,68484,-69740,-1664,-68076,67804,466,FULL,722666184,900,15,821280,-4848]
09-25 18:43:45.193  2866  3614 I am_unfreeze: [724,com.android.vending:background,6]
09-25 18:43:45.207  2866  3614 I am_unfreeze: [6696,com.jio.myjio,6]
09-25 18:43:47.121  2866  3614 I am_freeze: [682,com.android.settings]
09-25 18:43:55.277  2866  3614 I am_freeze: [6696,com.jio.myjio]
09-25 18:43:55.368  2866  3614 I am_compact: [6696,com.jio.myjio,ANON,123388,102612,18628,66892,-14572,-5380,-9192,9184,90,FULL,722551357,905,19,824228,-332]
09-25 18:43:55.370  2866  3614 I am_freeze: [724,com.android.vending:background]
09-25 18:43:55.442  2866  3614 I am_compact: [724,com.android.vending:background,ANON,136156,118980,15408,78044,-11724,-136,-11588,11580,72,FULL,713043015,925,19,824560,-3672]
09-25 18:44:33.157  2866  3614 I am_freeze: [7013,com.google.android.gms.unstable]
09-25 18:44:33.233  2866  3614 I am_compact: [7013,com.google.android.gms.unstable,ANON,141340,115844,23616,44808,-10492,0,-10492,10396,76,FULL,722550672,905,19,828232,-4176]
09-25 18:44:35.451  2866  3614 I am_unfreeze: [6696,com.jio.myjio,3]
09-25 18:44:35.454  2866  2917 I am_pss  : [6696,10489,com.jio.myjio,0,0,0,112590848,0,11,2]
09-25 18:44:35.464  2866  3772 I sync    : [com.android.contacts,0,4,1999394194]
09-25 18:44:35.476  2866  3614 I am_unfreeze: [857,com.whatsapp,6]
09-25 18:44:35.491  2866  3614 I am_unfreeze: [11523,android.process.acore,7]
09-25 18:44:35.494  2866  2917 I am_pss  : [11523,10262,android.process.acore,0,0,0,88121344,0,19,1]
09-25 18:44:37.259  2866  3772 I sync    : [com.android.contacts,1,4,1999394194]
09-25 18:44:37.600  2866  2909 I commit_sys_config_file: [notification-policy,17]
09-25 18:44:38.122  2866  2909 I commit_sys_config_file: [notification-policy,20]
09-25 18:44:39.275  2866  2909 I commit_sys_config_file: [jobs,12]
09-25 18:44:45.533  2866  3614 I am_freeze: [6696,com.jio.myjio]
09-25 18:44:53.979  2866  3612 I commit_sys_config_file: [settings-0-0,13]
09-25 18:45:13.328  2866  3614 I am_freeze: [11523,android.process.acore]
09-25 18:45:13.394  2866  3614 I am_compact: [11523,android.process.acore,ANON,89404,70588,17048,47264,-4244,-64,-4180,4180,65,FULL,722053549,905,19,814756,-36]
09-25 18:45:16.669  2866  3614 I am_freeze: [857,com.whatsapp]
09-25 18:45:17.157  2866  3614 I am_compact: [857,com.whatsapp,ANON,287176,194060,89920,75040,-113576,-28368,-85208,84720,487,FULL,722550366,900,16,814792,-17500]
09-25 18:46:53.995  2866  3612 I commit_sys_config_file: [settings-0-0,11]
09-25 18:48:54.004  2866  3612 I commit_sys_config_file: [settings-0-0,10]
09-25 18:49:26.604 10644 15071 I c2dm    : [-7,,79,47]
09-25 18:49:26.610  2866  3614 I am_unfreeze: [857,com.whatsapp,3]
09-25 18:49:26.611  2866  2918 I am_uid_active: 10427
09-25 18:49:26.648  2866  2918 I am_wtf  : [0,2866,system_server,-1,ActivityManager,Background started FGS: Allowed [callingPackage: com.whatsapp; callingUid: 10427; uidState: SVC ; uidBFSL: n/a; intent: Intent { xflg=0x4 cmp=com.whatsapp/.messaging.service.GcmFGService }; code:PUSH_MESSAGING; tempAllowListReason:<48524cd com.google.android.c2dm.intent.RECEIVE/u0,reasonCode:PUSH_MESSAGING,duration:20000,callingUid:10303>; allowWiu:-1; targetSdkVersion:36; callerTargetSdkVersion:36; startForegroundCount:0; bindFromPackage:null: isBindService:false]]
09-25 18:49:26.661  2866  2918 I am_wtf  : [0,2866,system_server,-1,ActivityManager,Background started FGS: Allowed [callingPackage: com.whatsapp; callingUid: 10427; uidState: FGS ; uidBFSL: [BFSL]; intent: Intent { cmp=com.whatsapp/.messaging.service.GcmFGService }; code:PROC_STATE_FGS; tempAllowListReason:<48524cd com.google.android.c2dm.intent.RECEIVE/u0,reasonCode:PUSH_MESSAGING,duration:20000,callingUid:10303>; allowWiu:-1; targetSdkVersion:36; callerTargetSdkVersion:36; startForegroundCount:0; bindFromPackage:null: isBindService:false]]
09-25 18:49:26.662  2866  3895 I am_foreground_service_start: [0,com.whatsapp/.messaging.service.GcmFGService,0,PROC_STATE_FGS,36,36,0,0,0,1,UNKNOWN,1]
09-25 18:49:28.045  2866  2909 I commit_sys_config_file: [notification-policy,18]
09-25 18:49:29.264  2866  3904 I am_foreground_service_stop: [0,com.whatsapp/.messaging.service.GcmFGService,0,PROC_STATE_FGS,36,36,1,0,2602,1,STOP_SERVICE,1]
09-25 18:49:53.880  2866  3671 I netstats_mobile_sample: [72274179159,16323610578,59697911,22026690,71952697302,16229712761,59512295,20216035,1790342393897]
09-25 18:49:53.880  2866  3671 I netstats_wifi_sample: [25106702385,12147183491,23589529,57479801,24913756016,5568309773,24116129,11019456,1790342393897]
09-25 18:50:06.758  2866  3614 I am_freeze: [857,com.whatsapp]
09-25 18:50:46.469  2866  3614 I am_unfreeze: [682,com.android.settings,10]
09-25 18:50:46.470  2866  2918 I am_uid_running: 10300
09-25 18:50:46.485  2866  3614 I am_unfreeze: [6563,com.android.DeviceAsWebcam,10]
09-25 18:50:46.486  2866  3614 I am_unfreeze: [7013,com.google.android.gms.unstable,10]
09-25 18:50:46.486  2866  2919 I am_proc_start: [0,15392,10300,com.google.android.projection.gearhead:shared,broadcast,{com.google.android.projection.gearhead/com.google.android.apps.auto.wireless.bluetooth.WifiBluetoothReceiver}]
09-25 18:50:46.486  2866  3614 I am_unfreeze: [7431,com.google.android.googlequicksearchbox:search,10]
09-25 18:50:46.506  2866  3895 I am_proc_bound: [0,15392,com.google.android.projection.gearhead:shared]
09-25 18:50:46.548  2866  4564 I am_uid_active: 10300
09-25 18:50:46.558  2866  2917 I am_pss  : [7761,1002,com.android.bluetooth,0,0,0,99319808,0,0,16]
09-25 18:50:46.564  2866  2919 I am_proc_start: [0,15422,10300,com.google.android.projection.gearhead:car,broadcast,{com.google.android.projection.gearhead/com.google.android.apps.auto.carservice.gmscorecompat.CarBluetoothReceiver}]
09-25 18:50:46.582  2866  3895 I am_proc_bound: [0,15422,com.google.android.projection.gearhead:car]
09-25 18:50:46.614  2866  2918 I am_uid_idle: 10427
09-25 18:50:46.614  2866  2918 I am_stop_idle_service: [10427,com.whatsapp/.messageservice.messaging.MessageService]
09-25 18:50:52.007  1558  1558 I auditd  : type=1400 audit(0.0:6994814): avc:  denied  { search } for  comm="android.hardwar" name="uhid" dev="sysfs" ino=65226 scontext=u:r:hal_health_default:s0 tcontext=u:object_r:sysfs_uhid:s0 tclass=dir permissive=0
09-25 18:50:52.007  1558  1558 I auditd  : type=1400 audit(0.0:6994815): avc:  denied  { search } for  comm="android.hardwar" name="uhid" dev="sysfs" ino=65226 scontext=u:r:hal_health_default:s0 tcontext=u:object_r:sysfs_uhid:s0 tclass=dir permissive=0
09-25 18:50:52.015  1558  1558 I auditd  : type=1400 audit(0.0:6994816): avc:  denied  { search } for  comm="android.hardwar" name="uhid" dev="sysfs" ino=65226 scontext=u:r:hal_health_default:s0 tcontext=u:object_r:sysfs_uhid:s0 tclass=dir permissive=0
09-25 18:50:52.015  1558  1558 I auditd  : type=1400 audit(0.0:6994817): avc:  denied  { search } for  comm="android.hardwar" name="uhid" dev="sysfs" ino=65226 scontext=u:r:hal_health_default:s0 tcontext=u:object_r:sysfs_uhid:s0 tclass=dir permissive=0
09-25 18:50:54.014  2866  3612 I commit_sys_config_file: [settings-0-0,9]
09-25 18:51:01.943  1558  1558 I auditd  : type=1400 audit(0.0:6994818): avc:  denied  { search } for  comm="android.hardwar" name="uhid" dev="sysfs" ino=65226 scontext=u:r:hal_health_default:s0 tcontext=u:object_r:sysfs_uhid:s0 tclass=dir permissive=0
09-25 18:51:01.943  1558  1558 I auditd  : type=1400 audit(0.0:6994819): avc:  denied  { search } for  comm="android.hardwar" name="uhid" dev="sysfs" ino=65226 scontext=u:r:hal_health_default:s0 tcontext=u:object_r:sysfs_uhid:s0 tclass=dir permissive=0
09-25 18:51:01.955  1558  1558 I auditd  : type=1400 audit(0.0:6994820): avc:  denied  { search } for  comm="android.hardwar" name="uhid" dev="sysfs" ino=65226 scontext=u:r:hal_health_default:s0 tcontext=u:object_r:sysfs_uhid:s0 tclass=dir permissive=0
09-25 18:51:01.955  1558  1558 I auditd  : type=1400 audit(0.0:6994821): avc:  denied  { search } for  comm="android.hardwar" name="uhid" dev="sysfs" ino=65226 scontext=u:r:hal_health_default:s0 tcontext=u:object_r:sysfs_uhid:s0 tclass=dir permissive=0
09-25 18:51:05.939  1213  1213 I auditd  : type=1400 audit(0.0:6994822): avc:  denied  { read } for  comm="binder:1213_F" name="name" dev="sysfs" ino=17039586 scontext=u:r:system_suspend:s0 tcontext=u:object_r:sysfs_uhid:s0 tclass=file permissive=0
09-25 18:51:05.939  1213  1213 I auditd  : type=1400 audit(0.0:6994823): avc:  denied  { read } for  comm="binder:1213_F" name="active_count" dev="sysfs" ino=17039587 scontext=u:r:system_suspend:s0 tcontext=u:object_r:sysfs_uhid:s0 tclass=file permissive=0
09-25 18:51:05.939  1213  1213 I auditd  : type=1400 audit(0.0:6994824): avc:  denied  { read } for  comm="binder:1213_F" name="last_change_ms" dev="sysfs" ino=17039594 scontext=u:r:system_suspend:s0 tcontext=u:object_r:sysfs_uhid:s0 tclass=file permissive=0
09-25 18:51:05.939  1213  1213 I auditd  : type=1400 audit(0.0:6994825): avc:  denied  { read } for  comm="binder:1213_F" name="max_time_ms" dev="sysfs" ino=17039593 scontext=u:r:system_suspend:s0 tcontext=u:object_r:sysfs_uhid:s0 tclass=file permissive=0
09-25 18:51:05.939  1213  1213 I auditd  : type=1400 audit(0.0:6994826): avc:  denied  { read } for  comm="binder:1213_F" name="total_time_ms" dev="sysfs" ino=17039592 scontext=u:r:system_suspend:s0 tcontext=u:object_r:sysfs_uhid:s0 tclass=file permissive=0
09-25 18:51:05.939  1213  1213 I auditd  : type=1400 audit(0.0:6994827): avc:  denied  { read } for  comm="binder:1213_F" name="active_time_ms" dev="sysfs" ino=17039591 scontext=u:r:system_suspend:s0 tcontext=u:object_r:sysfs_uhid:s0 tclass=file permissive=0
09-25 18:51:05.939  1213  1213 I auditd  : type=1400 audit(0.0:6994828): avc:  denied  { read } for  comm="binder:1213_F" name="event_count" dev="sysfs" ino=17039588 scontext=u:r:system_suspend:s0 tcontext=u:object_r:sysfs_uhid:s0 tclass=file permissive=0
09-25 18:51:05.939  1213  1213 I auditd  : type=1400 audit(0.0:6994829): avc:  denied  { read } for  comm="binder:1213_F" name="expire_count" dev="sysfs" ino=17039590 scontext=u:r:system_suspend:s0 tcontext=u:object_r:sysfs_uhid:s0 tclass=file permissive=0
09-25 18:51:05.939  1213  1213 I auditd  : type=1400 audit(0.0:6994830): avc:  denied  { read } for  comm="binder:1213_F" name="prevent_suspend_time_ms" dev="sysfs" ino=17039595 scontext=u:r:system_suspend:s0 tcontext=u:object_r:sysfs_uhid:s0 tclass=file permissive=0
09-25 18:51:05.958  2866  2928 I commit_sys_config_file: [batterystats,7]
09-25 18:51:05.961  2866  2928 I commit_sys_config_file: [batterystats,1]
09-25 18:51:06.625  2866  2917 I am_pss  : [15422,10300,com.google.android.projection.gearhead:car,0,0,0,112754688,0,19,3]
09-25 18:51:06.627  2866  2917 I am_pss  : [15392,10300,com.google.android.projection.gearhead:shared,0,0,0,123895808,0,19,1]
09-25 18:51:12.227  1558  1558 I auditd  : type=1400 audit(0.0:6994832): avc:  denied  { search } for  comm="android.hardwar" name="uhid" dev="sysfs" ino=65226 scontext=u:r:hal_health_default:s0 tcontext=u:object_r:sysfs_uhid:s0 tclass=dir permissive=0
09-25 18:51:12.227  1558  1558 I auditd  : type=1400 audit(0.0:6994833): avc:  denied  { search } for  comm="android.hardwar" name="uhid" dev="sysfs" ino=65226 scontext=u:r:hal_health_default:s0 tcontext=u:object_r:sysfs_uhid:s0 tclass=dir permissive=0
09-25 18:51:12.235  1558  1558 I auditd  : type=1400 audit(0.0:6994834): avc:  denied  { search } for  comm="android.hardwar" name="uhid" dev="sysfs" ino=65226 scontext=u:r:hal_health_default:s0 tcontext=u:object_r:sysfs_uhid:s0 tclass=dir permissive=0
09-25 18:51:12.239  1558  1558 I auditd  : type=1400 audit(0.0:6994835): avc:  denied  { search } for  comm="android.hardwar" name="uhid" dev="sysfs" ino=65226 scontext=u:r:hal_health_default:s0 tcontext=u:object_r:sysfs_uhid:s0 tclass=dir permissive=0
09-25 18:51:16.523  2866  3614 I am_freeze: [7431,com.google.android.googlequicksearchbox:search]
09-25 18:51:16.622  2866  3614 I am_compact: [7431,com.google.android.googlequicksearchbox:search,ANON,290996,267500,19860,129516,-8696,-284,-8412,8380,98,FULL,723154154,900,15,814124,-156]
09-25 18:51:16.623  2866  3614 I am_freeze: [682,com.android.settings]
09-25 18:51:16.623  2866  3614 I am_freeze: [6563,com.android.DeviceAsWebcam]
09-25 18:51:16.624  2866  3614 I am_freeze: [15422,com.google.android.projection.gearhead:car]
09-25 18:51:16.625  2866  3614 I am_freeze: [15392,com.google.android.projection.gearhead:shared]
09-25 18:51:17.047  2866  3614 I am_freeze: [7013,com.google.android.gms.unstable]
09-25 18:51:17.120  2866  3614 I am_compact: [7013,com.google.android.gms.unstable,ANON,139164,115844,21440,46756,-7944,0,-7944,7896,73,FULL,723211645,905,19,814280,-192]
09-25 18:51:52.007  1558  1558 I auditd  : type=1400 audit(0.0:6994836): avc:  denied  { search } for  comm="android.hardwar" name="uhid" dev="sysfs" ino=65226 scontext=u:r:hal_health_default:s0 tcontext=u:object_r:sysfs_uhid:s0 tclass=dir permissive=0
09-25 18:51:52.007  1558  1558 I auditd  : type=1400 audit(0.0:6994837): avc:  denied  { search } for  comm="android.hardwar" name="uhid" dev="sysfs" ino=65226 scontext=u:r:hal_health_default:s0 tcontext=u:object_r:sysfs_uhid:s0 tclass=dir permissive=0
09-25 18:51:52.019  1558  1558 I auditd  : type=1400 audit(0.0:6994838): avc:  denied  { search } for  comm="android.hardwar" name="uhid" dev="sysfs" ino=65226 scontext=u:r:hal_health_default:s0 tcontext=u:object_r:sysfs_uhid:s0 tclass=dir permissive=0
09-25 18:51:52.019  1558  1558 I auditd  : type=1400 audit(0.0:6994839): avc:  denied  { search } for  comm="android.hardwar" name="uhid" dev="sysfs" ino=65226 scontext=u:r:hal_health_default:s0 tcontext=u:object_r:sysfs_uhid:s0 tclass=dir permissive=0
09-25 18:52:06.627  2866  2918 I am_uid_idle: 10300
09-25 18:52:13.675  1558  1558 I auditd  : type=1400 audit(0.0:6994840): avc:  denied  { search } for  comm="android.hardwar" name="uhid" dev="sysfs" ino=65226 scontext=u:r:hal_health_default:s0 tcontext=u:object_r:sysfs_uhid:s0 tclass=dir permissive=0
09-25 18:52:13.675  1558  1558 I auditd  : type=1400 audit(0.0:6994841): avc:  denied  { search } for  comm="android.hardwar" name="uhid" dev="sysfs" ino=65226 scontext=u:r:hal_health_default:s0 tcontext=u:object_r:sysfs_uhid:s0 tclass=dir permissive=0
09-25 18:52:13.687  1558  1558 I auditd  : type=1400 audit(0.0:6994842): avc:  denied  { search } for  comm="android.hardwar" name="uhid" dev="sysfs" ino=65226 scontext=u:r:hal_health_default:s0 tcontext=u:object_r:sysfs_uhid:s0 tclass=dir permissive=0
09-25 18:52:13.687  1558  1558 I auditd  : type=1400 audit(0.0:6994843): avc:  denied  { search } for  comm="android.hardwar" name="uhid" dev="sysfs" ino=65226 scontext=u:r:hal_health_default:s0 tcontext=u:object_r:sysfs_uhid:s0 tclass=dir permissive=0
09-25 18:52:27.003  2866  7137 I wm_task_moved: [1545,1545,0,1,5]
09-25 18:52:27.003  2866  7137 I wm_task_to_front: [0,1545,0]
09-25 18:52:27.003  2866  7137 I wm_focused_root_task: [0,0,1545,1,bringingFoundTaskToFront]
09-25 18:52:27.007  2866  7137 I wm_task_moved: [1545,1545,0,1,5]
09-25 18:52:27.007  2866  7137 I wm_create_activity: [0,110866768,1545,com.zenithblue.sambas3/.MainActivity,NULL,NULL,NULL,272629760]
09-25 18:52:27.010  2866  7137 I wm_pause_activity: [0,258767249,com.android.launcher3/.uioverrides.QuickstepLauncher,userLeaving=true,pauseBackTasks]
09-25 18:52:27.027   326   326 I wm_on_top_resumed_lost_called: [258767249,com.android.launcher3.uioverrides.QuickstepLauncher,topStateChangedWhenResumed]
09-25 18:52:27.030   326   326 I wm_on_paused_called: [258767249,com.android.launcher3.uioverrides.QuickstepLauncher,performPause,1]
09-25 18:52:27.031  2866  3904 I wm_add_to_stopping: [0,258767249,com.android.launcher3/.uioverrides.QuickstepLauncher,makeInvisible]
09-25 18:52:27.031  2866  3904 I wm_restart_activity: [0,110866768,1545,com.zenithblue.sambas3/.MainActivity]
09-25 18:52:27.031  2866  3904 I wm_set_resumed_activity: [0,com.zenithblue.sambas3/.MainActivity,realStartActivityLocked - onActivityStateChanged]
09-25 18:52:27.032  2866  2907 I sysui_multi_action: [757,803,799,window_time_0,802,14793]
09-25 18:52:27.032  2866  2910 I am_uid_active: 10463
09-25 18:52:27.032  2866  3614 I am_unfreeze: [579,com.zenithblue.sambas3,1]
09-25 18:52:27.032  2866  2911 I input_focus: [Requesting to set focus to null window,reason=UpdateInputWindows]
09-25 18:52:27.037  2866  3605 I job_deferred_execution: 84397282
09-25 18:52:27.044  2866  3605 I am_uid_running: 10415
09-25 18:52:27.045  2866  3605 I job_deferred_execution: 84397290
09-25 18:52:27.046  2866  3605 I job_deferred_execution: 87575509
09-25 18:52:27.047  2866  3605 I am_uid_running: 10474
09-25 18:52:27.053  2866  3629 I input_focus: [Focus leaving a7c2d85 com.android.launcher3/com.android.launcher3.uioverrides.QuickstepLauncher,reason=Waiting for window because NO_WINDOW]
09-25 18:52:27.054  2866  2919 I am_proc_start: [0,15499,10415,com.google.android.apps.nbu.files,service,{com.google.android.apps.nbu.files/androidx.work.impl.background.systemjob.SystemJobService}]
09-25 18:52:27.057   579   579 I wm_on_create_called: [110866768,com.zenithblue.sambas3.MainActivity,performCreate,7]
09-25 18:52:27.058   579   579 I wm_on_start_called: [110866768,com.zenithblue.sambas3.MainActivity,handleStartActivity,0]
09-25 18:52:27.059   579   579 I wm_on_resume_called: [110866768,com.zenithblue.sambas3.MainActivity,RESUME_ACTIVITY,1]
09-25 18:52:27.062   579   579 I wm_on_top_resumed_gained_called: [110866768,com.zenithblue.sambas3.MainActivity,topStateChangedWhenResumed]
09-25 18:52:27.063  2866  2919 I am_proc_start: [0,15500,10474,com.google.android.apps.maps,service,{com.google.android.apps.maps/androidx.work.impl.background.systemjob.SystemJobService}]
09-25 18:52:27.064  2866  2917 I commit_sys_config_file: [display-state,1]
09-25 18:52:27.069  2866  7137 I am_proc_bound: [0,15499,com.google.android.apps.nbu.files]
09-25 18:52:27.081  2866  4564 I am_proc_bound: [0,15500,com.google.android.apps.maps]
09-25 18:52:27.094  4983  4983 I viewroot_draw_event: [VRI[],Not drawing due to not visible. Reason=View.INVISIBLE]
09-25 18:52:27.098  2866  2911 I input_focus: [Focus request 8957f8 com.zenithblue.sambas3/com.zenithblue.sambas3.MainActivity,reason=UpdateInputWindows]
09-25 18:52:27.145   579   579 I viewroot_draw_event: [VRI[MainActivity],reportDrawFinished seqId=0]
09-25 18:52:27.146  2866  2907 I sysui_multi_action: [319,39,321,34,322,147,325,723685,757,761,758,8,759,2,806,com.zenithblue.sambas3,871,com.zenithblue.sambas3.MainActivity,904,com.android.shell,905,0,1320,4,1321,4]
09-25 18:52:27.146  2866  2907 I wm_activity_launch_time: [0,110866768,com.zenithblue.sambas3/.MainActivity,147]
09-25 18:52:27.166  2866  3629 I input_focus: [Focus entering 8957f8 com.zenithblue.sambas3/com.zenithblue.sambas3.MainActivity,reason=Window became focusable. Previous reason: NOT_VISIBLE]
09-25 18:52:27.177   579   579 I viewroot_draw_event: [VRI[MainActivity],reportDrawFinished seqId=0]
09-25 18:52:27.205  2866  3614 I am_unfreeze: [857,com.whatsapp,1]
09-25 18:52:27.206  2866  2917 I am_pss  : [326,10365,com.android.launcher3,0,0,0,401342464,0,2,7]
09-25 18:52:27.203  1621  1621 I auditd  : type=1400 audit(0.0:6994844): avc:  denied  { search } for  comm="LightningLaunc" name="2458" dev="proc" ino=254131945 scontext=u:r:vendor_hal_perf_default:s0 tcontext=u:r:update_engine:s0 tclass=dir permissive=0
09-25 18:52:27.213  2866  2917 I am_pss  : [3754,10424,org.mozilla.fenix,0,0,0,279523328,0,16,6]
09-25 18:52:27.224  2866  2917 I am_pss  : [6466,10424,org.mozilla.fenix:crashhelper_disable_art_image_,0,0,0,94183424,0,17,10]
09-25 18:52:27.226  2866  2917 I am_pss  : [15422,10300,com.google.android.projection.gearhead:car,0,0,0,113233920,0,19,2]
09-25 18:52:27.230  2866  2917 I am_pss  : [15392,10300,com.google.android.projection.gearhead:shared,0,0,0,121692160,0,19,4]
09-25 18:52:27.231  2866  2917 I am_pss  : [724,10297,com.android.vending:background,0,0,0,127422464,0,19,1]
09-25 18:52:27.232  2866  2917 I am_pss  : [8973,10425,com.android.chrome,0,0,0,186019840,0,19,1]
09-25 18:52:27.233  2866  2917 I am_pss  : [8115,10418,com.google.android.apps.youtube.creator,0,0,0,99667968,0,19,0]
09-25 18:52:27.233  2866  2917 I am_pss  : [5567,10386,com.android.providers.media.module,0,0,0,113168384,0,0,1]
09-25 18:52:27.234  2866  2917 I am_pss  : [8118,10420,com.phonepe.app,0,0,0,161398784,0,19,0]
09-25 18:52:27.234  2866  2917 I am_pss  : [8114,10494,ch.protonvpn.android,0,0,0,96722944,0,19,0]
09-25 18:52:27.240  2866  2917 I am_pss  : [482,10297,com.android.vending,0,0,0,161103872,0,19,5]
09-25 18:52:27.242  2866  2917 I am_pss  : [14746,10315,com.google.android.apps.turbo:ssb,0,0,0,83517440,0,19,2]
09-25 18:52:27.242  2866  2917 I am_pss  : [9294,10315,com.google.android.apps.turbo:aab,0,0,0,92741632,0,19,1]
09-25 18:52:27.243  2866  3612 I commit_sys_config_file: [settings-2-0,1]
09-25 18:52:27.247  2866  2917 I am_pss  : [8757,10444,com.google.android.gm,0,0,0,166572032,0,19,4]
09-25 18:52:27.250  2866  2917 I am_pss  : [7616,10383,com.android.permissioncontroller,0,0,0,96645120,0,19,2]
09-25 18:52:27.257  2866  2917 I am_pss  : [7558,10338,org.lineageos.etar,0,0,0,90177536,0,19,7]
09-25 18:52:27.258  2866  2917 I am_pss  : [14270,10307,com.google.android.euicc,0,0,0,85471232,0,19,1]
09-25 18:52:27.259  2866  2917 I am_pss  : [6575,10261,android.process.media,0,0,0,81489920,0,19,2]
09-25 18:52:27.261  2866  2917 I am_pss  : [10625,10305,com.google.android.apps.bard,0,0,0,103092224,0,19,1]
09-25 18:52:27.261  2866  3612 I commit_sys_config_file: [settings-1-0,1]
09-25 18:52:27.263  2866  2917 I am_pss  : [9151,10346,com.google.android.webview:webview_service,0,0,0,84566016,0,19,2]
09-25 18:52:27.265  2866  2917 I am_pss  : [8271,10318,com.google.android.apps.wellbeing,0,0,0,93810688,0,19,1]
09-25 18:52:27.265  2866  2917 I am_pss  : [8136,10312,com.google.android.apps.restore,0,0,0,84467712,0,19,1]
09-25 18:52:27.266  2866  2917 I am_pss  : [7724,10398,com.android.rkpdapp,0,0,0,74797056,0,19,0]
09-25 18:52:27.267  2866  2917 I am_pss  : [7217,10404,com.android.cellbroadcastreceiver.module,0,0,0,75890688,0,19,1]
09-25 18:52:27.268  2866  2917 I am_pss  : [7117,10311,com.android.dialer,0,0,0,134254592,0,19,1]
09-25 18:52:27.269  2866  2917 I am_pss  : [7357,10262,com.android.calllogbackup,0,0,0,71729152,0,19,1]
09-25 18:52:27.269  2866  2917 I am_pss  : [7274,10311,com.android.incallui,0,0,0,79704064,0,19,0]
09-25 18:52:27.270  2866  2917 I am_pss  : [7126,10477,org.telegram.messenger,0,0,0,107679744,0,19,0]
09-25 18:52:27.272  2866  2917 I am_pss  : [11274,10375,com.android.smspush,0,0,0,52621312,0,6,2]
09-25 18:52:27.272  2866  2917 I am_pss  : [5697,10302,org.lineageos.euicc,0,0,0,51740672,0,0,0]
09-25 18:52:27.273  2866  2917 I am_pss  : [5686,10371,org.ifaa.aidl.manager,0,0,0,51900416,0,0,1]
09-25 18:52:27.273  2866  2917 I am_pss  : [5644,1000,com.libremobileos.freeform,0,0,0,54341632,0,0,1]
09-25 18:52:27.274  2866  2917 I am_pss  : [5629,1000,com.libremobileos.sidebar,0,0,0,55164928,0,0,0]
09-25 18:52:27.275  2866  2917 I am_pss  : [4983,1000,io.chaldeaprjkt.gamespace,0,0,0,124186624,0,0,1]
09-25 18:52:27.275  2866  2917 I am_pss  : [4047,1000,org.protonaosp.columbus,0,0,0,55570432,0,0,0]
09-25 18:52:27.276  2866  2917 I am_pss  : [4019,1001,.dataservices,0,0,0,56971264,0,0,1]
09-25 18:52:27.277  2866  2917 I am_pss  : [9885,10378,com.qti.qcc,0,0,0,58466304,0,0,1]
09-25 18:52:27.277  2866  2917 I am_pss  : [4006,1001,com.android.phone,0,0,0,130138112,0,0,0]
09-25 18:52:27.277  2866  2917 I am_pss  : [3991,10362,org.lineageos.settings.esimswitcher,0,0,0,52445184,0,0,1]
09-25 18:52:27.278  2866  2917 I am_pss  : [3986,1068,com.android.se,0,0,0,54632448,0,0,0]
09-25 18:52:27.278  2866  2917 I am_pss  : [3958,10359,org.codeaurora.ims,0,0,0,71786496,0,0,1]
09-25 18:52:27.279  2866  2917 I am_pss  : [3935,10363,com.qti.phone,0,0,0,56258560,0,0,0]
09-25 18:52:27.279  2866  2917 I am_pss  : [3948,1027,com.android.nfc,0,0,0,66580480,0,0,0]
09-25 18:52:27.279  2866  2917 I am_pss  : [3943,1073,com.android.networkstack.process,0,0,0,80044032,0,0,1]
09-25 18:52:27.280  2866  2917 I am_pss  : [3931,10295,.qtidataservices,0,0,0,69451776,0,0,0]
09-25 18:52:27.281  2866  2917 I am_pss  : [3928,1000,com.android.axion.quicklook,0,0,0,54267904,0,0,0]
09-25 18:52:27.281  2866  2917 I am_pss  : [3916,1000,org.lunaris.dolby,0,0,0,63471616,0,0,0]
09-25 18:52:27.339  2866  3614 I am_unfreeze: [15422,com.google.android.projection.gearhead:car,6]
09-25 18:52:27.341  2866  2910 I configuration_changed: 536872064
09-25 18:52:27.348  2866  2910 I sysui_multi_action: [757,1659,758,4,759,2,1660,0]
09-25 18:52:27.354  2866  2911 I wm_wallpaper_surface: [0,0,null]
09-25 18:52:27.361   326   326 I viewroot_draw_event: [VRI[QuickstepLauncher],Not drawing due to not visible. Reason=!mAppVisible && !mForceDecorViewVisibility]
09-25 18:52:27.362   326   337 I jank_cuj_events_begin_request: [126,1790342547361852000,954191085884152,723685773183308,]
09-25 18:52:27.370  2866  2910 I wm_stop_activity: [0,258767249,com.android.launcher3/.uioverrides.QuickstepLauncher]
09-25 18:52:27.388  3782  4148 I viewroot_draw_event: [VRI[ScreenDecorHwcOverlay],reportDrawFinished seqId=678]
09-25 18:52:27.396  3782  4148 I viewroot_draw_event: [VRI[ScreenDecorHwcOverlay],reportDrawFinished seqId=678]
09-25 18:52:27.407  1621  1621 I auditd  : type=1400 audit(0.0:6994845): avc:  denied  { search } for  comm="LightningLaunc" name="2458" dev="proc" ino=254131945 scontext=u:r:vendor_hal_perf_default:s0 tcontext=u:r:update_engine:s0 tclass=dir permissive=0
09-25 18:52:27.454   326   326 I viewroot_draw_event: [VRI[Taskbar],reportDrawFinished seqId=11]
09-25 18:52:27.458   326   326 I wm_on_stop_called: [258767249,com.android.launcher3.uioverrides.QuickstepLauncher,STOP_ACTIVITY_ITEM,1]
09-25 18:52:27.505  4983  4983 I viewroot_draw_event: [VRI[],Start draw after previous draw not visible]
09-25 18:52:27.506  4983  4983 I viewroot_draw_event: [VRI[],reportDrawFinished seqId=0]
09-25 18:52:27.513   579   681 I jank_cuj_events_end_request: [81,1790342547513689000,954191237722277,723685925021381]
09-25 18:52:27.607  1621  1621 I auditd  : type=1400 audit(0.0:6994846): avc:  denied  { search } for  comm="LightningLaunc" name="2458" dev="proc" ino=254131945 scontext=u:r:vendor_hal_perf_default:s0 tcontext=u:r:update_engine:s0 tclass=dir permissive=0
09-25 18:52:27.741  2866  3612 I commit_sys_config_file: [settings-1-0,4]
09-25 18:52:27.811  1621  1621 I auditd  : type=1400 audit(0.0:6994847): avc:  denied  { search } for  comm="LightningLaunc" name="2458" dev="proc" ino=254131945 scontext=u:r:vendor_hal_perf_default:s0 tcontext=u:r:update_engine:s0 tclass=dir permissive=0
09-25 18:52:27.820   326   337 I jank_cuj_events_end_request: [126,1790342547820066000,954191544128058,723686231427267]
09-25 18:52:28.011  1621  1621 I auditd  : type=1400 audit(0.0:6994848): avc:  denied  { search } for  comm="LightningLaunc" name="2458" dev="proc" ino=254131945 scontext=u:r:vendor_hal_perf_default:s0 tcontext=u:r:update_engine:s0 tclass=dir permissive=0
09-25 18:52:28.215  1621  1621 I auditd  : type=1400 audit(0.0:6994849): avc:  denied  { search } for  comm="LightningLaunc" name="2458" dev="proc" ino=254131945 scontext=u:r:vendor_hal_perf_default:s0 tcontext=u:r:update_engine:s0 tclass=dir permissive=0
09-25 18:52:28.408  2866  2909 I commit_sys_config_file: [notification-policy,4]
09-25 18:52:28.415  1621  1621 I auditd  : type=1400 audit(0.0:6994850): avc:  denied  { search } for  comm="LightningLaunc" name="2458" dev="proc" ino=254131945 scontext=u:r:vendor_hal_perf_default:s0 tcontext=u:r:update_engine:s0 tclass=dir permissive=0
09-25 18:52:28.615  1621  1621 I auditd  : type=1400 audit(0.0:6994851): avc:  denied  { search } for  comm="LightningLaunc" name="2458" dev="proc" ino=254131945 scontext=u:r:vendor_hal_perf_default:s0 tcontext=u:r:update_engine:s0 tclass=dir permissive=0
09-25 18:52:28.815  1621  1621 I auditd  : type=1400 audit(0.0:6994852): avc:  denied  { search } for  comm="LightningLaunc" name="2458" dev="proc" ino=254131945 scontext=u:r:vendor_hal_perf_default:s0 tcontext=u:r:update_engine:s0 tclass=dir permissive=0
09-25 18:52:29.019  1621  1621 I auditd  : type=1400 audit(0.0:6994853): avc:  denied  { search } for  comm="LightningLaunc" name="2458" dev="proc" ino=254131945 scontext=u:r:vendor_hal_perf_default:s0 tcontext=u:r:update_engine:s0 tclass=dir permissive=0
09-25 18:52:29.141  2866  9069 I wm_task_moved: [1545,1545,0,1,5]
09-25 18:52:29.141  2866  9069 I wm_create_activity: [0,215525750,1545,com.zenithblue.sambas3/.RPCSXActivity,NULL,NULL,NULL,268435456]
09-25 18:52:29.142  2866  9069 I wm_pause_activity: [0,110866768,com.zenithblue.sambas3/.MainActivity,userLeaving=true,resumeTopActivity]
09-25 18:52:29.167   579   579 I wm_on_top_resumed_lost_called: [110866768,com.zenithblue.sambas3.MainActivity,topStateChangedWhenResumed]
09-25 18:52:29.168   579   579 I wm_on_paused_called: [110866768,com.zenithblue.sambas3.MainActivity,performPause,0]
09-25 18:52:29.168  2866  3895 I wm_add_to_stopping: [0,110866768,com.zenithblue.sambas3/.MainActivity,makeInvisible]
09-25 18:52:29.169  2866  3895 I wm_restart_activity: [0,215525750,1545,com.zenithblue.sambas3/.RPCSXActivity]
09-25 18:52:29.169  2866  3895 I wm_set_resumed_activity: [0,com.zenithblue.sambas3/.RPCSXActivity,realStartActivityLocked - onActivityStateChanged]
09-25 18:52:29.169  2866  2907 I sysui_multi_action: [757,803,799,window_time_0,802,2]
09-25 18:52:29.170  2866  2911 I input_focus: [Requesting to set focus to null window,reason=UpdateInputWindows]
09-25 18:52:29.190  2866  3629 I input_focus: [Focus leaving 8957f8 com.zenithblue.sambas3/com.zenithblue.sambas3.MainActivity,reason=NO_WINDOW]
09-25 18:52:29.201  2866  3895 I wm_finish_activity: [0,215525750,1545,com.zenithblue.sambas3/.RPCSXActivity,clear-task-stack]
09-25 18:52:29.201  2866  3895 I wm_pause_activity: [0,215525750,com.zenithblue.sambas3/.RPCSXActivity,userLeaving=false,finish]
09-25 18:52:29.201  2866  3895 I wm_finish_activity: [0,110866768,1545,com.zenithblue.sambas3/.MainActivity,clear-task-top]
09-25 18:52:29.202  2866  3895 I wm_task_moved: [1545,1545,0,1,5]
09-25 18:52:29.202  2866  3895 I wm_create_activity: [0,48006795,1545,com.zenithblue.sambas3/.MainActivity,NULL,NULL,NULL,335544320]
09-25 18:52:29.213   579   579 I wm_on_create_called: [215525750,com.zenithblue.sambas3.RPCSXActivity,performCreate,23]
09-25 18:52:29.223  1621  1621 I auditd  : type=1400 audit(0.0:6994854): avc:  denied  { search } for  comm="LightningLaunc" name="2458" dev="proc" ino=254131945 scontext=u:r:vendor_hal_perf_default:s0 tcontext=u:r:update_engine:s0 tclass=dir permissive=0
09-25 18:52:29.229  2866  2919 I am_proc_start: [0,15699,10463,com.zenithblue.sambas3:ppu_compile,service,{com.zenithblue.sambas3/com.zenithblue.sambas3.ppu.PpuBatchWorkerService}]
09-25 18:52:29.238  2866  3895 I wm_add_to_stopping: [0,215525750,com.zenithblue.sambas3/.RPCSXActivity,completeFinishing]
09-25 18:52:29.239  2866  3895 I wm_restart_activity: [0,48006795,1545,com.zenithblue.sambas3/.MainActivity]
09-25 18:52:29.240  2866  3895 I wm_set_resumed_activity: [0,com.zenithblue.sambas3/.MainActivity,realStartActivityLocked - onActivityStateChanged]
09-25 18:52:29.240  2866  2907 I sysui_multi_action: [757,803,799,window_time_0,802,0]
09-25 18:52:29.244  2866  3895 I am_proc_bound: [0,15699,com.zenithblue.sambas3:ppu_compile]
09-25 18:52:29.265  2866  3895 I am_foreground_service_start: [0,com.zenithblue.sambas3/.ppu.PpuBatchWorkerService,1,PROC_STATE_TOP,37,37,0,0,0,1,UNKNOWN,1073741824]
09-25 18:52:29.278   579   579 I wm_on_create_called: [48006795,com.zenithblue.sambas3.MainActivity,performCreate,2]
09-25 18:52:29.279   579   579 I wm_on_start_called: [48006795,com.zenithblue.sambas3.MainActivity,handleStartActivity,0]
09-25 18:52:29.279   579   579 I wm_on_resume_called: [48006795,com.zenithblue.sambas3.MainActivity,RESUME_ACTIVITY,1]
09-25 18:52:29.281   579   579 I wm_on_top_resumed_gained_called: [48006795,com.zenithblue.sambas3.MainActivity,topStateChangedWhenResumed]
09-25 18:52:29.308  2866  2911 I input_focus: [Focus request eb9f0b0 com.zenithblue.sambas3/com.zenithblue.sambas3.MainActivity,reason=UpdateInputWindows]
09-25 18:52:29.335   579   579 I viewroot_draw_event: [VRI[MainActivity],reportDrawFinished seqId=0]
09-25 18:52:29.339  2866  2907 I wm_activity_launch_time: [0,48006795,com.zenithblue.sambas3/.MainActivity,202]
09-25 18:52:29.339 15699 15699 I auditd  : type=1400 audit(0.0:6994855): avc:  denied  { execstack } for  comm="ppu-batch-worke" scontext=u:r:untrusted_app:s0:c207,c257,c512,c768 tcontext=u:r:untrusted_app:s0:c207,c257,c512,c768 tclass=process permissive=0 app=com.zenithblue.sambas3
09-25 18:52:29.347  1621  1621 I auditd  : type=1400 audit(0.0:6994856): avc:  denied  { search } for  comm="LightningLaunc" name="2458" dev="proc" ino=254131945 scontext=u:r:vendor_hal_perf_default:s0 tcontext=u:r:update_engine:s0 tclass=dir permissive=0
09-25 18:52:29.429  2866  9069 I am_uid_running: 10278
09-25 18:52:29.430  2866  3629 I input_focus: [Focus entering eb9f0b0 com.zenithblue.sambas3/com.zenithblue.sambas3.MainActivity,reason=Window became focusable. Previous reason: NOT_VISIBLE]
09-25 18:52:29.439  2866  2919 I am_proc_start: [0,15720,10278,com.android.externalstorage,content provider,{com.android.externalstorage/com.android.externalstorage.ExternalStorageProvider}]
09-25 18:52:29.452  2866  4400 I am_proc_bound: [0,15720,com.android.externalstorage]
09-25 18:52:29.469  2866  4400 I am_uid_active: 10278
09-25 18:52:29.819  2866  2910 I wm_destroy_activity: [0,110866768,1545,com.zenithblue.sambas3/.MainActivity,finish-imm:idle]
09-25 18:52:29.819  2866  2910 I wm_destroy_activity: [0,215525750,1545,com.zenithblue.sambas3/.RPCSXActivity,finish-imm:idle]
09-25 18:52:29.828   579   579 I viewroot_draw_event: [VRI[MainActivity],Not drawing due to not visible. Reason=!mAppVisible && !mForceDecorViewVisibility]
09-25 18:52:29.827  1621  1621 I auditd  : type=1400 audit(0.0:6994862): avc:  denied  { search } for  comm="LightningLaunc" name="2458" dev="proc" ino=254131945 scontext=u:r:vendor_hal_perf_default:s0 tcontext=u:r:update_engine:s0 tclass=dir permissive=0
09-25 18:52:29.830   579   579 I wm_on_stop_called: [110866768,com.zenithblue.sambas3.MainActivity,LIFECYCLER_STOP_ACTIVITY,0]
09-25 18:52:29.836   579   579 I wm_on_destroy_called: [110866768,com.zenithblue.sambas3.MainActivity,performDestroy,0]
09-25 18:52:29.838   579   579 I wm_on_destroy_called: [215525750,com.zenithblue.sambas3.RPCSXActivity,performDestroy,0]
09-25 18:52:29.947  1621  1621 I auditd  : type=1400 audit(0.0:6994863): avc:  denied  { search } for  comm="LightningLaunc" name="2458" dev="proc" ino=254131945 scontext=u:r:vendor_hal_perf_default:s0 tcontext=u:r:update_engine:s0 tclass=dir permissive=0
09-25 18:52:30.027  1621  1621 I auditd  : type=1400 audit(0.0:6994864): avc:  denied  { search } for  comm="LightningLaunc" name="2458" dev="proc" ino=254131945 scontext=u:r:vendor_hal_perf_default:s0 tcontext=u:r:update_engine:s0 tclass=dir permissive=0
09-25 18:52:30.151  1621  1621 I auditd  : type=1400 audit(0.0:6994865): avc:  denied  { search } for  comm="LightningLaunc" name="2458" dev="proc" ino=254131945 scontext=u:r:vendor_hal_perf_default:s0 tcontext=u:r:update_engine:s0 tclass=dir permissive=0
09-25 18:52:30.319  2866  4400 I am_proc_died: [0,15699,com.zenithblue.sambas3:ppu_compile,100,3]
09-25 18:52:30.319  2866  4400 I am_schedule_service_restart: [0,com.zenithblue.sambas3/.ppu.PpuBatchWorkerService,1000]
09-25 18:52:30.320  2866  4400 I am_kill : [0,6563,com.android.DeviceAsWebcam,985,empty for 20136s,72736]
09-25 18:52:30.323  2866  9069 I am_foreground_service_stop: [0,com.zenithblue.sambas3/.ppu.PpuBatchWorkerService,1,PROC_STATE_TOP,37,37,1,0,1058,1,STOP_SERVICE,1073741824]
09-25 18:52:30.327  2866  2866 I notification_enqueue: [10463,579,com.zenithblue.sambas3,2003,NULL,0,Notification(channel=rpcsx-progress shortcut=null contentView=null vibrate=null sound=null defaults=0 flags=ONGOING_EVENT|SILENT color=0x00000000 category=progress vis=PRIVATE),0,1]
09-25 18:52:30.329  2866  2866 I sysui_multi_action: [757,128,758,5,759,8,793,2,794,0,795,2,796,2003,806,com.zenithblue.sambas3,857,rpcsx-progress,858,2,947,0,1500,2,1641,progress,1745,2098068913]
09-25 18:52:30.329  2866  2866 I notification_canceled: [0|com.zenithblue.sambas3|2003|null|10463,8,2,2,0,-1,-1,NULL]
09-25 18:52:30.332  2866  4400 I am_proc_died: [0,6563,com.android.DeviceAsWebcam,985,19]
09-25 18:52:30.345  2866  2866 I notification_enqueue: [10463,579,com.zenithblue.sambas3,2003,NULL,0,Notification(channel=rpcsx-progress shortcut=null contentView=null vibrate=null sound=null defaults=0 flags=ONGOING_EVENT|SILENT color=0x00000000 category=progress vis=PRIVATE),0,1]
09-25 18:52:30.351  1621  1621 I auditd  : type=1400 audit(0.0:6994866): avc:  denied  { search } for  comm="LightningLaunc" name="2458" dev="proc" ino=254131945 scontext=u:r:vendor_hal_perf_default:s0 tcontext=u:r:update_engine:s0 tclass=dir permissive=0
09-25 18:52:30.355  2866  2919 I am_proc_start: [0,15792,10463,com.zenithblue.sambas3:ppu_compile,service,{com.zenithblue.sambas3/com.zenithblue.sambas3.ppu.PpuBatchWorkerService}]
09-25 18:52:30.368  2866  4400 I am_foreground_service_start: [0,com.zenithblue.sambas3/.CompilationMonitorService,1,PROC_STATE_TOP,37,37,0,0,0,1,UNKNOWN,1073741824]
09-25 18:52:30.370  2866  2866 I notification_enqueue: [10463,579,com.zenithblue.sambas3,2000,NULL,0,Notification(channel=rpcsx-progress shortcut=null contentView=null vibrate=null sound=null defaults=0 flags=ONGOING_EVENT|FOREGROUND_SERVICE|SILENT color=0x00000000 category=progress vis=PRIVATE),0,1]
09-25 18:52:30.371  2866  4400 I am_proc_bound: [0,15792,com.zenithblue.sambas3:ppu_compile]
09-25 18:52:30.371  2866  2866 I notification_enqueue: [10463,579,com.zenithblue.sambas3,2000,NULL,0,Notification(channel=rpcsx-progress shortcut=null contentView=null vibrate=null sound=null defaults=0 flags=ONGOING_EVENT|FOREGROUND_SERVICE|SILENT color=0x00000000 category=progress vis=PRIVATE),0,1]
09-25 18:52:30.385  2866  4400 I am_foreground_service_start: [0,com.zenithblue.sambas3/.ppu.PpuBatchWorkerService,1,PROC_STATE_TOP,37,37,0,0,0,1,UNKNOWN,1073741824]
09-25 18:52:30.386  2866  2866 I notification_enqueue: [10463,15792,com.zenithblue.sambas3,2003,NULL,0,Notification(channel=rpcsx-progress shortcut=null contentView=null vibrate=null sound=null defaults=0 flags=ONGOING_EVENT|FOREGROUND_SERVICE|SILENT color=0x00000000 category=progress vis=PRIVATE),0,1]
09-25 18:52:30.529  2866  2866 I sysui_multi_action: [757,1501,758,1,793,184,794,0,795,184,796,2003,806,com.zenithblue.sambas3,857,rpcsx-progress,858,2,947,0,1500,0,1641,progress,1688,1,1745,2098068913]
09-25 18:52:30.529  2866  2866 I sysui_multi_action: [757,804,799,note_interruptive,801,0,802,1]
09-25 18:52:30.573  2866  2866 I sysui_multi_action: [757,1501,758,1,793,204,794,0,795,204,796,2000,806,com.zenithblue.sambas3,857,rpcsx-progress,858,2,947,0,1500,0,1641,progress,1688,1,1745,2098068913]
09-25 18:52:30.573  2866  2866 I sysui_multi_action: [757,804,799,note_interruptive,801,0,802,1]
09-25 18:52:30.573  2866  2866 I notification_autogrouped: 0|com.zenithblue.sambas3|2003|null|10463
09-25 18:52:30.573  2866  2866 I notification_autogrouped: 0|com.zenithblue.sambas3|2000|null|10463
09-25 18:52:30.573  2866  2866 I notification_adjusted: [0|com.zenithblue.sambas3|2000|null|10463,key_group_key,0|com.zenithblue.sambas3|g:Aggregate_SilentSection]
09-25 18:52:30.574  2866  2866 I notification_autogrouped: 0|com.zenithblue.sambas3|2000|null|10463
09-25 18:52:30.574  2866  2866 I notification_adjusted: [0|com.zenithblue.sambas3|2000|null|10463,key_group_key,0|com.zenithblue.sambas3|g:Aggregate_SilentSection]
09-25 18:52:30.574  2866  2866 I notification_enqueue: [10463,579,com.zenithblue.sambas3,1,0|com.zenithblue.sambas3|g:Aggregate_SilentSection,0,Notification(channel=rpcsx-progress shortcut=null contentView=null vibrate=null sound=null defaults=0 flags=ONGOING_EVENT|NO_CLEAR|LOCAL_ONLY|GROUP_SUMMARY|AUTOGROUP_SUMMARY color=0x00000000 groupKey=0|com.zenithblue.sambas3|g:Aggregate_SilentSection vis=PRIVATE),0,0]
09-25 18:52:30.575  2866  3689 I notification_adjusted: [0|com.zenithblue.sambas3|2003|null|10463,key_group_key,0|com.zenithblue.sambas3|g:Aggregate_SilentSection]
09-25 18:52:30.717  2866  2866 I notification_enqueue: [10463,15792,com.zenithblue.sambas3,2003,NULL,0,Notification(channel=rpcsx-progress shortcut=null contentView=null vibrate=null sound=null defaults=0 flags=ONGOING_EVENT|FOREGROUND_SERVICE|SILENT color=0x00000000 category=progress vis=PRIVATE),1,1]
09-25 18:52:30.719  2866  2866 I notification_enqueue: [10463,579,com.zenithblue.sambas3,2003,NULL,0,Notification(channel=rpcsx-progress shortcut=null contentView=null vibrate=null sound=null defaults=0 flags=ONGOING_EVENT|FOREGROUND_SERVICE|SILENT color=0x00000000 category=progress vis=PRIVATE),1,1]
09-25 18:52:30.720  2866  2866 I notification_enqueue: [10463,15792,com.zenithblue.sambas3,2003,NULL,0,Notification(channel=rpcsx-progress shortcut=null contentView=null vibrate=null sound=null defaults=0 flags=ONGOING_EVENT|FOREGROUND_SERVICE|SILENT color=0x00000000 category=progress vis=PRIVATE),1,1]
09-25 18:52:30.844  2866  2866 I notification_enqueue: [10463,15792,com.zenithblue.sambas3,2003,NULL,0,Notification(channel=rpcsx-progress shortcut=null contentView=null vibrate=null sound=null defaults=0 flags=ONGOING_EVENT|FOREGROUND_SERVICE|SILENT color=0x00000000 category=progress vis=PRIVATE),1,1]
09-25 18:52:30.845  2866  2866 I notification_enqueue: [10463,579,com.zenithblue.sambas3,2003,NULL,0,Notification(channel=rpcsx-progress shortcut=null contentView=null vibrate=null sound=null defaults=0 flags=ONGOING_EVENT|FOREGROUND_SERVICE|SILENT color=0x00000000 category=progress vis=PRIVATE),1,1]
09-25 18:52:30.849  2866  2866 I notification_enqueue: [10463,579,com.zenithblue.sambas3,2000,NULL,0,Notification(channel=rpcsx-progress shortcut=null contentView=null vibrate=null sound=null defaults=0 flags=ONGOING_EVENT|FOREGROUND_SERVICE|SILENT color=0x00000000 category=progress vis=PRIVATE),1,1]
09-25 18:52:30.854  2866  2866 I notification_enqueue: [10463,15792,com.zenithblue.sambas3,2003,NULL,0,Notification(channel=rpcsx-progress shortcut=null contentView=null vibrate=null sound=null defaults=0 flags=ONGOING_EVENT|FOREGROUND_SERVICE|SILENT color=0x00000000 category=progress vis=PRIVATE),1,1]
09-25 18:52:30.855  2866  2866 I notification_enqueue: [10463,579,com.zenithblue.sambas3,2003,NULL,0,Notification(channel=rpcsx-progress shortcut=null contentView=null vibrate=null sound=null defaults=0 flags=ONGOING_EVENT|FOREGROUND_SERVICE|SILENT color=0x00000000 category=progress vis=PRIVATE),1,1]
09-25 18:52:30.863  2866  2866 I notification_enqueue: [10463,15792,com.zenithblue.sambas3,2003,NULL,0,Notification(channel=rpcsx-progress shortcut=null contentView=null vibrate=null sound=null defaults=0 flags=ONGOING_EVENT|FOREGROUND_SERVICE|SILENT color=0x00000000 category=progress vis=PRIVATE),1,1]
09-25 18:52:30.873  2866  2866 I notification_enqueue: [10463,15792,com.zenithblue.sambas3,2003,NULL,0,Notification(channel=rpcsx-progress shortcut=null contentView=null vibrate=null sound=null defaults=0 flags=ONGOING_EVENT|FOREGROUND_SERVICE|SILENT color=0x00000000 category=progress vis=PRIVATE),1,1]
09-25 18:52:30.883  2866  2866 I notification_enqueue: [10463,15792,com.zenithblue.sambas3,2003,NULL,0,Notification(channel=rpcsx-progress shortcut=null contentView=null vibrate=null sound=null defaults=0 flags=ONGOING_EVENT|FOREGROUND_SERVICE|SILENT color=0x00000000 category=progress vis=PRIVATE),1,1]
09-25 18:52:30.893  2866  2866 I notification_enqueue: [10463,15792,com.zenithblue.sambas3,2003,NULL,0,Notification(channel=rpcsx-progress shortcut=null contentView=null vibrate=null sound=null defaults=0 flags=ONGOING_EVENT|FOREGROUND_SERVICE|SILENT color=0x00000000 category=progress vis=PRIVATE),1,1]
09-25 18:52:30.903  2866  2866 I notification_enqueue: [10463,15792,com.zenithblue.sambas3,2003,NULL,0,Notification(channel=rpcsx-progress shortcut=null contentView=null vibrate=null sound=null defaults=0 flags=ONGOING_EVENT|FOREGROUND_SERVICE|SILENT color=0x00000000 category=progress vis=PRIVATE),1,1]
09-25 18:52:30.914  2866  2866 I notification_enqueue: [10463,15792,com.zenithblue.sambas3,2003,NULL,0,Notification(channel=rpcsx-progress shortcut=null contentView=null vibrate=null sound=null defaults=0 flags=ONGOING_EVENT|FOREGROUND_SERVICE|SILENT color=0x00000000 category=progress vis=PRIVATE),1,1]
09-25 18:52:30.928  2866  2866 I notification_enqueue: [10463,15792,com.zenithblue.sambas3,2003,NULL,0,Notification(channel=rpcsx-progress shortcut=null contentView=null vibrate=null sound=null defaults=0 flags=ONGOING_EVENT|FOREGROUND_SERVICE|SILENT color=0x00000000 category=progress vis=PRIVATE),1,1]
09-25 18:52:30.934  2866  2866 I notification_enqueue: [10463,15792,com.zenithblue.sambas3,2003,NULL,0,Notification(channel=rpcsx-progress shortcut=null contentView=null vibrate=null sound=null defaults=0 flags=ONGOING_EVENT|FOREGROUND_SERVICE|SILENT color=0x00000000 category=progress vis=PRIVATE),1,1]
09-25 18:52:30.944  2866  2866 I notification_enqueue: [10463,15792,com.zenithblue.sambas3,2003,NULL,0,Notification(channel=rpcsx-progress shortcut=null contentView=null vibrate=null sound=null defaults=0 flags=ONGOING_EVENT|FOREGROUND_SERVICE|SILENT color=0x00000000 category=progress vis=PRIVATE),1,1]
09-25 18:52:30.953  2866  2866 I notification_enqueue: [10463,15792,com.zenithblue.sambas3,2003,NULL,0,Notification(channel=rpcsx-progress shortcut=null contentView=null vibrate=null sound=null defaults=0 flags=ONGOING_EVENT|FOREGROUND_SERVICE|SILENT color=0x00000000 category=progress vis=PRIVATE),1,1]
09-25 18:52:30.955  1621  1621 I auditd  : type=1400 audit(0.0:6994871): avc:  denied  { search } for  comm="LightningLaunc" name="2458" dev="proc" ino=254131945 scontext=u:r:vendor_hal_perf_default:s0 tcontext=u:r:update_engine:s0 tclass=dir permissive=0
09-25 18:52:30.963  2866  2866 I notification_enqueue: [10463,15792,com.zenithblue.sambas3,2003,NULL,0,Notification(channel=rpcsx-progress shortcut=null contentView=null vibrate=null sound=null defaults=0 flags=ONGOING_EVENT|FOREGROUND_SERVICE|SILENT color=0x00000000 category=progress vis=PRIVATE),1,1]
09-25 18:52:30.974  2866  2866 I notification_enqueue: [10463,15792,com.zenithblue.sambas3,2003,NULL,0,Notification(channel=rpcsx-progress shortcut=null contentView=null vibrate=null sound=null defaults=0 flags=ONGOING_EVENT|FOREGROUND_SERVICE|SILENT color=0x00000000 category=progress vis=PRIVATE),1,1]
09-25 18:52:31.155  1621  1621 I auditd  : type=1400 audit(0.0:6994872): avc:  denied  { search } for  comm="LightningLaunc" name="2458" dev="proc" ino=254131945 scontext=u:r:vendor_hal_perf_default:s0 tcontext=u:r:update_engine:s0 tclass=dir permissive=0
09-25 18:52:31.355  2866 12110 I am_proc_died: [0,15792,com.zenithblue.sambas3:ppu_compile,100,3]
09-25 18:52:31.356  2866 12110 I am_schedule_service_restart: [0,com.zenithblue.sambas3/.ppu.PpuBatchWorkerService,1000]
09-25 18:52:31.358  2866  2866 I sysui_multi_action: [757,128,758,5,759,8,793,972,794,0,795,385,796,2003,806,com.zenithblue.sambas3,857,rpcsx-progress,858,2,946,0|com.zenithblue.sambas3|g:-2cabb91e,947,0,1500,385,1641,progress,1688,1,1745,2098068913]
09-25 18:52:31.358  2866  2866 I notification_canceled: [0|com.zenithblue.sambas3|2003|null|10463,8,972,385,0,-1,-1,NULL]
09-25 18:52:31.359  2866  3814 I am_foreground_service_stop: [0,com.zenithblue.sambas3/.ppu.PpuBatchWorkerService,1,PROC_STATE_TOP,37,37,0,0,973,1,STOP_SERVICE,1073741824]
09-25 18:52:31.359  1621  1621 I auditd  : type=1400 audit(0.0:6994873): avc:  denied  { search } for  comm="LightningLaunc" name="2458" dev="proc" ino=254131945 scontext=u:r:vendor_hal_perf_default:s0 tcontext=u:r:update_engine:s0 tclass=dir permissive=0
09-25 18:52:31.366  2866  2866 I notification_enqueue: [10463,579,com.zenithblue.sambas3,2003,NULL,0,Notification(channel=rpcsx-progress shortcut=null contentView=null vibrate=null sound=null defaults=0 flags=ONGOING_EVENT|SILENT color=0x00000000 category=progress vis=PRIVATE),0,1]
09-25 18:52:31.367  2866  2866 I sysui_multi_action: [757,128,758,5,759,8,793,6,794,0,795,6,796,2003,806,com.zenithblue.sambas3,857,rpcsx-progress,858,2,947,0,1500,6,1641,progress,1745,2098068913]
09-25 18:52:31.367  2866  2866 I notification_canceled: [0|com.zenithblue.sambas3|2003|null|10463,8,6,6,0,-1,-1,NULL]
09-25 18:52:31.368  2866  2866 I notification_enqueue: [10463,579,com.zenithblue.sambas3,1,0|com.zenithblue.sambas3|g:Aggregate_SilentSection,0,Notification(channel=rpcsx-progress shortcut=null contentView=null vibrate=null sound=null defaults=0 flags=ONGOING_EVENT|NO_CLEAR|LOCAL_ONLY|GROUP_SUMMARY|AUTOGROUP_SUMMARY|SILENT color=0x00000000 groupKey=0|com.zenithblue.sambas3|g:Aggregate_SilentSection vis=PRIVATE),1,0]
09-25 18:52:31.567  1621  1621 I auditd  : type=1400 audit(0.0:6994874): avc:  denied  { search } for  comm="LightningLaunc" name="2458" dev="proc" ino=254131945 scontext=u:r:vendor_hal_perf_default:s0 tcontext=u:r:update_engine:s0 tclass=dir permissive=0
09-25 18:52:31.771  1621  1621 I auditd  : type=1400 audit(0.0:6994875): avc:  denied  { search } for  comm="LightningLaunc" name="2458" dev="proc" ino=254131945 scontext=u:r:vendor_hal_perf_default:s0 tcontext=u:r:update_engine:s0 tclass=dir permissive=0
09-25 18:52:31.975  1621  1621 I auditd  : type=1400 audit(0.0:6994876): avc:  denied  { search } for  comm="LightningLaunc" name="2458" dev="proc" ino=254131945 scontext=u:r:vendor_hal_perf_default:s0 tcontext=u:r:update_engine:s0 tclass=dir permissive=0
09-25 18:52:32.179  1621  1621 I auditd  : type=1400 audit(0.0:6994877): avc:  denied  { search } for  comm="LightningLaunc" name="2458" dev="proc" ino=254131945 scontext=u:r:vendor_hal_perf_default:s0 tcontext=u:r:update_engine:s0 tclass=dir permissive=0
09-25 18:52:32.383  1621  1621 I auditd  : type=1400 audit(0.0:6994878): avc:  denied  { search } for  comm="LightningLaunc" name="2458" dev="proc" ino=254131945 scontext=u:r:vendor_hal_perf_default:s0 tcontext=u:r:update_engine:s0 tclass=dir permissive=0
09-25 18:52:32.587  1621  1621 I auditd  : type=1400 audit(0.0:6994879): avc:  denied  { search } for  comm="LightningLaunc" name="2458" dev="proc" ino=254131945 scontext=u:r:vendor_hal_perf_default:s0 tcontext=u:r:update_engine:s0 tclass=dir permissive=0
09-25 18:52:32.795  1621  1621 I auditd  : type=1400 audit(0.0:6994880): avc:  denied  { search } for  comm="LightningLaunc" name="2458" dev="proc" ino=254131945 scontext=u:r:vendor_hal_perf_default:s0 tcontext=u:r:update_engine:s0 tclass=dir permissive=0
09-25 18:52:32.999  1621  1621 I auditd  : type=1400 audit(0.0:6994881): avc:  denied  { search } for  comm="LightningLaunc" name="2458" dev="proc" ino=254131945 scontext=u:r:vendor_hal_perf_default:s0 tcontext=u:r:update_engine:s0 tclass=dir permissive=0
09-25 18:52:33.207  1621  1621 I auditd  : type=1400 audit(0.0:6994882): avc:  denied  { search } for  comm="LightningLaunc" name="2458" dev="proc" ino=254131945 scontext=u:r:vendor_hal_perf_default:s0 tcontext=u:r:update_engine:s0 tclass=dir permissive=0
09-25 18:52:33.411  1621  1621 I auditd  : type=1400 audit(0.0:6994883): avc:  denied  { search } for  comm="LightningLaunc" name="2458" dev="proc" ino=254131945 scontext=u:r:vendor_hal_perf_default:s0 tcontext=u:r:update_engine:s0 tclass=dir permissive=0
09-25 18:52:33.619  1621  1621 I auditd  : type=1400 audit(0.0:6994884): avc:  denied  { search } for  comm="LightningLaunc" name="2458" dev="proc" ino=254131945 scontext=u:r:vendor_hal_perf_default:s0 tcontext=u:r:update_engine:s0 tclass=dir permissive=0
09-25 18:52:33.823  1621  1621 I auditd  : type=1400 audit(0.0:6994885): avc:  denied  { search } for  comm="LightningLaunc" name="2458" dev="proc" ino=254131945 scontext=u:r:vendor_hal_perf_default:s0 tcontext=u:r:update_engine:s0 tclass=dir permissive=0
09-25 18:52:34.031  1621  1621 I auditd  : type=1400 audit(0.0:6994886): avc:  denied  { search } for  comm="LightningLaunc" name="2458" dev="proc" ino=254131945 scontext=u:r:vendor_hal_perf_default:s0 tcontext=u:r:update_engine:s0 tclass=dir permissive=0
09-25 18:52:34.235  1621  1621 I auditd  : type=1400 audit(0.0:6994887): avc:  denied  { search } for  comm="LightningLaunc" name="2458" dev="proc" ino=254131945 scontext=u:r:vendor_hal_perf_default:s0 tcontext=u:r:update_engine:s0 tclass=dir permissive=0
09-25 18:52:34.395  2866  3895 I am_foreground_service_stop: [0,com.zenithblue.sambas3/.CompilationMonitorService,1,PROC_STATE_TOP,37,37,0,0,4026,1,STOP_FOREGROUND,1073741824]
09-25 18:52:34.401  2866  2866 I sysui_multi_action: [757,128,758,5,759,8,793,4030,794,0,795,3552,796,2000,806,com.zenithblue.sambas3,857,rpcsx-progress,858,2,946,0|com.zenithblue.sambas3|g:-2cabb91e,947,0,1500,3552,1641,progress,1688,1,1745,2098068913]
09-25 18:52:34.401  2866  2866 I notification_canceled: [0|com.zenithblue.sambas3|2000|null|10463,8,4030,3552,0,-1,-1,NULL]
09-25 18:52:34.412  2866  2866 I sysui_multi_action: [757,128,758,5,759,16,793,3839,794,0,795,3839,796,1,797,0|com.zenithblue.sambas3|g:Aggregate_SilentSection,806,com.zenithblue.sambas3,857,rpcsx-progress,858,2,946,0|com.zenithblue.sambas3|g:-2cabb91e,947,1,1500,3839,1688,1]
09-25 18:52:34.412  2866  2866 I notification_canceled: [0|com.zenithblue.sambas3|1|0|com.zenithblue.sambas3|g:Aggregate_SilentSection|10463|0|com.zenithblue.sambas3|g:Aggregate_SilentSection,16,3839,3839,0,-1,-1,NULL]
09-25 18:52:34.439  1621  1621 I auditd  : type=1400 audit(0.0:6994888): avc:  denied  { search } for  comm="LightningLaunc" name="2458" dev="proc" ino=254131945 scontext=u:r:vendor_hal_perf_default:s0 tcontext=u:r:update_engine:s0 tclass=dir permissive=0
09-25 18:52:34.643  1621  1621 I auditd  : type=1400 audit(0.0:6994889): avc:  denied  { search } for  comm="LightningLaunc" name="2458" dev="proc" ino=254131945 scontext=u:r:vendor_hal_perf_default:s0 tcontext=u:r:update_engine:s0 tclass=dir permissive=0
09-25 18:52:34.847  1621  1621 I auditd  : type=1400 audit(0.0:6994890): avc:  denied  { search } for  comm="LightningLaunc" name="2458" dev="proc" ino=254131945 scontext=u:r:vendor_hal_perf_default:s0 tcontext=u:r:update_engine:s0 tclass=dir permissive=0
09-25 18:52:35.051  1621  1621 I auditd  : type=1400 audit(0.0:6994891): avc:  denied  { search } for  comm="LightningLaunc" name="2458" dev="proc" ino=254131945 scontext=u:r:vendor_hal_perf_default:s0 tcontext=u:r:update_engine:s0 tclass=dir permissive=0
09-25 18:52:35.259  1621  1621 I auditd  : type=1400 audit(0.0:6994892): avc:  denied  { search } for  comm="LightningLaunc" name="2458" dev="proc" ino=254131945 scontext=u:r:vendor_hal_perf_default:s0 tcontext=u:r:update_engine:s0 tclass=dir permissive=0
09-25 18:52:35.463  1621  1621 I auditd  : type=1400 audit(0.0:6994893): avc:  denied  { search } for  comm="LightningLaunc" name="2458" dev="proc" ino=254131945 scontext=u:r:vendor_hal_perf_default:s0 tcontext=u:r:update_engine:s0 tclass=dir permissive=0
09-25 18:52:35.667  1621  1621 I auditd  : type=1400 audit(0.0:6994894): avc:  denied  { search } for  comm="LightningLaunc" name="2458" dev="proc" ino=254131945 scontext=u:r:vendor_hal_perf_default:s0 tcontext=u:r:update_engine:s0 tclass=dir permissive=0
09-25 18:52:35.871  1621  1621 I auditd  : type=1400 audit(0.0:6994895): avc:  denied  { search } for  comm="LightningLaunc" name="2458" dev="proc" ino=254131945 scontext=u:r:vendor_hal_perf_default:s0 tcontext=u:r:update_engine:s0 tclass=dir permissive=0
09-25 18:52:36.075  1621  1621 I auditd  : type=1400 audit(0.0:6994896): avc:  denied  { search } for  comm="LightningLaunc" name="2458" dev="proc" ino=254131945 scontext=u:r:vendor_hal_perf_default:s0 tcontext=u:r:update_engine:s0 tclass=dir permissive=0
09-25 18:52:36.279  1621  1621 I auditd  : type=1400 audit(0.0:6994897): avc:  denied  { search } for  comm="LightningLaunc" name="2458" dev="proc" ino=254131945 scontext=u:r:vendor_hal_perf_default:s0 tcontext=u:r:update_engine:s0 tclass=dir permissive=0
09-25 18:52:36.483  1621  1621 I auditd  : type=1400 audit(0.0:6994898): avc:  denied  { search } for  comm="LightningLaunc" name="2458" dev="proc" ino=254131945 scontext=u:r:vendor_hal_perf_default:s0 tcontext=u:r:update_engine:s0 tclass=dir permissive=0
09-25 18:52:36.691  1621  1621 I auditd  : type=1400 audit(0.0:6994899): avc:  denied  { search } for  comm="LightningLaunc" name="2458" dev="proc" ino=254131945 scontext=u:r:vendor_hal_perf_default:s0 tcontext=u:r:update_engine:s0 tclass=dir permissive=0
09-25 18:52:36.895  1621  1621 I auditd  : type=1400 audit(0.0:6994900): avc:  denied  { search } for  comm="LightningLaunc" name="2458" dev="proc" ino=254131945 scontext=u:r:vendor_hal_perf_default:s0 tcontext=u:r:update_engine:s0 tclass=dir permissive=0
09-25 18:52:37.103  1621  1621 I auditd  : type=1400 audit(0.0:6994901): avc:  denied  { search } for  comm="LightningLaunc" name="2458" dev="proc" ino=254131945 scontext=u:r:vendor_hal_perf_default:s0 tcontext=u:r:update_engine:s0 tclass=dir permissive=0
09-25 18:52:37.307  1621  1621 I auditd  : type=1400 audit(0.0:6994902): avc:  denied  { search } for  comm="LightningLaunc" name="2458" dev="proc" ino=254131945 scontext=u:r:vendor_hal_perf_default:s0 tcontext=u:r:update_engine:s0 tclass=dir permissive=0
09-25 18:52:37.481  2866  3614 I am_freeze: [15500,com.google.android.apps.maps]
09-25 18:52:37.484  2866  3614 I am_freeze: [15422,com.google.android.projection.gearhead:car]
09-25 18:52:37.515  1621  1621 I auditd  : type=1400 audit(0.0:6994903): avc:  denied  { search } for  comm="LightningLaunc" name="2458" dev="proc" ino=254131945 scontext=u:r:vendor_hal_perf_default:s0 tcontext=u:r:update_engine:s0 tclass=dir permissive=0
09-25 18:52:37.719  1621  1621 I auditd  : type=1400 audit(0.0:6994904): avc:  denied  { search } for  comm="LightningLaunc" name="2458" dev="proc" ino=254131945 scontext=u:r:vendor_hal_perf_default:s0 tcontext=u:r:update_engine:s0 tclass=dir permissive=0
09-25 18:52:37.923  1621  1621 I auditd  : type=1400 audit(0.0:6994905): avc:  denied  { search } for  comm="LightningLaunc" name="2458" dev="proc" ino=254131945 scontext=u:r:vendor_hal_perf_default:s0 tcontext=u:r:update_engine:s0 tclass=dir permissive=0
09-25 18:52:38.127  1621  1621 I auditd  : type=1400 audit(0.0:6994906): avc:  denied  { search } for  comm="LightningLaunc" name="2458" dev="proc" ino=254131945 scontext=u:r:vendor_hal_perf_default:s0 tcontext=u:r:update_engine:s0 tclass=dir permissive=0
09-25 18:52:38.331  1621  1621 I auditd  : type=1400 audit(0.0:6994907): avc:  denied  { search } for  comm="LightningLaunc" name="2458" dev="proc" ino=254131945 scontext=u:r:vendor_hal_perf_default:s0 tcontext=u:r:update_engine:s0 tclass=dir permissive=0
09-25 18:52:38.344  2866  3614 I am_freeze: [15499,com.google.android.apps.nbu.files]
09-25 18:52:38.535  1621  1621 I auditd  : type=1400 audit(0.0:6994908): avc:  denied  { search } for  comm="LightningLaunc" name="2458" dev="proc" ino=254131945 scontext=u:r:vendor_hal_perf_default:s0 tcontext=u:r:update_engine:s0 tclass=dir permissive=0
09-25 18:52:38.739  1621  1621 I auditd  : type=1400 audit(0.0:6994909): avc:  denied  { search } for  comm="LightningLaunc" name="2458" dev="proc" ino=254131945 scontext=u:r:vendor_hal_perf_default:s0 tcontext=u:r:update_engine:s0 tclass=dir permissive=0
09-25 18:52:38.943  1621  1621 I auditd  : type=1400 audit(0.0:6994910): avc:  denied  { search } for  comm="LightningLaunc" name="2458" dev="proc" ino=254131945 scontext=u:r:vendor_hal_perf_default:s0 tcontext=u:r:update_engine:s0 tclass=dir permissive=0
09-25 18:52:39.151  1621  1621 I auditd  : type=1400 audit(0.0:6994911): avc:  denied  { search } for  comm="LightningLaunc" name="2458" dev="proc" ino=254131945 scontext=u:r:vendor_hal_perf_default:s0 tcontext=u:r:update_engine:s0 tclass=dir permissive=0
09-25 18:52:39.359  1621  1621 I auditd  : type=1400 audit(0.0:6994912): avc:  denied  { search } for  comm="LightningLaunc" name="2458" dev="proc" ino=254131945 scontext=u:r:vendor_hal_perf_default:s0 tcontext=u:r:update_engine:s0 tclass=dir permissive=0
09-25 18:52:39.563  1621  1621 I auditd  : type=1400 audit(0.0:6994913): avc:  denied  { search } for  comm="LightningLaunc" name="2458" dev="proc" ino=254131945 scontext=u:r:vendor_hal_perf_default:s0 tcontext=u:r:update_engine:s0 tclass=dir permissive=0
09-25 18:52:39.767  1621  1621 I auditd  : type=1400 audit(0.0:6994914): avc:  denied  { search } for  comm="LightningLaunc" name="2458" dev="proc" ino=254131945 scontext=u:r:vendor_hal_perf_default:s0 tcontext=u:r:update_engine:s0 tclass=dir permissive=0
09-25 18:52:39.975  1621  1621 I auditd  : type=1400 audit(0.0:6994915): avc:  denied  { search } for  comm="LightningLaunc" name="2458" dev="proc" ino=254131945 scontext=u:r:vendor_hal_perf_default:s0 tcontext=u:r:update_engine:s0 tclass=dir permissive=0
09-25 18:52:40.183  1621  1621 I auditd  : type=1400 audit(0.0:6994916): avc:  denied  { search } for  comm="LightningLaunc" name="2458" dev="proc" ino=254131945 scontext=u:r:vendor_hal_perf_default:s0 tcontext=u:r:update_engine:s0 tclass=dir permissive=0
09-25 18:52:40.387  1621  1621 I auditd  : type=1400 audit(0.0:6994917): avc:  denied  { search } for  comm="LightningLaunc" name="2458" dev="proc" ino=254131945 scontext=u:r:vendor_hal_perf_default:s0 tcontext=u:r:update_engine:s0 tclass=dir permissive=0
09-25 18:52:40.591  1621  1621 I auditd  : type=1400 audit(0.0:6994918): avc:  denied  { search } for  comm="LightningLaunc" name="2458" dev="proc" ino=254131945 scontext=u:r:vendor_hal_perf_default:s0 tcontext=u:r:update_engine:s0 tclass=dir permissive=0
09-25 18:52:40.799  1621  1621 I auditd  : type=1400 audit(0.0:6994919): avc:  denied  { search } for  comm="LightningLaunc" name="2458" dev="proc" ino=254131945 scontext=u:r:vendor_hal_perf_default:s0 tcontext=u:r:update_engine:s0 tclass=dir permissive=0
09-25 18:52:41.003  1621  1621 I auditd  : type=1400 audit(0.0:6994920): avc:  denied  { search } for  comm="LightningLaunc" name="2458" dev="proc" ino=254131945 scontext=u:r:vendor_hal_perf_default:s0 tcontext=u:r:update_engine:s0 tclass=dir permissive=0
09-25 18:52:41.211  1621  1621 I auditd  : type=1400 audit(0.0:6994921): avc:  denied  { search } for  comm="LightningLaunc" name="2458" dev="proc" ino=254131945 scontext=u:r:vendor_hal_perf_default:s0 tcontext=u:r:update_engine:s0 tclass=dir permissive=0
09-25 18:52:41.375  2866  3614 I am_freeze: [15720,com.android.externalstorage]
09-25 18:52:41.415  1621  1621 I auditd  : type=1400 audit(0.0:6994922): avc:  denied  { search } for  comm="LightningLaunc" name="2458" dev="proc" ino=254131945 scontext=u:r:vendor_hal_perf_default:s0 tcontext=u:r:update_engine:s0 tclass=dir permissive=0
09-25 18:52:41.623  1621  1621 I auditd  : type=1400 audit(0.0:6994923): avc:  denied  { search } for  comm="LightningLaunc" name="2458" dev="proc" ino=254131945 scontext=u:r:vendor_hal_perf_default:s0 tcontext=u:r:update_engine:s0 tclass=dir permissive=0
09-25 18:52:41.827  1621  1621 I auditd  : type=1400 audit(0.0:6994924): avc:  denied  { search } for  comm="LightningLaunc" name="2458" dev="proc" ino=254131945 scontext=u:r:vendor_hal_perf_default:s0 tcontext=u:r:update_engine:s0 tclass=dir permissive=0
09-25 18:52:42.031  1621  1621 I auditd  : type=1400 audit(0.0:6994925): avc:  denied  { search } for  comm="LightningLaunc" name="2458" dev="proc" ino=254131945 scontext=u:r:vendor_hal_perf_default:s0 tcontext=u:r:update_engine:s0 tclass=dir permissive=0
09-25 18:52:42.239  1621  1621 I auditd  : type=1400 audit(0.0:6994926): avc:  denied  { search } for  comm="LightningLaunc" name="2458" dev="proc" ino=254131945 scontext=u:r:vendor_hal_perf_default:s0 tcontext=u:r:update_engine:s0 tclass=dir permissive=0
09-25 18:52:42.443  1621  1621 I auditd  : type=1400 audit(0.0:6994927): avc:  denied  { search } for  comm="LightningLaunc" name="2458" dev="proc" ino=254131945 scontext=u:r:vendor_hal_perf_default:s0 tcontext=u:r:update_engine:s0 tclass=dir permissive=0
09-25 18:52:42.651  1621  1621 I auditd  : type=1400 audit(0.0:6994928): avc:  denied  { search } for  comm="LightningLaunc" name="2458" dev="proc" ino=254131945 scontext=u:r:vendor_hal_perf_default:s0 tcontext=u:r:update_engine:s0 tclass=dir permissive=0
09-25 18:52:42.855  1621  1621 I auditd  : type=1400 audit(0.0:6994929): avc:  denied  { search } for  comm="LightningLaunc" name="2458" dev="proc" ino=254131945 scontext=u:r:vendor_hal_perf_default:s0 tcontext=u:r:update_engine:s0 tclass=dir permissive=0
09-25 18:52:43.063  1621  1621 I auditd  : type=1400 audit(0.0:6994930): avc:  denied  { search } for  comm="LightningLaunc" name="2458" dev="proc" ino=254131945 scontext=u:r:vendor_hal_perf_default:s0 tcontext=u:r:update_engine:s0 tclass=dir permissive=0
09-25 18:52:43.267  1621  1621 I auditd  : type=1400 audit(0.0:6994931): avc:  denied  { search } for  comm="LightningLaunc" name="2458" dev="proc" ino=254131945 scontext=u:r:vendor_hal_perf_default:s0 tcontext=u:r:update_engine:s0 tclass=dir permissive=0
09-25 18:52:43.471  1621  1621 I auditd  : type=1400 audit(0.0:6994932): avc:  denied  { search } for  comm="LightningLaunc" name="2458" dev="proc" ino=254131945 scontext=u:r:vendor_hal_perf_default:s0 tcontext=u:r:update_engine:s0 tclass=dir permissive=0
09-25 18:52:43.675  1621  1621 I auditd  : type=1400 audit(0.0:6994933): avc:  denied  { search } for  comm="LightningLaunc" name="2458" dev="proc" ino=254131945 scontext=u:r:vendor_hal_perf_default:s0 tcontext=u:r:update_engine:s0 tclass=dir permissive=0
09-25 18:52:43.879  1621  1621 I auditd  : type=1400 audit(0.0:6994934): avc:  denied  { search } for  comm="LightningLaunc" name="2458" dev="proc" ino=254131945 scontext=u:r:vendor_hal_perf_default:s0 tcontext=u:r:update_engine:s0 tclass=dir permissive=0
09-25 18:52:44.083  1621  1621 I auditd  : type=1400 audit(0.0:6994935): avc:  denied  { search } for  comm="LightningLaunc" name="2458" dev="proc" ino=254131945 scontext=u:r:vendor_hal_perf_default:s0 tcontext=u:r:update_engine:s0 tclass=dir permissive=0
09-25 18:52:44.287  1621  1621 I auditd  : type=1400 audit(0.0:6994936): avc:  denied  { search } for  comm="LightningLaunc" name="2458" dev="proc" ino=254131945 scontext=u:r:vendor_hal_perf_default:s0 tcontext=u:r:update_engine:s0 tclass=dir permissive=0
09-25 18:52:44.491  1621  1621 I auditd  : type=1400 audit(0.0:6994937): avc:  denied  { search } for  comm="LightningLaunc" name="2458" dev="proc" ino=254131945 scontext=u:r:vendor_hal_perf_default:s0 tcontext=u:r:update_engine:s0 tclass=dir permissive=0
09-25 18:52:44.699  1621  1621 I auditd  : type=1400 audit(0.0:6994938): avc:  denied  { search } for  comm="LightningLaunc" name="2458" dev="proc" ino=254131945 scontext=u:r:vendor_hal_perf_default:s0 tcontext=u:r:update_engine:s0 tclass=dir permissive=0
09-25 18:52:44.903  1621  1621 I auditd  : type=1400 audit(0.0:6994939): avc:  denied  { search } for  comm="LightningLaunc" name="2458" dev="proc" ino=254131945 scontext=u:r:vendor_hal_perf_default:s0 tcontext=u:r:update_engine:s0 tclass=dir permissive=0
09-25 18:52:45.107  1621  1621 I auditd  : type=1400 audit(0.0:6994940): avc:  denied  { search } for  comm="LightningLaunc" name="2458" dev="proc" ino=254131945 scontext=u:r:vendor_hal_perf_default:s0 tcontext=u:r:update_engine:s0 tclass=dir permissive=0
09-25 18:52:45.315  1621  1621 I auditd  : type=1400 audit(0.0:6994941): avc:  denied  { search } for  comm="LightningLaunc" name="2458" dev="proc" ino=254131945 scontext=u:r:vendor_hal_perf_default:s0 tcontext=u:r:update_engine:s0 tclass=dir permissive=0
09-25 18:52:45.523  1621  1621 I auditd  : type=1400 audit(0.0:6994942): avc:  denied  { search } for  comm="LightningLaunc" name="2458" dev="proc" ino=254131945 scontext=u:r:vendor_hal_perf_default:s0 tcontext=u:r:update_engine:s0 tclass=dir permissive=0
09-25 18:52:45.727  1621  1621 I auditd  : type=1400 audit(0.0:6994943): avc:  denied  { search } for  comm="LightningLaunc" name="2458" dev="proc" ino=254131945 scontext=u:r:vendor_hal_perf_default:s0 tcontext=u:r:update_engine:s0 tclass=dir permissive=0
09-25 18:52:45.931  1621  1621 I auditd  : type=1400 audit(0.0:6994944): avc:  denied  { search } for  comm="LightningLaunc" name="2458" dev="proc" ino=254131945 scontext=u:r:vendor_hal_perf_default:s0 tcontext=u:r:update_engine:s0 tclass=dir permissive=0
09-25 18:52:46.135  1621  1621 I auditd  : type=1400 audit(0.0:6994945): avc:  denied  { search } for  comm="LightningLaunc" name="2458" dev="proc" ino=254131945 scontext=u:r:vendor_hal_perf_default:s0 tcontext=u:r:update_engine:s0 tclass=dir permissive=0
09-25 18:52:46.339  1621  1621 I auditd  : type=1400 audit(0.0:6994946): avc:  denied  { search } for  comm="LightningLaunc" name="2458" dev="proc" ino=254131945 scontext=u:r:vendor_hal_perf_default:s0 tcontext=u:r:update_engine:s0 tclass=dir permissive=0
09-25 18:52:46.547  1621  1621 I auditd  : type=1400 audit(0.0:6994947): avc:  denied  { search } for  comm="LightningLaunc" name="2458" dev="proc" ino=254131945 scontext=u:r:vendor_hal_perf_default:s0 tcontext=u:r:update_engine:s0 tclass=dir permissive=0
09-25 18:52:46.751  1621  1621 I auditd  : type=1400 audit(0.0:6994948): avc:  denied  { search } for  comm="LightningLaunc" name="2458" dev="proc" ino=254131945 scontext=u:r:vendor_hal_perf_default:s0 tcontext=u:r:update_engine:s0 tclass=dir permissive=0
09-25 18:52:46.959  1621  1621 I auditd  : type=1400 audit(0.0:6994949): avc:  denied  { search } for  comm="LightningLaunc" name="2458" dev="proc" ino=254131945 scontext=u:r:vendor_hal_perf_default:s0 tcontext=u:r:update_engine:s0 tclass=dir permissive=0
09-25 18:52:47.163  1621  1621 I auditd  : type=1400 audit(0.0:6994950): avc:  denied  { search } for  comm="LightningLaunc" name="2458" dev="proc" ino=254131945 scontext=u:r:vendor_hal_perf_default:s0 tcontext=u:r:update_engine:s0 tclass=dir permissive=0
09-25 18:52:47.367  1621  1621 I auditd  : type=1400 audit(0.0:6994951): avc:  denied  { search } for  comm="LightningLaunc" name="2458" dev="proc" ino=254131945 scontext=u:r:vendor_hal_perf_default:s0 tcontext=u:r:update_engine:s0 tclass=dir permissive=0
09-25 18:52:47.575  1621  1621 I auditd  : type=1400 audit(0.0:6994952): avc:  denied  { search } for  comm="LightningLaunc" name="2458" dev="proc" ino=254131945 scontext=u:r:vendor_hal_perf_default:s0 tcontext=u:r:update_engine:s0 tclass=dir permissive=0
09-25 18:52:47.779  1621  1621 I auditd  : type=1400 audit(0.0:6994953): avc:  denied  { search } for  comm="LightningLaunc" name="2458" dev="proc" ino=254131945 scontext=u:r:vendor_hal_perf_default:s0 tcontext=u:r:update_engine:s0 tclass=dir permissive=0
09-25 18:52:47.983  1621  1621 I auditd  : type=1400 audit(0.0:6994954): avc:  denied  { search } for  comm="LightningLaunc" name="2458" dev="proc" ino=254131945 scontext=u:r:vendor_hal_perf_default:s0 tcontext=u:r:update_engine:s0 tclass=dir permissive=0
09-25 18:52:48.096  2866  3629 I input_interaction: Interaction with: [eb9f0b0 com.zenithblue.sambas3/com.zenithblue.sambas3.MainActivity,PointerEventDispatcher0], on displayId 0
09-25 18:52:48.187  1621  1621 I auditd  : type=1400 audit(0.0:6994955): avc:  denied  { search } for  comm="LightningLaunc" name="2458" dev="proc" ino=254131945 scontext=u:r:vendor_hal_perf_default:s0 tcontext=u:r:update_engine:s0 tclass=dir permissive=0
09-25 18:52:48.387  1621  1621 I auditd  : type=1400 audit(0.0:6994956): avc:  denied  { search } for  comm="LightningLaunc" name="2458" dev="proc" ino=254131945 scontext=u:r:vendor_hal_perf_default:s0 tcontext=u:r:update_engine:s0 tclass=dir permissive=0
09-25 18:52:48.591  1621  1621 I auditd  : type=1400 audit(0.0:6994957): avc:  denied  { search } for  comm="LightningLaunc" name="2458" dev="proc" ino=254131945 scontext=u:r:vendor_hal_perf_default:s0 tcontext=u:r:update_engine:s0 tclass=dir permissive=0
09-25 18:52:48.799  1621  1621 I auditd  : type=1400 audit(0.0:6994958): avc:  denied  { search } for  comm="LightningLaunc" name="2458" dev="proc" ino=254131945 scontext=u:r:vendor_hal_perf_default:s0 tcontext=u:r:update_engine:s0 tclass=dir permissive=0
09-25 18:52:49.003  1621  1621 I auditd  : type=1400 audit(0.0:6994959): avc:  denied  { search } for  comm="LightningLaunc" name="2458" dev="proc" ino=254131945 scontext=u:r:vendor_hal_perf_default:s0 tcontext=u:r:update_engine:s0 tclass=dir permissive=0
09-25 18:52:49.207  1621  1621 I auditd  : type=1400 audit(0.0:6994960): avc:  denied  { search } for  comm="LightningLaunc" name="2458" dev="proc" ino=254131945 scontext=u:r:vendor_hal_perf_default:s0 tcontext=u:r:update_engine:s0 tclass=dir permissive=0
09-25 18:52:49.415  1621  1621 I auditd  : type=1400 audit(0.0:6994961): avc:  denied  { search } for  comm="LightningLaunc" name="2458" dev="proc" ino=254131945 scontext=u:r:vendor_hal_perf_default:s0 tcontext=u:r:update_engine:s0 tclass=dir permissive=0
09-25 18:52:49.619  1621  1621 I auditd  : type=1400 audit(0.0:6994962): avc:  denied  { search } for  comm="LightningLaunc" name="2458" dev="proc" ino=254131945 scontext=u:r:vendor_hal_perf_default:s0 tcontext=u:r:update_engine:s0 tclass=dir permissive=0
09-25 18:52:49.823  1621  1621 I auditd  : type=1400 audit(0.0:6994963): avc:  denied  { search } for  comm="LightningLaunc" name="2458" dev="proc" ino=254131945 scontext=u:r:vendor_hal_perf_default:s0 tcontext=u:r:update_engine:s0 tclass=dir permissive=0
09-25 18:52:50.027  1621  1621 I auditd  : type=1400 audit(0.0:6994964): avc:  denied  { search } for  comm="LightningLaunc" name="2458" dev="proc" ino=254131945 scontext=u:r:vendor_hal_perf_default:s0 tcontext=u:r:update_engine:s0 tclass=dir permissive=0
09-25 18:52:50.058  2866  9069 I wm_task_moved: [1545,1545,0,1,5]
09-25 18:52:50.058  2866  9069 I wm_create_activity: [0,268162442,1545,com.zenithblue.sambas3/.RPCSXActivity,NULL,NULL,NULL,268435456]
09-25 18:52:50.058  2866  9069 I wm_pause_activity: [0,48006795,com.zenithblue.sambas3/.MainActivity,userLeaving=true,resumeTopActivity]
09-25 18:52:50.070   579   579 I wm_on_top_resumed_lost_called: [48006795,com.zenithblue.sambas3.MainActivity,topStateChangedWhenResumed]
09-25 18:52:50.071   579   579 I wm_on_paused_called: [48006795,com.zenithblue.sambas3.MainActivity,performPause,1]
09-25 18:52:50.072  2866  3814 I wm_add_to_stopping: [0,48006795,com.zenithblue.sambas3/.MainActivity,makeInvisible]
09-25 18:52:50.073  2866  3814 I wm_restart_activity: [0,268162442,1545,com.zenithblue.sambas3/.RPCSXActivity]
09-25 18:52:50.073  2866  3814 I wm_set_resumed_activity: [0,com.zenithblue.sambas3/.RPCSXActivity,realStartActivityLocked - onActivityStateChanged]
09-25 18:52:50.074  2866  2907 I sysui_multi_action: [757,803,799,window_time_0,802,21]
09-25 18:52:50.075  2866  2911 I input_focus: [Requesting to set focus to null window,reason=UpdateInputWindows]
09-25 18:52:50.075  2866  2917 I am_pss  : [579,10463,com.zenithblue.sambas3,0,0,0,362807296,0,2,1]
09-25 18:52:50.086  2866  3629 I input_focus: [Focus leaving eb9f0b0 com.zenithblue.sambas3/com.zenithblue.sambas3.MainActivity,reason=Waiting for window because NO_WINDOW]
09-25 18:52:50.091   579   579 I auditd  : type=1400 audit(0.0:6994965): avc:  denied  { getattr } for  comm="DefaultDispatch" path="/sys/devices/platform/soc/3d00000.qcom,kgsl-3d0/kgsl/kgsl-3d0/gpu_busy_percentage" dev="sysfs" ino=136039 scontext=u:r:untrusted_app:s0:c207,c257,c512,c768 tcontext=u:object_r:vendor_sysfs_kgsl:s0 tclass=file permissive=0 app=com.zenithblue.sambas3
09-25 18:52:50.152   579   579 I wm_on_create_called: [268162442,com.zenithblue.sambas3.RPCSXActivity,performCreate,72]
09-25 18:52:50.152   579   579 I wm_on_start_called: [268162442,com.zenithblue.sambas3.RPCSXActivity,handleStartActivity,0]
09-25 18:52:50.153   579   579 I wm_on_resume_called: [268162442,com.zenithblue.sambas3.RPCSXActivity,RESUME_ACTIVITY,1]
09-25 18:52:50.155   579   579 I wm_on_top_resumed_gained_called: [268162442,com.zenithblue.sambas3.RPCSXActivity,topStateChangedWhenResumed]
09-25 18:52:50.166  2866  2911 I input_focus: [Focus request 1724763 com.zenithblue.sambas3/com.zenithblue.sambas3.RPCSXActivity,reason=UpdateInputWindows]
09-25 18:52:50.168   579   579 I surfaceview_layout: [SV[132891107 RPCSXActivity],4,2780,1264,-2,layout,1,0,1]
09-25 18:52:50.168   579   579 I surfaceview_callback: [SV[132891107 RPCSXActivity],surfaceCreated]
09-25 18:52:50.168   579   579 I surfaceview_callback: [SV[132891107 RPCSXActivity],surfaceChanged -- format=4 w=2780 h=1264]
09-25 18:52:50.168   579   579 I surfaceview_callback: [SV[132891107 RPCSXActivity],surfaceRedrawNeeded]
09-25 18:52:50.195   579   579 I viewroot_draw_event: [VRI[RPCSXActivity],reportDrawFinished seqId=0]
09-25 18:52:50.198  2866  2907 I wm_activity_launch_time: [0,268162442,com.zenithblue.sambas3/.RPCSXActivity,144]
09-25 18:52:50.200  2866 12110 I am_foreground_service_start: [0,com.zenithblue.sambas3/.GameSessionService,1,PROC_STATE_TOP,37,37,0,0,0,1,UNKNOWN,1073741824]
09-25 18:52:50.201  2866  2866 I notification_enqueue: [10463,579,com.zenithblue.sambas3,4000,NULL,0,Notification(channel=rpcsx-game shortcut=null contentView=null vibrate=null sound=null defaults=0 flags=ONGOING_EVENT|FOREGROUND_SERVICE|SILENT color=0x00000000 category=service vis=PRIVATE),0,1]
09-25 18:52:50.222   579   579 I viewroot_draw_event: [VRI[RPCSXActivity],reportDrawFinished seqId=0]
09-25 18:52:50.225  2866  3614 I am_unfreeze: [15720,com.android.externalstorage,7]
09-25 18:52:50.238  2866  2917 I am_pss  : [15499,10415,com.google.android.apps.nbu.files,0,0,0,121155584,0,19,1]
09-25 18:52:50.238  2866  2917 I am_pss  : [15500,10474,com.google.android.apps.maps,0,0,0,238718976,0,19,0]
09-25 18:52:50.283  2866  3629 I input_focus: [Focus entering 1724763 com.zenithblue.sambas3/com.zenithblue.sambas3.RPCSXActivity,reason=Window became focusable. Previous reason: NOT_VISIBLE]
09-25 18:52:50.403  2866  2866 I sysui_multi_action: [757,1501,758,1,793,202,794,0,795,202,796,4000,806,com.zenithblue.sambas3,857,rpcsx-game,858,2,947,0,1500,0,1641,service,1688,1]
09-25 18:52:50.403  2866  2866 I sysui_multi_action: [757,804,799,note_interruptive,801,0,802,1]
09-25 18:52:50.431  1621  1621 I auditd  : type=1400 audit(0.0:6994973): avc:  denied  { search } for  comm="LightningLaunc" name="2458" dev="proc" ino=254131945 scontext=u:r:vendor_hal_perf_default:s0 tcontext=u:r:update_engine:s0 tclass=dir permissive=0
09-25 18:52:50.459  1621  1621 I auditd  : type=1400 audit(0.0:6994974): avc:  denied  { search } for  comm="LightningLaunc" name="2458" dev="proc" ino=254131945 scontext=u:r:vendor_hal_perf_default:s0 tcontext=u:r:update_engine:s0 tclass=dir permissive=0
09-25 18:52:50.535   579   579 I auditd  : type=1400 audit(0.0:6994975): avc:  denied  { read } for  comm="Thread-28" name="/" dev="tmpfs" ino=1 scontext=u:r:untrusted_app:s0:c207,c257,c512,c768 tcontext=u:object_r:device:s0 tclass=dir permissive=0 app=com.zenithblue.sambas3
09-25 18:52:50.539   579   579 I auditd  : type=1400 audit(0.0:6994976): avc:  denied  { execstack } for  comm="Thread-28" scontext=u:r:untrusted_app:s0:c207,c257,c512,c768 tcontext=u:r:untrusted_app:s0:c207,c257,c512,c768 tclass=process permissive=0 app=com.zenithblue.sambas3
09-25 18:52:50.543   579   579 I auditd  : type=1400 audit(0.0:6994977): avc:  granted  { execute } for  comm="Thread-28" path="/data/data/com.zenithblue.sambas3/files/gpu_drivers/turnip-26.3/libvulkan_freedreno.so" dev="dm-51" ino=301490 scontext=u:r:untrusted_app:s0:c207,c257,c512,c768 tcontext=u:object_r:app_data_file:s0:c207,c257,c512,c768 tclass=file app=com.zenithblue.sambas3
09-25 18:52:50.565   579   681 I jank_cuj_events_end_request: [81,1790342570565181000,954214289214091,723708976513195]
09-25 18:52:50.666  2866  2910 I wm_stop_activity: [0,48006795,com.zenithblue.sambas3/.MainActivity]
09-25 18:52:50.678   579   579 I viewroot_draw_event: [VRI[MainActivity],Not drawing due to not visible. Reason=!mAppVisible && !mForceDecorViewVisibility]
09-25 18:52:50.679   579   579 I wm_on_stop_called: [48006795,com.zenithblue.sambas3.MainActivity,STOP_ACTIVITY_ITEM,0]
09-25 18:52:50.774  2866  3877 I am_foreground_service_start: [0,com.zenithblue.sambas3/.CompilationMonitorService,1,PROC_STATE_TOP,37,37,0,0,0,1,UNKNOWN,1073741824]
09-25 18:52:50.776  2866  2866 I notification_enqueue: [10463,579,com.zenithblue.sambas3,2000,NULL,0,Notification(channel=rpcsx-progress shortcut=null contentView=null vibrate=null sound=null defaults=0 flags=ONGOING_EVENT|FOREGROUND_SERVICE|SILENT color=0x00000000 category=progress vis=PRIVATE),0,1]
09-25 18:52:50.782  2866  2866 I notification_enqueue: [10463,579,com.zenithblue.sambas3,2000,NULL,0,Notification(channel=rpcsx-progress shortcut=null contentView=null vibrate=null sound=null defaults=0 flags=ONGOING_EVENT|FOREGROUND_SERVICE|SILENT color=0x00000000 category=progress vis=PRIVATE),0,1]
09-25 18:52:50.958  2866  2866 I notification_enqueue: [10463,579,com.zenithblue.sambas3,2000,NULL,0,Notification(channel=rpcsx-progress shortcut=null contentView=null vibrate=null sound=null defaults=0 flags=ONGOING_EVENT|FOREGROUND_SERVICE|SILENT color=0x00000000 category=progress vis=PRIVATE),0,1]
09-25 18:52:50.977  2866  2866 I sysui_multi_action: [757,1501,758,1,793,201,794,0,795,201,796,2000,806,com.zenithblue.sambas3,857,rpcsx-progress,858,2,947,0,1500,0,1641,progress,1688,1]
09-25 18:52:50.977  2866  2866 I sysui_multi_action: [757,804,799,note_interruptive,801,0,802,1]
09-25 18:52:50.977  2866  2866 I notification_autogrouped: 0|com.zenithblue.sambas3|4000|null|10463
09-25 18:52:50.977  2866  2866 I notification_autogrouped: 0|com.zenithblue.sambas3|2000|null|10463
09-25 18:52:50.977  2866  2866 I notification_adjusted: [0|com.zenithblue.sambas3|2000|null|10463,key_group_key,0|com.zenithblue.sambas3|g:Aggregate_SilentSection]
09-25 18:52:50.978  2866  2866 I notification_enqueue: [10463,579,com.zenithblue.sambas3,1,0|com.zenithblue.sambas3|g:Aggregate_SilentSection,0,Notification(channel=rpcsx-progress shortcut=null contentView=null vibrate=null sound=null defaults=0 flags=ONGOING_EVENT|NO_CLEAR|LOCAL_ONLY|GROUP_SUMMARY|AUTOGROUP_SUMMARY color=0x00000000 groupKey=0|com.zenithblue.sambas3|g:Aggregate_SilentSection vis=PRIVATE),0,0]
09-25 18:52:50.979  2866  3689 I notification_adjusted: [0|com.zenithblue.sambas3|4000|null|10463,key_group_key,0|com.zenithblue.sambas3|g:Aggregate_SilentSection]
09-25 18:52:50.982  2866  2866 I notification_autogrouped: 0|com.zenithblue.sambas3|2000|null|10463
09-25 18:52:50.982  2866  2866 I notification_adjusted: [0|com.zenithblue.sambas3|2000|null|10463,key_group_key,0|com.zenithblue.sambas3|g:Aggregate_SilentSection]
09-25 18:52:50.988  2866  2866 I notification_enqueue: [10463,579,com.zenithblue.sambas3,2000,NULL,0,Notification(channel=rpcsx-progress shortcut=null contentView=null vibrate=null sound=null defaults=0 flags=ONGOING_EVENT|FOREGROUND_SERVICE|SILENT color=0x00000000 category=progress vis=PRIVATE),1,1]
09-25 18:52:51.037  2866  2866 I notification_enqueue: [10463,579,com.zenithblue.sambas3,2000,NULL,0,Notification(channel=rpcsx-progress shortcut=null contentView=null vibrate=null sound=null defaults=0 flags=ONGOING_EVENT|FOREGROUND_SERVICE|SILENT color=0x00000000 category=progress vis=PRIVATE),1,1]
09-25 18:52:51.151  2866  2866 I notification_enqueue: [10463,579,com.zenithblue.sambas3,2000,NULL,0,Notification(channel=rpcsx-progress shortcut=null contentView=null vibrate=null sound=null defaults=0 flags=ONGOING_EVENT|FOREGROUND_SERVICE|SILENT color=0x00000000 category=progress vis=PRIVATE),1,1]
09-25 18:52:51.159  2866  2866 I notification_autogrouped: 0|com.zenithblue.sambas3|2000|null|10463
09-25 18:52:51.159  2866  2866 I notification_adjusted: [0|com.zenithblue.sambas3|2000|null|10463,key_group_key,0|com.zenithblue.sambas3|g:Aggregate_SilentSection]
09-25 18:52:51.165  2866  2866 I notification_enqueue: [10463,579,com.zenithblue.sambas3,2000,NULL,0,Notification(channel=rpcsx-progress shortcut=null contentView=null vibrate=null sound=null defaults=0 flags=ONGOING_EVENT|FOREGROUND_SERVICE|SILENT color=0x00000000 category=progress vis=PRIVATE),1,1]
09-25 18:52:51.230  2866  2866 I notification_enqueue: [10463,579,com.zenithblue.sambas3,2000,NULL,0,Notification(channel=rpcsx-progress shortcut=null contentView=null vibrate=null sound=null defaults=0 flags=ONGOING_EVENT|FOREGROUND_SERVICE|SILENT color=0x00000000 category=progress vis=PRIVATE),1,1]
09-25 18:52:51.278  2866  2866 I notification_enqueue: [10463,579,com.zenithblue.sambas3,2000,NULL,0,Notification(channel=rpcsx-progress shortcut=null contentView=null vibrate=null sound=null defaults=0 flags=ONGOING_EVENT|FOREGROUND_SERVICE|SILENT color=0x00000000 category=progress vis=PRIVATE),1,1]
09-25 18:52:51.358  2866  2866 I notification_enqueue: [10463,579,com.zenithblue.sambas3,2000,NULL,0,Notification(channel=rpcsx-progress shortcut=null contentView=null vibrate=null sound=null defaults=0 flags=ONGOING_EVENT|FOREGROUND_SERVICE|SILENT color=0x00000000 category=progress vis=PRIVATE),1,1]
09-25 18:52:51.435  1621  1621 I auditd  : type=1400 audit(0.0:6994986): avc:  denied  { search } for  comm="LightningLaunc" name="2458" dev="proc" ino=254131945 scontext=u:r:vendor_hal_perf_default:s0 tcontext=u:r:update_engine:s0 tclass=dir permissive=0
09-25 18:52:51.463  1621  1621 I auditd  : type=1400 audit(0.0:6994987): avc:  denied  { search } for  comm="LightningLaunc" name="2458" dev="proc" ino=254131945 scontext=u:r:vendor_hal_perf_default:s0 tcontext=u:r:update_engine:s0 tclass=dir permissive=0
09-25 18:52:51.535  2866  2866 I notification_enqueue: [10463,579,com.zenithblue.sambas3,2000,NULL,0,Notification(channel=rpcsx-progress shortcut=null contentView=null vibrate=null sound=null defaults=0 flags=ONGOING_EVENT|FOREGROUND_SERVICE|SILENT color=0x00000000 category=progress vis=PRIVATE),1,1]
09-25 18:52:51.639  1621  1621 I auditd  : type=1400 audit(0.0:6994988): avc:  denied  { search } for  comm="LightningLaunc" name="2458" dev="proc" ino=254131945 scontext=u:r:vendor_hal_perf_default:s0 tcontext=u:r:update_engine:s0 tclass=dir permissive=0
09-25 18:52:51.667  1621  1621 I auditd  : type=1400 audit(0.0:6994989): avc:  denied  { search } for  comm="LightningLaunc" name="2458" dev="proc" ino=254131945 scontext=u:r:vendor_hal_perf_default:s0 tcontext=u:r:update_engine:s0 tclass=dir permissive=0
09-25 18:52:51.776  2866  2866 I notification_enqueue: [10463,579,com.zenithblue.sambas3,2000,NULL,0,Notification(channel=rpcsx-progress shortcut=null contentView=null vibrate=null sound=null defaults=0 flags=ONGOING_EVENT|FOREGROUND_SERVICE|SILENT color=0x00000000 category=progress vis=PRIVATE),1,1]
09-25 18:52:51.839  1621  1621 I auditd  : type=1400 audit(0.0:6994990): avc:  denied  { search } for  comm="LightningLaunc" name="2458" dev="proc" ino=254131945 scontext=u:r:vendor_hal_perf_default:s0 tcontext=u:r:update_engine:s0 tclass=dir permissive=0
09-25 18:52:51.921  2866  2866 I notification_enqueue: [10463,579,com.zenithblue.sambas3,2000,NULL,0,Notification(channel=rpcsx-progress shortcut=null contentView=null vibrate=null sound=null defaults=0 flags=ONGOING_EVENT|FOREGROUND_SERVICE|SILENT color=0x00000000 category=progress vis=PRIVATE),1,1]
09-25 18:52:52.133  2866  2866 I notification_enqueue: [10463,579,com.zenithblue.sambas3,2000,NULL,0,Notification(channel=rpcsx-progress shortcut=null contentView=null vibrate=null sound=null defaults=0 flags=ONGOING_EVENT|FOREGROUND_SERVICE|SILENT color=0x00000000 category=progress vis=PRIVATE),1,1]
09-25 18:52:52.343  2866  2866 I notification_enqueue: [10463,579,com.zenithblue.sambas3,2000,NULL,0,Notification(channel=rpcsx-progress shortcut=null contentView=null vibrate=null sound=null defaults=0 flags=ONGOING_EVENT|FOREGROUND_SERVICE|SILENT color=0x00000000 category=progress vis=PRIVATE),1,1]
09-25 18:52:52.451  1621  1621 I auditd  : type=1400 audit(0.0:6995000): avc:  denied  { search } for  comm="LightningLaunc" name="2458" dev="proc" ino=254131945 scontext=u:r:vendor_hal_perf_default:s0 tcontext=u:r:update_engine:s0 tclass=dir permissive=0
09-25 18:52:52.483  1621  1621 I auditd  : type=1400 audit(0.0:6995001): avc:  denied  { search } for  comm="LightningLaunc" name="2458" dev="proc" ino=254131945 scontext=u:r:vendor_hal_perf_default:s0 tcontext=u:r:update_engine:s0 tclass=dir permissive=0
09-25 18:52:52.659  1621  1621 I auditd  : type=1400 audit(0.0:6995002): avc:  denied  { search } for  comm="LightningLaunc" name="2458" dev="proc" ino=254131945 scontext=u:r:vendor_hal_perf_default:s0 tcontext=u:r:update_engine:s0 tclass=dir permissive=0
09-25 18:52:52.691  1621  1621 I auditd  : type=1400 audit(0.0:6995003): avc:  denied  { search } for  comm="LightningLaunc" name="2458" dev="proc" ino=254131945 scontext=u:r:vendor_hal_perf_default:s0 tcontext=u:r:update_engine:s0 tclass=dir permissive=0
09-25 18:52:52.776  2866  2866 I notification_enqueue: [10463,579,com.zenithblue.sambas3,2000,NULL,0,Notification(channel=rpcsx-progress shortcut=null contentView=null vibrate=null sound=null defaults=0 flags=ONGOING_EVENT|FOREGROUND_SERVICE|SILENT color=0x00000000 category=progress vis=PRIVATE),1,1]
09-25 18:52:52.867  1621  1621 I auditd  : type=1400 audit(0.0:6995004): avc:  denied  { search } for  comm="LightningLaunc" name="2458" dev="proc" ino=254131945 scontext=u:r:vendor_hal_perf_default:s0 tcontext=u:r:update_engine:s0 tclass=dir permissive=0
09-25 18:52:53.065  2866  2866 I notification_enqueue: [10463,579,com.zenithblue.sambas3,2000,NULL,0,Notification(channel=rpcsx-progress shortcut=null contentView=null vibrate=null sound=null defaults=0 flags=ONGOING_EVENT|FOREGROUND_SERVICE|SILENT color=0x00000000 category=progress vis=PRIVATE),1,1]
09-25 18:52:53.099  2866  2866 I notification_enqueue: [10463,579,com.zenithblue.sambas3,2000,NULL,0,Notification(channel=rpcsx-progress shortcut=null contentView=null vibrate=null sound=null defaults=0 flags=ONGOING_EVENT|FOREGROUND_SERVICE|SILENT color=0x00000000 category=progress vis=PRIVATE),1,1]
09-25 18:52:53.321  2866  2866 I notification_enqueue: [10463,579,com.zenithblue.sambas3,2000,NULL,0,Notification(channel=rpcsx-progress shortcut=null contentView=null vibrate=null sound=null defaults=0 flags=ONGOING_EVENT|FOREGROUND_SERVICE|SILENT color=0x00000000 category=progress vis=PRIVATE),1,1]
09-25 18:52:53.483  1621  1621 I auditd  : type=1400 audit(0.0:6995010): avc:  denied  { search } for  comm="LightningLaunc" name="2458" dev="proc" ino=254131945 scontext=u:r:vendor_hal_perf_default:s0 tcontext=u:r:update_engine:s0 tclass=dir permissive=0
09-25 18:52:53.520  2866  2866 I notification_enqueue: [10463,579,com.zenithblue.sambas3,2000,NULL,0,Notification(channel=rpcsx-progress shortcut=null contentView=null vibrate=null sound=null defaults=0 flags=ONGOING_EVENT|FOREGROUND_SERVICE|SILENT color=0x00000000 category=progress vis=PRIVATE),1,1]
09-25 18:52:53.523  1621  1621 I auditd  : type=1400 audit(0.0:6995011): avc:  denied  { search } for  comm="LightningLaunc" name="2458" dev="proc" ino=254131945 scontext=u:r:vendor_hal_perf_default:s0 tcontext=u:r:update_engine:s0 tclass=dir permissive=0
09-25 18:52:53.691  1621  1621 I auditd  : type=1400 audit(0.0:6995012): avc:  denied  { search } for  comm="LightningLaunc" name="2458" dev="proc" ino=254131945 scontext=u:r:vendor_hal_perf_default:s0 tcontext=u:r:update_engine:s0 tclass=dir permissive=0
09-25 18:52:53.727  1621  1621 I auditd  : type=1400 audit(0.0:6995013): avc:  denied  { search } for  comm="LightningLaunc" name="2458" dev="proc" ino=254131945 scontext=u:r:vendor_hal_perf_default:s0 tcontext=u:r:update_engine:s0 tclass=dir permissive=0
09-25 18:52:53.743  2866  2866 I notification_enqueue: [10463,579,com.zenithblue.sambas3,2000,NULL,0,Notification(channel=rpcsx-progress shortcut=null contentView=null vibrate=null sound=null defaults=0 flags=ONGOING_EVENT|FOREGROUND_SERVICE|SILENT color=0x00000000 category=progress vis=PRIVATE),1,1]
09-25 18:52:53.899  1621  1621 I auditd  : type=1400 audit(0.0:6995014): avc:  denied  { search } for  comm="LightningLaunc" name="2458" dev="proc" ino=254131945 scontext=u:r:vendor_hal_perf_default:s0 tcontext=u:r:update_engine:s0 tclass=dir permissive=0
09-25 18:52:54.019  2866  3612 I commit_sys_config_file: [settings-0-0,8]
09-25 18:52:54.041  2866  2866 I notification_enqueue: [10463,579,com.zenithblue.sambas3,2000,NULL,0,Notification(channel=rpcsx-progress shortcut=null contentView=null vibrate=null sound=null defaults=0 flags=ONGOING_EVENT|FOREGROUND_SERVICE|SILENT color=0x00000000 category=progress vis=PRIVATE),1,1]
09-25 18:52:54.210  2866  2866 I notification_enqueue: [10463,579,com.zenithblue.sambas3,2000,NULL,0,Notification(channel=rpcsx-progress shortcut=null contentView=null vibrate=null sound=null defaults=0 flags=ONGOING_EVENT|FOREGROUND_SERVICE|SILENT color=0x00000000 category=progress vis=PRIVATE),1,1]
09-25 18:52:54.479  2866  2866 I notification_enqueue: [10463,579,com.zenithblue.sambas3,2000,NULL,0,Notification(channel=rpcsx-progress shortcut=null contentView=null vibrate=null sound=null defaults=0 flags=ONGOING_EVENT|FOREGROUND_SERVICE|SILENT color=0x00000000 category=progress vis=PRIVATE),1,1]
09-25 18:52:54.523  1621  1621 I auditd  : type=1400 audit(0.0:6995020): avc:  denied  { search } for  comm="LightningLaunc" name="2458" dev="proc" ino=254131945 scontext=u:r:vendor_hal_perf_default:s0 tcontext=u:r:update_engine:s0 tclass=dir permissive=0
09-25 18:52:54.551  1621  1621 I auditd  : type=1400 audit(0.0:6995021): avc:  denied  { search } for  comm="LightningLaunc" name="2458" dev="proc" ino=254131945 scontext=u:r:vendor_hal_perf_default:s0 tcontext=u:r:update_engine:s0 tclass=dir permissive=0
09-25 18:52:54.731  1621  1621 I auditd  : type=1400 audit(0.0:6995022): avc:  denied  { search } for  comm="LightningLaunc" name="2458" dev="proc" ino=254131945 scontext=u:r:vendor_hal_perf_default:s0 tcontext=u:r:update_engine:s0 tclass=dir permissive=0
09-25 18:52:54.751  2866  2866 I notification_enqueue: [10463,579,com.zenithblue.sambas3,2000,NULL,0,Notification(channel=rpcsx-progress shortcut=null contentView=null vibrate=null sound=null defaults=0 flags=ONGOING_EVENT|FOREGROUND_SERVICE|SILENT color=0x00000000 category=progress vis=PRIVATE),1,1]
09-25 18:52:54.755  1621  1621 I auditd  : type=1400 audit(0.0:6995023): avc:  denied  { search } for  comm="LightningLaunc" name="2458" dev="proc" ino=254131945 scontext=u:r:vendor_hal_perf_default:s0 tcontext=u:r:update_engine:s0 tclass=dir permissive=0
09-25 18:52:54.935  1621  1621 I auditd  : type=1400 audit(0.0:6995024): avc:  denied  { search } for  comm="LightningLaunc" name="2458" dev="proc" ino=254131945 scontext=u:r:vendor_hal_perf_default:s0 tcontext=u:r:update_engine:s0 tclass=dir permissive=0
09-25 18:52:54.948  2866  2866 I notification_enqueue: [10463,579,com.zenithblue.sambas3,2000,NULL,0,Notification(channel=rpcsx-progress shortcut=null contentView=null vibrate=null sound=null defaults=0 flags=ONGOING_EVENT|FOREGROUND_SERVICE|SILENT color=0x00000000 category=progress vis=PRIVATE),1,1]
09-25 18:52:55.138  2866  2866 I notification_enqueue: [10463,579,com.zenithblue.sambas3,2000,NULL,0,Notification(channel=rpcsx-progress shortcut=null contentView=null vibrate=null sound=null defaults=0 flags=ONGOING_EVENT|FOREGROUND_SERVICE|SILENT color=0x00000000 category=progress vis=PRIVATE),1,1]
09-25 18:52:55.355  2866  2866 I notification_enqueue: [10463,579,com.zenithblue.sambas3,2000,NULL,0,Notification(channel=rpcsx-progress shortcut=null contentView=null vibrate=null sound=null defaults=0 flags=ONGOING_EVENT|FOREGROUND_SERVICE|SILENT color=0x00000000 category=progress vis=PRIVATE),1,1]
09-25 18:52:55.555  1621  1621 I auditd  : type=1400 audit(0.0:6995030): avc:  denied  { search } for  comm="LightningLaunc" name="2458" dev="proc" ino=254131945 scontext=u:r:vendor_hal_perf_default:s0 tcontext=u:r:update_engine:s0 tclass=dir permissive=0
09-25 18:52:55.571  1621  1621 I auditd  : type=1400 audit(0.0:6995031): avc:  denied  { search } for  comm="LightningLaunc" name="2458" dev="proc" ino=254131945 scontext=u:r:vendor_hal_perf_default:s0 tcontext=u:r:update_engine:s0 tclass=dir permissive=0
09-25 18:52:55.636  2866  2866 I notification_enqueue: [10463,579,com.zenithblue.sambas3,2000,NULL,0,Notification(channel=rpcsx-progress shortcut=null contentView=null vibrate=null sound=null defaults=0 flags=ONGOING_EVENT|FOREGROUND_SERVICE|SILENT color=0x00000000 category=progress vis=PRIVATE),1,1]
09-25 18:52:55.763  1621  1621 I auditd  : type=1400 audit(0.0:6995032): avc:  denied  { search } for  comm="LightningLaunc" name="2458" dev="proc" ino=254131945 scontext=u:r:vendor_hal_perf_default:s0 tcontext=u:r:update_engine:s0 tclass=dir permissive=0
09-25 18:52:55.779  1621  1621 I auditd  : type=1400 audit(0.0:6995033): avc:  denied  { search } for  comm="LightningLaunc" name="2458" dev="proc" ino=254131945 scontext=u:r:vendor_hal_perf_default:s0 tcontext=u:r:update_engine:s0 tclass=dir permissive=0
09-25 18:52:55.806  2866  3877 I thermal_changed: [CPU7,0,95.000000,3,0]
09-25 18:52:55.835  2866  3877 I thermal_changed: [CPU7,0,89.900002,0,0]
09-25 18:52:55.870  2866  3877 I thermal_changed: [CPU7,0,95.000000,3,0]
09-25 18:52:55.921  2866  3877 I thermal_changed: [CPU7,0,89.900002,0,0]
09-25 18:52:55.967  1621  1621 I auditd  : type=1400 audit(0.0:6995034): avc:  denied  { search } for  comm="LightningLaunc" name="2458" dev="proc" ino=254131945 scontext=u:r:vendor_hal_perf_default:s0 tcontext=u:r:update_engine:s0 tclass=dir permissive=0
09-25 18:52:55.980  2866  2866 I notification_enqueue: [10463,579,com.zenithblue.sambas3,2000,NULL,0,Notification(channel=rpcsx-progress shortcut=null contentView=null vibrate=null sound=null defaults=0 flags=ONGOING_EVENT|FOREGROUND_SERVICE|SILENT color=0x00000000 category=progress vis=PRIVATE),1,1]
09-25 18:52:56.049  2866  3877 I thermal_changed: [CPU7,0,95.000000,3,0]
09-25 18:52:56.096  2866  3877 I thermal_changed: [CPU7,0,89.900002,0,0]
09-25 18:52:56.123  2866  3877 I thermal_changed: [CPU7,0,95.000000,3,0]
09-25 18:52:56.170  2866  3877 I thermal_changed: [CPU7,0,89.900002,0,0]
09-25 18:52:56.237  2866  2866 I notification_enqueue: [10463,579,com.zenithblue.sambas3,2000,NULL,0,Notification(channel=rpcsx-progress shortcut=null contentView=null vibrate=null sound=null defaults=0 flags=ONGOING_EVENT|FOREGROUND_SERVICE|SILENT color=0x00000000 category=progress vis=PRIVATE),1,1]
09-25 18:52:56.302  2866  2866 I notification_enqueue: [10463,579,com.zenithblue.sambas3,2000,NULL,0,Notification(channel=rpcsx-progress shortcut=null contentView=null vibrate=null sound=null defaults=0 flags=ONGOING_EVENT|FOREGROUND_SERVICE|SILENT color=0x00000000 category=progress vis=PRIVATE),1,1]
09-25 18:52:56.406  2866 12110 I thermal_changed: [CPU7,0,95.000000,3,0]
09-25 18:52:56.465  2866 12110 I thermal_changed: [CPU7,0,89.900002,0,0]
09-25 18:52:56.587  1621  1621 I auditd  : type=1400 audit(0.0:6995040): avc:  denied  { search } for  comm="LightningLaunc" name="2458" dev="proc" ino=254131945 scontext=u:r:vendor_hal_perf_default:s0 tcontext=u:r:update_engine:s0 tclass=dir permissive=0
09-25 18:52:56.593  2866  2866 I notification_enqueue: [10463,579,com.zenithblue.sambas3,2000,NULL,0,Notification(channel=rpcsx-progress shortcut=null contentView=null vibrate=null sound=null defaults=0 flags=ONGOING_EVENT|FOREGROUND_SERVICE|SILENT color=0x00000000 category=progress vis=PRIVATE),1,1]
09-25 18:52:56.599  1621  1621 I auditd  : type=1400 audit(0.0:6995041): avc:  denied  { search } for  comm="LightningLaunc" name="2458" dev="proc" ino=254131945 scontext=u:r:vendor_hal_perf_default:s0 tcontext=u:r:update_engine:s0 tclass=dir permissive=0
09-25 18:52:56.611  2866  3904 I thermal_changed: [CPU7,0,95.000000,3,0]
09-25 18:52:56.730  2866 12110 I thermal_changed: [CPU7,0,89.900002,0,0]
09-25 18:52:56.795  1621  1621 I auditd  : type=1400 audit(0.0:6995042): avc:  denied  { search } for  comm="LightningLaunc" name="2458" dev="proc" ino=254131945 scontext=u:r:vendor_hal_perf_default:s0 tcontext=u:r:update_engine:s0 tclass=dir permissive=0
09-25 18:52:56.807  1621  1621 I auditd  : type=1400 audit(0.0:6995043): avc:  denied  { search } for  comm="LightningLaunc" name="2458" dev="proc" ino=254131945 scontext=u:r:vendor_hal_perf_default:s0 tcontext=u:r:update_engine:s0 tclass=dir permissive=0
09-25 18:52:56.818  2866  2866 I notification_enqueue: [10463,579,com.zenithblue.sambas3,2000,NULL,0,Notification(channel=rpcsx-progress shortcut=null contentView=null vibrate=null sound=null defaults=0 flags=ONGOING_EVENT|FOREGROUND_SERVICE|SILENT color=0x00000000 category=progress vis=PRIVATE),1,1]
09-25 18:52:57.003  1621  1621 I auditd  : type=1400 audit(0.0:6995044): avc:  denied  { search } for  comm="LightningLaunc" name="2458" dev="proc" ino=254131945 scontext=u:r:vendor_hal_perf_default:s0 tcontext=u:r:update_engine:s0 tclass=dir permissive=0
09-25 18:52:57.074  2866  3904 I thermal_changed: [CPU7,0,95.000000,3,0]
09-25 18:52:57.081  2866  3904 I thermal_changed: [CPU7,0,89.900002,0,0]
09-25 18:52:57.091  2866  2866 I notification_enqueue: [10463,579,com.zenithblue.sambas3,2000,NULL,0,Notification(channel=rpcsx-progress shortcut=null contentView=null vibrate=null sound=null defaults=0 flags=ONGOING_EVENT|FOREGROUND_SERVICE|SILENT color=0x00000000 category=progress vis=PRIVATE),1,1]
09-25 18:52:57.227  2866  3904 I thermal_changed: [CPU7,0,95.000000,3,0]
09-25 18:52:57.247  2866 12110 I thermal_changed: [CPU7,0,89.900002,0,0]
09-25 18:52:57.255  2866  2866 I notification_enqueue: [10463,579,com.zenithblue.sambas3,2000,NULL,0,Notification(channel=rpcsx-progress shortcut=null contentView=null vibrate=null sound=null defaults=0 flags=ONGOING_EVENT|FOREGROUND_SERVICE|SILENT color=0x00000000 category=progress vis=PRIVATE),1,1]
09-25 18:52:57.430  2866  2866 I notification_enqueue: [10463,579,com.zenithblue.sambas3,2000,NULL,0,Notification(channel=rpcsx-progress shortcut=null contentView=null vibrate=null sound=null defaults=0 flags=ONGOING_EVENT|FOREGROUND_SERVICE|SILENT color=0x00000000 category=progress vis=PRIVATE),1,1]
09-25 18:52:57.561  2866 12110 I thermal_changed: [CPU7,0,95.000000,3,0]
09-25 18:52:57.623  1621  1621 I auditd  : type=1400 audit(0.0:6995050): avc:  denied  { search } for  comm="LightningLaunc" name="2458" dev="proc" ino=254131945 scontext=u:r:vendor_hal_perf_default:s0 tcontext=u:r:update_engine:s0 tclass=dir permissive=0
09-25 18:52:57.631  1621  1621 I auditd  : type=1400 audit(0.0:6995051): avc:  denied  { search } for  comm="LightningLaunc" name="2458" dev="proc" ino=254131945 scontext=u:r:vendor_hal_perf_default:s0 tcontext=u:r:update_engine:s0 tclass=dir permissive=0
09-25 18:52:57.663  2866 12110 I thermal_changed: [CPU7,0,89.900002,0,0]
09-25 18:52:57.687  2866  2866 I notification_enqueue: [10463,579,com.zenithblue.sambas3,2000,NULL,0,Notification(channel=rpcsx-progress shortcut=null contentView=null vibrate=null sound=null defaults=0 flags=ONGOING_EVENT|FOREGROUND_SERVICE|SILENT color=0x00000000 category=progress vis=PRIVATE),1,1]
09-25 18:52:57.734  2866 12110 I thermal_changed: [CPU7,0,95.000000,3,0]
09-25 18:52:57.827  1621  1621 I auditd  : type=1400 audit(0.0:6995052): avc:  denied  { search } for  comm="LightningLaunc" name="2458" dev="proc" ino=254131945 scontext=u:r:vendor_hal_perf_default:s0 tcontext=u:r:update_engine:s0 tclass=dir permissive=0
09-25 18:52:57.835  1621  1621 I auditd  : type=1400 audit(0.0:6995053): avc:  denied  { search } for  comm="LightningLaunc" name="2458" dev="proc" ino=254131945 scontext=u:r:vendor_hal_perf_default:s0 tcontext=u:r:update_engine:s0 tclass=dir permissive=0
09-25 18:52:57.882  2866 12110 I thermal_changed: [CPU7,0,89.900002,0,0]
09-25 18:52:57.961  2866  2866 I notification_enqueue: [10463,579,com.zenithblue.sambas3,2000,NULL,0,Notification(channel=rpcsx-progress shortcut=null contentView=null vibrate=null sound=null defaults=0 flags=ONGOING_EVENT|FOREGROUND_SERVICE|SILENT color=0x00000000 category=progress vis=PRIVATE),1,1]
09-25 18:52:58.010  2866 12110 I thermal_changed: [CPU7,0,95.000000,3,0]
09-25 18:52:58.035  1621  1621 I auditd  : type=1400 audit(0.0:6995054): avc:  denied  { search } for  comm="LightningLaunc" name="2458" dev="proc" ino=254131945 scontext=u:r:vendor_hal_perf_default:s0 tcontext=u:r:update_engine:s0 tclass=dir permissive=0
09-25 18:52:58.139  2866  2866 I notification_enqueue: [10463,579,com.zenithblue.sambas3,2000,NULL,0,Notification(channel=rpcsx-progress shortcut=null contentView=null vibrate=null sound=null defaults=0 flags=ONGOING_EVENT|FOREGROUND_SERVICE|SILENT color=0x00000000 category=progress vis=PRIVATE),1,1]
09-25 18:52:58.195  2866  3904 I thermal_changed: [CPU7,0,89.900002,0,0]
09-25 18:52:58.378  2866  2866 I notification_enqueue: [10463,579,com.zenithblue.sambas3,2000,NULL,0,Notification(channel=rpcsx-progress shortcut=null contentView=null vibrate=null sound=null defaults=0 flags=ONGOING_EVENT|FOREGROUND_SERVICE|SILENT color=0x00000000 category=progress vis=PRIVATE),1,1]
09-25 18:52:58.500  2866 12110 I thermal_changed: [CPU7,0,95.000000,3,0]
09-25 18:52:58.556  2866  2866 I notification_enqueue: [10463,579,com.zenithblue.sambas3,2000,NULL,0,Notification(channel=rpcsx-progress shortcut=null contentView=null vibrate=null sound=null defaults=0 flags=ONGOING_EVENT|FOREGROUND_SERVICE|SILENT color=0x00000000 category=progress vis=PRIVATE),1,1]
09-25 18:52:58.647  2866 12110 I thermal_changed: [CPU7,0,89.900002,0,0]
09-25 18:52:58.655  1621  1621 I auditd  : type=1400 audit(0.0:6995060): avc:  denied  { search } for  comm="LightningLaunc" name="2458" dev="proc" ino=254131945 scontext=u:r:vendor_hal_perf_default:s0 tcontext=u:r:update_engine:s0 tclass=dir permissive=0
09-25 18:52:58.663  1621  1621 I auditd  : type=1400 audit(0.0:6995061): avc:  denied  { search } for  comm="LightningLaunc" name="2458" dev="proc" ino=254131945 scontext=u:r:vendor_hal_perf_default:s0 tcontext=u:r:update_engine:s0 tclass=dir permissive=0
09-25 18:52:58.671   579   579 I auditd  : type=1400 audit(0.0:6995062): avc:  denied  { search } for  comm="DefaultDispatch" name="zram0" dev="sysfs" ino=107524 scontext=u:r:untrusted_app:s0:c207,c257,c512,c768 tcontext=u:object_r:sysfs_zram:s0 tclass=dir permissive=0 app=com.zenithblue.sambas3
09-25 18:52:58.671   579   579 I auditd  : type=1400 audit(0.0:6995063): avc:  denied  { search } for  comm="DefaultDispatch" name="zram0" dev="sysfs" ino=107524 scontext=u:r:untrusted_app:s0:c207,c257,c512,c768 tcontext=u:object_r:sysfs_zram:s0 tclass=dir permissive=0 app=com.zenithblue.sambas3
09-25 18:52:58.770  2866  2866 I notification_enqueue: [10463,579,com.zenithblue.sambas3,2000,NULL,0,Notification(channel=rpcsx-progress shortcut=null contentView=null vibrate=null sound=null defaults=0 flags=ONGOING_EVENT|FOREGROUND_SERVICE|SILENT color=0x00000000 category=progress vis=PRIVATE),1,1]
09-25 18:52:58.863  1621  1621 I auditd  : type=1400 audit(0.0:6995064): avc:  denied  { search } for  comm="LightningLaunc" name="2458" dev="proc" ino=254131945 scontext=u:r:vendor_hal_perf_default:s0 tcontext=u:r:update_engine:s0 tclass=dir permissive=0
09-25 18:52:58.994  2866  3904 I thermal_changed: [CPU7,0,95.000000,3,0]
09-25 18:52:59.015  2866  3904 I thermal_changed: [CPU7,0,89.900002,0,0]
09-25 18:52:59.073  2866  2866 I notification_enqueue: [10463,579,com.zenithblue.sambas3,2000,NULL,0,Notification(channel=rpcsx-progress shortcut=null contentView=null vibrate=null sound=null defaults=0 flags=ONGOING_EVENT|FOREGROUND_SERVICE|SILENT color=0x00000000 category=progress vis=PRIVATE),1,1]
09-25 18:52:59.229  2866  3904 I thermal_changed: [CPU7,0,95.000000,3,0]
09-25 18:52:59.491  2866  2866 I notification_enqueue: [10463,579,com.zenithblue.sambas3,2000,NULL,0,Notification(channel=rpcsx-progress shortcut=null contentView=null vibrate=null sound=null defaults=0 flags=ONGOING_EVENT|FOREGROUND_SERVICE|SILENT color=0x00000000 category=progress vis=PRIVATE),1,1]
09-25 18:52:59.546  2866  3904 I thermal_changed: [CPU7,0,89.900002,0,0]
09-25 18:52:59.620  2866  2866 I notification_enqueue: [10463,579,com.zenithblue.sambas3,2000,NULL,0,Notification(channel=rpcsx-progress shortcut=null contentView=null vibrate=null sound=null defaults=0 flags=ONGOING_EVENT|FOREGROUND_SERVICE|SILENT color=0x00000000 category=progress vis=PRIVATE),1,1]
09-25 18:52:59.687  1621  1621 I auditd  : type=1400 audit(0.0:6995072): avc:  denied  { search } for  comm="LightningLaunc" name="2458" dev="proc" ino=254131945 scontext=u:r:vendor_hal_perf_default:s0 tcontext=u:r:update_engine:s0 tclass=dir permissive=0
09-25 18:52:59.695  1621  1621 I auditd  : type=1400 audit(0.0:6995073): avc:  denied  { search } for  comm="LightningLaunc" name="2458" dev="proc" ino=254131945 scontext=u:r:vendor_hal_perf_default:s0 tcontext=u:r:update_engine:s0 tclass=dir permissive=0
09-25 18:52:59.781  2866  9069 I thermal_changed: [CPU7,0,95.400002,3,0]
09-25 18:52:59.903  1621  1621 I auditd  : type=1400 audit(0.0:6995074): avc:  denied  { search } for  comm="LightningLaunc" name="2458" dev="proc" ino=254131945 scontext=u:r:vendor_hal_perf_default:s0 tcontext=u:r:update_engine:s0 tclass=dir permissive=0
09-25 18:52:59.903  1621  1621 I auditd  : type=1400 audit(0.0:6995075): avc:  denied  { search } for  comm="LightningLaunc" name="2458" dev="proc" ino=254131945 scontext=u:r:vendor_hal_perf_default:s0 tcontext=u:r:update_engine:s0 tclass=dir permissive=0
09-25 18:52:59.974  2866  2866 I notification_enqueue: [10463,579,com.zenithblue.sambas3,2000,NULL,0,Notification(channel=rpcsx-progress shortcut=null contentView=null vibrate=null sound=null defaults=0 flags=ONGOING_EVENT|FOREGROUND_SERVICE|SILENT color=0x00000000 category=progress vis=PRIVATE),1,1]
09-25 18:53:00.107  1621  1621 I auditd  : type=1400 audit(0.0:6995076): avc:  denied  { search } for  comm="LightningLaunc" name="2458" dev="proc" ino=254131945 scontext=u:r:vendor_hal_perf_default:s0 tcontext=u:r:update_engine:s0 tclass=dir permissive=0
09-25 18:53:00.171  2866  9069 I thermal_changed: [CPU7,0,89.900002,0,0]
09-25 18:53:00.249  2866  2866 I notification_enqueue: [10463,579,com.zenithblue.sambas3,2000,NULL,0,Notification(channel=rpcsx-progress shortcut=null contentView=null vibrate=null sound=null defaults=0 flags=ONGOING_EVENT|FOREGROUND_SERVICE|SILENT color=0x00000000 category=progress vis=PRIVATE),1,1]
09-25 18:53:00.280  2866  2866 I notification_enqueue: [10463,579,com.zenithblue.sambas3,2000,NULL,0,Notification(channel=rpcsx-progress shortcut=null contentView=null vibrate=null sound=null defaults=0 flags=ONGOING_EVENT|FOREGROUND_SERVICE|SILENT color=0x00000000 category=progress vis=PRIVATE),1,1]
09-25 18:53:00.470  2866  3904 I thermal_changed: [CPU7,0,95.000000,3,0]
09-25 18:53:00.505  2866  2866 I notification_enqueue: [10463,579,com.zenithblue.sambas3,2000,NULL,0,Notification(channel=rpcsx-progress shortcut=null contentView=null vibrate=null sound=null defaults=0 flags=ONGOING_EVENT|FOREGROUND_SERVICE|SILENT color=0x00000000 category=progress vis=PRIVATE),1,1]
09-25 18:53:00.716  2866  2866 I notification_enqueue: [10463,579,com.zenithblue.sambas3,2000,NULL,0,Notification(channel=rpcsx-progress shortcut=null contentView=null vibrate=null sound=null defaults=0 flags=ONGOING_EVENT|FOREGROUND_SERVICE|SILENT color=0x00000000 category=progress vis=PRIVATE),1,1]
09-25 18:53:00.723  1621  1621 I auditd  : type=1400 audit(0.0:6995082): avc:  denied  { search } for  comm="LightningLaunc" name="2458" dev="proc" ino=254131945 scontext=u:r:vendor_hal_perf_default:s0 tcontext=u:r:update_engine:s0 tclass=dir permissive=0
09-25 18:53:00.723  1621  1621 I auditd  : type=1400 audit(0.0:6995083): avc:  denied  { search } for  comm="LightningLaunc" name="2458" dev="proc" ino=254131945 scontext=u:r:vendor_hal_perf_default:s0 tcontext=u:r:update_engine:s0 tclass=dir permissive=0
09-25 18:53:00.830  2866  3904 I thermal_changed: [CPU7,0,89.900002,0,0]
09-25 18:53:00.927  1621  1621 I auditd  : type=1400 audit(0.0:6995085): avc:  denied  { search } for  comm="LightningLaunc" name="2458" dev="proc" ino=254131945 scontext=u:r:vendor_hal_perf_default:s0 tcontext=u:r:update_engine:s0 tclass=dir permissive=0
09-25 18:53:00.927  1621  1621 I auditd  : type=1400 audit(0.0:6995084): avc:  denied  { search } for  comm="LightningLaunc" name="2458" dev="proc" ino=254131945 scontext=u:r:vendor_hal_perf_default:s0 tcontext=u:r:update_engine:s0 tclass=dir permissive=0
09-25 18:53:00.934  2866  2866 I notification_enqueue: [10463,579,com.zenithblue.sambas3,2000,NULL,0,Notification(channel=rpcsx-progress shortcut=null contentView=null vibrate=null sound=null defaults=0 flags=ONGOING_EVENT|FOREGROUND_SERVICE|SILENT color=0x00000000 category=progress vis=PRIVATE),1,1]
09-25 18:53:01.010  2866  9069 I thermal_changed: [CPU7,0,95.000000,3,0]
09-25 18:53:01.112  2866  9069 I thermal_changed: [CPU7,0,89.900002,0,0]
09-25 18:53:01.133  2866  2866 I notification_enqueue: [10463,579,com.zenithblue.sambas3,2000,NULL,0,Notification(channel=rpcsx-progress shortcut=null contentView=null vibrate=null sound=null defaults=0 flags=ONGOING_EVENT|FOREGROUND_SERVICE|SILENT color=0x00000000 category=progress vis=PRIVATE),1,1]
09-25 18:53:01.135  1621  1621 I auditd  : type=1400 audit(0.0:6995086): avc:  denied  { search } for  comm="LightningLaunc" name="2458" dev="proc" ino=254131945 scontext=u:r:vendor_hal_perf_default:s0 tcontext=u:r:update_engine:s0 tclass=dir permissive=0
09-25 18:53:01.353  2866  3904 I thermal_changed: [CPU7,0,95.000000,3,0]
09-25 18:53:01.372  2866  3904 I thermal_changed: [CPU7,0,89.900002,0,0]
09-25 18:53:01.423  2866  2866 I notification_enqueue: [10463,579,com.zenithblue.sambas3,2000,NULL,0,Notification(channel=rpcsx-progress shortcut=null contentView=null vibrate=null sound=null defaults=0 flags=ONGOING_EVENT|FOREGROUND_SERVICE|SILENT color=0x00000000 category=progress vis=PRIVATE),1,1]
09-25 18:53:01.553  2866  3904 I thermal_changed: [CPU7,0,95.000000,3,0]
09-25 18:53:01.612  2866  3904 I thermal_changed: [CPU7,0,89.900002,0,0]
09-25 18:53:01.618  2866  2866 I notification_enqueue: [10463,579,com.zenithblue.sambas3,2000,NULL,0,Notification(channel=rpcsx-progress shortcut=null contentView=null vibrate=null sound=null defaults=0 flags=ONGOING_EVENT|FOREGROUND_SERVICE|SILENT color=0x00000000 category=progress vis=PRIVATE),1,1]
09-25 18:53:01.643  2866  9069 I thermal_changed: [CPU7,0,95.000000,3,0]
09-25 18:53:01.694  2866  9069 I thermal_changed: [CPU7,0,89.900002,0,0]
09-25 18:53:01.751  1621  1621 I auditd  : type=1400 audit(0.0:6995092): avc:  denied  { search } for  comm="LightningLaunc" name="2458" dev="proc" ino=254131945 scontext=u:r:vendor_hal_perf_default:s0 tcontext=u:r:update_engine:s0 tclass=dir permissive=0
09-25 18:53:01.751  1621  1621 I auditd  : type=1400 audit(0.0:6995093): avc:  denied  { search } for  comm="LightningLaunc" name="2458" dev="proc" ino=254131945 scontext=u:r:vendor_hal_perf_default:s0 tcontext=u:r:update_engine:s0 tclass=dir permissive=0
09-25 18:53:01.892  2866  2866 I notification_enqueue: [10463,579,com.zenithblue.sambas3,2000,NULL,0,Notification(channel=rpcsx-progress shortcut=null contentView=null vibrate=null sound=null defaults=0 flags=ONGOING_EVENT|FOREGROUND_SERVICE|SILENT color=0x00000000 category=progress vis=PRIVATE),1,1]
09-25 18:53:01.959  1621  1621 I auditd  : type=1400 audit(0.0:6995094): avc:  denied  { search } for  comm="LightningLaunc" name="2458" dev="proc" ino=254131945 scontext=u:r:vendor_hal_perf_default:s0 tcontext=u:r:update_engine:s0 tclass=dir permissive=0
09-25 18:53:01.959  1621  1621 I auditd  : type=1400 audit(0.0:6995095): avc:  denied  { search } for  comm="LightningLaunc" name="2458" dev="proc" ino=254131945 scontext=u:r:vendor_hal_perf_default:s0 tcontext=u:r:update_engine:s0 tclass=dir permissive=0
09-25 18:53:02.067  2866  2866 I notification_enqueue: [10463,579,com.zenithblue.sambas3,2000,NULL,0,Notification(channel=rpcsx-progress shortcut=null contentView=null vibrate=null sound=null defaults=0 flags=ONGOING_EVENT|FOREGROUND_SERVICE|SILENT color=0x00000000 category=progress vis=PRIVATE),1,1]
09-25 18:53:02.119  2866  9069 I thermal_changed: [CPU7,0,95.000000,3,0]
09-25 18:53:02.167  1621  1621 I auditd  : type=1400 audit(0.0:6995096): avc:  denied  { search } for  comm="LightningLaunc" name="2458" dev="proc" ino=254131945 scontext=u:r:vendor_hal_perf_default:s0 tcontext=u:r:update_engine:s0 tclass=dir permissive=0
09-25 18:53:02.177  2866  9069 I thermal_changed: [CPU7,0,89.900002,0,0]
09-25 18:53:02.282  2866  2866 I notification_enqueue: [10463,579,com.zenithblue.sambas3,2000,NULL,0,Notification(channel=rpcsx-progress shortcut=null contentView=null vibrate=null sound=null defaults=0 flags=ONGOING_EVENT|FOREGROUND_SERVICE|SILENT color=0x00000000 category=progress vis=PRIVATE),1,1]
09-25 18:53:02.417  2866  9069 I thermal_changed: [CPU7,0,95.400002,3,0]
09-25 18:53:02.471  2866  2866 I notification_enqueue: [10463,579,com.zenithblue.sambas3,2000,NULL,0,Notification(channel=rpcsx-progress shortcut=null contentView=null vibrate=null sound=null defaults=0 flags=ONGOING_EVENT|FOREGROUND_SERVICE|SILENT color=0x00000000 category=progress vis=PRIVATE),1,1]
09-25 18:53:02.791  1621  1621 I auditd  : type=1400 audit(0.0:6995102): avc:  denied  { search } for  comm="LightningLaunc" name="2458" dev="proc" ino=254131945 scontext=u:r:vendor_hal_perf_default:s0 tcontext=u:r:update_engine:s0 tclass=dir permissive=0
09-25 18:53:02.791  1621  1621 I auditd  : type=1400 audit(0.0:6995103): avc:  denied  { search } for  comm="LightningLaunc" name="2458" dev="proc" ino=254131945 scontext=u:r:vendor_hal_perf_default:s0 tcontext=u:r:update_engine:s0 tclass=dir permissive=0
09-25 18:53:02.821  2866  9069 I thermal_changed: [CPU3,0,95.000000,3,0]
09-25 18:53:02.837  2866  9069 I thermal_changed: [CPU3,0,89.900002,0,0]
09-25 18:53:02.860  2866  9069 I thermal_changed: [CPU3,0,95.000000,3,0]
09-25 18:53:02.907  2866  9069 I thermal_changed: [CPU3,0,89.900002,0,0]
09-25 18:53:02.927  2866  3877 I thermal_changed: [CPU7,0,89.900002,0,0]
09-25 18:53:02.939  2866  3877 I thermal_changed: [CPU7,0,95.000000,3,0]
09-25 18:53:02.957  2866  2866 I notification_enqueue: [10463,579,com.zenithblue.sambas3,2000,NULL,0,Notification(channel=rpcsx-progress shortcut=null contentView=null vibrate=null sound=null defaults=0 flags=ONGOING_EVENT|FOREGROUND_SERVICE|SILENT color=0x00000000 category=progress vis=PRIVATE),1,1]
09-25 18:53:02.989  2866  2866 I notification_enqueue: [10463,579,com.zenithblue.sambas3,2000,NULL,0,Notification(channel=rpcsx-progress shortcut=null contentView=null vibrate=null sound=null defaults=0 flags=ONGOING_EVENT|FOREGROUND_SERVICE|SILENT color=0x00000000 category=progress vis=PRIVATE),1,1]
09-25 18:53:02.999  1621  1621 I auditd  : type=1400 audit(0.0:6995104): avc:  denied  { search } for  comm="LightningLaunc" name="2458" dev="proc" ino=254131945 scontext=u:r:vendor_hal_perf_default:s0 tcontext=u:r:update_engine:s0 tclass=dir permissive=0
09-25 18:53:02.999  1621  1621 I auditd  : type=1400 audit(0.0:6995105): avc:  denied  { search } for  comm="LightningLaunc" name="2458" dev="proc" ino=254131945 scontext=u:r:vendor_hal_perf_default:s0 tcontext=u:r:update_engine:s0 tclass=dir permissive=0
09-25 18:53:03.202  2866  2866 I notification_enqueue: [10463,579,com.zenithblue.sambas3,2000,NULL,0,Notification(channel=rpcsx-progress shortcut=null contentView=null vibrate=null sound=null defaults=0 flags=ONGOING_EVENT|FOREGROUND_SERVICE|SILENT color=0x00000000 category=progress vis=PRIVATE),1,1]
09-25 18:53:03.207  1621  1621 I auditd  : type=1400 audit(0.0:6995106): avc:  denied  { search } for  comm="LightningLaunc" name="2458" dev="proc" ino=254131945 scontext=u:r:vendor_hal_perf_default:s0 tcontext=u:r:update_engine:s0 tclass=dir permissive=0
09-25 18:53:03.441  2866  2866 I notification_enqueue: [10463,579,com.zenithblue.sambas3,2000,NULL,0,Notification(channel=rpcsx-progress shortcut=null contentView=null vibrate=null sound=null defaults=0 flags=ONGOING_EVENT|FOREGROUND_SERVICE|SILENT color=0x00000000 category=progress vis=PRIVATE),1,1]
09-25 18:53:03.479  2866  3877 I thermal_changed: [CPU7,0,89.900002,0,0]
09-25 18:53:03.731  2866  2866 I notification_enqueue: [10463,579,com.zenithblue.sambas3,2000,NULL,0,Notification(channel=rpcsx-progress shortcut=null contentView=null vibrate=null sound=null defaults=0 flags=ONGOING_EVENT|FOREGROUND_SERVICE|SILENT color=0x00000000 category=progress vis=PRIVATE),1,1]
09-25 18:53:03.827  1621  1621 I auditd  : type=1400 audit(0.0:6995112): avc:  denied  { search } for  comm="LightningLaunc" name="2458" dev="proc" ino=254131945 scontext=u:r:vendor_hal_perf_default:s0 tcontext=u:r:update_engine:s0 tclass=dir permissive=0
09-25 18:53:03.831  1621  1621 I auditd  : type=1400 audit(0.0:6995113): avc:  denied  { search } for  comm="LightningLaunc" name="2458" dev="proc" ino=254131945 scontext=u:r:vendor_hal_perf_default:s0 tcontext=u:r:update_engine:s0 tclass=dir permissive=0
09-25 18:53:03.889  2866 12110 I thermal_changed: [CPU7,0,95.000000,3,0]
09-25 18:53:03.976  2866  3877 I thermal_changed: [CPU7,0,89.900002,0,0]
09-25 18:53:04.007  2866  2866 I notification_enqueue: [10463,579,com.zenithblue.sambas3,2000,NULL,0,Notification(channel=rpcsx-progress shortcut=null contentView=null vibrate=null sound=null defaults=0 flags=ONGOING_EVENT|FOREGROUND_SERVICE|SILENT color=0x00000000 category=progress vis=PRIVATE),1,1]
09-25 18:53:04.035  1621  1621 I auditd  : type=1400 audit(0.0:6995114): avc:  denied  { search } for  comm="LightningLaunc" name="2458" dev="proc" ino=254131945 scontext=u:r:vendor_hal_perf_default:s0 tcontext=u:r:update_engine:s0 tclass=dir permissive=0
09-25 18:53:04.039  1621  1621 I auditd  : type=1400 audit(0.0:6995115): avc:  denied  { search } for  comm="LightningLaunc" name="2458" dev="proc" ino=254131945 scontext=u:r:vendor_hal_perf_default:s0 tcontext=u:r:update_engine:s0 tclass=dir permissive=0
09-25 18:53:04.063  2866  3877 I thermal_changed: [CPU7,0,95.000000,3,0]
09-25 18:53:04.200  2866  2866 I notification_enqueue: [10463,579,com.zenithblue.sambas3,2000,NULL,0,Notification(channel=rpcsx-progress shortcut=null contentView=null vibrate=null sound=null defaults=0 flags=ONGOING_EVENT|FOREGROUND_SERVICE|SILENT color=0x00000000 category=progress vis=PRIVATE),1,1]
09-25 18:53:04.239  1621  1621 I auditd  : type=1400 audit(0.0:6995116): avc:  denied  { search } for  comm="LightningLaunc" name="2458" dev="proc" ino=254131945 scontext=u:r:vendor_hal_perf_default:s0 tcontext=u:r:update_engine:s0 tclass=dir permissive=0
09-25 18:53:04.330  2866  2866 I notification_enqueue: [10463,579,com.zenithblue.sambas3,2000,NULL,0,Notification(channel=rpcsx-progress shortcut=null contentView=null vibrate=null sound=null defaults=0 flags=ONGOING_EVENT|FOREGROUND_SERVICE|SILENT color=0x00000000 category=progress vis=PRIVATE),1,1]
09-25 18:53:04.394  2866  3877 I thermal_changed: [CPU7,0,89.900002,0,0]
09-25 18:53:04.441  2866 12110 I thermal_changed: [CPU7,0,95.000000,3,0]
09-25 18:53:04.495  2866 12110 I thermal_changed: [CPU7,0,89.900002,0,0]
09-25 18:53:04.578  2866  3877 I thermal_changed: [CPU7,0,95.000000,3,0]
09-25 18:53:04.610  2866  3877 I thermal_changed: [CPU7,0,89.900002,0,0]
09-25 18:53:04.700  2866  2866 I notification_enqueue: [10463,579,com.zenithblue.sambas3,2000,NULL,0,Notification(channel=rpcsx-progress shortcut=null contentView=null vibrate=null sound=null defaults=0 flags=ONGOING_EVENT|FOREGROUND_SERVICE|SILENT color=0x00000000 category=progress vis=PRIVATE),1,1]
09-25 18:53:04.859  1621  1621 I auditd  : type=1400 audit(0.0:6995122): avc:  denied  { search } for  comm="LightningLaunc" name="2458" dev="proc" ino=254131945 scontext=u:r:vendor_hal_perf_default:s0 tcontext=u:r:update_engine:s0 tclass=dir permissive=0
09-25 18:53:04.859  1621  1621 I auditd  : type=1400 audit(0.0:6995123): avc:  denied  { search } for  comm="LightningLaunc" name="2458" dev="proc" ino=254131945 scontext=u:r:vendor_hal_perf_default:s0 tcontext=u:r:update_engine:s0 tclass=dir permissive=0
09-25 18:53:04.912  2866  2866 I notification_enqueue: [10463,579,com.zenithblue.sambas3,2000,NULL,0,Notification(channel=rpcsx-progress shortcut=null contentView=null vibrate=null sound=null defaults=0 flags=ONGOING_EVENT|FOREGROUND_SERVICE|SILENT color=0x00000000 category=progress vis=PRIVATE),1,1]
09-25 18:53:05.063  1621  1621 I auditd  : type=1400 audit(0.0:6995124): avc:  denied  { search } for  comm="LightningLaunc" name="2458" dev="proc" ino=254131945 scontext=u:r:vendor_hal_perf_default:s0 tcontext=u:r:update_engine:s0 tclass=dir permissive=0
09-25 18:53:05.067  1621  1621 I auditd  : type=1400 audit(0.0:6995125): avc:  denied  { search } for  comm="LightningLaunc" name="2458" dev="proc" ino=254131945 scontext=u:r:vendor_hal_perf_default:s0 tcontext=u:r:update_engine:s0 tclass=dir permissive=0
09-25 18:53:05.263  1621  1621 I auditd  : type=1400 audit(0.0:6995126): avc:  denied  { search } for  comm="LightningLaunc" name="2458" dev="proc" ino=254131945 scontext=u:r:vendor_hal_perf_default:s0 tcontext=u:r:update_engine:s0 tclass=dir permissive=0
09-25 18:53:05.279  2866  2866 I notification_enqueue: [10463,579,com.zenithblue.sambas3,2000,NULL,0,Notification(channel=rpcsx-progress shortcut=null contentView=null vibrate=null sound=null defaults=0 flags=ONGOING_EVENT|FOREGROUND_SERVICE|SILENT color=0x00000000 category=progress vis=PRIVATE),1,1]
09-25 18:53:05.391  2866  2866 I notification_enqueue: [10463,579,com.zenithblue.sambas3,2000,NULL,0,Notification(channel=rpcsx-progress shortcut=null contentView=null vibrate=null sound=null defaults=0 flags=ONGOING_EVENT|FOREGROUND_SERVICE|SILENT color=0x00000000 category=progress vis=PRIVATE),1,1]
09-25 18:53:05.552  2866  2866 I notification_enqueue: [10463,579,com.zenithblue.sambas3,2000,NULL,0,Notification(channel=rpcsx-progress shortcut=null contentView=null vibrate=null sound=null defaults=0 flags=ONGOING_EVENT|FOREGROUND_SERVICE|SILENT color=0x00000000 category=progress vis=PRIVATE),1,1]
09-25 18:53:05.879  1621  1621 I auditd  : type=1400 audit(0.0:6995132): avc:  denied  { search } for  comm="LightningLaunc" name="2458" dev="proc" ino=254131945 scontext=u:r:vendor_hal_perf_default:s0 tcontext=u:r:update_engine:s0 tclass=dir permissive=0
09-25 18:53:05.891  1621  1621 I auditd  : type=1400 audit(0.0:6995133): avc:  denied  { search } for  comm="LightningLaunc" name="2458" dev="proc" ino=254131945 scontext=u:r:vendor_hal_perf_default:s0 tcontext=u:r:update_engine:s0 tclass=dir permissive=0
09-25 18:53:06.087  1621  1621 I auditd  : type=1400 audit(0.0:6995134): avc:  denied  { search } for  comm="LightningLaunc" name="2458" dev="proc" ino=254131945 scontext=u:r:vendor_hal_perf_default:s0 tcontext=u:r:update_engine:s0 tclass=dir permissive=0
09-25 18:53:06.099  1621  1621 I auditd  : type=1400 audit(0.0:6995135): avc:  denied  { search } for  comm="LightningLaunc" name="2458" dev="proc" ino=254131945 scontext=u:r:vendor_hal_perf_default:s0 tcontext=u:r:update_engine:s0 tclass=dir permissive=0
09-25 18:53:06.165  2866  2866 I notification_enqueue: [10463,579,com.zenithblue.sambas3,2000,NULL,0,Notification(channel=rpcsx-progress shortcut=null contentView=null vibrate=null sound=null defaults=0 flags=ONGOING_EVENT|FOREGROUND_SERVICE|SILENT color=0x00000000 category=progress vis=PRIVATE),1,1]
09-25 18:53:06.295  1621  1621 I auditd  : type=1400 audit(0.0:6995136): avc:  denied  { search } for  comm="LightningLaunc" name="2458" dev="proc" ino=254131945 scontext=u:r:vendor_hal_perf_default:s0 tcontext=u:r:update_engine:s0 tclass=dir permissive=0
09-25 18:53:06.760  2866  2866 I notification_enqueue: [10463,579,com.zenithblue.sambas3,2000,NULL,0,Notification(channel=rpcsx-progress shortcut=null contentView=null vibrate=null sound=null defaults=0 flags=ONGOING_EVENT|FOREGROUND_SERVICE|SILENT color=0x00000000 category=progress vis=PRIVATE),1,1]
09-25 18:53:06.911  1621  1621 I auditd  : type=1400 audit(0.0:6995142): avc:  denied  { search } for  comm="LightningLaunc" name="2458" dev="proc" ino=254131945 scontext=u:r:vendor_hal_perf_default:s0 tcontext=u:r:update_engine:s0 tclass=dir permissive=0
09-25 18:53:06.923  1621  1621 I auditd  : type=1400 audit(0.0:6995143): avc:  denied  { search } for  comm="LightningLaunc" name="2458" dev="proc" ino=254131945 scontext=u:r:vendor_hal_perf_default:s0 tcontext=u:r:update_engine:s0 tclass=dir permissive=0
09-25 18:53:06.938  2866  2866 I notification_enqueue: [10463,579,com.zenithblue.sambas3,2000,NULL,0,Notification(channel=rpcsx-progress shortcut=null contentView=null vibrate=null sound=null defaults=0 flags=ONGOING_EVENT|FOREGROUND_SERVICE|SILENT color=0x00000000 category=progress vis=PRIVATE),1,1]
09-25 18:53:07.051  2866  2866 I notification_enqueue: [10463,579,com.zenithblue.sambas3,2000,NULL,0,Notification(channel=rpcsx-progress shortcut=null contentView=null vibrate=null sound=null defaults=0 flags=ONGOING_EVENT|FOREGROUND_SERVICE|SILENT color=0x00000000 category=progress vis=PRIVATE),1,1]
09-25 18:53:07.087  2866  2866 I notification_enqueue: [10463,579,com.zenithblue.sambas3,2000,NULL,0,Notification(channel=rpcsx-progress shortcut=null contentView=null vibrate=null sound=null defaults=0 flags=ONGOING_EVENT|FOREGROUND_SERVICE|SILENT color=0x00000000 category=progress vis=PRIVATE),1,1]
09-25 18:53:07.119  1621  1621 I auditd  : type=1400 audit(0.0:6995144): avc:  denied  { search } for  comm="LightningLaunc" name="2458" dev="proc" ino=254131945 scontext=u:r:vendor_hal_perf_default:s0 tcontext=u:r:update_engine:s0 tclass=dir permissive=0
09-25 18:53:07.127  1621  1621 I auditd  : type=1400 audit(0.0:6995145): avc:  denied  { search } for  comm="LightningLaunc" name="2458" dev="proc" ino=254131945 scontext=u:r:vendor_hal_perf_default:s0 tcontext=u:r:update_engine:s0 tclass=dir permissive=0
09-25 18:53:07.195   579   579 I auditd  : type=1400 audit(0.0:6995146): avc:  denied  { search } for  comm="DefaultDispatch" name="zram0" dev="sysfs" ino=107524 scontext=u:r:untrusted_app:s0:c207,c257,c512,c768 tcontext=u:object_r:sysfs_zram:s0 tclass=dir permissive=0 app=com.zenithblue.sambas3
09-25 18:53:07.378  2866  2866 I notification_enqueue: [10463,579,com.zenithblue.sambas3,2000,NULL,0,Notification(channel=rpcsx-progress shortcut=null contentView=null vibrate=null sound=null defaults=0 flags=ONGOING_EVENT|FOREGROUND_SERVICE|SILENT color=0x00000000 category=progress vis=PRIVATE),1,1]
09-25 18:53:07.641  2866  2866 I notification_enqueue: [10463,579,com.zenithblue.sambas3,2000,NULL,0,Notification(channel=rpcsx-progress shortcut=null contentView=null vibrate=null sound=null defaults=0 flags=ONGOING_EVENT|FOREGROUND_SERVICE|SILENT color=0x00000000 category=progress vis=PRIVATE),1,1]
09-25 18:53:07.910  2866  2866 I notification_enqueue: [10463,579,com.zenithblue.sambas3,2000,NULL,0,Notification(channel=rpcsx-progress shortcut=null contentView=null vibrate=null sound=null defaults=0 flags=ONGOING_EVENT|FOREGROUND_SERVICE|SILENT color=0x00000000 category=progress vis=PRIVATE),1,1]
09-25 18:53:07.939  1621  1621 I auditd  : type=1400 audit(0.0:6995154): avc:  denied  { search } for  comm="LightningLaunc" name="2458" dev="proc" ino=254131945 scontext=u:r:vendor_hal_perf_default:s0 tcontext=u:r:update_engine:s0 tclass=dir permissive=0
09-25 18:53:07.951  1621  1621 I auditd  : type=1400 audit(0.0:6995155): avc:  denied  { search } for  comm="LightningLaunc" name="2458" dev="proc" ino=254131945 scontext=u:r:vendor_hal_perf_default:s0 tcontext=u:r:update_engine:s0 tclass=dir permissive=0
09-25 18:53:07.956  2866  3614 I am_freeze: [857,com.whatsapp]
09-25 18:53:08.089  2866  2866 I notification_enqueue: [10463,579,com.zenithblue.sambas3,2000,NULL,0,Notification(channel=rpcsx-progress shortcut=null contentView=null vibrate=null sound=null defaults=0 flags=ONGOING_EVENT|FOREGROUND_SERVICE|SILENT color=0x00000000 category=progress vis=PRIVATE),1,1]
09-25 18:53:08.132  2866  3614 I am_compact: [857,com.whatsapp,ANON,265964,202368,61376,76536,-91580,-34976,-56604,56012,176,FULL,723255568,940,16,807804,-7636]
09-25 18:53:08.143  1621  1621 I auditd  : type=1400 audit(0.0:6995156): avc:  denied  { search } for  comm="LightningLaunc" name="2458" dev="proc" ino=254131945 scontext=u:r:vendor_hal_perf_default:s0 tcontext=u:r:update_engine:s0 tclass=dir permissive=0
09-25 18:53:08.155  1621  1621 I auditd  : type=1400 audit(0.0:6995157): avc:  denied  { search } for  comm="LightningLaunc" name="2458" dev="proc" ino=254131945 scontext=u:r:vendor_hal_perf_default:s0 tcontext=u:r:update_engine:s0 tclass=dir permissive=0
09-25 18:53:08.290  2866  2866 I notification_enqueue: [10463,579,com.zenithblue.sambas3,2000,NULL,0,Notification(channel=rpcsx-progress shortcut=null contentView=null vibrate=null sound=null defaults=0 flags=ONGOING_EVENT|FOREGROUND_SERVICE|SILENT color=0x00000000 category=progress vis=PRIVATE),1,1]
09-25 18:53:08.347  1621  1621 I auditd  : type=1400 audit(0.0:6995158): avc:  denied  { search } for  comm="LightningLaunc" name="2458" dev="proc" ino=254131945 scontext=u:r:vendor_hal_perf_default:s0 tcontext=u:r:update_engine:s0 tclass=dir permissive=0
09-25 18:53:08.509  2866  2866 I notification_enqueue: [10463,579,com.zenithblue.sambas3,2000,NULL,0,Notification(channel=rpcsx-progress shortcut=null contentView=null vibrate=null sound=null defaults=0 flags=ONGOING_EVENT|FOREGROUND_SERVICE|SILENT color=0x00000000 category=progress vis=PRIVATE),1,1]
09-25 18:53:08.730  2866  2866 I notification_enqueue: [10463,579,com.zenithblue.sambas3,2000,NULL,0,Notification(channel=rpcsx-progress shortcut=null contentView=null vibrate=null sound=null defaults=0 flags=ONGOING_EVENT|FOREGROUND_SERVICE|SILENT color=0x00000000 category=progress vis=PRIVATE),1,1]
09-25 18:53:08.899  2866  2866 I notification_enqueue: [10463,579,com.zenithblue.sambas3,2000,NULL,0,Notification(channel=rpcsx-progress shortcut=null contentView=null vibrate=null sound=null defaults=0 flags=ONGOING_EVENT|FOREGROUND_SERVICE|SILENT color=0x00000000 category=progress vis=PRIVATE),1,1]
09-25 18:53:08.967  1621  1621 I auditd  : type=1400 audit(0.0:6995164): avc:  denied  { search } for  comm="LightningLaunc" name="2458" dev="proc" ino=254131945 scontext=u:r:vendor_hal_perf_default:s0 tcontext=u:r:update_engine:s0 tclass=dir permissive=0
09-25 18:53:08.971  1621  1621 I auditd  : type=1400 audit(0.0:6995165): avc:  denied  { search } for  comm="LightningLaunc" name="2458" dev="proc" ino=254131945 scontext=u:r:vendor_hal_perf_default:s0 tcontext=u:r:update_engine:s0 tclass=dir permissive=0
09-25 18:53:09.110  2866  2866 I notification_enqueue: [10463,579,com.zenithblue.sambas3,2000,NULL,0,Notification(channel=rpcsx-progress shortcut=null contentView=null vibrate=null sound=null defaults=0 flags=ONGOING_EVENT|FOREGROUND_SERVICE|SILENT color=0x00000000 category=progress vis=PRIVATE),1,1]
09-25 18:53:09.167  1621  1621 I auditd  : type=1400 audit(0.0:6995166): avc:  denied  { search } for  comm="LightningLaunc" name="2458" dev="proc" ino=254131945 scontext=u:r:vendor_hal_perf_default:s0 tcontext=u:r:update_engine:s0 tclass=dir permissive=0
09-25 18:53:09.175  1621  1621 I auditd  : type=1400 audit(0.0:6995167): avc:  denied  { search } for  comm="LightningLaunc" name="2458" dev="proc" ino=254131945 scontext=u:r:vendor_hal_perf_default:s0 tcontext=u:r:update_engine:s0 tclass=dir permissive=0
09-25 18:53:09.304  2866  2866 I notification_enqueue: [10463,579,com.zenithblue.sambas3,2000,NULL,0,Notification(channel=rpcsx-progress shortcut=null contentView=null vibrate=null sound=null defaults=0 flags=ONGOING_EVENT|FOREGROUND_SERVICE|SILENT color=0x00000000 category=progress vis=PRIVATE),1,1]
09-25 18:53:09.375  1621  1621 I auditd  : type=1400 audit(0.0:6995168): avc:  denied  { search } for  comm="LightningLaunc" name="2458" dev="proc" ino=254131945 scontext=u:r:vendor_hal_perf_default:s0 tcontext=u:r:update_engine:s0 tclass=dir permissive=0
09-25 18:53:09.518  2866  2866 I notification_enqueue: [10463,579,com.zenithblue.sambas3,2000,NULL,0,Notification(channel=rpcsx-progress shortcut=null contentView=null vibrate=null sound=null defaults=0 flags=ONGOING_EVENT|FOREGROUND_SERVICE|SILENT color=0x00000000 category=progress vis=PRIVATE),1,1]
09-25 18:53:09.749  2866  2866 I notification_enqueue: [10463,579,com.zenithblue.sambas3,2000,NULL,0,Notification(channel=rpcsx-progress shortcut=null contentView=null vibrate=null sound=null defaults=0 flags=ONGOING_EVENT|FOREGROUND_SERVICE|SILENT color=0x00000000 category=progress vis=PRIVATE),1,1]
09-25 18:53:09.920  2866  2866 I notification_enqueue: [10463,579,com.zenithblue.sambas3,2000,NULL,0,Notification(channel=rpcsx-progress shortcut=null contentView=null vibrate=null sound=null defaults=0 flags=ONGOING_EVENT|FOREGROUND_SERVICE|SILENT color=0x00000000 category=progress vis=PRIVATE),1,1]
09-25 18:53:09.979  1621  1621 I auditd  : type=1400 audit(0.0:6995174): avc:  denied  { search } for  comm="LightningLaunc" name="2458" dev="proc" ino=254131945 scontext=u:r:vendor_hal_perf_default:s0 tcontext=u:r:update_engine:s0 tclass=dir permissive=0
09-25 18:53:09.991  1621  1621 I auditd  : type=1400 audit(0.0:6995175): avc:  denied  { search } for  comm="LightningLaunc" name="2458" dev="proc" ino=254131945 scontext=u:r:vendor_hal_perf_default:s0 tcontext=u:r:update_engine:s0 tclass=dir permissive=0
09-25 18:53:10.119  2866  2866 I notification_enqueue: [10463,579,com.zenithblue.sambas3,2000,NULL,0,Notification(channel=rpcsx-progress shortcut=null contentView=null vibrate=null sound=null defaults=0 flags=ONGOING_EVENT|FOREGROUND_SERVICE|SILENT color=0x00000000 category=progress vis=PRIVATE),1,1]
09-25 18:53:10.183  1621  1621 I auditd  : type=1400 audit(0.0:6995176): avc:  denied  { search } for  comm="LightningLaunc" name="2458" dev="proc" ino=254131945 scontext=u:r:vendor_hal_perf_default:s0 tcontext=u:r:update_engine:s0 tclass=dir permissive=0
09-25 18:53:10.195  1621  1621 I auditd  : type=1400 audit(0.0:6995177): avc:  denied  { search } for  comm="LightningLaunc" name="2458" dev="proc" ino=254131945 scontext=u:r:vendor_hal_perf_default:s0 tcontext=u:r:update_engine:s0 tclass=dir permissive=0
09-25 18:53:10.319  2866  2866 I notification_enqueue: [10463,579,com.zenithblue.sambas3,2000,NULL,0,Notification(channel=rpcsx-progress shortcut=null contentView=null vibrate=null sound=null defaults=0 flags=ONGOING_EVENT|FOREGROUND_SERVICE|SILENT color=0x00000000 category=progress vis=PRIVATE),1,1]
09-25 18:53:10.387  1621  1621 I auditd  : type=1400 audit(0.0:6995178): avc:  denied  { search } for  comm="LightningLaunc" name="2458" dev="proc" ino=254131945 scontext=u:r:vendor_hal_perf_default:s0 tcontext=u:r:update_engine:s0 tclass=dir permissive=0
09-25 18:53:10.521  2866  2866 I notification_enqueue: [10463,579,com.zenithblue.sambas3,2000,NULL,0,Notification(channel=rpcsx-progress shortcut=null contentView=null vibrate=null sound=null defaults=0 flags=ONGOING_EVENT|FOREGROUND_SERVICE|SILENT color=0x00000000 category=progress vis=PRIVATE),1,1]
09-25 18:53:10.720  2866  2866 I notification_enqueue: [10463,579,com.zenithblue.sambas3,2000,NULL,0,Notification(channel=rpcsx-progress shortcut=null contentView=null vibrate=null sound=null defaults=0 flags=ONGOING_EVENT|FOREGROUND_SERVICE|SILENT color=0x00000000 category=progress vis=PRIVATE),1,1]
09-25 18:53:10.928  2866  2866 I notification_enqueue: [10463,579,com.zenithblue.sambas3,2000,NULL,0,Notification(channel=rpcsx-progress shortcut=null contentView=null vibrate=null sound=null defaults=0 flags=ONGOING_EVENT|FOREGROUND_SERVICE|SILENT color=0x00000000 category=progress vis=PRIVATE),1,1]
09-25 18:53:10.999  1621  1621 I auditd  : type=1400 audit(0.0:6995184): avc:  denied  { search } for  comm="LightningLaunc" name="2458" dev="proc" ino=254131945 scontext=u:r:vendor_hal_perf_default:s0 tcontext=u:r:update_engine:s0 tclass=dir permissive=0
09-25 18:53:11.007  1621  1621 I auditd  : type=1400 audit(0.0:6995185): avc:  denied  { search } for  comm="LightningLaunc" name="2458" dev="proc" ino=254131945 scontext=u:r:vendor_hal_perf_default:s0 tcontext=u:r:update_engine:s0 tclass=dir permissive=0
09-25 18:53:11.169  2866  2866 I notification_enqueue: [10463,579,com.zenithblue.sambas3,2000,NULL,0,Notification(channel=rpcsx-progress shortcut=null contentView=null vibrate=null sound=null defaults=0 flags=ONGOING_EVENT|FOREGROUND_SERVICE|SILENT color=0x00000000 category=progress vis=PRIVATE),1,1]
09-25 18:53:11.203  1621  1621 I auditd  : type=1400 audit(0.0:6995186): avc:  denied  { search } for  comm="LightningLaunc" name="2458" dev="proc" ino=254131945 scontext=u:r:vendor_hal_perf_default:s0 tcontext=u:r:update_engine:s0 tclass=dir permissive=0
09-25 18:53:11.211  1621  1621 I auditd  : type=1400 audit(0.0:6995187): avc:  denied  { search } for  comm="LightningLaunc" name="2458" dev="proc" ino=254131945 scontext=u:r:vendor_hal_perf_default:s0 tcontext=u:r:update_engine:s0 tclass=dir permissive=0
09-25 18:53:11.359  2866  2866 I notification_enqueue: [10463,579,com.zenithblue.sambas3,2000,NULL,0,Notification(channel=rpcsx-progress shortcut=null contentView=null vibrate=null sound=null defaults=0 flags=ONGOING_EVENT|FOREGROUND_SERVICE|SILENT color=0x00000000 category=progress vis=PRIVATE),1,1]
09-25 18:53:11.407  1621  1621 I auditd  : type=1400 audit(0.0:6995188): avc:  denied  { search } for  comm="LightningLaunc" name="2458" dev="proc" ino=254131945 scontext=u:r:vendor_hal_perf_default:s0 tcontext=u:r:update_engine:s0 tclass=dir permissive=0
09-25 18:53:11.559  2866  2866 I notification_enqueue: [10463,579,com.zenithblue.sambas3,2000,NULL,0,Notification(channel=rpcsx-progress shortcut=null contentView=null vibrate=null sound=null defaults=0 flags=ONGOING_EVENT|FOREGROUND_SERVICE|SILENT color=0x00000000 category=progress vis=PRIVATE),1,1]
09-25 18:53:11.768  2866  2866 I notification_enqueue: [10463,579,com.zenithblue.sambas3,2000,NULL,0,Notification(channel=rpcsx-progress shortcut=null contentView=null vibrate=null sound=null defaults=0 flags=ONGOING_EVENT|FOREGROUND_SERVICE|SILENT color=0x00000000 category=progress vis=PRIVATE),1,1]
09-25 18:53:11.959  2866  2866 I notification_enqueue: [10463,579,com.zenithblue.sambas3,2000,NULL,0,Notification(channel=rpcsx-progress shortcut=null contentView=null vibrate=null sound=null defaults=0 flags=ONGOING_EVENT|FOREGROUND_SERVICE|SILENT color=0x00000000 category=progress vis=PRIVATE),1,1]
09-25 18:53:12.019  1621  1621 I auditd  : type=1400 audit(0.0:6995194): avc:  denied  { search } for  comm="LightningLaunc" name="2458" dev="proc" ino=254131945 scontext=u:r:vendor_hal_perf_default:s0 tcontext=u:r:update_engine:s0 tclass=dir permissive=0
09-25 18:53:12.019  1621  1621 I auditd  : type=1400 audit(0.0:6995195): avc:  denied  { search } for  comm="LightningLaunc" name="2458" dev="proc" ino=254131945 scontext=u:r:vendor_hal_perf_default:s0 tcontext=u:r:update_engine:s0 tclass=dir permissive=0
09-25 18:53:12.180  2866  2866 I notification_enqueue: [10463,579,com.zenithblue.sambas3,2000,NULL,0,Notification(channel=rpcsx-progress shortcut=null contentView=null vibrate=null sound=null defaults=0 flags=ONGOING_EVENT|FOREGROUND_SERVICE|SILENT color=0x00000000 category=progress vis=PRIVATE),1,1]
09-25 18:53:12.223  1621  1621 I auditd  : type=1400 audit(0.0:6995196): avc:  denied  { search } for  comm="LightningLaunc" name="2458" dev="proc" ino=254131945 scontext=u:r:vendor_hal_perf_default:s0 tcontext=u:r:update_engine:s0 tclass=dir permissive=0
09-25 18:53:12.227  1621  1621 I auditd  : type=1400 audit(0.0:6995197): avc:  denied  { search } for  comm="LightningLaunc" name="2458" dev="proc" ino=254131945 scontext=u:r:vendor_hal_perf_default:s0 tcontext=u:r:update_engine:s0 tclass=dir permissive=0
09-25 18:53:12.370  2866  2866 I notification_enqueue: [10463,579,com.zenithblue.sambas3,2000,NULL,0,Notification(channel=rpcsx-progress shortcut=null contentView=null vibrate=null sound=null defaults=0 flags=ONGOING_EVENT|FOREGROUND_SERVICE|SILENT color=0x00000000 category=progress vis=PRIVATE),1,1]
09-25 18:53:12.427  1621  1621 I auditd  : type=1400 audit(0.0:6995198): avc:  denied  { search } for  comm="LightningLaunc" name="2458" dev="proc" ino=254131945 scontext=u:r:vendor_hal_perf_default:s0 tcontext=u:r:update_engine:s0 tclass=dir permissive=0
09-25 18:53:12.587  2866  2866 I notification_enqueue: [10463,579,com.zenithblue.sambas3,2000,NULL,0,Notification(channel=rpcsx-progress shortcut=null contentView=null vibrate=null sound=null defaults=0 flags=ONGOING_EVENT|FOREGROUND_SERVICE|SILENT color=0x00000000 category=progress vis=PRIVATE),1,1]
09-25 18:53:12.612  2866  3614 I am_unfreeze: [7126,org.telegram.messenger,19]
09-25 18:53:12.659  2866  3614 I am_unfreeze: [7274,com.android.incallui,19]
09-25 18:53:12.660  2866  3614 I am_unfreeze: [7357,com.android.calllogbackup,19]
09-25 18:53:12.660  2866  3614 I am_unfreeze: [7117,com.android.dialer,19]
09-25 18:53:12.660  2866  3614 I am_unfreeze: [7217,com.android.cellbroadcastreceiver.module,19]
09-25 18:53:12.660  2866  3614 I am_unfreeze: [7724,com.android.rkpdapp,19]
09-25 18:53:12.660  2866  3614 I am_unfreeze: [8136,com.google.android.apps.restore,19]
09-25 18:53:12.660  2866  3614 I am_unfreeze: [8271,com.google.android.apps.wellbeing,19]
09-25 18:53:12.660  2866  3614 I am_unfreeze: [9151,com.google.android.webview:webview_service,19]
09-25 18:53:12.660  2866  3614 I am_unfreeze: [10625,com.google.android.apps.bard,19]
09-25 18:53:12.660  2866  3614 I am_unfreeze: [6575,android.process.media,19]
09-25 18:53:12.660  2866  3614 I am_unfreeze: [14270,com.google.android.euicc,19]
09-25 18:53:12.660  2866  3614 I am_unfreeze: [7558,org.lineageos.etar,19]
09-25 18:53:12.660  2866  3614 I am_unfreeze: [7616,com.android.permissioncontroller,19]
09-25 18:53:12.660  2866  3614 I am_unfreeze: [8757,com.google.android.gm,19]
09-25 18:53:12.660  2866  3614 I am_unfreeze: [9294,com.google.android.apps.turbo:aab,19]
09-25 18:53:12.660  2866  3614 I am_unfreeze: [14746,com.google.android.apps.turbo:ssb,19]
09-25 18:53:12.660  2866  3614 I am_unfreeze: [11523,android.process.acore,19]
09-25 18:53:12.660  2866  3614 I am_unfreeze: [482,com.android.vending,19]
09-25 18:53:12.660  2866  3614 I am_unfreeze: [8114,ch.protonvpn.android,19]
09-25 18:53:12.660  2866  3614 I am_unfreeze: [8118,com.phonepe.app,19]
09-25 18:53:12.660  2866  3614 I am_unfreeze: [8115,com.google.android.apps.youtube.creator,19]
09-25 18:53:12.660  2866  3614 I am_unfreeze: [8973,com.android.chrome,19]
09-25 18:53:12.660  2866  3614 I am_unfreeze: [9880,com.android.providers.calendar,19]
09-25 18:53:12.660  2866  3614 I am_unfreeze: [682,com.android.settings,19]
09-25 18:53:12.660  2866  3614 I am_unfreeze: [724,com.android.vending:background,19]
09-25 18:53:12.660  2866  3614 I am_unfreeze: [7013,com.google.android.gms.unstable,19]
09-25 18:53:12.660  2866  3614 I am_unfreeze: [6696,com.jio.myjio,19]
09-25 18:53:12.660  2866  3614 I am_unfreeze: [15392,com.google.android.projection.gearhead:shared,19]
09-25 18:53:12.660  2866  3614 I am_unfreeze: [15422,com.google.android.projection.gearhead:car,19]
09-25 18:53:12.660  2866  3614 I am_unfreeze: [15500,com.google.android.apps.maps,19]
09-25 18:53:12.660  2866  3614 I am_unfreeze: [15499,com.google.android.apps.nbu.files,19]
09-25 18:53:12.660  2866  3614 I am_unfreeze: [857,com.whatsapp,19]
09-25 18:53:12.660  2866  3614 I am_unfreeze: [6466,org.mozilla.fenix:crashhelper_disable_art_image_,19]
09-25 18:53:12.660  2866  3614 I am_unfreeze: [3754,org.mozilla.fenix,19]
09-25 18:53:12.660  2866  3614 I am_unfreeze: [7431,com.google.android.googlequicksearchbox:search,19]
09-25 18:53:12.782  2866  2866 I notification_enqueue: [10463,579,com.zenithblue.sambas3,2000,NULL,0,Notification(channel=rpcsx-progress shortcut=null contentView=null vibrate=null sound=null defaults=0 flags=ONGOING_EVENT|FOREGROUND_SERVICE|SILENT color=0x00000000 category=progress vis=PRIVATE),1,1]
09-25 18:53:12.993  2866  2866 I notification_enqueue: [10463,579,com.zenithblue.sambas3,2000,NULL,0,Notification(channel=rpcsx-progress shortcut=null contentView=null vibrate=null sound=null defaults=0 flags=ONGOING_EVENT|FOREGROUND_SERVICE|SILENT color=0x00000000 category=progress vis=PRIVATE),1,1]
09-25 18:53:13.035  1621  1621 I auditd  : type=1400 audit(0.0:6995204): avc:  denied  { search } for  comm="LightningLaunc" name="2458" dev="proc" ino=254131945 scontext=u:r:vendor_hal_perf_default:s0 tcontext=u:r:update_engine:s0 tclass=dir permissive=0
09-25 18:53:13.035  1621  1621 I auditd  : type=1400 audit(0.0:6995205): avc:  denied  { search } for  comm="LightningLaunc" name="2458" dev="proc" ino=254131945 scontext=u:r:vendor_hal_perf_default:s0 tcontext=u:r:update_engine:s0 tclass=dir permissive=0
09-25 18:53:13.181  2866  2866 I notification_enqueue: [10463,579,com.zenithblue.sambas3,2000,NULL,0,Notification(channel=rpcsx-progress shortcut=null contentView=null vibrate=null sound=null defaults=0 flags=ONGOING_EVENT|FOREGROUND_SERVICE|SILENT color=0x00000000 category=progress vis=PRIVATE),1,1]
09-25 18:53:13.239  1621  1621 I auditd  : type=1400 audit(0.0:6995206): avc:  denied  { search } for  comm="LightningLaunc" name="2458" dev="proc" ino=254131945 scontext=u:r:vendor_hal_perf_default:s0 tcontext=u:r:update_engine:s0 tclass=dir permissive=0
09-25 18:53:13.243  1621  1621 I auditd  : type=1400 audit(0.0:6995207): avc:  denied  { search } for  comm="LightningLaunc" name="2458" dev="proc" ino=254131945 scontext=u:r:vendor_hal_perf_default:s0 tcontext=u:r:update_engine:s0 tclass=dir permissive=0
09-25 18:53:13.406  2866  2866 I notification_enqueue: [10463,579,com.zenithblue.sambas3,2000,NULL,0,Notification(channel=rpcsx-progress shortcut=null contentView=null vibrate=null sound=null defaults=0 flags=ONGOING_EVENT|FOREGROUND_SERVICE|SILENT color=0x00000000 category=progress vis=PRIVATE),1,1]
09-25 18:53:13.447  1621  1621 I auditd  : type=1400 audit(0.0:6995208): avc:  denied  { search } for  comm="LightningLaunc" name="2458" dev="proc" ino=254131945 scontext=u:r:vendor_hal_perf_default:s0 tcontext=u:r:update_engine:s0 tclass=dir permissive=0
09-25 18:53:13.590  2866  2866 I notification_enqueue: [10463,579,com.zenithblue.sambas3,2000,NULL,0,Notification(channel=rpcsx-progress shortcut=null contentView=null vibrate=null sound=null defaults=0 flags=ONGOING_EVENT|FOREGROUND_SERVICE|SILENT color=0x00000000 category=progress vis=PRIVATE),1,1]
09-25 18:53:13.792  2866  2866 I notification_enqueue: [10463,579,com.zenithblue.sambas3,2000,NULL,0,Notification(channel=rpcsx-progress shortcut=null contentView=null vibrate=null sound=null defaults=0 flags=ONGOING_EVENT|FOREGROUND_SERVICE|SILENT color=0x00000000 category=progress vis=PRIVATE),1,1]
09-25 18:53:13.999  2866  2866 I notification_enqueue: [10463,579,com.zenithblue.sambas3,2000,NULL,0,Notification(channel=rpcsx-progress shortcut=null contentView=null vibrate=null sound=null defaults=0 flags=ONGOING_EVENT|FOREGROUND_SERVICE|SILENT color=0x00000000 category=progress vis=PRIVATE),1,1]
09-25 18:53:14.067  1621  1621 I auditd  : type=1400 audit(0.0:6995214): avc:  denied  { search } for  comm="LightningLaunc" name="2458" dev="proc" ino=254131945 scontext=u:r:vendor_hal_perf_default:s0 tcontext=u:r:update_engine:s0 tclass=dir permissive=0
09-25 18:53:14.067  1621  1621 I auditd  : type=1400 audit(0.0:6995215): avc:  denied  { search } for  comm="LightningLaunc" name="2458" dev="proc" ino=254131945 scontext=u:r:vendor_hal_perf_default:s0 tcontext=u:r:update_engine:s0 tclass=dir permissive=0
09-25 18:53:14.199  2866  2866 I notification_enqueue: [10463,579,com.zenithblue.sambas3,2000,NULL,0,Notification(channel=rpcsx-progress shortcut=null contentView=null vibrate=null sound=null defaults=0 flags=ONGOING_EVENT|FOREGROUND_SERVICE|SILENT color=0x00000000 category=progress vis=PRIVATE),1,1]
09-25 18:53:14.271  1621  1621 I auditd  : type=1400 audit(0.0:6995216): avc:  denied  { search } for  comm="LightningLaunc" name="2458" dev="proc" ino=254131945 scontext=u:r:vendor_hal_perf_default:s0 tcontext=u:r:update_engine:s0 tclass=dir permissive=0
09-25 18:53:14.271  1621  1621 I auditd  : type=1400 audit(0.0:6995217): avc:  denied  { search } for  comm="LightningLaunc" name="2458" dev="proc" ino=254131945 scontext=u:r:vendor_hal_perf_default:s0 tcontext=u:r:update_engine:s0 tclass=dir permissive=0
09-25 18:53:14.399  2866  2866 I notification_enqueue: [10463,579,com.zenithblue.sambas3,2000,NULL,0,Notification(channel=rpcsx-progress shortcut=null contentView=null vibrate=null sound=null defaults=0 flags=ONGOING_EVENT|FOREGROUND_SERVICE|SILENT color=0x00000000 category=progress vis=PRIVATE),1,1]
09-25 18:53:14.475  1621  1621 I auditd  : type=1400 audit(0.0:6995218): avc:  denied  { search } for  comm="LightningLaunc" name="2458" dev="proc" ino=254131945 scontext=u:r:vendor_hal_perf_default:s0 tcontext=u:r:update_engine:s0 tclass=dir permissive=0
09-25 18:53:14.605  2866  2866 I notification_enqueue: [10463,579,com.zenithblue.sambas3,2000,NULL,0,Notification(channel=rpcsx-progress shortcut=null contentView=null vibrate=null sound=null defaults=0 flags=ONGOING_EVENT|FOREGROUND_SERVICE|SILENT color=0x00000000 category=progress vis=PRIVATE),1,1]
09-25 18:53:14.823  2866  2866 I notification_enqueue: [10463,579,com.zenithblue.sambas3,2000,NULL,0,Notification(channel=rpcsx-progress shortcut=null contentView=null vibrate=null sound=null defaults=0 flags=ONGOING_EVENT|FOREGROUND_SERVICE|SILENT color=0x00000000 category=progress vis=PRIVATE),1,1]
09-25 18:53:15.019  2866  2866 I notification_enqueue: [10463,579,com.zenithblue.sambas3,2000,NULL,0,Notification(channel=rpcsx-progress shortcut=null contentView=null vibrate=null sound=null defaults=0 flags=ONGOING_EVENT|FOREGROUND_SERVICE|SILENT color=0x00000000 category=progress vis=PRIVATE),1,1]
09-25 18:53:15.095  1621  1621 I auditd  : type=1400 audit(0.0:6995224): avc:  denied  { search } for  comm="LightningLaunc" name="2458" dev="proc" ino=254131945 scontext=u:r:vendor_hal_perf_default:s0 tcontext=u:r:update_engine:s0 tclass=dir permissive=0
09-25 18:53:15.099  1621  1621 I auditd  : type=1400 audit(0.0:6995225): avc:  denied  { search } for  comm="LightningLaunc" name="2458" dev="proc" ino=254131945 scontext=u:r:vendor_hal_perf_default:s0 tcontext=u:r:update_engine:s0 tclass=dir permissive=0
09-25 18:53:15.103  1558  1558 I auditd  : type=1400 audit(0.0:6995226): avc:  denied  { search } for  comm="android.hardwar" name="uhid" dev="sysfs" ino=65226 scontext=u:r:hal_health_default:s0 tcontext=u:object_r:sysfs_uhid:s0 tclass=dir permissive=0
09-25 18:53:15.103  1558  1558 I auditd  : type=1400 audit(0.0:6995227): avc:  denied  { search } for  comm="android.hardwar" name="uhid" dev="sysfs" ino=65226 scontext=u:r:hal_health_default:s0 tcontext=u:object_r:sysfs_uhid:s0 tclass=dir permissive=0
09-25 18:53:15.111  1558  1558 I auditd  : type=1400 audit(0.0:6995228): avc:  denied  { search } for  comm="android.hardwar" name="uhid" dev="sysfs" ino=65226 scontext=u:r:hal_health_default:s0 tcontext=u:object_r:sysfs_uhid:s0 tclass=dir permissive=0
09-25 18:53:15.258  2866  2866 I notification_enqueue: [10463,579,com.zenithblue.sambas3,2000,NULL,0,Notification(channel=rpcsx-progress shortcut=null contentView=null vibrate=null sound=null defaults=0 flags=ONGOING_EVENT|FOREGROUND_SERVICE|SILENT color=0x00000000 category=progress vis=PRIVATE),1,1]
09-25 18:53:15.459  2866  2866 I notification_enqueue: [10463,579,com.zenithblue.sambas3,2000,NULL,0,Notification(channel=rpcsx-progress shortcut=null contentView=null vibrate=null sound=null defaults=0 flags=ONGOING_EVENT|FOREGROUND_SERVICE|SILENT color=0x00000000 category=progress vis=PRIVATE),1,1]
09-25 18:53:15.659  2866  2866 I notification_enqueue: [10463,579,com.zenithblue.sambas3,2000,NULL,0,Notification(channel=rpcsx-progress shortcut=null contentView=null vibrate=null sound=null defaults=0 flags=ONGOING_EVENT|FOREGROUND_SERVICE|SILENT color=0x00000000 category=progress vis=PRIVATE),1,1]
09-25 18:53:15.850  2866  2866 I notification_enqueue: [10463,579,com.zenithblue.sambas3,2000,NULL,0,Notification(channel=rpcsx-progress shortcut=null contentView=null vibrate=null sound=null defaults=0 flags=ONGOING_EVENT|FOREGROUND_SERVICE|SILENT color=0x00000000 category=progress vis=PRIVATE),1,1]
09-25 18:53:16.052  2866  2866 I notification_enqueue: [10463,579,com.zenithblue.sambas3,2000,NULL,0,Notification(channel=rpcsx-progress shortcut=null contentView=null vibrate=null sound=null defaults=0 flags=ONGOING_EVENT|FOREGROUND_SERVICE|SILENT color=0x00000000 category=progress vis=PRIVATE),1,1]
09-25 18:53:16.119  1621  1621 I auditd  : type=1400 audit(0.0:6995240): avc:  denied  { search } for  comm="LightningLaunc" name="2458" dev="proc" ino=254131945 scontext=u:r:vendor_hal_perf_default:s0 tcontext=u:r:update_engine:s0 tclass=dir permissive=0
09-25 18:53:16.123  1621  1621 I auditd  : type=1400 audit(0.0:6995241): avc:  denied  { search } for  comm="LightningLaunc" name="2458" dev="proc" ino=254131945 scontext=u:r:vendor_hal_perf_default:s0 tcontext=u:r:update_engine:s0 tclass=dir permissive=0
09-25 18:53:16.252  2866  2866 I notification_enqueue: [10463,579,com.zenithblue.sambas3,2000,NULL,0,Notification(channel=rpcsx-progress shortcut=null contentView=null vibrate=null sound=null defaults=0 flags=ONGOING_EVENT|FOREGROUND_SERVICE|SILENT color=0x00000000 category=progress vis=PRIVATE),1,1]
09-25 18:53:16.327  1621  1621 I auditd  : type=1400 audit(0.0:6995242): avc:  denied  { search } for  comm="LightningLaunc" name="2458" dev="proc" ino=254131945 scontext=u:r:vendor_hal_perf_default:s0 tcontext=u:r:update_engine:s0 tclass=dir permissive=0
09-25 18:53:16.331  1621  1621 I auditd  : type=1400 audit(0.0:6995243): avc:  denied  { search } for  comm="LightningLaunc" name="2458" dev="proc" ino=254131945 scontext=u:r:vendor_hal_perf_default:s0 tcontext=u:r:update_engine:s0 tclass=dir permissive=0
09-25 18:53:16.451  2866  2866 I notification_enqueue: [10463,579,com.zenithblue.sambas3,2000,NULL,0,Notification(channel=rpcsx-progress shortcut=null contentView=null vibrate=null sound=null defaults=0 flags=ONGOING_EVENT|FOREGROUND_SERVICE|SILENT color=0x00000000 category=progress vis=PRIVATE),1,1]
09-25 18:53:16.535  1621  1621 I auditd  : type=1400 audit(0.0:6995244): avc:  denied  { search } for  comm="LightningLaunc" name="2458" dev="proc" ino=254131945 scontext=u:r:vendor_hal_perf_default:s0 tcontext=u:r:update_engine:s0 tclass=dir permissive=0
09-25 18:53:16.650  2866  2866 I notification_enqueue: [10463,579,com.zenithblue.sambas3,2000,NULL,0,Notification(channel=rpcsx-progress shortcut=null contentView=null vibrate=null sound=null defaults=0 flags=ONGOING_EVENT|FOREGROUND_SERVICE|SILENT color=0x00000000 category=progress vis=PRIVATE),1,1]
09-25 18:53:16.850  2866  2866 I notification_enqueue: [10463,579,com.zenithblue.sambas3,2000,NULL,0,Notification(channel=rpcsx-progress shortcut=null contentView=null vibrate=null sound=null defaults=0 flags=ONGOING_EVENT|FOREGROUND_SERVICE|SILENT color=0x00000000 category=progress vis=PRIVATE),1,1]
09-25 18:53:17.069  2866  2866 I notification_enqueue: [10463,579,com.zenithblue.sambas3,2000,NULL,0,Notification(channel=rpcsx-progress shortcut=null contentView=null vibrate=null sound=null defaults=0 flags=ONGOING_EVENT|FOREGROUND_SERVICE|SILENT color=0x00000000 category=progress vis=PRIVATE),1,1]
09-25 18:53:17.147  1621  1621 I auditd  : type=1400 audit(0.0:6995250): avc:  denied  { search } for  comm="LightningLaunc" name="2458" dev="proc" ino=254131945 scontext=u:r:vendor_hal_perf_default:s0 tcontext=u:r:update_engine:s0 tclass=dir permissive=0
09-25 18:53:17.155  1621  1621 I auditd  : type=1400 audit(0.0:6995251): avc:  denied  { search } for  comm="LightningLaunc" name="2458" dev="proc" ino=254131945 scontext=u:r:vendor_hal_perf_default:s0 tcontext=u:r:update_engine:s0 tclass=dir permissive=0
09-25 18:53:17.351  1621  1621 I auditd  : type=1400 audit(0.0:6995252): avc:  denied  { search } for  comm="LightningLaunc" name="2458" dev="proc" ino=254131945 scontext=u:r:vendor_hal_perf_default:s0 tcontext=u:r:update_engine:s0 tclass=dir permissive=0
09-25 18:53:17.359  2866  2866 I notification_enqueue: [10463,579,com.zenithblue.sambas3,2000,NULL,0,Notification(channel=rpcsx-progress shortcut=null contentView=null vibrate=null sound=null defaults=0 flags=ONGOING_EVENT|FOREGROUND_SERVICE|SILENT color=0x00000000 category=progress vis=PRIVATE),1,1]
09-25 18:53:17.359  1621  1621 I auditd  : type=1400 audit(0.0:6995253): avc:  denied  { search } for  comm="LightningLaunc" name="2458" dev="proc" ino=254131945 scontext=u:r:vendor_hal_perf_default:s0 tcontext=u:r:update_engine:s0 tclass=dir permissive=0
09-25 18:53:17.559  1621  1621 I auditd  : type=1400 audit(0.0:6995254): avc:  denied  { search } for  comm="LightningLaunc" name="2458" dev="proc" ino=254131945 scontext=u:r:vendor_hal_perf_default:s0 tcontext=u:r:update_engine:s0 tclass=dir permissive=0
09-25 18:53:17.609  2866  2866 I notification_enqueue: [10463,579,com.zenithblue.sambas3,2000,NULL,0,Notification(channel=rpcsx-progress shortcut=null contentView=null vibrate=null sound=null defaults=0 flags=ONGOING_EVENT|FOREGROUND_SERVICE|SILENT color=0x00000000 category=progress vis=PRIVATE),1,1]
09-25 18:53:17.821  2866  2866 I notification_enqueue: [10463,579,com.zenithblue.sambas3,2000,NULL,0,Notification(channel=rpcsx-progress shortcut=null contentView=null vibrate=null sound=null defaults=0 flags=ONGOING_EVENT|FOREGROUND_SERVICE|SILENT color=0x00000000 category=progress vis=PRIVATE),1,1]
09-25 18:53:17.963  2866  2866 I notification_enqueue: [10463,579,com.zenithblue.sambas3,2000,NULL,0,Notification(channel=rpcsx-progress shortcut=null contentView=null vibrate=null sound=null defaults=0 flags=ONGOING_EVENT|FOREGROUND_SERVICE|SILENT color=0x00000000 category=progress vis=PRIVATE),1,1]
09-25 18:53:18.171  2866  2866 I notification_enqueue: [10463,579,com.zenithblue.sambas3,2000,NULL,0,Notification(channel=rpcsx-progress shortcut=null contentView=null vibrate=null sound=null defaults=0 flags=ONGOING_EVENT|FOREGROUND_SERVICE|SILENT color=0x00000000 category=progress vis=PRIVATE),1,1]
09-25 18:53:18.171  1621  1621 I auditd  : type=1400 audit(0.0:6995260): avc:  denied  { search } for  comm="LightningLaunc" name="2458" dev="proc" ino=254131945 scontext=u:r:vendor_hal_perf_default:s0 tcontext=u:r:update_engine:s0 tclass=dir permissive=0
09-25 18:53:18.179  1621  1621 I auditd  : type=1400 audit(0.0:6995261): avc:  denied  { search } for  comm="LightningLaunc" name="2458" dev="proc" ino=254131945 scontext=u:r:vendor_hal_perf_default:s0 tcontext=u:r:update_engine:s0 tclass=dir permissive=0
09-25 18:53:18.364  2866  2866 I notification_enqueue: [10463,579,com.zenithblue.sambas3,2000,NULL,0,Notification(channel=rpcsx-progress shortcut=null contentView=null vibrate=null sound=null defaults=0 flags=ONGOING_EVENT|FOREGROUND_SERVICE|SILENT color=0x00000000 category=progress vis=PRIVATE),1,1]
09-25 18:53:18.375  1621  1621 I auditd  : type=1400 audit(0.0:6995262): avc:  denied  { search } for  comm="LightningLaunc" name="2458" dev="proc" ino=254131945 scontext=u:r:vendor_hal_perf_default:s0 tcontext=u:r:update_engine:s0 tclass=dir permissive=0
09-25 18:53:18.383  1621  1621 I auditd  : type=1400 audit(0.0:6995263): avc:  denied  { search } for  comm="LightningLaunc" name="2458" dev="proc" ino=254131945 scontext=u:r:vendor_hal_perf_default:s0 tcontext=u:r:update_engine:s0 tclass=dir permissive=0
09-25 18:53:18.579  1621  1621 I auditd  : type=1400 audit(0.0:6995264): avc:  denied  { search } for  comm="LightningLaunc" name="2458" dev="proc" ino=254131945 scontext=u:r:vendor_hal_perf_default:s0 tcontext=u:r:update_engine:s0 tclass=dir permissive=0
09-25 18:53:18.599  2866  2866 I notification_enqueue: [10463,579,com.zenithblue.sambas3,2000,NULL,0,Notification(channel=rpcsx-progress shortcut=null contentView=null vibrate=null sound=null defaults=0 flags=ONGOING_EVENT|FOREGROUND_SERVICE|SILENT color=0x00000000 category=progress vis=PRIVATE),1,1]
