--------- beginning of system
09-25 09:24:21.339 13504 13519 I DisplayManager: Choreographer implicitly registered for the refresh rate.
09-25 09:24:21.494 13504 13504 D InsetsController: Setting requestedVisibleTypes to 502 (was 503)
09-25 09:24:23.473 13504 13504 D InsetsController: Setting requestedVisibleTypes to 496 (was 503)
09-25 09:24:24.669 13504 13504 W NotificationManager: Shedding cancel (dupe) of NotificationKey[user=UserHandle{0}, pkg=com.zenithblue.sambas3, tag=null, id=2002], rate limit (5.0) exceeded: input 9.062588, output would be 6.352447
09-25 09:24:25.184 13504 13504 W NotificationManager: Shedding notify (update) of NotificationKey[user=UserHandle{0}, pkg=com.zenithblue.sambas3, tag=null, id=2000], rate limit (5.0) exceeded: input 8.728178, output would be 6.117734
09-25 09:24:25.991 13504 13504 W NotificationManager: Shedding cancel (dupe) of NotificationKey[user=UserHandle{0}, pkg=com.zenithblue.sambas3, tag=null, id=2002], rate limit (5.0) exceeded: input 15.818564, output would be 6.5102777
09-25 09:24:26.375 13504 13504 W NotificationManager: Shedding notify (update) of NotificationKey[user=UserHandle{0}, pkg=com.zenithblue.sambas3, tag=null, id=2000], rate limit (5.0) exceeded: input 15.156557, output would be 5.9343677
09-25 09:24:27.020 13504 13504 W NotificationManager: Shedding cancel (dupe) of NotificationKey[user=UserHandle{0}, pkg=com.zenithblue.sambas3, tag=null, id=2002], rate limit (5.0) exceeded: input 27.888535, output would be 7.0687003
09-25 09:24:27.808 13504 13504 W NotificationManager: Shedding notify (update) of NotificationKey[user=UserHandle{0}, pkg=com.zenithblue.sambas3, tag=null, id=2000], rate limit (5.0) exceeded: input 10.705045, output would be 5.361117
09-25 09:24:28.162 13504 13504 W NotificationManager: Shedding cancel (dupe) of NotificationKey[user=UserHandle{0}, pkg=com.zenithblue.sambas3, tag=null, id=2002], rate limit (5.0) exceeded: input 21.410715, output would be 7.1074915
09-25 09:24:28.951 13504 13504 W NotificationManager: Shedding notify (update) of NotificationKey[user=UserHandle{0}, pkg=com.zenithblue.sambas3, tag=null, id=2000], rate limit (5.0) exceeded: input 11.18484, output would be 5.3675494
09-25 09:24:29.241 13504 13504 W NotificationManager: Shedding cancel (dupe) of NotificationKey[user=UserHandle{0}, pkg=com.zenithblue.sambas3, tag=null, id=2002], rate limit (5.0) exceeded: input 21.801382, output would be 5.622834
09-25 09:24:30.240 13504 13504 W NotificationManager: Shedding notify (update) of NotificationKey[user=UserHandle{0}, pkg=com.zenithblue.sambas3, tag=null, id=2000], rate limit (5.0) exceeded: input 10.569998, output would be 5.7710376
09-25 09:24:30.337 13504 13504 W NotificationManager: Shedding cancel (dupe) of NotificationKey[user=UserHandle{0}, pkg=com.zenithblue.sambas3, tag=null, id=2002], rate limit (5.0) exceeded: input 30.991282, output would be 6.692795
09-25 09:24:31.271 13504 13504 W NotificationManager: Shedding notify (update) of NotificationKey[user=UserHandle{0}, pkg=com.zenithblue.sambas3, tag=null, id=2000], rate limit (5.0) exceeded: input 14.637993, output would be 6.2962885
09-25 09:24:31.433 13504 13504 W NotificationManager: Shedding cancel (dupe) of NotificationKey[user=UserHandle{0}, pkg=com.zenithblue.sambas3, tag=null, id=2002], rate limit (5.0) exceeded: input 28.051752, output would be 6.736019
09-25 09:24:32.543 13504 13504 W NotificationManager: Shedding cancel (dupe) of NotificationKey[user=UserHandle{0}, pkg=com.zenithblue.sambas3, tag=null, id=2002], rate limit (5.0) exceeded: input 17.808569, output would be 6.5092497
09-25 09:24:32.734 13504 13504 W NotificationManager: Shedding notify (update) of NotificationKey[user=UserHandle{0}, pkg=com.zenithblue.sambas3, tag=null, id=2000], rate limit (5.0) exceeded: input 11.238218, output would be 6.656806
09-25 09:24:33.590 13504 13504 W NotificationManager: Shedding cancel (dupe) of NotificationKey[user=UserHandle{0}, pkg=com.zenithblue.sambas3, tag=null, id=2002], rate limit (5.0) exceeded: input 20.105669, output would be 6.8770475
09-25 09:24:33.846 13504 13504 W NotificationManager: Shedding notify (update) of NotificationKey[user=UserHandle{0}, pkg=com.zenithblue.sambas3, tag=null, id=2000], rate limit (5.0) exceeded: input 10.6072035, output would be 6.3080893
09-25 09:24:34.670 13504 13504 W NotificationManager: Shedding cancel (dupe) of NotificationKey[user=UserHandle{0}, pkg=com.zenithblue.sambas3, tag=null, id=2002], rate limit (5.0) exceeded: input 22.816711, output would be 5.6004534
09-25 09:24:34.943 13504 13504 W NotificationManager: Shedding notify (update) of NotificationKey[user=UserHandle{0}, pkg=com.zenithblue.sambas3, tag=null, id=2000], rate limit (5.0) exceeded: input 9.837532, output would be 5.0437956
09-25 09:24:35.670 13504 13504 W NotificationManager: Shedding cancel (dupe) of NotificationKey[user=UserHandle{0}, pkg=com.zenithblue.sambas3, tag=null, id=2002], rate limit (5.0) exceeded: input 21.487776, output would be 6.8708096
09-25 09:24:36.069 13504 13504 W NotificationManager: Shedding notify (update) of NotificationKey[user=UserHandle{0}, pkg=com.zenithblue.sambas3, tag=null, id=2000], rate limit (5.0) exceeded: input 10.488404, output would be 5.2605267
09-25 09:24:37.099 13504 13504 W NotificationManager: Shedding cancel (dupe) of NotificationKey[user=UserHandle{0}, pkg=com.zenithblue.sambas3, tag=null, id=2001], rate limit (5.0) exceeded: input 13.922445, output would be 6.0568023
09-25 09:24:37.195 13504 13504 W NotificationManager: Shedding notify (update) of NotificationKey[user=UserHandle{0}, pkg=com.zenithblue.sambas3, tag=null, id=2000], rate limit (5.0) exceeded: input 10.077676, output would be 5.3504953
09-25 09:24:38.161 13504 13504 W NotificationManager: Shedding cancel (dupe) of NotificationKey[user=UserHandle{0}, pkg=com.zenithblue.sambas3, tag=null, id=2002], rate limit (5.0) exceeded: input 34.95199, output would be 6.9505672
09-25 09:24:38.256 13504 13504 W NotificationManager: Shedding notify (update) of NotificationKey[user=UserHandle{0}, pkg=com.zenithblue.sambas3, tag=null, id=2000], rate limit (5.0) exceeded: input 18.247873, output would be 5.8378687
09-25 09:24:39.161 13504 13504 W NotificationManager: Shedding cancel (dupe) of NotificationKey[user=UserHandle{0}, pkg=com.zenithblue.sambas3, tag=null, id=2002], rate limit (5.0) exceeded: input 21.08538, output would be 5.669078
09-25 09:24:39.619 13504 13504 W NotificationManager: Shedding notify (update) of NotificationKey[user=UserHandle{0}, pkg=com.zenithblue.sambas3, tag=null, id=2000], rate limit (5.0) exceeded: input 11.782011, output would be 6.3479257
09-25 09:24:40.181 13504 13504 W NotificationManager: Shedding cancel (dupe) of NotificationKey[user=UserHandle{0}, pkg=com.zenithblue.sambas3, tag=null, id=2002], rate limit (5.0) exceeded: input 41.704693, output would be 6.478178
09-25 09:24:40.624 13504 13504 W NotificationManager: Shedding notify (update) of NotificationKey[user=UserHandle{0}, pkg=com.zenithblue.sambas3, tag=null, id=2000], rate limit (5.0) exceeded: input 104.73947, output would be 6.8407803
09-25 09:24:41.181 13504 13504 W NotificationManager: Shedding cancel (dupe) of NotificationKey[user=UserHandle{0}, pkg=com.zenithblue.sambas3, tag=null, id=2001], rate limit (5.0) exceeded: input 256.70163, output would be 6.8096423
09-25 09:24:41.627 13504 13504 W NotificationManager: Shedding notify (update) of NotificationKey[user=UserHandle{0}, pkg=com.zenithblue.sambas3, tag=null, id=2000], rate limit (5.0) exceeded: input 119.73389, output would be 6.9767017
09-25 09:24:42.200 13504 13504 W NotificationManager: Shedding cancel (dupe) of NotificationKey[user=UserHandle{0}, pkg=com.zenithblue.sambas3, tag=null, id=2001], rate limit (5.0) exceeded: input 160.48, output would be 6.686608
09-25 09:24:42.652 13504 13504 W NotificationManager: Shedding notify (update) of NotificationKey[user=UserHandle{0}, pkg=com.zenithblue.sambas3, tag=null, id=2000], rate limit (5.0) exceeded: input 111.35227, output would be 6.7878914
09-25 09:24:43.200 13504 13504 W NotificationManager: Shedding cancel (dupe) of NotificationKey[user=UserHandle{0}, pkg=com.zenithblue.sambas3, tag=null, id=2001], rate limit (5.0) exceeded: input 321.93262, output would be 6.9418607
09-25 09:24:43.661 13504 13504 W NotificationManager: Shedding notify (update) of NotificationKey[user=UserHandle{0}, pkg=com.zenithblue.sambas3, tag=null, id=2000], rate limit (5.0) exceeded: input 76.47983, output would be 6.695192
09-25 09:24:44.227 13504 13504 W NotificationManager: Shedding cancel (dupe) of NotificationKey[user=UserHandle{0}, pkg=com.zenithblue.sambas3, tag=null, id=2002], rate limit (5.0) exceeded: input 128.88469, output would be 6.830506
09-25 09:24:44.666 13504 13504 W NotificationManager: Shedding notify (update) of NotificationKey[user=UserHandle{0}, pkg=com.zenithblue.sambas3, tag=null, id=2000], rate limit (5.0) exceeded: input 109.33315, output would be 6.751531
09-25 09:24:45.228 13504 13504 W NotificationManager: Shedding cancel (dupe) of NotificationKey[user=UserHandle{0}, pkg=com.zenithblue.sambas3, tag=null, id=2001], rate limit (5.0) exceeded: input 230.5769, output would be 7.0224104
09-25 09:24:45.691 13504 13504 W NotificationManager: Shedding notify (update) of NotificationKey[user=UserHandle{0}, pkg=com.zenithblue.sambas3, tag=null, id=2000], rate limit (5.0) exceeded: input 84.75216, output would be 6.735864
09-25 09:24:46.259 13504 13504 W NotificationManager: Shedding cancel (dupe) of NotificationKey[user=UserHandle{0}, pkg=com.zenithblue.sambas3, tag=null, id=2002], rate limit (5.0) exceeded: input 124.81211, output would be 6.8121324
09-25 09:24:46.701 13504 13504 W NotificationManager: Shedding notify (update) of NotificationKey[user=UserHandle{0}, pkg=com.zenithblue.sambas3, tag=null, id=2000], rate limit (5.0) exceeded: input 151.03293, output would be 6.9278517
09-25 09:24:47.261 13504 13504 W NotificationManager: Shedding cancel (dupe) of NotificationKey[user=UserHandle{0}, pkg=com.zenithblue.sambas3, tag=null, id=2002], rate limit (5.0) exceeded: input 298.403, output would be 7.0768275
09-25 09:24:47.713 13504 13504 W NotificationManager: Shedding notify (update) of NotificationKey[user=UserHandle{0}, pkg=com.zenithblue.sambas3, tag=null, id=2000], rate limit (5.0) exceeded: input 147.60373, output would be 6.944321
09-25 09:24:48.272 13504 13504 W NotificationManager: Shedding cancel (dupe) of NotificationKey[user=UserHandle{0}, pkg=com.zenithblue.sambas3, tag=null, id=2002], rate limit (5.0) exceeded: input 322.4539, output would be 7.0975585
09-25 09:24:48.720 13504 13504 W NotificationManager: Shedding notify (update) of NotificationKey[user=UserHandle{0}, pkg=com.zenithblue.sambas3, tag=null, id=2000], rate limit (5.0) exceeded: input 145.24489, output would be 5.039383
09-25 09:24:49.280 13504 13504 W NotificationManager: Shedding cancel (dupe) of NotificationKey[user=UserHandle{0}, pkg=com.zenithblue.sambas3, tag=null, id=2001], rate limit (5.0) exceeded: input 153.24228, output would be 5.0059867
09-25 09:24:49.722 13504 13504 W NotificationManager: Shedding notify (update) of NotificationKey[user=UserHandle{0}, pkg=com.zenithblue.sambas3, tag=null, id=2000], rate limit (5.0) exceeded: input 118.933685, output would be 5.065326
09-25 09:24:50.283 13504 13504 W NotificationManager: Shedding cancel (dupe) of NotificationKey[user=UserHandle{0}, pkg=com.zenithblue.sambas3, tag=null, id=2001], rate limit (5.0) exceeded: input 207.88338, output would be 5.0506577
09-25 09:24:50.724 13504 13504 W NotificationManager: Shedding notify (update) of NotificationKey[user=UserHandle{0}, pkg=com.zenithblue.sambas3, tag=null, id=2000], rate limit (5.0) exceeded: input 106.391556, output would be 5.1190295
09-25 09:24:51.302 13504 13504 W NotificationManager: Shedding cancel (dupe) of NotificationKey[user=UserHandle{0}, pkg=com.zenithblue.sambas3, tag=null, id=2002], rate limit (5.0) exceeded: input 221.31473, output would be 7.132053
09-25 09:24:51.730 13504 13504 W NotificationManager: Shedding notify (update) of NotificationKey[user=UserHandle{0}, pkg=com.zenithblue.sambas3, tag=null, id=2000], rate limit (5.0) exceeded: input 114.02559, output would be 5.1441455
09-25 09:24:52.316 13504 13504 W NotificationManager: Shedding cancel (dupe) of NotificationKey[user=UserHandle{0}, pkg=com.zenithblue.sambas3, tag=null, id=2002], rate limit (5.0) exceeded: input 269.25333, output would be 7.1215878
09-25 09:24:52.732 13504 13504 W NotificationManager: Shedding notify (update) of NotificationKey[user=UserHandle{0}, pkg=com.zenithblue.sambas3, tag=null, id=2000], rate limit (5.0) exceeded: input 143.6468, output would be 5.2042418
09-25 09:24:53.345 13504 13504 W NotificationManager: Shedding cancel (dupe) of NotificationKey[user=UserHandle{0}, pkg=com.zenithblue.sambas3, tag=null, id=2002], rate limit (5.0) exceeded: input 162.29324, output would be 6.9264235
09-25 09:24:53.732 13504 13504 W NotificationManager: Shedding notify (update) of NotificationKey[user=UserHandle{0}, pkg=com.zenithblue.sambas3, tag=null, id=2000], rate limit (5.0) exceeded: input 121.56864, output would be 5.253188
09-25 09:24:54.351 13504 13504 W NotificationManager: Shedding cancel (dupe) of NotificationKey[user=UserHandle{0}, pkg=com.zenithblue.sambas3, tag=null, id=2001], rate limit (5.0) exceeded: input 184.52538, output would be 6.951807
09-25 09:24:54.748 13504 13504 W NotificationManager: Shedding notify (update) of NotificationKey[user=UserHandle{0}, pkg=com.zenithblue.sambas3, tag=null, id=2000], rate limit (5.0) exceeded: input 112.02119, output would be 5.3026605
09-25 09:24:55.355 13504 13504 W NotificationManager: Shedding cancel (dupe) of NotificationKey[user=UserHandle{0}, pkg=com.zenithblue.sambas3, tag=null, id=2002], rate limit (5.0) exceeded: input 265.10486, output would be 7.062352
09-25 09:24:55.749 13504 13504 W NotificationManager: Shedding notify (update) of NotificationKey[user=UserHandle{0}, pkg=com.zenithblue.sambas3, tag=null, id=2000], rate limit (5.0) exceeded: input 152.96286, output would be 5.3220053
09-25 09:24:56.362 13504 13504 W NotificationManager: Shedding cancel (dupe) of NotificationKey[user=UserHandle{0}, pkg=com.zenithblue.sambas3, tag=null, id=2001], rate limit (5.0) exceeded: input 149.13799, output would be 5.0346556
09-25 09:24:56.759 13504 13504 W NotificationManager: Shedding notify (update) of NotificationKey[user=UserHandle{0}, pkg=com.zenithblue.sambas3, tag=null, id=2000], rate limit (5.0) exceeded: input 104.2152, output would be 5.45007
09-25 09:24:57.375 13504 13504 W NotificationManager: Shedding cancel (dupe) of NotificationKey[user=UserHandle{0}, pkg=com.zenithblue.sambas3, tag=null, id=2002], rate limit (5.0) exceeded: input 149.01608, output would be 7.0922995
09-25 09:24:57.765 13504 13504 W NotificationManager: Shedding notify (update) of NotificationKey[user=UserHandle{0}, pkg=com.zenithblue.sambas3, tag=null, id=2000], rate limit (5.0) exceeded: input 118.80016, output would be 5.6330748
09-25 09:24:58.389 13504 13504 W NotificationManager: Shedding cancel (dupe) of NotificationKey[user=UserHandle{0}, pkg=com.zenithblue.sambas3, tag=null, id=2002], rate limit (5.0) exceeded: input 230.11089, output would be 7.096224
09-25 09:24:58.784 13504 13504 W NotificationManager: Shedding notify (update) of NotificationKey[user=UserHandle{0}, pkg=com.zenithblue.sambas3, tag=null, id=2000], rate limit (5.0) exceeded: input 102.294334, output would be 5.551205
09-25 09:24:59.390 13504 13504 W NotificationManager: Shedding cancel (dupe) of NotificationKey[user=UserHandle{0}, pkg=com.zenithblue.sambas3, tag=null, id=2001], rate limit (5.0) exceeded: input 251.83574, output would be 5.0083575
09-25 09:24:59.798 13504 13504 W NotificationManager: Shedding notify (update) of NotificationKey[user=UserHandle{0}, pkg=com.zenithblue.sambas3, tag=null, id=2000], rate limit (5.0) exceeded: input 127.111595, output would be 5.6378336
09-25 09:25:00.390 13504 13504 W NotificationManager: Shedding cancel (dupe) of NotificationKey[user=UserHandle{0}, pkg=com.zenithblue.sambas3, tag=null, id=2001], rate limit (5.0) exceeded: input 293.90317, output would be 5.074846
--------- beginning of main
09-25 09:25:00.608 13504 13702 D RPCS3   : Building function 0x3118... (size 21, __spu-0x03118-FFN3EPdR0EyRPxUHLk9fJCW2kQeS-s3cg1-cortex-a34-neon)
09-25 09:25:00.612 13504 13704 D RPCS3   : Building function 0x3770... (size 3, __spu-0x03770-7Ng5diTQXzhgRZCCF58NWZEYozwk-s3cg1-cortex-a34-neon)
09-25 09:25:00.614 13504 13700 D RPCS3   : [0x05604] GETLLAR pattern entry point
09-25 09:25:00.614 13504 13700 D RPCS3   : PUTLLC pattern breakage [5688 mem=4 lsa_const=1 cause=37] (lsa_pc=0x55dc)
09-25 09:25:00.614 13504 13700 D RPCS3   : Top Breaking Reasons: [cause=34, n=9] [cause=37, n=8] [cause=35, n=7] [cause=23, n=5] [cause=4, n=2]; More: 2 13 30 32 of 35 failures
09-25 09:25:00.614 13504 13700 D RPCS3   : SPU block is a loop at [0x05694 -> 0x055c8]
09-25 09:25:00.614 13504 13698 D RPCS3   : Building function 0x3070... (size 25, __spu-0x03070-EpjGbgx9xhSWh7mFz1cXGL7oE5Sm-s3cg1-cortex-a34-neon)
09-25 09:25:00.618 13504 13699 D RPCS3   : Building function 0x3764... (size 3, __spu-0x03764-hJExtCGhoRpqWVMJoty7H6mvLqpd-s3cg1-cortex-a34-neon)
09-25 09:25:00.619 13504 13703 D RPCS3   : Building function 0x30e8... (size 11, __spu-0x030e8-U5J6tTbqrcX2cSKML2rhXFY5LQ1E-s3cg1-cortex-a34-neon)
09-25 09:25:00.620 13504 13700 D RPCS3   : SPU block is a loop at [0x05690 -> 0x05694]
09-25 09:25:00.620 13504 13700 D RPCS3   : Building function 0x5518... (size 158, __spu-0x05518-cuSoTRJruCNpcoKqfyPAtHk55Lna-s3cg1-cortex-a34-neon)
09-25 09:25:00.620 13504 13700 W RPCS3   : [0x55ec] MFC_EAH: $38 is not a zero constant
09-25 09:25:00.621 13504 13700 W RPCS3   : [0x56d8] MFC_EAH: $56 is not a zero constant
09-25 09:25:00.622 13504 13701 D RPCS3   : SPU block is a loop at [0x04ce0 -> 0x04ab4]
09-25 09:25:00.622 13504 13701 D RPCS3   : SPU block is a loop at [0x04ab4 -> 0x04ce0]
09-25 09:25:00.622 13504 13701 D RPCS3   : SPU block is a loop at [0x04d50 -> 0x04d50]
09-25 09:25:00.622 13504 13701 D RPCS3   : SPU block is a loop at [0x04a14 -> 0x04a14]
09-25 09:25:00.622 13504 13701 D RPCS3   : Building function 0x49f8... (size 242, __spu-0x049f8-c8kRGoNwMUXRorML2EJ35nUYbckT-s3cg1-cortex-a34-neon)
09-25 09:25:00.623 13504 13702 D RPCS3   : Building function 0x5e58... (size 20, __spu-0x05e58-mtZ43T2sz046QtrHMK15bC9Z96Jb-s3cg1-cortex-a34-neon)
09-25 09:25:00.623 13504 13701 D RPCS3   : mpy32 in __spu-0x049f8-c8kRGoNwMUXRorML2EJ35nUYbckT-s3cg1-cortex-a34-neon at 0x04ba8
09-25 09:25:00.625 13504 13699 D RPCS3   : [0x05ddc] GETLLAR pattern entry point
09-25 09:25:00.625 13504 13699 D RPCS3   : SPU block is a loop at [0x05dc8 -> 0x05dc8]
09-25 09:25:00.625 13504 13699 D RPCS3   : Building function 0x5d70... (size 47, __spu-0x05d70-tK3TuzXPQ9EURN31CWoFC2UXEVGs-s3cg1-cortex-a34-neon)
09-25 09:25:00.626 13504 13699 W RPCS3   : [0x5dcc] MFC_EAH: $7 is not a zero constant
09-25 09:25:00.626 13504 13699 W RPCS3   : [0x5e08] MFC_EAH: $7 is not a zero constant
09-25 09:25:00.632 13504 13703 D RPCS3   : Building function 0x5cc0... (size 2, __spu-0x05cc0-LRQRfu2no6WcJGjsGNS4dCqRFcS9-s3cg1-cortex-a34-neon)
09-25 09:25:00.637 13504 13704 D RPCS3   : Building function 0x3068... (size 2, __spu-0x03068-eAXtySvfARj8wHG088yE7jLdF4tr-s3cg1-cortex-a34-neon)
09-25 09:25:00.638 13504 13703 D RPCS3   : Building function 0x3740... (size 9, __spu-0x03740-M7uNo1HjfT7gcJ4W42VNvUrp8hmJ-s3cg1-cortex-a34-neon)
09-25 09:25:00.643 13504 13702 D RPCS3   : [0x05bb8] GETLLAR pattern entry point
09-25 09:25:00.643 13504 13698 D RPCS3   : Building function 0x3060... (size 2, __spu-0x03060-VbajEtQfuAZKdikAKXj24XKbjGVG-s3cg1-cortex-a34-neon)
09-25 09:25:00.643 13504 13702 D RPCS3   : SPU block is a loop at [0x05c9c -> 0x05ba4]
09-25 09:25:00.643 13504 13702 D RPCS3   : PUTLLC pattern breakage [5c74 mem=9 lsa_const=1 cause=37] (lsa_pc=0x5ba4)
09-25 09:25:00.643 13504 13702 D RPCS3   : Top Breaking Reasons: [cause=34, n=9] [cause=37, n=9] [cause=35, n=7] [cause=23, n=5] [cause=4, n=2]; More: 2 13 30 32 of 36 failures
09-25 09:25:00.643 13504 13702 D RPCS3   : Building function 0x5b10... (size 108, __spu-0x05b10-bMtALNv9ut4kb4eEw6akK7P9FWsT-s3cg1-cortex-a34-neon)
09-25 09:25:00.644 13504 13702 W RPCS3   : [0x5ba8] MFC_EAH: $14 is not a zero constant
09-25 09:25:00.644 13504 13702 W RPCS3   : [0x5c80] MFC_EAH: $14 is not a zero constant
09-25 09:25:00.645 13504 13699 D RPCS3   : Building function 0x5790... (size 3, __spu-0x05790-TzYH1iMvgULjp40zph6345WQsctS-s3cg1-cortex-a34-neon)
09-25 09:25:00.651 13504 13704 D RPCS3   : SPU block is a loop at [0x036a0 -> 0x036a0]
09-25 09:25:00.651 13504 13704 D RPCS3   : SPU block is a loop at [0x03728 -> 0x036d8]
09-25 09:25:00.651 13504 13704 D RPCS3   : Building function 0x360c... (size 77, __spu-0x0360c-hvAzauiQTTXh6XVEr2z39fNy9M0p-s3cg1-cortex-a34-neon)
09-25 09:25:00.656 13504 13698 D RPCS3   : Building function 0x5654... (size 79, __spu-0x05654-qiCZQkj1eXwSVikSire2FUm2hTea-s3cg1-cortex-a34-neon)
09-25 09:25:00.656 13504 13698 W RPCS3   : [0x56d8] MFC_EAH: $56 is not a zero constant
09-25 09:25:00.661 13504 13703 D RPCS3   : [0x05d20] GETLLAR pattern entry point
09-25 09:25:00.663 13504 13703 D RPCS3   : SPU block is a loop at [0x05d0c -> 0x05d0c]
09-25 09:25:00.664 13504 13703 D RPCS3   : Building function 0x5ce0... (size 35, __spu-0x05ce0-jqeqC1dgxEFQJX09zKvJC1KYAX0F-s3cg1-cortex-a34-neon)
09-25 09:25:00.664 13504 13703 W RPCS3   : [0x5d10] MFC_EAH: $5 is not a zero constant
09-25 09:25:00.664 13504 13703 W RPCS3   : [0x5d4c] MFC_EAH: $5 is not a zero constant
09-25 09:25:00.665 13504 13699 D RPCS3   : Building function 0x5830... (size 24, __spu-0x05830-ep6syRwbEkefFk5Z2Rzbhm3oVdWj-s3cg1-cortex-a34-neon)
09-25 09:25:00.685 13504 13699 D RPCS3   : Building function 0x53b0... (size 13, __spu-0x053b0-QyFpCvd6riCRyWUzYQJ99KLFkS0r-s3cg1-cortex-a34-neon)
09-25 09:25:00.685 13504 13704 D RPCS3   : Building function 0x5480... (size 37, __spu-0x05480-JE4UWL50jqc34rtTyYfmZds6Qc8R-s3cg1-cortex-a34-neon)
09-25 09:25:00.686 13504 13698 D RPCS3   : Building function 0x5458... (size 10, __spu-0x05458-tKG6guf9HSaJd3CuJjrnzXe2qGQY-s3cg1-cortex-a34-neon)
09-25 09:25:00.689 13504 13703 D RPCS3   : SPU block is a loop at [0x048f8 -> 0x048c0]
09-25 09:25:00.689 13504 13703 D RPCS3   : SPU block is a loop at [0x04858 -> 0x04820]
09-25 09:25:00.689 13504 13703 D RPCS3   : Building function 0x4658... (size 170, __spu-0x04658-JMNv0Fw8a7J6phJMGNznN797vr4N-s3cg1-cortex-a34-neon)
09-25 09:25:00.690 13504 13702 D RPCS3   : Building function 0x35c0... (size 19, __spu-0x035c0-rWYThTsXuetEstdVkyiwWacux18C-s3cg1-cortex-a34-neon)
09-25 09:25:00.692 13504 13700 D RPCS3   : Building function 0x5424... (size 13, __spu-0x05424-Ug6aANVPVUjo66UvWrgMdx7r0qTd-s3cg1-cortex-a34-neon)
09-25 09:25:00.701 13504 13698 D RPCS3   : SPU block is a loop at [0x052cc -> 0x05350]
09-25 09:25:00.701 13504 13698 D RPCS3   : Building function 0x52b0... (size 46, __spu-0x052b0-bE4WR7zC2HYebAHsz8d73i9m8x0H-s3cg1-cortex-a34-neon)
09-25 09:25:00.701 13504 13698 W RPCS3   : [0x52fc] MFC_EAH: $15 is not a zero constant
09-25 09:25:00.701 13504 13698 W RPCS3   : [0x533c] MFC_Cmd: $11 is not a constant
09-25 09:25:00.706 13504 13704 D RPCS3   : SPU block is a loop at [0x05210 -> 0x05210]
09-25 09:25:00.706 13504 13704 D RPCS3   : Building function 0x50b0... (size 109, __spu-0x050b0-CnVc99rYGkUXTn9GNgajpJojYzqU-s3cg1-cortex-a34-neon)
09-25 09:25:00.706 13504 13704 D RPCS3   : mpy32 in __spu-0x050b0-CnVc99rYGkUXTn9GNgajpJojYzqU-s3cg1-cortex-a34-neon at 0x051d0
09-25 09:25:00.709 13504 13702 D RPCS3   : Building function 0x53e8... (size 7, __spu-0x053e8-anjJgwHw4tgmFihU8VgGGvEnUegx-s3cg1-cortex-a34-neon)
09-25 09:25:00.709 13504 13699 D RPCS3   : Building function 0x53a0... (size 4, __spu-0x053a0-cCjoaSjhEZP3jqsv0dZAJWh7jUys-s3cg1-cortex-a34-neon)
09-25 09:25:00.715 13504 13700 D RPCS3   : Building function 0x5408... (size 7, __spu-0x05408-3cAJGbVu4EaqZ9LxyGbXf3qsQJTy-s3cg1-cortex-a34-neon)
09-25 09:25:00.718 13504 13701 D RPCS3   : Building function 0x35b8... (size 2, __spu-0x035b8-mfCtJFwp6GrYdNY5rPkQWnQYsVyv-s3cg1-cortex-a34-neon)
09-25 09:25:00.721 13504 13702 W RPCS3   : [0x4f28] At 0x4f3c: indirect branch to 0x4f40 (E)
09-25 09:25:00.721 13504 13702 D RPCS3   : Building function 0x4f28... (size 6, __spu-0x04f28-sPdy09Mw8PwJpHC88nqiLs7youEE-s3cg1-cortex-a34-neon)
09-25 09:25:00.722 13504 13699 D RPCS3   : Building function 0x358c... (size 11, __spu-0x0358c-HZhk0pudKvsmYJ1yd2Thev60YTJm-s3cg1-cortex-a34-neon)
09-25 09:25:00.722 13504 13698 W RPCS3   : [0x4f50] At 0x4f60: indirect branch to 0x4f64 (D)
09-25 09:25:00.722 13504 13698 W RPCS3   : [0x4f50] At 0x4ff4: indirect branch to 0x4ff8 (E)
09-25 09:25:00.722 13504 13698 D RPCS3   : Building function 0x4f50... (size 42, __spu-0x04f50-tjYgWAG2FYFLxFbLpG52VQSF1ZdU-s3cg1-cortex-a34-neon)
09-25 09:25:00.727 13504 13700 D RPCS3   : SPU block is a loop at [0x05280 -> 0x05280]
09-25 09:25:00.727 13504 13700 D RPCS3   : Building function 0x5270... (size 15, __spu-0x05270-pcg0gYMvvqRoNMG3MouroPLwvJa9-s3cg1-cortex-a34-neon)
09-25 09:25:00.729 13504 13701 D RPCS3   : Building function 0x3f70... (size 13, __spu-0x03f70-cyqxsbV4SRkQNpxkmjFp19Reih82-s3cg1-cortex-a34-neon)
09-25 09:25:00.734 13504 13698 W RPCS3   : [0x5000] At 0x5010: indirect branch to 0x5014 (D)
09-25 09:25:00.734 13504 13698 W RPCS3   : [0x5000] At 0x50a4: indirect branch to 0x50a8 (E)
09-25 09:25:00.734 13504 13698 D RPCS3   : Building function 0x5000... (size 42, __spu-0x05000-s9z4co7kue3spmYFHxLSEjWwy2Nm-s3cg1-cortex-a34-neon)
09-25 09:25:00.735 13504 13699 W RPCS3   : [0x4ec0] At 0x4ee4: indirect branch to 0x4ee8 (D)
09-25 09:25:00.735 13504 13699 D RPCS3   : Building function 0x4ec0... (size 26, __spu-0x04ec0-e5wTAT5gdbTHhKTHPEnZFQ0f7qem-s3cg1-cortex-a34-neon)
09-25 09:25:00.739 13504 13703 D RPCS3   : Building function 0x3584... (size 2, __spu-0x03584-CmjdbYkCPkvN0wGN9UARyHVUyY9Z-s3cg1-cortex-a34-neon)
09-25 09:25:00.741 13504 13702 W RPCS3   : [0x4e10] At 0x4e20: indirect branch to 0x4e24 (D)
09-25 09:25:00.741 13504 13702 W RPCS3   : [0x4e10] At 0x4eb4: indirect branch to 0x4eb8 (E)
09-25 09:25:00.741 13504 13702 D RPCS3   : Building function 0x4e10... (size 42, __spu-0x04e10-3unZq88XxhoAKiFLtT264u4b8qnq-s3cg1-cortex-a34-neon)
09-25 09:25:00.744 13504 13700 D RPCS3   : Building function 0x3c88... (size 11, __spu-0x03c88-1G2zG1c007tgcQVP7P4et4S2oXfZ-s3cg1-cortex-a34-neon)
09-25 09:25:00.747 13504 13703 D RPCS3   : Building function 0x357c... (size 2, __spu-0x0357c-oKZQ82WfagQhCSoXCqvJW4VFdYjG-s3cg1-cortex-a34-neon)
09-25 09:25:00.750 13504 13698 D RPCS3   : Building function 0x4478... (size 120, __spu-0x04478-aC6SZNAZjfdbyEZMWcGc5RhuQn8E-s3cg1-cortex-a34-neon)
09-25 09:25:00.752 13504 13704 W RPCS3   : [0x4dc0] At 0x4dd0: indirect branch to 0x4dd4 (D)
09-25 09:25:00.752 13504 13704 W RPCS3   : [0x4dc0] At 0x4e04: indirect branch to 0x4e08 (E)
09-25 09:25:00.752 13504 13704 D RPCS3   : Building function 0x4dc0... (size 18, __spu-0x04dc0-b4i5QeMYMHQRJdbVjCAwYCP4Ku6L-s3cg1-cortex-a34-neon)
09-25 09:25:00.753 13504 13699 D RPCS3   : Building function 0x30c0... (size 1, __spu-0x030c0-1nqvCSVWEUeLVVmvRk8RnXQhZ9Su-s3cg1-cortex-a34-neon)
09-25 09:25:00.754 13504 13701 D RPCS3   : Building function 0x3d40... (size 9, __spu-0x03d40-gq38G6R62nqhHEbZopVfV2J0w6tF-s3cg1-cortex-a34-neon)
09-25 09:25:00.755 13504 13702 D RPCS3   : Building function 0x30b4... (size 3, __spu-0x030b4-pHNbX9uZVP7NKCZ6hXvMeAGwQeT0-s3cg1-cortex-a34-neon)
09-25 09:25:00.757 13504 13700 D RPCS3   : Building function 0x3550... (size 11, __spu-0x03550-cfmhEZvjF5FKFjqqVbrhy2QTp8T8-s3cg1-cortex-a34-neon)
09-25 09:25:00.762 13504 13699 D RPCS3   : Building function 0x3c80... (size 2, __spu-0x03c80-7gqj1z837c56uXpanPmYiERFGxpe-s3cg1-cortex-a34-neon)
09-25 09:25:00.762 13504 13703 D RPCS3   : Building function 0x49d0... (size 10, __spu-0x049d0-H207xvLitxpqJ2M5UFYmhVQZLULr-s3cg1-cortex-a34-neon)
09-25 09:25:00.763 13504 13704 D RPCS3   : Building function 0x3050... (size 25, __spu-0x03050-bZS7Fw0dAsSaWEd16rGz0vq36vr8-s3cg1-cortex-a34-neon)
09-25 09:25:00.765 13504 13702 W RPCS3   : [0x3d68] At 0x3e08: indirect branch to 0x3e0c (D)
09-25 09:25:00.766 13504 13702 D RPCS3   : SPU block is a loop at [0x03e54 -> 0x03eb0]
09-25 09:25:00.766 13504 13702 D RPCS3   : Likely missed PUTLLC16 patterns. (entry=0x3d68)
09-25 09:25:00.766 13504 13702 D RPCS3   : Building function 0x3d68... (size 130, __spu-0x03d68-N65XgtFKnXoifWq25HCytj3GJz6E-s3cg1-cortex-a34-neon)
09-25 09:25:00.769 13504 13701 D RPCS3   : Building function 0x42a0... (size 7, __spu-0x042a0-kTfAyLnofLyGXpeUQNe7zFs2fc59-s3cg1-cortex-a34-neon)
09-25 09:25:00.771 13504 13699 D RPCS3   : Building function 0x3d38... (size 2, __spu-0x03d38-SGiJ054H6as6JcChsbta367sW39g-s3cg1-cortex-a34-neon)
09-25 09:25:00.776 13504 13704 D RPCS3   : Building function 0x34c0... (size 36, __spu-0x034c0-WHJSk92R8C6svyCTju91mZJGt6bg-s3cg1-cortex-a34-neon)
09-25 09:25:00.778 13504 13699 W RPCS3   : [0x42f8] At 0x4314: indirect branch to 0x4318 (D)
09-25 09:25:00.778 13504 13699 W RPCS3   : [0x42f8] At 0x4450: indirect branch to 0x4454 (E)
09-25 09:25:00.778 13504 13699 D RPCS3   : [0x0438c] GETLLAR pattern entry point
09-25 09:25:00.778 13504 13699 D RPCS3   : PUTLLC pattern breakage [4400 mem=4 lsa_const=2 cause=13] (lsa_pc=0x4374)
09-25 09:25:00.778 13504 13699 D RPCS3   : Top Breaking Reasons: [cause=34, n=9] [cause=37, n=9] [cause=35, n=7] [cause=23, n=5] [cause=4, n=2] [cause=13, n=2]; More: 2 30 32 of 37 failures
09-25 09:25:00.778 13504 13699 D RPCS3   : SPU block is a loop at [0x043d8 -> 0x04360]
09-25 09:25:00.778 13504 13699 D RPCS3   : Building function 0x42f8... (size 87, __spu-0x042f8-LYFxwizrEkh44dKEd2vff6Q7sNgL-s3cg1-cortex-a34-neon)
09-25 09:25:00.781 13504 13700 D RPCS3   : Building function 0x3048... (size 2, __spu-0x03048-X1taNFaSTimMTNfCJuHxmAKqN2Vy-s3cg1-cortex-a34-neon)
09-25 09:25:00.782 13504 13701 D RPCS3   : Building function 0x3c18... (size 26, __spu-0x03c18-qcxcYQdfRYRh4APewGKXGeV92mYE-s3cg1-cortex-a34-neon)
09-25 09:25:00.786 13504 13703 D RPCS3   : Building function 0x3bd0... (size 6, __spu-0x03bd0-StKTHwkRNzEfywjqEFmUSc8MnFM4-s3cg1-cortex-a34-neon)
09-25 09:25:00.789 13504 13700 D RPCS3   : Building function 0x428c... (size 5, __spu-0x0428c-AHQz9iwcr6Fi1EmskrsaASkHQ96M-s3cg1-cortex-a34-neon)
09-25 09:25:00.792 13504 13702 D RPCS3   : Building function 0x3040... (size 2, __spu-0x03040-XXeXMiF5Soip8vJ4YkH2p3eaP2ZH-s3cg1-cortex-a34-neon)
09-25 09:25:00.792 13504 13699 D RPCS3   : Building function 0x3cb8... (size 32, __spu-0x03cb8-09xNCnNNnWPbEoknFjPq4Y709HPE-s3cg1-cortex-a34-neon)
09-25 09:25:00.795 13504 13698 W RPCS3   : [0x4118] At 0x4150: indirect branch to 0x4154 (D)
09-25 09:25:00.795 13504 13698 D RPCS3   : [0x041c4] GETLLAR pattern entry point
09-25 09:25:00.795 13504 13698 D RPCS3   : PUTLLC pattern breakage [4248 mem=4 lsa_const=2 cause=13] (lsa_pc=0x41ac)
09-25 09:25:00.795 13504 13698 D RPCS3   : Top Breaking Reasons: [cause=34, n=9] [cause=37, n=9] [cause=35, n=7] [cause=23, n=5] [cause=13, n=3] [cause=4, n=2]; More: 2 30 32 of 38 failures
09-25 09:25:00.795 13504 13698 D RPCS3   : SPU block is a loop at [0x0421c -> 0x04198]
09-25 09:25:00.795 13504 13698 D RPCS3   : Building function 0x4118... (size 93, __spu-0x04118-JfNJMKXmX5yhq6EQSNm8EqUGLeRS-s3cg1-cortex-a34-neon)
09-25 09:25:00.799 13504 13701 D RPCS3   : Building function 0x3be8... (size 6, __spu-0x03be8-sXkbCnNz7PsVmt3r5GwccrR32wJt-s3cg1-cortex-a34-neon)
09-25 09:25:00.799 13504 13702 D RPCS3   : Building function 0x3c00... (size 6, __spu-0x03c00-iaZMhU8ANPhZ9Rm0zz2zhk9vEp8R-s3cg1-cortex-a34-neon)
09-25 09:25:00.801 13504 13704 D RPCS3   : Building function 0x3bb8... (size 5, __spu-0x03bb8-Gn813JNytquJaPgf5pQzeW6ugNEt-s3cg1-cortex-a34-neon)
09-25 09:25:00.802 13504 13504 W NotificationManager: Shedding notify (update) of NotificationKey[user=UserHandle{0}, pkg=com.zenithblue.sambas3, tag=null, id=2000], rate limit (5.0) exceeded: input 144.10092, output would be 5.7328534
09-25 09:25:00.876 13504 13627 D RPCS3   : SPU Runtime: Worker 2 built 764 programs.
09-25 09:25:00.876 13504 13627 D RPCS3   : SPU Runtime: Worker 3 built 778 programs.
09-25 09:25:00.877 13504 13627 D RPCS3   : SPU Runtime: Worker 4 built 769 programs.
09-25 09:25:00.881 13504 13627 D RPCS3   : SPU Runtime: Worker 5 built 725 programs.
09-25 09:25:00.881 13504 13627 D RPCS3   : SPU Runtime: Worker 6 built 787 programs.
09-25 09:25:00.881 13504 13627 D RPCS3   : SPU Runtime: Worker 7 built 758 programs.
09-25 09:25:00.881 13504 13627 D RPCS3   : SPU Runtime: Worker 8 built 767 programs.
09-25 09:25:00.881 13504 13627 D RPCS3   : SPU Runtime: Workers built 5348 programs.
09-25 09:25:00.881 13504 13627 I RPCS3   : SPU Runtime: Built 6048 functions.
09-25 09:25:00.890 13504 13627 W RPCS3   : sys_memory_allocate(size=0x10000, flags=0x200, alloc_addr=*0xd0010cb4)
09-25 09:25:00.890 13504 13627 D RPCS3   : sys_memory_allocate(): Allocated 0x10000000 address (size=0x10000)
09-25 09:25:00.890 13504 13627 E RPCS3   : Failed to lock sudo memory (addr=0x10000000, size=0x10000). Consider increasing your system limits.
09-25 09:25:00.891 13504 13627 W RPCS3   : sys_memory_allocate(size=0x80000, flags=0x200, alloc_addr=*0xd0010c10)
09-25 09:25:00.891 13504 13627 D RPCS3   : sys_memory_allocate(): Allocated 0x10010000 address (size=0x80000)
09-25 09:25:00.891 13504 13627 E RPCS3   : Failed to lock sudo memory (addr=0x10010000, size=0x80000). Consider increasing your system limits.
09-25 09:25:00.891 13504 13627 W RPCS3   : _sys_process_get_paramsfo(buffer=0x10010250)
09-25 09:25:00.891 13504 13627 W RPCS3   : _sys_prx_register_module(name=“cellProcessElf”, opt=*0xd0010c90)
09-25 09:25:00.891 13504 13627 W RPCS3   : opt: size=0x30, type=0x3, unk3=0x0, unk4=0x0, lib_entries_ea=0x5f6c7632, lib_entries_size=0x70727800, lib_stub_ea=00, lib_stub_size=0xd0010d50, error_handler=0x8d0818
09-25 09:25:00.891 13504 13627 W RPCS3   : _sys_prx_load_module(path=“/dev_flash/sys/external/libsysmodule.sprx”, flags=0x0, pOpt=*0x0)
09-25 09:25:00.893 13504 13504 I CompileMonitorService: Projection inactive — scheduling stop
09-25 09:25:00.896 13504 13627 D RPCS3   : ** Segment: p_type=0x1, p_vaddr=0x0, p_filesz=0x8a68, p_memsz=0x8a68, flags=0x400005
09-25 09:25:00.896 13504 13627 W RPCS3   : **** Loaded to 0x8e0000...0x8e8a67 (size=0x8a68)
09-25 09:25:00.896 13504 13627 D RPCS3   : ** Segment: p_type=0x1, p_vaddr=0x8a70, p_filesz=0x14d8, p_memsz=0x150c, flags=0x600006
09-25 09:25:00.896 13504 13627 W RPCS3   : **** Loaded to 0x8f0000...0x8f150b (size=0x150c)
09-25 09:25:00.896 13504 13627 D RPCS3   : ** Segment: p_type=0x700000a4, p_vaddr=0x0, p_filesz=0x4968, p_memsz=0x0, flags=0x0
09-25 09:25:00.896 13504 13627 W RPCS3   : Library cellSysmodule_Library (rtoc=0x8f9420):
09-25 09:25:00.897 13504 13627 D RPCS3   : ** Special: [module_start] at 0x8f0e90 [0x8e2bc8, 0x8f9420]
09-25 09:25:00.897 13504 13627 D RPCS3   : ** Special: [module_stop] at 0x8f0e98 [0x8e3818, 0x8f9420]
09-25 09:25:00.897 13504 13627 D RPCS3   : ** Special: &[module_info] at 0x8e6804
09-25 09:25:00.897 13504 13627 D RPCS3   : ** Special: &[0x6D0F6CAE] at 0x8f0204
09-25 09:25:00.897 13504 13627 D RPCS3   : ** Exported module 'cellSysmodule' (vnids=0x0, vstubs=0x0, fnids=0x8e687c, faddrs=0x8e68e4, version=0x1, attributes=0x9, unk4=0x2c000001, unk5=0x90012)
09-25 09:25:00.897 13504 13627 D RPCS3   : **** cellSysmodule export: (0x002cd0bf) at 0x08f0e78 [at:0x08e2734, rtoc:0x008f9420]:  0x002CD0BF
09-25 09:25:00.897 13504 13627 D RPCS3   : **** cellSysmodule export: (0x03d90241) at 0x08f0e70 [at:0x08e26b4, rtoc:same-above]:  0x03D90241
09-25 09:25:00.897 13504 13627 D RPCS3   : **** cellSysmodule export: (0x112a5ee9) at 0x08f0e28 [at:0x08e0f24, rtoc:same-above]:  cellSysmoduleUnloadModule
09-25 09:25:00.897 13504 13627 D RPCS3   : **** cellSysmodule export: (0x1a267f98) at 0x08f0e38 [at:0x08e19d0, rtoc:same-above]:  cellSysmoduleLoadModuleEx
09-25 09:25:00.897 13504 13627 D RPCS3   : **** cellSysmodule export: (0x1ef115ef) at 0x08f0e88 [at:0x08e29f8, rtoc:same-above]:  cellSysmoduleGetImagesize
09-25 09:25:00.897 13504 13627 D RPCS3   : **** cellSysmodule export: (0x205fe2a0) at 0x08f0e50 [at:0x08e1e5c, rtoc:same-above]:  0x205FE2A0
09-25 09:25:00.897 13504 13627 D RPCS3   : **** cellSysmodule export: (0x32267a31) at 0x08f0e20 [at:0x08e088c, rtoc:same-above]:  cellSysmoduleLoadModule
09-25 09:25:00.897 13504 13627 D RPCS3   : **** cellSysmodule export: (0x3c92be09) at 0x08f0e80 [at:0x08e2764, rtoc:same-above]:  cellSysmoduleFetchImage
09-25 09:25:00.897 13504 13627 D RPCS3   : **** cellSysmodule export: (0x59521326) at 0x08f0eb8 [at:0x08e3a70, rtoc:same-above]:  0x59521326
09-25 09:25:00.897 13504 13627 D RPCS3   : **** cellSysmodule export: (0x5a59e258) at 0x08f0e30 [at:0x08e1600, rtoc:same-above]:  cellSysmoduleIsLoaded
09-25 09:25:00.897 13504 13627 D RPCS3   : **** cellSysmodule export: (0x63ff6ff9) at 0x08f0ea0 [at:0x08e38d8, rtoc:same-above]:  cellSysmoduleInitialize
09-25 09:25:00.897 13504 13627 D RPCS3   : **** cellSysmodule export: (0x70e319b5) at 0x08f0e68 [at:0x08e2558, rtoc:same-above]:  cellSysmoduleIsLoadedEx
09-25 09:25:00.897 13504 13627 D RPCS3   : **** cellSysmodule export: (0x96c07adf) at 0x08f0ea8 [at:0x08e3900, rtoc:same-above]:  cellSysmoduleFinalize
09-25 09:25:00.897 13504 13627 D RPCS3   : **** cellSysmodule export: (0xa193143c) at 0x08f0eb0 [at:0x08e3928, rtoc:same-above]:  cellSysmoduleSetMemcontainer
09-25 09:25:00.897 13504 13627 D RPCS3   : **** cellSysmodule export: (0xb498bf77) at 0x08f0e60 [at:0x08e235c, rtoc:same-above]:  cellSysmoduleUnloadModuleInternal
09-25 09:25:00.897 13504 13627 D RPCS3   : **** cellSysmodule export: (0xc93200de) at 0x08f0e48 [at:0x08e1b38, rtoc:same-above]:  0xC93200DE
09-25 09:25:00.897 13504 13627 D RPCS3   : **** cellSysmodule export: (0xd9b8c0ee) at 0x08f0e58 [at:0x08e20a0, rtoc:same-above]:  cellSysmoduleLoadModuleInternal
09-25 09:25:00.897 13504 13627 D RPCS3   : **** cellSysmodule export: (0xfd0e1cac) at 0x08f0e40 [at:0x08e1a84, rtoc:same-above]:  cellSysmoduleUnloadModuleEx
09-25 09:25:00.897 13504 13627 D RPCS3   : ** Imported module 'sysPrxForUser' (ver=0x1, attr=0x9, 0x0, 0x0) [0x8e67d4]
09-25 09:25:00.897 13504 13627 D RPCS3   : **** sysPrxForUser import: [_sys_strncmp] (0x04e83d2c) -> 0x8e6550
09-25 09:25:00.897 13504 13627 D RPCS3   : **** sysPrxForUser import: [_sys_snprintf] (0x06574237) -> 0x8e6570
09-25 09:25:00.897 13504 13627 D RPCS3   : **** sysPrxForUser import: [sys_lwmutex_lock] (0x1573dc3f) -> 0x8e6590
09-25 09:25:00.897 13504 13627 D RPCS3   : **** sysPrxForUser import: [sys_lwmutex_unlock] (0x1bc200f4) -> 0x8e65b0
09-25 09:25:00.897 13504 13627 D RPCS3   : **** sysPrxForUser import: [sys_prx_load_module] (0x26090058) -> 0x8e65d0
09-25 09:25:00.897 13504 13627 D RPCS3   : **** sysPrxForUser import: [sys_lwmutex_create] (0x2f85c0ef) -> 0x8e65f0
09-25 09:25:00.897 13504 13627 D RPCS3   : **** sysPrxForUser import: [_sys_memset] (0x68b9b011) -> 0x8e6610
09-25 09:25:00.897 13504 13627 D RPCS3   : **** sysPrxForUser import: [_sys_memcpy] (0x6bf66ea7) -> 0x8e6630
09-25 09:25:00.897 13504 13627 D RPCS3   : **** sysPrxForUser import: [sys_prx_stop_module] (0x80fb0c19) -> 0x8e6650
09-25 09:25:00.897 13504 13627 D RPCS3   : **** sysPrxForUser import: [sys_prx_get_module_info] (0x84bb6774) -> 0x8e6670
09-25 09:25:00.897 13504 13627 D RPCS3   : **** sysPrxForUser import: [_sys_strcpy] (0x99c88692) -> 0x8e6690
09-25 09:25:00.897 13504 13627 D RPCS3   : **** sysPrxForUser import: [sys_prx_start_module] (0x9f18429d) -> 0x8e66b0
09-25 09:25:00.897 13504 13627 D RPCS3   : **** sysPrxForUser import: [_sys_sprintf] (0xa1f9eafe) -> 0x8e66d0
09-25 09:25:00.897 13504 13627 D RPCS3   : **** sysPrxForUser import: [sys_prx_load_module_on_memcontainer] (0xaa6d9bff) -> 0x8e66f0
09-25 09:25:00.897 13504 13627 D RPCS3   : **** sysPrxForUser import: [sys_prx_load_module_list] (0xb27c8ae7) -> 0x8e6710
09-25 09:25:00.897 13504 13627 D RPCS3   : **** sysPrxForUser import: [sys_lwmutex_destroy] (0xc3476d0c) -> 0x8e6730
09-25 09:25:00.897 13504 13627 D RPCS3   : **** sysPrxForUser import: [sys_process_get_paramsfo] (0xe75c40f2) -> 0x8e6750
09-25 09:25:00.897 13504 13627 D RPCS3   : **** sysPrxForUser import: [sys_prx_unload_module] (0xf0aece0d) -> 0x8e6770
09-25 09:25:00.897 13504 13627 W RPCS3   : PRX hash of libsysmodule.sprx[0]: PRX-PVkKf2f1gsK7UGKVQEbqeogQwvJb-0
09-25 09:25:00.897 13504 13627 W RPCS3   : PRX hash of libsysmodule.sprx[1]: PRX-PVkKf2f1gsK7UGKVQEbqeogQwvJb-1
09-25 09:25:00.899 13504 13627 D RPCS3   : Function analysis: 213 functions (244 enqueued)
09-25 09:25:00.900 13504 13627 D RPCS3   : Block analysis: 987 blocks (1 enqueued)
09-25 09:25:00.904 13504 13627 D RPCS3   : LLVM Context target: configured='cortex-a34', effective='cortex-a34', features='+fp-armv8,+neon,+crc,+crypto'
09-25 09:25:00.904 13504 13627 I RPCSX-UI: LLVM Context target: configured='cortex-a34', effective='cortex-a34', features='+fp-armv8,+neon,+crc,+crypto'
09-25 09:25:00.904 13504 13627 D RPCS3   : S3PPU stage=link-begin tid=491450659520 modules=1 jits=1
09-25 09:25:00.909 13504 13627 I RPCS3   : LLVM: Loaded module v7-kusa-7LHmPKQURuTbHwAhSpWFH6-0004Xr-cortex-a34-2.obj
09-25 09:25:00.909 13504 13627 D RPCS3   : S3PPU stage=link-end tid=491450659520 failed=0 jits=1
09-25 09:25:00.909 13504 13627 D RPCS3   : S3PPU stage=apply-begin tid=491450659520 jits=1 resolver_count=1 first=1
09-25 09:25:00.909 13504 13627 D RPCS3   : S3PPU stage=jit-finalize-begin tid=491450659520 index=0 total=1
09-25 09:25:00.911 13504 13627 D RPCS3   : S3PPU stage=jit-finalize-end tid=491450659520 index=0 total=1
09-25 09:25:00.911 13504 13627 D RPCS3   : S3PPU stage=apply-end tid=491450659520 resolvers=1 first=1
09-25 09:25:00.911 13504 13627 I RPCS3   : Loaded module: "/dev_flash/sys/external/libsysmodule.sprx" (id=0x23000b00)
09-25 09:25:00.911 13504 13627 W RPCS3   : _sys_prx_start_module(id=0x23000b00, flags=0x0, pOpt=*0xd0010d60)
09-25 09:25:00.911 13504 13627 D RPCS3   : ** Special: [module_start] at 0x8f0e90 [0x8e2bc8, 0x8f9420]
09-25 09:25:00.911 13504 13627 D RPCS3   : ** Special: [module_stop] at 0x8f0e98 [0x8e3818, 0x8f9420]
09-25 09:25:00.911 13504 13627 D RPCS3   : ** Special: &[module_info] at 0x8e6804
09-25 09:25:00.911 13504 13627 D RPCS3   : ** Special: &[0x6D0F6CAE] at 0x8f0204
09-25 09:25:00.911 13504 13627 D RPCS3   : ** Exported module 'cellSysmodule' (vnids=0x0, vstubs=0x0, fnids=0x8e687c, faddrs=0x8e68e4, version=0x1, attributes=0x9, unk4=0x2c000001, unk5=0x90012)
09-25 09:25:00.911 13504 13627 D RPCS3   : **** cellSysmodule export: (0x002cd0bf) at 0x08f0e78 [at:0x08e2734, rtoc:0x008f9420]:  0x002CD0BF
09-25 09:25:00.911 13504 13627 D RPCS3   : **** cellSysmodule export: (0x03d90241) at 0x08f0e70 [at:0x08e26b4, rtoc:same-above]:  0x03D90241
09-25 09:25:00.911 13504 13627 D RPCS3   : **** cellSysmodule export: (0x112a5ee9) at 0x08f0e28 [at:0x08e0f24, rtoc:same-above]:  cellSysmoduleUnloadModule
09-25 09:25:00.911 13504 13627 D RPCS3   : **** cellSysmodule export: (0x1a267f98) at 0x08f0e38 [at:0x08e19d0, rtoc:same-above]:  cellSysmoduleLoadModuleEx
09-25 09:25:00.911 13504 13627 D RPCS3   : **** cellSysmodule export: (0x1ef115ef) at 0x08f0e88 [at:0x08e29f8, rtoc:same-above]:  cellSysmoduleGetImagesize
09-25 09:25:00.911 13504 13627 D RPCS3   : **** cellSysmodule export: (0x205fe2a0) at 0x08f0e50 [at:0x08e1e5c, rtoc:same-above]:  0x205FE2A0
09-25 09:25:00.911 13504 13627 D RPCS3   : **** cellSysmodule export: (0x32267a31) at 0x08f0e20 [at:0x08e088c, rtoc:same-above]:  cellSysmoduleLoadModule
09-25 09:25:00.911 13504 13627 D RPCS3   : **** cellSysmodule export: (0x3c92be09) at 0x08f0e80 [at:0x08e2764, rtoc:same-above]:  cellSysmoduleFetchImage
09-25 09:25:00.911 13504 13627 D RPCS3   : **** cellSysmodule export: (0x59521326) at 0x08f0eb8 [at:0x08e3a70, rtoc:same-above]:  0x59521326
09-25 09:25:00.911 13504 13627 D RPCS3   : **** cellSysmodule export: (0x5a59e258) at 0x08f0e30 [at:0x08e1600, rtoc:same-above]:  cellSysmoduleIsLoaded
09-25 09:25:00.911 13504 13627 D RPCS3   : **** cellSysmodule export: (0x63ff6ff9) at 0x08f0ea0 [at:0x08e38d8, rtoc:same-above]:  cellSysmoduleInitialize
09-25 09:25:00.911 13504 13627 D RPCS3   : **** cellSysmodule export: (0x70e319b5) at 0x08f0e68 [at:0x08e2558, rtoc:same-above]:  cellSysmoduleIsLoadedEx
09-25 09:25:00.911 13504 13627 D RPCS3   : **** cellSysmodule export: (0x96c07adf) at 0x08f0ea8 [at:0x08e3900, rtoc:same-above]:  cellSysmoduleFinalize
09-25 09:25:00.911 13504 13627 D RPCS3   : **** cellSysmodule export: (0xa193143c) at 0x08f0eb0 [at:0x08e3928, rtoc:same-above]:  cellSysmoduleSetMemcontainer
09-25 09:25:00.911 13504 13627 D RPCS3   : **** cellSysmodule export: (0xb498bf77) at 0x08f0e60 [at:0x08e235c, rtoc:same-above]:  cellSysmoduleUnloadModuleInternal
09-25 09:25:00.911 13504 13627 D RPCS3   : **** cellSysmodule export: (0xc93200de) at 0x08f0e48 [at:0x08e1b38, rtoc:same-above]:  0xC93200DE
09-25 09:25:00.911 13504 13627 D RPCS3   : **** cellSysmodule export: (0xd9b8c0ee) at 0x08f0e58 [at:0x08e20a0, rtoc:same-above]:  cellSysmoduleLoadModuleInternal
09-25 09:25:00.911 13504 13627 D RPCS3   : **** cellSysmodule export: (0xfd0e1cac) at 0x08f0e40 [at:0x08e1a84, rtoc:same-above]:  cellSysmoduleUnloadModuleEx
09-25 09:25:00.911 13504 13627 I RPCS3   : sys_ss_access_control_engine(pkg_id=0x1, a2=0x1, a3=0xd0010a00)
09-25 09:25:00.911 13504 13627 I RPCS3   : sys_ss_access_control_engine(pkg_id=0x2, a2=0xd0010a00, a3=0x0)
09-25 09:25:00.911 13504 13627 W RPCS3   : sys_process_get_sdk_version(pid=0x1, version=*0xd0010a48)
09-25 09:25:00.911 13504 13627 W RPCS3   : _sys_prx_load_module(path=“/dev_flash/sys/external/libsysutil.sprx”, flags=0x0, pOpt=*0x0)
09-25 09:25:00.911 13504 13627 W RPCS3   : Ignored module: "/dev_flash/sys/external/libsysutil.sprx" (id=0x23000d00)
09-25 09:25:00.911 13504 13627 W RPCS3   : _sys_prx_start_module(id=0x23000d00, flags=0x0, pOpt=*0xd0010750)
09-25 09:25:00.911 13504 13627 W RPCS3   : _sys_prx_start_module(id=0x23000d00, flags=0x0, pOpt=*0xd0010750)
09-25 09:25:00.911 13504 13627 W RPCS3   : _sys_prx_load_module(path=“/dev_flash/sys/external/libgcm_sys.sprx”, flags=0x0, pOpt=*0x0)
09-25 09:25:00.913 13504 13627 D RPCS3   : ** Segment: p_type=0x1, p_vaddr=0x0, p_filesz=0xb730, p_memsz=0xb730, flags=0x400005
09-25 09:25:00.913 13504 13627 W RPCS3   : **** Loaded to 0x900000...0x90b72f (size=0xb730)
09-25 09:25:00.913 13504 13627 D RPCS3   : ** Segment: p_type=0x1, p_vaddr=0xb730, p_filesz=0x984, p_memsz=0x31c0, flags=0x600006
09-25 09:25:00.913 13504 13627 W RPCS3   : **** Loaded to 0x910000...0x9131bf (size=0x31c0)
09-25 09:25:00.913 13504 13627 D RPCS3   : ** Segment: p_type=0x700000a4, p_vaddr=0x0, p_filesz=0x43b0, p_memsz=0x0, flags=0x0
09-25 09:25:00.913 13504 13627 W RPCS3   : Library cellGcm_Library (rtoc=0x9188d0):
09-25 09:25:00.913 13504 13627 D RPCS3   : ** Special: [module_start] at 0x91080c [0x909340, 0x9188d0]
09-25 09:25:00.913 13504 13627 D RPCS3   : ** Special: [module_stop] at 0x910814 [0x909348, 0x9188d0]
09-25 09:25:00.913 13504 13627 D RPCS3   : ** Special: [module_exit] at 0x91081c [0x90938c, 0x9188d0]
09-25 09:25:00.913 13504 13627 D RPCS3   : ** Special: &[module_info] at 0x90af30
09-25 09:25:00.913 13504 13627 D RPCS3   : ** Special: &[0x6D0F6CAE] at 0x91008c
09-25 09:25:00.913 13504 13627 D RPCS3   : ** Exported module 'cellGcmSys' (vnids=0x0, vstubs=0x0, fnids=0x90afbc, faddrs=0x90b1d4, version=0x1, attributes=0x1, unk4=0x2c000001, unk5=0x90001)
09-25 09:25:00.913 13504 13627 D RPCS3   : **** cellGcmSys export: (0x055bd74d) at 0x0910214 [at:0x090126c, rtoc:0x009188d0]:  cellGcmGetTiledPitchSize
09-25 09:25:00.913 13504 13627 D RPCS3   : **** cellGcmSys export: (0x05a1377a) at 0x09102a4 [at:0x09016d8, rtoc:same-above]:  cellGcmGetFlipStatus2
09-25 09:25:00.913 13504 13627 D RPCS3   : **** cellGcmSys export: (0x06edea9e) at 0x09106dc [at:0x0907d58, rtoc:same-above]:  cellGcmSetUserHandler
09-25 09:25:00.913 13504 13627 D RPCS3   : **** cellGcmSys export: (0x0a862772) at 0x09106e4 [at:0x0907dd0, rtoc:same-above]:  cellGcmSetQueueHandler
09-25 09:25:00.913 13504 13627 D RPCS3   : **** cellGcmSys export: (0x0b4b62d5) at 0x09103ec [at:0x0902514, rtoc:same-above]:  cellGcmSetPrepareFlip
09-25 09:25:00.913 13504 13627 D RPCS3   : **** cellGcmSys export: (0x0e5fe585) at 0x09106f4 [at:0x0907f90, rtoc:same-above]:  cellGcmSetFlipHandler2
09-25 09:25:00.913 13504 13627 D RPCS3   : **** cellGcmSys export: (0x0e6b0dae) at 0x091027c [at:0x0901548, rtoc:same-above]:  cellGcmGetDisplayInfo
09-25 09:25:00.913 13504 13627 D RPCS3   : **** cellGcmSys export: (0x107bf3a1) at 0x0910804 [at:0x0909238, rtoc:same-above]:  cellGcmInitCursor
09-25 09:25:00.913 13504 13627 D RPCS3   : **** cellGcmSys export: (0x15bae46b) at 0x091017c [at:0x0900e5c, rtoc:same-above]:  _cellGcmInitBody
09-25 09:25:00.913 13504 13627 D RPCS3   : **** cellGcmSys export: (0x172c3197) at 0x09104e4 [at:0x09036d0, rtoc:same-above]:  cellGcmSetDefaultCommandBufferAndSegmentWordSize
09-25 09:25:00.913 13504 13627 D RPCS3   : **** cellGcmSys export: (0x1a0de550) at 0x09107f4 [at:0x09090e4, rtoc:same-above]:  cellGcmSetCursorPosition
09-25 09:25:00.913 13504 13627 D RPCS3   : **** cellGcmSys export: (0x1a65f1cf) at 0x0910334 [at:0x0901bcc, rtoc:same-above]:  cellGcmResetFlipStatus2
09-25 09:25:00.913 13504 13627 D RPCS3   : **** cellGcmSys export: (0x1bd633f8) at 0x0910114 [at:0x0900234, rtoc:same-above]:  _cellGcmFunc3
09-25 09:25:00.913 13504 13627 D RPCS3   : **** cellGcmSys export: (0x1f61b3ff) at 0x091068c [at:0x0907abc, rtoc:same-above]:  cellGcmDumpGraphicsError
09-25 09:25:00.913 13504 13627 D RPCS3   : **** cellGcmSys export: (0x21397818) at 0x0910754 [at:0x0908ae0, rtoc:same-above]:  _cellGcmSetFlipCommand
09-25 09:25:00.913 13504 13627 D RPCS3   : **** cellGcmSys export: (0x21ac3697) at 0x0910534 [at:0x0903f90, rtoc:same-above]:  cellGcmAddressToOffset
09-25 09:25:00.913 13504 13627 D RPCS3   : **** cellGcmSys export: (0x21cee035) at 0x091079c [at:0x0908cc8, rtoc:same-above]:  cellGcmGetNotifyDataAddress
09-25 09:25:00.913 13504 13627 D RPCS3   : **** cellGcmSys export: (0x23ae55a3) at 0x09102cc [at:0x090174c, rtoc:same-above]:  cellGcmGetLastSecondVTime
09-25 09:25:00.913 13504 13627 D RPCS3   : **** cellGcmSys export: (0x25b40ab4) at 0x09105a4 [at:0x0904ac8, rtoc:same-above]:  cellGcmSortRemapEaIoAddress
09-25 09:25:00.913 13504 13627 D RPCS3   : **** cellGcmSys export: (0x2922aed0) at 0x091052c [at:0x0903f7c, rtoc:same-above]:  cellGcmGetOffsetTable
09-25 09:25:00.913 13504 13627 D RPCS3   : **** cellGcmSys export: (0x2a6fba9c) at 0x091053c [at:0x0903fec, rtoc:same-above]:  cellGcmIoOffsetToAddress
09-25 09:25:00.913 13504 13627 D RPCS3   : **** cellGcmSys export: (0x2ad4951b) at 0x0910794 [at:0x0908ca4, rtoc:same-above]:  cellGcmGetTimeStampLocation
09-25 09:25:00.913 13504 13627 D RPCS3   : **** cellGcmSys export: (0x32d3aa9f) at 0x091076c [at:0x0908b40, rtoc:same-above]:  _cellGcmSetFlipCommand2
09-25 09:25:00.913 13504 13627 D RPCS3   : **** cellGcmSys export: (0x371674cf) at 0x09101fc [at:0x0901174, rtoc:same-above]:  cellGcmGetDisplayBufferByFlipIndex
09-25 09:25:00.913 13504 13627 D RPCS3   : **** cellGcmSys export: (0x3a33c1fd) at 0x091014c [at:0x09005ec, rtoc:same-above]:  _cellGcmFunc15
09-25 09:25:00.913 13504 13627 D RPCS3   : **** cellGcmSys export: (0x3b9bd5bd) at 0x091054c [at:0x0904038, rtoc:same-above]:  cellGcmUnreserveIoMapSize
09-25 09:25:00.913 13504 13627 D RPCS3   : **** cellGcmSys export: (0x4524cccd) at 0x0910434 [at:0x0902ab8, rtoc:same-above]:  cellGcmBindTile
09-25 09:25:00.913 13504 13627 D RPCS3   : **** cellGcmSys export: (0x4ae8d215) at 0x091036c [at:0x0901db0, rtoc:same-above]:  cellGcmSetFlipMode
09-25 09:25:00.913 13504 13627 D RPCS3   : **** cellGcmSys export: (0x4d7ce993) at 0x0910304 [at:0x090194c, rtoc:same-above]:  cellGcmSetSecondVFrequency
09-25 09:25:00.913 13504 13627 D RPCS3   : **** cellGcmSys export: (0x51c9d62b) at 0x091067c [at:0x0907a40, rtoc:same-above]:  cellGcmSetDebugOutputLevel
09-25 09:25:00.913 13504 13627 D RPCS3   : **** cellGcmSys export: (0x527c6439) at 0x09100ac [at:0x0900088, rtoc:same-above]:  cellGcmTerminate
09-25 09:25:00.913 13504 13627 D RPCS3   : **** cellGcmSys export: (0x55b4350b) at 0x0910364 [at:0x0901da8, rtoc:same-above]:  cellGcmSetFlipMode2
09-25 09:25:00.913 13504 13627 D RPCS3   : **** cellGcmSys export: (0x5868a9f7) at 0x09102e4 [at:0x09018ac, rtoc:same-above]:  cellGcmGetLastFlipTime2
09-25 09:25:00.913 13504 13627 D RPCS3   : **** cellGcmSys export: (0x5a41c10f) at 0x091047c [at:0x090338c, rtoc:same-above]:  cellGcmGetTimeStamp
09-25 09:25:00.913 13504 13627 D RPCS3   : **** cellGcmSys export: (0x5e2ee0f0) at 0x09104a4 [at:0x0903464, rtoc:same-above]:  cellGcmGetDefaultCommandWordSize
09-25 09:25:00.913 13504 13627 D RPCS3   : **** cellGcmSys export: (0x5f909b17) at 0x09100f4 [at:0x09001bc, rtoc:same-above]:  _cellGcmFunc1
09-25 09:25:00.913 13504 13627 D RPCS3   : **** cellGcmSys export: (0x626e8518) at 0x0910574 [at:0x09043ec, rtoc:same-above]:  cellGcmMapEaIoAddressWithFlags
09-25 09:25:00.913 13504 13627 D RPCS3   : **** cellGcmSys export: (0x63387071) at 0x09102ec [at:0x09018b4, rtoc:same-above]:  cellGcmGetLastFlipTime
09-25 09:25:00.913 13504 13627 D RPCS3   : **** cellGcmSys export: (0x63441cb4) at 0x091057c [at:0x09045c0, rtoc:same-above]:  cellGcmMapEaIoAddress
09-25 09:25:00.913 13504 13627 D RPCS3   : **** cellGcmSys export: (0x657571f7) at 0x0910404 [at:0x0902680, rtoc:same-above]:  cellGcmGetTileInfo
09-25 09:25:00.913 13504 13627 D RPCS3   : **** cellGcmSys export: (0x661fe266) at 0x09100ec [at:0x0900184, rtoc:same-above]:  _cellGcmFunc12
09-25 09:25:00.913 13504 13627 D RPCS3   : **** cellGcmSys export: (0x688b8ac9) at 0x0910124 [at:0x09003d0, rtoc:same-above]:  _cellGcmFunc38
09-25 09:25:00.913 13504 13627 D RPCS3   : **** cellGcmSys export: (0x69c6cc82) at 0x09107c4 [at:0x0908db4, rtoc:same-above]:  cellGcmSetCursorDisable
09-25 09:25:00.913 13504 13627 D RPCS3   : **** cellGcmSys export: (0x723bbc7e) at 0x09102c4 [at:0x0901744, rtoc:same-above]:  cellGcmGetVBlankCount
09-25 09:25:00.913 13504 13627 D RPCS3   : **** cellGcmSys export: (0x72a577ce) at 0x09102ac [at:0x09016e0, rtoc:same-above]:  cellGcmGetFlipStatus
09-25 09:25:00.913 13504 13627 D RPCS3   : **** cellGcmSys export: (0x7a077dcc) at 0x091038c [at:0x0901f5c, rtoc:same-above]:  cellGcmSetFlipImmediate2
09-25 09:25:00.913 13504 13627 D RPCS3   : **** cellGcmSys export: (0x7fc034bc) at 0x09100cc [at:0x09000b4, rtoc:same-above]:  _cellGcmFunc4
09-25 09:25:00.913 13504 13627 D RPCS3   : **** cellGcmSys export: (0x8572bce2) at 0x0910784 [at:0x0908bf4, rtoc:same-above]:  cellGcmGetReportDataAddressLocation
09-25 09:25:00.914 13504 13627 D RPCS3   : **** cellGcmSys export: (0x8bde5ebf) at 0x091046c [at:0x0903298, rtoc:same-above]:  cellGcmSetUserCommand
09-25 09:25:00.914 13504 13627 D RPCS3   : **** cellGcmSys export: (0x8cdf8c70) at 0x09104ac [at:0x0903470, rtoc:same-above]:  cellGcmGetDefaultSegmentWordSize
09-25 09:25:00.914 13504 13627 D RPCS3   : **** cellGcmSys export: (0x8effb7fd) at 0x09100c4 [at:0x09000a8, rtoc:same-above]:  _cellGcmFunc2
09-25 09:25:00.914 13504 13627 D RPCS3   : **** cellGcmSys export: (0x93806525) at 0x0910284 [at:0x0901550, rtoc:same-above]:  cellGcmGetCurrentDisplayBufferId
09-25 09:25:00.914 13504 13627 D RPCS3   : **** cellGcmSys export: (0x983fb9aa) at 0x0910204 [at:0x0901180, rtoc:same-above]:  cellGcmSetWaitFlip
09-25 09:25:00.914 13504 13627 D RPCS3   : **** cellGcmSys export: (0x99d397ac) at 0x0910474 [at:0x090332c, rtoc:same-above]:  cellGcmGetReport
09-25 09:25:00.914 13504 13627 D RPCS3   : **** cellGcmSys export: (0x9a0159af) at 0x0910484 [at:0x09033cc, rtoc:same-above]:  cellGcmGetReportDataAddress
09-25 09:25:00.914 13504 13627 D RPCS3   : **** cellGcmSys export: (0x9ba451e4) at 0x09104dc [at:0x0903570, rtoc:same-above]:  cellGcmSetDefaultFifoSize
09-25 09:25:00.914 13504 13627 D RPCS3   : **** cellGcmSys export: (0x9dc04436) at 0x091045c [at:0x0902e78, rtoc:same-above]:  cellGcmBindZcull
09-25 09:25:00.914 13504 13627 D RPCS3   : **** cellGcmSys export: (0xa114ec67) at 0x091059c [at:0x090488c, rtoc:same-above]:  cellGcmMapMainMemory
09-25 09:25:00.914 13504 13627 D RPCS3   : **** cellGcmSys export: (0xa22f34ae) at 0x0910764 [at:0x0908b00, rtoc:same-above]:  0xA22F34AE
09-25 09:25:00.914 13504 13627 D RPCS3   : **** cellGcmSys export: (0xa41ef7e8) at 0x09106fc [at:0x0907f98, rtoc:same-above]:  cellGcmSetFlipHandler
09-25 09:25:00.914 13504 13627 D RPCS3   : **** cellGcmSys export: (0xa47c09ff) at 0x0910324 [at:0x0901b60, rtoc:same-above]:  cellGcmSetFlipStatus
09-25 09:25:00.914 13504 13627 D RPCS3   : **** cellGcmSys export: (0xa5151b13) at 0x091031c [at:0x0901b58, rtoc:same-above]:  cellGcmSetFlipStatus2
09-25 09:25:00.914 13504 13627 D RPCS3   : **** cellGcmSys export: (0xa53d12ae) at 0x0910374 [at:0x0901dbc, rtoc:same-above]:  cellGcmSetDisplayBuffer
09-25 09:25:00.914 13504 13627 D RPCS3   : **** cellGcmSys export: (0xa547adde) at 0x091049c [at:0x0903458, rtoc:same-above]:  cellGcmGetControlRegister
09-25 09:25:00.914 13504 13627 D RPCS3   : **** cellGcmSys export: (0xa6b180ac) at 0x091078c [at:0x0908c80, rtoc:same-above]:  cellGcmGetReportDataLocation
09-25 09:25:00.914 13504 13627 D RPCS3   : **** cellGcmSys export: (0xa75640e8) at 0x0910454 [at:0x0902d4c, rtoc:same-above]:  cellGcmUnbindZcull
09-25 09:25:00.914 13504 13627 D RPCS3   : **** cellGcmSys export: (0xa7ede268) at 0x0910554 [at:0x09040e0, rtoc:same-above]:  cellGcmReserveIoMapSize
09-25 09:25:00.914 13504 13627 D RPCS3   : **** cellGcmSys export: (0xa91b0402) at 0x091070c [at:0x09080b4, rtoc:same-above]:  cellGcmSetVBlankHandler
09-25 09:25:00.914 13504 13627 D RPCS3   : **** cellGcmSys export: (0xaa076302) at 0x09107a4 [at:0x0908d28, rtoc:same-above]:  0xAA076302
09-25 09:25:00.914 13504 13627 D RPCS3   : **** cellGcmSys export: (0xacee8542) at 0x0910394 [at:0x0901fb8, rtoc:same-above]:  cellGcmSetFlipImmediate
09-25 09:25:00.914 13504 13627 D RPCS3   : **** cellGcmSys export: (0xb22ff041) at 0x0910774 [at:0x0908bd4, rtoc:same-above]:  0xB22FF041
09-25 09:25:00.914 13504 13627 D RPCS3   : **** cellGcmSys export: (0xb2e761d4) at 0x091033c [at:0x0901bd4, rtoc:same-above]:  cellGcmResetFlipStatus
09-25 09:25:00.914 13504 13627 D RPCS3   : **** cellGcmSys export: (0xb70b4ad3) at 0x0910174 [at:0x0900e58, rtoc:same-above]:  0xB70B4AD3
09-25 09:25:00.914 13504 13627 D RPCS3   : **** cellGcmSys export: (0xb96bfd78) at 0x0910694 [at:0x0907ac4, rtoc:same-above]:  0xB96BFD78
09-25 09:25:00.914 13504 13627 D RPCS3   : **** cellGcmSys export: (0xbb42a9dd) at 0x09100e4 [at:0x090014c, rtoc:same-above]:  _cellGcmFunc13
09-25 09:25:00.914 13504 13627 D RPCS3   : **** cellGcmSys export: (0xbc982946) at 0x0910494 [at:0x0903444, rtoc:same-above]:  cellGcmSetDefaultCommandBuffer
09-25 09:25:00.914 13504 13627 D RPCS3   : **** cellGcmSys export: (0xbcfecdae) at 0x09102bc [at:0x090173c, rtoc:same-above]:  cellGcmGetVBlankCount2
09-25 09:25:00.914 13504 13627 D RPCS3   : **** cellGcmSys export: (0xbd100dbc) at 0x091041c [at:0x0902748, rtoc:same-above]:  cellGcmSetTileInfo
09-25 09:25:00.914 13504 13627 D RPCS3   : **** cellGcmSys export: (0xbd2fa0a7) at 0x09107ec [at:0x0908ee8, rtoc:same-above]:  cellGcmUpdateCursor
09-25 09:25:00.914 13504 13627 D RPCS3   : **** cellGcmSys export: (0xbd6d60d9) at 0x0910414 [at:0x09026b8, rtoc:same-above]:  cellGcmSetInvalidateTile
09-25 09:25:00.914 13504 13627 D RPCS3   : **** cellGcmSys export: (0xc47d0812) at 0x09107bc [at:0x0908d84, rtoc:same-above]:  cellGcmSetCursorEnable
09-25 09:25:00.914 13504 13627 D RPCS3   : **** cellGcmSys export: (0xc8f3bd09) at 0x091028c [at:0x09015bc, rtoc:same-above]:  cellGcmGetCurrentField
09-25 09:25:00.914 13504 13627 D RPCS3   : **** cellGcmSys export: (0xcaabd992) at 0x09104bc [at:0x09034e0, rtoc:same-above]:  cellGcmInitDefaultFifoMode
09-25 09:25:00.914 13504 13627 D RPCS3   : **** cellGcmSys export: (0xd01b570d) at 0x0910674 [at:0x0907a34, rtoc:same-above]:  cellGcmSetGraphicsHandler
09-25 09:25:00.914 13504 13627 D RPCS3   : **** cellGcmSys export: (0xd0b1d189) at 0x0910424 [at:0x090289c, rtoc:same-above]:  cellGcmSetTile
09-25 09:25:00.914 13504 13627 D RPCS3   : **** cellGcmSys export: (0xd34a420d) at 0x091044c [at:0x0902c14, rtoc:same-above]:  cellGcmSetZcull
09-25 09:25:00.914 13504 13627 D RPCS3   : **** cellGcmSys export: (0xd8f88e1a) at 0x091075c [at:0x0908af0, rtoc:same-above]:  _cellGcmSetFlipCommandWithWaitLabel
09-25 09:25:00.914 13504 13627 D RPCS3   : **** cellGcmSys export: (0xd9a0a879) at 0x091043c [at:0x0902bdc, rtoc:same-above]:  cellGcmGetZcullInfo
09-25 09:25:00.914 13504 13627 D RPCS3   : **** cellGcmSys export: (0xd9b7653e) at 0x091042c [at:0x09029b0, rtoc:same-above]:  cellGcmUnbindTile
09-25 09:25:00.914 13504 13627 D RPCS3   : **** cellGcmSys export: (0xdb23e867) at 0x0910564 [at:0x09041f0, rtoc:same-above]:  cellGcmUnmapIoAddress
09-25 09:25:00.914 13504 13627 D RPCS3   : **** cellGcmSys export: (0xdb769b32) at 0x091013c [at:0x09004bc, rtoc:same-above]:  cellGcmMapLocalMemory
09-25 09:25:00.914 13504 13627 D RPCS3   : **** cellGcmSys export: (0xdc09357e) at 0x09103e4 [at:0x09023b4, rtoc:same-above]:  cellGcmSetFlip
09-25 09:25:00.914 13504 13627 D RPCS3   : **** cellGcmSys export: (0xdc494430) at 0x0910704 [at:0x0907fd0, rtoc:same-above]:  cellGcmSetSecondVHandler
09-25 09:25:00.914 13504 13627 D RPCS3   : **** cellGcmSys export: (0xdf6476bd) at 0x091020c [at:0x0901228, rtoc:same-above]:  cellGcmSetWaitFlipUnsafe
09-25 09:25:00.914 13504 13627 D RPCS3   : **** cellGcmSys export: (0xe315a0b2) at 0x091058c [at:0x090476c, rtoc:same-above]:  cellGcmGetConfiguration
09-25 09:25:00.914 13504 13627 D RPCS3   : **** cellGcmSys export: (0xe44874f3) at 0x09102d4 [at:0x09017a0, rtoc:same-above]:  cellGcmSysGetLastVBlankTime
09-25 09:25:00.914 13504 13627 D RPCS3   : **** cellGcmSys export: (0xefd00f54) at 0x091056c [at:0x0904388, rtoc:same-above]:  cellGcmUnmapEaIoAddress
09-25 09:25:00.914 13504 13627 D RPCS3   : **** cellGcmSys export: (0xf80196c1) at 0x091048c [at:0x0903408, rtoc:same-above]:  cellGcmGetLabelAddress
09-25 09:25:00.914 13504 13627 D RPCS3   : **** cellGcmSys export: (0xf9bfdc72) at 0x09107fc [at:0x09091c8, rtoc:same-above]:  cellGcmSetCursorImageOffset
09-25 09:25:00.914 13504 13627 D RPCS3   : **** cellGcmSys export: (0xfb81c03e) at 0x0910544 [at:0x0904028, rtoc:same-above]:  cellGcmGetMaxIoMapSize
09-25 09:25:00.914 13504 13627 D RPCS3   : **** cellGcmSys export: (0xfce9e764) at 0x09107b4 [at:0x0908d64, rtoc:same-above]:  cellGcmInitSystemMode
09-25 09:25:00.914 13504 13627 D RPCS3   : **** cellGcmSys export: (0xffe0160e) at 0x091035c [at:0x0901d9c, rtoc:same-above]:  cellGcmSetVBlankFrequency
09-25 09:25:00.914 13504 13627 D RPCS3   : ** Imported module 'cellSysutil' (ver=0x1, attr=0x9, 0x0, 0x0) [0x90aed4]
09-25 09:25:00.914 13504 13627 D RPCS3   : **** cellSysutil import: [cellVideoOutGetConfiguration] (0x15b0b0cd) -> 0x90ad2c
09-25 09:25:00.914 13504 13627 D RPCS3   : ** Imported module 'sysPrxForUser' (ver=0x1, attr=0x9, 0x0, 0x0) [0x90af00]
09-25 09:25:00.914 13504 13627 D RPCS3   : **** sysPrxForUser import: [_sys_strncmp] (0x04e83d2c) -> 0x90ad4c
09-25 09:25:00.914 13504 13627 D RPCS3   : **** sysPrxForUser import: [sys_lwmutex_lock] (0x1573dc3f) -> 0x90ad6c
09-25 09:25:00.914 13504 13627 D RPCS3   : **** sysPrxForUser import: [sys_lwmutex_unlock] (0x1bc200f4) -> 0x90ad8c
09-25 09:25:00.914 13504 13627 D RPCS3   : **** sysPrxForUser import: [sys_ppu_thread_create] (0x24a1ea07) -> 0x90adac
09-25 09:25:00.914 13504 13627 D RPCS3   : **** sysPrxForUser import: [sys_lwmutex_create] (0x2f85c0ef) -> 0x90adcc
09-25 09:25:00.914 13504 13627 D RPCS3   : **** sysPrxForUser import: [_sys_memset] (0x68b9b011) -> 0x90adec
09-25 09:25:00.914 13504 13627 D RPCS3   : **** sysPrxForUser import: [_sys_printf] (0x9f04f7af) -> 0x90ae0c
09-25 09:25:00.914 13504 13627 D RPCS3   : **** sysPrxForUser import: [sys_ppu_thread_exit] (0xaff080a4) -> 0x90ae2c
09-25 09:25:00.914 13504 13627 D RPCS3   : **** sysPrxForUser import: [sys_lwmutex_destroy] (0xc3476d0c) -> 0x90ae4c
09-25 09:25:00.914 13504 13627 D RPCS3   : **** sysPrxForUser import: [sys_process_get_paramsfo] (0xe75c40f2) -> 0x90ae6c
09-25 09:25:00.914 13504 13627 W RPCS3   : PRX hash of libgcm_sys.sprx[0]: PRX-rn4WKtAH7fjH8EViPjbRVZ2mHgpL-0
09-25 09:25:00.914 13504 13627 W RPCS3   : PRX hash of libgcm_sys.sprx[1]: PRX-rn4WKtAH7fjH8EViPjbRVZ2mHgpL-1
09-25 09:25:00.916 13504 13627 D RPCS3   : Function analysis: 273 functions (325 enqueued)
09-25 09:25:00.918 13504 13627 D RPCS3   : Block analysis: 1695 blocks (1 enqueued)
09-25 09:25:00.921 13504 13504 I CompileMonitorService: Projection inactive — scheduling stop
09-25 09:25:00.922 13504 13627 D RPCS3   : LLVM Context target: configured='cortex-a34', effective='cortex-a34', features='+fp-armv8,+neon,+crc,+crypto'
09-25 09:25:00.922 13504 13627 I RPCSX-UI: LLVM Context target: configured='cortex-a34', effective='cortex-a34', features='+fp-armv8,+neon,+crc,+crypto'
09-25 09:25:00.922 13504 13627 D RPCS3   : S3PPU stage=link-begin tid=491450659520 modules=1 jits=1
09-25 09:25:00.928 13504 13627 I RPCS3   : LLVM: Loaded module v7-kusa-XCgQWMc1s99n1WTwrpWvw4-0004Xr-cortex-a34-2.obj
09-25 09:25:00.929 13504 13627 D RPCS3   : S3PPU stage=link-end tid=491450659520 failed=0 jits=1
09-25 09:25:00.929 13504 13627 D RPCS3   : S3PPU stage=apply-begin tid=491450659520 jits=1 resolver_count=1 first=1
09-25 09:25:00.929 13504 13627 D RPCS3   : S3PPU stage=jit-finalize-begin tid=491450659520 index=0 total=1
09-25 09:25:00.930 13504 13627 D RPCS3   : S3PPU stage=jit-finalize-end tid=491450659520 index=0 total=1
09-25 09:25:00.930 13504 13627 D RPCS3   : S3PPU stage=apply-end tid=491450659520 resolvers=1 first=1
09-25 09:25:00.930 13504 13627 I RPCS3   : Loaded module: "/dev_flash/sys/external/libgcm_sys.sprx" (id=0x23000e00)
09-25 09:25:00.930 13504 13627 W RPCS3   : _sys_prx_start_module(id=0x23000e00, flags=0x0, pOpt=*0xd0010800)
09-25 09:25:00.930 13504 13627 D RPCS3   : ** Special: [module_start] at 0x91080c [0x909340, 0x9188d0]
09-25 09:25:00.930 13504 13627 D RPCS3   : ** Special: [module_stop] at 0x910814 [0x909348, 0x9188d0]
09-25 09:25:00.930 13504 13627 D RPCS3   : ** Special: [module_exit] at 0x91081c [0x90938c, 0x9188d0]
09-25 09:25:00.930 13504 13627 D RPCS3   : ** Special: &[module_info] at 0x90af30
09-25 09:25:00.930 13504 13627 D RPCS3   : ** Special: &[0x6D0F6CAE] at 0x91008c
09-25 09:25:00.930 13504 13627 D RPCS3   : ** Exported module 'cellGcmSys' (vnids=0x0, vstubs=0x0, fnids=0x90afbc, faddrs=0x90b1d4, version=0x1, attributes=0x1, unk4=0x2c000001, unk5=0x90001)
09-25 09:25:00.930 13504 13627 D RPCS3   : **** cellGcmSys export: (0x055bd74d) at 0x0910214 [at:0x090126c, rtoc:0x009188d0]:  cellGcmGetTiledPitchSize
09-25 09:25:00.930 13504 13627 D RPCS3   : **** cellGcmSys export: (0x05a1377a) at 0x09102a4 [at:0x09016d8, rtoc:same-above]:  cellGcmGetFlipStatus2
09-25 09:25:00.930 13504 13627 D RPCS3   : **** cellGcmSys export: (0x06edea9e) at 0x09106dc [at:0x0907d58, rtoc:same-above]:  cellGcmSetUserHandler
09-25 09:25:00.930 13504 13627 D RPCS3   : **** cellGcmSys export: (0x0a862772) at 0x09106e4 [at:0x0907dd0, rtoc:same-above]:  cellGcmSetQueueHandler
09-25 09:25:00.930 13504 13627 D RPCS3   : **** cellGcmSys export: (0x0b4b62d5) at 0x09103ec [at:0x0902514, rtoc:same-above]:  cellGcmSetPrepareFlip
09-25 09:25:00.930 13504 13627 D RPCS3   : **** cellGcmSys export: (0x0e5fe585) at 0x09106f4 [at:0x0907f90, rtoc:same-above]:  cellGcmSetFlipHandler2
09-25 09:25:00.930 13504 13627 D RPCS3   : **** cellGcmSys export: (0x0e6b0dae) at 0x091027c [at:0x0901548, rtoc:same-above]:  cellGcmGetDisplayInfo
09-25 09:25:00.930 13504 13627 D RPCS3   : **** cellGcmSys export: (0x107bf3a1) at 0x0910804 [at:0x0909238, rtoc:same-above]:  cellGcmInitCursor
09-25 09:25:00.930 13504 13627 D RPCS3   : **** cellGcmSys export: (0x15bae46b) at 0x091017c [at:0x0900e5c, rtoc:same-above]:  _cellGcmInitBody
09-25 09:25:00.930 13504 13627 D RPCS3   : **** cellGcmSys export: (0x172c3197) at 0x09104e4 [at:0x09036d0, rtoc:same-above]:  cellGcmSetDefaultCommandBufferAndSegmentWordSize
09-25 09:25:00.930 13504 13627 D RPCS3   : **** cellGcmSys export: (0x1a0de550) at 0x09107f4 [at:0x09090e4, rtoc:same-above]:  cellGcmSetCursorPosition
09-25 09:25:00.930 13504 13627 D RPCS3   : **** cellGcmSys export: (0x1a65f1cf) at 0x0910334 [at:0x0901bcc, rtoc:same-above]:  cellGcmResetFlipStatus2
09-25 09:25:00.930 13504 13627 D RPCS3   : **** cellGcmSys export: (0x1bd633f8) at 0x0910114 [at:0x0900234, rtoc:same-above]:  _cellGcmFunc3
09-25 09:25:00.930 13504 13627 D RPCS3   : **** cellGcmSys export: (0x1f61b3ff) at 0x091068c [at:0x0907abc, rtoc:same-above]:  cellGcmDumpGraphicsError
09-25 09:25:00.930 13504 13627 D RPCS3   : **** cellGcmSys export: (0x21397818) at 0x0910754 [at:0x0908ae0, rtoc:same-above]:  _cellGcmSetFlipCommand
09-25 09:25:00.930 13504 13627 D RPCS3   : **** cellGcmSys export: (0x21ac3697) at 0x0910534 [at:0x0903f90, rtoc:same-above]:  cellGcmAddressToOffset
09-25 09:25:00.930 13504 13627 D RPCS3   : **** cellGcmSys export: (0x21cee035) at 0x091079c [at:0x0908cc8, rtoc:same-above]:  cellGcmGetNotifyDataAddress
09-25 09:25:00.930 13504 13627 D RPCS3   : **** cellGcmSys export: (0x23ae55a3) at 0x09102cc [at:0x090174c, rtoc:same-above]:  cellGcmGetLastSecondVTime
09-25 09:25:00.930 13504 13627 D RPCS3   : **** cellGcmSys export: (0x25b40ab4) at 0x09105a4 [at:0x0904ac8, rtoc:same-above]:  cellGcmSortRemapEaIoAddress
09-25 09:25:00.930 13504 13627 D RPCS3   : **** cellGcmSys export: (0x2922aed0) at 0x091052c [at:0x0903f7c, rtoc:same-above]:  cellGcmGetOffsetTable
09-25 09:25:00.930 13504 13627 D RPCS3   : **** cellGcmSys export: (0x2a6fba9c) at 0x091053c [at:0x0903fec, rtoc:same-above]:  cellGcmIoOffsetToAddress
09-25 09:25:00.930 13504 13627 D RPCS3   : **** cellGcmSys export: (0x2ad4951b) at 0x0910794 [at:0x0908ca4, rtoc:same-above]:  cellGcmGetTimeStampLocation
09-25 09:25:00.930 13504 13627 D RPCS3   : **** cellGcmSys export: (0x32d3aa9f) at 0x091076c [at:0x0908b40, rtoc:same-above]:  _cellGcmSetFlipCommand2
09-25 09:25:00.930 13504 13627 D RPCS3   : **** cellGcmSys export: (0x371674cf) at 0x09101fc [at:0x0901174, rtoc:same-above]:  cellGcmGetDisplayBufferByFlipIndex
09-25 09:25:00.930 13504 13627 D RPCS3   : **** cellGcmSys export: (0x3a33c1fd) at 0x091014c [at:0x09005ec, rtoc:same-above]:  _cellGcmFunc15
09-25 09:25:00.930 13504 13627 D RPCS3   : **** cellGcmSys export: (0x3b9bd5bd) at 0x091054c [at:0x0904038, rtoc:same-above]:  cellGcmUnreserveIoMapSize
09-25 09:25:00.930 13504 13627 D RPCS3   : **** cellGcmSys export: (0x4524cccd) at 0x0910434 [at:0x0902ab8, rtoc:same-above]:  cellGcmBindTile
09-25 09:25:00.930 13504 13627 D RPCS3   : **** cellGcmSys export: (0x4ae8d215) at 0x091036c [at:0x0901db0, rtoc:same-above]:  cellGcmSetFlipMode
09-25 09:25:00.930 13504 13627 D RPCS3   : **** cellGcmSys export: (0x4d7ce993) at 0x0910304 [at:0x090194c, rtoc:same-above]:  cellGcmSetSecondVFrequency
09-25 09:25:00.930 13504 13627 D RPCS3   : **** cellGcmSys export: (0x51c9d62b) at 0x091067c [at:0x0907a40, rtoc:same-above]:  cellGcmSetDebugOutputLevel
09-25 09:25:00.930 13504 13627 D RPCS3   : **** cellGcmSys export: (0x527c6439) at 0x09100ac [at:0x0900088, rtoc:same-above]:  cellGcmTerminate
09-25 09:25:00.930 13504 13627 D RPCS3   : **** cellGcmSys export: (0x55b4350b) at 0x0910364 [at:0x0901da8, rtoc:same-above]:  cellGcmSetFlipMode2
09-25 09:25:00.930 13504 13627 D RPCS3   : **** cellGcmSys export: (0x5868a9f7) at 0x09102e4 [at:0x09018ac, rtoc:same-above]:  cellGcmGetLastFlipTime2
09-25 09:25:00.930 13504 13627 D RPCS3   : **** cellGcmSys export: (0x5a41c10f) at 0x091047c [at:0x090338c, rtoc:same-above]:  cellGcmGetTimeStamp
09-25 09:25:00.930 13504 13627 D RPCS3   : **** cellGcmSys export: (0x5e2ee0f0) at 0x09104a4 [at:0x0903464, rtoc:same-above]:  cellGcmGetDefaultCommandWordSize
09-25 09:25:00.930 13504 13627 D RPCS3   : **** cellGcmSys export: (0x5f909b17) at 0x09100f4 [at:0x09001bc, rtoc:same-above]:  _cellGcmFunc1
09-25 09:25:00.930 13504 13627 D RPCS3   : **** cellGcmSys export: (0x626e8518) at 0x0910574 [at:0x09043ec, rtoc:same-above]:  cellGcmMapEaIoAddressWithFlags
09-25 09:25:00.930 13504 13627 D RPCS3   : **** cellGcmSys export: (0x63387071) at 0x09102ec [at:0x09018b4, rtoc:same-above]:  cellGcmGetLastFlipTime
09-25 09:25:00.930 13504 13627 D RPCS3   : **** cellGcmSys export: (0x63441cb4) at 0x091057c [at:0x09045c0, rtoc:same-above]:  cellGcmMapEaIoAddress
09-25 09:25:00.930 13504 13627 D RPCS3   : **** cellGcmSys export: (0x657571f7) at 0x0910404 [at:0x0902680, rtoc:same-above]:  cellGcmGetTileInfo
09-25 09:25:00.930 13504 13627 D RPCS3   : **** cellGcmSys export: (0x661fe266) at 0x09100ec [at:0x0900184, rtoc:same-above]:  _cellGcmFunc12
09-25 09:25:00.930 13504 13627 D RPCS3   : **** cellGcmSys export: (0x688b8ac9) at 0x0910124 [at:0x09003d0, rtoc:same-above]:  _cellGcmFunc38
09-25 09:25:00.930 13504 13627 D RPCS3   : **** cellGcmSys export: (0x69c6cc82) at 0x09107c4 [at:0x0908db4, rtoc:same-above]:  cellGcmSetCursorDisable
09-25 09:25:00.930 13504 13627 D RPCS3   : **** cellGcmSys export: (0x723bbc7e) at 0x09102c4 [at:0x0901744, rtoc:same-above]:  cellGcmGetVBlankCount
09-25 09:25:00.930 13504 13627 D RPCS3   : **** cellGcmSys export: (0x72a577ce) at 0x09102ac [at:0x09016e0, rtoc:same-above]:  cellGcmGetFlipStatus
09-25 09:25:00.930 13504 13627 D RPCS3   : **** cellGcmSys export: (0x7a077dcc) at 0x091038c [at:0x0901f5c, rtoc:same-above]:  cellGcmSetFlipImmediate2
09-25 09:25:00.930 13504 13627 D RPCS3   : **** cellGcmSys export: (0x7fc034bc) at 0x09100cc [at:0x09000b4, rtoc:same-above]:  _cellGcmFunc4
09-25 09:25:00.930 13504 13627 D RPCS3   : **** cellGcmSys export: (0x8572bce2) at 0x0910784 [at:0x0908bf4, rtoc:same-above]:  cellGcmGetReportDataAddressLocation
09-25 09:25:00.930 13504 13627 D RPCS3   : **** cellGcmSys export: (0x8bde5ebf) at 0x091046c [at:0x0903298, rtoc:same-above]:  cellGcmSetUserCommand
09-25 09:25:00.930 13504 13627 D RPCS3   : **** cellGcmSys export: (0x8cdf8c70) at 0x09104ac [at:0x0903470, rtoc:same-above]:  cellGcmGetDefaultSegmentWordSize
09-25 09:25:00.930 13504 13627 D RPCS3   : **** cellGcmSys export: (0x8effb7fd) at 0x09100c4 [at:0x09000a8, rtoc:same-above]:  _cellGcmFunc2
09-25 09:25:00.930 13504 13627 D RPCS3   : **** cellGcmSys export: (0x93806525) at 0x0910284 [at:0x0901550, rtoc:same-above]:  cellGcmGetCurrentDisplayBufferId
09-25 09:25:00.930 13504 13627 D RPCS3   : **** cellGcmSys export: (0x983fb9aa) at 0x0910204 [at:0x0901180, rtoc:same-above]:  cellGcmSetWaitFlip
09-25 09:25:00.930 13504 13627 D RPCS3   : **** cellGcmSys export: (0x99d397ac) at 0x0910474 [at:0x090332c, rtoc:same-above]:  cellGcmGetReport
09-25 09:25:00.930 13504 13627 D RPCS3   : **** cellGcmSys export: (0x9a0159af) at 0x0910484 [at:0x09033cc, rtoc:same-above]:  cellGcmGetReportDataAddress
09-25 09:25:00.930 13504 13627 D RPCS3   : **** cellGcmSys export: (0x9ba451e4) at 0x09104dc [at:0x0903570, rtoc:same-above]:  cellGcmSetDefaultFifoSize
09-25 09:25:00.930 13504 13627 D RPCS3   : **** cellGcmSys export: (0x9dc04436) at 0x091045c [at:0x0902e78, rtoc:same-above]:  cellGcmBindZcull
09-25 09:25:00.930 13504 13627 D RPCS3   : **** cellGcmSys export: (0xa114ec67) at 0x091059c [at:0x090488c, rtoc:same-above]:  cellGcmMapMainMemory
09-25 09:25:00.930 13504 13627 D RPCS3   : **** cellGcmSys export: (0xa22f34ae) at 0x0910764 [at:0x0908b00, rtoc:same-above]:  0xA22F34AE
09-25 09:25:00.930 13504 13627 D RPCS3   : **** cellGcmSys export: (0xa41ef7e8) at 0x09106fc [at:0x0907f98, rtoc:same-above]:  cellGcmSetFlipHandler
09-25 09:25:00.930 13504 13627 D RPCS3   : **** cellGcmSys export: (0xa47c09ff) at 0x0910324 [at:0x0901b60, rtoc:same-above]:  cellGcmSetFlipStatus
09-25 09:25:00.930 13504 13627 D RPCS3   : **** cellGcmSys export: (0xa5151b13) at 0x091031c [at:0x0901b58, rtoc:same-above]:  cellGcmSetFlipStatus2
09-25 09:25:00.930 13504 13627 D RPCS3   : **** cellGcmSys export: (0xa53d12ae) at 0x0910374 [at:0x0901dbc, rtoc:same-above]:  cellGcmSetDisplayBuffer
09-25 09:25:00.930 13504 13627 D RPCS3   : **** cellGcmSys export: (0xa547adde) at 0x091049c [at:0x0903458, rtoc:same-above]:  cellGcmGetControlRegister
09-25 09:25:00.930 13504 13627 D RPCS3   : **** cellGcmSys export: (0xa6b180ac) at 0x091078c [at:0x0908c80, rtoc:same-above]:  cellGcmGetReportDataLocation
09-25 09:25:00.930 13504 13627 D RPCS3   : **** cellGcmSys export: (0xa75640e8) at 0x0910454 [at:0x0902d4c, rtoc:same-above]:  cellGcmUnbindZcull
09-25 09:25:00.930 13504 13627 D RPCS3   : **** cellGcmSys export: (0xa7ede268) at 0x0910554 [at:0x09040e0, rtoc:same-above]:  cellGcmReserveIoMapSize
09-25 09:25:00.930 13504 13627 D RPCS3   : **** cellGcmSys export: (0xa91b0402) at 0x091070c [at:0x09080b4, rtoc:same-above]:  cellGcmSetVBlankHandler
09-25 09:25:00.930 13504 13627 D RPCS3   : **** cellGcmSys export: (0xaa076302) at 0x09107a4 [at:0x0908d28, rtoc:same-above]:  0xAA076302
09-25 09:25:00.930 13504 13627 D RPCS3   : **** cellGcmSys export: (0xacee8542) at 0x0910394 [at:0x0901fb8, rtoc:same-above]:  cellGcmSetFlipImmediate
09-25 09:25:00.930 13504 13627 D RPCS3   : **** cellGcmSys export: (0xb22ff041) at 0x0910774 [at:0x0908bd4, rtoc:same-above]:  0xB22FF041
09-25 09:25:00.930 13504 13627 D RPCS3   : **** cellGcmSys export: (0xb2e761d4) at 0x091033c [at:0x0901bd4, rtoc:same-above]:  cellGcmResetFlipStatus
09-25 09:25:00.930 13504 13627 D RPCS3   : **** cellGcmSys export: (0xb70b4ad3) at 0x0910174 [at:0x0900e58, rtoc:same-above]:  0xB70B4AD3
09-25 09:25:00.930 13504 13627 D RPCS3   : **** cellGcmSys export: (0xb96bfd78) at 0x0910694 [at:0x0907ac4, rtoc:same-above]:  0xB96BFD78
09-25 09:25:00.930 13504 13627 D RPCS3   : **** cellGcmSys export: (0xbb42a9dd) at 0x09100e4 [at:0x090014c, rtoc:same-above]:  _cellGcmFunc13
09-25 09:25:00.930 13504 13627 D RPCS3   : **** cellGcmSys export: (0xbc982946) at 0x0910494 [at:0x0903444, rtoc:same-above]:  cellGcmSetDefaultCommandBuffer
09-25 09:25:00.930 13504 13627 D RPCS3   : **** cellGcmSys export: (0xbcfecdae) at 0x09102bc [at:0x090173c, rtoc:same-above]:  cellGcmGetVBlankCount2
09-25 09:25:00.930 13504 13627 D RPCS3   : **** cellGcmSys export: (0xbd100dbc) at 0x091041c [at:0x0902748, rtoc:same-above]:  cellGcmSetTileInfo
09-25 09:25:00.930 13504 13627 D RPCS3   : **** cellGcmSys export: (0xbd2fa0a7) at 0x09107ec [at:0x0908ee8, rtoc:same-above]:  cellGcmUpdateCursor
09-25 09:25:00.930 13504 13627 D RPCS3   : **** cellGcmSys export: (0xbd6d60d9) at 0x0910414 [at:0x09026b8, rtoc:same-above]:  cellGcmSetInvalidateTile
09-25 09:25:00.930 13504 13627 D RPCS3   : **** cellGcmSys export: (0xc47d0812) at 0x09107bc [at:0x0908d84, rtoc:same-above]:  cellGcmSetCursorEnable
09-25 09:25:00.930 13504 13627 D RPCS3   : **** cellGcmSys export: (0xc8f3bd09) at 0x091028c [at:0x09015bc, rtoc:same-above]:  cellGcmGetCurrentField
09-25 09:25:00.930 13504 13627 D RPCS3   : **** cellGcmSys export: (0xcaabd992) at 0x09104bc [at:0x09034e0, rtoc:same-above]:  cellGcmInitDefaultFifoMode
09-25 09:25:00.930 13504 13627 D RPCS3   : **** cellGcmSys export: (0xd01b570d) at 0x0910674 [at:0x0907a34, rtoc:same-above]:  cellGcmSetGraphicsHandler
09-25 09:25:00.930 13504 13627 D RPCS3   : **** cellGcmSys export: (0xd0b1d189) at 0x0910424 [at:0x090289c, rtoc:same-above]:  cellGcmSetTile
09-25 09:25:00.930 13504 13627 D RPCS3   : **** cellGcmSys export: (0xd34a420d) at 0x091044c [at:0x0902c14, rtoc:same-above]:  cellGcmSetZcull
09-25 09:25:00.930 13504 13627 D RPCS3   : **** cellGcmSys export: (0xd8f88e1a) at 0x091075c [at:0x0908af0, rtoc:same-above]:  _cellGcmSetFlipCommandWithWaitLabel
09-25 09:25:00.930 13504 13627 D RPCS3   : **** cellGcmSys export: (0xd9a0a879) at 0x091043c [at:0x0902bdc, rtoc:same-above]:  cellGcmGetZcullInfo
09-25 09:25:00.930 13504 13627 D RPCS3   : **** cellGcmSys export: (0xd9b7653e) at 0x091042c [at:0x09029b0, rtoc:same-above]:  cellGcmUnbindTile
09-25 09:25:00.930 13504 13627 D RPCS3   : **** cellGcmSys export: (0xdb23e867) at 0x0910564 [at:0x09041f0, rtoc:same-above]:  cellGcmUnmapIoAddress
09-25 09:25:00.930 13504 13627 D RPCS3   : **** cellGcmSys export: (0xdb769b32) at 0x091013c [at:0x09004bc, rtoc:same-above]:  cellGcmMapLocalMemory
09-25 09:25:00.930 13504 13627 D RPCS3   : **** cellGcmSys export: (0xdc09357e) at 0x09103e4 [at:0x09023b4, rtoc:same-above]:  cellGcmSetFlip
09-25 09:25:00.930 13504 13627 D RPCS3   : **** cellGcmSys export: (0xdc494430) at 0x0910704 [at:0x0907fd0, rtoc:same-above]:  cellGcmSetSecondVHandler
09-25 09:25:00.930 13504 13627 D RPCS3   : **** cellGcmSys export: (0xdf6476bd) at 0x091020c [at:0x0901228, rtoc:same-above]:  cellGcmSetWaitFlipUnsafe
09-25 09:25:00.930 13504 13627 D RPCS3   : **** cellGcmSys export: (0xe315a0b2) at 0x091058c [at:0x090476c, rtoc:same-above]:  cellGcmGetConfiguration
09-25 09:25:00.930 13504 13627 D RPCS3   : **** cellGcmSys export: (0xe44874f3) at 0x09102d4 [at:0x09017a0, rtoc:same-above]:  cellGcmSysGetLastVBlankTime
09-25 09:25:00.930 13504 13627 D RPCS3   : **** cellGcmSys export: (0xefd00f54) at 0x091056c [at:0x0904388, rtoc:same-above]:  cellGcmUnmapEaIoAddress
09-25 09:25:00.930 13504 13627 D RPCS3   : **** cellGcmSys export: (0xf80196c1) at 0x091048c [at:0x0903408, rtoc:same-above]:  cellGcmGetLabelAddress
09-25 09:25:00.930 13504 13627 D RPCS3   : **** cellGcmSys export: (0xf9bfdc72) at 0x09107fc [at:0x09091c8, rtoc:same-above]:  cellGcmSetCursorImageOffset
09-25 09:25:00.930 13504 13627 D RPCS3   : **** cellGcmSys export: (0xfb81c03e) at 0x0910544 [at:0x0904028, rtoc:same-above]:  cellGcmGetMaxIoMapSize
09-25 09:25:00.930 13504 13627 D RPCS3   : **** cellGcmSys export: (0xfce9e764) at 0x09107b4 [at:0x0908d64, rtoc:same-above]:  cellGcmInitSystemMode
09-25 09:25:00.930 13504 13627 D RPCS3   : **** cellGcmSys export: (0xffe0160e) at 0x091035c [at:0x0901d9c, rtoc:same-above]:  cellGcmSetVBlankFrequency
09-25 09:25:00.930 13504 13627 W RPCS3   : _sys_prx_start_module(id=0x23000e00, flags=0x0, pOpt=*0xd0010800)
09-25 09:25:00.930 13504 13627 W RPCS3   : _sys_prx_load_module(path=“/dev_flash/sys/external/libaudio.sprx”, flags=0x0, pOpt=*0x0)
09-25 09:25:00.930 13504 13627 W RPCS3   : Ignored module: "/dev_flash/sys/external/libaudio.sprx" (id=0x23000f00)
09-25 09:25:00.930 13504 13627 W RPCS3   : _sys_prx_start_module(id=0x23000f00, flags=0x0, pOpt=*0xd0010750)
09-25 09:25:00.930 13504 13627 W RPCS3   : _sys_prx_start_module(id=0x23000f00, flags=0x0, pOpt=*0xd0010750)
09-25 09:25:00.930 13504 13627 W RPCS3   : _sys_prx_load_module(path=“/dev_flash/sys/external/libio.sprx”, flags=0x0, pOpt=*0x0)
09-25 09:25:00.930 13504 13627 W RPCS3   : Ignored module: "/dev_flash/sys/external/libio.sprx" (id=0x23001000)
09-25 09:25:00.930 13504 13627 W RPCS3   : _sys_prx_start_module(id=0x23001000, flags=0x0, pOpt=*0xd0010750)
09-25 09:25:00.930 13504 13627 W RPCS3   : _sys_prx_start_module(id=0x23001000, flags=0x0, pOpt=*0xd0010750)
09-25 09:25:00.930 13504 13627 W RPCS3   : _sys_prx_load_module(path=“/dev_flash/sys/external/libsre.sprx”, flags=0x0, pOpt=*0x0)
09-25 09:25:00.933 13504 13627 D RPCS3   : ** Segment: p_type=0x1, p_vaddr=0x0, p_filesz=0x2e000, p_memsz=0x30000, flags=0x400005
09-25 09:25:00.933 13504 13627 W RPCS3   : **** Loaded to 0x920000...0x94ffff (size=0x30000)
09-25 09:25:00.933 13504 13627 D RPCS3   : ** Segment: p_type=0x1, p_vaddr=0x2e000, p_filesz=0x3fe0, p_memsz=0x4340, flags=0x600006
09-25 09:25:00.933 13504 13504 I CompileMonitorService: Projection inactive — scheduling stop
09-25 09:25:00.933 13504 13627 W RPCS3   : **** Loaded to 0x950000...0x95433f (size=0x4340)
09-25 09:25:00.933 13504 13627 D RPCS3   : ** Segment: p_type=0x700000a4, p_vaddr=0x0, p_filesz=0x8610, p_memsz=0x0, flags=0x0
09-25 09:25:00.933 13504 13627 W RPCS3   : Library cellSre_Library (rtoc=0x95bab0):
09-25 09:25:00.933 13504 13627 D RPCS3   : ** Special: &[module_info] at 0x93dc4c
09-25 09:25:00.933 13504 13627 D RPCS3   : ** Special: &[0x6D0F6CAE] at 0x950080
09-25 09:25:00.933 13504 13627 D RPCS3   : ** Exported module 'cellSync' (vnids=0x1c000002, vstubs=0x90012, fnids=0x93dcc0, faddrs=0x93dd88, version=0x2, attributes=0x9, unk4=0x0, unk5=0x2000000)
09-25 09:25:00.933 13504 13627 D RPCS3   : **** cellSync export: (0x07254fda) at 0x0952fac [at:0x0920000, rtoc:0x0095bab0]:  cellSyncBarrierInitialize
09-25 09:25:00.933 13504 13627 D RPCS3   : **** cellSync export: (0x0c7cb9f7) at 0x0953104 [at:0x0924550, rtoc:same-above]:  cellSyncLFQueueGetEntrySize
09-25 09:25:00.933 13504 13627 D RPCS3   : **** cellSync export: (0x167ea63e) at 0x095309c [at:0x0922420, rtoc:same-above]:  cellSyncLFQueueSize
09-25 09:25:00.933 13504 13627 D RPCS3   : **** cellSync export: (0x1bb675c2) at 0x0952fe4 [at:0x092040c, rtoc:same-above]:  cellSyncMutexLock
09-25 09:25:00.933 13504 13627 D RPCS3   : **** cellSync export: (0x268edd6d) at 0x0952fbc [at:0x0920108, rtoc:same-above]:  cellSyncBarrierTryNotify
09-25 09:25:00.933 13504 13627 D RPCS3   : **** cellSync export: (0x2af0c515) at 0x0953094 [at:0x0922340, rtoc:same-above]:  cellSyncLFQueueClear
09-25 09:25:00.934 13504 13627 D RPCS3   : **** cellSync export: (0x35bbdad2) at 0x09530d4 [at:0x09235c8, rtoc:same-above]:  _cellSyncLFQueueCompletePushPointer2
09-25 09:25:00.934 13504 13627 D RPCS3   : **** cellSync export: (0x35f21355) at 0x0952fc4 [at:0x09201e4, rtoc:same-above]:  cellSyncBarrierWait
09-25 09:25:00.934 13504 13627 D RPCS3   : **** cellSync export: (0x3929948d) at 0x0952ff4 [at:0x09204f8, rtoc:same-above]:  cellSyncQueueInitialize
09-25 09:25:00.934 13504 13627 D RPCS3   : **** cellSync export: (0x46356fe0) at 0x09530dc [at:0x0923a18, rtoc:same-above]:  _cellSyncLFQueueGetPopPointer2
09-25 09:25:00.934 13504 13627 D RPCS3   : **** cellSync export: (0x48154c9b) at 0x095302c [at:0x0920f20, rtoc:same-above]:  cellSyncQueuePeek
09-25 09:25:00.934 13504 13627 D RPCS3   : **** cellSync export: (0x4da349b2) at 0x095301c [at:0x0920cb8, rtoc:same-above]:  cellSyncQueueSize
09-25 09:25:00.934 13504 13627 D RPCS3   : **** cellSync export: (0x4da6d7e0) at 0x095300c [at:0x0920924, rtoc:same-above]:  cellSyncQueuePop
09-25 09:25:00.934 13504 13627 D RPCS3   : **** cellSync export: (0x4e88c68d) at 0x09530b4 [at:0x0922708, rtoc:same-above]:  _cellSyncLFQueueCompletePushPointer
09-25 09:25:00.934 13504 13627 D RPCS3   : **** cellSync export: (0x54fc2032) at 0x0953074 [at:0x09219e8, rtoc:same-above]:  _cellSyncLFQueueAttachLv2EventQueue
09-25 09:25:00.934 13504 13627 D RPCS3   : **** cellSync export: (0x5ae841e5) at 0x0952ffc [at:0x0920598, rtoc:same-above]:  cellSyncQueuePush
09-25 09:25:00.934 13504 13627 D RPCS3   : **** cellSync export: (0x68af923c) at 0x0953034 [at:0x09210dc, rtoc:same-above]:  cellSyncQueueTryPeek
09-25 09:25:00.934 13504 13627 D RPCS3   : **** cellSync export: (0x6bb4ef9d) at 0x09530cc [at:0x09230b8, rtoc:same-above]:  _cellSyncLFQueueGetPushPointer2
09-25 09:25:00.934 13504 13627 D RPCS3   : **** cellSync export: (0x6c272124) at 0x0952fcc [at:0x0920288, rtoc:same-above]:  cellSyncBarrierTryWait
09-25 09:25:00.934 13504 13627 D RPCS3   : **** cellSync export: (0x705985cd) at 0x0953004 [at:0x0920754, rtoc:same-above]:  cellSyncQueueTryPush
09-25 09:25:00.934 13504 13627 D RPCS3   : **** cellSync export: (0x74c37666) at 0x09530bc [at:0x0922ae8, rtoc:same-above]:  _cellSyncLFQueueGetPopPointer
09-25 09:25:00.934 13504 13627 D RPCS3   : **** cellSync export: (0x7a51deee) at 0x09530e4 [at:0x0923f28, rtoc:same-above]:  _cellSyncLFQueueCompletePopPointer2
09-25 09:25:00.934 13504 13627 D RPCS3   : **** cellSync export: (0x811d148e) at 0x095307c [at:0x0921de0, rtoc:same-above]:  _cellSyncLFQueueDetachLv2EventQueue
09-25 09:25:00.934 13504 13627 D RPCS3   : **** cellSync export: (0x91f2b7b0) at 0x0952fec [at:0x092048c, rtoc:same-above]:  cellSyncMutexUnlock
09-25 09:25:00.934 13504 13627 D RPCS3   : **** cellSync export: (0xa5362e73) at 0x0953024 [at:0x0920dc0, rtoc:same-above]:  cellSyncQueueClear
09-25 09:25:00.934 13504 13627 D RPCS3   : **** cellSync export: (0xa58df87f) at 0x0953014 [at:0x0920ae8, rtoc:same-above]:  cellSyncQueueTryPop
09-25 09:25:00.934 13504 13627 D RPCS3   : **** cellSync export: (0xa6669751) at 0x0953054 [at:0x09214c0, rtoc:same-above]:  cellSyncRwmTryRead
09-25 09:25:00.934 13504 13627 D RPCS3   : **** cellSync export: (0xa9072dee) at 0x0952fd4 [at:0x0920334, rtoc:same-above]:  cellSyncMutexInitialize
09-25 09:25:00.934 13504 13627 D RPCS3   : **** cellSync export: (0xaa355278) at 0x095308c [at:0x092209c, rtoc:same-above]:  cellSyncLFQueueInitialize
09-25 09:25:00.934 13504 13627 D RPCS3   : **** cellSync export: (0xaff7627a) at 0x09530f4 [at:0x09244c0, rtoc:same-above]:  _cellSyncLFQueueGetSignalAddress
09-25 09:25:00.934 13504 13627 D RPCS3   : **** cellSync export: (0xba5961ca) at 0x0953064 [at:0x09216b4, rtoc:same-above]:  _cellSyncLFQueuePushBody
09-25 09:25:00.934 13504 13627 D RPCS3   : **** cellSync export: (0xba5bee48) at 0x0953044 [at:0x0921328, rtoc:same-above]:  cellSyncRwmTryWrite
09-25 09:25:00.934 13504 13627 D RPCS3   : **** cellSync export: (0xcece771f) at 0x095305c [at:0x09215c0, rtoc:same-above]:  cellSyncRwmRead
09-25 09:25:00.934 13504 13627 D RPCS3   : **** cellSync export: (0xd06918c4) at 0x0952fdc [at:0x0920380, rtoc:same-above]:  cellSyncMutexTryLock
09-25 09:25:00.934 13504 13627 D RPCS3   : **** cellSync export: (0xd59aa307) at 0x09530fc [at:0x0924508, rtoc:same-above]:  cellSyncLFQueueGetDirection
09-25 09:25:00.934 13504 13627 D RPCS3   : **** cellSync export: (0xe18c273c) at 0x09530a4 [at:0x09224ac, rtoc:same-above]:  cellSyncLFQueueDepth
09-25 09:25:00.934 13504 13627 D RPCS3   : **** cellSync export: (0xe1bc7add) at 0x095306c [at:0x0921848, rtoc:same-above]:  _cellSyncLFQueuePopBody
09-25 09:25:00.934 13504 13627 D RPCS3   : **** cellSync export: (0xe9bf2110) at 0x09530ac [at:0x09224f4, rtoc:same-above]:  _cellSyncLFQueueGetPushPointer
09-25 09:25:00.934 13504 13627 D RPCS3   : **** cellSync export: (0xed773f5f) at 0x095304c [at:0x09213f8, rtoc:same-above]:  cellSyncRwmWrite
09-25 09:25:00.934 13504 13627 D RPCS3   : **** cellSync export: (0xf06a6415) at 0x0952fb4 [at:0x0920068, rtoc:same-above]:  cellSyncBarrierNotify
09-25 09:25:00.934 13504 13627 D RPCS3   : **** cellSync export: (0xfc48b03f) at 0x095303c [at:0x09212a4, rtoc:same-above]:  cellSyncRwmInitialize
09-25 09:25:00.934 13504 13627 D RPCS3   : **** cellSync export: (0xfe74e8e7) at 0x09530c4 [at:0x0922d04, rtoc:same-above]:  _cellSyncLFQueueCompletePopPointer
09-25 09:25:00.934 13504 13627 D RPCS3   : ** Exported module 'cellSheap' (vnids=0x1c000002, vstubs=0x90004, fnids=0x93de3c, faddrs=0x93dea4, version=0x2, attributes=0x9, unk4=0x0, unk5=0x0)
09-25 09:25:00.934 13504 13627 D RPCS3   : **** cellSheap export: (0x2452679f) at 0x09531ac [at:0x09261c8, rtoc:0x0095bab0]:  cellKeySheapMutexDelete
09-25 09:25:00.934 13504 13627 D RPCS3   : **** cellSheap export: (0x3478e1e6) at 0x09531a4 [at:0x0926064, rtoc:same-above]:  cellKeySheapMutexNew
09-25 09:25:00.934 13504 13627 D RPCS3   : **** cellSheap export: (0x37968718) at 0x0953164 [at:0x0925910, rtoc:same-above]:  cellSheapQueryMax
09-25 09:25:00.934 13504 13627 D RPCS3   : **** cellSheap export: (0x4a5b9659) at 0x0953194 [at:0x0925dfc, rtoc:same-above]:  cellKeySheapBufferNew
09-25 09:25:00.934 13504 13627 D RPCS3   : **** cellSheap export: (0x4b1383fb) at 0x0953154 [at:0x0925708, rtoc:same-above]:  cellSheapAllocate
09-25 09:25:00.934 13504 13627 D RPCS3   : **** cellSheap export: (0x5c5994bd) at 0x095315c [at:0x0925848, rtoc:same-above]:  cellSheapFree
09-25 09:25:00.934 13504 13627 D RPCS3   : **** cellSheap export: (0x69a5861d) at 0x09531b4 [at:0x09262f8, rtoc:same-above]:  cellKeySheapSemaphoreNew
09-25 09:25:00.934 13504 13627 D RPCS3   : **** cellSheap export: (0x73a45cf8) at 0x09531bc [at:0x0926418, rtoc:same-above]:  cellKeySheapSemaphoreDelete
09-25 09:25:00.934 13504 13627 D RPCS3   : **** cellSheap export: (0x79a6abd0) at 0x09531ec [at:0x0926c24, rtoc:same-above]:  cellKeySheapQueueDelete
09-25 09:25:00.934 13504 13627 D RPCS3   : **** cellSheap export: (0x7fa23275) at 0x095313c [at:0x0925334, rtoc:same-above]:  cellSheapQueryFree
09-25 09:25:00.934 13504 13627 D RPCS3   : **** cellSheap export: (0x987e260e) at 0x09531e4 [at:0x0926a88, rtoc:same-above]:  cellKeySheapQueueNew
09-25 09:25:00.934 13504 13627 D RPCS3   : **** cellSheap export: (0xa1b25841) at 0x0953174 [at:0x09259f4, rtoc:same-above]:  cellKeySheapInitialize
09-25 09:25:00.934 13504 13627 D RPCS3   : **** cellSheap export: (0xbbb47cd8) at 0x095314c [at:0x0925698, rtoc:same-above]:  cellSheapInitialize
09-25 09:25:00.934 13504 13627 D RPCS3   : **** cellSheap export: (0xe6b37362) at 0x095319c [at:0x0925f40, rtoc:same-above]:  cellKeySheapBufferDelete
09-25 09:25:00.934 13504 13627 D RPCS3   : **** cellSheap export: (0xe897c835) at 0x09531c4 [at:0x092653c, rtoc:same-above]:  cellKeySheapBarrierNew
09-25 09:25:00.934 13504 13627 D RPCS3   : **** cellSheap export: (0xed136702) at 0x09531dc [at:0x0926964, rtoc:same-above]:  cellKeySheapRwmDelete
09-25 09:25:00.934 13504 13627 D RPCS3   : **** cellSheap export: (0xf01ac471) at 0x09531d4 [at:0x09267dc, rtoc:same-above]:  cellKeySheapRwmNew
09-25 09:25:00.934 13504 13627 D RPCS3   : **** cellSheap export: (0xf6f5fbca) at 0x09531cc [at:0x09266b8, rtoc:same-above]:  cellKeySheapBarrierDelete
09-25 09:25:00.934 13504 13627 D RPCS3   : ** Exported module 'cellOvis' (vnids=0x1c000002, vstubs=0x90095, fnids=0x93def8, faddrs=0x93df08, version=0x2, attributes=0x9, unk4=0x0, unk5=0x4000000)
09-25 09:25:00.934 13504 13627 D RPCS3   : **** cellOvis export: (0x629ba0c0) at 0x09531f4 [at:0x0926d48, rtoc:0x0095bab0]:  cellOvisInvalidateOverlappedSegments
09-25 09:25:00.934 13504 13627 D RPCS3   : **** cellOvis export: (0x82f294b2) at 0x0953204 [at:0x0926ea0, rtoc:same-above]:  cellOvisGetOverlayTableSize
09-25 09:25:00.934 13504 13627 D RPCS3   : **** cellOvis export: (0xa876c911) at 0x095320c [at:0x0926f8c, rtoc:same-above]:  cellOvisInitializeOverlayTable
09-25 09:25:00.934 13504 13627 D RPCS3   : **** cellOvis export: (0xce6cb776) at 0x09531fc [at:0x0926e90, rtoc:same-above]:  cellOvisFixSpuSegments
09-25 09:25:00.934 13504 13627 D RPCS3   : ** Exported module 'cellSpurs' (vnids=0x1c000002, vstubs=0x90034, fnids=0x93df24, faddrs=0x93e1f8, version=0x2, attributes=0x9, unk4=0x0, unk5=0x2000000)
09-25 09:25:00.934 13504 13627 D RPCS3   : **** cellSpurs export: (0x00af2519) at 0x0953894 [at:0x093806c, rtoc:0x0095bab0]:  cellSpursJobGuardReset
09-25 09:25:00.934 13504 13627 D RPCS3   : **** cellSpurs export: (0x011ee38b) at 0x0953844 [at:0x0937134, rtoc:same-above]:  _cellSpursLFQueueInitialize
09-25 09:25:00.934 13504 13627 D RPCS3   : **** cellSpurs export: (0x039d70b7) at 0x09537f4 [at:0x0936630, rtoc:same-above]:  cellSpursQueueDetachLv2EventQueue
09-25 09:25:00.934 13504 13627 D RPCS3   : **** cellSpurs export: (0x07529113) at 0x0953244 [at:0x092732c, rtoc:same-above]:  cellSpursAttributeSetNamePrefix
09-25 09:25:00.934 13504 13627 D RPCS3   : **** cellSpurs export: (0x082bfb09) at 0x09537ec [at:0x09364c0, rtoc:same-above]:  _cellSpursQueueInitialize
09-25 09:25:00.934 13504 13627 D RPCS3   : **** cellSpurs export: (0x0eb4bc38) at 0x09532ec [at:0x092979c, rtoc:same-above]:  cellSpursWorkloadAttributeSetShutdownCompletionEventHook
09-25 09:25:00.934 13504 13627 D RPCS3   : **** cellSpurs export: (0x1051d134) at 0x0953234 [at:0x0927248, rtoc:same-above]:  cellSpursAttributeEnableSpuPrintfIfAvailable
09-25 09:25:00.934 13504 13627 D RPCS3   : **** cellSpurs export: (0x13ae18f3) at 0x09536cc [at:0x0933a88, rtoc:same-above]:  cellSpursTaskExitCodeGet
09-25 09:25:00.934 13504 13627 D RPCS3   : **** cellSpurs export: (0x161da6a7) at 0x095392c [at:0x09391b8, rtoc:same-above]:  cellSpursJobChainGetError
09-25 09:25:00.934 13504 13627 D RPCS3   : **** cellSpurs export: (0x16394a4e) at 0x0953724 [at:0x0934408, rtoc:same-above]:  _cellSpursTasksetAttributeInitialize
09-25 09:25:00.934 13504 13627 D RPCS3   : **** cellSpurs export: (0x1656d49f) at 0x095385c [at:0x09374f8, rtoc:same-above]:  cellSpursLFQueueAttachLv2EventQueue
09-25 09:25:00.934 13504 13627 D RPCS3   : **** cellSpurs export: (0x17001000) at 0x09538ac [at:0x093826c, rtoc:same-above]:  cellSpursAddUrgentCommand
09-25 09:25:00.934 13504 13627 D RPCS3   : **** cellSpurs export: (0x182d9890) at 0x095335c [at:0x092ae80, rtoc:same-above]:  cellSpursRequestIdleSpu
09-25 09:25:00.934 13504 13627 D RPCS3   : **** cellSpurs export: (0x1d2bca4b) at 0x095332c [at:0x092a750, rtoc:same-above]:  cellSpursSendWorkloadSignal
09-25 09:25:00.934 13504 13627 D RPCS3   : **** cellSpurs export: (0x1d344406) at 0x09536fc [at:0x0933fe0, rtoc:same-above]:  cellSpursTaskGetLoadableSegmentPattern
09-25 09:25:00.934 13504 13627 D RPCS3   : **** cellSpurs export: (0x1d46fedf) at 0x0953624 [at:0x0932310, rtoc:same-above]:  cellSpursCreateTaskWithAttribute
09-25 09:25:00.934 13504 13627 D RPCS3   : **** cellSpurs export: (0x1ebcf459) at 0x095377c [at:0x0934ff4, rtoc:same-above]:  cellSpursDestroyTaskset2
09-25 09:25:00.934 13504 13627 D RPCS3   : **** cellSpurs export: (0x1f402f8f) at 0x09534cc [at:0x092e648, rtoc:same-above]:  cellSpursGetInfo
09-25 09:25:00.934 13504 13627 D RPCS3   : **** cellSpurs export: (0x2093252b) at 0x095382c [at:0x093705c, rtoc:same-above]:  cellSpursQueueGetTasksetAddress
09-25 09:25:00.934 13504 13627 D RPCS3   : **** cellSpurs export: (0x22aab31d) at 0x09537a4 [at:0x0935aa4, rtoc:same-above]:  cellSpursEventFlagDetachLv2EventQueue
09-25 09:25:00.934 13504 13627 D RPCS3   : **** cellSpurs export: (0x247414d0) at 0x0953804 [at:0x0936868, rtoc:same-above]:  cellSpursQueueClear
09-25 09:25:00.934 13504 13627 D RPCS3   : **** cellSpurs export: (0x2cfccb99) at 0x09538e4 [at:0x09387b0, rtoc:same-above]:  cellSpursJobChainAttributeSetJobTypeMemoryCheck
09-25 09:25:00.934 13504 13627 D RPCS3   : **** cellSpurs export: (0x2ddbcc0a) at 0x095353c [at:0x092f3a0, rtoc:same-above]:  _cellSpursWorkloadFlagReceiver2
09-25 09:25:00.934 13504 13627 D RPCS3   : **** cellSpurs export: (0x2edcff92) at 0x095366c [at:0x0933230, rtoc:same-above]:  cellSpursTasksetSetExceptionEventHandler
09-25 09:25:00.934 13504 13627 D RPCS3   : **** cellSpurs export: (0x303c19cd) at 0x09538f4 [at:0x0938a98, rtoc:same-above]:  cellSpursCreateJobChainWithAttribute
09-25 09:25:00.934 13504 13627 D RPCS3   : **** cellSpurs export: (0x30aa96c4) at 0x095326c [at:0x09283ac, rtoc:same-above]:  cellSpursInitializeWithAttribute2
09-25 09:25:00.934 13504 13627 D RPCS3   : **** cellSpurs export: (0x31f5196b) at 0x095356c [at:0x092f854, rtoc:same-above]:  cellSpursRemoveSystemWorkloadForUtility
09-25 09:25:00.934 13504 13627 D RPCS3   : **** cellSpurs export: (0x32b94add) at 0x095349c [at:0x092ddc8, rtoc:same-above]:  cellSpursEnableExceptionEventHandler
09-25 09:25:00.934 13504 13627 D RPCS3   : **** cellSpurs export: (0x34552fa6) at 0x095369c [at:0x0933638, rtoc:same-above]:  cellSpursTaskExitCodeInitialize
09-25 09:25:00.934 13504 13627 D RPCS3   : **** cellSpurs export: (0x3548f483) at 0x09538cc [at:0x0938568, rtoc:same-above]:  _cellSpursJobChainAttributeInitialize
09-25 09:25:00.934 13504 13627 D RPCS3   : **** cellSpurs export: (0x35dae22b) at 0x0953854 [at:0x0937344, rtoc:same-above]:  _cellSpursLFQueuePopBody
09-25 09:25:00.934 13504 13627 D RPCS3   : **** cellSpurs export: (0x35f02287) at 0x0953814 [at:0x0936988, rtoc:same-above]:  cellSpursQueueDepth
09-25 09:25:00.934 13504 13627 D RPCS3   : **** cellSpurs export: (0x369fe03d) at 0x095383c [at:0x09370ec, rtoc:same-above]:  cellSpursQueueGetEntrySize
09-25 09:25:00.934 13504 13627 D RPCS3   : **** cellSpurs export: (0x373523d4) at 0x09537b4 [at:0x0935f74, rtoc:same-above]:  cellSpursEventFlagWait
09-25 09:25:00.934 13504 13627 D RPCS3   : **** cellSpurs export: (0x39c173fb) at 0x095329c [at:0x0928c28, rtoc:same-above]:  cellSpursGetSpuThreadGroupId
09-25 09:25:00.934 13504 13627 D RPCS3   : **** cellSpurs export: (0x494613c7) at 0x095396c [at:0x093aa0c, rtoc:same-above]:  cellSpursJobChainGetSpursAddress
09-25 09:25:00.934 13504 13627 D RPCS3   : **** cellSpurs export: (0x49a3426d) at 0x0953354 [at:0x092ad2c, rtoc:same-above]:  cellSpursReadyCountSwap
09-25 09:25:00.934 13504 13627 D RPCS3   : **** cellSpurs export: (0x4a5eab63) at 0x09532e4 [at:0x092975c, rtoc:same-above]:  cellSpursWorkloadAttributeSetName
09-25 09:25:00.934 13504 13627 D RPCS3   : **** cellSpurs export: (0x4a6465e3) at 0x0953784 [at:0x0935214, rtoc:same-above]:  cellSpursCreateTaskset2
09-25 09:25:00.934 13504 13627 D RPCS3   : **** cellSpurs export: (0x4ac7bae4) at 0x09537c4 [at:0x0935fa8, rtoc:same-above]:  cellSpursEventFlagClear
09-25 09:25:00.934 13504 13627 D RPCS3   : **** cellSpurs export: (0x4c75deb8) at 0x0953484 [at:0x092d884, rtoc:same-above]:  cellSpursUnsetExceptionEventHandler
09-25 09:25:00.934 13504 13627 D RPCS3   : **** cellSpurs export: (0x4cce88a9) at 0x0953684 [at:0x09334b8, rtoc:same-above]:  cellSpursLookUpTasksetAddress
09-25 09:25:00.934 13504 13627 D RPCS3   : **** cellSpurs export: (0x4ceb9694) at 0x0953964 [at:0x093a8ac, rtoc:same-above]:  cellSpursGetJobChainInfo
09-25 09:25:00.934 13504 13627 D RPCS3   : **** cellSpurs export: (0x4d1e9373) at 0x09537dc [at:0x093641c, rtoc:same-above]:  cellSpursEventFlagGetClearMode
09-25 09:25:00.934 13504 13627 D RPCS3   : **** cellSpurs export: (0x4de203e2) at 0x095355c [at:0x092f6ac, rtoc:same-above]:  cellSpursSetPreemptionVictimHints
09-25 09:25:00.934 13504 13627 D RPCS3   : **** cellSpurs export: (0x4e153e3e) at 0x09534d4 [at:0x092e814, rtoc:same-above]:  cellSpursGetWorkloadInfo
09-25 09:25:00.934 13504 13627 D RPCS3   : **** cellSpurs export: (0x4e66d483) at 0x095338c [at:0x092b23c, rtoc:same-above]:  cellSpursDetachLv2EventQueue
09-25 09:25:00.934 13504 13627 D RPCS3   : **** cellSpurs export: (0x5202e53b) at 0x095394c [at:0x093a6ac, rtoc:same-above]:  cellSpursJobChainSetExceptionEventHandler
09-25 09:25:00.934 13504 13627 D RPCS3   : **** cellSpurs export: (0x52cc6c82) at 0x0953764 [at:0x0934dc4, rtoc:same-above]:  cellSpursCreateTaskset
09-25 09:25:00.934 13504 13627 D RPCS3   : **** cellSpurs export: (0x54876603) at 0x095380c [at:0x09368fc, rtoc:same-above]:  cellSpursQueueSize
09-25 09:25:00.934 13504 13627 D RPCS3   : **** cellSpurs export: (0x568b2352) at 0x095388c [at:0x0938024, rtoc:same-above]:  cellSpursSemaphoreGetTasksetAddress
09-25 09:25:00.934 13504 13627 D RPCS3   : **** cellSpurs export: (0x569674e3) at 0x0953424 [at:0x092d04c, rtoc:same-above]:  cellSpursTraceInitialize
09-25 09:25:00.934 13504 13627 D RPCS3   : **** cellSpurs export: (0x57e4dec3) at 0x0953324 [at:0x092a50c, rtoc:same-above]:  cellSpursRemoveWorkload
09-25 09:25:00.934 13504 13627 D RPCS3   : **** cellSpurs export: (0x58d58fcf) at 0x095372c [at:0x0934514, rtoc:same-above]:  cellSpursTasksetGetSpursAddress
09-25 09:25:00.934 13504 13627 D RPCS3   : **** cellSpurs export: (0x5c3a614c) at 0x0953224 [at:0x092714c, rtoc:same-above]:  0x5C3A614C
09-25 09:25:00.934 13504 13627 D RPCS3   : **** cellSpurs export: (0x5ef96465) at 0x0953794 [at:0x0935758, rtoc:same-above]:  _cellSpursEventFlagInitialize
09-25 09:25:00.934 13504 13627 D RPCS3   : **** cellSpurs export: (0x5fd43fe4) at 0x095331c [at:0x092a304, rtoc:same-above]:  cellSpursWaitForWorkloadShutdown
09-25 09:25:00.934 13504 13627 D RPCS3   : **** cellSpurs export: (0x60eb2dec) at 0x09538fc [at:0x0938c90, rtoc:same-above]:  cellSpursCreateJobChain
09-25 09:25:00.934 13504 13627 D RPCS3   : **** cellSpurs export: (0x652b70e2) at 0x095370c [at:0x093431c, rtoc:same-above]:  cellSpursTasksetAttributeSetName
09-25 09:25:00.934 13504 13627 D RPCS3   : **** cellSpurs export: (0x68aaeba9) at 0x09538a4 [at:0x0938188, rtoc:same-above]:  cellSpursJobGuardInitialize
09-25 09:25:00.934 13504 13627 D RPCS3   : **** cellSpurs export: (0x69726aa2) at 0x0953304 [at:0x0929fc8, rtoc:same-above]:  cellSpursAddWorkload
09-25 09:25:00.934 13504 13627 D RPCS3   : **** cellSpurs export: (0x6aa76999) at 0x0953954 [at:0x093a720, rtoc:same-above]:  cellSpursJobChainUnsetExceptionEventHandler
09-25 09:25:00.934 13504 13627 D RPCS3   : **** cellSpurs export: (0x6c960f6d) at 0x0953294 [at:0x0928b90, rtoc:same-above]:  cellSpursGetSpuThreadId
09-25 09:25:00.934 13504 13627 D RPCS3   : **** cellSpurs export: (0x6d2d9339) at 0x09537bc [at:0x0935f7c, rtoc:same-above]:  cellSpursEventFlagTryWait
09-25 09:25:00.934 13504 13627 D RPCS3   : **** cellSpurs export: (0x6fcdf6e3) at 0x095352c [at:0x092f0b8, rtoc:same-above]:  cellSpursGetSpuGuid
09-25 09:25:00.934 13504 13627 D RPCS3   : **** cellSpurs export: (0x7025a5ec) at 0x09535a4 [at:0x0930970, rtoc:same-above]:  0x7025A5EC
09-25 09:25:00.934 13504 13627 D RPCS3   : **** cellSpurs export: (0x738e40e6) at 0x0953904 [at:0x0938e38, rtoc:same-above]:  cellSpursShutdownJobChain
09-25 09:25:00.934 13504 13627 D RPCS3   : **** cellSpurs export: (0x73e06f91) at 0x0953864 [at:0x09378d8, rtoc:same-above]:  cellSpursLFQueueDetachLv2EventQueue
09-25 09:25:00.934 13504 13627 D RPCS3   : **** cellSpurs export: (0x7517724a) at 0x095347c [at:0x092d7d8, rtoc:same-above]:  cellSpursSetGlobalExceptionEventHandler
09-25 09:25:00.934 13504 13627 D RPCS3   : **** cellSpurs export: (0x75211196) at 0x095333c [at:0x092a960, rtoc:same-above]:  cellSpursReadyCountAdd
09-25 09:25:00.934 13504 13627 D RPCS3   : **** cellSpurs export: (0x77cdac0c) at 0x0953884 [at:0x0937f04, rtoc:same-above]:  _cellSpursSemaphoreInitialize
09-25 09:25:00.934 13504 13627 D RPCS3   : **** cellSpurs export: (0x7b9cbb74) at 0x09533f4 [at:0x092ccd8, rtoc:same-above]:  cellSpursTraceFinalize
09-25 09:25:00.934 13504 13627 D RPCS3   : **** cellSpurs export: (0x7cb33c2e) at 0x09536f4 [at:0x0933e08, rtoc:same-above]:  cellSpursTaskGetReadOnlyAreaPattern
09-25 09:25:00.934 13504 13627 D RPCS3   : **** cellSpurs export: (0x7e4ea023) at 0x0953284 [at:0x09285d0, rtoc:same-above]:  cellSpursWakeUp
09-25 09:25:00.934 13504 13627 D RPCS3   : **** cellSpurs export: (0x7fdf4fef) at 0x0953874 [at:0x0937de4, rtoc:same-above]:  cellSpursBarrierInitialize
09-25 09:25:00.934 13504 13627 D RPCS3   : **** cellSpurs export: (0x80a29e27) at 0x09532ac [at:0x0928cb8, rtoc:same-above]:  cellSpursSetPriorities
09-25 09:25:00.934 13504 13627 D RPCS3   : **** cellSpurs export: (0x82275c1c) at 0x095321c [at:0x09270f0, rtoc:same-above]:  cellSpursAttributeSetMemoryContainerForSpuThread
09-25 09:25:00.934 13504 13627 D RPCS3   : **** cellSpurs export: (0x838fa4f0) at 0x0953604 [at:0x0931854, rtoc:same-above]:  cellSpursTryJoinTask2
09-25 09:25:00.934 13504 13627 D RPCS3   : **** cellSpurs export: (0x84d2f6d5) at 0x09532bc [at:0x0928f88, rtoc:same-above]:  cellSpursSetMaxContention
09-25 09:25:00.934 13504 13627 D RPCS3   : **** cellSpurs export: (0x861237f8) at 0x0953474 [at:0x092d77c, rtoc:same-above]:  cellSpursUnsetGlobalExceptionEventHandler
09-25 09:25:00.934 13504 13627 D RPCS3   : **** cellSpurs export: (0x86c864a2) at 0x0953924 [at:0x0939170, rtoc:same-above]:  cellSpursGetJobChainId
09-25 09:25:00.934 13504 13627 D RPCS3   : **** cellSpurs export: (0x87630976) at 0x095379c [at:0x09358c4, rtoc:same-above]:  cellSpursEventFlagAttachLv2EventQueue
09-25 09:25:00.934 13504 13627 D RPCS3   : **** cellSpurs export: (0x890f9e5a) at 0x09537d4 [at:0x09363d0, rtoc:same-above]:  cellSpursEventFlagGetDirection
09-25 09:25:00.934 13504 13627 D RPCS3   : **** cellSpurs export: (0x8a85674d) at 0x095384c [at:0x09371b8, rtoc:same-above]:  _cellSpursLFQueuePushBody
09-25 09:25:00.934 13504 13627 D RPCS3   : **** cellSpurs export: (0x8adadf65) at 0x09535cc [at:0x0930c0c, rtoc:same-above]:  _cellSpursTaskAttribute2Initialize
09-25 09:25:00.934 13504 13627 D RPCS3   : **** cellSpurs export: (0x8f122ef8) at 0x0953714 [at:0x0934360, rtoc:same-above]:  cellSpursTasksetAttributeSetTasksetSize
09-25 09:25:00.934 13504 13627 D RPCS3   : **** cellSpurs export: (0x8fdf50b2) at 0x09538b4 [at:0x0938348, rtoc:same-above]:  cellSpursAddUrgentCall
09-25 09:25:00.934 13504 13627 D RPCS3   : **** cellSpurs export: (0x9034e538) at 0x0953704 [at:0x09341a8, rtoc:same-above]:  cellSpursTaskGetContextSaveAreaSize
09-25 09:25:00.934 13504 13627 D RPCS3   : **** cellSpurs export: (0x90c82bfc) at 0x0953264 [at:0x0928328, rtoc:same-above]:  0x90C82BFC
09-25 09:25:00.934 13504 13627 D RPCS3   : **** cellSpurs export: (0x91066667) at 0x0953824 [at:0x0936cfc, rtoc:same-above]:  cellSpursQueuePopBody
09-25 09:25:00.934 13504 13627 D RPCS3   : **** cellSpurs export: (0x9197915f) at 0x09536ec [at:0x0933c84, rtoc:same-above]:  cellSpursTaskGenerateLsPattern
09-25 09:25:00.934 13504 13627 D RPCS3   : **** cellSpurs export: (0x92cff6ed) at 0x095381c [at:0x09369d0, rtoc:same-above]:  cellSpursQueuePushBody
09-25 09:25:00.934 13504 13627 D RPCS3   : **** cellSpurs export: (0x94034c95) at 0x0953674 [at:0x09332a0, rtoc:same-above]:  cellSpursTasksetUnsetExceptionEventHandler
09-25 09:25:00.934 13504 13627 D RPCS3   : **** cellSpurs export: (0x947efb0b) at 0x09537e4 [at:0x0936468, rtoc:same-above]:  cellSpursEventFlagGetTasksetAddress
09-25 09:25:00.934 13504 13627 D RPCS3   : **** cellSpurs export: (0x95180230) at 0x095324c [at:0x09273c4, rtoc:same-above]:  _cellSpursAttributeInitialize
09-25 09:25:00.934 13504 13627 D RPCS3   : **** cellSpurs export: (0x97a2f6c8) at 0x0953984 [at:0x093ae64, rtoc:same-above]:  cellSpursJobHeaderSetJobbin2Param
09-25 09:25:00.934 13504 13627 D RPCS3   : **** cellSpurs export: (0x98d5b343) at 0x0953314 [at:0x092a158, rtoc:same-above]:  cellSpursShutdownWorkload
09-25 09:25:00.934 13504 13627 D RPCS3   : **** cellSpurs export: (0x9aeb5432) at 0x095387c [at:0x0937ebc, rtoc:same-above]:  cellSpursBarrierGetTasksetAddress
09-25 09:25:00.934 13504 13627 D RPCS3   : **** cellSpurs export: (0x9dcbcb5d) at 0x095354c [at:0x092f518, rtoc:same-above]:  cellSpursAttributeEnableSystemWorkload
09-25 09:25:00.934 13504 13627 D RPCS3   : **** cellSpurs export: (0x9f72add3) at 0x095378c [at:0x0935404, rtoc:same-above]:  cellSpursJoinTaskset
09-25 09:25:00.934 13504 13627 D RPCS3   : **** cellSpurs export: (0x9fcb567b) at 0x0953734 [at:0x0934568, rtoc:same-above]:  cellSpursGetTasksetInfo
09-25 09:25:00.934 13504 13627 D RPCS3   : **** cellSpurs export: (0x9fef70c2) at 0x09538d4 [at:0x0938728, rtoc:same-above]:  cellSpursJobChainAttributeSetName
09-25 09:25:00.934 13504 13627 D RPCS3   : **** cellSpurs export: (0xa121a224) at 0x09535c4 [at:0x0930ba4, rtoc:same-above]:  cellSpursTaskAttributeSetExitCodeContainer
09-25 09:25:00.934 13504 13627 D RPCS3   : **** cellSpurs export: (0xa73bf47e) at 0x0953534 [at:0x092f260, rtoc:same-above]:  _cellSpursWorkloadFlagReceiver
09-25 09:25:00.934 13504 13627 D RPCS3   : **** cellSpurs export: (0xa789e631) at 0x095374c [at:0x0934974, rtoc:same-above]:  cellSpursShutdownTaskset
09-25 09:25:00.934 13504 13627 D RPCS3   : **** cellSpurs export: (0xa7a94892) at 0x09535f4 [at:0x0931484, rtoc:same-above]:  cellSpursJoinTask2
09-25 09:25:00.934 13504 13627 D RPCS3   : **** cellSpurs export: (0xa7c066de) at 0x095390c [at:0x0938ebc, rtoc:same-above]:  cellSpursJoinJobChain
09-25 09:25:00.934 13504 13627 D RPCS3   : **** cellSpurs export: (0xa7f9e716) at 0x0953334 [at:0x092a884, rtoc:same-above]:  cellSpursGetWorkloadData
09-25 09:25:00.934 13504 13627 D RPCS3   : **** cellSpurs export: (0xa839a4d9) at 0x095322c [at:0x09271c0, rtoc:same-above]:  cellSpursAttributeSetSpuThreadGroupType
09-25 09:25:00.934 13504 13627 D RPCS3   : **** cellSpurs export: (0xaa6269a8) at 0x0953274 [at:0x0928494, rtoc:same-above]:  cellSpursInitializeWithAttribute
09-25 09:25:00.934 13504 13627 D RPCS3   : **** cellSpurs export: (0xacfc8dbc) at 0x095327c [at:0x0928578, rtoc:same-above]:  cellSpursInitialize
09-25 09:25:00.934 13504 13627 D RPCS3   : **** cellSpurs export: (0xb52e1bda) at 0x09532b4 [at:0x0928e84, rtoc:same-above]:  cellSpursSetPriority
09-25 09:25:00.934 13504 13627 D RPCS3   : **** cellSpurs export: (0xb55782f9) at 0x095323c [at:0x092728c, rtoc:same-above]:  0xB55782F9
09-25 09:25:00.934 13504 13627 D RPCS3   : **** cellSpurs export: (0xb792ca1a) at 0x095386c [at:0x0937d40, rtoc:same-above]:  cellSpursLFQueueGetTasksetAddress
09-25 09:25:00.934 13504 13627 D RPCS3   : **** cellSpurs export: (0xb8474eff) at 0x09535dc [at:0x0930d3c, rtoc:same-above]:  _cellSpursTaskAttributeInitialize
09-25 09:25:00.934 13504 13627 D RPCS3   : **** cellSpurs export: (0xb9bc6207) at 0x0953374 [at:0x092b0d8, rtoc:same-above]:  cellSpursAttachLv2EventQueue
09-25 09:25:00.934 13504 13627 D RPCS3   : **** cellSpurs export: (0xbac24478) at 0x095359c [at:0x09308a8, rtoc:same-above]:  0xBAC24478
09-25 09:25:00.934 13504 13627 D RPCS3   : **** cellSpurs export: (0xbb68d76e) at 0x09538dc [at:0x093876c, rtoc:same-above]:  cellSpursJobChainAttributeSetHaltOnError
09-25 09:25:00.934 13504 13627 D RPCS3   : **** cellSpurs export: (0xbdcb78a5) at 0x09539a4 [at:0x093b490, rtoc:same-above]:  0xBDCB78A5
09-25 09:25:00.934 13504 13627 D RPCS3   : **** cellSpurs export: (0xbeb600ac) at 0x095362c [at:0x0932520, rtoc:same-above]:  cellSpursCreateTask
09-25 09:25:00.934 13504 13627 D RPCS3   : **** cellSpurs export: (0xbfea60fa) at 0x0953914 [at:0x0938f98, rtoc:same-above]:  cellSpursKickJobChain
09-25 09:25:00.934 13504 13627 D RPCS3   : **** cellSpurs export: (0xc0158d8b) at 0x09532fc [at:0x0929f0c, rtoc:same-above]:  cellSpursAddWorkloadWithAttribute
09-25 09:25:00.934 13504 13627 D RPCS3   : **** cellSpurs export: (0xc10931cb) at 0x095375c [at:0x0934cf8, rtoc:same-above]:  cellSpursCreateTasksetWithAttribute
09-25 09:25:00.934 13504 13627 D RPCS3   : **** cellSpurs export: (0xc2acdf43) at 0x095373c [at:0x0934858, rtoc:same-above]:  _cellSpursTasksetAttribute2Initialize
09-25 09:25:00.934 13504 13627 D RPCS3   : **** cellSpurs export: (0xc56defb5) at 0x09532a4 [at:0x0928c70, rtoc:same-above]:  cellSpursGetNumSpuThread
09-25 09:25:00.934 13504 13627 D RPCS3   : **** cellSpurs export: (0xc765b995) at 0x095350c [at:0x092ed08, rtoc:same-above]:  cellSpursGetWorkloadFlag
09-25 09:25:00.934 13504 13627 D RPCS3   : **** cellSpurs export: (0xca4c4600) at 0x095328c [at:0x0928660, rtoc:same-above]:  cellSpursFinalize
09-25 09:25:00.934 13504 13627 D RPCS3   : **** cellSpurs export: (0xce853fbf) at 0x0953414 [at:0x092ce98, rtoc:same-above]:  cellSpursTraceStart
09-25 09:25:00.934 13504 13627 D RPCS3   : **** cellSpurs export: (0xd2e23fa9) at 0x0953494 [at:0x092dc5c, rtoc:same-above]:  cellSpursSetExceptionEventHandler
09-25 09:25:00.934 13504 13627 D RPCS3   : **** cellSpurs export: (0xd5d0b256) at 0x095389c [at:0x09380b0, rtoc:same-above]:  cellSpursJobGuardNotify
09-25 09:25:00.934 13504 13627 D RPCS3   : **** cellSpurs export: (0xd86380d8) at 0x0953974 [at:0x093aa60, rtoc:same-above]:  cellSpursGetJobPipelineInfo
09-25 09:25:00.934 13504 13627 D RPCS3   : **** cellSpurs export: (0xd9a9c592) at 0x095357c [at:0x092fba8, rtoc:same-above]:  0xD9A9C592
09-25 09:25:00.934 13504 13627 D RPCS3   : **** cellSpurs export: (0xdca13593) at 0x095371c [at:0x09343b8, rtoc:same-above]:  cellSpursTasksetAttributeEnableClearLS
09-25 09:25:00.934 13504 13627 D RPCS3   : **** cellSpurs export: (0xddc81b5a) at 0x0953404 [at:0x092cdd4, rtoc:same-above]:  cellSpursTraceStop
09-25 09:25:00.934 13504 13627 D RPCS3   : **** cellSpurs export: (0xe0a6dbe4) at 0x0953634 [at:0x09325d8, rtoc:same-above]:  _cellSpursSendSignal
09-25 09:25:00.934 13504 13627 D RPCS3   : **** cellSpurs export: (0xe14ca62d) at 0x0953614 [at:0x0931f60, rtoc:same-above]:  cellSpursCreateTask2
09-25 09:25:00.934 13504 13627 D RPCS3   : **** cellSpurs export: (0xe279681f) at 0x0953554 [at:0x092f664, rtoc:same-above]:  0xE279681F
09-25 09:25:00.934 13504 13627 D RPCS3   : **** cellSpurs export: (0xe4944a1c) at 0x095361c [at:0x09321ec, rtoc:same-above]:  cellSpursCreateTask2WithBinInfo
09-25 09:25:00.934 13504 13627 D RPCS3   : **** cellSpurs export: (0xe5443be7) at 0x09537fc [at:0x0936778, rtoc:same-above]:  cellSpursQueueAttachLv2EventQueue
09-25 09:25:00.934 13504 13627 D RPCS3   : **** cellSpurs export: (0xe717ac73) at 0x09536c4 [at:0x0933a80, rtoc:same-above]:  cellSpursTaskExitCodeTryGet
09-25 09:25:00.934 13504 13627 D RPCS3   : **** cellSpurs export: (0xe7b0e69a) at 0x095397c [at:0x093ad94, rtoc:same-above]:  cellSpursJobSetMaxGrab
09-25 09:25:00.934 13504 13627 D RPCS3   : **** cellSpurs export: (0xe7dd87e1) at 0x0953774 [at:0x0934fac, rtoc:same-above]:  cellSpursGetTasksetId
09-25 09:25:00.935 13504 13627 D RPCS3   : **** cellSpurs export: (0xec68442c) at 0x0953834 [at:0x09370a4, rtoc:same-above]:  cellSpursQueueGetDirection
09-25 09:25:00.935 13504 13627 D RPCS3   : **** cellSpurs export: (0xefeb2679) at 0x095330c [at:0x092a000, rtoc:same-above]:  _cellSpursWorkloadAttributeInitialize
09-25 09:25:00.935 13504 13627 D RPCS3   : **** cellSpurs export: (0xf1bf099f) at 0x09539ac [at:0x093b750, rtoc:same-above]:  0xF1BF099F
09-25 09:25:00.935 13504 13627 D RPCS3   : **** cellSpurs export: (0xf1d3552d) at 0x0953344 [at:0x092aac4, rtoc:same-above]:  cellSpursReadyCountCompareAndSwap
09-25 09:25:00.935 13504 13627 D RPCS3   : **** cellSpurs export: (0xf31731bb) at 0x095391c [at:0x09390a0, rtoc:same-above]:  cellSpursRunJobChain
09-25 09:25:00.935 13504 13627 D RPCS3   : **** cellSpurs export: (0xf5507729) at 0x09537cc [at:0x0936010, rtoc:same-above]:  cellSpursEventFlagSet
09-25 09:25:00.935 13504 13627 D RPCS3   : **** cellSpurs export: (0xf843818d) at 0x095334c [at:0x092ac24, rtoc:same-above]:  cellSpursReadyCountStore
09-25 09:25:00.935 13504 13627 D RPCS3   : ** Exported module 'cellDaisy' (vnids=0x1c000001, vstubs=0x90002, fnids=0x93e458, faddrs=0x93e548, version=0x2, attributes=0x9, unk4=0x0, unk5=0x0)
09-25 09:25:00.935 13504 13627 D RPCS3   : **** cellDaisy export: (0x0563627c) at 0x0953a64 [at:0x093cf6c, rtoc:0x0095bab0]:  _ZN4cell5Daisy17LFQueue2PushCloseEPNS0_8LFQueue2EPFiPvjE
09-25 09:25:00.935 13504 13627 D RPCS3   : **** cellDaisy export: (0x0d219671) at 0x0953a4c [at:0x093cab4, rtoc:same-above]:  _ZN4cell5Daisy21LFQueue2GetPopPointerEPNS0_8LFQueue2EPij
09-25 09:25:00.935 13504 13627 D RPCS3   : **** cellDaisy export: (0x163dafeb) at 0x0953a34 [at:0x093c95c, rtoc:same-above]:  _QN4cell5Daisy4Lock15completeConsumeEj
09-25 09:25:00.935 13504 13627 D RPCS3   : **** cellDaisy export: (0x17348ba6) at 0x0953a44 [at:0x093ca6c, rtoc:same-above]:  _QN4cell5Daisy9_snprintfEPcjPKcz
09-25 09:25:00.935 13504 13627 D RPCS3   : **** cellDaisy export: (0x17c35cc9) at 0x0953a14 [at:0x093c788, rtoc:same-above]:  _ZN4cell5Daisy4Lock7popOpenEv
09-25 09:25:00.935 13504 13627 D RPCS3   : **** cellDaisy export: (0x1bbcb5b9) at 0x0953a54 [at:0x093cca8, rtoc:same-above]:  _ZN4cell5Daisy26LFQueue2CompletePopPointerEPNS0_8LFQueue2EiPFiPvjEj
09-25 09:25:00.935 13504 13627 D RPCS3   : **** cellDaisy export: (0x1ce8c914) at 0x09539d4 [at:0x093ba1c, rtoc:same-above]:  _ZN4cell5Daisy22ScatterGatherInterlock7releaseEv
09-25 09:25:00.935 13504 13627 D RPCS3   : **** cellDaisy export: (0x1cf82d42) at 0x0953a14 [at:0x093c788, rtoc:same-above]:  _QN4cell5Daisy4Lock7popOpenEv
09-25 09:25:00.935 13504 13627 D RPCS3   : **** cellDaisy export: (0x1e5b1e23) at 0x09539e4 [at:0x093bf9c, rtoc:same-above]:  _ZN4cell5Daisy22ScatterGatherInterlockC1EPVNS0_16_AtomicInterlockEjPjjh
09-25 09:25:00.935 13504 13627 D RPCS3   : **** cellDaisy export: (0x20586bc0) at 0x09539e4 [at:0x093bf9c, rtoc:same-above]:  _QN4cell5Daisy22ScatterGatherInterlockC1EPVNS0_16_AtomicInterlockEjPjjh
09-25 09:25:00.935 13504 13627 D RPCS3   : **** cellDaisy export: (0x28acb77f) at 0x0953a44 [at:0x093ca6c, rtoc:same-above]:  _ZN4cell5Daisy9_snprintfEPcjPKcz
09-25 09:25:00.935 13504 13627 D RPCS3   : **** cellDaisy export: (0x2be4dde1) at 0x0953a7c [at:0x093d224, rtoc:same-above]:  _ZN4cell5Daisy29LFQueue2HasUnfinishedConsumerEPNS0_8LFQueue2Ej
09-25 09:25:00.935 13504 13627 D RPCS3   : **** cellDaisy export: (0x2c967aa1) at 0x0953a24 [at:0x093c7b8, rtoc:same-above]:  _ZN4cell5Daisy4Lock18getNextHeadPointerEv
09-25 09:25:00.935 13504 13627 D RPCS3   : **** cellDaisy export: (0x2e8654f8) at 0x09539fc [at:0x093c6f0, rtoc:same-above]:  _ZN4cell5Daisy4Lock10initializeEj
09-25 09:25:00.935 13504 13627 D RPCS3   : **** cellDaisy export: (0x3190dfe4) at 0x09539bc [at:0x093b850, rtoc:same-above]:  _ZN4cell5Daisy22ScatterGatherInterlockC1EPVNS0_16_AtomicInterlockEjPvPFiS5_jE
09-25 09:25:00.935 13504 13627 D RPCS3   : **** cellDaisy export: (0x34234bf0) at 0x09539dc [at:0x093bca0, rtoc:same-above]:  _ZN4cell5Daisy22ScatterGatherInterlockC2EPVNS0_16_AtomicInterlockEjPjjh
09-25 09:25:00.935 13504 13627 D RPCS3   : **** cellDaisy export: (0x41df5d21) at 0x0953a3c [at:0x093c9dc, rtoc:same-above]:  _ZN4cell5Daisy4Lock15completeProduceEj
09-25 09:25:00.935 13504 13627 D RPCS3   : **** cellDaisy export: (0x437151f0) at 0x0953a5c [at:0x093cef4, rtoc:same-above]:  _QN4cell5Daisy16LFQueue2PushOpenEPNS0_8LFQueue2E
09-25 09:25:00.935 13504 13627 D RPCS3   : **** cellDaisy export: (0x43838c2a) at 0x0953a74 [at:0x093d160, rtoc:same-above]:  _QN4cell5Daisy16LFQueue2PopCloseEPNS0_8LFQueue2EPFiPvjE
09-25 09:25:00.935 13504 13627 D RPCS3   : **** cellDaisy export: (0x4c34ec38) at 0x0953a1c [at:0x093c798, rtoc:same-above]:  _QN4cell5Daisy4Lock8popCloseEv
09-25 09:25:00.935 13504 13627 D RPCS3   : **** cellDaisy export: (0x566c9460) at 0x0953a1c [at:0x093c798, rtoc:same-above]:  _ZN4cell5Daisy4Lock8popCloseEv
09-25 09:25:00.935 13504 13627 D RPCS3   : **** cellDaisy export: (0x5a93e4e8) at 0x09539ec [at:0x093c298, rtoc:same-above]:  _ZN4cell5Daisy22ScatterGatherInterlockD2Ev
09-25 09:25:00.935 13504 13627 D RPCS3   : **** cellDaisy export: (0x6f564a3d) at 0x0953a4c [at:0x093cab4, rtoc:same-above]:  _QN4cell5Daisy21LFQueue2GetPopPointerEPNS0_8LFQueue2EPij
09-25 09:25:00.935 13504 13627 D RPCS3   : **** cellDaisy export: (0x6fc83371) at 0x0953a2c [at:0x093c8b4, rtoc:same-above]:  _ZN4cell5Daisy4Lock18getNextTailPointerEv
09-25 09:25:00.935 13504 13627 D RPCS3   : **** cellDaisy export: (0x706feed9) at 0x0953a04 [at:0x093c760, rtoc:same-above]:  _ZN4cell5Daisy4Lock8pushOpenEv
09-25 09:25:00.935 13504 13627 D RPCS3   : **** cellDaisy export: (0x72dee049) at 0x0953a7c [at:0x093d224, rtoc:same-above]:  _QN4cell5Daisy29LFQueue2HasUnfinishedConsumerEPNS0_8LFQueue2Ej
09-25 09:25:00.935 13504 13627 D RPCS3   : **** cellDaisy export: (0x7b79d6aa) at 0x0953a0c [at:0x093c778, rtoc:same-above]:  _ZN4cell5Daisy4Lock9pushCloseEv
09-25 09:25:00.935 13504 13627 D RPCS3   : **** cellDaisy export: (0x7e639d78) at 0x09539ec [at:0x093c298, rtoc:same-above]:  _QN4cell5Daisy22ScatterGatherInterlockD2Ev
09-25 09:25:00.935 13504 13627 D RPCS3   : **** cellDaisy export: (0x8921232c) at 0x0953a6c [at:0x093d128, rtoc:same-above]:  _QN4cell5Daisy15LFQueue2PopOpenEPNS0_8LFQueue2E
09-25 09:25:00.935 13504 13627 D RPCS3   : **** cellDaisy export: (0x8d42fae9) at 0x09539bc [at:0x093b850, rtoc:same-above]:  _QN4cell5Daisy22ScatterGatherInterlockC1EPVNS0_16_AtomicInterlockEjPvPFiS5_jE
09-25 09:25:00.935 13504 13627 D RPCS3   : **** cellDaisy export: (0x8dacb8d0) at 0x09539f4 [at:0x093c4c4, rtoc:same-above]:  _ZN4cell5Daisy22ScatterGatherInterlockD1Ev
09-25 09:25:00.935 13504 13627 D RPCS3   : **** cellDaisy export: (0x8fd3b122) at 0x09539fc [at:0x093c6f0, rtoc:same-above]:  _QN4cell5Daisy4Lock10initializeEj
09-25 09:25:00.935 13504 13627 D RPCS3   : **** cellDaisy export: (0x933c2273) at 0x0953a3c [at:0x093c9dc, rtoc:same-above]:  _QN4cell5Daisy4Lock15completeProduceEj
09-25 09:25:00.935 13504 13627 D RPCS3   : **** cellDaisy export: (0x9581b8bc) at 0x0953a74 [at:0x093d160, rtoc:same-above]:  _ZN4cell5Daisy16LFQueue2PopCloseEPNS0_8LFQueue2EPFiPvjE
09-25 09:25:00.935 13504 13627 D RPCS3   : **** cellDaisy export: (0xa286b24a) at 0x0953a6c [at:0x093d128, rtoc:same-above]:  _ZN4cell5Daisy15LFQueue2PopOpenEPNS0_8LFQueue2E
09-25 09:25:00.935 13504 13627 D RPCS3   : **** cellDaisy export: (0xa2e6c4b0) at 0x0953a64 [at:0x093cf6c, rtoc:same-above]:  _QN4cell5Daisy17LFQueue2PushCloseEPNS0_8LFQueue2EPFiPvjE
09-25 09:25:00.935 13504 13627 D RPCS3   : **** cellDaisy export: (0xa4cd494e) at 0x09539b4 [at:0x093b82c, rtoc:same-above]:  _QN4cell5Daisy22ScatterGatherInterlockC2EPVNS0_16_AtomicInterlockEjPvPFiS5_jE
09-25 09:25:00.935 13504 13627 D RPCS3   : **** cellDaisy export: (0xa98e3c4b) at 0x09539c4 [at:0x093b874, rtoc:same-above]:  _QN4cell5Daisy22ScatterGatherInterlock21proceedSequenceNumberEv
09-25 09:25:00.935 13504 13627 D RPCS3   : **** cellDaisy export: (0xb190d6ad) at 0x09539b4 [at:0x093b82c, rtoc:same-above]:  _ZN4cell5Daisy22ScatterGatherInterlockC2EPVNS0_16_AtomicInterlockEjPvPFiS5_jE
09-25 09:25:00.935 13504 13627 D RPCS3   : **** cellDaisy export: (0xb8e85009) at 0x09539dc [at:0x093bca0, rtoc:same-above]:  _QN4cell5Daisy22ScatterGatherInterlockC2EPVNS0_16_AtomicInterlockEjPjjh
09-25 09:25:00.935 13504 13627 D RPCS3   : **** cellDaisy export: (0xbd091e26) at 0x0953a34 [at:0x093c95c, rtoc:same-above]:  _ZN4cell5Daisy4Lock15completeConsumeEj
09-25 09:25:00.935 13504 13627 D RPCS3   : **** cellDaisy export: (0xc0faf91c) at 0x09539c4 [at:0x093b874, rtoc:same-above]:  _ZN4cell5Daisy22ScatterGatherInterlock21proceedSequenceNumberEv
09-25 09:25:00.935 13504 13627 D RPCS3   : **** cellDaisy export: (0xc3e29e69) at 0x0953a24 [at:0x093c7b8, rtoc:same-above]:  _QN4cell5Daisy4Lock18getNextHeadPointerEv
09-25 09:25:00.935 13504 13627 D RPCS3   : **** cellDaisy export: (0xc6c5f3c6) at 0x0953a0c [at:0x093c778, rtoc:same-above]:  _QN4cell5Daisy4Lock9pushCloseEv
09-25 09:25:00.935 13504 13627 D RPCS3   : **** cellDaisy export: (0xce618901) at 0x0953a54 [at:0x093cca8, rtoc:same-above]:  _QN4cell5Daisy26LFQueue2CompletePopPointerEPNS0_8LFQueue2EiPFiPvjEj
09-25 09:25:00.935 13504 13627 D RPCS3   : **** cellDaisy export: (0xd2be66e6) at 0x09539cc [at:0x093b8b8, rtoc:same-above]:  _ZN4cell5Daisy22ScatterGatherInterlock5probeEj
09-25 09:25:00.935 13504 13627 D RPCS3   : **** cellDaisy export: (0xd888f42a) at 0x0953a04 [at:0x093c760, rtoc:same-above]:  _QN4cell5Daisy4Lock8pushOpenEv
09-25 09:25:00.935 13504 13627 D RPCS3   : **** cellDaisy export: (0xdeb0d2e6) at 0x09539cc [at:0x093b8b8, rtoc:same-above]:  _QN4cell5Daisy22ScatterGatherInterlock5probeEj
09-25 09:25:00.935 13504 13627 D RPCS3   : **** cellDaisy export: (0xed37e00a) at 0x09539f4 [at:0x093c4c4, rtoc:same-above]:  _QN4cell5Daisy22ScatterGatherInterlockD1Ev
09-25 09:25:00.935 13504 13627 D RPCS3   : **** cellDaisy export: (0xf2034429) at 0x0953a5c [at:0x093cef4, rtoc:same-above]:  _ZN4cell5Daisy16LFQueue2PushOpenEPNS0_8LFQueue2E
09-25 09:25:00.935 13504 13627 D RPCS3   : **** cellDaisy export: (0xf88e07db) at 0x0953a2c [at:0x093c8b4, rtoc:same-above]:  _QN4cell5Daisy4Lock18getNextTailPointerEv
09-25 09:25:00.935 13504 13627 D RPCS3   : **** cellDaisy export: (0xfa46fd99) at 0x09539d4 [at:0x093ba1c, rtoc:same-above]:  _QN4cell5Daisy22ScatterGatherInterlock7releaseEv
09-25 09:25:00.935 13504 13627 D RPCS3   : ** Exported module 'cellSpudll' (vnids=0x0, vstubs=0x0, fnids=0x93e624, faddrs=0x93e62c, version=0x1, attributes=0x9, unk4=0x2c000001, unk5=0x90002)
09-25 09:25:00.935 13504 13627 D RPCS3   : **** cellSpudll export: (0x3fbcf1d6) at 0x0953aa4 [at:0x093d6b4, rtoc:0x0095bab0]:  cellSpudllHandleConfigSetDefaultValues
09-25 09:25:00.935 13504 13627 D RPCS3   : **** cellSpudll export: (0xcccd3257) at 0x0953a9c [at:0x093d5dc, rtoc:same-above]:  cellSpudllGetImageSize
09-25 09:25:00.935 13504 13627 D RPCS3   : ** Imported module 'cellLibprof' (ver=0x1, attr=0x9, 0x0, 0x0) [0x93dbf0]
09-25 09:25:00.935 13504 13627 D RPCS3   : **** cellLibprof import: [cellUserTraceRegister] (0x05893e7c) -> 0x93d718
09-25 09:25:00.935 13504 13627 D RPCS3   : **** cellLibprof import: [cellUserTraceUnregister] (0x6d045c2e) -> 0x93d738
09-25 09:25:00.935 13504 13627 D RPCS3   : ** Imported module 'sysPrxForUser' (ver=0x1, attr=0x9, 0x0, 0x0) [0x93dc1c]
09-25 09:25:00.935 13504 13627 D RPCS3   : **** sysPrxForUser import: [_sys_strncmp] (0x04e83d2c) -> 0x93d758
09-25 09:25:00.935 13504 13627 D RPCS3   : **** sysPrxForUser import: [_sys_strcat] (0x052d29a6) -> 0x93d778
09-25 09:25:00.935 13504 13627 D RPCS3   : **** sysPrxForUser import: [_sys_vsnprintf] (0x0618936b) -> 0x93d798
09-25 09:25:00.935 13504 13627 D RPCS3   : **** sysPrxForUser import: [_sys_snprintf] (0x06574237) -> 0x93d7b8
09-25 09:25:00.935 13504 13627 D RPCS3   : **** sysPrxForUser import: [sys_lwmutex_lock] (0x1573dc3f) -> 0x93d7d8
09-25 09:25:00.935 13504 13627 D RPCS3   : **** sysPrxForUser import: [sys_lwmutex_unlock] (0x1bc200f4) -> 0x93d7f8
09-25 09:25:00.935 13504 13627 D RPCS3   : **** sysPrxForUser import: [sys_lwcond_destroy] (0x1c9a942c) -> 0x93d818
09-25 09:25:00.935 13504 13627 D RPCS3   : **** sysPrxForUser import: [sys_ppu_thread_create] (0x24a1ea07) -> 0x93d838
09-25 09:25:00.935 13504 13627 D RPCS3   : **** sysPrxForUser import: [sys_lwcond_wait] (0x2a6d9d51) -> 0x93d858
09-25 09:25:00.935 13504 13627 D RPCS3   : **** sysPrxForUser import: [_sys_strlen] (0x2d36462b) -> 0x93d878
09-25 09:25:00.935 13504 13627 D RPCS3   : **** sysPrxForUser import: [sys_lwmutex_create] (0x2f85c0ef) -> 0x93d898
09-25 09:25:00.935 13504 13627 D RPCS3   : **** sysPrxForUser import: [_sys_spu_printf_detach_group] (0x5fdfb2fe) -> 0x93d8b8
09-25 09:25:00.935 13504 13627 D RPCS3   : **** sysPrxForUser import: [_sys_memset] (0x68b9b011) -> 0x93d8d8
09-25 09:25:00.935 13504 13627 D RPCS3   : **** sysPrxForUser import: [_sys_memcpy] (0x6bf66ea7) -> 0x93d8f8
09-25 09:25:00.935 13504 13627 D RPCS3   : **** sysPrxForUser import: [_sys_strncat] (0x996f7cf8) -> 0x93d918
09-25 09:25:00.935 13504 13627 D RPCS3   : **** sysPrxForUser import: [_sys_strcpy] (0x99c88692) -> 0x93d938
09-25 09:25:00.935 13504 13627 D RPCS3   : **** sysPrxForUser import: [_sys_printf] (0x9f04f7af) -> 0x93d958
09-25 09:25:00.935 13504 13627 D RPCS3   : **** sysPrxForUser import: [0x9FB6228E] (0x9fb6228e) -> 0x93d978
09-25 09:25:00.935 13504 13627 D RPCS3   : **** sysPrxForUser import: [sys_ppu_thread_exit] (0xaff080a4) -> 0x93d998
09-25 09:25:00.935 13504 13627 D RPCS3   : **** sysPrxForUser import: [sys_lwmutex_destroy] (0xc3476d0c) -> 0x93d9b8
09-25 09:25:00.935 13504 13627 D RPCS3   : **** sysPrxForUser import: [_sys_strncpy] (0xd3039d4d) -> 0x93d9d8
09-25 09:25:00.935 13504 13627 D RPCS3   : **** sysPrxForUser import: [sys_lwcond_create] (0xda0eb71a) -> 0x93d9f8
09-25 09:25:00.935 13504 13627 D RPCS3   : **** sysPrxForUser import: [_sys_spu_printf_attach_group] (0xdd0c1e09) -> 0x93da18
09-25 09:25:00.935 13504 13627 D RPCS3   : **** sysPrxForUser import: [sys_prx_get_module_id_by_name] (0xe0998dbf) -> 0x93da38
09-25 09:25:00.935 13504 13627 D RPCS3   : **** sysPrxForUser import: [sys_spu_image_close] (0xe0da8efd) -> 0x93da58
09-25 09:25:00.935 13504 13627 D RPCS3   : **** sysPrxForUser import: [sys_process_get_paramsfo] (0xe75c40f2) -> 0x93da78
09-25 09:25:00.935 13504 13627 D RPCS3   : **** sysPrxForUser import: [sys_spu_image_import] (0xebe5f72f) -> 0x93da98
09-25 09:25:00.935 13504 13627 D RPCS3   : **** sysPrxForUser import: [sys_lwcond_signal] (0xef87a695) -> 0x93dab8
09-25 09:25:00.935 13504 13627 D RPCS3   : **** sysPrxForUser import: [_sys_vprintf] (0xfa7f693d) -> 0x93dad8
09-25 09:25:00.935 13504 13627 D RPCS3   : **** sysPrxForUser import: [_sys_memcmp] (0xfb5db080) -> 0x93daf8
09-25 09:25:00.935 13504 13627 W RPCS3   : PRX hash of libsre.sprx[0]: PRX-PyWqGg0eZZGKzKL0TUwxFWMRoTM1-0
09-25 09:25:00.935 13504 13627 W RPCS3   : PRX hash of libsre.sprx[1]: PRX-PyWqGg0eZZGKzKL0TUwxFWMRoTM1-1
09-25 09:25:00.935 13504 13627 W RPCS3   : SPU executable hash: SPU-dd4f975640172a0c30a4d5bc502094b2eef6f963
09-25 09:25:00.935 13504 13627 W RPCS3   : 	Segment: p_type=0x1, p_vaddr=0x100, p_filesz=0x780, p_memsz=0x780, p_offset=0x80
09-25 09:25:00.935 13504 13627 W RPCS3   : 	Segment: p_type=0x4, p_vaddr=0x0, p_filesz=0x34, p_memsz=0x0, p_offset=0x800
09-25 09:25:00.935 13504 13627 W RPCS3   : 	SPUNAME: 'spurs_kernel_executable.elf' (image addr: 0x940380, size: 0x800)
09-25 09:25:00.935 13504 13627 W RPCS3   : SPU executable hash: SPU-03e32a2c85646df9cb752d87d7b0a1b1cd420237
09-25 09:25:00.935 13504 13627 W RPCS3   : 	Segment: p_type=0x1, p_vaddr=0x100, p_filesz=0x790, p_memsz=0x790, p_offset=0x80
09-25 09:25:00.935 13504 13627 W RPCS3   : 	Segment: p_type=0x4, p_vaddr=0x0, p_filesz=0x34, p_memsz=0x0, p_offset=0x810
09-25 09:25:00.935 13504 13627 W RPCS3   : 	SPUNAME: 'spurs_kernel2_executable.elf' (image addr: 0x940c00, size: 0x810)
09-25 09:25:00.935 13504 13627 I RPCS3   : Found valid roaming SPU code at 0x941480..0x943680 (guessed_ls_addr=0x0, GUID=0x941480..0x943680)
09-25 09:25:00.935 13504 13627 I RPCS3   : Found valid roaming SPU code at 0x945500..0x945b80 (guessed_ls_addr=0x0, GUID=0x945500..0x945b80)
09-25 09:25:00.935 13504 13627 I RPCS3   : Found valid roaming SPU code at 0x945b80..0x946300 (guessed_ls_addr=0x0, GUID=0x945b80..0x946300)
09-25 09:25:00.935 13504 13627 I RPCS3   : Found valid roaming SPU code at 0x946300..0x94a180 (guessed_ls_addr=0x0, GUID=0x946300..0x94a180)
09-25 09:25:00.935 13504 13627 I RPCS3   : Found valid roaming SPU code at 0x94a180..0x94df00 (guessed_ls_addr=0x0, GUID=0x94a180..0xffffffff)
09-25 09:25:00.939 13504 13627 D RPCS3   : Function analysis: 384 functions (539 enqueued)
09-25 09:25:00.942 13504 13627 D RPCS3   : Block analysis: 6089 blocks (1 enqueued)
09-25 09:25:00.949 13504 13627 D RPCS3   : LLVM Context target: configured='cortex-a34', effective='cortex-a34', features='+fp-armv8,+neon,+crc,+crypto'
09-25 09:25:00.949 13504 13627 I RPCSX-UI: LLVM Context target: configured='cortex-a34', effective='cortex-a34', features='+fp-armv8,+neon,+crc,+crypto'
09-25 09:25:00.949 13504 13627 D RPCS3   : S3PPU stage=link-begin tid=491450659520 modules=2 jits=1
09-25 09:25:00.961 13504 13627 I RPCS3   : LLVM: Loaded module v7-kusa-GsbjiwC5Sm3exFcR5udHpE-00001P-cortex-a34-2.obj
09-25 09:25:00.967 13504 13627 I RPCS3   : LLVM: Loaded module v7-kusa-21xHoN2E2MFsanXhUVTS5N-0004Xr-cortex-a34-2.obj
09-25 09:25:00.967 13504 13627 D RPCS3   : S3PPU stage=link-end tid=491450659520 failed=0 jits=1
09-25 09:25:00.967 13504 13627 D RPCS3   : S3PPU stage=apply-begin tid=491450659520 jits=1 resolver_count=1 first=1
09-25 09:25:00.967 13504 13627 D RPCS3   : S3PPU stage=jit-finalize-begin tid=491450659520 index=0 total=1
09-25 09:25:00.968 13504 13627 D RPCS3   : S3PPU stage=jit-finalize-end tid=491450659520 index=0 total=1
09-25 09:25:00.968 13504 13627 D RPCS3   : S3PPU stage=apply-end tid=491450659520 resolvers=1 first=1
09-25 09:25:00.968 13504 13627 I RPCS3   : Loaded module: "/dev_flash/sys/external/libsre.sprx" (id=0x23001100)
09-25 09:25:00.968 13504 13627 W RPCS3   : _sys_prx_start_module(id=0x23001100, flags=0x0, pOpt=*0xd0010750)
09-25 09:25:00.968 13504 13627 D RPCS3   : ** Special: &[module_info] at 0x93dc4c
09-25 09:25:00.968 13504 13627 D RPCS3   : ** Special: &[0x6D0F6CAE] at 0x950080
09-25 09:25:00.968 13504 13627 D RPCS3   : ** Exported module 'cellSync' (vnids=0x1c000002, vstubs=0x90012, fnids=0x93dcc0, faddrs=0x93dd88, version=0x2, attributes=0x9, unk4=0x0, unk5=0x2000000)
09-25 09:25:00.968 13504 13627 D RPCS3   : **** cellSync export: (0x07254fda) at 0x0952fac [at:0x0920000, rtoc:0x0095bab0]:  cellSyncBarrierInitialize
09-25 09:25:00.968 13504 13627 D RPCS3   : **** cellSync export: (0x0c7cb9f7) at 0x0953104 [at:0x0924550, rtoc:same-above]:  cellSyncLFQueueGetEntrySize
09-25 09:25:00.968 13504 13627 D RPCS3   : **** cellSync export: (0x167ea63e) at 0x095309c [at:0x0922420, rtoc:same-above]:  cellSyncLFQueueSize
09-25 09:25:00.968 13504 13627 D RPCS3   : **** cellSync export: (0x1bb675c2) at 0x0952fe4 [at:0x092040c, rtoc:same-above]:  cellSyncMutexLock
09-25 09:25:00.968 13504 13627 D RPCS3   : **** cellSync export: (0x268edd6d) at 0x0952fbc [at:0x0920108, rtoc:same-above]:  cellSyncBarrierTryNotify
09-25 09:25:00.968 13504 13627 D RPCS3   : **** cellSync export: (0x2af0c515) at 0x0953094 [at:0x0922340, rtoc:same-above]:  cellSyncLFQueueClear
09-25 09:25:00.968 13504 13627 D RPCS3   : **** cellSync export: (0x35bbdad2) at 0x09530d4 [at:0x09235c8, rtoc:same-above]:  _cellSyncLFQueueCompletePushPointer2
09-25 09:25:00.968 13504 13627 D RPCS3   : **** cellSync export: (0x35f21355) at 0x0952fc4 [at:0x09201e4, rtoc:same-above]:  cellSyncBarrierWait
09-25 09:25:00.968 13504 13627 D RPCS3   : **** cellSync export: (0x3929948d) at 0x0952ff4 [at:0x09204f8, rtoc:same-above]:  cellSyncQueueInitialize
09-25 09:25:00.968 13504 13627 D RPCS3   : **** cellSync export: (0x46356fe0) at 0x09530dc [at:0x0923a18, rtoc:same-above]:  _cellSyncLFQueueGetPopPointer2
09-25 09:25:00.968 13504 13627 D RPCS3   : **** cellSync export: (0x48154c9b) at 0x095302c [at:0x0920f20, rtoc:same-above]:  cellSyncQueuePeek
09-25 09:25:00.968 13504 13627 D RPCS3   : **** cellSync export: (0x4da349b2) at 0x095301c [at:0x0920cb8, rtoc:same-above]:  cellSyncQueueSize
09-25 09:25:00.968 13504 13627 D RPCS3   : **** cellSync export: (0x4da6d7e0) at 0x095300c [at:0x0920924, rtoc:same-above]:  cellSyncQueuePop
09-25 09:25:00.968 13504 13627 D RPCS3   : **** cellSync export: (0x4e88c68d) at 0x09530b4 [at:0x0922708, rtoc:same-above]:  _cellSyncLFQueueCompletePushPointer
09-25 09:25:00.968 13504 13627 D RPCS3   : **** cellSync export: (0x54fc2032) at 0x0953074 [at:0x09219e8, rtoc:same-above]:  _cellSyncLFQueueAttachLv2EventQueue
09-25 09:25:00.968 13504 13627 D RPCS3   : **** cellSync export: (0x5ae841e5) at 0x0952ffc [at:0x0920598, rtoc:same-above]:  cellSyncQueuePush
09-25 09:25:00.968 13504 13627 D RPCS3   : **** cellSync export: (0x68af923c) at 0x0953034 [at:0x09210dc, rtoc:same-above]:  cellSyncQueueTryPeek
09-25 09:25:00.968 13504 13627 D RPCS3   : **** cellSync export: (0x6bb4ef9d) at 0x09530cc [at:0x09230b8, rtoc:same-above]:  _cellSyncLFQueueGetPushPointer2
09-25 09:25:00.968 13504 13627 D RPCS3   : **** cellSync export: (0x6c272124) at 0x0952fcc [at:0x0920288, rtoc:same-above]:  cellSyncBarrierTryWait
09-25 09:25:00.968 13504 13627 D RPCS3   : **** cellSync export: (0x705985cd) at 0x0953004 [at:0x0920754, rtoc:same-above]:  cellSyncQueueTryPush
09-25 09:25:00.968 13504 13627 D RPCS3   : **** cellSync export: (0x74c37666) at 0x09530bc [at:0x0922ae8, rtoc:same-above]:  _cellSyncLFQueueGetPopPointer
09-25 09:25:00.968 13504 13627 D RPCS3   : **** cellSync export: (0x7a51deee) at 0x09530e4 [at:0x0923f28, rtoc:same-above]:  _cellSyncLFQueueCompletePopPointer2
09-25 09:25:00.968 13504 13627 D RPCS3   : **** cellSync export: (0x811d148e) at 0x095307c [at:0x0921de0, rtoc:same-above]:  _cellSyncLFQueueDetachLv2EventQueue
09-25 09:25:00.968 13504 13627 D RPCS3   : **** cellSync export: (0x91f2b7b0) at 0x0952fec [at:0x092048c, rtoc:same-above]:  cellSyncMutexUnlock
09-25 09:25:00.968 13504 13627 D RPCS3   : **** cellSync export: (0xa5362e73) at 0x0953024 [at:0x0920dc0, rtoc:same-above]:  cellSyncQueueClear
09-25 09:25:00.968 13504 13627 D RPCS3   : **** cellSync export: (0xa58df87f) at 0x0953014 [at:0x0920ae8, rtoc:same-above]:  cellSyncQueueTryPop
09-25 09:25:00.968 13504 13627 D RPCS3   : **** cellSync export: (0xa6669751) at 0x0953054 [at:0x09214c0, rtoc:same-above]:  cellSyncRwmTryRead
09-25 09:25:00.968 13504 13627 D RPCS3   : **** cellSync export: (0xa9072dee) at 0x0952fd4 [at:0x0920334, rtoc:same-above]:  cellSyncMutexInitialize
09-25 09:25:00.968 13504 13627 D RPCS3   : **** cellSync export: (0xaa355278) at 0x095308c [at:0x092209c, rtoc:same-above]:  cellSyncLFQueueInitialize
09-25 09:25:00.968 13504 13627 D RPCS3   : **** cellSync export: (0xaff7627a) at 0x09530f4 [at:0x09244c0, rtoc:same-above]:  _cellSyncLFQueueGetSignalAddress
09-25 09:25:00.968 13504 13627 D RPCS3   : **** cellSync export: (0xba5961ca) at 0x0953064 [at:0x09216b4, rtoc:same-above]:  _cellSyncLFQueuePushBody
09-25 09:25:00.968 13504 13627 D RPCS3   : **** cellSync export: (0xba5bee48) at 0x0953044 [at:0x0921328, rtoc:same-above]:  cellSyncRwmTryWrite
09-25 09:25:00.968 13504 13627 D RPCS3   : **** cellSync export: (0xcece771f) at 0x095305c [at:0x09215c0, rtoc:same-above]:  cellSyncRwmRead
09-25 09:25:00.968 13504 13627 D RPCS3   : **** cellSync export: (0xd06918c4) at 0x0952fdc [at:0x0920380, rtoc:same-above]:  cellSyncMutexTryLock
09-25 09:25:00.968 13504 13627 D RPCS3   : **** cellSync export: (0xd59aa307) at 0x09530fc [at:0x0924508, rtoc:same-above]:  cellSyncLFQueueGetDirection
09-25 09:25:00.968 13504 13627 D RPCS3   : **** cellSync export: (0xe18c273c) at 0x09530a4 [at:0x09224ac, rtoc:same-above]:  cellSyncLFQueueDepth
09-25 09:25:00.968 13504 13627 D RPCS3   : **** cellSync export: (0xe1bc7add) at 0x095306c [at:0x0921848, rtoc:same-above]:  _cellSyncLFQueuePopBody
09-25 09:25:00.968 13504 13627 D RPCS3   : **** cellSync export: (0xe9bf2110) at 0x09530ac [at:0x09224f4, rtoc:same-above]:  _cellSyncLFQueueGetPushPointer
09-25 09:25:00.968 13504 13627 D RPCS3   : **** cellSync export: (0xed773f5f) at 0x095304c [at:0x09213f8, rtoc:same-above]:  cellSyncRwmWrite
09-25 09:25:00.968 13504 13627 D RPCS3   : **** cellSync export: (0xf06a6415) at 0x0952fb4 [at:0x0920068, rtoc:same-above]:  cellSyncBarrierNotify
09-25 09:25:00.968 13504 13627 D RPCS3   : **** cellSync export: (0xfc48b03f) at 0x095303c [at:0x09212a4, rtoc:same-above]:  cellSyncRwmInitialize
09-25 09:25:00.968 13504 13627 D RPCS3   : **** cellSync export: (0xfe74e8e7) at 0x09530c4 [at:0x0922d04, rtoc:same-above]:  _cellSyncLFQueueCompletePopPointer
09-25 09:25:00.968 13504 13627 D RPCS3   : ** Exported module 'cellSheap' (vnids=0x1c000002, vstubs=0x90004, fnids=0x93de3c, faddrs=0x93dea4, version=0x2, attributes=0x9, unk4=0x0, unk5=0x0)
09-25 09:25:00.968 13504 13627 D RPCS3   : **** cellSheap export: (0x2452679f) at 0x09531ac [at:0x09261c8, rtoc:0x0095bab0]:  cellKeySheapMutexDelete
09-25 09:25:00.968 13504 13627 D RPCS3   : **** cellSheap export: (0x3478e1e6) at 0x09531a4 [at:0x0926064, rtoc:same-above]:  cellKeySheapMutexNew
09-25 09:25:00.968 13504 13627 D RPCS3   : **** cellSheap export: (0x37968718) at 0x0953164 [at:0x0925910, rtoc:same-above]:  cellSheapQueryMax
09-25 09:25:00.968 13504 13627 D RPCS3   : **** cellSheap export: (0x4a5b9659) at 0x0953194 [at:0x0925dfc, rtoc:same-above]:  cellKeySheapBufferNew
09-25 09:25:00.968 13504 13627 D RPCS3   : **** cellSheap export: (0x4b1383fb) at 0x0953154 [at:0x0925708, rtoc:same-above]:  cellSheapAllocate
09-25 09:25:00.968 13504 13627 D RPCS3   : **** cellSheap export: (0x5c5994bd) at 0x095315c [at:0x0925848, rtoc:same-above]:  cellSheapFree
09-25 09:25:00.968 13504 13627 D RPCS3   : **** cellSheap export: (0x69a5861d) at 0x09531b4 [at:0x09262f8, rtoc:same-above]:  cellKeySheapSemaphoreNew
09-25 09:25:00.969 13504 13627 D RPCS3   : **** cellSheap export: (0x73a45cf8) at 0x09531bc [at:0x0926418, rtoc:same-above]:  cellKeySheapSemaphoreDelete
09-25 09:25:00.969 13504 13627 D RPCS3   : **** cellSheap export: (0x79a6abd0) at 0x09531ec [at:0x0926c24, rtoc:same-above]:  cellKeySheapQueueDelete
09-25 09:25:00.969 13504 13627 D RPCS3   : **** cellSheap export: (0x7fa23275) at 0x095313c [at:0x0925334, rtoc:same-above]:  cellSheapQueryFree
09-25 09:25:00.969 13504 13627 D RPCS3   : **** cellSheap export: (0x987e260e) at 0x09531e4 [at:0x0926a88, rtoc:same-above]:  cellKeySheapQueueNew
09-25 09:25:00.969 13504 13627 D RPCS3   : **** cellSheap export: (0xa1b25841) at 0x0953174 [at:0x09259f4, rtoc:same-above]:  cellKeySheapInitialize
09-25 09:25:00.969 13504 13627 D RPCS3   : **** cellSheap export: (0xbbb47cd8) at 0x095314c [at:0x0925698, rtoc:same-above]:  cellSheapInitialize
09-25 09:25:00.969 13504 13627 D RPCS3   : **** cellSheap export: (0xe6b37362) at 0x095319c [at:0x0925f40, rtoc:same-above]:  cellKeySheapBufferDelete
09-25 09:25:00.969 13504 13627 D RPCS3   : **** cellSheap export: (0xe897c835) at 0x09531c4 [at:0x092653c, rtoc:same-above]:  cellKeySheapBarrierNew
09-25 09:25:00.969 13504 13627 D RPCS3   : **** cellSheap export: (0xed136702) at 0x09531dc [at:0x0926964, rtoc:same-above]:  cellKeySheapRwmDelete
09-25 09:25:00.969 13504 13627 D RPCS3   : **** cellSheap export: (0xf01ac471) at 0x09531d4 [at:0x09267dc, rtoc:same-above]:  cellKeySheapRwmNew
09-25 09:25:00.969 13504 13627 D RPCS3   : **** cellSheap export: (0xf6f5fbca) at 0x09531cc [at:0x09266b8, rtoc:same-above]:  cellKeySheapBarrierDelete
09-25 09:25:00.969 13504 13627 D RPCS3   : ** Exported module 'cellOvis' (vnids=0x1c000002, vstubs=0x90095, fnids=0x93def8, faddrs=0x93df08, version=0x2, attributes=0x9, unk4=0x0, unk5=0x4000000)
09-25 09:25:00.969 13504 13627 D RPCS3   : **** cellOvis export: (0x629ba0c0) at 0x09531f4 [at:0x0926d48, rtoc:0x0095bab0]:  cellOvisInvalidateOverlappedSegments
09-25 09:25:00.969 13504 13627 D RPCS3   : **** cellOvis export: (0x82f294b2) at 0x0953204 [at:0x0926ea0, rtoc:same-above]:  cellOvisGetOverlayTableSize
09-25 09:25:00.969 13504 13627 D RPCS3   : **** cellOvis export: (0xa876c911) at 0x095320c [at:0x0926f8c, rtoc:same-above]:  cellOvisInitializeOverlayTable
09-25 09:25:00.969 13504 13627 D RPCS3   : **** cellOvis export: (0xce6cb776) at 0x09531fc [at:0x0926e90, rtoc:same-above]:  cellOvisFixSpuSegments
09-25 09:25:00.969 13504 13627 D RPCS3   : ** Exported module 'cellSpurs' (vnids=0x1c000002, vstubs=0x90034, fnids=0x93df24, faddrs=0x93e1f8, version=0x2, attributes=0x9, unk4=0x0, unk5=0x2000000)
09-25 09:25:00.969 13504 13627 D RPCS3   : **** cellSpurs export: (0x00af2519) at 0x0953894 [at:0x093806c, rtoc:0x0095bab0]:  cellSpursJobGuardReset
09-25 09:25:00.969 13504 13627 D RPCS3   : **** cellSpurs export: (0x011ee38b) at 0x0953844 [at:0x0937134, rtoc:same-above]:  _cellSpursLFQueueInitialize
09-25 09:25:00.969 13504 13627 D RPCS3   : **** cellSpurs export: (0x039d70b7) at 0x09537f4 [at:0x0936630, rtoc:same-above]:  cellSpursQueueDetachLv2EventQueue
09-25 09:25:00.969 13504 13627 D RPCS3   : **** cellSpurs export: (0x07529113) at 0x0953244 [at:0x092732c, rtoc:same-above]:  cellSpursAttributeSetNamePrefix
09-25 09:25:00.969 13504 13627 D RPCS3   : **** cellSpurs export: (0x082bfb09) at 0x09537ec [at:0x09364c0, rtoc:same-above]:  _cellSpursQueueInitialize
09-25 09:25:00.969 13504 13627 D RPCS3   : **** cellSpurs export: (0x0eb4bc38) at 0x09532ec [at:0x092979c, rtoc:same-above]:  cellSpursWorkloadAttributeSetShutdownCompletionEventHook
09-25 09:25:00.969 13504 13627 D RPCS3   : **** cellSpurs export: (0x1051d134) at 0x0953234 [at:0x0927248, rtoc:same-above]:  cellSpursAttributeEnableSpuPrintfIfAvailable
09-25 09:25:00.969 13504 13627 D RPCS3   : **** cellSpurs export: (0x13ae18f3) at 0x09536cc [at:0x0933a88, rtoc:same-above]:  cellSpursTaskExitCodeGet
09-25 09:25:00.969 13504 13627 D RPCS3   : **** cellSpurs export: (0x161da6a7) at 0x095392c [at:0x09391b8, rtoc:same-above]:  cellSpursJobChainGetError
09-25 09:25:00.969 13504 13627 D RPCS3   : **** cellSpurs export: (0x16394a4e) at 0x0953724 [at:0x0934408, rtoc:same-above]:  _cellSpursTasksetAttributeInitialize
09-25 09:25:00.969 13504 13627 D RPCS3   : **** cellSpurs export: (0x1656d49f) at 0x095385c [at:0x09374f8, rtoc:same-above]:  cellSpursLFQueueAttachLv2EventQueue
09-25 09:25:00.969 13504 13627 D RPCS3   : **** cellSpurs export: (0x17001000) at 0x09538ac [at:0x093826c, rtoc:same-above]:  cellSpursAddUrgentCommand
09-25 09:25:00.969 13504 13627 D RPCS3   : **** cellSpurs export: (0x182d9890) at 0x095335c [at:0x092ae80, rtoc:same-above]:  cellSpursRequestIdleSpu
09-25 09:25:00.969 13504 13627 D RPCS3   : **** cellSpurs export: (0x1d2bca4b) at 0x095332c [at:0x092a750, rtoc:same-above]:  cellSpursSendWorkloadSignal
09-25 09:25:00.969 13504 13627 D RPCS3   : **** cellSpurs export: (0x1d344406) at 0x09536fc [at:0x0933fe0, rtoc:same-above]:  cellSpursTaskGetLoadableSegmentPattern
09-25 09:25:00.969 13504 13627 D RPCS3   : **** cellSpurs export: (0x1d46fedf) at 0x0953624 [at:0x0932310, rtoc:same-above]:  cellSpursCreateTaskWithAttribute
09-25 09:25:00.969 13504 13627 D RPCS3   : **** cellSpurs export: (0x1ebcf459) at 0x095377c [at:0x0934ff4, rtoc:same-above]:  cellSpursDestroyTaskset2
09-25 09:25:00.969 13504 13627 D RPCS3   : **** cellSpurs export: (0x1f402f8f) at 0x09534cc [at:0x092e648, rtoc:same-above]:  cellSpursGetInfo
09-25 09:25:00.969 13504 13627 D RPCS3   : **** cellSpurs export: (0x2093252b) at 0x095382c [at:0x093705c, rtoc:same-above]:  cellSpursQueueGetTasksetAddress
09-25 09:25:00.969 13504 13627 D RPCS3   : **** cellSpurs export: (0x22aab31d) at 0x09537a4 [at:0x0935aa4, rtoc:same-above]:  cellSpursEventFlagDetachLv2EventQueue
09-25 09:25:00.969 13504 13627 D RPCS3   : **** cellSpurs export: (0x247414d0) at 0x0953804 [at:0x0936868, rtoc:same-above]:  cellSpursQueueClear
09-25 09:25:00.969 13504 13627 D RPCS3   : **** cellSpurs export: (0x2cfccb99) at 0x09538e4 [at:0x09387b0, rtoc:same-above]:  cellSpursJobChainAttributeSetJobTypeMemoryCheck
09-25 09:25:00.969 13504 13627 D RPCS3   : **** cellSpurs export: (0x2ddbcc0a) at 0x095353c [at:0x092f3a0, rtoc:same-above]:  _cellSpursWorkloadFlagReceiver2
09-25 09:25:00.969 13504 13627 D RPCS3   : **** cellSpurs export: (0x2edcff92) at 0x095366c [at:0x0933230, rtoc:same-above]:  cellSpursTasksetSetExceptionEventHandler
09-25 09:25:00.969 13504 13627 D RPCS3   : **** cellSpurs export: (0x303c19cd) at 0x09538f4 [at:0x0938a98, rtoc:same-above]:  cellSpursCreateJobChainWithAttribute
09-25 09:25:00.969 13504 13627 D RPCS3   : **** cellSpurs export: (0x30aa96c4) at 0x095326c [at:0x09283ac, rtoc:same-above]:  cellSpursInitializeWithAttribute2
09-25 09:25:00.969 13504 13627 D RPCS3   : **** cellSpurs export: (0x31f5196b) at 0x095356c [at:0x092f854, rtoc:same-above]:  cellSpursRemoveSystemWorkloadForUtility
09-25 09:25:00.969 13504 13627 D RPCS3   : **** cellSpurs export: (0x32b94add) at 0x095349c [at:0x092ddc8, rtoc:same-above]:  cellSpursEnableExceptionEventHandler
09-25 09:25:00.969 13504 13627 D RPCS3   : **** cellSpurs export: (0x34552fa6) at 0x095369c [at:0x0933638, rtoc:same-above]:  cellSpursTaskExitCodeInitialize
09-25 09:25:00.969 13504 13627 D RPCS3   : **** cellSpurs export: (0x3548f483) at 0x09538cc [at:0x0938568, rtoc:same-above]:  _cellSpursJobChainAttributeInitialize
09-25 09:25:00.969 13504 13627 D RPCS3   : **** cellSpurs export: (0x35dae22b) at 0x0953854 [at:0x0937344, rtoc:same-above]:  _cellSpursLFQueuePopBody
09-25 09:25:00.969 13504 13627 D RPCS3   : **** cellSpurs export: (0x35f02287) at 0x0953814 [at:0x0936988, rtoc:same-above]:  cellSpursQueueDepth
09-25 09:25:00.969 13504 13627 D RPCS3   : **** cellSpurs export: (0x369fe03d) at 0x095383c [at:0x09370ec, rtoc:same-above]:  cellSpursQueueGetEntrySize
09-25 09:25:00.969 13504 13627 D RPCS3   : **** cellSpurs export: (0x373523d4) at 0x09537b4 [at:0x0935f74, rtoc:same-above]:  cellSpursEventFlagWait
09-25 09:25:00.969 13504 13627 D RPCS3   : **** cellSpurs export: (0x39c173fb) at 0x095329c [at:0x0928c28, rtoc:same-above]:  cellSpursGetSpuThreadGroupId
09-25 09:25:00.969 13504 13627 D RPCS3   : **** cellSpurs export: (0x494613c7) at 0x095396c [at:0x093aa0c, rtoc:same-above]:  cellSpursJobChainGetSpursAddress
09-25 09:25:00.969 13504 13627 D RPCS3   : **** cellSpurs export: (0x49a3426d) at 0x0953354 [at:0x092ad2c, rtoc:same-above]:  cellSpursReadyCountSwap
09-25 09:25:00.969 13504 13627 D RPCS3   : **** cellSpurs export: (0x4a5eab63) at 0x09532e4 [at:0x092975c, rtoc:same-above]:  cellSpursWorkloadAttributeSetName
09-25 09:25:00.969 13504 13627 D RPCS3   : **** cellSpurs export: (0x4a6465e3) at 0x0953784 [at:0x0935214, rtoc:same-above]:  cellSpursCreateTaskset2
09-25 09:25:00.969 13504 13627 D RPCS3   : **** cellSpurs export: (0x4ac7bae4) at 0x09537c4 [at:0x0935fa8, rtoc:same-above]:  cellSpursEventFlagClear
09-25 09:25:00.969 13504 13627 D RPCS3   : **** cellSpurs export: (0x4c75deb8) at 0x0953484 [at:0x092d884, rtoc:same-above]:  cellSpursUnsetExceptionEventHandler
09-25 09:25:00.969 13504 13627 D RPCS3   : **** cellSpurs export: (0x4cce88a9) at 0x0953684 [at:0x09334b8, rtoc:same-above]:  cellSpursLookUpTasksetAddress
09-25 09:25:00.969 13504 13627 D RPCS3   : **** cellSpurs export: (0x4ceb9694) at 0x0953964 [at:0x093a8ac, rtoc:same-above]:  cellSpursGetJobChainInfo
09-25 09:25:00.969 13504 13627 D RPCS3   : **** cellSpurs export: (0x4d1e9373) at 0x09537dc [at:0x093641c, rtoc:same-above]:  cellSpursEventFlagGetClearMode
09-25 09:25:00.969 13504 13627 D RPCS3   : **** cellSpurs export: (0x4de203e2) at 0x095355c [at:0x092f6ac, rtoc:same-above]:  cellSpursSetPreemptionVictimHints
09-25 09:25:00.969 13504 13627 D RPCS3   : **** cellSpurs export: (0x4e153e3e) at 0x09534d4 [at:0x092e814, rtoc:same-above]:  cellSpursGetWorkloadInfo
09-25 09:25:00.969 13504 13627 D RPCS3   : **** cellSpurs export: (0x4e66d483) at 0x095338c [at:0x092b23c, rtoc:same-above]:  cellSpursDetachLv2EventQueue
09-25 09:25:00.969 13504 13627 D RPCS3   : **** cellSpurs export: (0x5202e53b) at 0x095394c [at:0x093a6ac, rtoc:same-above]:  cellSpursJobChainSetExceptionEventHandler
09-25 09:25:00.969 13504 13627 D RPCS3   : **** cellSpurs export: (0x52cc6c82) at 0x0953764 [at:0x0934dc4, rtoc:same-above]:  cellSpursCreateTaskset
09-25 09:25:00.969 13504 13627 D RPCS3   : **** cellSpurs export: (0x54876603) at 0x095380c [at:0x09368fc, rtoc:same-above]:  cellSpursQueueSize
09-25 09:25:00.969 13504 13627 D RPCS3   : **** cellSpurs export: (0x568b2352) at 0x095388c [at:0x0938024, rtoc:same-above]:  cellSpursSemaphoreGetTasksetAddress
09-25 09:25:00.969 13504 13627 D RPCS3   : **** cellSpurs export: (0x569674e3) at 0x0953424 [at:0x092d04c, rtoc:same-above]:  cellSpursTraceInitialize
09-25 09:25:00.969 13504 13627 D RPCS3   : **** cellSpurs export: (0x57e4dec3) at 0x0953324 [at:0x092a50c, rtoc:same-above]:  cellSpursRemoveWorkload
09-25 09:25:00.969 13504 13627 D RPCS3   : **** cellSpurs export: (0x58d58fcf) at 0x095372c [at:0x0934514, rtoc:same-above]:  cellSpursTasksetGetSpursAddress
09-25 09:25:00.969 13504 13627 D RPCS3   : **** cellSpurs export: (0x5c3a614c) at 0x0953224 [at:0x092714c, rtoc:same-above]:  0x5C3A614C
09-25 09:25:00.969 13504 13627 D RPCS3   : **** cellSpurs export: (0x5ef96465) at 0x0953794 [at:0x0935758, rtoc:same-above]:  _cellSpursEventFlagInitialize
09-25 09:25:00.969 13504 13627 D RPCS3   : **** cellSpurs export: (0x5fd43fe4) at 0x095331c [at:0x092a304, rtoc:same-above]:  cellSpursWaitForWorkloadShutdown
09-25 09:25:00.969 13504 13627 D RPCS3   : **** cellSpurs export: (0x60eb2dec) at 0x09538fc [at:0x0938c90, rtoc:same-above]:  cellSpursCreateJobChain
09-25 09:25:00.969 13504 13627 D RPCS3   : **** cellSpurs export: (0x652b70e2) at 0x095370c [at:0x093431c, rtoc:same-above]:  cellSpursTasksetAttributeSetName
09-25 09:25:00.969 13504 13627 D RPCS3   : **** cellSpurs export: (0x68aaeba9) at 0x09538a4 [at:0x0938188, rtoc:same-above]:  cellSpursJobGuardInitialize
09-25 09:25:00.969 13504 13627 D RPCS3   : **** cellSpurs export: (0x69726aa2) at 0x0953304 [at:0x0929fc8, rtoc:same-above]:  cellSpursAddWorkload
09-25 09:25:00.969 13504 13627 D RPCS3   : **** cellSpurs export: (0x6aa76999) at 0x0953954 [at:0x093a720, rtoc:same-above]:  cellSpursJobChainUnsetExceptionEventHandler
09-25 09:25:00.969 13504 13627 D RPCS3   : **** cellSpurs export: (0x6c960f6d) at 0x0953294 [at:0x0928b90, rtoc:same-above]:  cellSpursGetSpuThreadId
09-25 09:25:00.969 13504 13627 D RPCS3   : **** cellSpurs export: (0x6d2d9339) at 0x09537bc [at:0x0935f7c, rtoc:same-above]:  cellSpursEventFlagTryWait
09-25 09:25:00.969 13504 13627 D RPCS3   : **** cellSpurs export: (0x6fcdf6e3) at 0x095352c [at:0x092f0b8, rtoc:same-above]:  cellSpursGetSpuGuid
09-25 09:25:00.969 13504 13627 D RPCS3   : **** cellSpurs export: (0x7025a5ec) at 0x09535a4 [at:0x0930970, rtoc:same-above]:  0x7025A5EC
09-25 09:25:00.969 13504 13627 D RPCS3   : **** cellSpurs export: (0x738e40e6) at 0x0953904 [at:0x0938e38, rtoc:same-above]:  cellSpursShutdownJobChain
09-25 09:25:00.969 13504 13627 D RPCS3   : **** cellSpurs export: (0x73e06f91) at 0x0953864 [at:0x09378d8, rtoc:same-above]:  cellSpursLFQueueDetachLv2EventQueue
09-25 09:25:00.969 13504 13627 D RPCS3   : **** cellSpurs export: (0x7517724a) at 0x095347c [at:0x092d7d8, rtoc:same-above]:  cellSpursSetGlobalExceptionEventHandler
09-25 09:25:00.969 13504 13627 D RPCS3   : **** cellSpurs export: (0x75211196) at 0x095333c [at:0x092a960, rtoc:same-above]:  cellSpursReadyCountAdd
09-25 09:25:00.969 13504 13627 D RPCS3   : **** cellSpurs export: (0x77cdac0c) at 0x0953884 [at:0x0937f04, rtoc:same-above]:  _cellSpursSemaphoreInitialize
09-25 09:25:00.969 13504 13627 D RPCS3   : **** cellSpurs export: (0x7b9cbb74) at 0x09533f4 [at:0x092ccd8, rtoc:same-above]:  cellSpursTraceFinalize
09-25 09:25:00.969 13504 13627 D RPCS3   : **** cellSpurs export: (0x7cb33c2e) at 0x09536f4 [at:0x0933e08, rtoc:same-above]:  cellSpursTaskGetReadOnlyAreaPattern
09-25 09:25:00.969 13504 13627 D RPCS3   : **** cellSpurs export: (0x7e4ea023) at 0x0953284 [at:0x09285d0, rtoc:same-above]:  cellSpursWakeUp
09-25 09:25:00.969 13504 13627 D RPCS3   : **** cellSpurs export: (0x7fdf4fef) at 0x0953874 [at:0x0937de4, rtoc:same-above]:  cellSpursBarrierInitialize
09-25 09:25:00.969 13504 13627 D RPCS3   : **** cellSpurs export: (0x80a29e27) at 0x09532ac [at:0x0928cb8, rtoc:same-above]:  cellSpursSetPriorities
09-25 09:25:00.969 13504 13627 D RPCS3   : **** cellSpurs export: (0x82275c1c) at 0x095321c [at:0x09270f0, rtoc:same-above]:  cellSpursAttributeSetMemoryContainerForSpuThread
09-25 09:25:00.969 13504 13627 D RPCS3   : **** cellSpurs export: (0x838fa4f0) at 0x0953604 [at:0x0931854, rtoc:same-above]:  cellSpursTryJoinTask2
09-25 09:25:00.969 13504 13627 D RPCS3   : **** cellSpurs export: (0x84d2f6d5) at 0x09532bc [at:0x0928f88, rtoc:same-above]:  cellSpursSetMaxContention
09-25 09:25:00.969 13504 13627 D RPCS3   : **** cellSpurs export: (0x861237f8) at 0x0953474 [at:0x092d77c, rtoc:same-above]:  cellSpursUnsetGlobalExceptionEventHandler
09-25 09:25:00.969 13504 13627 D RPCS3   : **** cellSpurs export: (0x86c864a2) at 0x0953924 [at:0x0939170, rtoc:same-above]:  cellSpursGetJobChainId
09-25 09:25:00.969 13504 13627 D RPCS3   : **** cellSpurs export: (0x87630976) at 0x095379c [at:0x09358c4, rtoc:same-above]:  cellSpursEventFlagAttachLv2EventQueue
09-25 09:25:00.969 13504 13627 D RPCS3   : **** cellSpurs export: (0x890f9e5a) at 0x09537d4 [at:0x09363d0, rtoc:same-above]:  cellSpursEventFlagGetDirection
09-25 09:25:00.969 13504 13627 D RPCS3   : **** cellSpurs export: (0x8a85674d) at 0x095384c [at:0x09371b8, rtoc:same-above]:  _cellSpursLFQueuePushBody
09-25 09:25:00.969 13504 13627 D RPCS3   : **** cellSpurs export: (0x8adadf65) at 0x09535cc [at:0x0930c0c, rtoc:same-above]:  _cellSpursTaskAttribute2Initialize
09-25 09:25:00.969 13504 13627 D RPCS3   : **** cellSpurs export: (0x8f122ef8) at 0x0953714 [at:0x0934360, rtoc:same-above]:  cellSpursTasksetAttributeSetTasksetSize
09-25 09:25:00.969 13504 13627 D RPCS3   : **** cellSpurs export: (0x8fdf50b2) at 0x09538b4 [at:0x0938348, rtoc:same-above]:  cellSpursAddUrgentCall
09-25 09:25:00.969 13504 13627 D RPCS3   : **** cellSpurs export: (0x9034e538) at 0x0953704 [at:0x09341a8, rtoc:same-above]:  cellSpursTaskGetContextSaveAreaSize
09-25 09:25:00.969 13504 13627 D RPCS3   : **** cellSpurs export: (0x90c82bfc) at 0x0953264 [at:0x0928328, rtoc:same-above]:  0x90C82BFC
09-25 09:25:00.969 13504 13627 D RPCS3   : **** cellSpurs export: (0x91066667) at 0x0953824 [at:0x0936cfc, rtoc:same-above]:  cellSpursQueuePopBody
09-25 09:25:00.969 13504 13627 D RPCS3   : **** cellSpurs export: (0x9197915f) at 0x09536ec [at:0x0933c84, rtoc:same-above]:  cellSpursTaskGenerateLsPattern
09-25 09:25:00.969 13504 13627 D RPCS3   : **** cellSpurs export: (0x92cff6ed) at 0x095381c [at:0x09369d0, rtoc:same-above]:  cellSpursQueuePushBody
09-25 09:25:00.969 13504 13627 D RPCS3   : **** cellSpurs export: (0x94034c95) at 0x0953674 [at:0x09332a0, rtoc:same-above]:  cellSpursTasksetUnsetExceptionEventHandler
09-25 09:25:00.969 13504 13627 D RPCS3   : **** cellSpurs export: (0x947efb0b) at 0x09537e4 [at:0x0936468, rtoc:same-above]:  cellSpursEventFlagGetTasksetAddress
09-25 09:25:00.969 13504 13627 D RPCS3   : **** cellSpurs export: (0x95180230) at 0x095324c [at:0x09273c4, rtoc:same-above]:  _cellSpursAttributeInitialize
09-25 09:25:00.969 13504 13627 D RPCS3   : **** cellSpurs export: (0x97a2f6c8) at 0x0953984 [at:0x093ae64, rtoc:same-above]:  cellSpursJobHeaderSetJobbin2Param
09-25 09:25:00.969 13504 13627 D RPCS3   : **** cellSpurs export: (0x98d5b343) at 0x0953314 [at:0x092a158, rtoc:same-above]:  cellSpursShutdownWorkload
09-25 09:25:00.969 13504 13627 D RPCS3   : **** cellSpurs export: (0x9aeb5432) at 0x095387c [at:0x0937ebc, rtoc:same-above]:  cellSpursBarrierGetTasksetAddress
09-25 09:25:00.969 13504 13627 D RPCS3   : **** cellSpurs export: (0x9dcbcb5d) at 0x095354c [at:0x092f518, rtoc:same-above]:  cellSpursAttributeEnableSystemWorkload
09-25 09:25:00.969 13504 13627 D RPCS3   : **** cellSpurs export: (0x9f72add3) at 0x095378c [at:0x0935404, rtoc:same-above]:  cellSpursJoinTaskset
09-25 09:25:00.969 13504 13627 D RPCS3   : **** cellSpurs export: (0x9fcb567b) at 0x0953734 [at:0x0934568, rtoc:same-above]:  cellSpursGetTasksetInfo
09-25 09:25:00.969 13504 13627 D RPCS3   : **** cellSpurs export: (0x9fef70c2) at 0x09538d4 [at:0x0938728, rtoc:same-above]:  cellSpursJobChainAttributeSetName
09-25 09:25:00.969 13504 13627 D RPCS3   : **** cellSpurs export: (0xa121a224) at 0x09535c4 [at:0x0930ba4, rtoc:same-above]:  cellSpursTaskAttributeSetExitCodeContainer
09-25 09:25:00.969 13504 13627 D RPCS3   : **** cellSpurs export: (0xa73bf47e) at 0x0953534 [at:0x092f260, rtoc:same-above]:  _cellSpursWorkloadFlagReceiver
09-25 09:25:00.969 13504 13627 D RPCS3   : **** cellSpurs export: (0xa789e631) at 0x095374c [at:0x0934974, rtoc:same-above]:  cellSpursShutdownTaskset
09-25 09:25:00.969 13504 13627 D RPCS3   : **** cellSpurs export: (0xa7a94892) at 0x09535f4 [at:0x0931484, rtoc:same-above]:  cellSpursJoinTask2
09-25 09:25:00.969 13504 13627 D RPCS3   : **** cellSpurs export: (0xa7c066de) at 0x095390c [at:0x0938ebc, rtoc:same-above]:  cellSpursJoinJobChain
09-25 09:25:00.969 13504 13627 D RPCS3   : **** cellSpurs export: (0xa7f9e716) at 0x0953334 [at:0x092a884, rtoc:same-above]:  cellSpursGetWorkloadData
09-25 09:25:00.969 13504 13627 D RPCS3   : **** cellSpurs export: (0xa839a4d9) at 0x095322c [at:0x09271c0, rtoc:same-above]:  cellSpursAttributeSetSpuThreadGroupType
09-25 09:25:00.969 13504 13627 D RPCS3   : **** cellSpurs export: (0xaa6269a8) at 0x0953274 [at:0x0928494, rtoc:same-above]:  cellSpursInitializeWithAttribute
09-25 09:25:00.969 13504 13627 D RPCS3   : **** cellSpurs export: (0xacfc8dbc) at 0x095327c [at:0x0928578, rtoc:same-above]:  cellSpursInitialize
09-25 09:25:00.969 13504 13627 D RPCS3   : **** cellSpurs export: (0xb52e1bda) at 0x09532b4 [at:0x0928e84, rtoc:same-above]:  cellSpursSetPriority
09-25 09:25:00.969 13504 13627 D RPCS3   : **** cellSpurs export: (0xb55782f9) at 0x095323c [at:0x092728c, rtoc:same-above]:  0xB55782F9
09-25 09:25:00.969 13504 13627 D RPCS3   : **** cellSpurs export: (0xb792ca1a) at 0x095386c [at:0x0937d40, rtoc:same-above]:  cellSpursLFQueueGetTasksetAddress
09-25 09:25:00.969 13504 13627 D RPCS3   : **** cellSpurs export: (0xb8474eff) at 0x09535dc [at:0x0930d3c, rtoc:same-above]:  _cellSpursTaskAttributeInitialize
09-25 09:25:00.969 13504 13627 D RPCS3   : **** cellSpurs export: (0xb9bc6207) at 0x0953374 [at:0x092b0d8, rtoc:same-above]:  cellSpursAttachLv2EventQueue
09-25 09:25:00.969 13504 13627 D RPCS3   : **** cellSpurs export: (0xbac24478) at 0x095359c [at:0x09308a8, rtoc:same-above]:  0xBAC24478
09-25 09:25:00.969 13504 13627 D RPCS3   : **** cellSpurs export: (0xbb68d76e) at 0x09538dc [at:0x093876c, rtoc:same-above]:  cellSpursJobChainAttributeSetHaltOnError
09-25 09:25:00.969 13504 13627 D RPCS3   : **** cellSpurs export: (0xbdcb78a5) at 0x09539a4 [at:0x093b490, rtoc:same-above]:  0xBDCB78A5
09-25 09:25:00.969 13504 13627 D RPCS3   : **** cellSpurs export: (0xbeb600ac) at 0x095362c [at:0x0932520, rtoc:same-above]:  cellSpursCreateTask
09-25 09:25:00.969 13504 13627 D RPCS3   : **** cellSpurs export: (0xbfea60fa) at 0x0953914 [at:0x0938f98, rtoc:same-above]:  cellSpursKickJobChain
09-25 09:25:00.969 13504 13627 D RPCS3   : **** cellSpurs export: (0xc0158d8b) at 0x09532fc [at:0x0929f0c, rtoc:same-above]:  cellSpursAddWorkloadWithAttribute
09-25 09:25:00.969 13504 13627 D RPCS3   : **** cellSpurs export: (0xc10931cb) at 0x095375c [at:0x0934cf8, rtoc:same-above]:  cellSpursCreateTasksetWithAttribute
09-25 09:25:00.969 13504 13627 D RPCS3   : **** cellSpurs export: (0xc2acdf43) at 0x095373c [at:0x0934858, rtoc:same-above]:  _cellSpursTasksetAttribute2Initialize
09-25 09:25:00.969 13504 13627 D RPCS3   : **** cellSpurs export: (0xc56defb5) at 0x09532a4 [at:0x0928c70, rtoc:same-above]:  cellSpursGetNumSpuThread
09-25 09:25:00.969 13504 13627 D RPCS3   : **** cellSpurs export: (0xc765b995) at 0x095350c [at:0x092ed08, rtoc:same-above]:  cellSpursGetWorkloadFlag
09-25 09:25:00.969 13504 13627 D RPCS3   : **** cellSpurs export: (0xca4c4600) at 0x095328c [at:0x0928660, rtoc:same-above]:  cellSpursFinalize
09-25 09:25:00.969 13504 13627 D RPCS3   : **** cellSpurs export: (0xce853fbf) at 0x0953414 [at:0x092ce98, rtoc:same-above]:  cellSpursTraceStart
09-25 09:25:00.969 13504 13627 D RPCS3   : **** cellSpurs export: (0xd2e23fa9) at 0x0953494 [at:0x092dc5c, rtoc:same-above]:  cellSpursSetExceptionEventHandler
09-25 09:25:00.969 13504 13627 D RPCS3   : **** cellSpurs export: (0xd5d0b256) at 0x095389c [at:0x09380b0, rtoc:same-above]:  cellSpursJobGuardNotify
09-25 09:25:00.969 13504 13627 D RPCS3   : **** cellSpurs export: (0xd86380d8) at 0x0953974 [at:0x093aa60, rtoc:same-above]:  cellSpursGetJobPipelineInfo
09-25 09:25:00.969 13504 13627 D RPCS3   : **** cellSpurs export: (0xd9a9c592) at 0x095357c [at:0x092fba8, rtoc:same-above]:  0xD9A9C592
09-25 09:25:00.969 13504 13627 D RPCS3   : **** cellSpurs export: (0xdca13593) at 0x095371c [at:0x09343b8, rtoc:same-above]:  cellSpursTasksetAttributeEnableClearLS
09-25 09:25:00.969 13504 13627 D RPCS3   : **** cellSpurs export: (0xddc81b5a) at 0x0953404 [at:0x092cdd4, rtoc:same-above]:  cellSpursTraceStop
09-25 09:25:00.969 13504 13627 D RPCS3   : **** cellSpurs export: (0xe0a6dbe4) at 0x0953634 [at:0x09325d8, rtoc:same-above]:  _cellSpursSendSignal
09-25 09:25:00.969 13504 13627 D RPCS3   : **** cellSpurs export: (0xe14ca62d) at 0x0953614 [at:0x0931f60, rtoc:same-above]:  cellSpursCreateTask2
09-25 09:25:00.969 13504 13627 D RPCS3   : **** cellSpurs export: (0xe279681f) at 0x0953554 [at:0x092f664, rtoc:same-above]:  0xE279681F
09-25 09:25:00.969 13504 13627 D RPCS3   : **** cellSpurs export: (0xe4944a1c) at 0x095361c [at:0x09321ec, rtoc:same-above]:  cellSpursCreateTask2WithBinInfo
09-25 09:25:00.969 13504 13627 D RPCS3   : **** cellSpurs export: (0xe5443be7) at 0x09537fc [at:0x0936778, rtoc:same-above]:  cellSpursQueueAttachLv2EventQueue
09-25 09:25:00.969 13504 13627 D RPCS3   : **** cellSpurs export: (0xe717ac73) at 0x09536c4 [at:0x0933a80, rtoc:same-above]:  cellSpursTaskExitCodeTryGet
09-25 09:25:00.969 13504 13627 D RPCS3   : **** cellSpurs export: (0xe7b0e69a) at 0x095397c [at:0x093ad94, rtoc:same-above]:  cellSpursJobSetMaxGrab
09-25 09:25:00.969 13504 13627 D RPCS3   : **** cellSpurs export: (0xe7dd87e1) at 0x0953774 [at:0x0934fac, rtoc:same-above]:  cellSpursGetTasksetId
09-25 09:25:00.969 13504 13627 D RPCS3   : **** cellSpurs export: (0xec68442c) at 0x0953834 [at:0x09370a4, rtoc:same-above]:  cellSpursQueueGetDirection
09-25 09:25:00.969 13504 13627 D RPCS3   : **** cellSpurs export: (0xefeb2679) at 0x095330c [at:0x092a000, rtoc:same-above]:  _cellSpursWorkloadAttributeInitialize
09-25 09:25:00.969 13504 13627 D RPCS3   : **** cellSpurs export: (0xf1bf099f) at 0x09539ac [at:0x093b750, rtoc:same-above]:  0xF1BF099F
09-25 09:25:00.969 13504 13627 D RPCS3   : **** cellSpurs export: (0xf1d3552d) at 0x0953344 [at:0x092aac4, rtoc:same-above]:  cellSpursReadyCountCompareAndSwap
09-25 09:25:00.969 13504 13627 D RPCS3   : **** cellSpurs export: (0xf31731bb) at 0x095391c [at:0x09390a0, rtoc:same-above]:  cellSpursRunJobChain
09-25 09:25:00.969 13504 13627 D RPCS3   : **** cellSpurs export: (0xf5507729) at 0x09537cc [at:0x0936010, rtoc:same-above]:  cellSpursEventFlagSet
09-25 09:25:00.969 13504 13627 D RPCS3   : **** cellSpurs export: (0xf843818d) at 0x095334c [at:0x092ac24, rtoc:same-above]:  cellSpursReadyCountStore
09-25 09:25:00.969 13504 13627 D RPCS3   : ** Exported module 'cellDaisy' (vnids=0x1c000001, vstubs=0x90002, fnids=0x93e458, faddrs=0x93e548, version=0x2, attributes=0x9, unk4=0x0, unk5=0x0)
09-25 09:25:00.969 13504 13627 D RPCS3   : **** cellDaisy export: (0x0563627c) at 0x0953a64 [at:0x093cf6c, rtoc:0x0095bab0]:  _ZN4cell5Daisy17LFQueue2PushCloseEPNS0_8LFQueue2EPFiPvjE
09-25 09:25:00.969 13504 13627 D RPCS3   : **** cellDaisy export: (0x0d219671) at 0x0953a4c [at:0x093cab4, rtoc:same-above]:  _ZN4cell5Daisy21LFQueue2GetPopPointerEPNS0_8LFQueue2EPij
09-25 09:25:00.969 13504 13627 D RPCS3   : **** cellDaisy export: (0x163dafeb) at 0x0953a34 [at:0x093c95c, rtoc:same-above]:  _QN4cell5Daisy4Lock15completeConsumeEj
09-25 09:25:00.969 13504 13627 D RPCS3   : **** cellDaisy export: (0x17348ba6) at 0x0953a44 [at:0x093ca6c, rtoc:same-above]:  _QN4cell5Daisy9_snprintfEPcjPKcz
09-25 09:25:00.969 13504 13627 D RPCS3   : **** cellDaisy export: (0x17c35cc9) at 0x0953a14 [at:0x093c788, rtoc:same-above]:  _ZN4cell5Daisy4Lock7popOpenEv
09-25 09:25:00.969 13504 13627 D RPCS3   : **** cellDaisy export: (0x1bbcb5b9) at 0x0953a54 [at:0x093cca8, rtoc:same-above]:  _ZN4cell5Daisy26LFQueue2CompletePopPointerEPNS0_8LFQueue2EiPFiPvjEj
09-25 09:25:00.969 13504 13627 D RPCS3   : **** cellDaisy export: (0x1ce8c914) at 0x09539d4 [at:0x093ba1c, rtoc:same-above]:  _ZN4cell5Daisy22ScatterGatherInterlock7releaseEv
09-25 09:25:00.969 13504 13627 D RPCS3   : **** cellDaisy export: (0x1cf82d42) at 0x0953a14 [at:0x093c788, rtoc:same-above]:  _QN4cell5Daisy4Lock7popOpenEv
09-25 09:25:00.969 13504 13627 D RPCS3   : **** cellDaisy export: (0x1e5b1e23) at 0x09539e4 [at:0x093bf9c, rtoc:same-above]:  _ZN4cell5Daisy22ScatterGatherInterlockC1EPVNS0_16_AtomicInterlockEjPjjh
09-25 09:25:00.969 13504 13627 D RPCS3   : **** cellDaisy export: (0x20586bc0) at 0x09539e4 [at:0x093bf9c, rtoc:same-above]:  _QN4cell5Daisy22ScatterGatherInterlockC1EPVNS0_16_AtomicInterlockEjPjjh
09-25 09:25:00.969 13504 13627 D RPCS3   : **** cellDaisy export: (0x28acb77f) at 0x0953a44 [at:0x093ca6c, rtoc:same-above]:  _ZN4cell5Daisy9_snprintfEPcjPKcz
09-25 09:25:00.969 13504 13627 D RPCS3   : **** cellDaisy export: (0x2be4dde1) at 0x0953a7c [at:0x093d224, rtoc:same-above]:  _ZN4cell5Daisy29LFQueue2HasUnfinishedConsumerEPNS0_8LFQueue2Ej
09-25 09:25:00.969 13504 13627 D RPCS3   : **** cellDaisy export: (0x2c967aa1) at 0x0953a24 [at:0x093c7b8, rtoc:same-above]:  _ZN4cell5Daisy4Lock18getNextHeadPointerEv
09-25 09:25:00.969 13504 13627 D RPCS3   : **** cellDaisy export: (0x2e8654f8) at 0x09539fc [at:0x093c6f0, rtoc:same-above]:  _ZN4cell5Daisy4Lock10initializeEj
09-25 09:25:00.969 13504 13627 D RPCS3   : **** cellDaisy export: (0x3190dfe4) at 0x09539bc [at:0x093b850, rtoc:same-above]:  _ZN4cell5Daisy22ScatterGatherInterlockC1EPVNS0_16_AtomicInterlockEjPvPFiS5_jE
09-25 09:25:00.969 13504 13627 D RPCS3   : **** cellDaisy export: (0x34234bf0) at 0x09539dc [at:0x093bca0, rtoc:same-above]:  _ZN4cell5Daisy22ScatterGatherInterlockC2EPVNS0_16_AtomicInterlockEjPjjh
09-25 09:25:00.969 13504 13627 D RPCS3   : **** cellDaisy export: (0x41df5d21) at 0x0953a3c [at:0x093c9dc, rtoc:same-above]:  _ZN4cell5Daisy4Lock15completeProduceEj
09-25 09:25:00.969 13504 13627 D RPCS3   : **** cellDaisy export: (0x437151f0) at 0x0953a5c [at:0x093cef4, rtoc:same-above]:  _QN4cell5Daisy16LFQueue2PushOpenEPNS0_8LFQueue2E
09-25 09:25:00.969 13504 13627 D RPCS3   : **** cellDaisy export: (0x43838c2a) at 0x0953a74 [at:0x093d160, rtoc:same-above]:  _QN4cell5Daisy16LFQueue2PopCloseEPNS0_8LFQueue2EPFiPvjE
09-25 09:25:00.969 13504 13627 D RPCS3   : **** cellDaisy export: (0x4c34ec38) at 0x0953a1c [at:0x093c798, rtoc:same-above]:  _QN4cell5Daisy4Lock8popCloseEv
09-25 09:25:00.969 13504 13627 D RPCS3   : **** cellDaisy export: (0x566c9460) at 0x0953a1c [at:0x093c798, rtoc:same-above]:  _ZN4cell5Daisy4Lock8popCloseEv
09-25 09:25:00.969 13504 13627 D RPCS3   : **** cellDaisy export: (0x5a93e4e8) at 0x09539ec [at:0x093c298, rtoc:same-above]:  _ZN4cell5Daisy22ScatterGatherInterlockD2Ev
09-25 09:25:00.969 13504 13627 D RPCS3   : **** cellDaisy export: (0x6f564a3d) at 0x0953a4c [at:0x093cab4, rtoc:same-above]:  _QN4cell5Daisy21LFQueue2GetPopPointerEPNS0_8LFQueue2EPij
09-25 09:25:00.969 13504 13627 D RPCS3   : **** cellDaisy export: (0x6fc83371) at 0x0953a2c [at:0x093c8b4, rtoc:same-above]:  _ZN4cell5Daisy4Lock18getNextTailPointerEv
09-25 09:25:00.969 13504 13627 D RPCS3   : **** cellDaisy export: (0x706feed9) at 0x0953a04 [at:0x093c760, rtoc:same-above]:  _ZN4cell5Daisy4Lock8pushOpenEv
09-25 09:25:00.969 13504 13627 D RPCS3   : **** cellDaisy export: (0x72dee049) at 0x0953a7c [at:0x093d224, rtoc:same-above]:  _QN4cell5Daisy29LFQueue2HasUnfinishedConsumerEPNS0_8LFQueue2Ej
09-25 09:25:00.969 13504 13627 D RPCS3   : **** cellDaisy export: (0x7b79d6aa) at 0x0953a0c [at:0x093c778, rtoc:same-above]:  _ZN4cell5Daisy4Lock9pushCloseEv
09-25 09:25:00.969 13504 13627 D RPCS3   : **** cellDaisy export: (0x7e639d78) at 0x09539ec [at:0x093c298, rtoc:same-above]:  _QN4cell5Daisy22ScatterGatherInterlockD2Ev
09-25 09:25:00.969 13504 13627 D RPCS3   : **** cellDaisy export: (0x8921232c) at 0x0953a6c [at:0x093d128, rtoc:same-above]:  _QN4cell5Daisy15LFQueue2PopOpenEPNS0_8LFQueue2E
09-25 09:25:00.969 13504 13627 D RPCS3   : **** cellDaisy export: (0x8d42fae9) at 0x09539bc [at:0x093b850, rtoc:same-above]:  _QN4cell5Daisy22ScatterGatherInterlockC1EPVNS0_16_AtomicInterlockEjPvPFiS5_jE
09-25 09:25:00.970 13504 13627 D RPCS3   : **** cellDaisy export: (0x8dacb8d0) at 0x09539f4 [at:0x093c4c4, rtoc:same-above]:  _ZN4cell5Daisy22ScatterGatherInterlockD1Ev
09-25 09:25:00.970 13504 13627 D RPCS3   : **** cellDaisy export: (0x8fd3b122) at 0x09539fc [at:0x093c6f0, rtoc:same-above]:  _QN4cell5Daisy4Lock10initializeEj
09-25 09:25:00.970 13504 13627 D RPCS3   : **** cellDaisy export: (0x933c2273) at 0x0953a3c [at:0x093c9dc, rtoc:same-above]:  _QN4cell5Daisy4Lock15completeProduceEj
09-25 09:25:00.970 13504 13627 D RPCS3   : **** cellDaisy export: (0x9581b8bc) at 0x0953a74 [at:0x093d160, rtoc:same-above]:  _ZN4cell5Daisy16LFQueue2PopCloseEPNS0_8LFQueue2EPFiPvjE
09-25 09:25:00.970 13504 13627 D RPCS3   : **** cellDaisy export: (0xa286b24a) at 0x0953a6c [at:0x093d128, rtoc:same-above]:  _ZN4cell5Daisy15LFQueue2PopOpenEPNS0_8LFQueue2E
09-25 09:25:00.970 13504 13627 D RPCS3   : **** cellDaisy export: (0xa2e6c4b0) at 0x0953a64 [at:0x093cf6c, rtoc:same-above]:  _QN4cell5Daisy17LFQueue2PushCloseEPNS0_8LFQueue2EPFiPvjE
09-25 09:25:00.970 13504 13627 D RPCS3   : **** cellDaisy export: (0xa4cd494e) at 0x09539b4 [at:0x093b82c, rtoc:same-above]:  _QN4cell5Daisy22ScatterGatherInterlockC2EPVNS0_16_AtomicInterlockEjPvPFiS5_jE
09-25 09:25:00.970 13504 13627 D RPCS3   : **** cellDaisy export: (0xa98e3c4b) at 0x09539c4 [at:0x093b874, rtoc:same-above]:  _QN4cell5Daisy22ScatterGatherInterlock21proceedSequenceNumberEv
09-25 09:25:00.970 13504 13627 D RPCS3   : **** cellDaisy export: (0xb190d6ad) at 0x09539b4 [at:0x093b82c, rtoc:same-above]:  _ZN4cell5Daisy22ScatterGatherInterlockC2EPVNS0_16_AtomicInterlockEjPvPFiS5_jE
09-25 09:25:00.970 13504 13627 D RPCS3   : **** cellDaisy export: (0xb8e85009) at 0x09539dc [at:0x093bca0, rtoc:same-above]:  _QN4cell5Daisy22ScatterGatherInterlockC2EPVNS0_16_AtomicInterlockEjPjjh
09-25 09:25:00.970 13504 13627 D RPCS3   : **** cellDaisy export: (0xbd091e26) at 0x0953a34 [at:0x093c95c, rtoc:same-above]:  _ZN4cell5Daisy4Lock15completeConsumeEj
09-25 09:25:00.970 13504 13627 D RPCS3   : **** cellDaisy export: (0xc0faf91c) at 0x09539c4 [at:0x093b874, rtoc:same-above]:  _ZN4cell5Daisy22ScatterGatherInterlock21proceedSequenceNumberEv
09-25 09:25:00.970 13504 13627 D RPCS3   : **** cellDaisy export: (0xc3e29e69) at 0x0953a24 [at:0x093c7b8, rtoc:same-above]:  _QN4cell5Daisy4Lock18getNextHeadPointerEv
09-25 09:25:00.970 13504 13627 D RPCS3   : **** cellDaisy export: (0xc6c5f3c6) at 0x0953a0c [at:0x093c778, rtoc:same-above]:  _QN4cell5Daisy4Lock9pushCloseEv
09-25 09:25:00.970 13504 13627 D RPCS3   : **** cellDaisy export: (0xce618901) at 0x0953a54 [at:0x093cca8, rtoc:same-above]:  _QN4cell5Daisy26LFQueue2CompletePopPointerEPNS0_8LFQueue2EiPFiPvjEj
09-25 09:25:00.970 13504 13627 D RPCS3   : **** cellDaisy export: (0xd2be66e6) at 0x09539cc [at:0x093b8b8, rtoc:same-above]:  _ZN4cell5Daisy22ScatterGatherInterlock5probeEj
09-25 09:25:00.970 13504 13627 D RPCS3   : **** cellDaisy export: (0xd888f42a) at 0x0953a04 [at:0x093c760, rtoc:same-above]:  _QN4cell5Daisy4Lock8pushOpenEv
09-25 09:25:00.970 13504 13627 D RPCS3   : **** cellDaisy export: (0xdeb0d2e6) at 0x09539cc [at:0x093b8b8, rtoc:same-above]:  _QN4cell5Daisy22ScatterGatherInterlock5probeEj
09-25 09:25:00.970 13504 13627 D RPCS3   : **** cellDaisy export: (0xed37e00a) at 0x09539f4 [at:0x093c4c4, rtoc:same-above]:  _QN4cell5Daisy22ScatterGatherInterlockD1Ev
09-25 09:25:00.970 13504 13627 D RPCS3   : **** cellDaisy export: (0xf2034429) at 0x0953a5c [at:0x093cef4, rtoc:same-above]:  _ZN4cell5Daisy16LFQueue2PushOpenEPNS0_8LFQueue2E
09-25 09:25:00.970 13504 13627 D RPCS3   : **** cellDaisy export: (0xf88e07db) at 0x0953a2c [at:0x093c8b4, rtoc:same-above]:  _QN4cell5Daisy4Lock18getNextTailPointerEv
09-25 09:25:00.970 13504 13627 D RPCS3   : **** cellDaisy export: (0xfa46fd99) at 0x09539d4 [at:0x093ba1c, rtoc:same-above]:  _QN4cell5Daisy22ScatterGatherInterlock7releaseEv
09-25 09:25:00.970 13504 13627 D RPCS3   : ** Exported module 'cellSpudll' (vnids=0x0, vstubs=0x0, fnids=0x93e624, faddrs=0x93e62c, version=0x1, attributes=0x9, unk4=0x2c000001, unk5=0x90002)
09-25 09:25:00.970 13504 13627 D RPCS3   : **** cellSpudll export: (0x3fbcf1d6) at 0x0953aa4 [at:0x093d6b4, rtoc:0x0095bab0]:  cellSpudllHandleConfigSetDefaultValues
09-25 09:25:00.970 13504 13627 D RPCS3   : **** cellSpudll export: (0xcccd3257) at 0x0953a9c [at:0x093d5dc, rtoc:same-above]:  cellSpudllGetImageSize
09-25 09:25:00.970 13504 13627 W RPCS3   : _sys_prx_start_module(id=0x23001100, flags=0x0, pOpt=*0xd0010750)
09-25 09:25:00.970 13504 13627 W RPCS3   : _sys_prx_start_module(id=0x23000b00, flags=0x0, pOpt=*0xd0010d60)
09-25 09:25:00.970 13504 13627 W RPCS3   : _sys_prx_register_module(name=“_sysProcessElf”, opt=*0xd0010da0)
09-25 09:25:00.970 13504 13627 W RPCS3   : opt: size=0x30, type=0x2, unk3=0x0, unk4=0x0, lib_entries_ea=00, lib_entries_size=0x0, lib_stub_ea=00, lib_stub_size=0x0, error_handler=0x8d0818
09-25 09:25:00.970 13504 13627 W RPCS3   : sys_memory_get_user_memory_size(mem_info=*0xd0010b74)
09-25 09:25:00.970 13504 13627 W RPCS3   : sys_memory_get_user_memory_size(mem_info=*0xd0010910)
09-25 09:25:00.970 13504 13627 W RPCS3   : _sys_prx_load_module(path=“/dev_flash/sys/external/libfs.sprx”, flags=0x0, pOpt=*0x0)
09-25 09:25:00.971 13504 13627 D RPCS3   : ** Segment: p_type=0x1, p_vaddr=0x0, p_filesz=0xfef0, p_memsz=0xfef0, flags=0x400005
09-25 09:25:00.971 13504 13627 W RPCS3   : **** Loaded to 0x960000...0x96feef (size=0xfef0)
09-25 09:25:00.971 13504 13627 D RPCS3   : ** Segment: p_type=0x1, p_vaddr=0xfef0, p_filesz=0x1774, p_memsz=0xa290, flags=0x600006
09-25 09:25:00.971 13504 13627 W RPCS3   : **** Loaded to 0x970000...0x97a28f (size=0xa290)
09-25 09:25:00.971 13504 13627 D RPCS3   : ** Segment: p_type=0x700000a4, p_vaddr=0x0, p_filesz=0x90d8, p_memsz=0x0, flags=0x0
09-25 09:25:00.971 13504 13627 W RPCS3   : Library sys_fs_Library (rtoc=0x9795d0):
09-25 09:25:00.971 13504 13627 D RPCS3   : ** Special: [module_start] at 0x9704d0 [0x960000, 0x9795d0]
09-25 09:25:00.971 13504 13627 D RPCS3   : ** Special: [module_stop] at 0x9704d8 [0x960050, 0x9795d0]
09-25 09:25:00.971 13504 13627 D RPCS3   : ** Special: &[module_info] at 0x96f990
09-25 09:25:00.971 13504 13627 D RPCS3   : ** Special: &[0x6D0F6CAE] at 0x97003c
09-25 09:25:00.971 13504 13627 D RPCS3   : ** Exported module 'sys_fs' (vnids=0x1c000001, vstubs=0x90001, fnids=0x96fa00, faddrs=0x96fbf4, version=0x1, attributes=0x9, unk4=0x0, unk5=0x0)
09-25 09:25:00.971 13504 13627 D RPCS3   : **** sys_fs export: (0x02671310) at 0x0970c88 [at:0x0967808, rtoc:0x009795d0]:  cellFsSetDefaultContainer
09-25 09:25:00.971 13504 13627 D RPCS3   : **** sys_fs export: (0x06e681ed) at 0x0970b90 [at:0x096568c, rtoc:same-above]:  cellFsAccess
09-25 09:25:00.971 13504 13627 D RPCS3   : **** sys_fs export: (0x0cda14ba) at 0x0970bc0 [at:0x09660c0, rtoc:same-above]:  0x0CDA14BA
09-25 09:25:00.971 13504 13627 D RPCS3   : **** sys_fs export: (0x0d5b4a14) at 0x0970cf0 [at:0x0967b40, rtoc:same-above]:  cellFsReadWithOffset
09-25 09:25:00.971 13504 13627 D RPCS3   : **** sys_fs export: (0x0e2939e5) at 0x09707e8 [at:0x09615e8, rtoc:same-above]:  cellFsFtruncate
09-25 09:25:00.971 13504 13627 D RPCS3   : **** sys_fs export: (0x103b8632) at 0x0970b70 [at:0x0964df0, rtoc:same-above]:  cellFsAllocateFileAreaWithInitialData
09-25 09:25:00.971 13504 13627 D RPCS3   : **** sys_fs export: (0x13bf1286) at 0x0971550 [at:0x096e544, rtoc:same-above]:  0x13BF1286
09-25 09:25:00.971 13504 13627 D RPCS3   : **** sys_fs export: (0x14d58c7a) at 0x0970a00 [at:0x096232c, rtoc:same-above]:  cellFsMappedAllocate
09-25 09:25:00.971 13504 13627 D RPCS3   : **** sys_fs export: (0x18dd4604) at 0x0970c28 [at:0x09673ac, rtoc:same-above]:  cellFsOpen2
09-25 09:25:00.971 13504 13627 D RPCS3   : **** sys_fs export: (0x190912f6) at 0x09710f0 [at:0x0968850, rtoc:same-above]:  cellFsStReadGetCurrentAddr
09-25 09:25:00.971 13504 13627 D RPCS3   : **** sys_fs export: (0x1a108ab7) at 0x0970b78 [at:0x0964f70, rtoc:same-above]:  cellFsGetBlockSize
09-25 09:25:00.971 13504 13627 D RPCS3   : **** sys_fs export: (0x1b0b915e) at 0x09707b0 [at:0x096151c, rtoc:same-above]:  cellFsLsnGetCDA
09-25 09:25:00.971 13504 13627 D RPCS3   : **** sys_fs export: (0x1caec657) at 0x09709f0 [at:0x0962274, rtoc:same-above]:  cellFsFGetBlockSize2
09-25 09:25:00.971 13504 13627 D RPCS3   : **** sys_fs export: (0x1ea02e2f) at 0x0971038 [at:0x096824c, rtoc:same-above]:  cellFsArcadeHddSerialNumber
09-25 09:25:00.971 13504 13627 D RPCS3   : **** sys_fs export: (0x1ff82b63) at 0x09707c0 [at:0x0961548, rtoc:same-above]:  cellFsLsnLock
09-25 09:25:00.971 13504 13627 D RPCS3   : **** sys_fs export: (0x226cd693) at 0x09707c8 [at:0x0961568, rtoc:same-above]:  cellFsLsnUnlock
09-25 09:25:00.971 13504 13627 D RPCS3   : **** sys_fs export: (0x24fa3bcc) at 0x0970b58 [at:0x0964a5c, rtoc:same-above]:  cellFsAclRead
09-25 09:25:00.971 13504 13627 D RPCS3   : **** sys_fs export: (0x2664c8ae) at 0x0971130 [at:0x0968a18, rtoc:same-above]:  cellFsStReadInit
09-25 09:25:00.971 13504 13627 D RPCS3   : **** sys_fs export: (0x27800c6b) at 0x09710f8 [at:0x0968890, rtoc:same-above]:  cellFsStRead
09-25 09:25:00.971 13504 13627 D RPCS3   : **** sys_fs export: (0x2796fdf3) at 0x0970c20 [at:0x09672c0, rtoc:same-above]:  cellFsRmdir
09-25 09:25:00.971 13504 13627 D RPCS3   : **** sys_fs export: (0x2cb51f0d) at 0x0970718 [at:0x0961204, rtoc:same-above]:  cellFsClose
09-25 09:25:00.971 13504 13627 D RPCS3   : **** sys_fs export: (0x2cf1296b) at 0x09709a0 [at:0x0961fa8, rtoc:same-above]:  cellFsAllocateFileAreaByFdWithoutZeroFill
09-25 09:25:00.971 13504 13627 D RPCS3   : **** sys_fs export: (0x3140f6e1) at 0x0970ca8 [at:0x09678c0, rtoc:same-above]:  cellFsSetIoBuffer
09-25 09:25:00.971 13504 13627 D RPCS3   : **** sys_fs export: (0x3394f037) at 0x09707d8 [at:0x0961594, rtoc:same-above]:  cellFsAllocateFileAreaByFdWithInitialData
09-25 09:25:00.971 13504 13627 D RPCS3   : **** sys_fs export: (0x37907f9f) at 0x0970bc8 [at:0x096619c, rtoc:same-above]:  0x37907F9F
09-25 09:25:00.971 13504 13627 D RPCS3   : **** sys_fs export: (0x384c65cf) at 0x09709c8 [at:0x09620e0, rtoc:same-above]:  cellFsMappedFree
09-25 09:25:00.971 13504 13627 D RPCS3   : **** sys_fs export: (0x3a1c8393) at 0x09707e0 [at:0x09615c8, rtoc:same-above]:  cellFsTruncate2
09-25 09:25:00.971 13504 13627 D RPCS3   : **** sys_fs export: (0x3aaa1bd0) at 0x0970b60 [at:0x0964c3c, rtoc:same-above]:  cellFsLink
09-25 09:25:00.971 13504 13627 D RPCS3   : **** sys_fs export: (0x3f61245c) at 0x0970720 [at:0x0961224, rtoc:same-above]:  cellFsOpendir
09-25 09:25:00.971 13504 13627 D RPCS3   : **** sys_fs export: (0x445c878f) at 0x0970fc8 [at:0x0967fc8, rtoc:same-above]:  cellFsSdataOpenWithVersion
09-25 09:25:00.971 13504 13627 D RPCS3   : **** sys_fs export: (0x4bd5073a) at 0x0970be8 [at:0x096669c, rtoc:same-above]:  cellFsGetBlockSize2
09-25 09:25:00.971 13504 13627 D RPCS3   : **** sys_fs export: (0x4cef342e) at 0x0971440 [at:0x096d5d8, rtoc:same-above]:  cellFsAioWrite
09-25 09:25:00.971 13504 13627 D RPCS3   : **** sys_fs export: (0x4d5ff8e2) at 0x0970708 [at:0x0961154, rtoc:same-above]:  cellFsRead
09-25 09:25:00.972 13504 13627 D RPCS3   : **** sys_fs export: (0x5731df45) at 0x0971068 [at:0x0968440, rtoc:same-above]:  0x5731DF45
09-25 09:25:00.972 13504 13627 D RPCS3   : **** sys_fs export: (0x5c74903d) at 0x0970728 [at:0x09612fc, rtoc:same-above]:  cellFsReaddir
09-25 09:25:00.972 13504 13627 D RPCS3   : **** sys_fs export: (0x606f9f42) at 0x0970c30 [at:0x09674c8, rtoc:same-above]:  cellFsChangeFileSizeWithoutAllocation
09-25 09:25:00.972 13504 13627 D RPCS3   : **** sys_fs export: (0x6a4b95c1) at 0x09709d0 [at:0x096211c, rtoc:same-above]:  cellFsLsnRead
09-25 09:25:00.972 13504 13627 D RPCS3   : **** sys_fs export: (0x6ae0ba7f) at 0x0970760 [at:0x09613cc, rtoc:same-above]:  cellFsFcntl
09-25 09:25:00.972 13504 13627 D RPCS3   : **** sysPrxForUser import: [_sys_malloc] (0xbdb18f83) -> 0x96f89c
09-25 09:25:00.972 13504 13627 W RPCS3   : PRX hash of libfs.sprx[0]: PRX-H14M7Kw54vZM8hi0agesE9jnvJgq-0
09-25 09:25:00.972 13504 13627 W RPCS3   : PRX hash of libfs.sprx[1]: PRX-H14M7Kw54vZM8hi0agesE9jnvJgq-1
09-25 09:25:00.974 13504 13627 D RPCS3   : Function analysis: 450 functions (577 enqueued)
09-25 09:25:00.975 13504 13627 D RPCS3   : Block analysis: 2692 blocks (1 enqueued)
09-25 09:25:00.979 13504 13627 D RPCS3   : LLVM Context target: configured='cortex-a34', effective='cortex-a34', features='+fp-armv8,+neon,+crc,+crypto'
09-25 09:25:00.979 13504 13627 I RPCSX-UI: LLVM Context target: configured='cortex-a34', effective='cortex-a34', features='+fp-armv8,+neon,+crc,+crypto'
09-25 09:25:00.979 13504 13627 D RPCS3   : S3PPU stage=link-begin tid=491450659520 modules=1 jits=1
09-25 09:25:00.986 13504 13627 I RPCS3   : LLVM: Loaded module v7-kusa-fLV79QqHgPi90UziTsWrHo-0004Xr-cortex-a34-2.obj
09-25 09:25:00.986 13504 13627 D RPCS3   : S3PPU stage=link-end tid=491450659520 failed=0 jits=1
09-25 09:25:00.986 13504 13627 D RPCS3   : S3PPU stage=apply-begin tid=491450659520 jits=1 resolver_count=1 first=1
09-25 09:25:00.986 13504 13627 D RPCS3   : S3PPU stage=jit-finalize-begin tid=491450659520 index=0 total=1
09-25 09:25:00.987 13504 13627 D RPCS3   : S3PPU stage=jit-finalize-end tid=491450659520 index=0 total=1
09-25 09:25:00.987 13504 13627 D RPCS3   : S3PPU stage=apply-end tid=491450659520 resolvers=1 first=1
09-25 09:25:00.987 13504 13627 I RPCS3   : Loaded module: "/dev_flash/sys/external/libfs.sprx" (id=0x23001d00)
09-25 09:25:00.987 13504 13627 W RPCS3   : _sys_prx_start_module(id=0x23001d00, flags=0x0, pOpt=*0xd0010690)
09-25 09:25:00.987 13504 13627 D RPCS3   : ** Special: [module_start] at 0x9704d0 [0x960000, 0x9795d0]
09-25 09:25:00.987 13504 13627 D RPCS3   : ** Special: [module_stop] at 0x9704d8 [0x960050, 0x9795d0]
09-25 09:25:00.987 13504 13627 D RPCS3   : ** Special: &[module_info] at 0x96f990
09-25 09:25:00.987 13504 13627 D RPCS3   : ** Special: &[0x6D0F6CAE] at 0x97003c
09-25 09:25:00.987 13504 13627 D RPCS3   : ** Exported module 'sys_fs' (vnids=0x1c000001, vstubs=0x90001, fnids=0x96fa00, faddrs=0x96fbf4, version=0x1, attributes=0x9, unk4=0x0, unk5=0x0)
09-25 09:25:00.987 13504 13627 D RPCS3   : **** sys_fs export: (0x02671310) at 0x0970c88 [at:0x0967808, rtoc:0x009795d0]:  cellFsSetDefaultContainer
09-25 09:25:00.987 13504 13627 D RPCS3   : **** sys_fs export: (0x06e681ed) at 0x0970b90 [at:0x096568c, rtoc:same-above]:  cellFsAccess
09-25 09:25:00.987 13504 13627 D RPCS3   : **** sys_fs export: (0x0cda14ba) at 0x0970bc0 [at:0x09660c0, rtoc:same-above]:  0x0CDA14BA
09-25 09:25:00.987 13504 13627 D RPCS3   : **** sys_fs export: (0x0d5b4a14) at 0x0970cf0 [at:0x0967b40, rtoc:same-above]:  cellFsReadWithOffset
09-25 09:25:00.987 13504 13627 D RPCS3   : **** sys_fs export: (0x0e2939e5) at 0x09707e8 [at:0x09615e8, rtoc:same-above]:  cellFsFtruncate
09-25 09:25:00.987 13504 13627 D RPCS3   : **** sys_fs export: (0x103b8632) at 0x0970b70 [at:0x0964df0, rtoc:same-above]:  cellFsAllocateFileAreaWithInitialData
09-25 09:25:00.987 13504 13627 D RPCS3   : **** sys_fs export: (0x13bf1286) at 0x0971550 [at:0x096e544, rtoc:same-above]:  0x13BF1286
09-25 09:25:00.987 13504 13627 D RPCS3   : **** sys_fs export: (0x14d58c7a) at 0x0970a00 [at:0x096232c, rtoc:same-above]:  cellFsMappedAllocate
09-25 09:25:00.987 13504 13627 D RPCS3   : **** sys_fs export: (0x18dd4604) at 0x0970c28 [at:0x09673ac, rtoc:same-above]:  cellFsOpen2
09-25 09:25:00.987 13504 13627 D RPCS3   : **** sys_fs export: (0x190912f6) at 0x09710f0 [at:0x0968850, rtoc:same-above]:  cellFsStReadGetCurrentAddr
09-25 09:25:00.987 13504 13627 D RPCS3   : **** sys_fs export: (0x1a108ab7) at 0x0970b78 [at:0x0964f70, rtoc:same-above]:  cellFsGetBlockSize
09-25 09:25:00.987 13504 13627 D RPCS3   : **** sys_fs export: (0x1b0b915e) at 0x09707b0 [at:0x096151c, rtoc:same-above]:  cellFsLsnGetCDA
09-25 09:25:00.987 13504 13627 D RPCS3   : **** sys_fs export: (0x1caec657) at 0x09709f0 [at:0x0962274, rtoc:same-above]:  cellFsFGetBlockSize2
09-25 09:25:00.987 13504 13627 D RPCS3   : **** sys_fs export: (0x1ea02e2f) at 0x0971038 [at:0x096824c, rtoc:same-above]:  cellFsArcadeHddSerialNumber
09-25 09:25:00.987 13504 13627 D RPCS3   : **** sys_fs export: (0x1ff82b63) at 0x09707c0 [at:0x0961548, rtoc:same-above]:  cellFsLsnLock
09-25 09:25:00.987 13504 13627 D RPCS3   : **** sys_fs export: (0x226cd693) at 0x09707c8 [at:0x0961568, rtoc:same-above]:  cellFsLsnUnlock
09-25 09:25:00.987 13504 13627 D RPCS3   : **** sys_fs export: (0x24fa3bcc) at 0x0970b58 [at:0x0964a5c, rtoc:same-above]:  cellFsAclRead
09-25 09:25:00.987 13504 13627 D RPCS3   : **** sys_fs export: (0x2664c8ae) at 0x0971130 [at:0x0968a18, rtoc:same-above]:  cellFsStReadInit
09-25 09:25:00.987 13504 13627 D RPCS3   : **** sys_fs export: (0x27800c6b) at 0x09710f8 [at:0x0968890, rtoc:same-above]:  cellFsStRead
09-25 09:25:00.987 13504 13627 D RPCS3   : **** sys_fs export: (0x2796fdf3) at 0x0970c20 [at:0x09672c0, rtoc:same-above]:  cellFsRmdir
09-25 09:25:00.987 13504 13627 D RPCS3   : **** sys_fs export: (0x2cb51f0d) at 0x0970718 [at:0x0961204, rtoc:same-above]:  cellFsClose
09-25 09:25:00.987 13504 13627 D RPCS3   : **** sys_fs export: (0x2cf1296b) at 0x09709a0 [at:0x0961fa8, rtoc:same-above]:  cellFsAllocateFileAreaByFdWithoutZeroFill
09-25 09:25:00.987 13504 13627 D RPCS3   : **** sys_fs export: (0x3140f6e1) at 0x0970ca8 [at:0x09678c0, rtoc:same-above]:  cellFsSetIoBuffer
09-25 09:25:00.987 13504 13627 D RPCS3   : **** sys_fs export: (0x3394f037) at 0x09707d8 [at:0x0961594, rtoc:same-above]:  cellFsAllocateFileAreaByFdWithInitialData
09-25 09:25:00.987 13504 13627 D RPCS3   : **** sys_fs export: (0x37907f9f) at 0x0970bc8 [at:0x096619c, rtoc:same-above]:  0x37907F9F
09-25 09:25:00.987 13504 13627 D RPCS3   : **** sys_fs export: (0x384c65cf) at 0x09709c8 [at:0x09620e0, rtoc:same-above]:  cellFsMappedFree
09-25 09:25:00.987 13504 13627 D RPCS3   : **** sys_fs export: (0x3a1c8393) at 0x09707e0 [at:0x09615c8, rtoc:same-above]:  cellFsTruncate2
09-25 09:25:00.987 13504 13627 D RPCS3   : **** sys_fs export: (0x3aaa1bd0) at 0x0970b60 [at:0x0964c3c, rtoc:same-above]:  cellFsLink
09-25 09:25:00.987 13504 13627 D RPCS3   : **** sys_fs export: (0x3f61245c) at 0x0970720 [at:0x0961224, rtoc:same-above]:  cellFsOpendir
09-25 09:25:00.987 13504 13627 D RPCS3   : **** sys_fs export: (0x445c878f) at 0x0970fc8 [at:0x0967fc8, rtoc:same-above]:  cellFsSdataOpenWithVersion
09-25 09:25:00.987 13504 13627 D RPCS3   : **** sys_fs export: (0x4bd5073a) at 0x0970be8 [at:0x096669c, rtoc:same-above]:  cellFsGetBlockSize2
09-25 09:25:00.987 13504 13627 D RPCS3   : **** sys_fs export: (0x4cef342e) at 0x0971440 [at:0x096d5d8, rtoc:same-above]:  cellFsAioWrite
09-25 09:25:00.987 13504 13627 D RPCS3   : **** sys_fs export: (0x4d5ff8e2) at 0x0970708 [at:0x0961154, rtoc:same-above]:  cellFsRead
09-25 09:25:00.987 13504 13627 D RPCS3   : **** sys_fs export: (0x5731df45) at 0x0971068 [at:0x0968440, rtoc:same-above]:  0x5731DF45
09-25 09:25:00.987 13504 13627 D RPCS3   : **** sys_fs export: (0x5c74903d) at 0x0970728 [at:0x09612fc, rtoc:same-above]:  cellFsReaddir
09-25 09:25:00.987 13504 13627 D RPCS3   : **** sys_fs export: (0x606f9f42) at 0x0970c30 [at:0x09674c8, rtoc:same-above]:  cellFsChangeFileSizeWithoutAllocation
09-25 09:25:00.987 13504 13627 D RPCS3   : **** sys_fs export: (0x6a4b95c1) at 0x09709d0 [at:0x096211c, rtoc:same-above]:  cellFsLsnRead
09-25 09:25:00.987 13504 13627 D RPCS3   : **** sys_fs export: (0x6ae0ba7f) at 0x0970760 [at:0x09613cc, rtoc:same-above]:  cellFsFcntl
09-25 09:25:00.987 13504 13627 D RPCS3   : **** sys_fs export: (0x6c815943) at 0x09707a8 [at:0x09614fc, rtoc:same-above]:  cellFsLsnGetCDASize
09-25 09:25:00.987 13504 13627 D RPCS3   : **** sys_fs export: (0x6d3bb15b) at 0x0970d80 [at:0x0967e4c, rtoc:same-above]:  cellFsSdataOpenByFd
09-25 09:25:00.987 13504 13627 D RPCS3   : **** sys_fs export: (0x718bf5f8) at 0x0970c00 [at:0x0966d24, rtoc:same-above]:  cellFsOpen
09-25 09:25:00.987 13504 13627 D RPCS3   : **** sys_fs export: (0x75f16dc5) at 0x0970cb0 [at:0x0967a10, rtoc:same-above]:  cellFsSetIoBufferFromDefaultContainer
09-25 09:25:00.987 13504 13627 D RPCS3   : **** sys_fs export: (0x7a0329a1) at 0x0970c38 [at:0x0967648, rtoc:same-above]:  cellFsAllocateFileAreaWithoutZeroFill
09-25 09:25:00.987 13504 13627 D RPCS3   : **** sys_fs export: (0x7dbb9a4d) at 0x0970be0 [at:0x0966564, rtoc:same-above]:  0x7DBB9A4D
09-25 09:25:00.987 13504 13627 D RPCS3   : **** sys_fs export: (0x7de6dced) at 0x0970b38 [at:0x096460c, rtoc:same-above]:  cellFsStat
09-25 09:25:00.987 13504 13627 D RPCS3   : **** sys_fs export: (0x7f13fc8c) at 0x0971438 [at:0x096d5a8, rtoc:same-above]:  cellFsAioCancel
09-25 09:25:00.987 13504 13627 D RPCS3   : **** sys_fs export: (0x7f4677a8) at 0x0970c18 [at:0x09671d4, rtoc:same-above]:  cellFsUnlink
09-25 09:25:00.987 13504 13627 D RPCS3   : **** sys_fs export: (0x81f33783) at 0x09710e8 [at:0x0968814, rtoc:same-above]:  cellFsStReadPutCurrentAddr
09-25 09:25:00.987 13504 13627 D RPCS3   : **** sys_fs export: (0x842e7e06) at 0x0970ba0 [at:0x09659f8, rtoc:same-above]:  cellFsChown
09-25 09:25:00.987 13504 13627 D RPCS3   : **** sys_fs export: (0x866f6aec) at 0x09710d8 [at:0x09687a4, rtoc:same-above]:  cellFsStReadWaitCallback
09-25 09:25:00.987 13504 13627 D RPCS3   : **** sys_fs export: (0x8cb722d5) at 0x0970d10 [at:0x0967c50, rtoc:same-above]:  cellFsWriteWithOffset
09-25 09:25:00.987 13504 13627 D RPCS3   : **** sys_fs export: (0x8dcff2cd) at 0x0970b88 [at:0x0965584, rtoc:same-above]:  cellFsSymbolicLink
09-25 09:25:00.987 13504 13627 D RPCS3   : **** sys_fs export: (0x8df28ff9) at 0x0971108 [at:0x0968904, rtoc:same-above]:  cellFsStReadStart
09-25 09:25:00.987 13504 13627 D RPCS3   : **** sys_fs export: (0x8f71c5b2) at 0x09710e0 [at:0x09687e0, rtoc:same-above]:  cellFsStReadWait
09-25 09:25:00.987 13504 13627 D RPCS3   : **** sys_fs export: (0x91a1beaa) at 0x0971070 [at:0x09684a4, rtoc:same-above]:  cellFsSetDiscReadRetrySetting
09-25 09:25:00.987 13504 13627 D RPCS3   : **** sys_fs export: (0x91d59f69) at 0x0970860 [at:0x0961954, rtoc:same-above]:  cellFsGetPath
09-25 09:25:00.987 13504 13627 D RPCS3   : **** sys_fs export: (0x964db398) at 0x0970af0 [at:0x0963e0c, rtoc:same-above]:  0x964DB398
09-25 09:25:00.987 13504 13627 D RPCS3   : **** sys_fs export: (0x967a162b) at 0x0970778 [at:0x096144c, rtoc:same-above]:  cellFsFsync
09-25 09:25:00.987 13504 13627 D RPCS3   : **** sys_fs export: (0x99406d0b) at 0x0970b50 [at:0x09648d0, rtoc:same-above]:  cellFsChmod
09-25 09:25:00.987 13504 13627 D RPCS3   : **** sys_fs export: (0x9b882495) at 0x0970a40 [at:0x09628fc, rtoc:same-above]:  cellFsGetDirectoryEntries
09-25 09:25:00.987 13504 13627 D RPCS3   : **** sys_fs export: (0x9f951810) at 0x0971458 [at:0x096d774, rtoc:same-above]:  cellFsAioFinish
09-25 09:25:00.987 13504 13627 D RPCS3   : **** sys_fs export: (0x9fdbba89) at 0x0971098 [at:0x0968598, rtoc:same-above]:  0x9FDBBA89
09-25 09:25:00.987 13504 13627 D RPCS3   : **** sys_fs export: (0xa01ee33a) at 0x0970b30 [at:0x0964608, rtoc:same-above]:  cellFsRegisterConversionCallback
09-25 09:25:00.987 13504 13627 D RPCS3   : **** sys_fs export: (0xa397d042) at 0x0970768 [at:0x09613ec, rtoc:same-above]:  cellFsLseek
09-25 09:25:00.987 13504 13627 D RPCS3   : **** sys_fs export: (0xaa3b4bcd) at 0x0970b80 [at:0x0965154, rtoc:same-above]:  cellFsGetFreeSize
09-25 09:25:00.987 13504 13627 D RPCS3   : **** sys_fs export: (0xaddf33cd) at 0x0970bd0 [at:0x0966308, rtoc:same-above]:  0xADDF33CD
09-25 09:25:00.987 13504 13627 D RPCS3   : **** sys_fs export: (0xae4a225e) at 0x0970bd8 [at:0x096642c, rtoc:same-above]:  0xAE4A225E
09-25 09:25:00.987 13504 13627 D RPCS3   : **** sys_fs export: (0xb1840b53) at 0x0970d38 [at:0x0967d7c, rtoc:same-above]:  cellFsSdataOpen
09-25 09:25:00.987 13504 13627 D RPCS3   : **** sys_fs export: (0xb3afee8b) at 0x0971120 [at:0x09689b0, rtoc:same-above]:  cellFsStReadGetRingBuf
09-25 09:25:00.987 13504 13627 D RPCS3   : **** sys_fs export: (0xba901fe6) at 0x0970bb8 [at:0x0965f34, rtoc:same-above]:  cellFsMkdir
09-25 09:25:00.987 13504 13627 D RPCS3   : **** sys_fs export: (0xbd273a88) at 0x0971110 [at:0x0968940, rtoc:same-above]:  cellFsStReadGetRegid
09-25 09:25:00.987 13504 13627 D RPCS3   : **** sys_fs export: (0xbef554a4) at 0x0970bb0 [at:0x0965d34, rtoc:same-above]:  cellFsUtime
09-25 09:25:00.987 13504 13627 D RPCS3   : **** sys_fs export: (0xc1c507e7) at 0x0971448 [at:0x096d618, rtoc:same-above]:  cellFsAioRead
09-25 09:25:00.987 13504 13627 D RPCS3   : **** sys_fs export: (0xc85c4de7) at 0x0970b40 [at:0x0964748, rtoc:same-above]:  0xC85C4DE7
09-25 09:25:00.987 13504 13627 D RPCS3   : **** sys_fs export: (0xc9dc3ac5) at 0x0970ba8 [at:0x0965ba4, rtoc:same-above]:  cellFsTruncate
09-25 09:25:00.987 13504 13627 D RPCS3   : **** sys_fs export: (0xcb588dba) at 0x0970780 [at:0x096146c, rtoc:same-above]:  cellFsFGetBlockSize
09-25 09:25:00.987 13504 13627 D RPCS3   : **** sys_fs export: (0xcbf1758b) at 0x0970b68 [at:0x0964d44, rtoc:same-above]:  0xCBF1758B
09-25 09:25:00.987 13504 13627 D RPCS3   : **** sys_fs export: (0xcf34969c) at 0x0971118 [at:0x0968978, rtoc:same-above]:  cellFsStReadGetStatus
09-25 09:25:00.987 13504 13627 D RPCS3   : **** sys_fs export: (0xd338a65a) at 0x0970770 [at:0x096142c, rtoc:same-above]:  cellFsFdatasync
09-25 09:25:00.987 13504 13627 D RPCS3   : **** sys_fs export: (0xd73938df) at 0x0971128 [at:0x09689e8, rtoc:same-above]:  cellFsStReadFinish
09-25 09:25:00.987 13504 13627 D RPCS3   : **** sys_fs export: (0xdb869f20) at 0x0971460 [at:0x096d7c4, rtoc:same-above]:  cellFsAioInit
09-25 09:25:00.987 13504 13627 D RPCS3   : **** sys_fs export: (0xe15939c3) at 0x0970998 [at:0x0961f74, rtoc:same-above]:  cellFsChangeFileSizeByFdWithoutAllocation
09-25 09:25:00.987 13504 13627 D RPCS3   : **** sys_fs export: (0xe3d28395) at 0x0970c10 [at:0x0966f6c, rtoc:same-above]:  cellFsSetAttribute
09-25 09:25:00.987 13504 13627 D RPCS3   : **** sys_fs export: (0xe44827ed) at 0x0970b98 [at:0x0965818, rtoc:same-above]:  cellFsAclWrite
09-25 09:25:00.987 13504 13627 D RPCS3   : **** sys_fs export: (0xecdcf2ab) at 0x0970710 [at:0x09611ac, rtoc:same-above]:  cellFsWrite
09-25 09:25:00.987 13504 13627 D RPCS3   : **** sys_fs export: (0xef3efa34) at 0x0970738 [at:0x0961374, rtoc:same-above]:  cellFsFstat
09-25 09:25:00.987 13504 13627 D RPCS3   : **** sys_fs export: (0xf0a73832) at 0x09709f8 [at:0x09622d0, rtoc:same-above]:  cellFsLsnRead2
09-25 09:25:00.987 13504 13627 D RPCS3   : **** sys_fs export: (0xf12eecc8) at 0x0970bf0 [at:0x096689c, rtoc:same-above]:  cellFsRename
09-25 09:25:00.987 13504 13627 D RPCS3   : **** sys_fs export: (0xf44c0e1d) at 0x0970b48 [at:0x0964824, rtoc:same-above]:  0xF44C0E1D
09-25 09:25:00.987 13504 13627 D RPCS3   : **** sys_fs export: (0xf8e5d9a0) at 0x0971100 [at:0x09688d4, rtoc:same-above]:  cellFsStReadStop
09-25 09:25:00.987 13504 13627 D RPCS3   : **** sys_fs export: (0xf94baa80) at 0x0970b20 [at:0x096451c, rtoc:same-above]:  cellFsUnregisterL10nCallbacks
09-25 09:25:00.987 13504 13627 D RPCS3   : **** sys_fs export: (0xff29f478) at 0x0970bf8 [at:0x0966a44, rtoc:same-above]:  0xFF29F478
09-25 09:25:00.987 13504 13627 D RPCS3   : **** sys_fs export: (0xff42dcc3) at 0x0970730 [at:0x0961354, rtoc:same-above]:  cellFsClosedir
09-25 09:25:00.987 13504 13627 D RPCS3   : ** Exported module 'sys_fs_ps2disc' (vnids=0x0, vstubs=0x0, fnids=0x96fd78, faddrs=0x96fd7c, version=0x1, attributes=0x9, unk4=0x2c000001, unk5=0x9000f)
09-25 09:25:00.987 13504 13627 D RPCS3   : **** sys_fs_ps2disc export: (0x8160a811) at 0x0971048 [at:0x0968350, rtoc:0x009795d0]:  0x8160A811
09-25 09:25:00.987 13504 13627 W RPCS3   : _sys_prx_start_module(id=0x23001d00, flags=0x0, pOpt=*0xd0010690)
09-25 09:25:00.987 13504 13627 W RPCS3   : _sys_prx_load_module(path=“/dev_flash/sys/external/libsysutil_np.sprx”, flags=0x0, pOpt=*0x0)
09-25 09:25:00.987 13504 13627 W RPCS3   : Ignored module: "/dev_flash/sys/external/libsysutil_np.sprx" (id=0x23003300)
09-25 09:25:00.987 13504 13627 W RPCS3   : _sys_prx_start_module(id=0x23003300, flags=0x0, pOpt=*0xd0010690)
09-25 09:25:00.987 13504 13627 W RPCS3   : _sys_prx_start_module(id=0x23003300, flags=0x0, pOpt=*0xd0010690)
09-25 09:25:00.987 13504 13627 W RPCS3   : _sys_prx_load_module(path=“/dev_flash/sys/external/libsysutil_np_trophy.sprx”, flags=0x0, pOpt=*0x0)
09-25 09:25:00.987 13504 13627 W RPCS3   : Ignored module: "/dev_flash/sys/external/libsysutil_np_trophy.sprx" (id=0x23003400)
09-25 09:25:00.987 13504 13627 W RPCS3   : _sys_prx_start_module(id=0x23003400, flags=0x0, pOpt=*0xd00105b0)
09-25 09:25:00.987 13504 13627 W RPCS3   : _sys_prx_start_module(id=0x23003400, flags=0x0, pOpt=*0xd00105b0)
09-25 09:25:00.987 13504 13627 W RPCS3   : _sys_prx_load_module(path=“/dev_flash/sys/external/libsysutil_game.sprx”, flags=0x0, pOpt=*0x0)
09-25 09:25:00.987 13504 13627 W RPCS3   : Ignored module: "/dev_flash/sys/external/libsysutil_game.sprx" (id=0x23003500)
09-25 09:25:00.988 13504 13627 W RPCS3   : _sys_prx_start_module(id=0x23003500, flags=0x0, pOpt=*0xd0010690)
09-25 09:25:00.988 13504 13627 W RPCS3   : _sys_prx_start_module(id=0x23003500, flags=0x0, pOpt=*0xd0010690)
09-25 09:25:00.988 13504 13627 W RPCS3   : _sys_prx_load_module(path=“/dev_flash/sys/external/libvdec.sprx”, flags=0x0, pOpt=*0x0)
09-25 09:25:00.988 13504 13627 W RPCS3   : Ignored module: "/dev_flash/sys/external/libvdec.sprx" (id=0x23003600)
09-25 09:25:00.988 13504 13627 W RPCS3   : _sys_prx_start_module(id=0x23003600, flags=0x0, pOpt=*0xd00105e0)
09-25 09:25:00.988 13504 13627 W RPCS3   : _sys_prx_start_module(id=0x23003600, flags=0x0, pOpt=*0xd00105e0)
09-25 09:25:00.988 13504 13627 W RPCS3   : _sys_prx_load_module(path=“/dev_flash/sys/external/libsmvd2.sprx”, flags=0x0, pOpt=*0x0)
09-25 09:25:00.990 13504 13627 D RPCS3   : ** Segment: p_type=0x1, p_vaddr=0x0, p_filesz=0x43100, p_memsz=0x50000, flags=0x400007
09-25 09:25:00.991 13504 13627 W RPCS3   : **** Loaded to 0x980000...0x9cffff (size=0x50000)
09-25 09:25:00.991 13504 13627 D RPCS3   : ** Segment: p_type=0x1, p_vaddr=0x43100, p_filesz=0x390, p_memsz=0x390, flags=0x600006
09-25 09:25:00.991 13504 13627 W RPCS3   : **** Loaded to 0x9d0000...0x9d038f (size=0x390)
09-25 09:25:00.991 13504 13627 D RPCS3   : ** Segment: p_type=0x700000a4, p_vaddr=0x0, p_filesz=0x1830, p_memsz=0x0, flags=0x0
09-25 09:25:00.991 13504 13627 W RPCS3   : Library libsmvd2_Library (rtoc=0x9d8380):
09-25 09:25:00.991 13504 13627 D RPCS3   : ** Special: [module_stop] at 0x9d0100 [0x980000, 0x9d8380]
09-25 09:25:00.991 13504 13627 D RPCS3   : ** Special: [module_start] at 0x9d0108 [0x980008, 0x9d8380]
09-25 09:25:00.991 13504 13627 D RPCS3   : ** Special: &[module_info] at 0x985160
09-25 09:25:00.991 13504 13627 D RPCS3   : ** Special: &[0x6D0F6CAE] at 0x9d0044
09-25 09:25:00.991 13504 13627 D RPCS3   : ** Exported module 'libsmvd2' (vnids=0x0, vstubs=0x0, fnids=0x9851e4, faddrs=0x985258, version=0x1, attributes=0x9, unk4=0x2c000001, unk5=0x9000f)
09-25 09:25:00.991 13504 13627 D RPCS3   : **** libsmvd2 export: (0x1a5b72dd) at 0x09d01f8 [at:0x0982f18, rtoc:0x009d8380]:  0x1A5B72DD
09-25 09:25:00.991 13504 13627 D RPCS3   : **** libsmvd2 export: (0x32da1344) at 0x09d01a0 [at:0x0981df0, rtoc:same-above]:  0x32DA1344
09-25 09:25:00.991 13504 13627 D RPCS3   : **** libsmvd2 export: (0x3b95270d) at 0x09d0130 [at:0x0980a70, rtoc:same-above]:  0x3B95270D
09-25 09:25:00.991 13504 13627 D RPCS3   : **** libsmvd2 export: (0x4a1964a6) at 0x09d01a8 [at:0x0981ed0, rtoc:same-above]:  0x4A1964A6
09-25 09:25:00.991 13504 13627 D RPCS3   : **** libsmvd2 export: (0x52bb9416) at 0x09d0170 [at:0x0981b38, rtoc:same-above]:  0x52BB9416
09-25 09:25:00.991 13504 13627 D RPCS3   : **** libsmvd2 export: (0x540b43ae) at 0x09d0160 [at:0x09814d8, rtoc:same-above]:  0x540B43AE
09-25 09:25:00.991 13504 13627 D RPCS3   : **** libsmvd2 export: (0x5a0355cf) at 0x09d0188 [at:0x0981c6c, rtoc:same-above]:  0x5A0355CF
09-25 09:25:00.991 13504 13627 D RPCS3   : **** libsmvd2 export: (0x60d0f4fa) at 0x09d0200 [at:0x09832a4, rtoc:same-above]:  0x60D0F4FA
09-25 09:25:00.991 13504 13627 D RPCS3   : **** libsmvd2 export: (0x6b49a7c7) at 0x09d0198 [at:0x0981d88, rtoc:same-above]:  0x6B49A7C7
09-25 09:25:00.991 13504 13627 D RPCS3   : **** libsmvd2 export: (0x6d1f7d3f) at 0x09d0190 [at:0x0981d50, rtoc:same-above]:  0x6D1F7D3F
09-25 09:25:00.991 13504 13627 D RPCS3   : **** libsmvd2 export: (0x96c2a2d9) at 0x09d01b8 [at:0x0982150, rtoc:same-above]:  0x96C2A2D9
09-25 09:25:00.991 13504 13627 D RPCS3   : **** libsmvd2 export: (0xa0d447eb) at 0x09d01c0 [at:0x09821fc, rtoc:same-above]:  0xA0D447EB
09-25 09:25:00.991 13504 13627 D RPCS3   : **** libsmvd2 export: (0xd09740f6) at 0x09d0138 [at:0x0980b54, rtoc:same-above]:  0xD09740F6
09-25 09:25:00.991 13504 13627 D RPCS3   : **** libsmvd2 export: (0xd8d930bc) at 0x09d0140 [at:0x0980cf4, rtoc:same-above]:  0xD8D930BC
09-25 09:25:00.991 13504 13627 D RPCS3   : **** libsmvd2 export: (0xdc6f4ff1) at 0x09d0158 [at:0x09811b8, rtoc:same-above]:  0xDC6F4FF1
09-25 09:25:00.991 13504 13627 D RPCS3   : **** libsmvd2 export: (0xe3072df9) at 0x09d0168 [at:0x0981820, rtoc:same-above]:  0xE3072DF9
09-25 09:25:00.991 13504 13627 D RPCS3   : **** libsmvd2 export: (0xe36f2a6c) at 0x09d01b0 [at:0x0981fb0, rtoc:same-above]:  0xE36F2A6C
09-25 09:25:00.991 13504 13627 D RPCS3   : **** libsmvd2 export: (0xe9fff717) at 0x09d01d0 [at:0x09824c8, rtoc:same-above]:  0xE9FFF717
09-25 09:25:00.991 13504 13627 D RPCS3   : **** libsmvd2 export: (0xf007f937) at 0x09d01d8 [at:0x0982570, rtoc:same-above]:  0xF007F937
09-25 09:25:00.991 13504 13627 D RPCS3   : **** libsmvd2 export: (0xf4e8d559) at 0x09d0180 [at:0x0981b8c, rtoc:same-above]:  0xF4E8D559
09-25 09:25:00.991 13504 13627 D RPCS3   : **** libsmvd2 export: (0xff05dd1f) at 0x09d0128 [at:0x098073c, rtoc:same-above]:  0xFF05DD1F
09-25 09:25:00.991 13504 13627 D RPCS3   : ** Imported module 'cellSpurs' (ver=0x1, attr=0x9, 0x0, 0x0) [0x985104]
09-25 09:25:00.991 13504 13627 D RPCS3   : **** cellSpurs import: [cellSpursQueueDetachLv2EventQueue] (0x039d70b7) -> 0x984e94
09-25 09:25:00.991 13504 13627 D RPCS3   : **** cellSpurs import: [_cellSpursQueueInitialize] (0x082bfb09) -> 0x984eb4
09-25 09:25:00.991 13504 13627 D RPCS3   : **** cellSpurs import: [_cellSpursTasksetAttributeInitialize] (0x16394a4e) -> 0x984ed4
09-25 09:25:00.991 13504 13627 D RPCS3   : **** cellSpurs import: [cellSpursTasksetAttributeSetName] (0x652b70e2) -> 0x984ef4
09-25 09:25:00.991 13504 13627 D RPCS3   : **** cellSpurs import: [cellSpursTaskGetReadOnlyAreaPattern] (0x7cb33c2e) -> 0x984f14
09-25 09:25:00.991 13504 13627 D RPCS3   : **** cellSpurs import: [cellSpursTaskGetContextSaveAreaSize] (0x9034e538) -> 0x984f34
09-25 09:25:00.991 13504 13627 D RPCS3   : **** cellSpurs import: [cellSpursQueuePopBody] (0x91066667) -> 0x984f54
09-25 09:25:00.991 13504 13627 D RPCS3   : **** cellSpurs import: [cellSpursQueuePushBody] (0x92cff6ed) -> 0x984f74
09-25 09:25:00.991 13504 13627 D RPCS3   : **** cellSpurs import: [cellSpursJoinTaskset] (0x9f72add3) -> 0x984f94
09-25 09:25:00.991 13504 13627 D RPCS3   : **** cellSpurs import: [cellSpursShutdownTaskset] (0xa789e631) -> 0x984fb4
09-25 09:25:00.991 13504 13627 D RPCS3   : **** cellSpurs import: [cellSpursInitialize] (0xacfc8dbc) -> 0x984fd4
09-25 09:25:00.991 13504 13627 D RPCS3   : **** cellSpurs import: [cellSpursCreateTask] (0xbeb600ac) -> 0x984ff4
09-25 09:25:00.991 13504 13627 D RPCS3   : **** cellSpurs import: [cellSpursCreateTasksetWithAttribute] (0xc10931cb) -> 0x985014
09-25 09:25:00.991 13504 13627 D RPCS3   : **** cellSpurs import: [cellSpursFinalize] (0xca4c4600) -> 0x985034
09-25 09:25:00.991 13504 13627 D RPCS3   : **** cellSpurs import: [cellSpursQueueAttachLv2EventQueue] (0xe5443be7) -> 0x985054
09-25 09:25:00.991 13504 13627 D RPCS3   : ** Imported module 'sysPrxForUser' (ver=0x1, attr=0x9, 0x0, 0x0) [0x985130]
09-25 09:25:00.991 13504 13627 D RPCS3   : **** sysPrxForUser import: [_sys_snprintf] (0x06574237) -> 0x985074
09-25 09:25:00.991 13504 13627 D RPCS3   : **** sysPrxForUser import: [_sys_memcpy] (0x6bf66ea7) -> 0x985094
09-25 09:25:00.991 13504 13627 W RPCS3   : PRX hash of libsmvd2.sprx[0]: PRX-t8YaeJT5xeuQUdEvndgFmnXAvM9P-0
09-25 09:25:00.991 13504 13627 W RPCS3   : PRX hash of libsmvd2.sprx[1]: PRX-t8YaeJT5xeuQUdEvndgFmnXAvM9P-1
09-25 09:25:00.992 13504 13627 W RPCS3   : SPU executable hash: SPU-d795df55ed32d71c52413cd1902cb770db15d306
09-25 09:25:00.992 13504 13627 W RPCS3   : 	Segment: p_type=0x1, p_vaddr=0x3000, p_filesz=0x157e0, p_memsz=0x157e0, p_offset=0x100
09-25 09:25:00.992 13504 13627 W RPCS3   : 	Segment: p_type=0x1, p_vaddr=0x18800, p_filesz=0x20, p_memsz=0x640, p_offset=0x15900
09-25 09:25:00.992 13504 13627 W RPCS3   : 	Segment: p_type=0x4, p_vaddr=0x0, p_filesz=0x34, p_memsz=0x0, p_offset=0x15920
09-25 09:25:00.992 13504 13627 W RPCS3   : 	SPUNAME: 'm2v_dec.elf' (image addr: 0x985380, size: 0x16070)
09-25 09:25:00.992 13504 13627 W RPCS3   : SPU executable hash: SPU-f02a080d90f5f3eba86156dfc04e08ee6cf17760
09-25 09:25:00.992 13504 13627 W RPCS3   : 	Segment: p_type=0x1, p_vaddr=0x3000, p_filesz=0x26e40, p_memsz=0x26e40, p_offset=0x100
09-25 09:25:00.992 13504 13627 W RPCS3   : 	Segment: p_type=0x1, p_vaddr=0x29e80, p_filesz=0x30, p_memsz=0x5f0, p_offset=0x26f80
09-25 09:25:00.992 13504 13627 W RPCS3   : 	Segment: p_type=0x4, p_vaddr=0x0, p_filesz=0x34, p_memsz=0x0, p_offset=0x26fb0
09-25 09:25:00.992 13504 13627 W RPCS3   : 	SPUNAME: 'm2v_slice.elf' (image addr: 0x99b600, size: 0x27898)
09-25 09:25:00.994 13504 13627 D RPCS3   : Function analysis: 97 functions (137 enqueued)
09-25 09:25:00.994 13504 13627 D RPCS3   : Block analysis: 955 blocks (1 enqueued)
09-25 09:25:00.996 13504 13627 D RPCS3   : LLVM Context target: configured='cortex-a34', effective='cortex-a34', features='+fp-armv8,+neon,+crc,+crypto'
09-25 09:25:00.996 13504 13627 I RPCSX-UI: LLVM Context target: configured='cortex-a34', effective='cortex-a34', features='+fp-armv8,+neon,+crc,+crypto'
09-25 09:25:00.996 13504 13627 D RPCS3   : S3PPU stage=link-begin tid=491450659520 modules=1 jits=1
09-25 09:25:00.998 13504 13627 I RPCS3   : LLVM: Loaded module v7-kusa-ttuWcrR8vkrZXRoK2sr771-0004Xr-cortex-a34-2.obj
09-25 09:25:00.998 13504 13627 D RPCS3   : S3PPU stage=link-end tid=491450659520 failed=0 jits=1
09-25 09:25:00.998 13504 13627 D RPCS3   : S3PPU stage=apply-begin tid=491450659520 jits=1 resolver_count=1 first=1
09-25 09:25:00.998 13504 13627 D RPCS3   : S3PPU stage=jit-finalize-begin tid=491450659520 index=0 total=1
09-25 09:25:00.999 13504 13627 D RPCS3   : S3PPU stage=jit-finalize-end tid=491450659520 index=0 total=1
09-25 09:25:00.999 13504 13627 D RPCS3   : S3PPU stage=apply-end tid=491450659520 resolvers=1 first=1
09-25 09:25:00.999 13504 13627 I RPCS3   : Loaded module: "/dev_flash/sys/external/libsmvd2.sprx" (id=0x23003700)
09-25 09:25:00.999 13504 13627 W RPCS3   : _sys_prx_start_module(id=0x23003700, flags=0x0, pOpt=*0xd0010690)
09-25 09:25:00.999 13504 13627 D RPCS3   : ** Special: [module_stop] at 0x9d0100 [0x980000, 0x9d8380]
09-25 09:25:00.999 13504 13627 D RPCS3   : ** Special: [module_start] at 0x9d0108 [0x980008, 0x9d8380]
09-25 09:25:00.999 13504 13627 D RPCS3   : ** Special: &[module_info] at 0x985160
09-25 09:25:00.999 13504 13627 D RPCS3   : ** Special: &[0x6D0F6CAE] at 0x9d0044
09-25 09:25:00.999 13504 13627 D RPCS3   : ** Exported module 'libsmvd2' (vnids=0x0, vstubs=0x0, fnids=0x9851e4, faddrs=0x985258, version=0x1, attributes=0x9, unk4=0x2c000001, unk5=0x9000f)
09-25 09:25:00.999 13504 13627 D RPCS3   : **** libsmvd2 export: (0x1a5b72dd) at 0x09d01f8 [at:0x0982f18, rtoc:0x009d8380]:  0x1A5B72DD
09-25 09:25:00.999 13504 13627 D RPCS3   : **** libsmvd2 export: (0x32da1344) at 0x09d01a0 [at:0x0981df0, rtoc:same-above]:  0x32DA1344
09-25 09:25:00.999 13504 13627 D RPCS3   : **** libsmvd2 export: (0x3b95270d) at 0x09d0130 [at:0x0980a70, rtoc:same-above]:  0x3B95270D
09-25 09:25:00.999 13504 13627 D RPCS3   : **** libsmvd2 export: (0x4a1964a6) at 0x09d01a8 [at:0x0981ed0, rtoc:same-above]:  0x4A1964A6
09-25 09:25:00.999 13504 13627 D RPCS3   : **** libsmvd2 export: (0x52bb9416) at 0x09d0170 [at:0x0981b38, rtoc:same-above]:  0x52BB9416
09-25 09:25:00.999 13504 13627 D RPCS3   : **** libsmvd2 export: (0x540b43ae) at 0x09d0160 [at:0x09814d8, rtoc:same-above]:  0x540B43AE
09-25 09:25:00.999 13504 13627 D RPCS3   : **** libsmvd2 export: (0x5a0355cf) at 0x09d0188 [at:0x0981c6c, rtoc:same-above]:  0x5A0355CF
09-25 09:25:00.999 13504 13627 D RPCS3   : **** libsmvd2 export: (0x60d0f4fa) at 0x09d0200 [at:0x09832a4, rtoc:same-above]:  0x60D0F4FA
09-25 09:25:00.999 13504 13627 D RPCS3   : **** libsmvd2 export: (0x6b49a7c7) at 0x09d0198 [at:0x0981d88, rtoc:same-above]:  0x6B49A7C7
09-25 09:25:00.999 13504 13627 D RPCS3   : **** libsmvd2 export: (0x6d1f7d3f) at 0x09d0190 [at:0x0981d50, rtoc:same-above]:  0x6D1F7D3F
09-25 09:25:00.999 13504 13627 D RPCS3   : **** libsmvd2 export: (0x96c2a2d9) at 0x09d01b8 [at:0x0982150, rtoc:same-above]:  0x96C2A2D9
09-25 09:25:00.999 13504 13627 D RPCS3   : **** libsmvd2 export: (0xa0d447eb) at 0x09d01c0 [at:0x09821fc, rtoc:same-above]:  0xA0D447EB
09-25 09:25:00.999 13504 13627 D RPCS3   : **** libsmvd2 export: (0xd09740f6) at 0x09d0138 [at:0x0980b54, rtoc:same-above]:  0xD09740F6
09-25 09:25:00.999 13504 13627 D RPCS3   : **** libsmvd2 export: (0xd8d930bc) at 0x09d0140 [at:0x0980cf4, rtoc:same-above]:  0xD8D930BC
09-25 09:25:00.999 13504 13627 D RPCS3   : **** libsmvd2 export: (0xdc6f4ff1) at 0x09d0158 [at:0x09811b8, rtoc:same-above]:  0xDC6F4FF1
09-25 09:25:00.999 13504 13627 D RPCS3   : **** libsmvd2 export: (0xe3072df9) at 0x09d0168 [at:0x0981820, rtoc:same-above]:  0xE3072DF9
09-25 09:25:00.999 13504 13627 D RPCS3   : **** libsmvd2 export: (0xe36f2a6c) at 0x09d01b0 [at:0x0981fb0, rtoc:same-above]:  0xE36F2A6C
09-25 09:25:00.999 13504 13627 D RPCS3   : **** libsmvd2 export: (0xe9fff717) at 0x09d01d0 [at:0x09824c8, rtoc:same-above]:  0xE9FFF717
09-25 09:25:00.999 13504 13627 D RPCS3   : **** libsmvd2 export: (0xf007f937) at 0x09d01d8 [at:0x0982570, rtoc:same-above]:  0xF007F937
09-25 09:25:00.999 13504 13627 D RPCS3   : **** libsmvd2 export: (0xf4e8d559) at 0x09d0180 [at:0x0981b8c, rtoc:same-above]:  0xF4E8D559
09-25 09:25:00.999 13504 13627 D RPCS3   : **** libsmvd2 export: (0xff05dd1f) at 0x09d0128 [at:0x098073c, rtoc:same-above]:  0xFF05DD1F
09-25 09:25:00.999 13504 13627 W RPCS3   : _sys_prx_start_module(id=0x23003700, flags=0x0, pOpt=*0xd0010690)
09-25 09:25:00.999 13504 13627 W RPCS3   : _sys_prx_load_module(path=“/dev_flash/sys/external/libsysutil_avconf_ext.sprx”, flags=0x0, pOpt=*0x0)
09-25 09:25:00.999 13504 13627 W RPCS3   : Ignored module: "/dev_flash/sys/external/libsysutil_avconf_ext.sprx" (id=0x23003800)
09-25 09:25:00.999 13504 13627 W RPCS3   : _sys_prx_start_module(id=0x23003800, flags=0x0, pOpt=*0xd0010690)
09-25 09:25:00.999 13504 13627 W RPCS3   : _sys_prx_start_module(id=0x23003800, flags=0x0, pOpt=*0xd0010690)
09-25 09:25:00.999 13504 13627 W RPCS3   : sys_mmapper_allocate_address(size=0x20000000, flags=0x400, alignment=0x0, alloc_addr=*0x58a920)
09-25 09:25:00.999 13504 13627 W RPCS3   : sys_mmapper_allocate_address(): Found VM 0x30000000 area (vsize=0x20000000)
09-25 09:25:00.999 13504 13627 W RPCS3   : sys_mmapper_allocate_shared_memory(ipc_key=0xffff000000000000, size=0x100000, flags=0x400, mem_id=*0x58b954)
09-25 09:25:00.999 13504 13627 W RPCS3   : sys_mmapper_allocate_shared_memory(ipc_key=0xffff000000000000, size=0x100000, flags=0x400, mem_id=*0x58b958)
09-25 09:25:01.000 13504 13627 W RPCS3   : sys_mmapper_allocate_shared_memory(ipc_key=0xffff000000000000, size=0x100000, flags=0x400, mem_id=*0x58b95c)
09-25 09:25:01.000 13504 13627 W RPCS3   : sys_mmapper_allocate_shared_memory(ipc_key=0xffff000000000000, size=0x100000, flags=0x400, mem_id=*0x58b960)
09-25 09:25:01.000 13504 13627 W RPCS3   : sys_mmapper_allocate_shared_memory(ipc_key=0xffff000000000000, size=0x100000, flags=0x400, mem_id=*0x58b964)
09-25 09:25:01.000 13504 13627 W RPCS3   : sys_mmapper_allocate_shared_memory(ipc_key=0xffff000000000000, size=0x100000, flags=0x400, mem_id=*0x58b968)
09-25 09:25:01.000 13504 13627 W RPCS3   : sys_mmapper_allocate_shared_memory(ipc_key=0xffff000000000000, size=0x100000, flags=0x400, mem_id=*0x58b96c)
09-25 09:25:01.000 13504 13627 W RPCS3   : sys_mmapper_allocate_shared_memory(ipc_key=0xffff000000000000, size=0x100000, flags=0x400, mem_id=*0x58b970)
09-25 09:25:01.000 13504 13627 W RPCS3   : sys_mmapper_allocate_shared_memory(ipc_key=0xffff000000000000, size=0x100000, flags=0x400, mem_id=*0x58b974)
09-25 09:25:01.000 13504 13627 W RPCS3   : sys_mmapper_allocate_shared_memory(ipc_key=0xffff000000000000, size=0x100000, flags=0x400, mem_id=*0x58b978)
09-25 09:25:01.000 13504 13627 W RPCS3   : sys_mmapper_allocate_shared_memory(ipc_key=0xffff000000000000, size=0x100000, flags=0x400, mem_id=*0x58b97c)
09-25 09:25:01.000 13504 13627 W RPCS3   : sys_mmapper_allocate_shared_memory(ipc_key=0xffff000000000000, size=0x100000, flags=0x400, mem_id=*0x58b980)
09-25 09:25:01.000 13504 13627 W RPCS3   : sys_mmapper_allocate_shared_memory(ipc_key=0xffff000000000000, size=0x100000, flags=0x400, mem_id=*0x58b984)
09-25 09:25:01.000 13504 13627 W RPCS3   : sys_mmapper_allocate_shared_memory(ipc_key=0xffff000000000000, size=0x100000, flags=0x400, mem_id=*0x58b988)
09-25 09:25:01.000 13504 13627 W RPCS3   : sys_mmapper_allocate_shared_memory(ipc_key=0xffff000000000000, size=0x100000, flags=0x400, mem_id=*0x58b98c)
09-25 09:25:01.000 13504 13627 W RPCS3   : sys_mmapper_allocate_shared_memory(ipc_key=0xffff000000000000, size=0x100000, flags=0x400, mem_id=*0x58b990)
09-25 09:25:01.000 13504 13627 W RPCS3   : sys_mmapper_allocate_shared_memory(ipc_key=0xffff000000000000, size=0x100000, flags=0x400, mem_id=*0x58b994)
09-25 09:25:01.000 13504 13627 W RPCS3   : sys_mmapper_allocate_shared_memory(ipc_key=0xffff000000000000, size=0x100000, flags=0x400, mem_id=*0x58b998)
09-25 09:25:01.000 13504 13627 W RPCS3   : sys_mmapper_allocate_shared_memory(ipc_key=0xffff000000000000, size=0x100000, flags=0x400, mem_id=*0x58b99c)
09-25 09:25:01.000 13504 13627 W RPCS3   : sys_mmapper_allocate_shared_memory(ipc_key=0xffff000000000000, size=0x100000, flags=0x400, mem_id=*0x58b9a0)
09-25 09:25:01.000 13504 13627 W RPCS3   : sys_mmapper_allocate_shared_memory(ipc_key=0xffff000000000000, size=0x100000, flags=0x400, mem_id=*0x58b9a4)
09-25 09:25:01.000 13504 13627 W RPCS3   : sys_mmapper_allocate_shared_memory(ipc_key=0xffff000000000000, size=0x100000, flags=0x400, mem_id=*0x58b9a8)
09-25 09:25:01.000 13504 13627 W RPCS3   : sys_mmapper_allocate_shared_memory(ipc_key=0xffff000000000000, size=0x100000, flags=0x400, mem_id=*0x58b9ac)
09-25 09:25:01.000 13504 13627 W RPCS3   : sys_mmapper_allocate_shared_memory(ipc_key=0xffff000000000000, size=0x100000, flags=0x400, mem_id=*0x58b9b0)
09-25 09:25:01.000 13504 13627 W RPCS3   : sys_mmapper_allocate_shared_memory(ipc_key=0xffff000000000000, size=0x100000, flags=0x400, mem_id=*0x58b9b4)
09-25 09:25:01.000 13504 13627 W RPCS3   : sys_mmapper_allocate_shared_memory(ipc_key=0xffff000000000000, size=0x100000, flags=0x400, mem_id=*0x58b9b8)
09-25 09:25:01.000 13504 13627 W RPCS3   : sys_mmapper_allocate_shared_memory(ipc_key=0xffff000000000000, size=0x100000, flags=0x400, mem_id=*0x58b9bc)
09-25 09:25:01.000 13504 13627 W RPCS3   : sys_mmapper_allocate_shared_memory(ipc_key=0xffff000000000000, size=0x100000, flags=0x400, mem_id=*0x58b9c0)
09-25 09:25:01.000 13504 13627 W RPCS3   : sys_mmapper_allocate_shared_memory(ipc_key=0xffff000000000000, size=0x100000, flags=0x400, mem_id=*0x58b9c4)
09-25 09:25:01.000 13504 13627 W RPCS3   : sys_mmapper_allocate_shared_memory(ipc_key=0xffff000000000000, size=0x100000, flags=0x400, mem_id=*0x58b9c8)
09-25 09:25:01.000 13504 13627 W RPCS3   : sys_mmapper_allocate_shared_memory(ipc_key=0xffff000000000000, size=0x100000, flags=0x400, mem_id=*0x58b9cc)
09-25 09:25:01.000 13504 13627 W RPCS3   : sys_mmapper_allocate_shared_memory(ipc_key=0xffff000000000000, size=0x100000, flags=0x400, mem_id=*0x58b9d0)
09-25 09:25:01.000 13504 13627 W RPCS3   : sys_mmapper_allocate_shared_memory(ipc_key=0xffff000000000000, size=0x100000, flags=0x400, mem_id=*0x58b9d4)
09-25 09:25:01.000 13504 13627 W RPCS3   : sys_mmapper_allocate_shared_memory(ipc_key=0xffff000000000000, size=0x100000, flags=0x400, mem_id=*0x58b9d8)
09-25 09:25:01.000 13504 13627 W RPCS3   : sys_mmapper_allocate_shared_memory(ipc_key=0xffff000000000000, size=0x100000, flags=0x400, mem_id=*0x58b9dc)
09-25 09:25:01.000 13504 13627 W RPCS3   : sys_mmapper_allocate_shared_memory(ipc_key=0xffff000000000000, size=0x100000, flags=0x400, mem_id=*0x58b9e0)
09-25 09:25:01.000 13504 13627 W RPCS3   : sys_mmapper_allocate_shared_memory(ipc_key=0xffff000000000000, size=0x100000, flags=0x400, mem_id=*0x58b9e4)
09-25 09:25:01.000 13504 13627 W RPCS3   : sys_mmapper_allocate_shared_memory(ipc_key=0xffff000000000000, size=0x100000, flags=0x400, mem_id=*0x58b9e8)
09-25 09:25:01.000 13504 13627 W RPCS3   : sys_mmapper_allocate_shared_memory(ipc_key=0xffff000000000000, size=0x100000, flags=0x400, mem_id=*0x58b9ec)
09-25 09:25:01.000 13504 13627 W RPCS3   : sys_mmapper_allocate_shared_memory(ipc_key=0xffff000000000000, size=0x100000, flags=0x400, mem_id=*0x58b9f0)
09-25 09:25:01.000 13504 13627 W RPCS3   : sys_mmapper_allocate_shared_memory(ipc_key=0xffff000000000000, size=0x100000, flags=0x400, mem_id=*0x58b9f4)
09-25 09:25:01.000 13504 13627 W RPCS3   : sys_mmapper_allocate_shared_memory(ipc_key=0xffff000000000000, size=0x100000, flags=0x400, mem_id=*0x58b9f8)
09-25 09:25:01.000 13504 13627 W RPCS3   : sys_mmapper_allocate_shared_memory(ipc_key=0xffff000000000000, size=0x100000, flags=0x400, mem_id=*0x58b9fc)
09-25 09:25:01.000 13504 13627 W RPCS3   : sys_mmapper_allocate_shared_memory(ipc_key=0xffff000000000000, size=0x100000, flags=0x400, mem_id=*0x58ba00)
09-25 09:25:01.000 13504 13627 W RPCS3   : sys_mmapper_allocate_shared_memory(ipc_key=0xffff000000000000, size=0x100000, flags=0x400, mem_id=*0x58ba04)
09-25 09:25:01.000 13504 13627 W RPCS3   : sys_mmapper_allocate_shared_memory(ipc_key=0xffff000000000000, size=0x100000, flags=0x400, mem_id=*0x58ba08)
09-25 09:25:01.000 13504 13627 W RPCS3   : sys_mmapper_allocate_shared_memory(ipc_key=0xffff000000000000, size=0x100000, flags=0x400, mem_id=*0x58ba0c)
09-25 09:25:01.000 13504 13627 W RPCS3   : sys_mmapper_allocate_shared_memory(ipc_key=0xffff000000000000, size=0x100000, flags=0x400, mem_id=*0x58ba10)
09-25 09:25:01.000 13504 13627 W RPCS3   : sys_mmapper_allocate_shared_memory(ipc_key=0xffff000000000000, size=0x100000, flags=0x400, mem_id=*0x58ba14)
09-25 09:25:01.000 13504 13627 W RPCS3   : sys_mmapper_allocate_shared_memory(ipc_key=0xffff000000000000, size=0x100000, flags=0x400, mem_id=*0x58ba18)
09-25 09:25:01.000 13504 13627 W RPCS3   : sys_mmapper_allocate_shared_memory(ipc_key=0xffff000000000000, size=0x100000, flags=0x400, mem_id=*0x58ba1c)
09-25 09:25:01.000 13504 13627 W RPCS3   : sys_mmapper_allocate_shared_memory(ipc_key=0xffff000000000000, size=0x100000, flags=0x400, mem_id=*0x58ba20)
09-25 09:25:01.000 13504 13627 W RPCS3   : sys_mmapper_allocate_shared_memory(ipc_key=0xffff000000000000, size=0x100000, flags=0x400, mem_id=*0x58ba24)
09-25 09:25:01.000 13504 13627 W RPCS3   : sys_mmapper_allocate_shared_memory(ipc_key=0xffff000000000000, size=0x100000, flags=0x400, mem_id=*0x58ba28)
09-25 09:25:01.000 13504 13627 W RPCS3   : sys_mmapper_allocate_shared_memory(ipc_key=0xffff000000000000, size=0x100000, flags=0x400, mem_id=*0x58ba2c)
09-25 09:25:01.000 13504 13627 W RPCS3   : sys_mmapper_allocate_shared_memory(ipc_key=0xffff000000000000, size=0x100000, flags=0x400, mem_id=*0x58ba30)
09-25 09:25:01.000 13504 13627 W RPCS3   : sys_mmapper_allocate_shared_memory(ipc_key=0xffff000000000000, size=0x100000, flags=0x400, mem_id=*0x58ba34)
09-25 09:25:01.000 13504 13627 W RPCS3   : sys_mmapper_allocate_shared_memory(ipc_key=0xffff000000000000, size=0x100000, flags=0x400, mem_id=*0x58ba38)
09-25 09:25:01.000 13504 13627 W RPCS3   : sys_mmapper_allocate_shared_memory(ipc_key=0xffff000000000000, size=0x100000, flags=0x400, mem_id=*0x58ba3c)
09-25 09:25:01.000 13504 13627 W RPCS3   : sys_mmapper_allocate_shared_memory(ipc_key=0xffff000000000000, size=0x100000, flags=0x400, mem_id=*0x58ba40)
09-25 09:25:01.000 13504 13627 W RPCS3   : sys_mmapper_allocate_shared_memory(ipc_key=0xffff000000000000, size=0x100000, flags=0x400, mem_id=*0x58ba44)
09-25 09:25:01.000 13504 13627 W RPCS3   : sys_mmapper_allocate_shared_memory(ipc_key=0xffff000000000000, size=0x100000, flags=0x400, mem_id=*0x58ba48)
09-25 09:25:01.000 13504 13627 W RPCS3   : sys_mmapper_allocate_shared_memory(ipc_key=0xffff000000000000, size=0x100000, flags=0x400, mem_id=*0x58ba4c)
09-25 09:25:01.000 13504 13627 W RPCS3   : sys_mmapper_allocate_shared_memory(ipc_key=0xffff000000000000, size=0x100000, flags=0x400, mem_id=*0x58ba50)
09-25 09:25:01.000 13504 13627 W RPCS3   : sys_mmapper_allocate_shared_memory(ipc_key=0xffff000000000000, size=0x100000, flags=0x400, mem_id=*0x58ba54)
09-25 09:25:01.000 13504 13627 W RPCS3   : sys_mmapper_allocate_shared_memory(ipc_key=0xffff000000000000, size=0x100000, flags=0x400, mem_id=*0x58ba58)
09-25 09:25:01.000 13504 13627 W RPCS3   : sys_mmapper_allocate_shared_memory(ipc_key=0xffff000000000000, size=0x100000, flags=0x400, mem_id=*0x58ba5c)
09-25 09:25:01.000 13504 13627 W RPCS3   : sys_mmapper_allocate_shared_memory(ipc_key=0xffff000000000000, size=0x100000, flags=0x400, mem_id=*0x58ba60)
09-25 09:25:01.001 13504 13627 W RPCS3   : sys_mmapper_allocate_shared_memory(ipc_key=0xffff000000000000, size=0x100000, flags=0x400, mem_id=*0x58ba64)
09-25 09:25:01.001 13504 13627 W RPCS3   : sys_mmapper_allocate_shared_memory(ipc_key=0xffff000000000000, size=0x100000, flags=0x400, mem_id=*0x58ba68)
09-25 09:25:01.001 13504 13627 W RPCS3   : sys_mmapper_allocate_shared_memory(ipc_key=0xffff000000000000, size=0x100000, flags=0x400, mem_id=*0x58ba6c)
09-25 09:25:01.001 13504 13627 W RPCS3   : sys_mmapper_allocate_shared_memory(ipc_key=0xffff000000000000, size=0x100000, flags=0x400, mem_id=*0x58ba70)
09-25 09:25:01.001 13504 13627 W RPCS3   : sys_mmapper_allocate_shared_memory(ipc_key=0xffff000000000000, size=0x100000, flags=0x400, mem_id=*0x58ba74)
09-25 09:25:01.001 13504 13627 W RPCS3   : sys_mmapper_allocate_shared_memory(ipc_key=0xffff000000000000, size=0x100000, flags=0x400, mem_id=*0x58ba78)
09-25 09:25:01.001 13504 13627 W RPCS3   : sys_mmapper_allocate_shared_memory(ipc_key=0xffff000000000000, size=0x100000, flags=0x400, mem_id=*0x58ba7c)
09-25 09:25:01.001 13504 13627 W RPCS3   : sys_mmapper_allocate_shared_memory(ipc_key=0xffff000000000000, size=0x100000, flags=0x400, mem_id=*0x58ba80)
09-25 09:25:01.001 13504 13627 W RPCS3   : sys_mmapper_allocate_shared_memory(ipc_key=0xffff000000000000, size=0x100000, flags=0x400, mem_id=*0x58ba84)
09-25 09:25:01.001 13504 13627 W RPCS3   : sys_mmapper_allocate_shared_memory(ipc_key=0xffff000000000000, size=0x100000, flags=0x400, mem_id=*0x58ba88)
09-25 09:25:01.001 13504 13627 W RPCS3   : sys_mmapper_allocate_shared_memory(ipc_key=0xffff000000000000, size=0x100000, flags=0x400, mem_id=*0x58ba8c)
09-25 09:25:01.001 13504 13627 W RPCS3   : sys_mmapper_allocate_shared_memory(ipc_key=0xffff000000000000, size=0x100000, flags=0x400, mem_id=*0x58ba90)
09-25 09:25:01.001 13504 13627 W RPCS3   : sys_mmapper_allocate_shared_memory(ipc_key=0xffff000000000000, size=0x100000, flags=0x400, mem_id=*0x58ba94)
09-25 09:25:01.001 13504 13627 W RPCS3   : sys_mmapper_allocate_shared_memory(ipc_key=0xffff000000000000, size=0x100000, flags=0x400, mem_id=*0x58ba98)
09-25 09:25:01.001 13504 13627 W RPCS3   : sys_mmapper_allocate_shared_memory(ipc_key=0xffff000000000000, size=0x100000, flags=0x400, mem_id=*0x58ba9c)
09-25 09:25:01.001 13504 13627 W RPCS3   : sys_mmapper_allocate_shared_memory(ipc_key=0xffff000000000000, size=0x100000, flags=0x400, mem_id=*0x58baa0)
09-25 09:25:01.001 13504 13627 W RPCS3   : sys_mmapper_allocate_shared_memory(ipc_key=0xffff000000000000, size=0x100000, flags=0x400, mem_id=*0x58baa4)
09-25 09:25:01.001 13504 13627 W RPCS3   : sys_mmapper_allocate_shared_memory(ipc_key=0xffff000000000000, size=0x100000, flags=0x400, mem_id=*0x58baa8)
09-25 09:25:01.001 13504 13627 W RPCS3   : sys_mmapper_allocate_shared_memory(ipc_key=0xffff000000000000, size=0x100000, flags=0x400, mem_id=*0x58baac)
09-25 09:25:01.001 13504 13627 W RPCS3   : sys_mmapper_allocate_shared_memory(ipc_key=0xffff000000000000, size=0x100000, flags=0x400, mem_id=*0x58bab0)
09-25 09:25:01.001 13504 13627 W RPCS3   : sys_mmapper_allocate_shared_memory(ipc_key=0xffff000000000000, size=0x100000, flags=0x400, mem_id=*0x58bab4)
09-25 09:25:01.001 13504 13627 W RPCS3   : sys_mmapper_allocate_shared_memory(ipc_key=0xffff000000000000, size=0x100000, flags=0x400, mem_id=*0x58bab8)
09-25 09:25:01.001 13504 13627 W RPCS3   : sys_mmapper_allocate_shared_memory(ipc_key=0xffff000000000000, size=0x100000, flags=0x400, mem_id=*0x58babc)
09-25 09:25:01.001 13504 13627 W RPCS3   : sys_mmapper_allocate_shared_memory(ipc_key=0xffff000000000000, size=0x100000, flags=0x400, mem_id=*0x58bac0)
09-25 09:25:01.001 13504 13627 W RPCS3   : sys_mmapper_allocate_shared_memory(ipc_key=0xffff000000000000, size=0x100000, flags=0x400, mem_id=*0x58bac4)
09-25 09:25:01.001 13504 13627 W RPCS3   : sys_mmapper_allocate_shared_memory(ipc_key=0xffff000000000000, size=0x100000, flags=0x400, mem_id=*0x58bac8)
09-25 09:25:01.001 13504 13627 W RPCS3   : sys_mmapper_allocate_shared_memory(ipc_key=0xffff000000000000, size=0x100000, flags=0x400, mem_id=*0x58bacc)
09-25 09:25:01.001 13504 13627 W RPCS3   : sys_mmapper_allocate_shared_memory(ipc_key=0xffff000000000000, size=0x100000, flags=0x400, mem_id=*0x58bad0)
09-25 09:25:01.001 13504 13627 W RPCS3   : sys_mmapper_allocate_shared_memory(ipc_key=0xffff000000000000, size=0x100000, flags=0x400, mem_id=*0x58bad4)
09-25 09:25:01.001 13504 13627 W RPCS3   : sys_mmapper_allocate_shared_memory(ipc_key=0xffff000000000000, size=0x100000, flags=0x400, mem_id=*0x58bad8)
09-25 09:25:01.001 13504 13627 W RPCS3   : sys_mmapper_allocate_shared_memory(ipc_key=0xffff000000000000, size=0x100000, flags=0x400, mem_id=*0x58badc)
09-25 09:25:01.001 13504 13627 W RPCS3   : sys_mmapper_allocate_shared_memory(ipc_key=0xffff000000000000, size=0x100000, flags=0x400, mem_id=*0x58bae0)
09-25 09:25:01.001 13504 13627 W RPCS3   : sys_mmapper_allocate_shared_memory(ipc_key=0xffff000000000000, size=0x100000, flags=0x400, mem_id=*0x58bae4)
09-25 09:25:01.001 13504 13627 W RPCS3   : sys_mmapper_allocate_shared_memory(ipc_key=0xffff000000000000, size=0x100000, flags=0x400, mem_id=*0x58bae8)
09-25 09:25:01.001 13504 13627 W RPCS3   : sys_mmapper_allocate_shared_memory(ipc_key=0xffff000000000000, size=0x100000, flags=0x400, mem_id=*0x58baec)
09-25 09:25:01.001 13504 13627 W RPCS3   : sys_mmapper_allocate_shared_memory(ipc_key=0xffff000000000000, size=0x100000, flags=0x400, mem_id=*0x58baf0)
09-25 09:25:01.001 13504 13627 W RPCS3   : sys_mmapper_allocate_shared_memory(ipc_key=0xffff000000000000, size=0x100000, flags=0x400, mem_id=*0x58baf4)
09-25 09:25:01.001 13504 13627 W RPCS3   : sys_mmapper_allocate_shared_memory(ipc_key=0xffff000000000000, size=0x100000, flags=0x400, mem_id=*0x58baf8)
09-25 09:25:01.001 13504 13627 W RPCS3   : sys_mmapper_allocate_shared_memory(ipc_key=0xffff000000000000, size=0x100000, flags=0x400, mem_id=*0x58bafc)
09-25 09:25:01.001 13504 13627 W RPCS3   : sys_mmapper_allocate_shared_memory(ipc_key=0xffff000000000000, size=0x100000, flags=0x400, mem_id=*0x58bb00)
09-25 09:25:01.001 13504 13627 W RPCS3   : sys_mmapper_allocate_shared_memory(ipc_key=0xffff000000000000, size=0x100000, flags=0x400, mem_id=*0x58bb04)
09-25 09:25:01.001 13504 13627 W RPCS3   : sys_mmapper_allocate_shared_memory(ipc_key=0xffff000000000000, size=0x100000, flags=0x400, mem_id=*0x58bb08)
09-25 09:25:01.001 13504 13627 W RPCS3   : sys_mmapper_allocate_shared_memory(ipc_key=0xffff000000000000, size=0x100000, flags=0x400, mem_id=*0x58bb0c)
09-25 09:25:01.001 13504 13627 W RPCS3   : sys_mmapper_allocate_shared_memory(ipc_key=0xffff000000000000, size=0x100000, flags=0x400, mem_id=*0x58bb10)
09-25 09:25:01.001 13504 13627 W RPCS3   : sys_mmapper_allocate_shared_memory(ipc_key=0xffff000000000000, size=0x100000, flags=0x400, mem_id=*0x58bb14)
09-25 09:25:01.001 13504 13627 W RPCS3   : sys_mmapper_allocate_shared_memory(ipc_key=0xffff000000000000, size=0x100000, flags=0x400, mem_id=*0x58bb18)
09-25 09:25:01.001 13504 13627 W RPCS3   : sys_mmapper_allocate_shared_memory(ipc_key=0xffff000000000000, size=0x100000, flags=0x400, mem_id=*0x58bb1c)
09-25 09:25:01.001 13504 13627 W RPCS3   : sys_mmapper_allocate_shared_memory(ipc_key=0xffff000000000000, size=0x100000, flags=0x400, mem_id=*0x58bb20)
09-25 09:25:01.001 13504 13627 W RPCS3   : sys_mmapper_allocate_shared_memory(ipc_key=0xffff000000000000, size=0x100000, flags=0x400, mem_id=*0x58bb24)
09-25 09:25:01.001 13504 13627 W RPCS3   : sys_mmapper_allocate_shared_memory(ipc_key=0xffff000000000000, size=0x100000, flags=0x400, mem_id=*0x58bb28)
09-25 09:25:01.001 13504 13627 W RPCS3   : sys_mmapper_allocate_shared_memory(ipc_key=0xffff000000000000, size=0x100000, flags=0x400, mem_id=*0x58bb2c)
09-25 09:25:01.001 13504 13627 W RPCS3   : sys_mmapper_allocate_shared_memory(ipc_key=0xffff000000000000, size=0x100000, flags=0x400, mem_id=*0x58bb30)
09-25 09:25:01.001 13504 13627 W RPCS3   : sys_mmapper_allocate_shared_memory(ipc_key=0xffff000000000000, size=0x100000, flags=0x400, mem_id=*0x58bb34)
09-25 09:25:01.001 13504 13627 W RPCS3   : sys_mmapper_allocate_shared_memory(ipc_key=0xffff000000000000, size=0x100000, flags=0x400, mem_id=*0x58bb38)
09-25 09:25:01.001 13504 13627 W RPCS3   : sys_mmapper_allocate_shared_memory(ipc_key=0xffff000000000000, size=0x100000, flags=0x400, mem_id=*0x58bb3c)
09-25 09:25:01.001 13504 13627 W RPCS3   : sys_mmapper_allocate_shared_memory(ipc_key=0xffff000000000000, size=0x100000, flags=0x400, mem_id=*0x58bb40)
09-25 09:25:01.001 13504 13627 W RPCS3   : sys_mmapper_allocate_shared_memory(ipc_key=0xffff000000000000, size=0x100000, flags=0x400, mem_id=*0x58bb44)
09-25 09:25:01.001 13504 13627 W RPCS3   : sys_mmapper_allocate_shared_memory(ipc_key=0xffff000000000000, size=0x100000, flags=0x400, mem_id=*0x58bb48)
09-25 09:25:01.001 13504 13627 W RPCS3   : sys_mmapper_allocate_shared_memory(ipc_key=0xffff000000000000, size=0x100000, flags=0x400, mem_id=*0x58bb4c)
09-25 09:25:01.001 13504 13627 W RPCS3   : sys_mmapper_allocate_shared_memory(ipc_key=0xffff000000000000, size=0x100000, flags=0x400, mem_id=*0x58bb50)
09-25 09:25:01.001 13504 13627 W RPCS3   : sys_mmapper_allocate_shared_memory(ipc_key=0xffff000000000000, size=0x100000, flags=0x400, mem_id=*0x58bb54)
09-25 09:25:01.001 13504 13627 W RPCS3   : sys_mmapper_allocate_shared_memory(ipc_key=0xffff000000000000, size=0x100000, flags=0x400, mem_id=*0x58bb58)
09-25 09:25:01.001 13504 13627 W RPCS3   : sys_mmapper_allocate_shared_memory(ipc_key=0xffff000000000000, size=0x100000, flags=0x400, mem_id=*0x58bb5c)
09-25 09:25:01.001 13504 13627 W RPCS3   : sys_mmapper_allocate_shared_memory(ipc_key=0xffff000000000000, size=0x100000, flags=0x400, mem_id=*0x58bb60)
09-25 09:25:01.001 13504 13627 W RPCS3   : sys_mmapper_allocate_shared_memory(ipc_key=0xffff000000000000, size=0x100000, flags=0x400, mem_id=*0x58bb64)
09-25 09:25:01.001 13504 13627 W RPCS3   : sys_mmapper_allocate_shared_memory(ipc_key=0xffff000000000000, size=0x100000, flags=0x400, mem_id=*0x58bb68)
09-25 09:25:01.001 13504 13627 W RPCS3   : sys_mmapper_allocate_shared_memory(ipc_key=0xffff000000000000, size=0x100000, flags=0x400, mem_id=*0x58bb6c)
09-25 09:25:01.001 13504 13627 W RPCS3   : sys_mmapper_allocate_shared_memory(ipc_key=0xffff000000000000, size=0x100000, flags=0x400, mem_id=*0x58bb70)
09-25 09:25:01.001 13504 13627 W RPCS3   : sys_mmapper_allocate_shared_memory(ipc_key=0xffff000000000000, size=0x100000, flags=0x400, mem_id=*0x58bb74)
09-25 09:25:01.001 13504 13627 W RPCS3   : sys_mmapper_allocate_shared_memory(ipc_key=0xffff000000000000, size=0x100000, flags=0x400, mem_id=*0x58bb78)
09-25 09:25:01.001 13504 13627 W RPCS3   : sys_mmapper_allocate_shared_memory(ipc_key=0xffff000000000000, size=0x100000, flags=0x400, mem_id=*0x58bb7c)
09-25 09:25:01.001 13504 13627 W RPCS3   : sys_mmapper_allocate_shared_memory(ipc_key=0xffff000000000000, size=0x100000, flags=0x400, mem_id=*0x58bb80)
09-25 09:25:01.001 13504 13627 W RPCS3   : sys_mmapper_allocate_shared_memory(ipc_key=0xffff000000000000, size=0x100000, flags=0x400, mem_id=*0x58bb84)
09-25 09:25:01.001 13504 13627 W RPCS3   : sys_mmapper_allocate_shared_memory(ipc_key=0xffff000000000000, size=0x100000, flags=0x400, mem_id=*0x58bb88)
09-25 09:25:01.002 13504 13627 W RPCS3   : sys_mmapper_allocate_shared_memory(ipc_key=0xffff000000000000, size=0x100000, flags=0x400, mem_id=*0x58bb8c)
09-25 09:25:01.002 13504 13627 W RPCS3   : sys_mmapper_allocate_shared_memory(ipc_key=0xffff000000000000, size=0x100000, flags=0x400, mem_id=*0x58bb90)
09-25 09:25:01.002 13504 13627 W RPCS3   : sys_mmapper_allocate_shared_memory(ipc_key=0xffff000000000000, size=0x100000, flags=0x400, mem_id=*0x58bb94)
09-25 09:25:01.002 13504 13627 W RPCS3   : sys_mmapper_allocate_shared_memory(ipc_key=0xffff000000000000, size=0x100000, flags=0x400, mem_id=*0x58bb98)
09-25 09:25:01.002 13504 13627 W RPCS3   : sys_mmapper_allocate_shared_memory(ipc_key=0xffff000000000000, size=0x100000, flags=0x400, mem_id=*0x58bb9c)
09-25 09:25:01.002 13504 13627 W RPCS3   : sys_mmapper_allocate_shared_memory(ipc_key=0xffff000000000000, size=0x100000, flags=0x400, mem_id=*0x58bba0)
09-25 09:25:01.002 13504 13627 W RPCS3   : sys_mmapper_allocate_shared_memory(ipc_key=0xffff000000000000, size=0x100000, flags=0x400, mem_id=*0x58bba4)
09-25 09:25:01.002 13504 13627 W RPCS3   : sys_mmapper_allocate_shared_memory(ipc_key=0xffff000000000000, size=0x100000, flags=0x400, mem_id=*0x58bba8)
09-25 09:25:01.002 13504 13627 W RPCS3   : sys_mmapper_allocate_shared_memory(ipc_key=0xffff000000000000, size=0x100000, flags=0x400, mem_id=*0x58bbac)
09-25 09:25:01.002 13504 13627 W RPCS3   : sys_mmapper_allocate_shared_memory(ipc_key=0xffff000000000000, size=0x100000, flags=0x400, mem_id=*0x58bbb0)
09-25 09:25:01.002 13504 13627 W RPCS3   : sys_mmapper_allocate_shared_memory(ipc_key=0xffff000000000000, size=0x100000, flags=0x400, mem_id=*0x58bbb4)
09-25 09:25:01.002 13504 13627 W RPCS3   : sys_mmapper_allocate_shared_memory(ipc_key=0xffff000000000000, size=0x100000, flags=0x400, mem_id=*0x58bbb8)
09-25 09:25:01.002 13504 13627 W RPCS3   : sys_mmapper_allocate_shared_memory(ipc_key=0xffff000000000000, size=0x100000, flags=0x400, mem_id=*0x58bbbc)
09-25 09:25:01.002 13504 13627 W RPCS3   : sys_mmapper_allocate_shared_memory(ipc_key=0xffff000000000000, size=0x100000, flags=0x400, mem_id=*0x58bbc0)
09-25 09:25:01.002 13504 13627 W RPCS3   : sys_mmapper_allocate_shared_memory(ipc_key=0xffff000000000000, size=0x100000, flags=0x400, mem_id=*0x58bbc4)
09-25 09:25:01.002 13504 13627 W RPCS3   : sys_mmapper_allocate_shared_memory(ipc_key=0xffff000000000000, size=0x100000, flags=0x400, mem_id=*0x58bbc8)
09-25 09:25:01.002 13504 13627 W RPCS3   : sys_mmapper_allocate_shared_memory(ipc_key=0xffff000000000000, size=0x100000, flags=0x400, mem_id=*0x58bbcc)
09-25 09:25:01.002 13504 13627 W RPCS3   : sys_mmapper_allocate_shared_memory(ipc_key=0xffff000000000000, size=0x100000, flags=0x400, mem_id=*0x58bbd0)
09-25 09:25:01.002 13504 13627 W RPCS3   : sys_mmapper_allocate_shared_memory(ipc_key=0xffff000000000000, size=0x100000, flags=0x400, mem_id=*0x58bbd4)
09-25 09:25:01.002 13504 13627 W RPCS3   : sys_mmapper_allocate_shared_memory(ipc_key=0xffff000000000000, size=0x100000, flags=0x400, mem_id=*0x58bbd8)
09-25 09:25:01.002 13504 13627 W RPCS3   : sys_mmapper_allocate_shared_memory(ipc_key=0xffff000000000000, size=0x100000, flags=0x400, mem_id=*0x58bbdc)
09-25 09:25:01.002 13504 13627 W RPCS3   : sys_mmapper_allocate_shared_memory(ipc_key=0xffff000000000000, size=0x100000, flags=0x400, mem_id=*0x58bbe0)
09-25 09:25:01.002 13504 13627 W RPCS3   : sys_mmapper_allocate_shared_memory(ipc_key=0xffff000000000000, size=0x100000, flags=0x400, mem_id=*0x58bbe4)
09-25 09:25:01.002 13504 13627 W RPCS3   : sys_mmapper_allocate_shared_memory(ipc_key=0xffff000000000000, size=0x100000, flags=0x400, mem_id=*0x58bbe8)
09-25 09:25:01.002 13504 13627 W RPCS3   : sys_mmapper_allocate_shared_memory(ipc_key=0xffff000000000000, size=0x100000, flags=0x400, mem_id=*0x58bbec)
09-25 09:25:01.002 13504 13627 W RPCS3   : sys_mmapper_allocate_shared_memory(ipc_key=0xffff000000000000, size=0x100000, flags=0x400, mem_id=*0x58bbf0)
09-25 09:25:01.002 13504 13627 W RPCS3   : sys_mmapper_allocate_shared_memory(ipc_key=0xffff000000000000, size=0x100000, flags=0x400, mem_id=*0x58bbf4)
09-25 09:25:01.002 13504 13627 W RPCS3   : sys_mmapper_allocate_shared_memory(ipc_key=0xffff000000000000, size=0x100000, flags=0x400, mem_id=*0x58bbf8)
09-25 09:25:01.002 13504 13627 W RPCS3   : sys_mmapper_allocate_shared_memory(ipc_key=0xffff000000000000, size=0x100000, flags=0x400, mem_id=*0x58bbfc)
09-25 09:25:01.002 13504 13627 W RPCS3   : sys_mmapper_allocate_shared_memory(ipc_key=0xffff000000000000, size=0x100000, flags=0x400, mem_id=*0x58bc00)
09-25 09:25:01.002 13504 13627 W RPCS3   : sys_mmapper_allocate_shared_memory(ipc_key=0xffff000000000000, size=0x100000, flags=0x400, mem_id=*0x58bc04)
09-25 09:25:01.002 13504 13627 W RPCS3   : sys_mmapper_allocate_shared_memory(ipc_key=0xffff000000000000, size=0x100000, flags=0x400, mem_id=*0x58bc08)
09-25 09:25:01.002 13504 13627 W RPCS3   : sys_mmapper_allocate_shared_memory(ipc_key=0xffff000000000000, size=0x100000, flags=0x400, mem_id=*0x58bc0c)
09-25 09:25:01.002 13504 13627 W RPCS3   : sys_mmapper_allocate_shared_memory(ipc_key=0xffff000000000000, size=0x100000, flags=0x400, mem_id=*0x58bc10)
09-25 09:25:01.002 13504 13627 W RPCS3   : sys_mmapper_allocate_shared_memory(ipc_key=0xffff000000000000, size=0x100000, flags=0x400, mem_id=*0x58bc14)
09-25 09:25:01.002 13504 13627 W RPCS3   : sys_mmapper_allocate_shared_memory(ipc_key=0xffff000000000000, size=0x100000, flags=0x400, mem_id=*0x58bc18)
09-25 09:25:01.002 13504 13627 W RPCS3   : sys_mmapper_allocate_shared_memory(ipc_key=0xffff000000000000, size=0x100000, flags=0x400, mem_id=*0x58bc1c)
09-25 09:25:01.002 13504 13627 W RPCS3   : sys_mmapper_allocate_shared_memory(ipc_key=0xffff000000000000, size=0x100000, flags=0x400, mem_id=*0x58bc20)
09-25 09:25:01.002 13504 13627 W RPCS3   : sys_mmapper_allocate_shared_memory(ipc_key=0xffff000000000000, size=0x100000, flags=0x400, mem_id=*0x58bc24)
09-25 09:25:01.002 13504 13627 W RPCS3   : sys_mmapper_allocate_shared_memory(ipc_key=0xffff000000000000, size=0x100000, flags=0x400, mem_id=*0x58bc28)
09-25 09:25:01.002 13504 13627 W RPCS3   : sys_mmapper_allocate_shared_memory(ipc_key=0xffff000000000000, size=0x100000, flags=0x400, mem_id=*0x58bc2c)
09-25 09:25:01.002 13504 13627 W RPCS3   : sys_mmapper_allocate_shared_memory(ipc_key=0xffff000000000000, size=0x100000, flags=0x400, mem_id=*0x58bc30)
09-25 09:25:01.002 13504 13627 W RPCS3   : sys_mmapper_allocate_shared_memory(ipc_key=0xffff000000000000, size=0x100000, flags=0x400, mem_id=*0x58bc34)
09-25 09:25:01.002 13504 13627 W RPCS3   : sys_mmapper_allocate_shared_memory(ipc_key=0xffff000000000000, size=0x100000, flags=0x400, mem_id=*0x58bc38)
09-25 09:25:01.002 13504 13627 W RPCS3   : sys_mmapper_allocate_shared_memory(ipc_key=0xffff000000000000, size=0x100000, flags=0x400, mem_id=*0x58bc3c)
09-25 09:25:01.002 13504 13627 W RPCS3   : sys_mmapper_allocate_shared_memory(ipc_key=0xffff000000000000, size=0x100000, flags=0x400, mem_id=*0x58bc40)
09-25 09:25:01.002 13504 13627 W RPCS3   : sys_mmapper_allocate_shared_memory(ipc_key=0xffff000000000000, size=0x100000, flags=0x400, mem_id=*0x58bc44)
09-25 09:25:01.002 13504 13627 W RPCS3   : sys_mmapper_allocate_shared_memory(ipc_key=0xffff000000000000, size=0x100000, flags=0x400, mem_id=*0x58bc48)
09-25 09:25:01.002 13504 13627 W RPCS3   : sys_mmapper_allocate_shared_memory(ipc_key=0xffff000000000000, size=0x100000, flags=0x400, mem_id=*0x58bc4c)
09-25 09:25:01.002 13504 13627 W RPCS3   : sys_mmapper_allocate_shared_memory(ipc_key=0xffff000000000000, size=0x100000, flags=0x400, mem_id=*0x58bc50)
09-25 09:25:01.002 13504 13627 W RPCS3   : sys_mmapper_allocate_shared_memory(ipc_key=0xffff000000000000, size=0x100000, flags=0x400, mem_id=*0x58bc54)
09-25 09:25:01.002 13504 13627 W RPCS3   : sys_mmapper_allocate_shared_memory(ipc_key=0xffff000000000000, size=0x100000, flags=0x400, mem_id=*0x58bc58)
09-25 09:25:01.002 13504 13627 W RPCS3   : sys_mmapper_allocate_shared_memory(ipc_key=0xffff000000000000, size=0x100000, flags=0x400, mem_id=*0x58bc5c)
09-25 09:25:01.002 13504 13627 W RPCS3   : sys_mmapper_allocate_shared_memory(ipc_key=0xffff000000000000, size=0x100000, flags=0x400, mem_id=*0x58bc60)
09-25 09:25:01.002 13504 13627 W RPCS3   : sys_mmapper_allocate_shared_memory(ipc_key=0xffff000000000000, size=0x100000, flags=0x400, mem_id=*0x58bc64)
09-25 09:25:01.002 13504 13627 W RPCS3   : sys_mmapper_allocate_shared_memory(ipc_key=0xffff000000000000, size=0x100000, flags=0x400, mem_id=*0x58bc68)
09-25 09:25:01.002 13504 13627 W RPCS3   : sys_mmapper_allocate_shared_memory(ipc_key=0xffff000000000000, size=0x100000, flags=0x400, mem_id=*0x58bc6c)
09-25 09:25:01.002 13504 13627 W RPCS3   : sys_mmapper_allocate_shared_memory(ipc_key=0xffff000000000000, size=0x100000, flags=0x400, mem_id=*0x58bc70)
09-25 09:25:01.002 13504 13627 W RPCS3   : sys_mmapper_map_shared_memory(addr=0x30000000, mem_id=0x8003900, flags=0x40000)
09-25 09:25:01.002 13504 13627 E RPCS3   : Failed to lock sudo memory (addr=0x30000000, size=0x100000). Consider increasing your system limits.
09-25 09:25:01.002 13504 13627 W RPCS3   : sys_mmapper_map_shared_memory(addr=0x30100000, mem_id=0x8003a00, flags=0x40000)
09-25 09:25:01.002 13504 13627 E RPCS3   : Failed to lock sudo memory (addr=0x30100000, size=0x100000). Consider increasing your system limits.
09-25 09:25:01.002 13504 13627 W RPCS3   : sys_mmapper_map_shared_memory(addr=0x30200000, mem_id=0x8003b00, flags=0x40000)
09-25 09:25:01.002 13504 13627 E RPCS3   : Failed to lock sudo memory (addr=0x30200000, size=0x100000). Consider increasing your system limits.
09-25 09:25:01.002 13504 13627 W RPCS3   : sys_mmapper_map_shared_memory(addr=0x30300000, mem_id=0x8003c00, flags=0x40000)
09-25 09:25:01.002 13504 13627 E RPCS3   : Failed to lock sudo memory (addr=0x30300000, size=0x100000). Consider increasing your system limits.
09-25 09:25:01.002 13504 13627 W RPCS3   : sys_mmapper_map_shared_memory(addr=0x30400000, mem_id=0x8003d00, flags=0x40000)
09-25 09:25:01.002 13504 13627 E RPCS3   : Failed to lock sudo memory (addr=0x30400000, size=0x100000). Consider increasing your system limits.
09-25 09:25:01.002 13504 13627 W RPCS3   : sys_mmapper_map_shared_memory(addr=0x30500000, mem_id=0x8003e00, flags=0x40000)
09-25 09:25:01.002 13504 13627 E RPCS3   : Failed to lock sudo memory (addr=0x30500000, size=0x100000). Consider increasing your system limits.
09-25 09:25:01.002 13504 13627 W RPCS3   : sys_mmapper_map_shared_memory(addr=0x30600000, mem_id=0x8003f00, flags=0x40000)
09-25 09:25:01.002 13504 13627 E RPCS3   : Failed to lock sudo memory (addr=0x30600000, size=0x100000). Consider increasing your system limits.
09-25 09:25:01.002 13504 13627 W RPCS3   : sys_mmapper_map_shared_memory(addr=0x30700000, mem_id=0x8004000, flags=0x40000)
09-25 09:25:01.002 13504 13627 E RPCS3   : Failed to lock sudo memory (addr=0x30700000, size=0x100000). Consider increasing your system limits.
09-25 09:25:01.002 13504 13627 W RPCS3   : sys_mmapper_map_shared_memory(addr=0x30800000, mem_id=0x8004100, flags=0x40000)
09-25 09:25:01.002 13504 13627 E RPCS3   : Failed to lock sudo memory (addr=0x30800000, size=0x100000). Consider increasing your system limits.
09-25 09:25:01.002 13504 13627 W RPCS3   : sys_mmapper_map_shared_memory(addr=0x30900000, mem_id=0x8004200, flags=0x40000)
09-25 09:25:01.002 13504 13627 E RPCS3   : Failed to lock sudo memory (addr=0x30900000, size=0x100000). Consider increasing your system limits.
09-25 09:25:01.002 13504 13627 W RPCS3   : sys_mmapper_map_shared_memory(addr=0x30a00000, mem_id=0x8004300, flags=0x40000)
09-25 09:25:01.002 13504 13627 E RPCS3   : Failed to lock sudo memory (addr=0x30a00000, size=0x100000). Consider increasing your system limits.
09-25 09:25:01.002 13504 13627 W RPCS3   : sys_mmapper_map_shared_memory(addr=0x30b00000, mem_id=0x8004400, flags=0x40000)
09-25 09:25:01.002 13504 13627 E RPCS3   : Failed to lock sudo memory (addr=0x30b00000, size=0x100000). Consider increasing your system limits.
09-25 09:25:01.002 13504 13627 W RPCS3   : sys_mmapper_map_shared_memory(addr=0x30c00000, mem_id=0x8004500, flags=0x40000)
09-25 09:25:01.002 13504 13627 E RPCS3   : Failed to lock sudo memory (addr=0x30c00000, size=0x100000). Consider increasing your system limits.
09-25 09:25:01.002 13504 13627 W RPCS3   : sys_mmapper_map_shared_memory(addr=0x30d00000, mem_id=0x8004600, flags=0x40000)
09-25 09:25:01.002 13504 13627 E RPCS3   : Failed to lock sudo memory (addr=0x30d00000, size=0x100000). Consider increasing your system limits.
09-25 09:25:01.002 13504 13627 W RPCS3   : sys_mmapper_map_shared_memory(addr=0x30e00000, mem_id=0x8004700, flags=0x40000)
09-25 09:25:01.002 13504 13627 E RPCS3   : Failed to lock sudo memory (addr=0x30e00000, size=0x100000). Consider increasing your system limits.
09-25 09:25:01.002 13504 13627 W RPCS3   : sys_mmapper_map_shared_memory(addr=0x30f00000, mem_id=0x8004800, flags=0x40000)
09-25 09:25:01.002 13504 13627 E RPCS3   : Failed to lock sudo memory (addr=0x30f00000, size=0x100000). Consider increasing your system limits.
09-25 09:25:01.002 13504 13627 W RPCS3   : sys_mmapper_map_shared_memory(addr=0x31000000, mem_id=0x8004900, flags=0x40000)
09-25 09:25:01.002 13504 13627 E RPCS3   : Failed to lock sudo memory (addr=0x31000000, size=0x100000). Consider increasing your system limits.
09-25 09:25:01.002 13504 13627 W RPCS3   : sys_mmapper_map_shared_memory(addr=0x31100000, mem_id=0x8004a00, flags=0x40000)
09-25 09:25:01.003 13504 13627 E RPCS3   : Failed to lock sudo memory (addr=0x31100000, size=0x100000). Consider increasing your system limits.
09-25 09:25:01.003 13504 13627 W RPCS3   : sys_mmapper_map_shared_memory(addr=0x31200000, mem_id=0x8004b00, flags=0x40000)
09-25 09:25:01.003 13504 13627 E RPCS3   : Failed to lock sudo memory (addr=0x31200000, size=0x100000). Consider increasing your system limits.
09-25 09:25:01.003 13504 13627 W RPCS3   : sys_mmapper_map_shared_memory(addr=0x31300000, mem_id=0x8004c00, flags=0x40000)
09-25 09:25:01.003 13504 13627 E RPCS3   : Failed to lock sudo memory (addr=0x31300000, size=0x100000). Consider increasing your system limits.
09-25 09:25:01.003 13504 13627 W RPCS3   : sys_mmapper_map_shared_memory(addr=0x31400000, mem_id=0x8004d00, flags=0x40000)
09-25 09:25:01.003 13504 13627 E RPCS3   : Failed to lock sudo memory (addr=0x31400000, size=0x100000). Consider increasing your system limits.
09-25 09:25:01.003 13504 13627 W RPCS3   : sys_mmapper_map_shared_memory(addr=0x31500000, mem_id=0x8004e00, flags=0x40000)
09-25 09:25:01.003 13504 13627 E RPCS3   : Failed to lock sudo memory (addr=0x31500000, size=0x100000). Consider increasing your system limits.
09-25 09:25:01.003 13504 13627 W RPCS3   : sys_mmapper_map_shared_memory(addr=0x31600000, mem_id=0x8004f00, flags=0x40000)
09-25 09:25:01.003 13504 13627 E RPCS3   : Failed to lock sudo memory (addr=0x31600000, size=0x100000). Consider increasing your system limits.
09-25 09:25:01.003 13504 13627 W RPCS3   : sys_mmapper_map_shared_memory(addr=0x31700000, mem_id=0x8005000, flags=0x40000)
09-25 09:25:01.003 13504 13627 E RPCS3   : Failed to lock sudo memory (addr=0x31700000, size=0x100000). Consider increasing your system limits.
09-25 09:25:01.003 13504 13627 W RPCS3   : sys_mmapper_map_shared_memory(addr=0x31800000, mem_id=0x8005100, flags=0x40000)
09-25 09:25:01.003 13504 13627 E RPCS3   : Failed to lock sudo memory (addr=0x31800000, size=0x100000). Consider increasing your system limits.
09-25 09:25:01.003 13504 13627 W RPCS3   : sys_mmapper_map_shared_memory(addr=0x31900000, mem_id=0x8005200, flags=0x40000)
09-25 09:25:01.003 13504 13627 E RPCS3   : Failed to lock sudo memory (addr=0x31900000, size=0x100000). Consider increasing your system limits.
09-25 09:25:01.003 13504 13627 W RPCS3   : sys_mmapper_map_shared_memory(addr=0x31a00000, mem_id=0x8005300, flags=0x40000)
09-25 09:25:01.003 13504 13627 E RPCS3   : Failed to lock sudo memory (addr=0x31a00000, size=0x100000). Consider increasing your system limits.
09-25 09:25:01.003 13504 13627 W RPCS3   : sys_mmapper_map_shared_memory(addr=0x31b00000, mem_id=0x8005400, flags=0x40000)
09-25 09:25:01.003 13504 13627 E RPCS3   : Failed to lock sudo memory (addr=0x31b00000, size=0x100000). Consider increasing your system limits.
09-25 09:25:01.003 13504 13627 W RPCS3   : sys_mmapper_map_shared_memory(addr=0x31c00000, mem_id=0x8005500, flags=0x40000)
09-25 09:25:01.003 13504 13627 E RPCS3   : Failed to lock sudo memory (addr=0x31c00000, size=0x100000). Consider increasing your system limits.
09-25 09:25:01.003 13504 13627 W RPCS3   : sys_mmapper_map_shared_memory(addr=0x31d00000, mem_id=0x8005600, flags=0x40000)
09-25 09:25:01.003 13504 13627 E RPCS3   : Failed to lock sudo memory (addr=0x31d00000, size=0x100000). Consider increasing your system limits.
09-25 09:25:01.003 13504 13627 W RPCS3   : sys_mmapper_map_shared_memory(addr=0x31e00000, mem_id=0x8005700, flags=0x40000)
09-25 09:25:01.003 13504 13627 E RPCS3   : Failed to lock sudo memory (addr=0x31e00000, size=0x100000). Consider increasing your system limits.
09-25 09:25:01.003 13504 13627 W RPCS3   : sys_mmapper_map_shared_memory(addr=0x31f00000, mem_id=0x8005800, flags=0x40000)
09-25 09:25:01.003 13504 13627 E RPCS3   : Failed to lock sudo memory (addr=0x31f00000, size=0x100000). Consider increasing your system limits.
09-25 09:25:01.003 13504 13627 W RPCS3   : sys_mmapper_map_shared_memory(addr=0x32000000, mem_id=0x8005900, flags=0x40000)
09-25 09:25:01.003 13504 13627 E RPCS3   : Failed to lock sudo memory (addr=0x32000000, size=0x100000). Consider increasing your system limits.
09-25 09:25:01.003 13504 13627 W RPCS3   : sys_mmapper_map_shared_memory(addr=0x32100000, mem_id=0x8005a00, flags=0x40000)
09-25 09:25:01.003 13504 13627 E RPCS3   : Failed to lock sudo memory (addr=0x32100000, size=0x100000). Consider increasing your system limits.
09-25 09:25:01.003 13504 13627 W RPCS3   : sys_mmapper_map_shared_memory(addr=0x32200000, mem_id=0x8005b00, flags=0x40000)
09-25 09:25:01.003 13504 13627 E RPCS3   : Failed to lock sudo memory (addr=0x32200000, size=0x100000). Consider increasing your system limits.
09-25 09:25:01.003 13504 13627 W RPCS3   : sys_mmapper_map_shared_memory(addr=0x32300000, mem_id=0x8005c00, flags=0x40000)
09-25 09:25:01.003 13504 13627 E RPCS3   : Failed to lock sudo memory (addr=0x32300000, size=0x100000). Consider increasing your system limits.
09-25 09:25:01.003 13504 13627 W RPCS3   : sys_mmapper_map_shared_memory(addr=0x32400000, mem_id=0x8005d00, flags=0x40000)
09-25 09:25:01.003 13504 13627 E RPCS3   : Failed to lock sudo memory (addr=0x32400000, size=0x100000). Consider increasing your system limits.
09-25 09:25:01.003 13504 13627 W RPCS3   : sys_mmapper_map_shared_memory(addr=0x32500000, mem_id=0x8005e00, flags=0x40000)
09-25 09:25:01.003 13504 13627 E RPCS3   : Failed to lock sudo memory (addr=0x32500000, size=0x100000). Consider increasing your system limits.
09-25 09:25:01.003 13504 13627 W RPCS3   : sys_mmapper_map_shared_memory(addr=0x32600000, mem_id=0x8005f00, flags=0x40000)
09-25 09:25:01.003 13504 13627 E RPCS3   : Failed to lock sudo memory (addr=0x32600000, size=0x100000). Consider increasing your system limits.
09-25 09:25:01.003 13504 13627 W RPCS3   : sys_mmapper_map_shared_memory(addr=0x32700000, mem_id=0x8006000, flags=0x40000)
09-25 09:25:01.003 13504 13627 E RPCS3   : Failed to lock sudo memory (addr=0x32700000, size=0x100000). Consider increasing your system limits.
09-25 09:25:01.003 13504 13627 W RPCS3   : sys_mmapper_map_shared_memory(addr=0x32800000, mem_id=0x8006100, flags=0x40000)
09-25 09:25:01.003 13504 13627 E RPCS3   : Failed to lock sudo memory (addr=0x32800000, size=0x100000). Consider increasing your system limits.
09-25 09:25:01.003 13504 13627 W RPCS3   : sys_mmapper_map_shared_memory(addr=0x32900000, mem_id=0x8006200, flags=0x40000)
09-25 09:25:01.003 13504 13627 E RPCS3   : Failed to lock sudo memory (addr=0x32900000, size=0x100000). Consider increasing your system limits.
09-25 09:25:01.003 13504 13627 W RPCS3   : sys_mmapper_map_shared_memory(addr=0x32a00000, mem_id=0x8006300, flags=0x40000)
09-25 09:25:01.003 13504 13627 E RPCS3   : Failed to lock sudo memory (addr=0x32a00000, size=0x100000). Consider increasing your system limits.
09-25 09:25:01.003 13504 13627 W RPCS3   : sys_mmapper_map_shared_memory(addr=0x32b00000, mem_id=0x8006400, flags=0x40000)
09-25 09:25:01.003 13504 13627 E RPCS3   : Failed to lock sudo memory (addr=0x32b00000, size=0x100000). Consider increasing your system limits.
09-25 09:25:01.003 13504 13627 W RPCS3   : sys_mmapper_map_shared_memory(addr=0x32c00000, mem_id=0x8006500, flags=0x40000)
09-25 09:25:01.003 13504 13627 E RPCS3   : Failed to lock sudo memory (addr=0x32c00000, size=0x100000). Consider increasing your system limits.
09-25 09:25:01.003 13504 13627 W RPCS3   : sys_mmapper_map_shared_memory(addr=0x32d00000, mem_id=0x8006600, flags=0x40000)
09-25 09:25:01.003 13504 13627 E RPCS3   : Failed to lock sudo memory (addr=0x32d00000, size=0x100000). Consider increasing your system limits.
09-25 09:25:01.003 13504 13627 W RPCS3   : sys_mmapper_map_shared_memory(addr=0x32e00000, mem_id=0x8006700, flags=0x40000)
09-25 09:25:01.003 13504 13627 E RPCS3   : Failed to lock sudo memory (addr=0x32e00000, size=0x100000). Consider increasing your system limits.
09-25 09:25:01.003 13504 13627 W RPCS3   : sys_mmapper_map_shared_memory(addr=0x32f00000, mem_id=0x8006800, flags=0x40000)
09-25 09:25:01.003 13504 13627 E RPCS3   : Failed to lock sudo memory (addr=0x32f00000, size=0x100000). Consider increasing your system limits.
09-25 09:25:01.003 13504 13627 W RPCS3   : sys_mmapper_map_shared_memory(addr=0x33000000, mem_id=0x8006900, flags=0x40000)
09-25 09:25:01.003 13504 13627 E RPCS3   : Failed to lock sudo memory (addr=0x33000000, size=0x100000). Consider increasing your system limits.
09-25 09:25:01.003 13504 13627 W RPCS3   : sys_mmapper_map_shared_memory(addr=0x33100000, mem_id=0x8006a00, flags=0x40000)
09-25 09:25:01.003 13504 13627 E RPCS3   : Failed to lock sudo memory (addr=0x33100000, size=0x100000). Consider increasing your system limits.
09-25 09:25:01.003 13504 13627 W RPCS3   : sys_mmapper_map_shared_memory(addr=0x33200000, mem_id=0x8006b00, flags=0x40000)
09-25 09:25:01.003 13504 13627 E RPCS3   : Failed to lock sudo memory (addr=0x33200000, size=0x100000). Consider increasing your system limits.
09-25 09:25:01.003 13504 13627 W RPCS3   : sys_mmapper_map_shared_memory(addr=0x33300000, mem_id=0x8006c00, flags=0x40000)
09-25 09:25:01.003 13504 13627 E RPCS3   : Failed to lock sudo memory (addr=0x33300000, size=0x100000). Consider increasing your system limits.
09-25 09:25:01.003 13504 13627 W RPCS3   : sys_mmapper_map_shared_memory(addr=0x33400000, mem_id=0x8006d00, flags=0x40000)
09-25 09:25:01.003 13504 13627 E RPCS3   : Failed to lock sudo memory (addr=0x33400000, size=0x100000). Consider increasing your system limits.
09-25 09:25:01.003 13504 13627 W RPCS3   : sys_mmapper_map_shared_memory(addr=0x33500000, mem_id=0x8006e00, flags=0x40000)
09-25 09:25:01.003 13504 13627 E RPCS3   : Failed to lock sudo memory (addr=0x33500000, size=0x100000). Consider increasing your system limits.
09-25 09:25:01.003 13504 13627 W RPCS3   : sys_mmapper_map_shared_memory(addr=0x33600000, mem_id=0x8006f00, flags=0x40000)
09-25 09:25:01.003 13504 13627 E RPCS3   : Failed to lock sudo memory (addr=0x33600000, size=0x100000). Consider increasing your system limits.
09-25 09:25:01.003 13504 13627 W RPCS3   : sys_mmapper_map_shared_memory(addr=0x33700000, mem_id=0x8007000, flags=0x40000)
09-25 09:25:01.003 13504 13627 E RPCS3   : Failed to lock sudo memory (addr=0x33700000, size=0x100000). Consider increasing your system limits.
09-25 09:25:01.003 13504 13627 W RPCS3   : sys_mmapper_map_shared_memory(addr=0x33800000, mem_id=0x8007100, flags=0x40000)
09-25 09:25:01.003 13504 13627 E RPCS3   : Failed to lock sudo memory (addr=0x33800000, size=0x100000). Consider increasing your system limits.
09-25 09:25:01.003 13504 13627 W RPCS3   : sys_mmapper_map_shared_memory(addr=0x33900000, mem_id=0x8007200, flags=0x40000)
09-25 09:25:01.003 13504 13627 E RPCS3   : Failed to lock sudo memory (addr=0x33900000, size=0x100000). Consider increasing your system limits.
09-25 09:25:01.003 13504 13627 W RPCS3   : sys_mmapper_map_shared_memory(addr=0x33a00000, mem_id=0x8007300, flags=0x40000)
09-25 09:25:01.003 13504 13627 E RPCS3   : Failed to lock sudo memory (addr=0x33a00000, size=0x100000). Consider increasing your system limits.
09-25 09:25:01.003 13504 13627 W RPCS3   : sys_mmapper_map_shared_memory(addr=0x33b00000, mem_id=0x8007400, flags=0x40000)
09-25 09:25:01.003 13504 13627 E RPCS3   : Failed to lock sudo memory (addr=0x33b00000, size=0x100000). Consider increasing your system limits.
09-25 09:25:01.003 13504 13627 W RPCS3   : sys_mmapper_map_shared_memory(addr=0x33c00000, mem_id=0x8007500, flags=0x40000)
09-25 09:25:01.003 13504 13627 E RPCS3   : Failed to lock sudo memory (addr=0x33c00000, size=0x100000). Consider increasing your system limits.
09-25 09:25:01.003 13504 13627 W RPCS3   : sys_mmapper_map_shared_memory(addr=0x33d00000, mem_id=0x8007600, flags=0x40000)
09-25 09:25:01.003 13504 13627 E RPCS3   : Failed to lock sudo memory (addr=0x33d00000, size=0x100000). Consider increasing your system limits.
09-25 09:25:01.003 13504 13627 W RPCS3   : sys_mmapper_map_shared_memory(addr=0x33e00000, mem_id=0x8007700, flags=0x40000)
09-25 09:25:01.003 13504 13627 E RPCS3   : Failed to lock sudo memory (addr=0x33e00000, size=0x100000). Consider increasing your system limits.
09-25 09:25:01.003 13504 13627 W RPCS3   : sys_mmapper_map_shared_memory(addr=0x33f00000, mem_id=0x8007800, flags=0x40000)
09-25 09:25:01.003 13504 13627 E RPCS3   : Failed to lock sudo memory (addr=0x33f00000, size=0x100000). Consider increasing your system limits.
09-25 09:25:01.003 13504 13627 W RPCS3   : sys_mmapper_map_shared_memory(addr=0x34000000, mem_id=0x8007900, flags=0x40000)
09-25 09:25:01.003 13504 13627 E RPCS3   : Failed to lock sudo memory (addr=0x34000000, size=0x100000). Consider increasing your system limits.
09-25 09:25:01.003 13504 13627 W RPCS3   : sys_mmapper_map_shared_memory(addr=0x34100000, mem_id=0x8007a00, flags=0x40000)
09-25 09:25:01.003 13504 13627 E RPCS3   : Failed to lock sudo memory (addr=0x34100000, size=0x100000). Consider increasing your system limits.
09-25 09:25:01.003 13504 13627 W RPCS3   : sys_mmapper_map_shared_memory(addr=0x34200000, mem_id=0x8007b00, flags=0x40000)
09-25 09:25:01.003 13504 13627 E RPCS3   : Failed to lock sudo memory (addr=0x34200000, size=0x100000). Consider increasing your system limits.
09-25 09:25:01.003 13504 13627 W RPCS3   : sys_mmapper_map_shared_memory(addr=0x34300000, mem_id=0x8007c00, flags=0x40000)
09-25 09:25:01.003 13504 13627 E RPCS3   : Failed to lock sudo memory (addr=0x34300000, size=0x100000). Consider increasing your system limits.
09-25 09:25:01.003 13504 13627 W RPCS3   : sys_mmapper_map_shared_memory(addr=0x34400000, mem_id=0x8007d00, flags=0x40000)
09-25 09:25:01.003 13504 13627 E RPCS3   : Failed to lock sudo memory (addr=0x34400000, size=0x100000). Consider increasing your system limits.
09-25 09:25:01.003 13504 13627 W RPCS3   : sys_mmapper_map_shared_memory(addr=0x34500000, mem_id=0x8007e00, flags=0x40000)
09-25 09:25:01.003 13504 13627 E RPCS3   : Failed to lock sudo memory (addr=0x34500000, size=0x100000). Consider increasing your system limits.
09-25 09:25:01.003 13504 13627 W RPCS3   : sys_mmapper_map_shared_memory(addr=0x34600000, mem_id=0x8007f00, flags=0x40000)
09-25 09:25:01.003 13504 13627 E RPCS3   : Failed to lock sudo memory (addr=0x34600000, size=0x100000). Consider increasing your system limits.
09-25 09:25:01.003 13504 13627 W RPCS3   : sys_mmapper_map_shared_memory(addr=0x34700000, mem_id=0x8008000, flags=0x40000)
09-25 09:25:01.003 13504 13627 E RPCS3   : Failed to lock sudo memory (addr=0x34700000, size=0x100000). Consider increasing your system limits.
09-25 09:25:01.003 13504 13627 W RPCS3   : sys_mmapper_map_shared_memory(addr=0x34800000, mem_id=0x8008100, flags=0x40000)
09-25 09:25:01.003 13504 13627 E RPCS3   : Failed to lock sudo memory (addr=0x34800000, size=0x100000). Consider increasing your system limits.
09-25 09:25:01.003 13504 13627 W RPCS3   : sys_mmapper_map_shared_memory(addr=0x34900000, mem_id=0x8008200, flags=0x40000)
09-25 09:25:01.003 13504 13627 E RPCS3   : Failed to lock sudo memory (addr=0x34900000, size=0x100000). Consider increasing your system limits.
09-25 09:25:01.003 13504 13627 W RPCS3   : sys_mmapper_map_shared_memory(addr=0x34a00000, mem_id=0x8008300, flags=0x40000)
09-25 09:25:01.003 13504 13627 E RPCS3   : Failed to lock sudo memory (addr=0x34a00000, size=0x100000). Consider increasing your system limits.
09-25 09:25:01.003 13504 13627 W RPCS3   : sys_mmapper_map_shared_memory(addr=0x34b00000, mem_id=0x8008400, flags=0x40000)
09-25 09:25:01.003 13504 13627 E RPCS3   : Failed to lock sudo memory (addr=0x34b00000, size=0x100000). Consider increasing your system limits.
09-25 09:25:01.003 13504 13627 W RPCS3   : sys_mmapper_map_shared_memory(addr=0x34c00000, mem_id=0x8008500, flags=0x40000)
09-25 09:25:01.003 13504 13627 E RPCS3   : Failed to lock sudo memory (addr=0x34c00000, size=0x100000). Consider increasing your system limits.
09-25 09:25:01.003 13504 13627 W RPCS3   : sys_mmapper_map_shared_memory(addr=0x34d00000, mem_id=0x8008600, flags=0x40000)
09-25 09:25:01.003 13504 13627 E RPCS3   : Failed to lock sudo memory (addr=0x34d00000, size=0x100000). Consider increasing your system limits.
09-25 09:25:01.003 13504 13627 W RPCS3   : sys_mmapper_map_shared_memory(addr=0x34e00000, mem_id=0x8008700, flags=0x40000)
09-25 09:25:01.003 13504 13627 E RPCS3   : Failed to lock sudo memory (addr=0x34e00000, size=0x100000). Consider increasing your system limits.
09-25 09:25:01.003 13504 13627 W RPCS3   : sys_mmapper_map_shared_memory(addr=0x34f00000, mem_id=0x8008800, flags=0x40000)
09-25 09:25:01.004 13504 13627 E RPCS3   : Failed to lock sudo memory (addr=0x34f00000, size=0x100000). Consider increasing your system limits.
09-25 09:25:01.004 13504 13627 W RPCS3   : sys_mmapper_map_shared_memory(addr=0x35000000, mem_id=0x8008900, flags=0x40000)
09-25 09:25:01.004 13504 13627 E RPCS3   : Failed to lock sudo memory (addr=0x35000000, size=0x100000). Consider increasing your system limits.
09-25 09:25:01.004 13504 13627 W RPCS3   : sys_mmapper_map_shared_memory(addr=0x35100000, mem_id=0x8008a00, flags=0x40000)
09-25 09:25:01.004 13504 13627 E RPCS3   : Failed to lock sudo memory (addr=0x35100000, size=0x100000). Consider increasing your system limits.
09-25 09:25:01.004 13504 13627 W RPCS3   : sys_mmapper_map_shared_memory(addr=0x35200000, mem_id=0x8008b00, flags=0x40000)
09-25 09:25:01.004 13504 13627 E RPCS3   : Failed to lock sudo memory (addr=0x35200000, size=0x100000). Consider increasing your system limits.
09-25 09:25:01.004 13504 13627 W RPCS3   : sys_mmapper_map_shared_memory(addr=0x35300000, mem_id=0x8008c00, flags=0x40000)
09-25 09:25:01.004 13504 13627 E RPCS3   : Failed to lock sudo memory (addr=0x35300000, size=0x100000). Consider increasing your system limits.
09-25 09:25:01.004 13504 13627 W RPCS3   : sys_mmapper_map_shared_memory(addr=0x35400000, mem_id=0x8008d00, flags=0x40000)
09-25 09:25:01.004 13504 13627 E RPCS3   : Failed to lock sudo memory (addr=0x35400000, size=0x100000). Consider increasing your system limits.
09-25 09:25:01.004 13504 13627 W RPCS3   : sys_mmapper_map_shared_memory(addr=0x35500000, mem_id=0x8008e00, flags=0x40000)
09-25 09:25:01.004 13504 13627 E RPCS3   : Failed to lock sudo memory (addr=0x35500000, size=0x100000). Consider increasing your system limits.
09-25 09:25:01.004 13504 13627 W RPCS3   : sys_mmapper_map_shared_memory(addr=0x35600000, mem_id=0x8008f00, flags=0x40000)
09-25 09:25:01.004 13504 13627 E RPCS3   : Failed to lock sudo memory (addr=0x35600000, size=0x100000). Consider increasing your system limits.
09-25 09:25:01.004 13504 13627 W RPCS3   : sys_mmapper_map_shared_memory(addr=0x35700000, mem_id=0x8009000, flags=0x40000)
09-25 09:25:01.004 13504 13627 E RPCS3   : Failed to lock sudo memory (addr=0x35700000, size=0x100000). Consider increasing your system limits.
09-25 09:25:01.004 13504 13627 W RPCS3   : sys_mmapper_map_shared_memory(addr=0x35800000, mem_id=0x8009100, flags=0x40000)
09-25 09:25:01.004 13504 13627 E RPCS3   : Failed to lock sudo memory (addr=0x35800000, size=0x100000). Consider increasing your system limits.
09-25 09:25:01.004 13504 13627 W RPCS3   : sys_mmapper_map_shared_memory(addr=0x35900000, mem_id=0x8009200, flags=0x40000)
09-25 09:25:01.004 13504 13627 E RPCS3   : Failed to lock sudo memory (addr=0x35900000, size=0x100000). Consider increasing your system limits.
09-25 09:25:01.004 13504 13627 W RPCS3   : sys_mmapper_map_shared_memory(addr=0x35a00000, mem_id=0x8009300, flags=0x40000)
09-25 09:25:01.004 13504 13627 E RPCS3   : Failed to lock sudo memory (addr=0x35a00000, size=0x100000). Consider increasing your system limits.
09-25 09:25:01.004 13504 13627 W RPCS3   : sys_mmapper_map_shared_memory(addr=0x35b00000, mem_id=0x8009400, flags=0x40000)
09-25 09:25:01.004 13504 13627 E RPCS3   : Failed to lock sudo memory (addr=0x35b00000, size=0x100000). Consider increasing your system limits.
09-25 09:25:01.004 13504 13627 W RPCS3   : sys_mmapper_map_shared_memory(addr=0x35c00000, mem_id=0x8009500, flags=0x40000)
09-25 09:25:01.004 13504 13627 E RPCS3   : Failed to lock sudo memory (addr=0x35c00000, size=0x100000). Consider increasing your system limits.
09-25 09:25:01.004 13504 13627 W RPCS3   : sys_mmapper_map_shared_memory(addr=0x35d00000, mem_id=0x8009600, flags=0x40000)
09-25 09:25:01.004 13504 13627 E RPCS3   : Failed to lock sudo memory (addr=0x35d00000, size=0x100000). Consider increasing your system limits.
09-25 09:25:01.004 13504 13627 W RPCS3   : sys_mmapper_map_shared_memory(addr=0x35e00000, mem_id=0x8009700, flags=0x40000)
09-25 09:25:01.004 13504 13627 E RPCS3   : Failed to lock sudo memory (addr=0x35e00000, size=0x100000). Consider increasing your system limits.
09-25 09:25:01.004 13504 13627 W RPCS3   : sys_mmapper_map_shared_memory(addr=0x35f00000, mem_id=0x8009800, flags=0x40000)
09-25 09:25:01.004 13504 13627 E RPCS3   : Failed to lock sudo memory (addr=0x35f00000, size=0x100000). Consider increasing your system limits.
09-25 09:25:01.004 13504 13627 W RPCS3   : sys_mmapper_map_shared_memory(addr=0x36000000, mem_id=0x8009900, flags=0x40000)
09-25 09:25:01.004 13504 13627 E RPCS3   : Failed to lock sudo memory (addr=0x36000000, size=0x100000). Consider increasing your system limits.
09-25 09:25:01.004 13504 13627 W RPCS3   : sys_mmapper_map_shared_memory(addr=0x36100000, mem_id=0x8009a00, flags=0x40000)
09-25 09:25:01.004 13504 13627 E RPCS3   : Failed to lock sudo memory (addr=0x36100000, size=0x100000). Consider increasing your system limits.
09-25 09:25:01.004 13504 13627 W RPCS3   : sys_mmapper_map_shared_memory(addr=0x36200000, mem_id=0x8009b00, flags=0x40000)
09-25 09:25:01.004 13504 13627 E RPCS3   : Failed to lock sudo memory (addr=0x36200000, size=0x100000). Consider increasing your system limits.
09-25 09:25:01.004 13504 13627 W RPCS3   : sys_mmapper_map_shared_memory(addr=0x36300000, mem_id=0x8009c00, flags=0x40000)
09-25 09:25:01.004 13504 13627 E RPCS3   : Failed to lock sudo memory (addr=0x36300000, size=0x100000). Consider increasing your system limits.
09-25 09:25:01.004 13504 13627 W RPCS3   : sys_mmapper_map_shared_memory(addr=0x36400000, mem_id=0x8009d00, flags=0x40000)
09-25 09:25:01.004 13504 13627 E RPCS3   : Failed to lock sudo memory (addr=0x36400000, size=0x100000). Consider increasing your system limits.
09-25 09:25:01.004 13504 13627 W RPCS3   : sys_mmapper_map_shared_memory(addr=0x36500000, mem_id=0x8009e00, flags=0x40000)
09-25 09:25:01.004 13504 13627 E RPCS3   : Failed to lock sudo memory (addr=0x36500000, size=0x100000). Consider increasing your system limits.
09-25 09:25:01.004 13504 13627 W RPCS3   : sys_mmapper_map_shared_memory(addr=0x36600000, mem_id=0x8009f00, flags=0x40000)
09-25 09:25:01.004 13504 13627 E RPCS3   : Failed to lock sudo memory (addr=0x36600000, size=0x100000). Consider increasing your system limits.
09-25 09:25:01.004 13504 13627 W RPCS3   : sys_mmapper_map_shared_memory(addr=0x36700000, mem_id=0x800a000, flags=0x40000)
09-25 09:25:01.004 13504 13627 E RPCS3   : Failed to lock sudo memory (addr=0x36700000, size=0x100000). Consider increasing your system limits.
09-25 09:25:01.004 13504 13627 W RPCS3   : sys_mmapper_map_shared_memory(addr=0x36800000, mem_id=0x800a100, flags=0x40000)
09-25 09:25:01.004 13504 13627 E RPCS3   : Failed to lock sudo memory (addr=0x36800000, size=0x100000). Consider increasing your system limits.
09-25 09:25:01.004 13504 13627 W RPCS3   : sys_mmapper_map_shared_memory(addr=0x36900000, mem_id=0x800a200, flags=0x40000)
09-25 09:25:01.004 13504 13627 E RPCS3   : Failed to lock sudo memory (addr=0x36900000, size=0x100000). Consider increasing your system limits.
09-25 09:25:01.004 13504 13627 W RPCS3   : sys_mmapper_map_shared_memory(addr=0x36a00000, mem_id=0x800a300, flags=0x40000)
09-25 09:25:01.004 13504 13627 E RPCS3   : Failed to lock sudo memory (addr=0x36a00000, size=0x100000). Consider increasing your system limits.
09-25 09:25:01.004 13504 13627 W RPCS3   : sys_mmapper_map_shared_memory(addr=0x36b00000, mem_id=0x800a400, flags=0x40000)
09-25 09:25:01.004 13504 13627 E RPCS3   : Failed to lock sudo memory (addr=0x36b00000, size=0x100000). Consider increasing your system limits.
09-25 09:25:01.004 13504 13627 W RPCS3   : sys_mmapper_map_shared_memory(addr=0x36c00000, mem_id=0x800a500, flags=0x40000)
09-25 09:25:01.004 13504 13627 E RPCS3   : Failed to lock sudo memory (addr=0x36c00000, size=0x100000). Consider increasing your system limits.
09-25 09:25:01.004 13504 13627 W RPCS3   : sys_mmapper_map_shared_memory(addr=0x36d00000, mem_id=0x800a600, flags=0x40000)
09-25 09:25:01.004 13504 13627 E RPCS3   : Failed to lock sudo memory (addr=0x36d00000, size=0x100000). Consider increasing your system limits.
09-25 09:25:01.004 13504 13627 W RPCS3   : sys_mmapper_map_shared_memory(addr=0x36e00000, mem_id=0x800a700, flags=0x40000)
09-25 09:25:01.004 13504 13627 E RPCS3   : Failed to lock sudo memory (addr=0x36e00000, size=0x100000). Consider increasing your system limits.
09-25 09:25:01.004 13504 13627 W RPCS3   : sys_mmapper_map_shared_memory(addr=0x36f00000, mem_id=0x800a800, flags=0x40000)
09-25 09:25:01.004 13504 13627 E RPCS3   : Failed to lock sudo memory (addr=0x36f00000, size=0x100000). Consider increasing your system limits.
09-25 09:25:01.004 13504 13627 W RPCS3   : sys_mmapper_map_shared_memory(addr=0x37000000, mem_id=0x800a900, flags=0x40000)
09-25 09:25:01.004 13504 13627 E RPCS3   : Failed to lock sudo memory (addr=0x37000000, size=0x100000). Consider increasing your system limits.
09-25 09:25:01.004 13504 13627 W RPCS3   : sys_mmapper_map_shared_memory(addr=0x37100000, mem_id=0x800aa00, flags=0x40000)
09-25 09:25:01.004 13504 13627 E RPCS3   : Failed to lock sudo memory (addr=0x37100000, size=0x100000). Consider increasing your system limits.
09-25 09:25:01.004 13504 13627 W RPCS3   : sys_mmapper_map_shared_memory(addr=0x37200000, mem_id=0x800ab00, flags=0x40000)
09-25 09:25:01.004 13504 13627 E RPCS3   : Failed to lock sudo memory (addr=0x37200000, size=0x100000). Consider increasing your system limits.
09-25 09:25:01.004 13504 13627 W RPCS3   : sys_mmapper_map_shared_memory(addr=0x37300000, mem_id=0x800ac00, flags=0x40000)
09-25 09:25:01.004 13504 13627 E RPCS3   : Failed to lock sudo memory (addr=0x37300000, size=0x100000). Consider increasing your system limits.
09-25 09:25:01.004 13504 13627 W RPCS3   : sys_mmapper_map_shared_memory(addr=0x37400000, mem_id=0x800ad00, flags=0x40000)
09-25 09:25:01.004 13504 13627 E RPCS3   : Failed to lock sudo memory (addr=0x37400000, size=0x100000). Consider increasing your system limits.
09-25 09:25:01.004 13504 13627 W RPCS3   : sys_mmapper_map_shared_memory(addr=0x37500000, mem_id=0x800ae00, flags=0x40000)
09-25 09:25:01.004 13504 13627 E RPCS3   : Failed to lock sudo memory (addr=0x37500000, size=0x100000). Consider increasing your system limits.
09-25 09:25:01.004 13504 13627 W RPCS3   : sys_mmapper_map_shared_memory(addr=0x37600000, mem_id=0x800af00, flags=0x40000)
09-25 09:25:01.004 13504 13627 E RPCS3   : Failed to lock sudo memory (addr=0x37600000, size=0x100000). Consider increasing your system limits.
09-25 09:25:01.004 13504 13627 W RPCS3   : sys_mmapper_map_shared_memory(addr=0x37700000, mem_id=0x800b000, flags=0x40000)
09-25 09:25:01.004 13504 13627 E RPCS3   : Failed to lock sudo memory (addr=0x37700000, size=0x100000). Consider increasing your system limits.
09-25 09:25:01.004 13504 13627 W RPCS3   : sys_mmapper_map_shared_memory(addr=0x37800000, mem_id=0x800b100, flags=0x40000)
09-25 09:25:01.004 13504 13627 E RPCS3   : Failed to lock sudo memory (addr=0x37800000, size=0x100000). Consider increasing your system limits.
09-25 09:25:01.004 13504 13627 W RPCS3   : sys_mmapper_map_shared_memory(addr=0x37900000, mem_id=0x800b200, flags=0x40000)
09-25 09:25:01.004 13504 13627 E RPCS3   : Failed to lock sudo memory (addr=0x37900000, size=0x100000). Consider increasing your system limits.
09-25 09:25:01.004 13504 13627 W RPCS3   : sys_mmapper_map_shared_memory(addr=0x37a00000, mem_id=0x800b300, flags=0x40000)
09-25 09:25:01.004 13504 13627 E RPCS3   : Failed to lock sudo memory (addr=0x37a00000, size=0x100000). Consider increasing your system limits.
09-25 09:25:01.004 13504 13627 W RPCS3   : sys_mmapper_map_shared_memory(addr=0x37b00000, mem_id=0x800b400, flags=0x40000)
09-25 09:25:01.004 13504 13627 E RPCS3   : Failed to lock sudo memory (addr=0x37b00000, size=0x100000). Consider increasing your system limits.
09-25 09:25:01.004 13504 13627 W RPCS3   : sys_mmapper_map_shared_memory(addr=0x37c00000, mem_id=0x800b500, flags=0x40000)
09-25 09:25:01.004 13504 13627 E RPCS3   : Failed to lock sudo memory (addr=0x37c00000, size=0x100000). Consider increasing your system limits.
09-25 09:25:01.004 13504 13627 W RPCS3   : sys_mmapper_map_shared_memory(addr=0x37d00000, mem_id=0x800b600, flags=0x40000)
09-25 09:25:01.004 13504 13627 E RPCS3   : Failed to lock sudo memory (addr=0x37d00000, size=0x100000). Consider increasing your system limits.
09-25 09:25:01.004 13504 13627 W RPCS3   : sys_mmapper_map_shared_memory(addr=0x37e00000, mem_id=0x800b700, flags=0x40000)
09-25 09:25:01.004 13504 13627 E RPCS3   : Failed to lock sudo memory (addr=0x37e00000, size=0x100000). Consider increasing your system limits.
09-25 09:25:01.004 13504 13627 W RPCS3   : sys_mmapper_map_shared_memory(addr=0x37f00000, mem_id=0x800b800, flags=0x40000)
09-25 09:25:01.004 13504 13627 E RPCS3   : Failed to lock sudo memory (addr=0x37f00000, size=0x100000). Consider increasing your system limits.
09-25 09:25:01.004 13504 13627 W RPCS3   : sys_mmapper_map_shared_memory(addr=0x38000000, mem_id=0x800b900, flags=0x40000)
09-25 09:25:01.004 13504 13627 E RPCS3   : Failed to lock sudo memory (addr=0x38000000, size=0x100000). Consider increasing your system limits.
09-25 09:25:01.004 13504 13627 W RPCS3   : sys_mmapper_map_shared_memory(addr=0x38100000, mem_id=0x800ba00, flags=0x40000)
09-25 09:25:01.004 13504 13627 E RPCS3   : Failed to lock sudo memory (addr=0x38100000, size=0x100000). Consider increasing your system limits.
09-25 09:25:01.004 13504 13627 W RPCS3   : sys_mmapper_map_shared_memory(addr=0x38200000, mem_id=0x800bb00, flags=0x40000)
09-25 09:25:01.004 13504 13627 E RPCS3   : Failed to lock sudo memory (addr=0x38200000, size=0x100000). Consider increasing your system limits.
09-25 09:25:01.004 13504 13627 W RPCS3   : sys_mmapper_map_shared_memory(addr=0x38300000, mem_id=0x800bc00, flags=0x40000)
09-25 09:25:01.004 13504 13627 E RPCS3   : Failed to lock sudo memory (addr=0x38300000, size=0x100000). Consider increasing your system limits.
09-25 09:25:01.004 13504 13627 W RPCS3   : sys_mmapper_map_shared_memory(addr=0x38400000, mem_id=0x800bd00, flags=0x40000)
09-25 09:25:01.004 13504 13627 E RPCS3   : Failed to lock sudo memory (addr=0x38400000, size=0x100000). Consider increasing your system limits.
09-25 09:25:01.004 13504 13627 W RPCS3   : sys_mmapper_map_shared_memory(addr=0x38500000, mem_id=0x800be00, flags=0x40000)
09-25 09:25:01.004 13504 13627 E RPCS3   : Failed to lock sudo memory (addr=0x38500000, size=0x100000). Consider increasing your system limits.
09-25 09:25:01.004 13504 13627 W RPCS3   : sys_mmapper_map_shared_memory(addr=0x38600000, mem_id=0x800bf00, flags=0x40000)
09-25 09:25:01.004 13504 13627 E RPCS3   : Failed to lock sudo memory (addr=0x38600000, size=0x100000). Consider increasing your system limits.
09-25 09:25:01.004 13504 13627 W RPCS3   : sys_mmapper_map_shared_memory(addr=0x38700000, mem_id=0x800c000, flags=0x40000)
09-25 09:25:01.004 13504 13627 E RPCS3   : Failed to lock sudo memory (addr=0x38700000, size=0x100000). Consider increasing your system limits.
09-25 09:25:01.004 13504 13627 W RPCS3   : sys_mmapper_map_shared_memory(addr=0x38800000, mem_id=0x800c100, flags=0x40000)
09-25 09:25:01.004 13504 13627 E RPCS3   : Failed to lock sudo memory (addr=0x38800000, size=0x100000). Consider increasing your system limits.
09-25 09:25:01.004 13504 13627 W RPCS3   : sys_mmapper_map_shared_memory(addr=0x38900000, mem_id=0x800c200, flags=0x40000)
09-25 09:25:01.004 13504 13627 E RPCS3   : Failed to lock sudo memory (addr=0x38900000, size=0x100000). Consider increasing your system limits.
09-25 09:25:01.004 13504 13627 W RPCS3   : sys_mmapper_map_shared_memory(addr=0x38a00000, mem_id=0x800c300, flags=0x40000)
09-25 09:25:01.004 13504 13627 E RPCS3   : Failed to lock sudo memory (addr=0x38a00000, size=0x100000). Consider increasing your system limits.
09-25 09:25:01.004 13504 13627 W RPCS3   : sys_mmapper_map_shared_memory(addr=0x38b00000, mem_id=0x800c400, flags=0x40000)
09-25 09:25:01.004 13504 13627 E RPCS3   : Failed to lock sudo memory (addr=0x38b00000, size=0x100000). Consider increasing your system limits.
09-25 09:25:01.004 13504 13627 W RPCS3   : sys_mmapper_map_shared_memory(addr=0x38c00000, mem_id=0x800c500, flags=0x40000)
09-25 09:25:01.004 13504 13627 E RPCS3   : Failed to lock sudo memory (addr=0x38c00000, size=0x100000). Consider increasing your system limits.
09-25 09:25:01.004 13504 13627 W RPCS3   : sys_mmapper_map_shared_memory(addr=0x38d00000, mem_id=0x800c600, flags=0x40000)
09-25 09:25:01.004 13504 13627 E RPCS3   : Failed to lock sudo memory (addr=0x38d00000, size=0x100000). Consider increasing your system limits.
09-25 09:25:01.004 13504 13627 W RPCS3   : sys_mmapper_map_shared_memory(addr=0x38e00000, mem_id=0x800c700, flags=0x40000)
09-25 09:25:01.004 13504 13627 E RPCS3   : Failed to lock sudo memory (addr=0x38e00000, size=0x100000). Consider increasing your system limits.
09-25 09:25:01.004 13504 13627 W RPCS3   : sys_mmapper_map_shared_memory(addr=0x38f00000, mem_id=0x800c800, flags=0x40000)
09-25 09:25:01.004 13504 13627 E RPCS3   : Failed to lock sudo memory (addr=0x38f00000, size=0x100000). Consider increasing your system limits.
09-25 09:25:01.004 13504 13627 W RPCS3   : sys_mmapper_map_shared_memory(addr=0x39000000, mem_id=0x800c900, flags=0x40000)
09-25 09:25:01.004 13504 13627 E RPCS3   : Failed to lock sudo memory (addr=0x39000000, size=0x100000). Consider increasing your system limits.
09-25 09:25:01.004 13504 13627 W RPCS3   : sys_mmapper_map_shared_memory(addr=0x39100000, mem_id=0x800ca00, flags=0x40000)
09-25 09:25:01.004 13504 13627 E RPCS3   : Failed to lock sudo memory (addr=0x39100000, size=0x100000). Consider increasing your system limits.
09-25 09:25:01.005 13504 13627 W RPCS3   : sys_mmapper_map_shared_memory(addr=0x39200000, mem_id=0x800cb00, flags=0x40000)
09-25 09:25:01.005 13504 13627 E RPCS3   : Failed to lock sudo memory (addr=0x39200000, size=0x100000). Consider increasing your system limits.
09-25 09:25:01.005 13504 13627 W RPCS3   : sys_mmapper_map_shared_memory(addr=0x39300000, mem_id=0x800cc00, flags=0x40000)
09-25 09:25:01.005 13504 13627 E RPCS3   : Failed to lock sudo memory (addr=0x39300000, size=0x100000). Consider increasing your system limits.
09-25 09:25:01.005 13504 13627 W RPCS3   : sys_mmapper_map_shared_memory(addr=0x39400000, mem_id=0x800cd00, flags=0x40000)
09-25 09:25:01.005 13504 13627 E RPCS3   : Failed to lock sudo memory (addr=0x39400000, size=0x100000). Consider increasing your system limits.
09-25 09:25:01.005 13504 13627 W RPCS3   : sys_mmapper_map_shared_memory(addr=0x39500000, mem_id=0x800ce00, flags=0x40000)
09-25 09:25:01.005 13504 13627 E RPCS3   : Failed to lock sudo memory (addr=0x39500000, size=0x100000). Consider increasing your system limits.
09-25 09:25:01.005 13504 13627 W RPCS3   : sys_mmapper_map_shared_memory(addr=0x39600000, mem_id=0x800cf00, flags=0x40000)
09-25 09:25:01.005 13504 13627 E RPCS3   : Failed to lock sudo memory (addr=0x39600000, size=0x100000). Consider increasing your system limits.
09-25 09:25:01.005 13504 13627 W RPCS3   : sys_mmapper_map_shared_memory(addr=0x39700000, mem_id=0x800d000, flags=0x40000)
09-25 09:25:01.005 13504 13627 E RPCS3   : Failed to lock sudo memory (addr=0x39700000, size=0x100000). Consider increasing your system limits.
09-25 09:25:01.005 13504 13627 W RPCS3   : sys_mmapper_map_shared_memory(addr=0x39800000, mem_id=0x800d100, flags=0x40000)
09-25 09:25:01.005 13504 13627 E RPCS3   : Failed to lock sudo memory (addr=0x39800000, size=0x100000). Consider increasing your system limits.
09-25 09:25:01.005 13504 13627 W RPCS3   : sys_mmapper_map_shared_memory(addr=0x39900000, mem_id=0x800d200, flags=0x40000)
09-25 09:25:01.005 13504 13627 E RPCS3   : Failed to lock sudo memory (addr=0x39900000, size=0x100000). Consider increasing your system limits.
09-25 09:25:01.005 13504 13627 W RPCS3   : sys_mmapper_map_shared_memory(addr=0x39a00000, mem_id=0x800d300, flags=0x40000)
09-25 09:25:01.005 13504 13627 E RPCS3   : Failed to lock sudo memory (addr=0x39a00000, size=0x100000). Consider increasing your system limits.
09-25 09:25:01.005 13504 13627 W RPCS3   : sys_mmapper_map_shared_memory(addr=0x39b00000, mem_id=0x800d400, flags=0x40000)
09-25 09:25:01.005 13504 13627 E RPCS3   : Failed to lock sudo memory (addr=0x39b00000, size=0x100000). Consider increasing your system limits.
09-25 09:25:01.005 13504 13627 W RPCS3   : sys_mmapper_map_shared_memory(addr=0x39c00000, mem_id=0x800d500, flags=0x40000)
09-25 09:25:01.005 13504 13627 E RPCS3   : Failed to lock sudo memory (addr=0x39c00000, size=0x100000). Consider increasing your system limits.
09-25 09:25:01.005 13504 13627 W RPCS3   : sys_mmapper_map_shared_memory(addr=0x39d00000, mem_id=0x800d600, flags=0x40000)
09-25 09:25:01.005 13504 13627 E RPCS3   : Failed to lock sudo memory (addr=0x39d00000, size=0x100000). Consider increasing your system limits.
09-25 09:25:01.005 13504 13627 W RPCS3   : sys_mmapper_map_shared_memory(addr=0x39e00000, mem_id=0x800d700, flags=0x40000)
09-25 09:25:01.005 13504 13627 E RPCS3   : Failed to lock sudo memory (addr=0x39e00000, size=0x100000). Consider increasing your system limits.
09-25 09:25:01.005 13504 13627 W RPCS3   : sys_mmapper_map_shared_memory(addr=0x39f00000, mem_id=0x800d800, flags=0x40000)
09-25 09:25:01.005 13504 13627 E RPCS3   : Failed to lock sudo memory (addr=0x39f00000, size=0x100000). Consider increasing your system limits.
09-25 09:25:01.005 13504 13627 W RPCS3   : sys_mmapper_map_shared_memory(addr=0x3a000000, mem_id=0x800d900, flags=0x40000)
09-25 09:25:01.005 13504 13627 E RPCS3   : Failed to lock sudo memory (addr=0x3a000000, size=0x100000). Consider increasing your system limits.
09-25 09:25:01.005 13504 13627 W RPCS3   : sys_mmapper_map_shared_memory(addr=0x3a100000, mem_id=0x800da00, flags=0x40000)
09-25 09:25:01.005 13504 13627 E RPCS3   : Failed to lock sudo memory (addr=0x3a100000, size=0x100000). Consider increasing your system limits.
09-25 09:25:01.005 13504 13627 W RPCS3   : sys_mmapper_map_shared_memory(addr=0x3a200000, mem_id=0x800db00, flags=0x40000)
09-25 09:25:01.005 13504 13627 E RPCS3   : Failed to lock sudo memory (addr=0x3a200000, size=0x100000). Consider increasing your system limits.
09-25 09:25:01.005 13504 13627 W RPCS3   : sys_mmapper_map_shared_memory(addr=0x3a300000, mem_id=0x800dc00, flags=0x40000)
09-25 09:25:01.005 13504 13627 E RPCS3   : Failed to lock sudo memory (addr=0x3a300000, size=0x100000). Consider increasing your system limits.
09-25 09:25:01.005 13504 13627 W RPCS3   : sys_mmapper_map_shared_memory(addr=0x3a400000, mem_id=0x800dd00, flags=0x40000)
09-25 09:25:01.005 13504 13627 E RPCS3   : Failed to lock sudo memory (addr=0x3a400000, size=0x100000). Consider increasing your system limits.
09-25 09:25:01.005 13504 13627 W RPCS3   : sys_mmapper_map_shared_memory(addr=0x3a500000, mem_id=0x800de00, flags=0x40000)
09-25 09:25:01.005 13504 13627 E RPCS3   : Failed to lock sudo memory (addr=0x3a500000, size=0x100000). Consider increasing your system limits.
09-25 09:25:01.005 13504 13627 W RPCS3   : sys_mmapper_map_shared_memory(addr=0x3a600000, mem_id=0x800df00, flags=0x40000)
09-25 09:25:01.005 13504 13627 E RPCS3   : Failed to lock sudo memory (addr=0x3a600000, size=0x100000). Consider increasing your system limits.
09-25 09:25:01.005 13504 13627 W RPCS3   : sys_mmapper_map_shared_memory(addr=0x3a700000, mem_id=0x800e000, flags=0x40000)
09-25 09:25:01.005 13504 13627 E RPCS3   : Failed to lock sudo memory (addr=0x3a700000, size=0x100000). Consider increasing your system limits.
09-25 09:25:01.005 13504 13627 W RPCS3   : sys_mmapper_map_shared_memory(addr=0x3a800000, mem_id=0x800e100, flags=0x40000)
09-25 09:25:01.005 13504 13627 E RPCS3   : Failed to lock sudo memory (addr=0x3a800000, size=0x100000). Consider increasing your system limits.
09-25 09:25:01.005 13504 13627 W RPCS3   : sys_mmapper_map_shared_memory(addr=0x3a900000, mem_id=0x800e200, flags=0x40000)
09-25 09:25:01.005 13504 13627 E RPCS3   : Failed to lock sudo memory (addr=0x3a900000, size=0x100000). Consider increasing your system limits.
09-25 09:25:01.005 13504 13627 W RPCS3   : sys_mmapper_map_shared_memory(addr=0x3aa00000, mem_id=0x800e300, flags=0x40000)
09-25 09:25:01.005 13504 13627 E RPCS3   : Failed to lock sudo memory (addr=0x3aa00000, size=0x100000). Consider increasing your system limits.
09-25 09:25:01.005 13504 13627 W RPCS3   : sys_mmapper_map_shared_memory(addr=0x3ab00000, mem_id=0x800e400, flags=0x40000)
09-25 09:25:01.005 13504 13627 E RPCS3   : Failed to lock sudo memory (addr=0x3ab00000, size=0x100000). Consider increasing your system limits.
09-25 09:25:01.005 13504 13627 W RPCS3   : sys_mmapper_map_shared_memory(addr=0x3ac00000, mem_id=0x800e500, flags=0x40000)
09-25 09:25:01.005 13504 13627 E RPCS3   : Failed to lock sudo memory (addr=0x3ac00000, size=0x100000). Consider increasing your system limits.
09-25 09:25:01.005 13504 13627 W RPCS3   : sys_mmapper_map_shared_memory(addr=0x3ad00000, mem_id=0x800e600, flags=0x40000)
09-25 09:25:01.005 13504 13627 E RPCS3   : Failed to lock sudo memory (addr=0x3ad00000, size=0x100000). Consider increasing your system limits.
09-25 09:25:01.005 13504 13627 W RPCS3   : sys_mmapper_map_shared_memory(addr=0x3ae00000, mem_id=0x800e700, flags=0x40000)
09-25 09:25:01.005 13504 13627 E RPCS3   : Failed to lock sudo memory (addr=0x3ae00000, size=0x100000). Consider increasing your system limits.
09-25 09:25:01.005 13504 13627 W RPCS3   : sys_mmapper_map_shared_memory(addr=0x3af00000, mem_id=0x800e800, flags=0x40000)
09-25 09:25:01.005 13504 13627 E RPCS3   : Failed to lock sudo memory (addr=0x3af00000, size=0x100000). Consider increasing your system limits.
09-25 09:25:01.005 13504 13627 W RPCS3   : sys_mmapper_map_shared_memory(addr=0x3b000000, mem_id=0x800e900, flags=0x40000)
09-25 09:25:01.005 13504 13627 E RPCS3   : Failed to lock sudo memory (addr=0x3b000000, size=0x100000). Consider increasing your system limits.
09-25 09:25:01.005 13504 13627 W RPCS3   : sys_mmapper_map_shared_memory(addr=0x3b100000, mem_id=0x800ea00, flags=0x40000)
09-25 09:25:01.005 13504 13627 E RPCS3   : Failed to lock sudo memory (addr=0x3b100000, size=0x100000). Consider increasing your system limits.
09-25 09:25:01.005 13504 13627 W RPCS3   : sys_mmapper_map_shared_memory(addr=0x3b200000, mem_id=0x800eb00, flags=0x40000)
09-25 09:25:01.005 13504 13627 E RPCS3   : Failed to lock sudo memory (addr=0x3b200000, size=0x100000). Consider increasing your system limits.
09-25 09:25:01.005 13504 13627 W RPCS3   : sys_mmapper_map_shared_memory(addr=0x3b300000, mem_id=0x800ec00, flags=0x40000)
09-25 09:25:01.005 13504 13627 E RPCS3   : Failed to lock sudo memory (addr=0x3b300000, size=0x100000). Consider increasing your system limits.
09-25 09:25:01.005 13504 13627 W RPCS3   : sys_mmapper_map_shared_memory(addr=0x3b400000, mem_id=0x800ed00, flags=0x40000)
09-25 09:25:01.005 13504 13627 E RPCS3   : Failed to lock sudo memory (addr=0x3b400000, size=0x100000). Consider increasing your system limits.
09-25 09:25:01.005 13504 13627 W RPCS3   : sys_mmapper_map_shared_memory(addr=0x3b500000, mem_id=0x800ee00, flags=0x40000)
09-25 09:25:01.005 13504 13627 E RPCS3   : Failed to lock sudo memory (addr=0x3b500000, size=0x100000). Consider increasing your system limits.
09-25 09:25:01.005 13504 13627 W RPCS3   : sys_mmapper_map_shared_memory(addr=0x3b600000, mem_id=0x800ef00, flags=0x40000)
09-25 09:25:01.005 13504 13627 E RPCS3   : Failed to lock sudo memory (addr=0x3b600000, size=0x100000). Consider increasing your system limits.
09-25 09:25:01.005 13504 13627 W RPCS3   : sys_mmapper_map_shared_memory(addr=0x3b700000, mem_id=0x800f000, flags=0x40000)
09-25 09:25:01.005 13504 13627 E RPCS3   : Failed to lock sudo memory (addr=0x3b700000, size=0x100000). Consider increasing your system limits.
09-25 09:25:01.005 13504 13627 W RPCS3   : sys_mmapper_map_shared_memory(addr=0x3b800000, mem_id=0x800f100, flags=0x40000)
09-25 09:25:01.005 13504 13627 E RPCS3   : Failed to lock sudo memory (addr=0x3b800000, size=0x100000). Consider increasing your system limits.
09-25 09:25:01.005 13504 13627 W RPCS3   : sys_mmapper_map_shared_memory(addr=0x3b900000, mem_id=0x800f200, flags=0x40000)
09-25 09:25:01.005 13504 13627 E RPCS3   : Failed to lock sudo memory (addr=0x3b900000, size=0x100000). Consider increasing your system limits.
09-25 09:25:01.005 13504 13627 W RPCS3   : sys_mmapper_map_shared_memory(addr=0x3ba00000, mem_id=0x800f300, flags=0x40000)
09-25 09:25:01.005 13504 13627 E RPCS3   : Failed to lock sudo memory (addr=0x3ba00000, size=0x100000). Consider increasing your system limits.
09-25 09:25:01.005 13504 13627 W RPCS3   : sys_mmapper_map_shared_memory(addr=0x3bb00000, mem_id=0x800f400, flags=0x40000)
09-25 09:25:01.005 13504 13627 E RPCS3   : Failed to lock sudo memory (addr=0x3bb00000, size=0x100000). Consider increasing your system limits.
09-25 09:25:01.005 13504 13627 W RPCS3   : sys_mmapper_map_shared_memory(addr=0x3bc00000, mem_id=0x800f500, flags=0x40000)
09-25 09:25:01.005 13504 13627 E RPCS3   : Failed to lock sudo memory (addr=0x3bc00000, size=0x100000). Consider increasing your system limits.
09-25 09:25:01.005 13504 13627 W RPCS3   : sys_mmapper_map_shared_memory(addr=0x3bd00000, mem_id=0x800f600, flags=0x40000)
09-25 09:25:01.005 13504 13627 E RPCS3   : Failed to lock sudo memory (addr=0x3bd00000, size=0x100000). Consider increasing your system limits.
09-25 09:25:01.005 13504 13627 W RPCS3   : sys_mmapper_map_shared_memory(addr=0x3be00000, mem_id=0x800f700, flags=0x40000)
09-25 09:25:01.005 13504 13627 E RPCS3   : Failed to lock sudo memory (addr=0x3be00000, size=0x100000). Consider increasing your system limits.
09-25 09:25:01.005 13504 13627 W RPCS3   : sys_mmapper_map_shared_memory(addr=0x3bf00000, mem_id=0x800f800, flags=0x40000)
09-25 09:25:01.005 13504 13627 E RPCS3   : Failed to lock sudo memory (addr=0x3bf00000, size=0x100000). Consider increasing your system limits.
09-25 09:25:01.005 13504 13627 W RPCS3   : sys_mmapper_map_shared_memory(addr=0x3c000000, mem_id=0x800f900, flags=0x40000)
09-25 09:25:01.005 13504 13627 E RPCS3   : Failed to lock sudo memory (addr=0x3c000000, size=0x100000). Consider increasing your system limits.
09-25 09:25:01.005 13504 13627 W RPCS3   : sys_mmapper_map_shared_memory(addr=0x3c100000, mem_id=0x800fa00, flags=0x40000)
09-25 09:25:01.005 13504 13627 E RPCS3   : Failed to lock sudo memory (addr=0x3c100000, size=0x100000). Consider increasing your system limits.
09-25 09:25:01.005 13504 13627 W RPCS3   : sys_mmapper_map_shared_memory(addr=0x3c200000, mem_id=0x800fb00, flags=0x40000)
09-25 09:25:01.005 13504 13627 E RPCS3   : Failed to lock sudo memory (addr=0x3c200000, size=0x100000). Consider increasing your system limits.
09-25 09:25:01.005 13504 13627 W RPCS3   : sys_mmapper_map_shared_memory(addr=0x3c300000, mem_id=0x800fc00, flags=0x40000)
09-25 09:25:01.005 13504 13627 E RPCS3   : Failed to lock sudo memory (addr=0x3c300000, size=0x100000). Consider increasing your system limits.
09-25 09:25:01.005 13504 13627 W RPCS3   : sys_mmapper_map_shared_memory(addr=0x3c400000, mem_id=0x800fd00, flags=0x40000)
09-25 09:25:01.005 13504 13627 E RPCS3   : Failed to lock sudo memory (addr=0x3c400000, size=0x100000). Consider increasing your system limits.
09-25 09:25:01.005 13504 13627 W RPCS3   : sys_mmapper_map_shared_memory(addr=0x3c500000, mem_id=0x800fe00, flags=0x40000)
09-25 09:25:01.005 13504 13627 E RPCS3   : Failed to lock sudo memory (addr=0x3c500000, size=0x100000). Consider increasing your system limits.
09-25 09:25:01.005 13504 13627 W RPCS3   : sys_mmapper_map_shared_memory(addr=0x3c600000, mem_id=0x800ff00, flags=0x40000)
09-25 09:25:01.005 13504 13627 E RPCS3   : Failed to lock sudo memory (addr=0x3c600000, size=0x100000). Consider increasing your system limits.
09-25 09:25:01.005 13504 13627 W RPCS3   : sys_mmapper_map_shared_memory(addr=0x3c700000, mem_id=0x8010000, flags=0x40000)
09-25 09:25:01.005 13504 13627 E RPCS3   : Failed to lock sudo memory (addr=0x3c700000, size=0x100000). Consider increasing your system limits.
09-25 09:25:01.014 13504 13504 I CompileMonitorService: Projection inactive — scheduling stop
09-25 09:25:01.067 13504 13627 W RPCS3   : sys_mmapper_unmap_shared_memory(addr=0x34c00000, mem_id=*0xd00109e0)
09-25 09:25:01.067 13504 13627 W RPCS3   : sys_mmapper_unmap_shared_memory(addr=0x34d00000, mem_id=*0xd00109e0)
09-25 09:25:01.067 13504 13627 W RPCS3   : sys_mmapper_unmap_shared_memory(addr=0x34e00000, mem_id=*0xd00109e0)
09-25 09:25:01.067 13504 13627 W RPCS3   : sys_mmapper_unmap_shared_memory(addr=0x34f00000, mem_id=*0xd00109e0)
09-25 09:25:01.067 13504 13627 W RPCS3   : sys_mmapper_unmap_shared_memory(addr=0x35000000, mem_id=*0xd00109e0)
09-25 09:25:01.067 13504 13627 W RPCS3   : sys_mmapper_unmap_shared_memory(addr=0x35100000, mem_id=*0xd00109e0)
09-25 09:25:01.067 13504 13627 W RPCS3   : sys_mmapper_unmap_shared_memory(addr=0x35200000, mem_id=*0xd00109e0)
09-25 09:25:01.067 13504 13627 W RPCS3   : sys_mmapper_unmap_shared_memory(addr=0x35300000, mem_id=*0xd00109e0)
09-25 09:25:01.067 13504 13627 W RPCS3   : sys_mmapper_unmap_shared_memory(addr=0x35400000, mem_id=*0xd00109e0)
09-25 09:25:01.067 13504 13627 W RPCS3   : sys_mmapper_unmap_shared_memory(addr=0x35500000, mem_id=*0xd00109e0)
09-25 09:25:01.067 13504 13627 W RPCS3   : sys_mmapper_unmap_shared_memory(addr=0x35600000, mem_id=*0xd00109e0)
09-25 09:25:01.067 13504 13627 W RPCS3   : sys_mmapper_unmap_shared_memory(addr=0x35700000, mem_id=*0xd00109e0)
09-25 09:25:01.067 13504 13627 W RPCS3   : sys_mmapper_unmap_shared_memory(addr=0x35800000, mem_id=*0xd00109e0)
09-25 09:25:01.067 13504 13627 W RPCS3   : sys_mmapper_unmap_shared_memory(addr=0x35900000, mem_id=*0xd00109e0)
09-25 09:25:01.067 13504 13627 W RPCS3   : sys_mmapper_unmap_shared_memory(addr=0x35a00000, mem_id=*0xd00109e0)
09-25 09:25:01.067 13504 13627 W RPCS3   : sys_mmapper_unmap_shared_memory(addr=0x35b00000, mem_id=*0xd00109e0)
09-25 09:25:01.067 13504 13627 W RPCS3   : sys_mmapper_unmap_shared_memory(addr=0x35c00000, mem_id=*0xd00109e0)
09-25 09:25:01.068 13504 13627 W RPCS3   : sys_mmapper_unmap_shared_memory(addr=0x35d00000, mem_id=*0xd00109e0)
09-25 09:25:01.068 13504 13627 W RPCS3   : sys_mmapper_unmap_shared_memory(addr=0x35e00000, mem_id=*0xd00109e0)
09-25 09:25:01.068 13504 13627 W RPCS3   : sys_mmapper_unmap_shared_memory(addr=0x35f00000, mem_id=*0xd00109e0)
09-25 09:25:01.068 13504 13627 W RPCS3   : sys_mmapper_unmap_shared_memory(addr=0x36000000, mem_id=*0xd00109e0)
09-25 09:25:01.068 13504 13627 W RPCS3   : sys_mmapper_unmap_shared_memory(addr=0x36100000, mem_id=*0xd00109e0)
09-25 09:25:01.068 13504 13627 W RPCS3   : sys_mmapper_unmap_shared_memory(addr=0x36200000, mem_id=*0xd00109e0)
09-25 09:25:01.068 13504 13627 W RPCS3   : sys_mmapper_unmap_shared_memory(addr=0x36300000, mem_id=*0xd00109e0)
09-25 09:25:01.068 13504 13627 W RPCS3   : sys_mmapper_unmap_shared_memory(addr=0x36400000, mem_id=*0xd00109e0)
09-25 09:25:01.068 13504 13627 W RPCS3   : sys_mmapper_unmap_shared_memory(addr=0x36500000, mem_id=*0xd00109e0)
09-25 09:25:01.068 13504 13627 W RPCS3   : sys_mmapper_unmap_shared_memory(addr=0x36600000, mem_id=*0xd00109e0)
09-25 09:25:01.068 13504 13627 W RPCS3   : sys_mmapper_unmap_shared_memory(addr=0x36700000, mem_id=*0xd00109e0)
09-25 09:25:01.068 13504 13627 W RPCS3   : sys_mmapper_unmap_shared_memory(addr=0x36800000, mem_id=*0xd00109e0)
09-25 09:25:01.068 13504 13627 W RPCS3   : sys_mmapper_unmap_shared_memory(addr=0x36900000, mem_id=*0xd00109e0)
09-25 09:25:01.068 13504 13627 W RPCS3   : sys_mmapper_unmap_shared_memory(addr=0x36a00000, mem_id=*0xd00109e0)
09-25 09:25:01.068 13504 13627 W RPCS3   : sys_mmapper_unmap_shared_memory(addr=0x36b00000, mem_id=*0xd00109e0)
09-25 09:25:01.068 13504 13627 W RPCS3   : sys_mmapper_unmap_shared_memory(addr=0x36c00000, mem_id=*0xd00109e0)
09-25 09:25:01.068 13504 13627 W RPCS3   : sys_mmapper_unmap_shared_memory(addr=0x36d00000, mem_id=*0xd00109e0)
09-25 09:25:01.068 13504 13627 W RPCS3   : sys_mmapper_unmap_shared_memory(addr=0x36e00000, mem_id=*0xd00109e0)
09-25 09:25:01.068 13504 13627 W RPCS3   : sys_mmapper_unmap_shared_memory(addr=0x36f00000, mem_id=*0xd00109e0)
09-25 09:25:01.068 13504 13627 W RPCS3   : sys_mmapper_unmap_shared_memory(addr=0x37000000, mem_id=*0xd00109e0)
09-25 09:25:01.068 13504 13627 W RPCS3   : sys_mmapper_unmap_shared_memory(addr=0x37100000, mem_id=*0xd00109e0)
09-25 09:25:01.068 13504 13627 W RPCS3   : sys_mmapper_unmap_shared_memory(addr=0x37200000, mem_id=*0xd00109e0)
09-25 09:25:01.068 13504 13627 W RPCS3   : sys_mmapper_unmap_shared_memory(addr=0x37300000, mem_id=*0xd00109e0)
09-25 09:25:01.068 13504 13627 W RPCS3   : sys_mmapper_unmap_shared_memory(addr=0x37400000, mem_id=*0xd00109e0)
09-25 09:25:01.068 13504 13627 W RPCS3   : sys_mmapper_unmap_shared_memory(addr=0x37500000, mem_id=*0xd00109e0)
09-25 09:25:01.068 13504 13627 W RPCS3   : sys_mmapper_unmap_shared_memory(addr=0x37600000, mem_id=*0xd00109e0)
09-25 09:25:01.068 13504 13627 W RPCS3   : sys_mmapper_unmap_shared_memory(addr=0x37700000, mem_id=*0xd00109e0)
09-25 09:25:01.068 13504 13627 W RPCS3   : sys_mmapper_unmap_shared_memory(addr=0x37800000, mem_id=*0xd00109e0)
09-25 09:25:01.068 13504 13627 W RPCS3   : sys_mmapper_unmap_shared_memory(addr=0x37900000, mem_id=*0xd00109e0)
09-25 09:25:01.068 13504 13627 W RPCS3   : sys_mmapper_unmap_shared_memory(addr=0x37a00000, mem_id=*0xd00109e0)
09-25 09:25:01.068 13504 13627 W RPCS3   : sys_mmapper_unmap_shared_memory(addr=0x37b00000, mem_id=*0xd00109e0)
09-25 09:25:01.068 13504 13627 W RPCS3   : sys_mmapper_unmap_shared_memory(addr=0x37c00000, mem_id=*0xd00109e0)
09-25 09:25:01.068 13504 13627 W RPCS3   : sys_mmapper_unmap_shared_memory(addr=0x37d00000, mem_id=*0xd00109e0)
09-25 09:25:01.068 13504 13627 W RPCS3   : sys_mmapper_unmap_shared_memory(addr=0x37e00000, mem_id=*0xd00109e0)
09-25 09:25:01.068 13504 13627 W RPCS3   : sys_mmapper_unmap_shared_memory(addr=0x37f00000, mem_id=*0xd00109e0)
09-25 09:25:01.068 13504 13627 W RPCS3   : sys_mmapper_unmap_shared_memory(addr=0x38000000, mem_id=*0xd00109e0)
09-25 09:25:01.068 13504 13627 W RPCS3   : sys_mmapper_unmap_shared_memory(addr=0x38100000, mem_id=*0xd00109e0)
09-25 09:25:01.068 13504 13627 W RPCS3   : sys_mmapper_unmap_shared_memory(addr=0x38200000, mem_id=*0xd00109e0)
09-25 09:25:01.068 13504 13627 W RPCS3   : sys_mmapper_unmap_shared_memory(addr=0x38300000, mem_id=*0xd00109e0)
09-25 09:25:01.068 13504 13627 W RPCS3   : sys_mmapper_unmap_shared_memory(addr=0x38400000, mem_id=*0xd00109e0)
09-25 09:25:01.068 13504 13627 W RPCS3   : sys_mmapper_unmap_shared_memory(addr=0x38500000, mem_id=*0xd00109e0)
09-25 09:25:01.068 13504 13627 W RPCS3   : sys_mmapper_unmap_shared_memory(addr=0x38600000, mem_id=*0xd00109e0)
09-25 09:25:01.068 13504 13627 W RPCS3   : sys_mmapper_unmap_shared_memory(addr=0x38700000, mem_id=*0xd00109e0)
09-25 09:25:01.068 13504 13627 W RPCS3   : sys_mmapper_unmap_shared_memory(addr=0x38800000, mem_id=*0xd00109e0)
09-25 09:25:01.068 13504 13627 W RPCS3   : sys_mmapper_unmap_shared_memory(addr=0x38900000, mem_id=*0xd00109e0)
09-25 09:25:01.068 13504 13627 W RPCS3   : sys_mmapper_unmap_shared_memory(addr=0x38a00000, mem_id=*0xd00109e0)
09-25 09:25:01.068 13504 13627 W RPCS3   : sys_mmapper_unmap_shared_memory(addr=0x38b00000, mem_id=*0xd00109e0)
09-25 09:25:01.068 13504 13627 W RPCS3   : sys_mmapper_unmap_shared_memory(addr=0x38c00000, mem_id=*0xd00109e0)
09-25 09:25:01.068 13504 13627 W RPCS3   : sys_mmapper_unmap_shared_memory(addr=0x38d00000, mem_id=*0xd00109e0)
09-25 09:25:01.068 13504 13627 W RPCS3   : sys_mmapper_unmap_shared_memory(addr=0x38e00000, mem_id=*0xd00109e0)
09-25 09:25:01.068 13504 13627 W RPCS3   : sys_mmapper_unmap_shared_memory(addr=0x38f00000, mem_id=*0xd00109e0)
09-25 09:25:01.068 13504 13627 W RPCS3   : sys_mmapper_unmap_shared_memory(addr=0x39000000, mem_id=*0xd00109e0)
09-25 09:25:01.068 13504 13627 W RPCS3   : sys_mmapper_unmap_shared_memory(addr=0x39100000, mem_id=*0xd00109e0)
09-25 09:25:01.068 13504 13627 W RPCS3   : sys_mmapper_unmap_shared_memory(addr=0x39200000, mem_id=*0xd00109e0)
09-25 09:25:01.068 13504 13627 W RPCS3   : sys_mmapper_unmap_shared_memory(addr=0x39300000, mem_id=*0xd00109e0)
09-25 09:25:01.068 13504 13627 W RPCS3   : sys_mmapper_unmap_shared_memory(addr=0x39400000, mem_id=*0xd00109e0)
09-25 09:25:01.068 13504 13627 W RPCS3   : sys_mmapper_unmap_shared_memory(addr=0x39500000, mem_id=*0xd00109e0)
09-25 09:25:01.068 13504 13627 W RPCS3   : sys_mmapper_unmap_shared_memory(addr=0x39600000, mem_id=*0xd00109e0)
09-25 09:25:01.068 13504 13627 W RPCS3   : sys_mmapper_unmap_shared_memory(addr=0x39700000, mem_id=*0xd00109e0)
09-25 09:25:01.068 13504 13627 W RPCS3   : sys_mmapper_unmap_shared_memory(addr=0x39800000, mem_id=*0xd00109e0)
09-25 09:25:01.068 13504 13627 W RPCS3   : sys_mmapper_unmap_shared_memory(addr=0x39900000, mem_id=*0xd00109e0)
09-25 09:25:01.068 13504 13627 W RPCS3   : sys_mmapper_unmap_shared_memory(addr=0x39a00000, mem_id=*0xd00109e0)
09-25 09:25:01.068 13504 13627 W RPCS3   : sys_mmapper_unmap_shared_memory(addr=0x39b00000, mem_id=*0xd00109e0)
09-25 09:25:01.068 13504 13627 W RPCS3   : sys_mmapper_unmap_shared_memory(addr=0x39c00000, mem_id=*0xd00109e0)
09-25 09:25:01.068 13504 13627 W RPCS3   : sys_mmapper_unmap_shared_memory(addr=0x39d00000, mem_id=*0xd00109e0)
09-25 09:25:01.068 13504 13627 W RPCS3   : sys_mmapper_unmap_shared_memory(addr=0x39e00000, mem_id=*0xd00109e0)
09-25 09:25:01.068 13504 13627 W RPCS3   : sys_mmapper_unmap_shared_memory(addr=0x39f00000, mem_id=*0xd00109e0)
09-25 09:25:01.068 13504 13627 W RPCS3   : sys_mmapper_unmap_shared_memory(addr=0x3a000000, mem_id=*0xd00109e0)
09-25 09:25:01.068 13504 13627 W RPCS3   : sys_mmapper_unmap_shared_memory(addr=0x3a100000, mem_id=*0xd00109e0)
09-25 09:25:01.068 13504 13627 W RPCS3   : sys_mmapper_unmap_shared_memory(addr=0x3a200000, mem_id=*0xd00109e0)
09-25 09:25:01.068 13504 13627 W RPCS3   : sys_mmapper_unmap_shared_memory(addr=0x3a300000, mem_id=*0xd00109e0)
09-25 09:25:01.068 13504 13627 W RPCS3   : sys_mmapper_unmap_shared_memory(addr=0x3a400000, mem_id=*0xd00109e0)
09-25 09:25:01.068 13504 13627 W RPCS3   : sys_mmapper_unmap_shared_memory(addr=0x3a500000, mem_id=*0xd00109e0)
09-25 09:25:01.068 13504 13627 W RPCS3   : sys_mmapper_unmap_shared_memory(addr=0x3a600000, mem_id=*0xd00109e0)
09-25 09:25:01.068 13504 13627 W RPCS3   : sys_mmapper_unmap_shared_memory(addr=0x3a700000, mem_id=*0xd00109e0)
09-25 09:25:01.068 13504 13627 W RPCS3   : sys_mmapper_unmap_shared_memory(addr=0x3a800000, mem_id=*0xd00109e0)
09-25 09:25:01.068 13504 13627 W RPCS3   : sys_mmapper_unmap_shared_memory(addr=0x3a900000, mem_id=*0xd00109e0)
09-25 09:25:01.068 13504 13627 W RPCS3   : sys_mmapper_unmap_shared_memory(addr=0x3aa00000, mem_id=*0xd00109e0)
09-25 09:25:01.068 13504 13627 W RPCS3   : sys_mmapper_unmap_shared_memory(addr=0x3ab00000, mem_id=*0xd00109e0)
09-25 09:25:01.068 13504 13627 W RPCS3   : sys_mmapper_unmap_shared_memory(addr=0x3ac00000, mem_id=*0xd00109e0)
09-25 09:25:01.068 13504 13627 W RPCS3   : sys_mmapper_unmap_shared_memory(addr=0x3ad00000, mem_id=*0xd00109e0)
09-25 09:25:01.068 13504 13627 W RPCS3   : sys_mmapper_unmap_shared_memory(addr=0x3ae00000, mem_id=*0xd00109e0)
09-25 09:25:01.069 13504 13627 W RPCS3   : sys_mmapper_unmap_shared_memory(addr=0x3af00000, mem_id=*0xd00109e0)
09-25 09:25:01.069 13504 13627 W RPCS3   : sys_mmapper_unmap_shared_memory(addr=0x3b000000, mem_id=*0xd00109e0)
09-25 09:25:01.069 13504 13627 W RPCS3   : sys_mmapper_unmap_shared_memory(addr=0x3b100000, mem_id=*0xd00109e0)
09-25 09:25:01.069 13504 13627 W RPCS3   : sys_mmapper_unmap_shared_memory(addr=0x3b200000, mem_id=*0xd00109e0)
09-25 09:25:01.069 13504 13627 W RPCS3   : sys_mmapper_unmap_shared_memory(addr=0x3b300000, mem_id=*0xd00109e0)
09-25 09:25:01.069 13504 13627 W RPCS3   : sys_mmapper_unmap_shared_memory(addr=0x3b400000, mem_id=*0xd00109e0)
09-25 09:25:01.069 13504 13627 W RPCS3   : sys_mmapper_unmap_shared_memory(addr=0x3b500000, mem_id=*0xd00109e0)
09-25 09:25:01.069 13504 13627 W RPCS3   : sys_mmapper_unmap_shared_memory(addr=0x3b600000, mem_id=*0xd00109e0)
09-25 09:25:01.069 13504 13627 W RPCS3   : sys_mmapper_unmap_shared_memory(addr=0x3b700000, mem_id=*0xd00109e0)
09-25 09:25:01.069 13504 13627 W RPCS3   : sys_mmapper_unmap_shared_memory(addr=0x3b800000, mem_id=*0xd00109e0)
09-25 09:25:01.069 13504 13627 W RPCS3   : sys_mmapper_unmap_shared_memory(addr=0x3b900000, mem_id=*0xd00109e0)
09-25 09:25:01.069 13504 13627 W RPCS3   : sys_mmapper_unmap_shared_memory(addr=0x3ba00000, mem_id=*0xd00109e0)
09-25 09:25:01.069 13504 13627 W RPCS3   : sys_mmapper_unmap_shared_memory(addr=0x3bb00000, mem_id=*0xd00109e0)
09-25 09:25:01.069 13504 13627 W RPCS3   : sys_mmapper_unmap_shared_memory(addr=0x3bc00000, mem_id=*0xd00109e0)
09-25 09:25:01.069 13504 13627 W RPCS3   : sys_mmapper_unmap_shared_memory(addr=0x3bd00000, mem_id=*0xd00109e0)
09-25 09:25:01.069 13504 13627 W RPCS3   : sys_mmapper_unmap_shared_memory(addr=0x3be00000, mem_id=*0xd00109e0)
09-25 09:25:01.069 13504 13627 W RPCS3   : sys_mmapper_unmap_shared_memory(addr=0x3bf00000, mem_id=*0xd00109e0)
09-25 09:25:01.069 13504 13627 W RPCS3   : sys_mmapper_unmap_shared_memory(addr=0x3c000000, mem_id=*0xd00109e0)
09-25 09:25:01.069 13504 13627 W RPCS3   : sys_mmapper_unmap_shared_memory(addr=0x3c100000, mem_id=*0xd00109e0)
09-25 09:25:01.069 13504 13627 W RPCS3   : sys_mmapper_unmap_shared_memory(addr=0x3c200000, mem_id=*0xd00109e0)
09-25 09:25:01.069 13504 13627 W RPCS3   : sys_mmapper_unmap_shared_memory(addr=0x3c300000, mem_id=*0xd00109e0)
09-25 09:25:01.069 13504 13627 W RPCS3   : sys_mmapper_unmap_shared_memory(addr=0x3c400000, mem_id=*0xd00109e0)
09-25 09:25:01.069 13504 13627 W RPCS3   : sys_mmapper_unmap_shared_memory(addr=0x3c500000, mem_id=*0xd00109e0)
09-25 09:25:01.069 13504 13627 W RPCS3   : sys_mmapper_unmap_shared_memory(addr=0x3c600000, mem_id=*0xd00109e0)
09-25 09:25:01.069 13504 13627 W RPCS3   : sys_mmapper_unmap_shared_memory(addr=0x3c700000, mem_id=*0xd00109e0)
09-25 09:25:01.069 13504 13627 W RPCS3   : cellSysutilRegisterCallback(slot=0, func=*0x51d9c0, userdata=*0x0)
09-25 09:25:01.069 13504 13627 W RPCS3   : sys_spu_initialize(max_usable_spu=6, max_raw_spu=0)
09-25 09:25:01.069 13504 13627 W RPCS3   : sys_memory_get_user_memory_size(mem_info=*0xd00108e8)
09-25 09:25:01.069 13504 13627 W RPCS3   : sys_process_is_spu_lock_line_reservation_address(addr=0x30038c80, flags=0x2)
09-25 09:25:01.069 13504 13627 W RPCS3   : sys_spu_thread_group_create(id=*0xd0010570, num=5, prio=128, attr=*0xd00105a4)
09-25 09:25:01.069 13504 13627 W RPCS3   : sys_spu_thread_group_create(): Thread group "BigCellSpursKernelGroup" created (id=0x4000100)
09-25 09:25:01.069 13504 13627 W RPCS3   : sys_spu_thread_initialize(thread=*0x300399b4, group=0x4000100, spu_num=0, img=*0x300399f0, attr=*0xd0010588, arg=*0xd00105d8)
09-25 09:25:01.069 13504 13627 D RPCS3   : LLVM Context target: configured='cortex-a34', effective='cortex-a34', features='+fp-armv8,+neon,+crc,+crypto'
09-25 09:25:01.069 13504 13627 I RPCSX-UI: LLVM Context target: configured='cortex-a34', effective='cortex-a34', features='+fp-armv8,+neon,+crc,+crypto'
09-25 09:25:01.070 13504 13627 W RPCS3   : sys_spu_thread_initialize(): Thread "BigCellSpursKernel0" created (id=0x100)
09-25 09:25:01.070 13504 13627 W RPCS3   : sys_spu_thread_initialize(thread=*0x300399b8, group=0x4000100, spu_num=1, img=*0x300399f0, attr=*0xd0010588, arg=*0xd00105d8)
09-25 09:25:01.070 13504 13627 D RPCS3   : LLVM Context target: configured='cortex-a34', effective='cortex-a34', features='+fp-armv8,+neon,+crc,+crypto'
09-25 09:25:01.070 13504 13627 I RPCSX-UI: LLVM Context target: configured='cortex-a34', effective='cortex-a34', features='+fp-armv8,+neon,+crc,+crypto'
09-25 09:25:01.070 13504 13627 W RPCS3   : sys_spu_thread_initialize(): Thread "BigCellSpursKernel1" created (id=0x1000100)
09-25 09:25:01.070 13504 13627 W RPCS3   : sys_spu_thread_initialize(thread=*0x300399bc, group=0x4000100, spu_num=2, img=*0x300399f0, attr=*0xd0010588, arg=*0xd00105d8)
09-25 09:25:01.070 13504 13627 D RPCS3   : LLVM Context target: configured='cortex-a34', effective='cortex-a34', features='+fp-armv8,+neon,+crc,+crypto'
09-25 09:25:01.070 13504 13627 I RPCSX-UI: LLVM Context target: configured='cortex-a34', effective='cortex-a34', features='+fp-armv8,+neon,+crc,+crypto'
09-25 09:25:01.070 13504 13627 W RPCS3   : sys_spu_thread_initialize(): Thread "BigCellSpursKernel2" created (id=0x2000100)
09-25 09:25:01.070 13504 13627 W RPCS3   : sys_spu_thread_initialize(thread=*0x300399c0, group=0x4000100, spu_num=3, img=*0x300399f0, attr=*0xd0010588, arg=*0xd00105d8)
09-25 09:25:01.070 13504 13627 D RPCS3   : LLVM Context target: configured='cortex-a34', effective='cortex-a34', features='+fp-armv8,+neon,+crc,+crypto'
09-25 09:25:01.070 13504 13627 I RPCSX-UI: LLVM Context target: configured='cortex-a34', effective='cortex-a34', features='+fp-armv8,+neon,+crc,+crypto'
09-25 09:25:01.071 13504 13627 W RPCS3   : sys_spu_thread_initialize(): Thread "BigCellSpursKernel3" created (id=0x3000100)
09-25 09:25:01.071 13504 13627 W RPCS3   : sys_spu_thread_initialize(thread=*0x300399c4, group=0x4000100, spu_num=4, img=*0x300399f0, attr=*0xd0010588, arg=*0xd00105d8)
09-25 09:25:01.071 13504 13627 D RPCS3   : LLVM Context target: configured='cortex-a34', effective='cortex-a34', features='+fp-armv8,+neon,+crc,+crypto'
09-25 09:25:01.071 13504 13627 I RPCSX-UI: LLVM Context target: configured='cortex-a34', effective='cortex-a34', features='+fp-armv8,+neon,+crc,+crypto'
09-25 09:25:01.071 13504 13627 W RPCS3   : sys_spu_thread_initialize(): Thread "BigCellSpursKernel4" created (id=0x4000100)
09-25 09:25:01.071 13504 13627 W RPCS3   : sys_event_queue_create(equeue_id=*0xd0010490, attr=*0xd00103e4, ipc_key=0x0, size=42)
09-25 09:25:01.071 13504 13627 W RPCS3   : sys_process_get_sdk_version(pid=0x1, version=*0xd00102a0)
09-25 09:25:01.071 13504 13627 W RPCS3   : sys_spu_thread_group_connect_event_all_threads(id=0x4000100, eq=0x8d011b00, req=0xffffffffffff0000, spup=*0xd0010330)
09-25 09:25:01.071 13504 13627 W RPCS3   : sys_event_port_create(eport_id=*0xd0010494, port_type=1, name=0x0)
09-25 09:25:01.071 13504 13627 W RPCS3   : sys_event_port_connect_local(eport_id=0xe011c00, equeue_id=0x8d011b00)
09-25 09:25:01.071 13504 13627 W RPCS3   : _sys_ppu_thread_create(thread_id=*0x300399a8, param=*0xd00103d0, arg=0x30038c80, unk=0x0, prio=998, stacksize=0x8000, flags=0x1, threadname=*0xd0010498)
09-25 09:25:01.071 13504 13627 W RPCS3   : _sys_ppu_thread_create(): Thread "BigSpursHdlr1" created (id=0x1000001, func=*0x92b504, rtoc=0x95bab0, user-tls=0x100071f0)
09-25 09:25:01.071 13504 13627 W RPCS3   : _sys_ppu_thread_create(thread_id=*0x300399a0, param=*0xd00103f0, arg=0x30038c80, unk=0x0, prio=998, stacksize=0x4000, flags=0x1, threadname=*0xd00104b0)
09-25 09:25:01.071 13504 13627 W RPCS3   : _sys_ppu_thread_create(): Thread "BigSpursHdlr0" created (id=0x1000002, func=*0x92930c, rtoc=0x95bab0, user-tls=0x10007380)
09-25 09:25:01.071 13504 13627 W RPCS3   : sys_spu_thread_group_connect_event(id=0x4000100, eq=0x8d011b00, et=2)
09-25 09:25:01.071 13504 13627 W RPCS3   : _sys_prx_get_module_id_by_name(name=“cellLibprof”, flags=0, pOpt=*0x0)
09-25 09:25:01.071 13504 13627 E RPCS3   : '_sys_prx_get_module_id_by_name' failed with 0x8001112e : CELL_PRX_ERROR_UNKNOWN_MODULE [1]
09-25 09:25:01.071 13504 13627 W RPCS3   : sys_process_is_spu_lock_line_reservation_address(addr=0x30039c80, flags=0x2)
09-25 09:25:01.071 13504 13627 W RPCS3   : sys_spu_thread_group_create(id=*0xd0010570, num=1, prio=138, attr=*0xd00105a4)
09-25 09:25:01.071 13504 13627 W RPCS3   : sys_spu_thread_group_create(): Thread group "LittleCellSpursKernelGroup" created (id=0x4000200)
09-25 09:25:01.071 13504 13627 W RPCS3   : sys_spu_thread_initialize(thread=*0x3003a9b4, group=0x4000200, spu_num=0, img=*0x3003a9f0, attr=*0xd0010588, arg=*0xd00105d8)
09-25 09:25:01.071 13504 13730 D RPCS3   : Loaded SPU image: SPU-c551925d5640eb35b80dc1281f8509336eca9765 (<- 0)
09-25 09:25:01.071 13504 13730 D RPCS3   : 	[0] t=0x1, ls=0x100, size=0x780, addr=0x940400
09-25 09:25:01.071 13504 13730 D RPCS3   : 	[1] t=0x4, ls=0x0, size=0x20, addr=0x940b94
09-25 09:25:01.071 13504 13730 D RPCS3   : Loaded SPU image: SPU-c551925d5640eb35b80dc1281f8509336eca9765 (<- 0)
09-25 09:25:01.071 13504 13730 D RPCS3   : 	[0] t=0x1, ls=0x100, size=0x780, addr=0x940400
09-25 09:25:01.071 13504 13730 D RPCS3   : 	[1] t=0x4, ls=0x0, size=0x20, addr=0x940b94
09-25 09:25:01.071 13504 13627 D RPCS3   : LLVM Context target: configured='cortex-a34', effective='cortex-a34', features='+fp-armv8,+neon,+crc,+crypto'
09-25 09:25:01.071 13504 13627 I RPCSX-UI: LLVM Context target: configured='cortex-a34', effective='cortex-a34', features='+fp-armv8,+neon,+crc,+crypto'
09-25 09:25:01.071 13504 13730 D RPCS3   : Loaded SPU image: SPU-c551925d5640eb35b80dc1281f8509336eca9765 (<- 0)
09-25 09:25:01.071 13504 13730 D RPCS3   : 	[0] t=0x1, ls=0x100, size=0x780, addr=0x940400
09-25 09:25:01.071 13504 13730 D RPCS3   : 	[1] t=0x4, ls=0x0, size=0x20, addr=0x940b94
09-25 09:25:01.071 13504 13627 W RPCS3   : sys_spu_thread_initialize(): Thread "LittleCellSpursKernel0" created (id=0x200)
09-25 09:25:01.071 13504 13627 W RPCS3   : sys_event_queue_create(equeue_id=*0xd0010490, attr=*0xd00103e4, ipc_key=0x0, size=42)
09-25 09:25:01.071 13504 13627 W RPCS3   : sys_spu_thread_group_connect_event_all_threads(id=0x4000200, eq=0x8d013000, req=0xffffffffffff0000, spup=*0xd0010330)
09-25 09:25:01.071 13504 13627 W RPCS3   : sys_event_port_create(eport_id=*0xd0010494, port_type=1, name=0x0)
09-25 09:25:01.071 13504 13627 W RPCS3   : sys_event_port_connect_local(eport_id=0xe013100, equeue_id=0x8d013000)
09-25 09:25:01.071 13504 13627 W RPCS3   : _sys_ppu_thread_create(thread_id=*0x3003a9a8, param=*0xd00103d0, arg=0x30039c80, unk=0x0, prio=999, stacksize=0x8000, flags=0x1, threadname=*0xd0010498)
09-25 09:25:01.071 13504 13730 D RPCS3   : Loaded SPU image: SPU-c551925d5640eb35b80dc1281f8509336eca9765 (<- 0)
09-25 09:25:01.071 13504 13730 D RPCS3   : 	[0] t=0x1, ls=0x100, size=0x780, addr=0x940400
09-25 09:25:01.071 13504 13730 D RPCS3   : 	[1] t=0x4, ls=0x0, size=0x20, addr=0x940b94
09-25 09:25:01.072 13504 13627 W RPCS3   : _sys_ppu_thread_create(): Thread "LittleSpursHdlr1" created (id=0x1000003, func=*0x92b504, rtoc=0x95bab0, user-tls=0x10007510)
09-25 09:25:01.072 13504 13730 D RPCS3   : Loaded SPU image: SPU-c551925d5640eb35b80dc1281f8509336eca9765 (<- 0)
09-25 09:25:01.072 13504 13730 D RPCS3   : 	[0] t=0x1, ls=0x100, size=0x780, addr=0x940400
09-25 09:25:01.072 13504 13730 D RPCS3   : 	[1] t=0x4, ls=0x0, size=0x20, addr=0x940b94
09-25 09:25:01.072 13504 13627 W RPCS3   : _sys_ppu_thread_create(thread_id=*0x3003a9a0, param=*0xd00103f0, arg=0x30039c80, unk=0x0, prio=999, stacksize=0x4000, flags=0x1, threadname=*0xd00104b0)
09-25 09:25:01.072 13504 13627 W RPCS3   : _sys_ppu_thread_create(): Thread "LittleSpursHdlr0" created (id=0x1000004, func=*0x92930c, rtoc=0x95bab0, user-tls=0x100076a0)
09-25 09:25:01.072 13504 13627 W RPCS3   : sys_spu_thread_group_connect_event(id=0x4000200, eq=0x8d013000, et=2)
09-25 09:25:01.072 13504 13627 W RPCS3   : _sys_prx_get_module_id_by_name(name=“cellLibprof”, flags=0, pOpt=*0x0)
09-25 09:25:01.072 13504 13627 E RPCS3   : '_sys_prx_get_module_id_by_name' failed with 0x8001112e : CELL_PRX_ERROR_UNKNOWN_MODULE [2]
09-25 09:25:01.072 13504 13627 W RPCS3   : sys_memory_get_user_memory_size(mem_info=*0xd00108c0)
09-25 09:25:01.072 13504 13627 W RPCS3   : sys_event_flag_create(id=*0x3003e018, attr=*0xd0010350, init=0x0)
09-25 09:25:01.072 13504 13627 W RPCS3   : sys_event_flag_create(id=*0x3003e01c, attr=*0xd0010350, init=0x0)
09-25 09:25:01.072 13504 13627 W RPCS3   : sys_event_flag_create(id=*0x30040998, attr=*0xd0010350, init=0x0)
09-25 09:25:01.072 13504 13627 W RPCS3   : sys_event_flag_create(id=*0x3004099c, attr=*0xd0010350, init=0x0)
09-25 09:25:01.072 13504 13627 W RPCS3   : sys_event_flag_create(id=*0x30043318, attr=*0xd0010350, init=0x0)
09-25 09:25:01.072 13504 13627 W RPCS3   : sys_event_flag_create(id=*0x3004331c, attr=*0xd0010350, init=0x0)
09-25 09:25:01.072 13504 13627 W RPCS3   : cellGameBootCheck(type=*0xd0010980, attributes=*0xd0010984, size=*0xd0010994, dirName=*0x0)
09-25 09:25:01.072 13504 13733 D RPCS3   : Loaded SPU image: SPU-c551925d5640eb35b80dc1281f8509336eca9765 (<- 0)
09-25 09:25:01.072 13504 13733 D RPCS3   : 	[0] t=0x1, ls=0x100, size=0x780, addr=0x940400
09-25 09:25:01.072 13504 13733 D RPCS3   : 	[1] t=0x4, ls=0x0, size=0x20, addr=0x940b94
09-25 09:25:01.073 13504 13627 W RPCS3   : cellGameGetParamString(id=100, buf=*0xd0010988, bufsize=10)
09-25 09:25:01.075 13504 13627 W RPCS3   : cellGameContentPermit(contentInfoPath=*0xd00109d4, usrdirPath=*0xd0010a54)
09-25 09:25:01.077 13504 13627 D RPCS3   : cellSysCacheMount(param=*0xd000ff40 ('“BCUS98111”'))
09-25 09:25:01.083 13504 13627 D RPCS3   : Mounted path "/dev_hdd1" to "/storage/emulated/0/Android/data/com.zenithblue.sambas3/files/config/dev_hdd1/caches/BCUS98111_BCUS98111/"
09-25 09:25:01.083 13504 13627 W RPCS3   : _sys_ppu_thread_create(thread_id=*0x3493e740, param=*0xd00100a0, arg=0x3493e720, unk=0x0, prio=1009, stacksize=0x8000, flags=0x1, threadname=*0x3f6050)
09-25 09:25:01.083 13504 13627 W RPCS3   : _sys_ppu_thread_create(): Thread "fios mediathread" created (id=0x1000005, func=*0x325a54, rtoc=0x52d6c8, user-tls=0x10007830)
09-25 09:25:01.083 13504 13627 W RPCS3   : _sys_ppu_thread_create(thread_id=*0x3493e768, param=*0xd00100a0, arg=0x3493e748, unk=0x0, prio=1009, stacksize=0x8000, flags=0x1, threadname=*0x3f6050)
09-25 09:25:01.083 13504 13627 W RPCS3   : _sys_ppu_thread_create(): Thread "fios mediathread" created (id=0x1000006, func=*0x325a54, rtoc=0x52d6c8, user-tls=0x100079c0)
09-25 09:25:01.083 13504 13627 W RPCS3   : _sys_ppu_thread_create(thread_id=*0x3493d288, param=*0xd00100a0, arg=0x3493d268, unk=0x0, prio=1010, stacksize=0x10000, flags=0x1, threadname=*0x3f5fa8)
09-25 09:25:01.084 13504 13627 W RPCS3   : _sys_ppu_thread_create(): Thread "fios scheduler" created (id=0x1000007, func=*0x325a54, rtoc=0x52d6c8, user-tls=0x10007b50)
09-25 09:25:01.084 13504 13734 D RPCS3   : sys_fs_fcntl(0xc0000006): /dev_hdd1
09-25 09:25:01.084 13504 13734 W RPCS3   : sys_fs_stat(path=“/dev_hdd1/fios”, sb=*0xd003a6b8)
09-25 09:25:01.085 13504 13734 W RPCS3   : 'sys_fs_stat' failed with 0x80010006 : CELL_ENOENT, “/dev_hdd1/fios” [1]
09-25 09:25:01.085 13504 13734 D RPCS3   : sys_fs_fcntl(0xc0000006): /dev_hdd1
09-25 09:25:01.085 13504 13734 W RPCS3   : sys_fs_stat(path=“/dev_hdd1/fios”, sb=*0xd003a6b8)
09-25 09:25:01.086 13504 13734 W RPCS3   : 'sys_fs_stat' failed with 0x80010006 : CELL_ENOENT, “/dev_hdd1/fios” [2]
09-25 09:25:01.086 13504 13734 D RPCS3   : sys_fs_fcntl(0xc0000006): /dev_hdd1
09-25 09:25:01.086 13504 13734 W RPCS3   : sys_fs_mkdir(path=“/dev_hdd1/fios”, mode=0700)
09-25 09:25:01.087 13504 13734 D RPCS3   : sys_fs_mkdir(): directory “/dev_hdd1/fios” created
09-25 09:25:01.087 13504 13734 D RPCS3   : sys_fs_fcntl(0xc0000006): /dev_hdd1
09-25 09:25:01.087 13504 13734 W RPCS3   : sys_fs_open(path=“/dev_hdd1/fios/cache.idx”, flags=0102, fd=*0xd003a640, mode=0600, arg=*0x0, size=0x0)
09-25 09:25:01.088 13504 13734 W RPCS3   : sys_fs_open(): fd=3, Regular file, '/dev_hdd1/fios/cache.idx', Mode: 0x180, Flags: 0x42, Pos/Size: 0/0 (0x0/0x0)
09-25 09:25:01.088 13504 13734 W RPCS3   : sys_fs_fstat(fd=3, sb=*0xd003a854)
09-25 09:25:01.088 13504 13734 D RPCS3   : sys_fs_fcntl(0xc0000006): /dev_hdd1
09-25 09:25:01.088 13504 13734 W RPCS3   : sys_fs_open(path=“/dev_hdd1/fios/cache.dat”, flags=0102, fd=*0xd003a640, mode=0600, arg=*0x0, size=0x0)
09-25 09:25:01.089 13504 13734 W RPCS3   : sys_fs_open(): fd=4, Regular file, '/dev_hdd1/fios/cache.dat', Mode: 0x180, Flags: 0x42, Pos/Size: 0/0 (0x0/0x0)
09-25 09:25:01.089 13504 13734 W RPCS3   : sys_fs_fstat(fd=4, sb=*0xd003a854)
09-25 09:25:01.089 13504 13627 W RPCS3   : sys_fs_stat(path=“/dev_hdd1”, sb=*0xd000fbb8)
09-25 09:25:01.089 13504 13627 D RPCS3   : sys_fs_fcntl(0xc0000006): /dev_hdd1
09-25 09:25:01.089 13504 13627 W RPCS3   : sys_fs_get_block_size(path=“/dev_hdd1”, sector_size=*0xd000fa58, block_size=*0xd000fa60, arg4=*0xd000fa68)
09-25 09:25:01.089 13504 13627 W RPCS3   : sys_fs_disk_free(path=“/dev_hdd1” total_free=*0xd000fb50 avail_free=*0xd000fb68)
09-25 09:25:01.090 13504 13627 W RPCS3   : sys_fs_stat(path=“/dev_hdd1”, sb=*0xd000fbb8)
09-25 09:25:01.090 13504 13627 D RPCS3   : sys_fs_fcntl(0xc0000006): /dev_hdd1
09-25 09:25:01.090 13504 13627 W RPCS3   : sys_fs_get_block_size(path=“/dev_hdd1”, sector_size=*0xd000fa58, block_size=*0xd000fa60, arg4=*0xd000fa68)
09-25 09:25:01.090 13504 13627 W RPCS3   : sys_fs_disk_free(path=“/dev_hdd1” total_free=*0xd000fb50 avail_free=*0xd000fb68)
09-25 09:25:01.090 13504 13627 W RPCS3   : cellGameDataCheck(type=3, dirName=“BCUS98111”, size=*0xd0010850)
09-25 09:25:01.212 13504 13627 W RPCS3   : cellGameDataCheck(): directory '/dev_hdd0/game/BCUS98111' not found
09-25 09:25:01.212 13504 13627 W RPCS3   : cellGameContentPermit(contentInfoPath=*0x5eec78, usrdirPath=*0x5eecf8)
09-25 09:25:01.212 13504 13627 W RPCS3   : sys_event_queue_create(equeue_id=*0xd0010584, attr=*0xd00104d4, ipc_key=0x0, size=1)
09-25 09:25:01.212 13504 13627 W RPCS3   : sys_spu_thread_group_connect_event_all_threads(id=0x4000100, eq=0x8d016400, req=0xffffffffffff0000, spup=*0xd0010420)
09-25 09:25:01.212 13504 13627 W RPCS3   : sys_process_get_sdk_version(pid=0x1, version=*0xd00103f0)
09-25 09:25:01.212 13504 13627 W RPCS3   : sys_event_queue_create(equeue_id=*0xd0010430, attr=*0xd0010374, ipc_key=0x0, size=15)
09-25 09:25:01.212 13504 13627 W RPCS3   : sys_spu_thread_group_connect_event_all_threads(id=0x4000100, eq=0x8d016500, req=0xffffffffffff0000, spup=*0xd00102c0)
09-25 09:25:01.212 13504 13627 W RPCS3   : sys_event_port_create(eport_id=*0xd0010428, port_type=1, name=0x0)
09-25 09:25:01.212 13504 13627 W RPCS3   : sys_event_port_connect_local(eport_id=0xe016600, equeue_id=0x8d016500)
09-25 09:25:01.212 13504 13627 W RPCS3   : sys_event_queue_create(equeue_id=*0xd0010434, attr=*0xd0010374, ipc_key=0x0, size=15)
09-25 09:25:01.212 13504 13627 W RPCS3   : sys_spu_thread_group_connect_event_all_threads(id=0x4000100, eq=0x8d016700, req=0xffffffffffff0000, spup=*0xd00102c0)
09-25 09:25:01.212 13504 13627 W RPCS3   : sys_event_port_create(eport_id=*0xd001042c, port_type=1, name=0x0)
09-25 09:25:01.212 13504 13627 W RPCS3   : sys_event_port_connect_local(eport_id=0xe016800, equeue_id=0x8d016700)
09-25 09:25:01.213 13504 13734 W RPCS3   : sys_fs_fstat(fd=3, sb=*0xd003a854)
09-25 09:25:01.216 13504 13519 W HWUI    : Surface doesn't have any previously queued frames, nothing to readback from
09-25 09:25:01.226 13504 13627 W RPCS3   : _sys_ppu_thread_create(thread_id=*0x3499d8e4, param=*0xd0010600, arg=0x3499d8c4, unk=0x0, prio=1009, stacksize=0x8000, flags=0x1, threadname=*0x3f6050)
09-25 09:25:01.227 13504 13627 W RPCS3   : _sys_ppu_thread_create(): Thread "fios mediathread" created (id=0x1000008, func=*0x325a54, rtoc=0x52d6c8, user-tls=0x10007ce0)
09-25 09:25:01.228 13504 13627 W RPCS3   : _sys_ppu_thread_create(thread_id=*0x3499d90c, param=*0xd0010600, arg=0x3499d8ec, unk=0x0, prio=1009, stacksize=0x8000, flags=0x1, threadname=*0x3f6050)
09-25 09:25:01.228 13504 13627 W RPCS3   : _sys_ppu_thread_create(): Thread "fios mediathread" created (id=0x1000009, func=*0x325a54, rtoc=0x52d6c8, user-tls=0x10007e70)
09-25 09:25:01.228 13504 13627 W RPCS3   : _sys_ppu_thread_create(thread_id=*0x3499d934, param=*0xd0010600, arg=0x3499d914, unk=0x0, prio=1009, stacksize=0x8000, flags=0x1, threadname=*0x3f6050)
09-25 09:25:01.229 13504 13627 W RPCS3   : _sys_ppu_thread_create(): Thread "fios mediathread" created (id=0x100000a, func=*0x325a54, rtoc=0x52d6c8, user-tls=0x10008000)
09-25 09:25:01.229 13504 13627 W RPCS3   : _sys_ppu_thread_create(thread_id=*0x3498eb80, param=*0xd0010600, arg=0x3498eb60, unk=0x0, prio=1010, stacksize=0x10000, flags=0x1, threadname=*0x3f5fa8)
09-25 09:25:01.229 13504 13627 W RPCS3   : _sys_ppu_thread_create(): Thread "fios scheduler" created (id=0x100000b, func=*0x325a54, rtoc=0x52d6c8, user-tls=0x10008190)
09-25 09:25:01.232 13504 13737 D RPCS3   : sys_fs_fcntl(0xc0000006): /dev_bdvd
09-25 09:25:01.232 13504 13737 W RPCS3   : sys_fs_open(path=“/dev_bdvd/PS3_GAME/USRDIR/GAME.PSARC”, flags=00, fd=*0xd005f7e0, mode=00, arg=*0x0, size=0x0)
09-25 09:25:01.232 13504 13737 W RPCS3   : sys_fs_open(): fd=5, Regular file, '/dev_bdvd/PS3_GAME/USRDIR/GAME.PSARC', Mode: 0x0, Flags: 0x0, Pos/Size: 0/154.914MB (0x0/0x9ae9ed0)
09-25 09:25:01.233 13504 13737 W RPCS3   : sys_fs_fstat(fd=5, sb=*0xd005f9f4)
09-25 09:25:01.236 13504 13737 D RPCS3   : sys_fs_fcntl(0xc0000006): /dev_bdvd
09-25 09:25:01.236 13504 13737 W RPCS3   : sys_fs_stat(path=“/dev_bdvd/PS3_GAME/USRDIR/GAME.PSARC”, sb=*0xd005f838)
09-25 09:25:01.237 13504 13737 D RPCS3   : sys_fs_fcntl(0xc0000006): /dev_bdvd
09-25 09:25:01.237 13504 13737 W RPCS3   : sys_fs_open(path=“/dev_bdvd/PS3_GAME/USRDIR/GAME_SUB.PSARC”, flags=00, fd=*0xd005f7e0, mode=00, arg=*0x0, size=0x0)
09-25 09:25:01.237 13504 13737 W RPCS3   : sys_fs_open(): fd=6, Regular file, '/dev_bdvd/PS3_GAME/USRDIR/GAME_SUB.PSARC', Mode: 0x0, Flags: 0x0, Pos/Size: 0/195.422MB (0x0/0xc36c21a)
09-25 09:25:01.237 13504 13737 W RPCS3   : sys_fs_fstat(fd=6, sb=*0xd005f9f4)
09-25 09:25:01.238 13504 13737 D RPCS3   : sys_fs_fcntl(0xc0000006): /dev_bdvd
09-25 09:25:01.238 13504 13737 W RPCS3   : sys_fs_stat(path=“/dev_bdvd/PS3_GAME/USRDIR/GAME_SUB.PSARC”, sb=*0xd005f838)
09-25 09:25:01.238 13504 13737 D RPCS3   : sys_fs_fcntl(0xc0000006): /dev_bdvd
09-25 09:25:01.238 13504 13737 W RPCS3   : sys_fs_open(path=“/dev_bdvd/PS3_GAME/USRDIR/STREAMS.PSARC”, flags=00, fd=*0xd005f7e0, mode=00, arg=*0x0, size=0x0)
09-25 09:25:01.239 13504 13737 W RPCS3   : sys_fs_open(): fd=7, Regular file, '/dev_bdvd/PS3_GAME/USRDIR/STREAMS.PSARC', Mode: 0x0, Flags: 0x0, Pos/Size: 0/1.37556GB (0x0/0x58091e56)
09-25 09:25:01.239 13504 13737 W RPCS3   : sys_fs_fstat(fd=7, sb=*0xd005f9f4)
09-25 09:25:01.243 13504 13737 D RPCS3   : sys_fs_fcntl(0xc0000006): /dev_bdvd
09-25 09:25:01.243 13504 13737 W RPCS3   : sys_fs_stat(path=“/dev_bdvd/PS3_GAME/USRDIR/STREAMS.PSARC”, sb=*0xd005f838)
09-25 09:25:01.243 13504 13629 I S3BOOTFRAME: event=frame_probe attempt=102 copied=0 state=Running surface_gen=1
09-25 09:25:01.243 13504 13737 D RPCS3   : sys_fs_fcntl(0xc0000006): /dev_bdvd
09-25 09:25:01.243 13504 13737 W RPCS3   : sys_fs_open(path=“/dev_bdvd/PS3_GAME/USRDIR/MUSIC.PSARC”, flags=00, fd=*0xd005f7e0, mode=00, arg=*0x0, size=0x0)
09-25 09:25:01.244 13504 13737 W RPCS3   : sys_fs_open(): fd=8, Regular file, '/dev_bdvd/PS3_GAME/USRDIR/MUSIC.PSARC', Mode: 0x0, Flags: 0x0, Pos/Size: 0/1.2221GB (0x0/0x4e36df15)
09-25 09:25:01.244 13504 13737 W RPCS3   : sys_fs_fstat(fd=8, sb=*0xd005f9f4)
09-25 09:25:01.245 13504 13737 D RPCS3   : sys_fs_fcntl(0xc0000006): /dev_bdvd
09-25 09:25:01.245 13504 13737 W RPCS3   : sys_fs_stat(path=“/dev_bdvd/PS3_GAME/USRDIR/MUSIC.PSARC”, sb=*0xd005f838)
09-25 09:25:01.246 13504 13737 D RPCS3   : sys_fs_fcntl(0xc0000006): /dev_bdvd
09-25 09:25:01.246 13504 13737 W RPCS3   : sys_fs_open(path=“/dev_bdvd/PS3_GAME/USRDIR/RES.PSARC”, flags=00, fd=*0xd005f7e0, mode=00, arg=*0x0, size=0x0)
09-25 09:25:01.246 13504 13737 W RPCS3   : sys_fs_open(): fd=9, Regular file, '/dev_bdvd/PS3_GAME/USRDIR/RES.PSARC', Mode: 0x0, Flags: 0x0, Pos/Size: 0/1.29721GB (0x0/0x53058651)
09-25 09:25:01.246 13504 13737 W RPCS3   : sys_fs_fstat(fd=9, sb=*0xd005f9f4)
09-25 09:25:01.247 13504 13737 D RPCS3   : sys_fs_fcntl(0xc0000006): /dev_bdvd
09-25 09:25:01.247 13504 13737 W RPCS3   : sys_fs_stat(path=“/dev_bdvd/PS3_GAME/USRDIR/RES.PSARC”, sb=*0xd005f838)
09-25 09:25:01.247 13504 13737 D RPCS3   : sys_fs_fcntl(0xc0000006): /dev_bdvd
09-25 09:25:01.247 13504 13737 W RPCS3   : sys_fs_open(path=“/dev_bdvd/PS3_GAME/USRDIR/POS.PSARC”, flags=00, fd=*0xd005f7e0, mode=00, arg=*0x0, size=0x0)
09-25 09:25:01.247 13504 13737 W RPCS3   : sys_fs_open(): fd=10, Regular file, '/dev_bdvd/PS3_GAME/USRDIR/POS.PSARC', Mode: 0x0, Flags: 0x0, Pos/Size: 0/1.3444GB (0x0/0x560a98f6)
09-25 09:25:01.247 13504 13737 W RPCS3   : sys_fs_fstat(fd=10, sb=*0xd005f9f4)
09-25 09:25:01.248 13504 13737 D RPCS3   : sys_fs_fcntl(0xc0000006): /dev_bdvd
09-25 09:25:01.248 13504 13737 W RPCS3   : sys_fs_stat(path=“/dev_bdvd/PS3_GAME/USRDIR/POS.PSARC”, sb=*0xd005f838)
09-25 09:25:01.249 13504 13737 D RPCS3   : sys_fs_fcntl(0xc0000006): /dev_bdvd
09-25 09:25:01.249 13504 13737 W RPCS3   : sys_fs_open(path=“/dev_bdvd/PS3_GAME/USRDIR/HDS.PSARC”, flags=00, fd=*0xd005f7e0, mode=00, arg=*0x0, size=0x0)
09-25 09:25:01.249 13504 13737 W RPCS3   : sys_fs_open(): fd=11, Regular file, '/dev_bdvd/PS3_GAME/USRDIR/HDS.PSARC', Mode: 0x0, Flags: 0x0, Pos/Size: 0/2.29617GB (0x0/0x92f46ca7)
09-25 09:25:01.249 13504 13737 W RPCS3   : sys_fs_fstat(fd=11, sb=*0xd005f9f4)
09-25 09:25:01.250 13504 13737 D RPCS3   : sys_fs_fcntl(0xc0000006): /dev_bdvd
09-25 09:25:01.250 13504 13737 W RPCS3   : sys_fs_stat(path=“/dev_bdvd/PS3_GAME/USRDIR/HDS.PSARC”, sb=*0xd005f838)
09-25 09:25:01.250 13504 13737 D RPCS3   : sys_fs_fcntl(0xc0000006): /dev_bdvd
09-25 09:25:01.250 13504 13737 W RPCS3   : sys_fs_open(path=“/dev_bdvd/PS3_GAME/USRDIR/BAS.PSARC”, flags=00, fd=*0xd005f7e0, mode=00, arg=*0x0, size=0x0)
09-25 09:25:01.250 13504 13737 W RPCS3   : sys_fs_open(): fd=12, Regular file, '/dev_bdvd/PS3_GAME/USRDIR/BAS.PSARC', Mode: 0x0, Flags: 0x0, Pos/Size: 0/0.846533GB (0x0/0x362d9a95)
09-25 09:25:01.250 13504 13737 W RPCS3   : sys_fs_fstat(fd=12, sb=*0xd005f9f4)
09-25 09:25:01.251 13504 13737 D RPCS3   : sys_fs_fcntl(0xc0000006): /dev_bdvd
09-25 09:25:01.251 13504 13737 W RPCS3   : sys_fs_stat(path=“/dev_bdvd/PS3_GAME/USRDIR/BAS.PSARC”, sb=*0xd005f838)
09-25 09:25:01.252 13504 13737 D RPCS3   : sys_fs_fcntl(0xc0000006): /dev_bdvd
09-25 09:25:01.252 13504 13737 W RPCS3   : sys_fs_open(path=“/dev_bdvd/PS3_GAME/USRDIR/ICA.PSARC”, flags=00, fd=*0xd005f7e0, mode=00, arg=*0x0, size=0x0)
09-25 09:25:01.252 13504 13737 W RPCS3   : sys_fs_open(): fd=13, Regular file, '/dev_bdvd/PS3_GAME/USRDIR/ICA.PSARC', Mode: 0x0, Flags: 0x0, Pos/Size: 0/0.792856GB (0x0/0x32be2706)
09-25 09:25:01.252 13504 13737 W RPCS3   : sys_fs_fstat(fd=13, sb=*0xd005f9f4)
09-25 09:25:01.253 13504 13737 D RPCS3   : sys_fs_fcntl(0xc0000006): /dev_bdvd
09-25 09:25:01.253 13504 13737 W RPCS3   : sys_fs_stat(path=“/dev_bdvd/PS3_GAME/USRDIR/ICA.PSARC”, sb=*0xd005f838)
09-25 09:25:01.253 13504 13737 D RPCS3   : sys_fs_fcntl(0xc0000006): /dev_bdvd
09-25 09:25:01.253 13504 13737 W RPCS3   : sys_fs_open(path=“/dev_bdvd/PS3_GAME/USRDIR/LAB.PSARC”, flags=00, fd=*0xd005f7e0, mode=00, arg=*0x0, size=0x0)
09-25 09:25:01.253 13504 13737 W RPCS3   : sys_fs_open(): fd=14, Regular file, '/dev_bdvd/PS3_GAME/USRDIR/LAB.PSARC', Mode: 0x0, Flags: 0x0, Pos/Size: 0/0.608326GB (0x0/0x26eecee1)
09-25 09:25:01.253 13504 13737 W RPCS3   : sys_fs_fstat(fd=14, sb=*0xd005f9f4)
09-25 09:25:01.254 13504 13737 D RPCS3   : sys_fs_fcntl(0xc0000006): /dev_bdvd
09-25 09:25:01.254 13504 13737 W RPCS3   : sys_fs_stat(path=“/dev_bdvd/PS3_GAME/USRDIR/LAB.PSARC”, sb=*0xd005f838)
09-25 09:25:01.255 13504 13737 D RPCS3   : sys_fs_fcntl(0xc0000006): /dev_bdvd
09-25 09:25:01.255 13504 13737 W RPCS3   : sys_fs_open(path=“/dev_bdvd/PS3_GAME/USRDIR/GAZ.PSARC”, flags=00, fd=*0xd005f7e0, mode=00, arg=*0x0, size=0x0)
09-25 09:25:01.255 13504 13737 W RPCS3   : sys_fs_open(): fd=15, Regular file, '/dev_bdvd/PS3_GAME/USRDIR/GAZ.PSARC', Mode: 0x0, Flags: 0x0, Pos/Size: 0/0.562912GB (0x0/0x2406c04a)
09-25 09:25:01.255 13504 13737 W RPCS3   : sys_fs_fstat(fd=15, sb=*0xd005f9f4)
09-25 09:25:01.256 13504 13737 D RPCS3   : sys_fs_fcntl(0xc0000006): /dev_bdvd
09-25 09:25:01.256 13504 13737 W RPCS3   : sys_fs_stat(path=“/dev_bdvd/PS3_GAME/USRDIR/GAZ.PSARC”, sb=*0xd005f838)
09-25 09:25:01.256 13504 13737 D RPCS3   : sys_fs_fcntl(0xc0000006): /dev_bdvd
09-25 09:25:01.256 13504 13737 W RPCS3   : sys_fs_open(path=“/dev_bdvd/PS3_GAME/USRDIR/CRN.PSARC”, flags=00, fd=*0xd005f7e0, mode=00, arg=*0x0, size=0x0)
09-25 09:25:01.256 13504 13737 W RPCS3   : sys_fs_open(): fd=16, Regular file, '/dev_bdvd/PS3_GAME/USRDIR/CRN.PSARC', Mode: 0x0, Flags: 0x0, Pos/Size: 0/334.012MB (0x0/0x14e02f3e)
09-25 09:25:01.256 13504 13737 W RPCS3   : sys_fs_fstat(fd=16, sb=*0xd005f9f4)
09-25 09:25:01.257 13504 13737 D RPCS3   : sys_fs_fcntl(0xc0000006): /dev_bdvd
09-25 09:25:01.257 13504 13737 W RPCS3   : sys_fs_stat(path=“/dev_bdvd/PS3_GAME/USRDIR/CRN.PSARC”, sb=*0xd005f838)
09-25 09:25:01.257 13504 13737 D RPCS3   : sys_fs_fcntl(0xc0000006): /dev_bdvd
09-25 09:25:01.258 13504 13737 W RPCS3   : sys_fs_open(path=“/dev_bdvd/PS3_GAME/USRDIR/CAV.PSARC”, flags=00, fd=*0xd005f7e0, mode=00, arg=*0x0, size=0x0)
09-25 09:25:01.258 13504 13737 W RPCS3   : sys_fs_open(): fd=17, Regular file, '/dev_bdvd/PS3_GAME/USRDIR/CAV.PSARC', Mode: 0x0, Flags: 0x0, Pos/Size: 0/1.49034GB (0x0/0x5f61bb91)
09-25 09:25:01.258 13504 13737 W RPCS3   : sys_fs_fstat(fd=17, sb=*0xd005f9f4)
09-25 09:25:01.259 13504 13737 D RPCS3   : sys_fs_fcntl(0xc0000006): /dev_bdvd
09-25 09:25:01.259 13504 13737 W RPCS3   : sys_fs_stat(path=“/dev_bdvd/PS3_GAME/USRDIR/CAV.PSARC”, sb=*0xd005f838)
09-25 09:25:01.259 13504 13737 D RPCS3   : sys_fs_fcntl(0xc0000006): /dev_bdvd
09-25 09:25:01.259 13504 13737 W RPCS3   : sys_fs_open(path=“/dev_bdvd/PS3_GAME/USRDIR/OLY.PSARC”, flags=00, fd=*0xd005f7e0, mode=00, arg=*0x0, size=0x0)
09-25 09:25:01.259 13504 13737 W RPCS3   : sys_fs_open(): fd=18, Regular file, '/dev_bdvd/PS3_GAME/USRDIR/OLY.PSARC', Mode: 0x0, Flags: 0x0, Pos/Size: 0/2.33838GB (0x0/0x95a804b0)
09-25 09:25:01.259 13504 13737 W RPCS3   : sys_fs_fstat(fd=18, sb=*0xd005f9f4)
09-25 09:25:01.260 13504 13737 D RPCS3   : sys_fs_fcntl(0xc0000006): /dev_bdvd
09-25 09:25:01.260 13504 13737 W RPCS3   : sys_fs_stat(path=“/dev_bdvd/PS3_GAME/USRDIR/OLY.PSARC”, sb=*0xd005f838)
09-25 09:25:01.261 13504 13737 D RPCS3   : sys_fs_fcntl(0xc0000006): /dev_bdvd
09-25 09:25:01.261 13504 13737 W RPCS3   : sys_fs_open(path=“/dev_bdvd/PS3_GAME/USRDIR/CHALLENGE.PSARC”, flags=00, fd=*0xd005f7e0, mode=00, arg=*0x0, size=0x0)
09-25 09:25:01.261 13504 13737 W RPCS3   : sys_fs_open(): fd=19, Regular file, '/dev_bdvd/PS3_GAME/USRDIR/CHALLENGE.PSARC', Mode: 0x0, Flags: 0x0, Pos/Size: 0/4.12299MB (0x0/0x41f7c8)
09-25 09:25:01.261 13504 13737 W RPCS3   : sys_fs_fstat(fd=19, sb=*0xd005f9f4)
09-25 09:25:01.261 13504 13737 D RPCS3   : sys_fs_fcntl(0xc0000006): /dev_bdvd
09-25 09:25:01.261 13504 13737 W RPCS3   : sys_fs_stat(path=“/dev_bdvd/PS3_GAME/USRDIR/CHALLENGE.PSARC”, sb=*0xd005f838)
09-25 09:25:01.262 13504 13627 W RPCS3   : sceNpInit(poolsize=0x20000, poolptr=*0x3004ac00)
09-25 09:25:01.262 13504 13627 W RPCS3   : _sys_ppu_thread_create(thread_id=*0xd0010b30, param=*0xd0010a70, arg=0x0, unk=0x0, prio=1002, stacksize=0x2000, flags=0x0, threadname=*0x3dd4a0)
09-25 09:25:01.262 13504 13627 W RPCS3   : _sys_ppu_thread_create(): Thread "fs::RefreshGameData" created (id=0x100000c, func=*0x266d54, rtoc=0x52d6c8, user-tls=0x10008320)
09-25 09:25:01.262 13504 13627 W RPCS3   : sys_memory_allocate(size=0x100000, flags=0x400, alloc_addr=*0xd00107e0)
09-25 09:25:01.262 13504 13627 D RPCS3   : sys_memory_allocate(): Allocated 0x50000000 address (size=0x100000)
09-25 09:25:01.262 13504 13627 E RPCS3   : Failed to lock sudo memory (addr=0x50000000, size=0x100000). Consider increasing your system limits.
09-25 09:25:01.262 13504 13627 W RPCS3   : _sys_ppu_thread_create(thread_id=*0x52bdd8, param=*0xd0010860, arg=0x0, unk=0x0, prio=1001, stacksize=0x4000, flags=0x0, threadname=*0x3dcbd8)
09-25 09:25:01.263 13504 13627 W RPCS3   : _sys_ppu_thread_create(): Thread "SaveDataUtil::LoadUnlocksPrefs" created (id=0x100000d, func=*0x23e5d0, rtoc=0x52d6c8, user-tls=0x100084b0)
09-25 09:25:01.263 13504 13627 W RPCS3   : cellVideoOutGetNumberOfDevice(videoOut=0)
09-25 09:25:01.263 13504 13742 W RPCS3   : cellSaveDataAutoLoad2(version=0, dirName=“BCUS98111-USERDATA”, errDialog=0, setBuf=*0xd00908e0, funcStat=*0x51c5c0, funcFile=*0x51c5a8, container=0xffffffff, userdata=*0x51c5e0)
09-25 09:25:01.263 13504 13742 D RPCS3   : savedata_op(): setBuf  = { .dirListMax=1, .fileListMax=2, .bufSize=1632 }
09-25 09:25:01.263 13504 13627 W RPCS3   : sys_rsx_device_map(dev_addr=*0xd0010750, a2=*0xd0010748, dev_id=0x8)
09-25 09:25:01.263 13504 13627 W RPCS3   : sys_rsx_device_map(): Mapped address 0x60000000
09-25 09:25:01.263 13504 13627 W RPCS3   : sys_process_get_sdk_version(pid=0x1, version=*0xd0010740)
09-25 09:25:01.263 13504 13627 W RPCS3   : sys_rsx_memory_allocate(mem_handle=*0xd0010700, mem_addr=*0xd0010708, size=0xf900000, flags=0x80000, a5=0x300000, a6=0xf, a7=0x8)
09-25 09:25:01.264 13504 13627 W RPCS3   : sys_rsx_context_allocate(context_id=*0xd0010704, lpar_dma_control=*0xd0010710, lpar_driver_info=*0xd0010718, lpar_reports=*0xd0010720, mem_ctx=0x5a5a5a5b, system_mode=0x820)
09-25 09:25:01.264 13504 13627 W RPCS3   : sys_rsx_context_allocate(): Mapped address 0x60100000
09-25 09:25:01.264 13504 13627 W RPCS3   : sys_event_port_create(eport_id=*0x602012d0, port_type=1, name=0x0)
09-25 09:25:01.264 13504 13627 W RPCS3   : sys_event_queue_create(equeue_id=*0x602012d0, attr=*0x9e0000, ipc_key=0x0, size=32)
09-25 09:25:01.264 13504 13627 W RPCS3   : sys_event_port_connect_local(eport_id=0xe018200, equeue_id=0x8d018300)
09-25 09:25:01.265 13504 13627 W RPCS3   : _sys_ppu_thread_create(thread_id=*0x910048, param=*0xd00105e0, arg=0x0, unk=0x0, prio=1, stacksize=0x4000, flags=0x1, threadname=*0x90b6d0)
09-25 09:25:01.265 13504 13627 W RPCS3   : _sys_ppu_thread_create(): Thread "_gcm_intr_thread" created (id=0x100000e, func=*0x9082d8, rtoc=0x9188d0, user-tls=0x10008640)
09-25 09:25:01.265 13504 13627 W RPCS3   : sys_rsx_context_iomap(context_id=0x55555555, io=0x0, ea=0x30000000, size=0x4c00000, flags=0xe000000000000800)
09-25 09:25:01.265 13504 13627 W RPCS3   : sys_rsx_context_attribute(context_id=0x55555555, package_id=0x1, a3=0x1000, a4=0x1000, a5=0x0, a6=0x0)
09-25 09:25:01.267 13504 13624 W RPCS3   : NV3089_IMAGE_IN: Operation NOPed out due to empty regions
09-25 09:25:01.267 13504 13627 W RPCS3   : sys_rsx_attribute(packageId=0x202, a2=0x1, a3=0x1, a4=0x0, a5=0x0)
09-25 09:25:01.267 13504 13627 W RPCS3   : sys_rsx_attribute(packageId=0x2, a2=0x1, a3=0x0, a4=0x0, a5=0x0)
09-25 09:25:01.267 13504 13627 W RPCS3   : sys_rsx_context_attribute(context_id=0x55555555, package_id=0x101, a3=0x1, a4=0x2, a5=0x0, a6=0x0)
09-25 09:25:01.267 13504 13627 W RPCS3   : sys_rsx_context_iounmap(context_id=0x55555555, io=0x0, size=0x4c00000)
09-25 09:25:01.267 13504 13627 W RPCS3   : sys_rsx_context_iomap(context_id=0x55555555, io=0x0, ea=0x30000000, size=0x100000, flags=0xf000000000000800)
09-25 09:25:01.267 13504 13627 W RPCS3   : sys_rsx_context_iomap(context_id=0x55555555, io=0x100000, ea=0x30100000, size=0x4b00000, flags=0xe000000000000800)
09-25 09:25:01.267 13504 13627 W RPCS3   : sys_mmapper_map_shared_memory(addr=0x34c00000, mem_id=0x8008500, flags=0x40000)
09-25 09:25:01.267 13504 13627 E RPCS3   : Failed to lock sudo memory (addr=0x34c00000, size=0x100000). Consider increasing your system limits.
09-25 09:25:01.267 13504 13627 W RPCS3   : sys_mmapper_map_shared_memory(addr=0x34d00000, mem_id=0x8008600, flags=0x40000)
09-25 09:25:01.267 13504 13627 E RPCS3   : Failed to lock sudo memory (addr=0x34d00000, size=0x100000). Consider increasing your system limits.
09-25 09:25:01.267 13504 13627 W RPCS3   : sys_mmapper_map_shared_memory(addr=0x34e00000, mem_id=0x8008700, flags=0x40000)
09-25 09:25:01.267 13504 13627 E RPCS3   : Failed to lock sudo memory (addr=0x34e00000, size=0x100000). Consider increasing your system limits.
09-25 09:25:01.267 13504 13627 W RPCS3   : sys_mmapper_map_shared_memory(addr=0x34f00000, mem_id=0x8008800, flags=0x40000)
09-25 09:25:01.268 13504 13627 E RPCS3   : Failed to lock sudo memory (addr=0x34f00000, size=0x100000). Consider increasing your system limits.
09-25 09:25:01.268 13504 13627 W RPCS3   : sys_mmapper_map_shared_memory(addr=0x35000000, mem_id=0x8008900, flags=0x40000)
09-25 09:25:01.268 13504 13627 E RPCS3   : Failed to lock sudo memory (addr=0x35000000, size=0x100000). Consider increasing your system limits.
09-25 09:25:01.268 13504 13627 W RPCS3   : sys_mmapper_map_shared_memory(addr=0x35100000, mem_id=0x8008a00, flags=0x40000)
09-25 09:25:01.268 13504 13627 E RPCS3   : Failed to lock sudo memory (addr=0x35100000, size=0x100000). Consider increasing your system limits.
09-25 09:25:01.268 13504 13627 W RPCS3   : sys_mmapper_map_shared_memory(addr=0x35200000, mem_id=0x8008b00, flags=0x40000)
09-25 09:25:01.268 13504 13627 E RPCS3   : Failed to lock sudo memory (addr=0x35200000, size=0x100000). Consider increasing your system limits.
09-25 09:25:01.268 13504 13627 W RPCS3   : sys_mmapper_map_shared_memory(addr=0x35300000, mem_id=0x8008c00, flags=0x40000)
09-25 09:25:01.268 13504 13627 E RPCS3   : Failed to lock sudo memory (addr=0x35300000, size=0x100000). Consider increasing your system limits.
09-25 09:25:01.268 13504 13627 W RPCS3   : sys_mmapper_map_shared_memory(addr=0x35400000, mem_id=0x8008d00, flags=0x40000)
09-25 09:25:01.268 13504 13627 E RPCS3   : Failed to lock sudo memory (addr=0x35400000, size=0x100000). Consider increasing your system limits.
09-25 09:25:01.268 13504 13627 W RPCS3   : sys_mmapper_map_shared_memory(addr=0x35500000, mem_id=0x8008e00, flags=0x40000)
09-25 09:25:01.268 13504 13627 E RPCS3   : Failed to lock sudo memory (addr=0x35500000, size=0x100000). Consider increasing your system limits.
09-25 09:25:01.268 13504 13627 W RPCS3   : sys_mmapper_map_shared_memory(addr=0x35600000, mem_id=0x8008f00, flags=0x40000)
09-25 09:25:01.268 13504 13627 E RPCS3   : Failed to lock sudo memory (addr=0x35600000, size=0x100000). Consider increasing your system limits.
09-25 09:25:01.268 13504 13742 D RPCS3   : SECUREFILE: SAVEDATA -> 0xd6485e21cfb9078544fb0183e823923e
09-25 09:25:01.269 13504 13627 W RPCS3   : sys_mmapper_map_shared_memory(addr=0x35700000, mem_id=0x8009000, flags=0x40000)
09-25 09:25:01.269 13504 13742 W RPCS3   : savedata_op(): Fileop: file='SAVEDATA', type=0, op=0, bufSize=32, fileSize=32, offset=0
09-25 09:25:01.269 13504 13627 E RPCS3   : Failed to lock sudo memory (addr=0x35700000, size=0x100000). Consider increasing your system limits.
09-25 09:25:01.269 13504 13627 W RPCS3   : sys_mmapper_map_shared_memory(addr=0x35800000, mem_id=0x8009100, flags=0x40000)
09-25 09:25:01.269 13504 13627 E RPCS3   : Failed to lock sudo memory (addr=0x35800000, size=0x100000). Consider increasing your system limits.
09-25 09:25:01.269 13504 13627 W RPCS3   : sys_mmapper_map_shared_memory(addr=0x35900000, mem_id=0x8009200, flags=0x40000)
09-25 09:25:01.269 13504 13627 E RPCS3   : Failed to lock sudo memory (addr=0x35900000, size=0x100000). Consider increasing your system limits.
09-25 09:25:01.269 13504 13627 W RPCS3   : sys_mmapper_map_shared_memory(addr=0x35a00000, mem_id=0x8009300, flags=0x40000)
09-25 09:25:01.269 13504 13627 E RPCS3   : Failed to lock sudo memory (addr=0x35a00000, size=0x100000). Consider increasing your system limits.
09-25 09:25:01.269 13504 13627 W RPCS3   : sys_mmapper_map_shared_memory(addr=0x35b00000, mem_id=0x8009400, flags=0x40000)
09-25 09:25:01.269 13504 13627 E RPCS3   : Failed to lock sudo memory (addr=0x35b00000, size=0x100000). Consider increasing your system limits.
09-25 09:25:01.269 13504 13627 W RPCS3   : sys_mmapper_map_shared_memory(addr=0x35c00000, mem_id=0x8009500, flags=0x40000)
09-25 09:25:01.269 13504 13627 E RPCS3   : Failed to lock sudo memory (addr=0x35c00000, size=0x100000). Consider increasing your system limits.
09-25 09:25:01.269 13504 13627 W RPCS3   : sys_mmapper_map_shared_memory(addr=0x35d00000, mem_id=0x8009600, flags=0x40000)
09-25 09:25:01.269 13504 13627 E RPCS3   : Failed to lock sudo memory (addr=0x35d00000, size=0x100000). Consider increasing your system limits.
09-25 09:25:01.269 13504 13627 W RPCS3   : sys_mmapper_map_shared_memory(addr=0x35e00000, mem_id=0x8009700, flags=0x40000)
09-25 09:25:01.269 13504 13627 E RPCS3   : Failed to lock sudo memory (addr=0x35e00000, size=0x100000). Consider increasing your system limits.
09-25 09:25:01.269 13504 13627 W RPCS3   : sys_mmapper_map_shared_memory(addr=0x35f00000, mem_id=0x8009800, flags=0x40000)
09-25 09:25:01.269 13504 13627 E RPCS3   : Failed to lock sudo memory (addr=0x35f00000, size=0x100000). Consider increasing your system limits.
09-25 09:25:01.269 13504 13627 W RPCS3   : sys_mmapper_map_shared_memory(addr=0x36000000, mem_id=0x8009900, flags=0x40000)
09-25 09:25:01.269 13504 13627 E RPCS3   : Failed to lock sudo memory (addr=0x36000000, size=0x100000). Consider increasing your system limits.
09-25 09:25:01.269 13504 13627 W RPCS3   : sys_mmapper_map_shared_memory(addr=0x36100000, mem_id=0x8009a00, flags=0x40000)
09-25 09:25:01.270 13504 13627 E RPCS3   : Failed to lock sudo memory (addr=0x36100000, size=0x100000). Consider increasing your system limits.
09-25 09:25:01.270 13504 13627 W RPCS3   : sys_mmapper_map_shared_memory(addr=0x36200000, mem_id=0x8009b00, flags=0x40000)
09-25 09:25:01.270 13504 13627 E RPCS3   : Failed to lock sudo memory (addr=0x36200000, size=0x100000). Consider increasing your system limits.
09-25 09:25:01.270 13504 13627 W RPCS3   : sys_mmapper_map_shared_memory(addr=0x36300000, mem_id=0x8009c00, flags=0x40000)
09-25 09:25:01.270 13504 13627 E RPCS3   : Failed to lock sudo memory (addr=0x36300000, size=0x100000). Consider increasing your system limits.
09-25 09:25:01.270 13504 13627 W RPCS3   : sys_mmapper_map_shared_memory(addr=0x36400000, mem_id=0x8009d00, flags=0x40000)
09-25 09:25:01.270 13504 13627 E RPCS3   : Failed to lock sudo memory (addr=0x36400000, size=0x100000). Consider increasing your system limits.
09-25 09:25:01.270 13504 13627 W RPCS3   : sys_mmapper_map_shared_memory(addr=0x36500000, mem_id=0x8009e00, flags=0x40000)
09-25 09:25:01.270 13504 13737 D RPCS3   : sys_fs_fcntl(0xc0000006): /dev_bdvd
09-25 09:25:01.270 13504 13627 E RPCS3   : Failed to lock sudo memory (addr=0x36500000, size=0x100000). Consider increasing your system limits.
09-25 09:25:01.270 13504 13737 W RPCS3   : sys_fs_stat(path=“/dev_bdvd/PS3_GAME/USRDIR/GAME.PSARC”, sb=*0xd005f488)
09-25 09:25:01.270 13504 13627 W RPCS3   : sys_mmapper_map_shared_memory(addr=0x36600000, mem_id=0x8009f00, flags=0x40000)
09-25 09:25:01.270 13504 13627 E RPCS3   : Failed to lock sudo memory (addr=0x36600000, size=0x100000). Consider increasing your system limits.
09-25 09:25:01.270 13504 13627 W RPCS3   : sys_mmapper_map_shared_memory(addr=0x36700000, mem_id=0x800a000, flags=0x40000)
09-25 09:25:01.271 13504 13627 E RPCS3   : Failed to lock sudo memory (addr=0x36700000, size=0x100000). Consider increasing your system limits.
09-25 09:25:01.271 13504 13627 W RPCS3   : sys_mmapper_map_shared_memory(addr=0x36800000, mem_id=0x800a100, flags=0x40000)
09-25 09:25:01.271 13504 13627 E RPCS3   : Failed to lock sudo memory (addr=0x36800000, size=0x100000). Consider increasing your system limits.
09-25 09:25:01.271 13504 13627 W RPCS3   : sys_mmapper_map_shared_memory(addr=0x36900000, mem_id=0x800a200, flags=0x40000)
09-25 09:25:01.271 13504 13627 E RPCS3   : Failed to lock sudo memory (addr=0x36900000, size=0x100000). Consider increasing your system limits.
09-25 09:25:01.271 13504 13627 W RPCS3   : sys_mmapper_map_shared_memory(addr=0x36a00000, mem_id=0x800a300, flags=0x40000)
09-25 09:25:01.271 13504 13627 E RPCS3   : Failed to lock sudo memory (addr=0x36a00000, size=0x100000). Consider increasing your system limits.
09-25 09:25:01.271 13504 13627 W RPCS3   : sys_mmapper_map_shared_memory(addr=0x36b00000, mem_id=0x800a400, flags=0x40000)
09-25 09:25:01.271 13504 13627 E RPCS3   : Failed to lock sudo memory (addr=0x36b00000, size=0x100000). Consider increasing your system limits.
09-25 09:25:01.271 13504 13627 W RPCS3   : sys_mmapper_map_shared_memory(addr=0x36c00000, mem_id=0x800a500, flags=0x40000)
09-25 09:25:01.271 13504 13627 E RPCS3   : Failed to lock sudo memory (addr=0x36c00000, size=0x100000). Consider increasing your system limits.
09-25 09:25:01.271 13504 13627 W RPCS3   : sys_mmapper_map_shared_memory(addr=0x36d00000, mem_id=0x800a600, flags=0x40000)
09-25 09:25:01.271 13504 13627 E RPCS3   : Failed to lock sudo memory (addr=0x36d00000, size=0x100000). Consider increasing your system limits.
09-25 09:25:01.271 13504 13627 W RPCS3   : sys_mmapper_map_shared_memory(addr=0x36e00000, mem_id=0x800a700, flags=0x40000)
09-25 09:25:01.272 13504 13627 E RPCS3   : Failed to lock sudo memory (addr=0x36e00000, size=0x100000). Consider increasing your system limits.
09-25 09:25:01.272 13504 13627 W RPCS3   : sys_mmapper_map_shared_memory(addr=0x36f00000, mem_id=0x800a800, flags=0x40000)
09-25 09:25:01.272 13504 13627 E RPCS3   : Failed to lock sudo memory (addr=0x36f00000, size=0x100000). Consider increasing your system limits.
09-25 09:25:01.272 13504 13627 W RPCS3   : sys_mmapper_map_shared_memory(addr=0x37000000, mem_id=0x800a900, flags=0x40000)
09-25 09:25:01.272 13504 13627 E RPCS3   : Failed to lock sudo memory (addr=0x37000000, size=0x100000). Consider increasing your system limits.
09-25 09:25:01.272 13504 13627 W RPCS3   : sys_mmapper_map_shared_memory(addr=0x37100000, mem_id=0x800aa00, flags=0x40000)
09-25 09:25:01.272 13504 13627 E RPCS3   : Failed to lock sudo memory (addr=0x37100000, size=0x100000). Consider increasing your system limits.
09-25 09:25:01.272 13504 13627 W RPCS3   : sys_mmapper_map_shared_memory(addr=0x37200000, mem_id=0x800ab00, flags=0x40000)
09-25 09:25:01.272 13504 13627 E RPCS3   : Failed to lock sudo memory (addr=0x37200000, size=0x100000). Consider increasing your system limits.
09-25 09:25:01.272 13504 13627 W RPCS3   : sys_mmapper_map_shared_memory(addr=0x37300000, mem_id=0x800ac00, flags=0x40000)
09-25 09:25:01.273 13504 13627 E RPCS3   : Failed to lock sudo memory (addr=0x37300000, size=0x100000). Consider increasing your system limits.
09-25 09:25:01.273 13504 13627 W RPCS3   : sys_mmapper_map_shared_memory(addr=0x37400000, mem_id=0x800ad00, flags=0x40000)
09-25 09:25:01.273 13504 13627 E RPCS3   : Failed to lock sudo memory (addr=0x37400000, size=0x100000). Consider increasing your system limits.
09-25 09:25:01.273 13504 13627 W RPCS3   : sys_mmapper_map_shared_memory(addr=0x37500000, mem_id=0x800ae00, flags=0x40000)
09-25 09:25:01.273 13504 13627 E RPCS3   : Failed to lock sudo memory (addr=0x37500000, size=0x100000). Consider increasing your system limits.
09-25 09:25:01.273 13504 13627 W RPCS3   : sys_mmapper_map_shared_memory(addr=0x37600000, mem_id=0x800af00, flags=0x40000)
09-25 09:25:01.273 13504 13627 E RPCS3   : Failed to lock sudo memory (addr=0x37600000, size=0x100000). Consider increasing your system limits.
09-25 09:25:01.273 13504 13627 W RPCS3   : sys_mmapper_map_shared_memory(addr=0x37700000, mem_id=0x800b000, flags=0x40000)
09-25 09:25:01.273 13504 13627 E RPCS3   : Failed to lock sudo memory (addr=0x37700000, size=0x100000). Consider increasing your system limits.
09-25 09:25:01.273 13504 13627 W RPCS3   : sys_mmapper_map_shared_memory(addr=0x37800000, mem_id=0x800b100, flags=0x40000)
09-25 09:25:01.273 13504 13627 E RPCS3   : Failed to lock sudo memory (addr=0x37800000, size=0x100000). Consider increasing your system limits.
09-25 09:25:01.273 13504 13627 W RPCS3   : sys_mmapper_map_shared_memory(addr=0x37900000, mem_id=0x800b200, flags=0x40000)
09-25 09:25:01.273 13504 13627 E RPCS3   : Failed to lock sudo memory (addr=0x37900000, size=0x100000). Consider increasing your system limits.
09-25 09:25:01.273 13504 13627 W RPCS3   : sys_mmapper_map_shared_memory(addr=0x37a00000, mem_id=0x800b300, flags=0x40000)
09-25 09:25:01.273 13504 13627 E RPCS3   : Failed to lock sudo memory (addr=0x37a00000, size=0x100000). Consider increasing your system limits.
09-25 09:25:01.273 13504 13627 W RPCS3   : sys_mmapper_map_shared_memory(addr=0x37b00000, mem_id=0x800b400, flags=0x40000)
09-25 09:25:01.274 13504 13627 E RPCS3   : Failed to lock sudo memory (addr=0x37b00000, size=0x100000). Consider increasing your system limits.
09-25 09:25:01.274 13504 13627 W RPCS3   : sys_mmapper_map_shared_memory(addr=0x37c00000, mem_id=0x800b500, flags=0x40000)
09-25 09:25:01.274 13504 13627 E RPCS3   : Failed to lock sudo memory (addr=0x37c00000, size=0x100000). Consider increasing your system limits.
09-25 09:25:01.274 13504 13627 W RPCS3   : sys_mmapper_map_shared_memory(addr=0x37d00000, mem_id=0x800b600, flags=0x40000)
09-25 09:25:01.274 13504 13627 E RPCS3   : Failed to lock sudo memory (addr=0x37d00000, size=0x100000). Consider increasing your system limits.
09-25 09:25:01.274 13504 13627 W RPCS3   : sys_mmapper_map_shared_memory(addr=0x37e00000, mem_id=0x800b700, flags=0x40000)
09-25 09:25:01.274 13504 13627 E RPCS3   : Failed to lock sudo memory (addr=0x37e00000, size=0x100000). Consider increasing your system limits.
09-25 09:25:01.274 13504 13627 W RPCS3   : sys_mmapper_map_shared_memory(addr=0x37f00000, mem_id=0x800b800, flags=0x40000)
09-25 09:25:01.274 13504 13627 E RPCS3   : Failed to lock sudo memory (addr=0x37f00000, size=0x100000). Consider increasing your system limits.
09-25 09:25:01.274 13504 13627 W RPCS3   : sys_mmapper_map_shared_memory(addr=0x38000000, mem_id=0x800b900, flags=0x40000)
09-25 09:25:01.274 13504 13627 E RPCS3   : Failed to lock sudo memory (addr=0x38000000, size=0x100000). Consider increasing your system limits.
09-25 09:25:01.274 13504 13627 W RPCS3   : sys_mmapper_map_shared_memory(addr=0x38100000, mem_id=0x800ba00, flags=0x40000)
09-25 09:25:01.274 13504 13627 E RPCS3   : Failed to lock sudo memory (addr=0x38100000, size=0x100000). Consider increasing your system limits.
09-25 09:25:01.274 13504 13627 W RPCS3   : sys_mmapper_map_shared_memory(addr=0x38200000, mem_id=0x800bb00, flags=0x40000)
09-25 09:25:01.274 13504 13627 E RPCS3   : Failed to lock sudo memory (addr=0x38200000, size=0x100000). Consider increasing your system limits.
09-25 09:25:01.274 13504 13627 W RPCS3   : sys_mmapper_map_shared_memory(addr=0x38300000, mem_id=0x800bc00, flags=0x40000)
09-25 09:25:01.274 13504 13627 E RPCS3   : Failed to lock sudo memory (addr=0x38300000, size=0x100000). Consider increasing your system limits.
09-25 09:25:01.274 13504 13627 W RPCS3   : sys_mmapper_map_shared_memory(addr=0x38400000, mem_id=0x800bd00, flags=0x40000)
09-25 09:25:01.274 13504 13627 E RPCS3   : Failed to lock sudo memory (addr=0x38400000, size=0x100000). Consider increasing your system limits.
09-25 09:25:01.275 13504 13627 W RPCS3   : sys_mmapper_map_shared_memory(addr=0x38500000, mem_id=0x800be00, flags=0x40000)
09-25 09:25:01.275 13504 13627 E RPCS3   : Failed to lock sudo memory (addr=0x38500000, size=0x100000). Consider increasing your system limits.
09-25 09:25:01.275 13504 13627 W RPCS3   : sys_mmapper_map_shared_memory(addr=0x38600000, mem_id=0x800bf00, flags=0x40000)
09-25 09:25:01.275 13504 13627 E RPCS3   : Failed to lock sudo memory (addr=0x38600000, size=0x100000). Consider increasing your system limits.
09-25 09:25:01.275 13504 13627 W RPCS3   : sys_mmapper_map_shared_memory(addr=0x38700000, mem_id=0x800c000, flags=0x40000)
09-25 09:25:01.275 13504 13627 E RPCS3   : Failed to lock sudo memory (addr=0x38700000, size=0x100000). Consider increasing your system limits.
09-25 09:25:01.275 13504 13627 W RPCS3   : sys_mmapper_map_shared_memory(addr=0x38800000, mem_id=0x800c100, flags=0x40000)
09-25 09:25:01.275 13504 13627 E RPCS3   : Failed to lock sudo memory (addr=0x38800000, size=0x100000). Consider increasing your system limits.
09-25 09:25:01.275 13504 13627 W RPCS3   : sys_mmapper_map_shared_memory(addr=0x38900000, mem_id=0x800c200, flags=0x40000)
09-25 09:25:01.275 13504 13627 E RPCS3   : Failed to lock sudo memory (addr=0x38900000, size=0x100000). Consider increasing your system limits.
09-25 09:25:01.275 13504 13627 W RPCS3   : sys_mmapper_map_shared_memory(addr=0x38a00000, mem_id=0x800c300, flags=0x40000)
09-25 09:25:01.275 13504 13627 E RPCS3   : Failed to lock sudo memory (addr=0x38a00000, size=0x100000). Consider increasing your system limits.
09-25 09:25:01.275 13504 13627 W RPCS3   : sys_mmapper_map_shared_memory(addr=0x38b00000, mem_id=0x800c400, flags=0x40000)
09-25 09:25:01.275 13504 13627 E RPCS3   : Failed to lock sudo memory (addr=0x38b00000, size=0x100000). Consider increasing your system limits.
09-25 09:25:01.275 13504 13627 W RPCS3   : sys_rsx_context_iomap(context_id=0x55555555, io=0x4c00000, ea=0x34c00000, size=0x4000000, flags=0xe000000000000800)
09-25 09:25:01.276 13504 13627 W RPCS3   : cellSysutilRegisterCallback(slot=0, func=*0x5197c0, userdata=*0x0)
09-25 09:25:01.276 13504 13627 W RPCS3   : sys_rsx_context_attribute(context_id=0x55555555, package_id=0x300, a3=0x0, a4=0x1011a0000, a5=0x14005c234000, a6=0x0)
09-25 09:25:01.276 13504 13627 W RPCS3   : sys_rsx_context_attribute(context_id=0x55555555, package_id=0x300, a3=0x1, a4=0x11b0001018d0000, a5=0x14005c31a11b, a6=0x0)
09-25 09:25:01.276 13504 13627 W RPCS3   : sys_rsx_context_attribute(context_id=0x55555555, package_id=0x300, a3=0x2, a4=0x18e001102000000, a5=0x14006840018e, a6=0x0)
09-25 09:25:01.276 13504 13627 W RPCS3   : sys_rsx_context_attribute(context_id=0x55555555, package_id=0x300, a3=0x3, a4=0x201001102840000, a5=0x180068508201, a6=0x0)
09-25 09:25:01.276 13504 13627 W RPCS3   : sys_rsx_context_attribute(context_id=0x55555555, package_id=0x300, a3=0x4, a4=0x285003102f70000, a5=0x14005c5ee285, a6=0x0)
09-25 09:25:01.276 13504 13627 W RPCS3   : sys_rsx_context_attribute(context_id=0x55555555, package_id=0x300, a3=0x5, a4=0x2f8000103070000, a5=0x8005c60e2f8, a6=0x0)
09-25 09:25:01.276 13504 13627 W RPCS3   : sys_rsx_context_attribute(context_id=0x55555555, package_id=0x300, a3=0x6, a4=0x3080001035c0000, a5=0xa005c6b8308, a6=0x0)
09-25 09:25:01.276 13504 13627 W RPCS3   : sys_rsx_context_attribute(context_id=0x55555555, package_id=0x300, a3=0x7, a4=0x35d0001036b0000, a5=0x5005c6d635d, a6=0x0)
09-25 09:25:01.276 13504 13627 W RPCS3   : sys_rsx_context_attribute(context_id=0x55555555, package_id=0x300, a3=0x8, a4=0x36c0001036e0000, a5=0x3005c6dc36c, a6=0x0)
09-25 09:25:01.276 13504 13627 W RPCS3   : sys_rsx_context_attribute(context_id=0x55555555, package_id=0x300, a3=0x9, a4=0x36f0001036f0000, a5=0x2005c6de36f, a6=0x0)
09-25 09:25:01.276 13504 13627 W RPCS3   : sys_rsx_context_attribute(context_id=0x55555555, package_id=0x300, a3=0xa, a4=0x370000103a90000, a5=0x140040752370, a6=0x0)
09-25 09:25:01.276 13504 13627 W RPCS3   : sys_rsx_context_attribute(context_id=0x55555555, package_id=0x300, a3=0xb, a4=0x3aa0021041a0000, a5=0x1400408343aa, a6=0x0)
09-25 09:25:01.276 13504 13627 W RPCS3   : sys_rsx_context_attribute(context_id=0x55555555, package_id=0x300, a3=0xc, a4=0x41b001104450000, a5=0xa006888a41b, a6=0x0)
09-25 09:25:01.276 13504 13627 W RPCS3   : sys_rsx_context_attribute(context_id=0x55555555, package_id=0x301, a3=0x0, a4=0x2105000300, a5=0x18e0000, a6=0xff80300400202000)
09-25 09:25:01.276 13504 13627 W RPCS3   : sys_rsx_context_attribute(context_id=0x55555555, package_id=0x301, a3=0x1, a4=0x2105800580, a5=0xf000002010000, a6=0xff80300400202000)
09-25 09:25:01.276 13504 13627 W RPCS3   : sys_rsx_context_attribute(context_id=0x55555555, package_id=0x301, a3=0x2, a4=0x400040, a5=0x0, a6=0x0)
09-25 09:25:01.276 13504 13627 W RPCS3   : sys_rsx_context_attribute(context_id=0x55555555, package_id=0x301, a3=0x3, a4=0x2102800180, a5=0xf0000041b0000, a6=0xff80300400202000)
09-25 09:25:01.276 13504 13627 W RPCS3   : sys_rsx_context_attribute(context_id=0x55555555, package_id=0x301, a3=0x2, a4=0x2102800180, a5=0xf000004291000, a6=0xff80300400202000)
09-25 09:25:01.276 13504 13627 W RPCS3   : sys_rsx_context_attribute(context_id=0x55555555, package_id=0x301, a3=0x2, a4=0x2102800180, a5=0xf000004372000, a6=0xff80300400202000)
09-25 09:25:01.276 13504 13627 W RPCS3   : sys_rsx_context_attribute(context_id=0x55555555, package_id=0x300, a3=0x0, a4=0x1011a0000, a5=0x14005c234000, a6=0x0)
09-25 09:25:01.276 13504 13627 W RPCS3   : sys_rsx_context_attribute(context_id=0x55555555, package_id=0x300, a3=0x1, a4=0x11b0001018d0000, a5=0x14005c31a11b, a6=0x0)
09-25 09:25:01.276 13504 13627 W RPCS3   : sys_rsx_context_attribute(context_id=0x55555555, package_id=0x300, a3=0x2, a4=0x18e001102000000, a5=0x14006840018e, a6=0x0)
09-25 09:25:01.276 13504 13627 W RPCS3   : sys_rsx_context_attribute(context_id=0x55555555, package_id=0x300, a3=0x3, a4=0x201001102840000, a5=0x180068508201, a6=0x0)
09-25 09:25:01.276 13504 13627 W RPCS3   : sys_rsx_context_attribute(context_id=0x55555555, package_id=0x300, a3=0x4, a4=0x285003102f70000, a5=0x14005c5ee285, a6=0x0)
09-25 09:25:01.276 13504 13627 W RPCS3   : sys_rsx_context_attribute(context_id=0x55555555, package_id=0x300, a3=0x5, a4=0x2f8000103070000, a5=0x8005c60e2f8, a6=0x0)
09-25 09:25:01.276 13504 13627 W RPCS3   : sys_rsx_context_attribute(context_id=0x55555555, package_id=0x300, a3=0x6, a4=0x3080001035c0000, a5=0xa005c6b8308, a6=0x0)
09-25 09:25:01.276 13504 13627 W RPCS3   : sys_rsx_context_attribute(context_id=0x55555555, package_id=0x300, a3=0x7, a4=0x35d0001036b0000, a5=0x5005c6d635d, a6=0x0)
09-25 09:25:01.276 13504 13627 W RPCS3   : sys_rsx_context_attribute(context_id=0x55555555, package_id=0x300, a3=0x8, a4=0x36c0001036e0000, a5=0x3005c6dc36c, a6=0x0)
09-25 09:25:01.276 13504 13627 W RPCS3   : sys_rsx_context_attribute(context_id=0x55555555, package_id=0x300, a3=0x9, a4=0x36f0001036f0000, a5=0x2005c6de36f, a6=0x0)
09-25 09:25:01.276 13504 13627 W RPCS3   : sys_rsx_context_attribute(context_id=0x55555555, package_id=0x300, a3=0xa, a4=0x370000103a90000, a5=0x140040752370, a6=0x0)
09-25 09:25:01.276 13504 13627 W RPCS3   : sys_rsx_context_attribute(context_id=0x55555555, package_id=0x300, a3=0xb, a4=0x3aa0021041a0000, a5=0x1400408343aa, a6=0x0)
09-25 09:25:01.276 13504 13627 W RPCS3   : sys_rsx_context_attribute(context_id=0x55555555, package_id=0x300, a3=0xc, a4=0x41b001104450000, a5=0xa006888a41b, a6=0x0)
09-25 09:25:01.276 13504 13627 W RPCS3   : sys_rsx_context_attribute(context_id=0x55555555, package_id=0x301, a3=0x0, a4=0x2105000300, a5=0x18e0000, a6=0xff80300400202000)
09-25 09:25:01.276 13504 13627 W RPCS3   : sys_rsx_context_attribute(context_id=0x55555555, package_id=0x301, a3=0x1, a4=0x2105800580, a5=0xf000002010000, a6=0xff80300400202000)
09-25 09:25:01.276 13504 13627 W RPCS3   : sys_rsx_context_attribute(context_id=0x55555555, package_id=0x301, a3=0x2, a4=0x400040, a5=0x0, a6=0x0)
09-25 09:25:01.276 13504 13627 W RPCS3   : sys_rsx_context_attribute(context_id=0x55555555, package_id=0x301, a3=0x3, a4=0x2102800180, a5=0xf0000041b0000, a6=0xff80300400202000)
09-25 09:25:01.276 13504 13627 W RPCS3   : sys_rsx_context_attribute(context_id=0x55555555, package_id=0x301, a3=0x2, a4=0x2102800180, a5=0xf000004291000, a6=0xff80300400202000)
09-25 09:25:01.276 13504 13627 W RPCS3   : sys_rsx_context_attribute(context_id=0x55555555, package_id=0x301, a3=0x2, a4=0x2102800180, a5=0xf000004372000, a6=0xff80300400202000)
09-25 09:25:01.276 13504 13627 W RPCS3   : sys_rsx_context_attribute(context_id=0x55555555, package_id=0x104, a3=0x0, a4=0x500000002d0, a5=0x140000000000, a6=0x0)
09-25 09:25:01.276 13504 13627 W RPCS3   : sys_rsx_context_attribute(context_id=0x55555555, package_id=0x104, a3=0x1, a4=0x500000002d0, a5=0x140000384000, a6=0x0)
09-25 09:25:01.276 13504 13627 W RPCS3   : sys_rsx_context_attribute(context_id=0x55555555, package_id=0x104, a3=0x2, a4=0x500000002d0, a5=0x140000708000, a6=0x0)
09-25 09:25:01.276 13504 13627 W RPCS3   : cellPadInit(max_connect=7)
09-25 09:25:01.276 13504 13627 W RPCS3   : sys_config_start()
09-25 09:25:01.276 13504 13627 W RPCS3   : sys_event_queue_create(equeue_id=*0xd0010924, attr=*0xd0010904, ipc_key=0x0, size=32)
09-25 09:25:01.276 13504 13627 W RPCS3   : _sys_ppu_thread_create(thread_id=*0xd0010928, param=*0xd0010840, arg=0x0, unk=0x0, prio=512, stacksize=0x2000, flags=0x1, threadname=*0xd0010915)
09-25 09:25:01.276 13504 13627 W RPCS3   : _sys_ppu_thread_create(): Thread "_cfg_evt_hndlr" created (id=0x100000f, func=*0x696bd4, rtoc=0x0, user-tls=0x100087d0)
09-25 09:25:01.290 13504 13739 W RPCS3   : sys_fs_opendir(path=“/dev_bdvd/PS3_GAME/USRDIR/DLC”, fd=*0xd0072990)
09-25 09:25:01.291 13504 13739 E RPCS3   : 'sys_fs_opendir' failed with 0x80010006 : CELL_ENOENT, “/dev_bdvd/PS3_GAME/USRDIR/DLC” [1]
09-25 09:25:01.292 13504 13737 D RPCS3   : sys_fs_fcntl(0xc0000006): /dev_bdvd
09-25 09:25:01.292 13504 13737 W RPCS3   : sys_fs_stat(path=“/dev_bdvd/PS3_GAME/USRDIR/STREAMS.PSARC”, sb=*0xd005f488)
09-25 09:25:01.297 13504 13741 D RPCS3   : HLE/LV2 history: 
09-25 09:25:01.297 13504 13741 D RPCS3   : (0) 0x008b5ae0: _sys_lwcond_queue_wait, 0x0, r3=0x0, r4=0x0, r5=0x0, r6=0x0
09-25 09:25:01.297 13504 13741 W RPCS3   : '_sys_ppu_thread_exit' aborted (0.000103s)
09-25 09:25:01.297 13504 13741 D RPCS3   : PPU thread perf stats are not available.
09-25 09:25:01.297 13504 13741 D RPCS3   : PPU thread perf stats are not available.
09-25 09:25:01.299 13504 13737 W RPCS3   : sys_fs_fstat(fd=7, sb=*0xd005f624)
09-25 09:25:01.301 13504 13737 D RPCS3   : sys_fs_fcntl(0xc0000006): /dev_bdvd
09-25 09:25:01.302 13504 13737 W RPCS3   : sys_fs_stat(path=“/dev_bdvd/PS3_GAME/USRDIR/CINEMATICS/SMLOGO.M2V”, sb=*0xd005f488)
09-25 09:25:01.302 13504 13737 D RPCS3   : sys_fs_fcntl(0xc0000006): /dev_bdvd
09-25 09:25:01.302 13504 13737 W RPCS3   : sys_fs_open(path=“/dev_bdvd/PS3_GAME/USRDIR/CINEMATICS/SMLOGO.M2V”, flags=00, fd=*0xd005f410, mode=00, arg=*0x0, size=0x0)
09-25 09:25:01.302 13504 13737 W RPCS3   : sys_fs_open(): fd=20, Regular file, '/dev_bdvd/PS3_GAME/USRDIR/CINEMATICS/SMLOGO.M2V', Mode: 0x0, Flags: 0x0, Pos/Size: 0/16.1122MB (0x0/0x101cb90)
09-25 09:25:01.302 13504 13737 W RPCS3   : sys_fs_fstat(fd=20, sb=*0xd005f624)
09-25 09:25:01.306 13504 13737 W RPCS3   : sys_fs_close(fd=20): Regular file, '/dev_bdvd/PS3_GAME/USRDIR/CINEMATICS/SMLOGO.M2V', Mode: 0x0, Flags: 0x0, Pos/Size: 1MB/16.1122MB (0x100000/0x101cb90)
09-25 09:25:01.309 13504 13737 D RPCS3   : sys_fs_fcntl(0xc0000006): /dev_bdvd
09-25 09:25:01.309 13504 13737 W RPCS3   : sys_fs_open(path=“/dev_bdvd/PS3_GAME/USRDIR/CINEMATICS/SMLOGO.M2V”, flags=00, fd=*0xd005f410, mode=00, arg=*0x0, size=0x0)
09-25 09:25:01.310 13504 13737 W RPCS3   : sys_fs_open(): fd=20, Regular file, '/dev_bdvd/PS3_GAME/USRDIR/CINEMATICS/SMLOGO.M2V', Mode: 0x0, Flags: 0x0, Pos/Size: 0/16.1122MB (0x0/0x101cb90)
09-25 09:25:01.310 13504 13737 W RPCS3   : sys_fs_fstat(fd=20, sb=*0xd005f624)
09-25 09:25:01.313 13504 13737 W RPCS3   : sys_fs_close(fd=20): Regular file, '/dev_bdvd/PS3_GAME/USRDIR/CINEMATICS/SMLOGO.M2V', Mode: 0x0, Flags: 0x0, Pos/Size: 2MB/16.1122MB (0x200000/0x101cb90)
09-25 09:25:01.316 13504 13737 D RPCS3   : sys_fs_fcntl(0xc0000006): /dev_bdvd
09-25 09:25:01.316 13504 13737 W RPCS3   : sys_fs_open(path=“/dev_bdvd/PS3_GAME/USRDIR/CINEMATICS/SMLOGO.M2V”, flags=00, fd=*0xd005f410, mode=00, arg=*0x0, size=0x0)
09-25 09:25:01.316 13504 13737 W RPCS3   : sys_fs_open(): fd=20, Regular file, '/dev_bdvd/PS3_GAME/USRDIR/CINEMATICS/SMLOGO.M2V', Mode: 0x0, Flags: 0x0, Pos/Size: 0/16.1122MB (0x0/0x101cb90)
09-25 09:25:01.316 13504 13737 W RPCS3   : sys_fs_fstat(fd=20, sb=*0xd005f624)
09-25 09:25:01.319 13504 13737 W RPCS3   : sys_fs_close(fd=20): Regular file, '/dev_bdvd/PS3_GAME/USRDIR/CINEMATICS/SMLOGO.M2V', Mode: 0x0, Flags: 0x0, Pos/Size: 3MB/16.1122MB (0x300000/0x101cb90)
09-25 09:25:01.322 13504 13737 D RPCS3   : sys_fs_fcntl(0xc0000006): /dev_bdvd
09-25 09:25:01.322 13504 13737 W RPCS3   : sys_fs_open(path=“/dev_bdvd/PS3_GAME/USRDIR/CINEMATICS/SMLOGO.M2V”, flags=00, fd=*0xd005f410, mode=00, arg=*0x0, size=0x0)
09-25 09:25:01.322 13504 13737 W RPCS3   : sys_fs_open(): fd=20, Regular file, '/dev_bdvd/PS3_GAME/USRDIR/CINEMATICS/SMLOGO.M2V', Mode: 0x0, Flags: 0x0, Pos/Size: 0/16.1122MB (0x0/0x101cb90)
09-25 09:25:01.322 13504 13737 W RPCS3   : sys_fs_fstat(fd=20, sb=*0xd005f624)
09-25 09:25:01.325 13504 13737 W RPCS3   : sys_fs_close(fd=20): Regular file, '/dev_bdvd/PS3_GAME/USRDIR/CINEMATICS/SMLOGO.M2V', Mode: 0x0, Flags: 0x0, Pos/Size: 4MB/16.1122MB (0x400000/0x101cb90)
09-25 09:25:01.327 13504 13737 D RPCS3   : sys_fs_fcntl(0xc0000006): /dev_bdvd
09-25 09:25:01.327 13504 13737 W RPCS3   : sys_fs_open(path=“/dev_bdvd/PS3_GAME/USRDIR/CINEMATICS/SMLOGO.M2V”, flags=00, fd=*0xd005f410, mode=00, arg=*0x0, size=0x0)
09-25 09:25:01.327 13504 13737 W RPCS3   : sys_fs_open(): fd=20, Regular file, '/dev_bdvd/PS3_GAME/USRDIR/CINEMATICS/SMLOGO.M2V', Mode: 0x0, Flags: 0x0, Pos/Size: 0/16.1122MB (0x0/0x101cb90)
09-25 09:25:01.328 13504 13737 W RPCS3   : sys_fs_fstat(fd=20, sb=*0xd005f624)
09-25 09:25:01.331 13504 13737 W RPCS3   : sys_fs_close(fd=20): Regular file, '/dev_bdvd/PS3_GAME/USRDIR/CINEMATICS/SMLOGO.M2V', Mode: 0x0, Flags: 0x0, Pos/Size: 5MB/16.1122MB (0x500000/0x101cb90)
09-25 09:25:01.333 13504 13737 D RPCS3   : sys_fs_fcntl(0xc0000006): /dev_bdvd
09-25 09:25:01.333 13504 13737 W RPCS3   : sys_fs_open(path=“/dev_bdvd/PS3_GAME/USRDIR/CINEMATICS/SMLOGO.M2V”, flags=00, fd=*0xd005f410, mode=00, arg=*0x0, size=0x0)
09-25 09:25:01.333 13504 13737 W RPCS3   : sys_fs_open(): fd=20, Regular file, '/dev_bdvd/PS3_GAME/USRDIR/CINEMATICS/SMLOGO.M2V', Mode: 0x0, Flags: 0x0, Pos/Size: 0/16.1122MB (0x0/0x101cb90)
09-25 09:25:01.333 13504 13737 W RPCS3   : sys_fs_fstat(fd=20, sb=*0xd005f624)
09-25 09:25:01.336 13504 13737 W RPCS3   : sys_fs_close(fd=20): Regular file, '/dev_bdvd/PS3_GAME/USRDIR/CINEMATICS/SMLOGO.M2V', Mode: 0x0, Flags: 0x0, Pos/Size: 6MB/16.1122MB (0x600000/0x101cb90)
09-25 09:25:01.338 13504 13737 D RPCS3   : sys_fs_fcntl(0xc0000006): /dev_bdvd
09-25 09:25:01.338 13504 13737 W RPCS3   : sys_fs_open(path=“/dev_bdvd/PS3_GAME/USRDIR/CINEMATICS/SMLOGO.M2V”, flags=00, fd=*0xd005f410, mode=00, arg=*0x0, size=0x0)
09-25 09:25:01.338 13504 13737 W RPCS3   : sys_fs_open(): fd=20, Regular file, '/dev_bdvd/PS3_GAME/USRDIR/CINEMATICS/SMLOGO.M2V', Mode: 0x0, Flags: 0x0, Pos/Size: 0/16.1122MB (0x0/0x101cb90)
09-25 09:25:01.339 13504 13737 W RPCS3   : sys_fs_fstat(fd=20, sb=*0xd005f624)
09-25 09:25:01.342 13504 13737 W RPCS3   : sys_fs_close(fd=20): Regular file, '/dev_bdvd/PS3_GAME/USRDIR/CINEMATICS/SMLOGO.M2V', Mode: 0x0, Flags: 0x0, Pos/Size: 7MB/16.1122MB (0x700000/0x101cb90)
09-25 09:25:01.344 13504 13737 D RPCS3   : sys_fs_fcntl(0xc0000006): /dev_bdvd
09-25 09:25:01.344 13504 13737 W RPCS3   : sys_fs_open(path=“/dev_bdvd/PS3_GAME/USRDIR/CINEMATICS/SMLOGO.M2V”, flags=00, fd=*0xd005f410, mode=00, arg=*0x0, size=0x0)
09-25 09:25:01.344 13504 13737 W RPCS3   : sys_fs_open(): fd=20, Regular file, '/dev_bdvd/PS3_GAME/USRDIR/CINEMATICS/SMLOGO.M2V', Mode: 0x0, Flags: 0x0, Pos/Size: 0/16.1122MB (0x0/0x101cb90)
09-25 09:25:01.344 13504 13737 W RPCS3   : sys_fs_fstat(fd=20, sb=*0xd005f624)
09-25 09:25:01.347 13504 13737 W RPCS3   : sys_fs_close(fd=20): Regular file, '/dev_bdvd/PS3_GAME/USRDIR/CINEMATICS/SMLOGO.M2V', Mode: 0x0, Flags: 0x0, Pos/Size: 8MB/16.1122MB (0x800000/0x101cb90)
09-25 09:25:01.349 13504 13737 D RPCS3   : sys_fs_fcntl(0xc0000006): /dev_bdvd
09-25 09:25:01.349 13504 13737 W RPCS3   : sys_fs_open(path=“/dev_bdvd/PS3_GAME/USRDIR/CINEMATICS/SMLOGO.M2V”, flags=00, fd=*0xd005f410, mode=00, arg=*0x0, size=0x0)
09-25 09:25:01.350 13504 13737 W RPCS3   : sys_fs_open(): fd=20, Regular file, '/dev_bdvd/PS3_GAME/USRDIR/CINEMATICS/SMLOGO.M2V', Mode: 0x0, Flags: 0x0, Pos/Size: 0/16.1122MB (0x0/0x101cb90)
09-25 09:25:01.350 13504 13737 W RPCS3   : sys_fs_fstat(fd=20, sb=*0xd005f624)
09-25 09:25:01.353 13504 13737 W RPCS3   : sys_fs_close(fd=20): Regular file, '/dev_bdvd/PS3_GAME/USRDIR/CINEMATICS/SMLOGO.M2V', Mode: 0x0, Flags: 0x0, Pos/Size: 9MB/16.1122MB (0x900000/0x101cb90)
09-25 09:25:01.355 13504 13737 D RPCS3   : sys_fs_fcntl(0xc0000006): /dev_bdvd
09-25 09:25:01.355 13504 13737 W RPCS3   : sys_fs_open(path=“/dev_bdvd/PS3_GAME/USRDIR/CINEMATICS/SMLOGO.M2V”, flags=00, fd=*0xd005f410, mode=00, arg=*0x0, size=0x0)
09-25 09:25:01.355 13504 13737 W RPCS3   : sys_fs_open(): fd=20, Regular file, '/dev_bdvd/PS3_GAME/USRDIR/CINEMATICS/SMLOGO.M2V', Mode: 0x0, Flags: 0x0, Pos/Size: 0/16.1122MB (0x0/0x101cb90)
09-25 09:25:01.355 13504 13737 W RPCS3   : sys_fs_fstat(fd=20, sb=*0xd005f624)
09-25 09:25:01.358 13504 13737 W RPCS3   : sys_fs_close(fd=20): Regular file, '/dev_bdvd/PS3_GAME/USRDIR/CINEMATICS/SMLOGO.M2V', Mode: 0x0, Flags: 0x0, Pos/Size: 10MB/16.1122MB (0xa00000/0x101cb90)
09-25 09:25:01.360 13504 13737 D RPCS3   : sys_fs_fcntl(0xc0000006): /dev_bdvd
09-25 09:25:01.360 13504 13737 W RPCS3   : sys_fs_open(path=“/dev_bdvd/PS3_GAME/USRDIR/CINEMATICS/SMLOGO.M2V”, flags=00, fd=*0xd005f410, mode=00, arg=*0x0, size=0x0)
09-25 09:25:01.360 13504 13737 W RPCS3   : sys_fs_open(): fd=20, Regular file, '/dev_bdvd/PS3_GAME/USRDIR/CINEMATICS/SMLOGO.M2V', Mode: 0x0, Flags: 0x0, Pos/Size: 0/16.1122MB (0x0/0x101cb90)
09-25 09:25:01.360 13504 13737 W RPCS3   : sys_fs_fstat(fd=20, sb=*0xd005f624)
09-25 09:25:01.363 13504 13737 W RPCS3   : sys_fs_close(fd=20): Regular file, '/dev_bdvd/PS3_GAME/USRDIR/CINEMATICS/SMLOGO.M2V', Mode: 0x0, Flags: 0x0, Pos/Size: 11MB/16.1122MB (0xb00000/0x101cb90)
09-25 09:25:01.365 13504 13737 D RPCS3   : sys_fs_fcntl(0xc0000006): /dev_bdvd
09-25 09:25:01.365 13504 13737 W RPCS3   : sys_fs_open(path=“/dev_bdvd/PS3_GAME/USRDIR/CINEMATICS/SMLOGO.M2V”, flags=00, fd=*0xd005f410, mode=00, arg=*0x0, size=0x0)
09-25 09:25:01.365 13504 13737 W RPCS3   : sys_fs_open(): fd=20, Regular file, '/dev_bdvd/PS3_GAME/USRDIR/CINEMATICS/SMLOGO.M2V', Mode: 0x0, Flags: 0x0, Pos/Size: 0/16.1122MB (0x0/0x101cb90)
09-25 09:25:01.365 13504 13737 W RPCS3   : sys_fs_fstat(fd=20, sb=*0xd005f624)
09-25 09:25:01.367 13504 13737 W RPCS3   : sys_fs_close(fd=20): Regular file, '/dev_bdvd/PS3_GAME/USRDIR/CINEMATICS/SMLOGO.M2V', Mode: 0x0, Flags: 0x0, Pos/Size: 12MB/16.1122MB (0xc00000/0x101cb90)
09-25 09:25:01.369 13504 13737 D RPCS3   : sys_fs_fcntl(0xc0000006): /dev_bdvd
09-25 09:25:01.369 13504 13737 W RPCS3   : sys_fs_open(path=“/dev_bdvd/PS3_GAME/USRDIR/CINEMATICS/SMLOGO.M2V”, flags=00, fd=*0xd005f410, mode=00, arg=*0x0, size=0x0)
09-25 09:25:01.369 13504 13737 W RPCS3   : sys_fs_open(): fd=20, Regular file, '/dev_bdvd/PS3_GAME/USRDIR/CINEMATICS/SMLOGO.M2V', Mode: 0x0, Flags: 0x0, Pos/Size: 0/16.1122MB (0x0/0x101cb90)
09-25 09:25:01.369 13504 13737 W RPCS3   : sys_fs_fstat(fd=20, sb=*0xd005f624)
09-25 09:25:01.371 13504 13742 D RPCS3   : HLE/LV2 history: 
09-25 09:25:01.371 13504 13742 D RPCS3   : (0) 0x008b21fc: sys_mutex_unlock, 0x0, r3=0x0, r4=0x0, r5=0x0, r6=0x0
09-25 09:25:01.371 13504 13742 W RPCS3   : '_sys_ppu_thread_exit' aborted (0.000150s)
09-25 09:25:01.371 13504 13742 D RPCS3   : PPU thread perf stats are not available.
09-25 09:25:01.371 13504 13742 D RPCS3   : PPU thread perf stats are not available.
09-25 09:25:01.372 13504 13737 W RPCS3   : sys_fs_close(fd=20): Regular file, '/dev_bdvd/PS3_GAME/USRDIR/CINEMATICS/SMLOGO.M2V', Mode: 0x0, Flags: 0x0, Pos/Size: 13MB/16.1122MB (0xd00000/0x101cb90)
09-25 09:25:01.375 13504 13737 D RPCS3   : sys_fs_fcntl(0xc0000006): /dev_bdvd
09-25 09:25:01.375 13504 13737 W RPCS3   : sys_fs_open(path=“/dev_bdvd/PS3_GAME/USRDIR/CINEMATICS/SMLOGO.M2V”, flags=00, fd=*0xd005f410, mode=00, arg=*0x0, size=0x0)
09-25 09:25:01.375 13504 13737 W RPCS3   : sys_fs_open(): fd=20, Regular file, '/dev_bdvd/PS3_GAME/USRDIR/CINEMATICS/SMLOGO.M2V', Mode: 0x0, Flags: 0x0, Pos/Size: 0/16.1122MB (0x0/0x101cb90)
09-25 09:25:01.375 13504 13737 W RPCS3   : sys_fs_fstat(fd=20, sb=*0xd005f624)
09-25 09:25:01.378 13504 13737 W RPCS3   : sys_fs_close(fd=20): Regular file, '/dev_bdvd/PS3_GAME/USRDIR/CINEMATICS/SMLOGO.M2V', Mode: 0x0, Flags: 0x0, Pos/Size: 14MB/16.1122MB (0xe00000/0x101cb90)
09-25 09:25:01.380 13504 13737 D RPCS3   : sys_fs_fcntl(0xc0000006): /dev_bdvd
09-25 09:25:01.380 13504 13737 W RPCS3   : sys_fs_open(path=“/dev_bdvd/PS3_GAME/USRDIR/CINEMATICS/SMLOGO.M2V”, flags=00, fd=*0xd005f410, mode=00, arg=*0x0, size=0x0)
09-25 09:25:01.380 13504 13737 W RPCS3   : sys_fs_open(): fd=20, Regular file, '/dev_bdvd/PS3_GAME/USRDIR/CINEMATICS/SMLOGO.M2V', Mode: 0x0, Flags: 0x0, Pos/Size: 0/16.1122MB (0x0/0x101cb90)
09-25 09:25:01.380 13504 13737 W RPCS3   : sys_fs_fstat(fd=20, sb=*0xd005f624)
09-25 09:25:01.383 13504 13737 W RPCS3   : sys_fs_close(fd=20): Regular file, '/dev_bdvd/PS3_GAME/USRDIR/CINEMATICS/SMLOGO.M2V', Mode: 0x0, Flags: 0x0, Pos/Size: 15MB/16.1122MB (0xf00000/0x101cb90)
09-25 09:25:01.385 13504 13737 D RPCS3   : sys_fs_fcntl(0xc0000006): /dev_bdvd
09-25 09:25:01.385 13504 13737 W RPCS3   : sys_fs_open(path=“/dev_bdvd/PS3_GAME/USRDIR/CINEMATICS/SMLOGO.M2V”, flags=00, fd=*0xd005f410, mode=00, arg=*0x0, size=0x0)
09-25 09:25:01.385 13504 13737 W RPCS3   : sys_fs_open(): fd=20, Regular file, '/dev_bdvd/PS3_GAME/USRDIR/CINEMATICS/SMLOGO.M2V', Mode: 0x0, Flags: 0x0, Pos/Size: 0/16.1122MB (0x0/0x101cb90)
09-25 09:25:01.385 13504 13737 W RPCS3   : sys_fs_fstat(fd=20, sb=*0xd005f624)
09-25 09:25:01.388 13504 13737 W RPCS3   : sys_fs_close(fd=20): Regular file, '/dev_bdvd/PS3_GAME/USRDIR/CINEMATICS/SMLOGO.M2V', Mode: 0x0, Flags: 0x0, Pos/Size: 16MB/16.1122MB (0x1000000/0x101cb90)
09-25 09:25:01.390 13504 13737 D RPCS3   : sys_fs_fcntl(0xc0000006): /dev_bdvd
09-25 09:25:01.390 13504 13737 W RPCS3   : sys_fs_open(path=“/dev_bdvd/PS3_GAME/USRDIR/CINEMATICS/SMLOGO.M2V”, flags=00, fd=*0xd005f410, mode=00, arg=*0x0, size=0x0)
09-25 09:25:01.390 13504 13737 W RPCS3   : sys_fs_open(): fd=20, Regular file, '/dev_bdvd/PS3_GAME/USRDIR/CINEMATICS/SMLOGO.M2V', Mode: 0x0, Flags: 0x0, Pos/Size: 0/16.1122MB (0x0/0x101cb90)
09-25 09:25:01.391 13504 13737 W RPCS3   : sys_fs_fstat(fd=20, sb=*0xd005f624)
09-25 09:25:01.391 13504 13737 W RPCS3   : sys_fs_fstat(fd=20, sb=*0xd005f624)
09-25 09:25:01.391 13504 13737 W RPCS3   : sys_fs_close(fd=20): Regular file, '/dev_bdvd/PS3_GAME/USRDIR/CINEMATICS/SMLOGO.M2V', Mode: 0x0, Flags: 0x0, Pos/Size: 16.1122MB/16.1122MB (0x101cb90/0x101cb90)
09-25 09:25:01.392 13504 13737 D RPCS3   : sys_fs_fcntl(0xc0000006): /dev_bdvd
09-25 09:25:01.393 13504 13737 W RPCS3   : sys_fs_stat(path=“/dev_bdvd/PS3_GAME/USRDIR/RES.PSARC”, sb=*0xd005f488)
09-25 09:25:01.394 13504 13519 W HWUI    : Surface doesn't have any previously queued frames, nothing to readback from
09-25 09:25:01.395 13504 13629 I S3BOOTFRAME: event=frame_probe attempt=103 copied=0 state=Running surface_gen=1
09-25 09:25:01.473 13504 13627 W RPCS3   : cellSysutilGetSystemParamInt(id=0x112(ID_ENTER_BUTTON_ASSIGN), value=*0xd0010830)
09-25 09:25:01.473 13504 13627 W RPCS3   : cellAudioOutGetSoundAvailability(audioOut=0, type=0, fs=0x4, option=0)
09-25 09:25:01.473 13504 13627 W RPCS3   : cellAudioOutGetSoundAvailability(audioOut=0, type=1, fs=0x4, option=0)
09-25 09:25:01.473 13504 13627 W RPCS3   : cellAudioOutGetSoundAvailability(audioOut=0, type=6, fs=0x4, option=0)
09-25 09:25:01.473 13504 13627 W RPCS3   : cellAudioOutConfigure(audioOut=0, config=*0x5e5234, option=*0x0, waitForEvent=0)
09-25 09:25:01.473 13504 13627 D RPCS3   : cellAudioOutConfigure: channels=2, encoder=0, downMixer=0
09-25 09:25:01.473 13504 13627 W RPCS3   : cellAudioOutGetSoundAvailability(audioOut=0, type=0, fs=0x4, option=0)
09-25 09:25:01.473 13504 13627 W RPCS3   : cellAudioOutGetSoundAvailability(audioOut=0, type=1, fs=0x4, option=0)
09-25 09:25:01.473 13504 13627 W RPCS3   : cellAudioOutGetSoundAvailability(audioOut=0, type=6, fs=0x4, option=0)
09-25 09:25:01.473 13504 13627 W RPCS3   : cellAudioOutConfigure(audioOut=0, config=*0xd00100c0, option=*0x0, waitForEvent=0)
09-25 09:25:01.473 13504 13627 D RPCS3   : cellAudioOutConfigure: channels=2, encoder=0, downMixer=0
09-25 09:25:01.473 13504 13627 W RPCS3   : cellAudioInit()
09-25 09:25:01.474 13504 13627 W RPCS3   : cellAudioPortOpen(audioParam=*0xd0010190, portNum=*0x68b658)
09-25 09:25:01.474 13504 13627 W RPCS3   : cellAudioPortStart(portNum=0)
09-25 09:25:01.474 13504 13627 W RPCS3   : sys_timer_create(timer_id=*0x68b648)
09-25 09:25:01.475 13504 13627 W RPCS3   : sys_event_queue_create(equeue_id=*0x68b64c, attr=*0xd0010220, ipc_key=0x0, size=4)
09-25 09:25:01.475 13504 13627 W RPCS3   : sys_timer_connect_event_queue(timer_id=0x11018600, queue_id=0x8d018700, name=0x0, data1=0x0, data2=0x0)
09-25 09:25:01.475 13504 13627 W RPCS3   : _sys_ppu_thread_create(thread_id=*0x68b638, param=*0xd0010160, arg=0x68b600, unk=0x0, prio=50, stacksize=0x5000, flags=0x1, threadname=*0x3f9be8)
09-25 09:25:01.475 13504 13627 W RPCS3   : _sys_ppu_thread_create(): Thread "brbDriver" created (id=0x1000010, func=*0x3c59b0, rtoc=0x52d6c8, user-tls=0x10008320)
09-25 09:25:01.475 13504 13627 W RPCS3   : sys_event_port_create(eport_id=*0x68b650, port_type=1, name=0xb00bb00b)
09-25 09:25:01.475 13504 13627 W RPCS3   : sys_event_queue_create(equeue_id=*0x68b654, attr=*0xd0010220, ipc_key=0x0, size=4)
09-25 09:25:01.475 13504 13627 W RPCS3   : sys_event_port_connect_local(eport_id=0xe018800, equeue_id=0x8d018900)
09-25 09:25:01.475 13504 13627 W RPCS3   : _sys_ppu_thread_create(thread_id=*0x68b640, param=*0xd0010160, arg=0x68b600, unk=0x0, prio=50, stacksize=0x5000, flags=0x1, threadname=*0x3f9c00)
09-25 09:25:01.475 13504 13627 W RPCS3   : _sys_ppu_thread_create(): Thread "brbClient" created (id=0x1000011, func=*0x3c58b4, rtoc=0x52d6c8, user-tls=0x10008960)
09-25 09:25:01.475 13504 13627 W RPCS3   : _sys_timer_start(timer_id=0x11018600, base_time=0x0, period=0x14d5)
09-25 09:25:01.486 13504 13627 W RPCS3   : _sys_ppu_thread_create(thread_id=*0x34421848, param=*0xd00104c0, arg=0x0, unk=0x0, prio=401, stacksize=0x2000, flags=0x1, threadname=*0x3f42a8)
09-25 09:25:01.487 13504 13627 W RPCS3   : _sys_ppu_thread_create(): Thread "snd_stream_service_thread" created (id=0x1000012, func=*0x3b7e90, rtoc=0x52d6c8, user-tls=0x10008af0)
09-25 09:25:01.487 13504 13627 W RPCS3   : _sys_ppu_thread_create(thread_id=*0x34422940, param=*0xd00104c0, arg=0x1, unk=0x0, prio=401, stacksize=0x2000, flags=0x1, threadname=*0x3f42a8)
09-25 09:25:01.487 13504 13627 W RPCS3   : _sys_ppu_thread_create(): Thread "snd_stream_service_thread" created (id=0x1000013, func=*0x3b7e90, rtoc=0x52d6c8, user-tls=0x10008c80)
09-25 09:25:01.487 13504 13627 W RPCS3   : _sys_ppu_thread_create(thread_id=*0x34423a38, param=*0xd00104c0, arg=0x2, unk=0x0, prio=401, stacksize=0x2000, flags=0x1, threadname=*0x3f42a8)
09-25 09:25:01.487 13504 13627 W RPCS3   : _sys_ppu_thread_create(): Thread "snd_stream_service_thread" created (id=0x1000014, func=*0x3b7e90, rtoc=0x52d6c8, user-tls=0x10008e10)
09-25 09:25:01.488 13504 13627 W RPCS3   : _sys_ppu_thread_create(thread_id=*0x34424b30, param=*0xd00104c0, arg=0x3, unk=0x0, prio=401, stacksize=0x2000, flags=0x1, threadname=*0x3f42a8)
09-25 09:25:01.488 13504 13627 W RPCS3   : _sys_ppu_thread_create(): Thread "snd_stream_service_thread" created (id=0x1000015, func=*0x3b7e90, rtoc=0x52d6c8, user-tls=0x10008fa0)
09-25 09:25:01.488 13504 13627 W RPCS3   : _sys_ppu_thread_create(thread_id=*0x34425c28, param=*0xd00104c0, arg=0x4, unk=0x0, prio=401, stacksize=0x2000, flags=0x1, threadname=*0x3f42a8)
09-25 09:25:01.488 13504 13627 W RPCS3   : _sys_ppu_thread_create(): Thread "snd_stream_service_thread" created (id=0x1000016, func=*0x3b7e90, rtoc=0x52d6c8, user-tls=0x10009130)
09-25 09:25:01.488 13504 13627 W RPCS3   : _sys_ppu_thread_create(thread_id=*0x34426d20, param=*0xd00104c0, arg=0x5, unk=0x0, prio=401, stacksize=0x2000, flags=0x1, threadname=*0x3f42a8)
09-25 09:25:01.488 13504 13627 W RPCS3   : _sys_ppu_thread_create(): Thread "snd_stream_service_thread" created (id=0x1000017, func=*0x3b7e90, rtoc=0x52d6c8, user-tls=0x100092c0)
09-25 09:25:01.489 13504 13627 W RPCS3   : _sys_ppu_thread_create(thread_id=*0x34427e18, param=*0xd00104c0, arg=0x6, unk=0x0, prio=401, stacksize=0x2000, flags=0x1, threadname=*0x3f42a8)
09-25 09:25:01.489 13504 13627 W RPCS3   : _sys_ppu_thread_create(): Thread "snd_stream_service_thread" created (id=0x1000018, func=*0x3b7e90, rtoc=0x52d6c8, user-tls=0x10009450)
09-25 09:25:01.489 13504 13627 W RPCS3   : _sys_ppu_thread_create(thread_id=*0x34428f10, param=*0xd00104c0, arg=0x7, unk=0x0, prio=401, stacksize=0x2000, flags=0x1, threadname=*0x3f42a8)
09-25 09:25:01.489 13504 13627 W RPCS3   : _sys_ppu_thread_create(): Thread "snd_stream_service_thread" created (id=0x1000019, func=*0x3b7e90, rtoc=0x52d6c8, user-tls=0x100095e0)
09-25 09:25:01.489 13504 13627 W RPCS3   : _sys_ppu_thread_create(thread_id=*0x3442a008, param=*0xd00104c0, arg=0x8, unk=0x0, prio=401, stacksize=0x2000, flags=0x1, threadname=*0x3f42a8)
09-25 09:25:01.490 13504 13627 W RPCS3   : _sys_ppu_thread_create(): Thread "snd_stream_service_thread" created (id=0x100001a, func=*0x3b7e90, rtoc=0x52d6c8, user-tls=0x10009770)
09-25 09:25:01.490 13504 13627 W RPCS3   : _sys_ppu_thread_create(thread_id=*0x3442b100, param=*0xd00104c0, arg=0x9, unk=0x0, prio=401, stacksize=0x2000, flags=0x1, threadname=*0x3f42a8)
09-25 09:25:01.490 13504 13627 W RPCS3   : _sys_ppu_thread_create(): Thread "snd_stream_service_thread" created (id=0x100001b, func=*0x3b7e90, rtoc=0x52d6c8, user-tls=0x10009900)
09-25 09:25:01.490 13504 13627 W RPCS3   : _sys_ppu_thread_create(thread_id=*0x3442c1f8, param=*0xd00104c0, arg=0xa, unk=0x0, prio=401, stacksize=0x2000, flags=0x1, threadname=*0x3f42a8)
09-25 09:25:01.490 13504 13627 W RPCS3   : _sys_ppu_thread_create(): Thread "snd_stream_service_thread" created (id=0x100001c, func=*0x3b7e90, rtoc=0x52d6c8, user-tls=0x10009a90)
09-25 09:25:01.491 13504 13627 W RPCS3   : _sys_ppu_thread_create(thread_id=*0x3442d2f0, param=*0xd00104c0, arg=0xb, unk=0x0, prio=401, stacksize=0x2000, flags=0x1, threadname=*0x3f42a8)
09-25 09:25:01.491 13504 13627 W RPCS3   : _sys_ppu_thread_create(): Thread "snd_stream_service_thread" created (id=0x100001d, func=*0x3b7e90, rtoc=0x52d6c8, user-tls=0x10009c20)
09-25 09:25:01.491 13504 13627 W RPCS3   : _sys_ppu_thread_create(thread_id=*0x3442e3e8, param=*0xd00104c0, arg=0xc, unk=0x0, prio=401, stacksize=0x2000, flags=0x1, threadname=*0x3f42a8)
09-25 09:25:01.491 13504 13627 W RPCS3   : _sys_ppu_thread_create(): Thread "snd_stream_service_thread" created (id=0x100001e, func=*0x3b7e90, rtoc=0x52d6c8, user-tls=0x10009db0)
09-25 09:25:01.491 13504 13627 W RPCS3   : _sys_ppu_thread_create(thread_id=*0x3442f4e0, param=*0xd00104c0, arg=0xd, unk=0x0, prio=401, stacksize=0x2000, flags=0x1, threadname=*0x3f42a8)
09-25 09:25:01.492 13504 13627 W RPCS3   : _sys_ppu_thread_create(): Thread "snd_stream_service_thread" created (id=0x100001f, func=*0x3b7e90, rtoc=0x52d6c8, user-tls=0x10009f40)
09-25 09:25:01.492 13504 13627 W RPCS3   : _sys_ppu_thread_create(thread_id=*0x344305d8, param=*0xd00104c0, arg=0xe, unk=0x0, prio=401, stacksize=0x2000, flags=0x1, threadname=*0x3f42a8)
09-25 09:25:01.492 13504 13627 W RPCS3   : _sys_ppu_thread_create(): Thread "snd_stream_service_thread" created (id=0x1000020, func=*0x3b7e90, rtoc=0x52d6c8, user-tls=0x1000a0d0)
09-25 09:25:01.492 13504 13627 W RPCS3   : _sys_ppu_thread_create(thread_id=*0x344316d0, param=*0xd00104c0, arg=0xf, unk=0x0, prio=401, stacksize=0x2000, flags=0x1, threadname=*0x3f42a8)
09-25 09:25:01.492 13504 13627 W RPCS3   : _sys_ppu_thread_create(): Thread "snd_stream_service_thread" created (id=0x1000021, func=*0x3b7e90, rtoc=0x52d6c8, user-tls=0x1000a260)
09-25 09:25:01.492 13504 13627 W RPCS3   : _sys_ppu_thread_create(thread_id=*0x344327c8, param=*0xd00104c0, arg=0x10, unk=0x0, prio=401, stacksize=0x2000, flags=0x1, threadname=*0x3f42a8)
09-25 09:25:01.493 13504 13627 W RPCS3   : _sys_ppu_thread_create(): Thread "snd_stream_service_thread" created (id=0x1000022, func=*0x3b7e90, rtoc=0x52d6c8, user-tls=0x1000a3f0)
09-25 09:25:01.493 13504 13627 W RPCS3   : _sys_ppu_thread_create(thread_id=*0x344338c0, param=*0xd00104c0, arg=0x11, unk=0x0, prio=401, stacksize=0x2000, flags=0x1, threadname=*0x3f42a8)
09-25 09:25:01.493 13504 13627 W RPCS3   : _sys_ppu_thread_create(): Thread "snd_stream_service_thread" created (id=0x1000023, func=*0x3b7e90, rtoc=0x52d6c8, user-tls=0x1000a580)
09-25 09:25:01.493 13504 13627 W RPCS3   : _sys_ppu_thread_create(thread_id=*0x344349b8, param=*0xd00104c0, arg=0x12, unk=0x0, prio=401, stacksize=0x2000, flags=0x1, threadname=*0x3f42a8)
09-25 09:25:01.493 13504 13627 W RPCS3   : _sys_ppu_thread_create(): Thread "snd_stream_service_thread" created (id=0x1000024, func=*0x3b7e90, rtoc=0x52d6c8, user-tls=0x1000a710)
09-25 09:25:01.493 13504 13627 W RPCS3   : _sys_ppu_thread_create(thread_id=*0x34435ab0, param=*0xd00104c0, arg=0x13, unk=0x0, prio=401, stacksize=0x2000, flags=0x1, threadname=*0x3f42a8)
09-25 09:25:01.493 13504 13627 W RPCS3   : _sys_ppu_thread_create(): Thread "snd_stream_service_thread" created (id=0x1000025, func=*0x3b7e90, rtoc=0x52d6c8, user-tls=0x1000a8a0)
09-25 09:25:01.546 13504 13519 W HWUI    : Surface doesn't have any previously queued frames, nothing to readback from
09-25 09:25:01.546 13504 13629 I S3BOOTFRAME: event=frame_probe attempt=104 copied=0 state=Running surface_gen=1
09-25 09:25:01.698 13504 13519 W HWUI    : Surface doesn't have any previously queued frames, nothing to readback from
09-25 09:25:01.698 13504 13629 I S3BOOTFRAME: event=frame_probe attempt=105 copied=0 state=Running surface_gen=1
09-25 09:25:01.849 13504 13519 W HWUI    : Surface doesn't have any previously queued frames, nothing to readback from
09-25 09:25:01.849 13504 13629 I S3BOOTFRAME: event=frame_probe attempt=106 copied=0 state=Running surface_gen=1
09-25 09:25:01.876 13504 13627 W RPCS3   : sys_mmapper_map_shared_memory(addr=0x38c00000, mem_id=0x800c500, flags=0x40000)
09-25 09:25:01.876 13504 13627 E RPCS3   : Failed to lock sudo memory (addr=0x38c00000, size=0x100000). Consider increasing your system limits.
09-25 09:25:01.876 13504 13627 W RPCS3   : sys_mmapper_map_shared_memory(addr=0x38d00000, mem_id=0x800c600, flags=0x40000)
09-25 09:25:01.876 13504 13627 E RPCS3   : Failed to lock sudo memory (addr=0x38d00000, size=0x100000). Consider increasing your system limits.
09-25 09:25:01.876 13504 13627 W RPCS3   : sys_mmapper_map_shared_memory(addr=0x38e00000, mem_id=0x800c700, flags=0x40000)
09-25 09:25:01.876 13504 13627 E RPCS3   : Failed to lock sudo memory (addr=0x38e00000, size=0x100000). Consider increasing your system limits.
09-25 09:25:01.876 13504 13627 W RPCS3   : sys_mmapper_map_shared_memory(addr=0x38f00000, mem_id=0x800c800, flags=0x40000)
09-25 09:25:01.876 13504 13627 E RPCS3   : Failed to lock sudo memory (addr=0x38f00000, size=0x100000). Consider increasing your system limits.
09-25 09:25:01.876 13504 13627 W RPCS3   : sys_mmapper_map_shared_memory(addr=0x39000000, mem_id=0x800c900, flags=0x40000)
09-25 09:25:01.876 13504 13627 E RPCS3   : Failed to lock sudo memory (addr=0x39000000, size=0x100000). Consider increasing your system limits.
09-25 09:25:01.876 13504 13627 W RPCS3   : sys_mmapper_map_shared_memory(addr=0x39100000, mem_id=0x800ca00, flags=0x40000)
09-25 09:25:01.876 13504 13627 E RPCS3   : Failed to lock sudo memory (addr=0x39100000, size=0x100000). Consider increasing your system limits.
09-25 09:25:01.876 13504 13627 W RPCS3   : sys_mmapper_map_shared_memory(addr=0x39200000, mem_id=0x800cb00, flags=0x40000)
09-25 09:25:01.877 13504 13627 E RPCS3   : Failed to lock sudo memory (addr=0x39200000, size=0x100000). Consider increasing your system limits.
09-25 09:25:01.877 13504 13627 W RPCS3   : sys_mmapper_map_shared_memory(addr=0x39300000, mem_id=0x800cc00, flags=0x40000)
09-25 09:25:01.877 13504 13627 E RPCS3   : Failed to lock sudo memory (addr=0x39300000, size=0x100000). Consider increasing your system limits.
09-25 09:25:01.877 13504 13627 W RPCS3   : sys_mmapper_map_shared_memory(addr=0x39400000, mem_id=0x800cd00, flags=0x40000)
09-25 09:25:01.877 13504 13627 E RPCS3   : Failed to lock sudo memory (addr=0x39400000, size=0x100000). Consider increasing your system limits.
09-25 09:25:01.877 13504 13627 W RPCS3   : sys_mmapper_map_shared_memory(addr=0x39500000, mem_id=0x800ce00, flags=0x40000)
09-25 09:25:01.877 13504 13627 E RPCS3   : Failed to lock sudo memory (addr=0x39500000, size=0x100000). Consider increasing your system limits.
09-25 09:25:01.877 13504 13627 W RPCS3   : sys_rsx_context_iomap(context_id=0x55555555, io=0x8c00000, ea=0x38c00000, size=0xa00000, flags=0xe000000000000800)
09-25 09:25:01.896 13504 13737 D RPCS3   : sys_fs_fcntl(0xc0000006): /dev_bdvd
09-25 09:25:01.896 13504 13737 W RPCS3   : sys_fs_open(path=“/dev_bdvd/PS3_GAME/USRDIR/ENGLISH.PSARC”, flags=00, fd=*0xd005f7e0, mode=00, arg=*0x0, size=0x0)
09-25 09:25:01.896 13504 13737 W RPCS3   : sys_fs_open(): fd=20, Regular file, '/dev_bdvd/PS3_GAME/USRDIR/ENGLISH.PSARC', Mode: 0x0, Flags: 0x0, Pos/Size: 0/0.619875GB (0x0/0x27ac0a1f)
09-25 09:25:01.896 13504 13737 W RPCS3   : sys_fs_fstat(fd=20, sb=*0xd005f9f4)
09-25 09:25:01.899 13504 13737 D RPCS3   : sys_fs_fcntl(0xc0000006): /dev_bdvd
09-25 09:25:01.899 13504 13737 W RPCS3   : sys_fs_stat(path=“/dev_bdvd/PS3_GAME/USRDIR/ENGLISH.PSARC”, sb=*0xd005f838)
09-25 09:25:02.001 13504 13519 W HWUI    : Surface doesn't have any previously queued frames, nothing to readback from
09-25 09:25:02.001 13504 13629 I S3BOOTFRAME: event=frame_probe attempt=107 copied=0 state=Running surface_gen=1
09-25 09:25:02.077 13504 13627 W RPCS3   : sys_mmapper_map_shared_memory(addr=0x39600000, mem_id=0x800cf00, flags=0x40000)
09-25 09:25:02.078 13504 13627 E RPCS3   : Failed to lock sudo memory (addr=0x39600000, size=0x100000). Consider increasing your system limits.
09-25 09:25:02.078 13504 13627 W RPCS3   : sys_mmapper_map_shared_memory(addr=0x39700000, mem_id=0x800d000, flags=0x40000)
09-25 09:25:02.078 13504 13627 E RPCS3   : Failed to lock sudo memory (addr=0x39700000, size=0x100000). Consider increasing your system limits.
09-25 09:25:02.078 13504 13627 W RPCS3   : sys_mmapper_map_shared_memory(addr=0x39800000, mem_id=0x800d100, flags=0x40000)
09-25 09:25:02.078 13504 13627 E RPCS3   : Failed to lock sudo memory (addr=0x39800000, size=0x100000). Consider increasing your system limits.
09-25 09:25:02.078 13504 13627 W RPCS3   : sys_mmapper_map_shared_memory(addr=0x39900000, mem_id=0x800d200, flags=0x40000)
09-25 09:25:02.078 13504 13627 E RPCS3   : Failed to lock sudo memory (addr=0x39900000, size=0x100000). Consider increasing your system limits.
09-25 09:25:02.078 13504 13627 W RPCS3   : sys_mmapper_map_shared_memory(addr=0x39a00000, mem_id=0x800d300, flags=0x40000)
09-25 09:25:02.078 13504 13627 E RPCS3   : Failed to lock sudo memory (addr=0x39a00000, size=0x100000). Consider increasing your system limits.
09-25 09:25:02.078 13504 13627 W RPCS3   : sys_mmapper_map_shared_memory(addr=0x39b00000, mem_id=0x800d400, flags=0x40000)
09-25 09:25:02.078 13504 13627 E RPCS3   : Failed to lock sudo memory (addr=0x39b00000, size=0x100000). Consider increasing your system limits.
09-25 09:25:02.078 13504 13627 W RPCS3   : sys_mmapper_map_shared_memory(addr=0x39c00000, mem_id=0x800d500, flags=0x40000)
09-25 09:25:02.078 13504 13627 E RPCS3   : Failed to lock sudo memory (addr=0x39c00000, size=0x100000). Consider increasing your system limits.
09-25 09:25:02.078 13504 13627 W RPCS3   : sys_mmapper_map_shared_memory(addr=0x39d00000, mem_id=0x800d600, flags=0x40000)
09-25 09:25:02.078 13504 13627 E RPCS3   : Failed to lock sudo memory (addr=0x39d00000, size=0x100000). Consider increasing your system limits.
09-25 09:25:02.078 13504 13627 W RPCS3   : sys_mmapper_map_shared_memory(addr=0x39e00000, mem_id=0x800d700, flags=0x40000)
09-25 09:25:02.078 13504 13627 E RPCS3   : Failed to lock sudo memory (addr=0x39e00000, size=0x100000). Consider increasing your system limits.
09-25 09:25:02.078 13504 13627 W RPCS3   : sys_mmapper_map_shared_memory(addr=0x39f00000, mem_id=0x800d800, flags=0x40000)
09-25 09:25:02.078 13504 13627 E RPCS3   : Failed to lock sudo memory (addr=0x39f00000, size=0x100000). Consider increasing your system limits.
09-25 09:25:02.078 13504 13627 W RPCS3   : sys_mmapper_map_shared_memory(addr=0x3a000000, mem_id=0x800d900, flags=0x40000)
09-25 09:25:02.078 13504 13627 E RPCS3   : Failed to lock sudo memory (addr=0x3a000000, size=0x100000). Consider increasing your system limits.
09-25 09:25:02.078 13504 13627 W RPCS3   : sys_mmapper_map_shared_memory(addr=0x3a100000, mem_id=0x800da00, flags=0x40000)
09-25 09:25:02.078 13504 13627 E RPCS3   : Failed to lock sudo memory (addr=0x3a100000, size=0x100000). Consider increasing your system limits.
09-25 09:25:02.078 13504 13627 W RPCS3   : sys_mmapper_map_shared_memory(addr=0x3a200000, mem_id=0x800db00, flags=0x40000)
09-25 09:25:02.078 13504 13627 E RPCS3   : Failed to lock sudo memory (addr=0x3a200000, size=0x100000). Consider increasing your system limits.
09-25 09:25:02.078 13504 13627 W RPCS3   : sys_mmapper_map_shared_memory(addr=0x3a300000, mem_id=0x800dc00, flags=0x40000)
09-25 09:25:02.078 13504 13627 E RPCS3   : Failed to lock sudo memory (addr=0x3a300000, size=0x100000). Consider increasing your system limits.
09-25 09:25:02.078 13504 13627 W RPCS3   : sys_rsx_context_iomap(context_id=0x55555555, io=0x9600000, ea=0x39600000, size=0xe00000, flags=0xe000000000000800)
09-25 09:25:02.152 13504 13519 W HWUI    : Surface doesn't have any previously queued frames, nothing to readback from
09-25 09:25:02.153 13504 13629 I S3BOOTFRAME: event=frame_probe attempt=108 copied=0 state=Running surface_gen=1
09-25 09:25:02.303 13504 13519 W HWUI    : Surface doesn't have any previously queued frames, nothing to readback from
09-25 09:25:02.304 13504 13629 I S3BOOTFRAME: event=frame_probe attempt=109 copied=0 state=Running surface_gen=1
09-25 09:25:02.455 13504 13519 W HWUI    : Surface doesn't have any previously queued frames, nothing to readback from
09-25 09:25:02.455 13504 13629 I S3BOOTFRAME: event=frame_probe attempt=110 copied=0 state=Running surface_gen=1
09-25 09:25:02.606 13504 13519 W HWUI    : Surface doesn't have any previously queued frames, nothing to readback from
09-25 09:25:02.607 13504 13629 I S3BOOTFRAME: event=frame_probe attempt=111 copied=0 state=Running surface_gen=1
09-25 09:25:02.758 13504 13519 W HWUI    : Surface doesn't have any previously queued frames, nothing to readback from
09-25 09:25:02.759 13504 13629 I S3BOOTFRAME: event=frame_probe attempt=112 copied=0 state=Running surface_gen=1
09-25 09:25:02.872 13504 13627 W RPCS3   : sys_mmapper_map_shared_memory(addr=0x3a400000, mem_id=0x800dd00, flags=0x40000)
09-25 09:25:02.872 13504 13627 E RPCS3   : Failed to lock sudo memory (addr=0x3a400000, size=0x100000). Consider increasing your system limits.
09-25 09:25:02.872 13504 13627 W RPCS3   : sys_mmapper_map_shared_memory(addr=0x3a500000, mem_id=0x800de00, flags=0x40000)
09-25 09:25:02.872 13504 13627 E RPCS3   : Failed to lock sudo memory (addr=0x3a500000, size=0x100000). Consider increasing your system limits.
09-25 09:25:02.872 13504 13627 W RPCS3   : sys_mmapper_map_shared_memory(addr=0x3a600000, mem_id=0x800df00, flags=0x40000)
09-25 09:25:02.872 13504 13627 E RPCS3   : Failed to lock sudo memory (addr=0x3a600000, size=0x100000). Consider increasing your system limits.
09-25 09:25:02.872 13504 13627 W RPCS3   : sys_mmapper_map_shared_memory(addr=0x3a700000, mem_id=0x800e000, flags=0x40000)
09-25 09:25:02.872 13504 13627 E RPCS3   : Failed to lock sudo memory (addr=0x3a700000, size=0x100000). Consider increasing your system limits.
09-25 09:25:02.872 13504 13627 W RPCS3   : sys_mmapper_map_shared_memory(addr=0x3a800000, mem_id=0x800e100, flags=0x40000)
09-25 09:25:02.872 13504 13627 E RPCS3   : Failed to lock sudo memory (addr=0x3a800000, size=0x100000). Consider increasing your system limits.
09-25 09:25:02.872 13504 13627 W RPCS3   : sys_mmapper_map_shared_memory(addr=0x3a900000, mem_id=0x800e200, flags=0x40000)
09-25 09:25:02.872 13504 13627 E RPCS3   : Failed to lock sudo memory (addr=0x3a900000, size=0x100000). Consider increasing your system limits.
09-25 09:25:02.872 13504 13627 W RPCS3   : sys_mmapper_map_shared_memory(addr=0x3aa00000, mem_id=0x800e300, flags=0x40000)
09-25 09:25:02.872 13504 13627 E RPCS3   : Failed to lock sudo memory (addr=0x3aa00000, size=0x100000). Consider increasing your system limits.
09-25 09:25:02.872 13504 13627 W RPCS3   : sys_mmapper_map_shared_memory(addr=0x3ab00000, mem_id=0x800e400, flags=0x40000)
09-25 09:25:02.872 13504 13627 E RPCS3   : Failed to lock sudo memory (addr=0x3ab00000, size=0x100000). Consider increasing your system limits.
09-25 09:25:02.872 13504 13627 W RPCS3   : sys_mmapper_map_shared_memory(addr=0x3ac00000, mem_id=0x800e500, flags=0x40000)
09-25 09:25:02.872 13504 13627 E RPCS3   : Failed to lock sudo memory (addr=0x3ac00000, size=0x100000). Consider increasing your system limits.
09-25 09:25:02.872 13504 13627 W RPCS3   : sys_rsx_context_iomap(context_id=0x55555555, io=0xa400000, ea=0x3a400000, size=0x900000, flags=0xe000000000000800)
09-25 09:25:02.909 13504 13519 W HWUI    : Surface doesn't have any previously queued frames, nothing to readback from
09-25 09:25:02.910 13504 13629 I S3BOOTFRAME: event=frame_probe attempt=113 copied=0 state=Running surface_gen=1
09-25 09:25:02.996 13504 13737 D RPCS3   : sys_fs_fcntl(0xc0000006): /dev_bdvd
09-25 09:25:02.996 13504 13737 W RPCS3   : sys_fs_stat(path=“/dev_bdvd/PS3_GAME/USRDIR/ENGLISH.PSARC”, sb=*0xd005f488)
09-25 09:25:03.060 13504 13519 W HWUI    : Surface doesn't have any previously queued frames, nothing to readback from
09-25 09:25:03.061 13504 13629 I S3BOOTFRAME: event=frame_probe attempt=114 copied=0 state=Running surface_gen=1
09-25 09:25:03.212 13504 13519 W HWUI    : Surface doesn't have any previously queued frames, nothing to readback from
09-25 09:25:03.212 13504 13629 I S3BOOTFRAME: event=frame_probe attempt=115 copied=0 state=Running surface_gen=1
09-25 09:25:03.265 13504 13627 W RPCS3   : sceNpTrophyInit(pool=*0x0, poolSize=0x0, containerId=0xffffffff, options=0x0)
09-25 09:25:03.265 13504 13627 W RPCS3   : sceNpTrophyCreateContext(context=*0x6407c8, commId=*0x3cb960, commSign=*0x3cb96c, options=0x0)
09-25 09:25:03.266 13504 13627 D RPCS3   : sceNpTrophyCreateContext(): commSign = { B9 DD E1 3B, 01 00 00 00, 00 00 00 00, 53 46 29 5F, C7 76 94 ED, 34 A1 FC 88, 1F 84 B9 B2, 28 54 6B 04, C6 F0 5C 41, 7F 2B 31 D9, A4 C8 9F 77, 0D 0C 88 D7, 6C 8F B7 60, EA D9 54 0E, 44 00 4D 97, 88 B9 B0 AC, B9 87 A4 A4, 81 F3 FF 3C, A9 FC 18 31, EC 39 5A 59, 3E 2E 98 1A, 89 8C 47 02, 4A 8D 28 CF, 23 EF 7B 04, 97 B9 10 53, 95 72 48 74, BC D2 2B 57, F4 B0 DD D1, F2 6F A0 98, 90 11 19 5F, 7A FC DB 5F, 6D A7 21 89, 1B 78 EB 28, 78 00 4C 3A, 6A 84 DC EF, 70 82 2D BB, AF B7 C9 3C, A2 39 21 C4, E3 55 FC 9A, 5C 19 C0 DB }
09-25 09:25:03.266 13504 13627 W RPCS3   : sceNpTrophyCreateContext(): commId = { data='NPWR00801', term='' (0x0), num=0, dummy=0 }
09-25 09:25:03.266 13504 13627 W RPCS3   : sceNpTrophyCreateHandle(handle=*0x6407c4)
09-25 09:25:03.266 13504 13627 W RPCS3   : sys_event_queue_create(equeue_id=*0x52bf0c, attr=*0xd00108e0, ipc_key=0x0, size=8)
09-25 09:25:03.266 13504 13627 W RPCS3   : sys_event_port_create(eport_id=*0x52bf08, port_type=1, name=0x1)
09-25 09:25:03.266 13504 13627 W RPCS3   : sys_event_port_connect_local(eport_id=0xe01cd00, equeue_id=0x8d01cc00)
09-25 09:25:03.266 13504 13627 W RPCS3   : _sys_ppu_thread_create(thread_id=*0x52bf18, param=*0xd0010820, arg=0x0, unk=0x0, prio=999, stacksize=0x2000, flags=0x1, threadname=*0x3dd870)
09-25 09:25:03.266 13504 13627 W RPCS3   : _sys_ppu_thread_create(): Thread "TrophyUtil::TrophyUnlock" created (id=0x1000026, func=*0x26bd28, rtoc=0x52d6c8, user-tls=0x1000aa30)
09-25 09:25:03.266 13504 13627 W RPCS3   : sys_mmapper_map_shared_memory(addr=0x3ad00000, mem_id=0x800e600, flags=0x40000)
09-25 09:25:03.266 13504 13627 E RPCS3   : Failed to lock sudo memory (addr=0x3ad00000, size=0x100000). Consider increasing your system limits.
09-25 09:25:03.266 13504 13627 W RPCS3   : sys_mmapper_map_shared_memory(addr=0x3ae00000, mem_id=0x800e700, flags=0x40000)
09-25 09:25:03.266 13504 13627 E RPCS3   : Failed to lock sudo memory (addr=0x3ae00000, size=0x100000). Consider increasing your system limits.
09-25 09:25:03.266 13504 13627 W RPCS3   : sys_mmapper_map_shared_memory(addr=0x3af00000, mem_id=0x800e800, flags=0x40000)
09-25 09:25:03.266 13504 13627 E RPCS3   : Failed to lock sudo memory (addr=0x3af00000, size=0x100000). Consider increasing your system limits.
09-25 09:25:03.266 13504 13627 W RPCS3   : sys_mmapper_map_shared_memory(addr=0x3b000000, mem_id=0x800e900, flags=0x40000)
09-25 09:25:03.266 13504 13627 E RPCS3   : Failed to lock sudo memory (addr=0x3b000000, size=0x100000). Consider increasing your system limits.
09-25 09:25:03.266 13504 13627 W RPCS3   : sys_mmapper_map_shared_memory(addr=0x3b100000, mem_id=0x800ea00, flags=0x40000)
09-25 09:25:03.266 13504 13627 E RPCS3   : Failed to lock sudo memory (addr=0x3b100000, size=0x100000). Consider increasing your system limits.
09-25 09:25:03.266 13504 13627 W RPCS3   : sys_mmapper_map_shared_memory(addr=0x3b200000, mem_id=0x800eb00, flags=0x40000)
09-25 09:25:03.267 13504 13627 E RPCS3   : Failed to lock sudo memory (addr=0x3b200000, size=0x100000). Consider increasing your system limits.
09-25 09:25:03.267 13504 13627 W RPCS3   : sys_mmapper_map_shared_memory(addr=0x3b300000, mem_id=0x800ec00, flags=0x40000)
09-25 09:25:03.267 13504 13627 E RPCS3   : Failed to lock sudo memory (addr=0x3b300000, size=0x100000). Consider increasing your system limits.
09-25 09:25:03.267 13504 13627 W RPCS3   : sys_mmapper_map_shared_memory(addr=0x3b400000, mem_id=0x800ed00, flags=0x40000)
09-25 09:25:03.267 13504 13627 E RPCS3   : Failed to lock sudo memory (addr=0x3b400000, size=0x100000). Consider increasing your system limits.
09-25 09:25:03.267 13504 13627 W RPCS3   : sys_mmapper_map_shared_memory(addr=0x3b500000, mem_id=0x800ee00, flags=0x40000)
09-25 09:25:03.267 13504 13627 E RPCS3   : Failed to lock sudo memory (addr=0x3b500000, size=0x100000). Consider increasing your system limits.
09-25 09:25:03.267 13504 13627 W RPCS3   : sys_mmapper_map_shared_memory(addr=0x3b600000, mem_id=0x800ef00, flags=0x40000)
09-25 09:25:03.267 13504 13627 E RPCS3   : Failed to lock sudo memory (addr=0x3b600000, size=0x100000). Consider increasing your system limits.
09-25 09:25:03.267 13504 13627 W RPCS3   : sys_mmapper_map_shared_memory(addr=0x3b700000, mem_id=0x800f000, flags=0x40000)
09-25 09:25:03.267 13504 13627 E RPCS3   : Failed to lock sudo memory (addr=0x3b700000, size=0x100000). Consider increasing your system limits.
09-25 09:25:03.267 13504 13627 W RPCS3   : sys_mmapper_map_shared_memory(addr=0x3b800000, mem_id=0x800f100, flags=0x40000)
09-25 09:25:03.267 13504 13627 E RPCS3   : Failed to lock sudo memory (addr=0x3b800000, size=0x100000). Consider increasing your system limits.
09-25 09:25:03.267 13504 13627 W RPCS3   : sys_mmapper_map_shared_memory(addr=0x3b900000, mem_id=0x800f200, flags=0x40000)
09-25 09:25:03.267 13504 13627 E RPCS3   : Failed to lock sudo memory (addr=0x3b900000, size=0x100000). Consider increasing your system limits.
09-25 09:25:03.267 13504 13627 W RPCS3   : sys_mmapper_map_shared_memory(addr=0x3ba00000, mem_id=0x800f300, flags=0x40000)
09-25 09:25:03.267 13504 13627 E RPCS3   : Failed to lock sudo memory (addr=0x3ba00000, size=0x100000). Consider increasing your system limits.
09-25 09:25:03.267 13504 13627 W RPCS3   : sys_mmapper_map_shared_memory(addr=0x3bb00000, mem_id=0x800f400, flags=0x40000)
09-25 09:25:03.267 13504 13627 E RPCS3   : Failed to lock sudo memory (addr=0x3bb00000, size=0x100000). Consider increasing your system limits.
09-25 09:25:03.267 13504 13627 W RPCS3   : sys_mmapper_map_shared_memory(addr=0x3bc00000, mem_id=0x800f500, flags=0x40000)
09-25 09:25:03.267 13504 13627 E RPCS3   : Failed to lock sudo memory (addr=0x3bc00000, size=0x100000). Consider increasing your system limits.
09-25 09:25:03.267 13504 13627 W RPCS3   : sys_mmapper_map_shared_memory(addr=0x3bd00000, mem_id=0x800f600, flags=0x40000)
09-25 09:25:03.267 13504 13627 E RPCS3   : Failed to lock sudo memory (addr=0x3bd00000, size=0x100000). Consider increasing your system limits.
09-25 09:25:03.267 13504 13627 W RPCS3   : sys_mmapper_map_shared_memory(addr=0x3be00000, mem_id=0x800f700, flags=0x40000)
09-25 09:25:03.267 13504 13627 E RPCS3   : Failed to lock sudo memory (addr=0x3be00000, size=0x100000). Consider increasing your system limits.
09-25 09:25:03.267 13504 13627 W RPCS3   : sys_mmapper_map_shared_memory(addr=0x3bf00000, mem_id=0x800f800, flags=0x40000)
09-25 09:25:03.267 13504 13627 E RPCS3   : Failed to lock sudo memory (addr=0x3bf00000, size=0x100000). Consider increasing your system limits.
09-25 09:25:03.267 13504 13627 W RPCS3   : sys_rsx_context_iomap(context_id=0x55555555, io=0xad00000, ea=0x3ad00000, size=0x1300000, flags=0xe000000000000800)
09-25 09:25:03.268 13504 13737 D RPCS3   : sys_fs_fcntl(0xc0000006): /dev_bdvd
09-25 09:25:03.268 13504 13737 W RPCS3   : sys_fs_open(path=“/dev_bdvd/PS3_GAME/USRDIR/CINEMATICS/SMLOGO.M2V”, flags=00, fd=*0xd005fa80, mode=00, arg=*0x0, size=0x0)
09-25 09:25:03.268 13504 13737 W RPCS3   : sys_fs_open(): fd=21, Regular file, '/dev_bdvd/PS3_GAME/USRDIR/CINEMATICS/SMLOGO.M2V', Mode: 0x0, Flags: 0x0, Pos/Size: 0/16.1122MB (0x0/0x101cb90)
09-25 09:25:03.268 13504 13737 W RPCS3   : sys_fs_fstat(fd=21, sb=*0xd005fc94)
09-25 09:25:03.323 13504 13737 W RPCS3   : sys_fs_close(fd=21): Regular file, '/dev_bdvd/PS3_GAME/USRDIR/CINEMATICS/SMLOGO.M2V', Mode: 0x0, Flags: 0x0, Pos/Size: 0/16.1122MB (0x0/0x101cb90)
09-25 09:25:03.350 13504 13627 W RPCS3   : sys_rsx_context_iounmap(context_id=0x55555555, io=0x4c00000, size=0x4000000)
09-25 09:25:03.350 13504 13627 W RPCS3   : sys_mmapper_unmap_shared_memory(addr=0x34c00000, mem_id=*0xd0010780)
09-25 09:25:03.351 13504 13627 W RPCS3   : sys_mmapper_unmap_shared_memory(addr=0x34d00000, mem_id=*0xd0010780)
09-25 09:25:03.351 13504 13627 W RPCS3   : sys_mmapper_unmap_shared_memory(addr=0x34e00000, mem_id=*0xd0010780)
09-25 09:25:03.351 13504 13627 W RPCS3   : sys_mmapper_unmap_shared_memory(addr=0x34f00000, mem_id=*0xd0010780)
09-25 09:25:03.351 13504 13627 W RPCS3   : sys_mmapper_unmap_shared_memory(addr=0x35000000, mem_id=*0xd0010780)
09-25 09:25:03.351 13504 13627 W RPCS3   : sys_mmapper_unmap_shared_memory(addr=0x35100000, mem_id=*0xd0010780)
09-25 09:25:03.351 13504 13627 W RPCS3   : sys_mmapper_unmap_shared_memory(addr=0x35200000, mem_id=*0xd0010780)
09-25 09:25:03.351 13504 13627 W RPCS3   : sys_mmapper_unmap_shared_memory(addr=0x35300000, mem_id=*0xd0010780)
09-25 09:25:03.351 13504 13627 W RPCS3   : sys_mmapper_unmap_shared_memory(addr=0x35400000, mem_id=*0xd0010780)
09-25 09:25:03.351 13504 13627 W RPCS3   : sys_mmapper_unmap_shared_memory(addr=0x35500000, mem_id=*0xd0010780)
09-25 09:25:03.351 13504 13627 W RPCS3   : sys_mmapper_unmap_shared_memory(addr=0x35600000, mem_id=*0xd0010780)
09-25 09:25:03.351 13504 13627 W RPCS3   : sys_mmapper_unmap_shared_memory(addr=0x35700000, mem_id=*0xd0010780)
09-25 09:25:03.351 13504 13627 W RPCS3   : sys_mmapper_unmap_shared_memory(addr=0x35800000, mem_id=*0xd0010780)
09-25 09:25:03.351 13504 13627 W RPCS3   : sys_mmapper_unmap_shared_memory(addr=0x35900000, mem_id=*0xd0010780)
09-25 09:25:03.351 13504 13627 W RPCS3   : sys_mmapper_unmap_shared_memory(addr=0x35a00000, mem_id=*0xd0010780)
09-25 09:25:03.351 13504 13627 W RPCS3   : sys_mmapper_unmap_shared_memory(addr=0x35b00000, mem_id=*0xd0010780)
09-25 09:25:03.351 13504 13627 W RPCS3   : sys_mmapper_unmap_shared_memory(addr=0x35c00000, mem_id=*0xd0010780)
09-25 09:25:03.351 13504 13627 W RPCS3   : sys_mmapper_unmap_shared_memory(addr=0x35d00000, mem_id=*0xd0010780)
09-25 09:25:03.351 13504 13627 W RPCS3   : sys_mmapper_unmap_shared_memory(addr=0x35e00000, mem_id=*0xd0010780)
09-25 09:25:03.351 13504 13627 W RPCS3   : sys_mmapper_unmap_shared_memory(addr=0x35f00000, mem_id=*0xd0010780)
09-25 09:25:03.351 13504 13627 W RPCS3   : sys_mmapper_unmap_shared_memory(addr=0x36000000, mem_id=*0xd0010780)
09-25 09:25:03.351 13504 13627 W RPCS3   : sys_mmapper_unmap_shared_memory(addr=0x36100000, mem_id=*0xd0010780)
09-25 09:25:03.351 13504 13627 W RPCS3   : sys_mmapper_unmap_shared_memory(addr=0x36200000, mem_id=*0xd0010780)
09-25 09:25:03.351 13504 13627 W RPCS3   : sys_mmapper_unmap_shared_memory(addr=0x36300000, mem_id=*0xd0010780)
09-25 09:25:03.351 13504 13627 W RPCS3   : sys_mmapper_unmap_shared_memory(addr=0x36400000, mem_id=*0xd0010780)
09-25 09:25:03.351 13504 13627 W RPCS3   : sys_mmapper_unmap_shared_memory(addr=0x36500000, mem_id=*0xd0010780)
09-25 09:25:03.351 13504 13627 W RPCS3   : sys_mmapper_unmap_shared_memory(addr=0x36600000, mem_id=*0xd0010780)
09-25 09:25:03.351 13504 13627 W RPCS3   : sys_mmapper_unmap_shared_memory(addr=0x36700000, mem_id=*0xd0010780)
09-25 09:25:03.351 13504 13627 W RPCS3   : sys_mmapper_unmap_shared_memory(addr=0x36800000, mem_id=*0xd0010780)
09-25 09:25:03.351 13504 13627 W RPCS3   : sys_mmapper_unmap_shared_memory(addr=0x36900000, mem_id=*0xd0010780)
09-25 09:25:03.351 13504 13627 W RPCS3   : sys_mmapper_unmap_shared_memory(addr=0x36a00000, mem_id=*0xd0010780)
09-25 09:25:03.351 13504 13627 W RPCS3   : sys_mmapper_unmap_shared_memory(addr=0x36b00000, mem_id=*0xd0010780)
09-25 09:25:03.351 13504 13627 W RPCS3   : sys_mmapper_unmap_shared_memory(addr=0x36c00000, mem_id=*0xd0010780)
09-25 09:25:03.351 13504 13627 W RPCS3   : sys_mmapper_unmap_shared_memory(addr=0x36d00000, mem_id=*0xd0010780)
09-25 09:25:03.351 13504 13627 W RPCS3   : sys_mmapper_unmap_shared_memory(addr=0x36e00000, mem_id=*0xd0010780)
09-25 09:25:03.351 13504 13627 W RPCS3   : sys_mmapper_unmap_shared_memory(addr=0x36f00000, mem_id=*0xd0010780)
09-25 09:25:03.351 13504 13627 W RPCS3   : sys_mmapper_unmap_shared_memory(addr=0x37000000, mem_id=*0xd0010780)
09-25 09:25:03.351 13504 13627 W RPCS3   : sys_mmapper_unmap_shared_memory(addr=0x37100000, mem_id=*0xd0010780)
09-25 09:25:03.351 13504 13627 W RPCS3   : sys_mmapper_unmap_shared_memory(addr=0x37200000, mem_id=*0xd0010780)
09-25 09:25:03.351 13504 13627 W RPCS3   : sys_mmapper_unmap_shared_memory(addr=0x37300000, mem_id=*0xd0010780)
09-25 09:25:03.351 13504 13627 W RPCS3   : sys_mmapper_unmap_shared_memory(addr=0x37400000, mem_id=*0xd0010780)
09-25 09:25:03.351 13504 13627 W RPCS3   : sys_mmapper_unmap_shared_memory(addr=0x37500000, mem_id=*0xd0010780)
09-25 09:25:03.351 13504 13627 W RPCS3   : sys_mmapper_unmap_shared_memory(addr=0x37600000, mem_id=*0xd0010780)
09-25 09:25:03.351 13504 13627 W RPCS3   : sys_mmapper_unmap_shared_memory(addr=0x37700000, mem_id=*0xd0010780)
09-25 09:25:03.351 13504 13627 W RPCS3   : sys_mmapper_unmap_shared_memory(addr=0x37800000, mem_id=*0xd0010780)
09-25 09:25:03.351 13504 13627 W RPCS3   : sys_mmapper_unmap_shared_memory(addr=0x37900000, mem_id=*0xd0010780)
09-25 09:25:03.351 13504 13627 W RPCS3   : sys_mmapper_unmap_shared_memory(addr=0x37a00000, mem_id=*0xd0010780)
09-25 09:25:03.351 13504 13627 W RPCS3   : sys_mmapper_unmap_shared_memory(addr=0x37b00000, mem_id=*0xd0010780)
09-25 09:25:03.351 13504 13627 W RPCS3   : sys_mmapper_unmap_shared_memory(addr=0x37c00000, mem_id=*0xd0010780)
09-25 09:25:03.351 13504 13627 W RPCS3   : sys_mmapper_unmap_shared_memory(addr=0x37d00000, mem_id=*0xd0010780)
09-25 09:25:03.351 13504 13627 W RPCS3   : sys_mmapper_unmap_shared_memory(addr=0x37e00000, mem_id=*0xd0010780)
09-25 09:25:03.351 13504 13627 W RPCS3   : sys_mmapper_unmap_shared_memory(addr=0x37f00000, mem_id=*0xd0010780)
09-25 09:25:03.352 13504 13627 W RPCS3   : sys_mmapper_unmap_shared_memory(addr=0x38000000, mem_id=*0xd0010780)
09-25 09:25:03.352 13504 13627 W RPCS3   : sys_mmapper_unmap_shared_memory(addr=0x38100000, mem_id=*0xd0010780)
09-25 09:25:03.352 13504 13627 W RPCS3   : sys_mmapper_unmap_shared_memory(addr=0x38200000, mem_id=*0xd0010780)
09-25 09:25:03.352 13504 13627 W RPCS3   : sys_mmapper_unmap_shared_memory(addr=0x38300000, mem_id=*0xd0010780)
09-25 09:25:03.352 13504 13627 W RPCS3   : sys_mmapper_unmap_shared_memory(addr=0x38400000, mem_id=*0xd0010780)
09-25 09:25:03.352 13504 13627 W RPCS3   : sys_mmapper_unmap_shared_memory(addr=0x38500000, mem_id=*0xd0010780)
09-25 09:25:03.352 13504 13627 W RPCS3   : sys_mmapper_unmap_shared_memory(addr=0x38600000, mem_id=*0xd0010780)
09-25 09:25:03.352 13504 13627 W RPCS3   : sys_mmapper_unmap_shared_memory(addr=0x38700000, mem_id=*0xd0010780)
09-25 09:25:03.352 13504 13627 W RPCS3   : sys_mmapper_unmap_shared_memory(addr=0x38800000, mem_id=*0xd0010780)
09-25 09:25:03.352 13504 13627 W RPCS3   : sys_mmapper_unmap_shared_memory(addr=0x38900000, mem_id=*0xd0010780)
09-25 09:25:03.352 13504 13627 W RPCS3   : sys_mmapper_unmap_shared_memory(addr=0x38a00000, mem_id=*0xd0010780)
09-25 09:25:03.352 13504 13627 W RPCS3   : sys_mmapper_unmap_shared_memory(addr=0x38b00000, mem_id=*0xd0010780)
09-25 09:25:03.352 13504 13627 W RPCS3   : cellSysutilRegisterCallback(slot=0, func=*0x51da28, userdata=*0x0)
09-25 09:25:03.352 13504 13627 W RPCS3   : sys_rsx_attribute(packageId=0x202, a2=0x1, a3=0x1, a4=0x0, a5=0x0)
09-25 09:25:03.352 13504 13627 W RPCS3   : sys_rsx_attribute(packageId=0x2, a2=0x1, a3=0x0, a4=0x0, a5=0x0)
09-25 09:25:03.352 13504 13627 W RPCS3   : sys_rsx_context_attribute(context_id=0x55555555, package_id=0x101, a3=0x1, a4=0x2, a5=0x0, a6=0x0)
09-25 09:25:03.352 13504 13724 W RPCS3   : [0x22d8] At 0x22dc: indirect branch to 0x22e0 (D)
09-25 09:25:03.352 13504 13724 D RPCS3   : SPU block is a loop at [0x022f0 -> 0x022f0]
09-25 09:25:03.354 13504 13627 W RPCS3   : cellSysutilGetSystemParamInt(id=0x112(ID_ENTER_BUTTON_ASSIGN), value=*0xd0010750)
09-25 09:25:03.357 13504 13624 W RPCS3   : [descriptor_manager::register] Now monitoring 1 descriptor sets
09-25 09:25:03.364 13504 13519 W HWUI    : Surface doesn't have any previously queued frames, nothing to readback from
09-25 09:25:03.364 13504 13629 I S3BOOTFRAME: event=frame_probe attempt=116 copied=0 state=Running surface_gen=1
09-25 09:25:03.408 13504 13624 W libc    : Access denied finding property "vendor.mesa.spirv.dump.path"
09-25 09:25:03.408 13504 13624 W libc    : Access denied finding property "vendor.mesa.spirv.read.path"
09-25 09:25:03.409 13504 13624 W RPCS3   : [descriptor_manager::register] Now monitoring 2 descriptor sets
09-25 09:25:03.409 13504 13624 I S3PERF  : queueBuffer interceptor fired win=0x7665ec8800 total=1
09-25 09:25:03.409 13504 13624 W libc    : Access denied finding property "vendor.mesa.vk.max.timeout"
09-25 09:25:03.689 13504 13519 W qdgralloc: getInterlacedFlag: getMetaData returned 3, defaulting to interlaced_flag = 0
09-25 09:25:03.692 13504 13624 W RPCS3   : [descriptor_manager::register] Now monitoring 3 descriptor sets
09-25 09:25:03.692 13504 13624 E RPCS3   : Format incompatibility detected, reporting failure to force data copy (VK_FORMAT=0x2C, GCM_FORMAT=0x9F)
09-25 09:25:03.694 13504 13624 W libc    : Access denied finding property "vendor.mesa.spirv.dump.path"
09-25 09:25:03.694 13504 13624 W libc    : Access denied finding property "vendor.mesa.spirv.read.path"
09-25 09:25:03.695 13504 13624 W RPCS3   : [descriptor_manager::register] Now monitoring 4 descriptor sets
09-25 09:25:03.696 13504 13624 I S3PERF  : queueBuffer interceptor fired win=0x7665ec8800 total=2
09-25 09:25:03.699 13504 13629 I S3BOOTFRAME: event=frame_probe attempt=117 copied=1 state=Running surface_gen=1
09-25 09:25:03.710 13504 13504 W Bundle  : Key battery_low expected Integer but value was a java.lang.Boolean.  The default value 0 was returned.
09-25 09:25:03.710 13504 13504 W Bundle  : Attempt to cast generated internal exception:
09-25 09:25:03.710 13504 13504 W Bundle  : java.lang.ClassCastException: java.lang.Boolean cannot be cast to java.lang.Integer
09-25 09:25:03.710 13504 13504 W Bundle  : 	at android.os.BaseBundle.getInt(BaseBundle.java:1348)
09-25 09:25:03.710 13504 13504 W Bundle  : 	at android.content.Intent.getIntExtra(Intent.java:9617)
09-25 09:25:03.710 13504 13504 W Bundle  : 	at oy0.b0(r8-map-id-17f7c70882317d4204493123240a7bf10e0c883fb95f59a42ca18332ce6a96ad:47)
09-25 09:25:03.710 13504 13504 W Bundle  : 	at qa.onReceive(r8-map-id-17f7c70882317d4204493123240a7bf10e0c883fb95f59a42ca18332ce6a96ad:16)
09-25 09:25:03.710 13504 13504 W Bundle  : 	at android.app.LoadedApk$ReceiverDispatcher$Args.lambda$getRunnable$0(LoadedApk.java:1931)
09-25 09:25:03.710 13504 13504 W Bundle  : 	at android.app.LoadedApk$ReceiverDispatcher$Args.$r8$lambda$mcNAAl1SQ4MyJPyDg8TJ2x2h0Rk(Unknown Source:0)
09-25 09:25:03.710 13504 13504 W Bundle  : 	at android.app.LoadedApk$ReceiverDispatcher$Args$$ExternalSyntheticLambda0.run(D8$$SyntheticClass:0)
09-25 09:25:03.710 13504 13504 W Bundle  : 	at android.os.Handler.handleCallback(Handler.java:1070)
09-25 09:25:03.710 13504 13504 W Bundle  : 	at android.os.Handler.dispatchMessage(Handler.java:125)
09-25 09:25:03.710 13504 13504 W Bundle  : 	at android.os.Looper.dispatchMessage(Looper.java:333)
09-25 09:25:03.710 13504 13504 W Bundle  : 	at android.os.Looper.loopOnce(Looper.java:263)
09-25 09:25:03.710 13504 13504 W Bundle  : 	at android.os.Looper.loop(Looper.java:367)
09-25 09:25:03.710 13504 13504 W Bundle  : 	at android.app.ActivityThread.main(ActivityThread.java:9328)
09-25 09:25:03.710 13504 13504 W Bundle  : 	at java.lang.reflect.Method.invoke(Native Method)
09-25 09:25:03.710 13504 13504 W Bundle  : 	at com.android.internal.os.RuntimeInit$MethodAndArgsCaller.run(RuntimeInit.java:569)
09-25 09:25:03.710 13504 13504 W Bundle  : 	at com.android.internal.os.ZygoteInit.main(ZygoteInit.java:929)
09-25 09:25:03.712 13504 13624 I S3PERF  : queueBuffer interceptor fired win=0x7665ec8800 total=3
09-25 09:25:03.740 13504 13585 D RPCS3   : CPU Usage: Total: 38.6%, Cores: 0.0%, 0.0%, 0.0%, 0.0%, 0.0%, 0.0%, 0.0%, 0.0%
09-25 09:25:03.747 13504 13627 W RPCS3   : cellVdecQueryAttrEx(type=*0xd00108b0, attr=*0xd00108bc)
09-25 09:25:03.747 13504 13627 W RPCS3   : cellVdecQueryAttr: MPEG2 (profile=3)
09-25 09:25:03.751 13504 13627 W RPCS3   : cellVdecQueryAttrEx(type=*0xd0010750, attr=*0xd001075c)
09-25 09:25:03.751 13504 13627 W RPCS3   : cellVdecQueryAttr: MPEG2 (profile=3)
09-25 09:25:03.751 13504 13627 W RPCS3   : sys_mmapper_map_shared_memory(addr=0x34c00000, mem_id=0x8008500, flags=0x40000)
09-25 09:25:03.751 13504 13726 D RPCS3   : SPU block is a loop at [0x0dedc -> 0x0dedc]
09-25 09:25:03.751 13504 13627 E RPCS3   : Failed to lock sudo memory (addr=0x34c00000, size=0x100000). Consider increasing your system limits.
09-25 09:25:03.751 13504 13627 W RPCS3   : sys_mmapper_map_shared_memory(addr=0x34d00000, mem_id=0x8008600, flags=0x40000)
09-25 09:25:03.751 13504 13627 E RPCS3   : Failed to lock sudo memory (addr=0x34d00000, size=0x100000). Consider increasing your system limits.
09-25 09:25:03.751 13504 13627 W RPCS3   : sys_mmapper_map_shared_memory(addr=0x34e00000, mem_id=0x8008700, flags=0x40000)
09-25 09:25:03.751 13504 13627 E RPCS3   : Failed to lock sudo memory (addr=0x34e00000, size=0x100000). Consider increasing your system limits.
09-25 09:25:03.751 13504 13627 W RPCS3   : sys_mmapper_map_shared_memory(addr=0x34f00000, mem_id=0x8008800, flags=0x40000)
09-25 09:25:03.751 13504 13627 E RPCS3   : Failed to lock sudo memory (addr=0x34f00000, size=0x100000). Consider increasing your system limits.
09-25 09:25:03.751 13504 13627 W RPCS3   : sys_mmapper_map_shared_memory(addr=0x35000000, mem_id=0x8008900, flags=0x40000)
09-25 09:25:03.751 13504 13627 E RPCS3   : Failed to lock sudo memory (addr=0x35000000, size=0x100000). Consider increasing your system limits.
09-25 09:25:03.751 13504 13627 W RPCS3   : sys_mmapper_map_shared_memory(addr=0x35100000, mem_id=0x8008a00, flags=0x40000)
09-25 09:25:03.751 13504 13627 E RPCS3   : Failed to lock sudo memory (addr=0x35100000, size=0x100000). Consider increasing your system limits.
09-25 09:25:03.751 13504 13627 W RPCS3   : sys_mmapper_map_shared_memory(addr=0x35200000, mem_id=0x8008b00, flags=0x40000)
09-25 09:25:03.751 13504 13627 E RPCS3   : Failed to lock sudo memory (addr=0x35200000, size=0x100000). Consider increasing your system limits.
09-25 09:25:03.751 13504 13627 W RPCS3   : sys_mmapper_map_shared_memory(addr=0x35300000, mem_id=0x8008c00, flags=0x40000)
09-25 09:25:03.751 13504 13627 E RPCS3   : Failed to lock sudo memory (addr=0x35300000, size=0x100000). Consider increasing your system limits.
09-25 09:25:03.751 13504 13627 W RPCS3   : sys_mmapper_map_shared_memory(addr=0x35400000, mem_id=0x8008d00, flags=0x40000)
09-25 09:25:03.751 13504 13627 E RPCS3   : Failed to lock sudo memory (addr=0x35400000, size=0x100000). Consider increasing your system limits.
09-25 09:25:03.751 13504 13627 W RPCS3   : sys_mmapper_map_shared_memory(addr=0x35500000, mem_id=0x8008e00, flags=0x40000)
09-25 09:25:03.751 13504 13627 E RPCS3   : Failed to lock sudo memory (addr=0x35500000, size=0x100000). Consider increasing your system limits.
09-25 09:25:03.751 13504 13627 W RPCS3   : sys_mmapper_map_shared_memory(addr=0x35600000, mem_id=0x8008f00, flags=0x40000)
09-25 09:25:03.751 13504 13627 E RPCS3   : Failed to lock sudo memory (addr=0x35600000, size=0x100000). Consider increasing your system limits.
09-25 09:25:03.751 13504 13627 W RPCS3   : sys_mmapper_map_shared_memory(addr=0x35700000, mem_id=0x8009000, flags=0x40000)
09-25 09:25:03.751 13504 13627 E RPCS3   : Failed to lock sudo memory (addr=0x35700000, size=0x100000). Consider increasing your system limits.
09-25 09:25:03.751 13504 13627 W RPCS3   : sys_mmapper_map_shared_memory(addr=0x35800000, mem_id=0x8009100, flags=0x40000)
09-25 09:25:03.751 13504 13627 E RPCS3   : Failed to lock sudo memory (addr=0x35800000, size=0x100000). Consider increasing your system limits.
09-25 09:25:03.751 13504 13627 W RPCS3   : sys_rsx_context_iomap(context_id=0x55555555, io=0x4c00000, ea=0x34c00000, size=0xd00000, flags=0xe000000000000800)
09-25 09:25:03.751 13504 13627 W RPCS3   : sys_rsx_context_iomap(): RSX is not idle while mapping io
09-25 09:25:03.768 13504 13627 W RPCS3   : cellVdecQueryAttrEx(type=*0xd0010954, attr=*0xd0010960)
09-25 09:25:03.768 13504 13627 W RPCS3   : cellVdecQueryAttr: MPEG2 (profile=3)
09-25 09:25:03.768 13504 13627 W RPCS3   : cellVdecOpenEx(type=*0xd0010954, res=*0xd0010980, cb=*0xd001094c, handle=*0x641b7c)
09-25 09:25:03.768 13504 13627 W RPCS3   : cellVdecQueryAttr: MPEG2 (profile=3)
09-25 09:25:03.769 13504 13627 W RPCS3   : _sys_ppu_thread_create(thread_id=*0xd00108c8, param=*0xd00107f0, arg=0xf0000000, unk=0x0, prio=1000, stacksize=0x2000, flags=0x2, threadname=*0xd00108b6)
09-25 09:25:03.769 13504 13627 W RPCS3   : _sys_ppu_thread_create(): Thread "HLE Video Decoder" created (id=0x1000027, func=*0x7f454c46, rtoc=0x2020166, user-tls=0x1000abc0)
09-25 09:25:03.769 13504 13627 W RPCS3   : cellVdecStartSeq(handle=0xf0000000)
09-25 09:25:03.784 13504 13538 I S3PERF  : export-ready=1 payload_length=842 version=2 fps_samples=2 frametime_samples=6
09-25 09:25:03.784 13504 13538 D S3PERF  : crosscheck source=surface presented=7 json_fps=16.2137 json_frametime_ms=16.696
09-25 09:25:03.805 13504 13609 D RPCS3   : PPU Syscall Usage Stats:
09-25 09:25:03.805 13504 13609 D RPCS3   : 	⁂ _sys_lwcond_queue_wait [8125]
09-25 09:25:03.805 13504 13609 D RPCS3   : 	⁂ _sys_lwmutex_lock [8036]
09-25 09:25:03.805 13504 13609 D RPCS3   : 	⁂ _sys_lwmutex_unlock [7856]
09-25 09:25:03.805 13504 13609 D RPCS3   : 	⁂ _sys_lwcond_signal [4474]
09-25 09:25:03.805 13504 13609 D RPCS3   : 	⁂ sys_timer_usleep [4117]
09-25 09:25:03.805 13504 13609 D RPCS3   : 	⁂ sys_time_get_current_time [2775]
09-25 09:25:03.805 13504 13609 D RPCS3   : 	⁂ _sys_lwcond_signal_all [2675]
09-25 09:25:03.805 13504 13609 D RPCS3   : 	⁂ sys_fs_read [1711]
09-25 09:25:03.805 13504 13609 D RPCS3   : 	⁂ sys_event_queue_receive [1688]
09-25 09:25:03.805 13504 13609 D RPCS3   : 	⁂ sys_fs_write [783]
09-25 09:25:03.805 13504 13609 D RPCS3   : 	⁂ sys_event_port_send [416]
09-25 09:25:03.805 13504 13609 D RPCS3   : 	⁂ sys_mmapper_map_shared_memory [329]
09-25 09:25:03.805 13504 13609 D RPCS3   : 	⁂ sys_mmapper_allocate_shared_memory [200]
09-25 09:25:03.805 13504 13609 D RPCS3   : 	⁂ sys_mmapper_unmap_shared_memory [188]
09-25 09:25:03.805 13504 13609 D RPCS3   : 	⁂ _sys_lwmutex_create [133]
09-25 09:25:03.805 13504 13609 D RPCS3   : 	⁂ sys_time_get_timezone [130]
09-25 09:25:03.805 13504 13609 D RPCS3   : 	⁂ sys_fs_fsync [130]
09-25 09:25:03.805 13504 13609 D RPCS3   : 	⁂ sys_fs_lseek [129]
09-25 09:25:03.805 13504 13609 D RPCS3   : 	⁂ sys_fs_fcntl [62]
09-25 09:25:03.805 13504 13609 D RPCS3   : 	⁂ _sys_lwcond_create [50]
09-25 09:25:03.805 13504 13609 D RPCS3   : 	⁂ sys_rsx_context_attribute [46]
09-25 09:25:03.805 13504 13609 D RPCS3   : 	⁂ sys_time_get_timebase_frequency [44]
09-25 09:25:03.805 13504 13609 D RPCS3   : 	⁂ sys_mutex_lock [42]
09-25 09:25:03.805 13504 13609 D RPCS3   : 	⁂ sys_mutex_unlock [42]
09-25 09:25:03.805 13504 13609 D RPCS3   : 	⁂ _sys_ppu_thread_create [39]
09-25 09:25:03.805 13504 13609 D RPCS3   : 	⁂ sys_fs_fstat [39]
09-25 09:25:03.805 13504 13609 D RPCS3   : 	⁂ sys_ppu_thread_start [38]
09-25 09:25:03.805 13504 13609 D RPCS3   : 	⁂ sys_fs_open [36]
09-25 09:25:03.805 13504 13609 D RPCS3   : 	⁂ sys_semaphore_create [34]
09-25 09:25:03.805 13504 13609 D RPCS3   : 	⁂ _sys_prx_start_module [26]
09-25 09:25:03.805 13504 13609 D RPCS3   : 	⁂ sys_fs_stat [25]
09-25 09:25:03.805 13504 13609 D RPCS3   : 	⁂ sys_fs_close [18]
09-25 09:25:03.805 13504 13609 D RPCS3   : 	⁂ _sys_prx_load_module [13]
09-25 09:25:03.805 13504 13609 D RPCS3   : 	⁂ sys_rsx_context_iomap [9]
09-25 09:25:03.805 13504 13609 D RPCS3   : 	⁂ sys_event_queue_create [8]
09-25 09:25:03.805 13504 13609 D RPCS3   : 	⁂ sys_event_flag_create [6]
09-25 09:25:03.805 13504 13609 D RPCS3   : 	⁂ sys_event_port_create [6]
09-25 09:25:03.805 13504 13609 D RPCS3   : 	⁂ sys_event_port_connect_local [6]
09-25 09:25:03.805 13504 13609 D RPCS3   : 	⁂ sys_spu_thread_initialize [6]
09-25 09:25:03.805 13504 13609 D RPCS3   : 	⁂ sys_process_getpid [5]
09-25 09:25:03.805 13504 13609 D RPCS3   : 	⁂ sys_mutex_create [5]
09-25 09:25:03.805 13504 13609 D RPCS3   : 	⁂ sys_spu_thread_group_connect_event_all_threads [5]
09-25 09:25:03.805 13504 13609 D RPCS3   : 	⁂ sys_process_get_sdk_version [4]
09-25 09:25:03.805 13504 13609 D RPCS3   : 	⁂ sys_memory_get_user_memory_size [4]
09-25 09:25:03.805 13504 13609 D RPCS3   : 	⁂ sys_rsx_attribute [4]
09-25 09:25:03.805 13504 13609 D RPCS3   : 	⁂ _sys_lwmutex_trylock [3]
09-25 09:25:03.805 13504 13609 D RPCS3   : 	⁂ sys_memory_allocate [3]
09-25 09:25:03.805 13504 13609 D RPCS3   : 	⁂ sys_process_is_spu_lock_line_reservation_address [2]
09-25 09:25:03.805 13504 13609 D RPCS3   : 	⁂ _sys_ppu_thread_exit [2]
09-25 09:25:03.805 13504 13609 D RPCS3   : 	⁂ sys_event_flag_wait [2]
09-25 09:25:03.805 13504 13609 D RPCS3   : 	⁂ sys_cond_create [2]
09-25 09:25:03.805 13504 13609 D RPCS3   : 	⁂ sys_event_flag_clear [2]
09-25 09:25:03.805 13504 13609 D RPCS3   : 	⁂ sys_spu_thread_group_create [2]
09-25 09:25:03.805 13504 13609 D RPCS3   : 	⁂ sys_spu_thread_group_start [2]
09-25 09:25:03.805 13504 13609 D RPCS3   : 	⁂ sys_spu_thread_group_join [2]
09-25 09:25:03.805 13504 13609 D RPCS3   : 	⁂ sys_spu_thread_group_connect_event [2]
09-25 09:25:03.805 13504 13609 D RPCS3   : 	⁂ _sys_prx_register_module [2]
09-25 09:25:03.805 13504 13609 D RPCS3   : 	⁂ _sys_prx_get_module_id_by_name [2]
09-25 09:25:03.805 13504 13609 D RPCS3   : 	⁂ sys_rsx_context_iounmap [2]
09-25 09:25:03.805 13504 13609 D RPCS3   : 	⁂ sys_fs_get_block_size [2]
09-25 09:25:03.805 13504 13609 D RPCS3   : 	⁂ sys_fs_disk_free [2]
09-25 09:25:03.805 13504 13609 D RPCS3   : 	⁂ sys_ss_access_control_engine [2]
09-25 09:25:03.805 13504 13609 D RPCS3   : 	⁂ _sys_process_get_paramsfo [1]
09-25 09:25:03.805 13504 13609 D RPCS3   : 	⁂ sys_ppu_thread_get_priority [1]
09-25 09:25:03.805 13504 13609 D RPCS3   : 	⁂ sys_timer_create [1]
09-25 09:25:03.805 13504 13609 D RPCS3   : 	⁂ _sys_timer_start [1]
09-25 09:25:03.805 13504 13609 D RPCS3   : 	⁂ sys_timer_connect_event_queue [1]
09-25 09:25:03.805 13504 13609 D RPCS3   : 	⁂ sys_spu_initialize [1]
09-25 09:25:03.805 13504 13609 D RPCS3   : 	⁂ sys_mmapper_allocate_address [1]
09-25 09:25:03.805 13504 13609 D RPCS3   : 	⁂ syscall_462 [1]
09-25 09:25:03.805 13504 13609 D RPCS3   : 	⁂ sys_rsx_memory_allocate [1]
09-25 09:25:03.805 13504 13609 D RPCS3   : 	⁂ sys_rsx_context_allocate [1]
09-25 09:25:03.805 13504 13609 D RPCS3   : 	⁂ sys_rsx_device_map [1]
09-25 09:25:03.805 13504 13609 D RPCS3   : 	⁂ sys_fs_opendir [1]
09-25 09:25:03.805 13504 13609 D RPCS3   : 	⁂ sys_fs_mkdir [1]
09-25 09:25:03.854 13504 13519 W qdgralloc: getInterlacedFlag: getMetaData returned 3, defaulting to interlaced_flag = 0
09-25 09:25:03.859 13504 13629 I S3BOOTFRAME: event=frame_probe attempt=118 copied=1 state=Running surface_gen=1
09-25 09:25:04.010 13504 13519 W qdgralloc: getInterlacedFlag: getMetaData returned 3, defaulting to interlaced_flag = 0
09-25 09:25:04.014 13504 13504 I CompileMonitorService: Projection inactive after debounce delay — stopping foreground
09-25 09:25:04.016 13504 13504 I CompileMonitorService: onDestroy
09-25 09:25:04.023 13504 13629 I S3BOOTFRAME: event=frame_probe attempt=119 copied=1 state=Running surface_gen=1
09-25 09:25:04.023 13504 13629 I S3BOOTFRAME: event=frame_validated samples=3 surface_gen=1 title=BCUS98111
09-25 09:25:04.030 13504 13629 I PpuReadinessStore: runtime validated by real boot frame title=BCUS98111
09-25 09:25:04.031 13504 13629 I S3SESSION: journal state=RUNNING session=1790308463412-13e773d7 game=direct_iso/BCUS98111 clean=false
09-25 09:25:04.090 13504 13538 D S3PERF  : crosscheck ui_snapshot_fps=16.2137 ui_snapshot_frametime_ms=16.696
09-25 09:25:05.007 13504 13538 D S3PERF  : crosscheck source=surface presented=7 json_fps=16.2137 json_frametime_ms=16.696
09-25 09:25:05.319 13504 13538 D S3PERF  : crosscheck ui_snapshot_fps=16.2137 ui_snapshot_frametime_ms=16.696
09-25 09:25:07.463 13504 13538 D S3PERF  : GPU load [/sys/class/kgsl/kgsl-3d0/gpubusy]: raw='0       0' -> load=null%
09-25 09:25:13.740 13504 13585 D RPCS3   : CPU Usage: Total: 25.0%, Cores: 0.0%, 0.0%, 0.0%, 0.0%, 0.0%, 0.0%, 0.0%, 0.0%
09-25 09:25:13.805 13504 13609 D RPCS3   : PPU Syscall Usage Stats:
09-25 09:25:13.805 13504 13609 D RPCS3   : 	⁂ sys_timer_usleep [110962]
09-25 09:25:13.805 13504 13609 D RPCS3   : 	⁂ _sys_lwcond_queue_wait [11842]
09-25 09:25:13.805 13504 13609 D RPCS3   : 	⁂ _sys_lwmutex_lock [11318]
09-25 09:25:13.805 13504 13609 D RPCS3   : 	⁂ _sys_lwmutex_unlock [10459]
09-25 09:25:13.805 13504 13609 D RPCS3   : 	⁂ sys_event_queue_receive [5997]
09-25 09:25:13.805 13504 13609 D RPCS3   : 	⁂ _sys_lwcond_signal [5879]
09-25 09:25:13.805 13504 13609 D RPCS3   : 	⁂ _sys_lwcond_signal_all [3764]
09-25 09:25:13.805 13504 13609 D RPCS3   : 	⁂ sys_time_get_current_time [3266]
09-25 09:25:13.805 13504 13609 D RPCS3   : 	⁂ sys_event_port_send [2207]
09-25 09:25:13.805 13504 13609 D RPCS3   : 	⁂ sys_fs_read [2129]
09-25 09:25:13.805 13504 13609 D RPCS3   : 	⁂ sys_fs_write [1240]
09-25 09:25:13.805 13504 13609 D RPCS3   : 	⁂ sys_fs_fsync [207]
09-25 09:25:13.805 13504 13609 D RPCS3   : 	⁂ sys_fs_lseek [156]
09-25 09:25:15.139 13504 13504 W DefaultDispatch: type=1400 audit(0.0:6969767): avc:  denied  { search } for  name="zram0" dev="sysfs" ino=107524 scontext=u:r:untrusted_app:s0:c207,c257,c512,c768 tcontext=u:object_r:sysfs_zram:s0 tclass=dir permissive=0 app=com.zenithblue.sambas3
09-25 09:25:15.139 13504 13504 W DefaultDispatch: type=1400 audit(0.0:6969768): avc:  denied  { search } for  name="zram0" dev="sysfs" ino=107524 scontext=u:r:untrusted_app:s0:c207,c257,c512,c768 tcontext=u:object_r:sysfs_zram:s0 tclass=dir permissive=0 app=com.zenithblue.sambas3
09-25 09:25:16.335 13504 13504 W DebugPad: BUTTON START d1=8 d2=0 press 120ms request_id=s3-1790308516298248775-2055294-1338
09-25 09:25:16.456 13504 13504 W DebugPad: BUTTON START release request_id=s3-1790308516298248775-2055294-1338
09-25 09:25:18.518 13504 13538 D S3PERF  : GPU load [/sys/class/kgsl/kgsl-3d0/gpubusy]: raw='114115 1016979' -> load=11.220978997599754%
09-25 09:25:23.731 13504 13504 W DefaultDispatch: type=1400 audit(0.0:6969810): avc:  denied  { search } for  name="zram0" dev="sysfs" ino=107524 scontext=u:r:untrusted_app:s0:c207,c257,c512,c768 tcontext=u:object_r:sysfs_zram:s0 tclass=dir permissive=0 app=com.zenithblue.sambas3
09-25 09:25:23.731 13504 13504 W DefaultDispatch: type=1400 audit(0.0:6969811): avc:  denied  { search } for  name="zram0" dev="sysfs" ino=107524 scontext=u:r:untrusted_app:s0:c207,c257,c512,c768 tcontext=u:object_r:sysfs_zram:s0 tclass=dir permissive=0 app=com.zenithblue.sambas3
09-25 09:25:23.740 13504 13585 D RPCS3   : CPU Usage: Total: 25.6%, Cores: 0.0%, 0.0%, 0.0%, 0.0%, 0.0%, 0.0%, 0.0%, 0.0%
09-25 09:25:23.805 13504 13609 D RPCS3   : PPU Syscall Usage Stats:
09-25 09:25:23.805 13504 13609 D RPCS3   : 	⁂ sys_timer_usleep [217019]
09-25 09:25:23.805 13504 13609 D RPCS3   : 	⁂ _sys_lwcond_queue_wait [12737]
09-25 09:25:23.805 13504 13609 D RPCS3   : 	⁂ _sys_lwmutex_lock [12146]
09-25 09:25:23.805 13504 13609 D RPCS3   : 	⁂ _sys_lwmutex_unlock [10607]
09-25 09:25:23.805 13504 13609 D RPCS3   : 	⁂ sys_event_queue_receive [10271]
09-25 09:25:23.805 13504 13609 D RPCS3   : 	⁂ _sys_lwcond_signal [5954]
09-25 09:25:23.805 13504 13609 D RPCS3   : 	⁂ sys_event_port_send [3965]
09-25 09:25:23.805 13504 13609 D RPCS3   : 	⁂ _sys_lwcond_signal_all [3889]
09-25 09:25:23.805 13504 13609 D RPCS3   : 	⁂ sys_time_get_current_time [3306]
09-25 09:25:23.805 13504 13609 D RPCS3   : 	⁂ sys_fs_read [2140]
09-25 09:25:24.385 13504 13515 D ithblue.sambas3: PlayerBase::~PlayerBase()
09-25 09:25:24.385 13504 13514 D ithblue.sambas3: PlayerBase::~PlayerBase()
09-25 09:25:24.385 13504 13515 D ithblue.sambas3: PlayerBase::~PlayerBase()
09-25 09:25:29.579 13504 13538 D S3PERF  : GPU load [/sys/class/kgsl/kgsl-3d0/gpubusy]: raw='0       0' -> load=null%
09-25 09:25:32.335 13504 13504 W DefaultDispatch: type=1400 audit(0.0:6969820): avc:  denied  { search } for  name="zram0" dev="sysfs" ino=107524 scontext=u:r:untrusted_app:s0:c207,c257,c512,c768 tcontext=u:object_r:sysfs_zram:s0 tclass=dir permissive=0 app=com.zenithblue.sambas3
09-25 09:25:32.339 13504 13504 W DefaultDispatch: type=1400 audit(0.0:6969821): avc:  denied  { search } for  name="zram0" dev="sysfs" ino=107524 scontext=u:r:untrusted_app:s0:c207,c257,c512,c768 tcontext=u:object_r:sysfs_zram:s0 tclass=dir permissive=0 app=com.zenithblue.sambas3
09-25 09:25:33.740 13504 13585 D RPCS3   : CPU Usage: Total: 25.5%, Cores: 0.0%, 0.0%, 0.0%, 0.0%, 0.0%, 0.0%, 0.0%, 0.0%
09-25 09:25:33.805 13504 13609 D RPCS3   : PPU Syscall Usage Stats:
09-25 09:25:33.805 13504 13609 D RPCS3   : 	⁂ sys_timer_usleep [323558]
09-25 09:25:33.805 13504 13609 D RPCS3   : 	⁂ sys_event_queue_receive [14564]
09-25 09:25:33.805 13504 13609 D RPCS3   : 	⁂ _sys_lwcond_queue_wait [13648]
09-25 09:25:33.805 13504 13609 D RPCS3   : 	⁂ _sys_lwmutex_lock [12987]
09-25 09:25:33.805 13504 13609 D RPCS3   : 	⁂ _sys_lwmutex_unlock [10768]
09-25 09:25:33.805 13504 13609 D RPCS3   : 	⁂ _sys_lwcond_signal [6037]
09-25 09:25:33.805 13504 13609 D RPCS3   : 	⁂ sys_event_port_send [5741]
09-25 09:25:33.805 13504 13609 D RPCS3   : 	⁂ _sys_lwcond_signal_all [4022]
09-25 09:25:33.805 13504 13609 D RPCS3   : 	⁂ sys_time_get_current_time [3347]
09-25 09:25:33.805 13504 13609 D RPCS3   : 	⁂ sys_fs_read [2152]
09-25 09:25:34.650 13504 13504 W Bundle  : Key battery_low expected Integer but value was a java.lang.Boolean.  The default value 0 was returned.
09-25 09:25:34.650 13504 13504 W Bundle  : Attempt to cast generated internal exception:
09-25 09:25:34.650 13504 13504 W Bundle  : java.lang.ClassCastException: java.lang.Boolean cannot be cast to java.lang.Integer
09-25 09:25:34.650 13504 13504 W Bundle  : 	at android.os.BaseBundle.getInt(BaseBundle.java:1348)
09-25 09:25:34.650 13504 13504 W Bundle  : 	at android.content.Intent.getIntExtra(Intent.java:9617)
09-25 09:25:34.650 13504 13504 W Bundle  : 	at oy0.b0(r8-map-id-17f7c70882317d4204493123240a7bf10e0c883fb95f59a42ca18332ce6a96ad:47)
09-25 09:25:34.650 13504 13504 W Bundle  : 	at qa.onReceive(r8-map-id-17f7c70882317d4204493123240a7bf10e0c883fb95f59a42ca18332ce6a96ad:16)
09-25 09:25:34.650 13504 13504 W Bundle  : 	at android.app.LoadedApk$ReceiverDispatcher$Args.lambda$getRunnable$0(LoadedApk.java:1931)
09-25 09:25:34.650 13504 13504 W Bundle  : 	at android.app.LoadedApk$ReceiverDispatcher$Args.$r8$lambda$mcNAAl1SQ4MyJPyDg8TJ2x2h0Rk(Unknown Source:0)
09-25 09:25:34.650 13504 13504 W Bundle  : 	at android.app.LoadedApk$ReceiverDispatcher$Args$$ExternalSyntheticLambda0.run(D8$$SyntheticClass:0)
09-25 09:25:34.650 13504 13504 W Bundle  : 	at android.os.Handler.handleCallback(Handler.java:1070)
09-25 09:25:34.650 13504 13504 W Bundle  : 	at android.os.Handler.dispatchMessage(Handler.java:125)
09-25 09:25:34.650 13504 13504 W Bundle  : 	at android.os.Looper.dispatchMessage(Looper.java:333)
09-25 09:25:34.650 13504 13504 W Bundle  : 	at android.os.Looper.loopOnce(Looper.java:263)
09-25 09:25:34.650 13504 13504 W Bundle  : 	at android.os.Looper.loop(Looper.java:367)
09-25 09:25:34.650 13504 13504 W Bundle  : 	at android.app.ActivityThread.main(ActivityThread.java:9328)
09-25 09:25:34.650 13504 13504 W Bundle  : 	at java.lang.reflect.Method.invoke(Native Method)
09-25 09:25:34.650 13504 13504 W Bundle  : 	at com.android.internal.os.RuntimeInit$MethodAndArgsCaller.run(RuntimeInit.java:569)
09-25 09:25:34.650 13504 13504 W Bundle  : 	at com.android.internal.os.ZygoteInit.main(ZygoteInit.java:929)
09-25 09:25:40.625 13504 13538 D S3PERF  : GPU load [/sys/class/kgsl/kgsl-3d0/gpubusy]: raw='0       0' -> load=null%
09-25 09:25:40.927 13504 13504 W DefaultDispatch: type=1400 audit(0.0:6969822): avc:  denied  { search } for  name="zram0" dev="sysfs" ino=107524 scontext=u:r:untrusted_app:s0:c207,c257,c512,c768 tcontext=u:object_r:sysfs_zram:s0 tclass=dir permissive=0 app=com.zenithblue.sambas3
09-25 09:25:40.927 13504 13504 W DefaultDispatch: type=1400 audit(0.0:6969823): avc:  denied  { search } for  name="zram0" dev="sysfs" ino=107524 scontext=u:r:untrusted_app:s0:c207,c257,c512,c768 tcontext=u:object_r:sysfs_zram:s0 tclass=dir permissive=0 app=com.zenithblue.sambas3
09-25 09:25:43.740 13504 13585 D RPCS3   : CPU Usage: Total: 25.9%, Cores: 0.0%, 0.0%, 0.0%, 0.0%, 0.0%, 0.0%, 0.0%, 0.0%
09-25 09:25:43.805 13504 13609 D RPCS3   : PPU Syscall Usage Stats:
09-25 09:25:43.805 13504 13609 D RPCS3   : 	⁂ sys_timer_usleep [429753]
09-25 09:25:43.805 13504 13609 D RPCS3   : 	⁂ sys_event_queue_receive [18933]
09-25 09:25:43.805 13504 13609 D RPCS3   : 	⁂ _sys_lwcond_queue_wait [14550]
09-25 09:25:43.805 13504 13609 D RPCS3   : 	⁂ _sys_lwmutex_lock [13822]
09-25 09:25:43.805 13504 13609 D RPCS3   : 	⁂ _sys_lwmutex_unlock [10923]
09-25 09:25:43.805 13504 13609 D RPCS3   : 	⁂ sys_event_port_send [7594]
09-25 09:25:43.805 13504 13609 D RPCS3   : 	⁂ _sys_lwcond_signal [6118]
09-25 09:25:43.805 13504 13609 D RPCS3   : 	⁂ _sys_lwcond_signal_all [4151]
09-25 09:25:43.805 13504 13609 D RPCS3   : 	⁂ sys_time_get_current_time [3390]
09-25 09:25:43.805 13504 13609 D RPCS3   : 	⁂ sys_fs_read [2164]
09-25 09:25:46.766 13504 13504 W DebugPad: BUTTON CROSS d1=0 d2=64 press 120ms request_id=s3-1790308546712599764-2059490-15937
09-25 09:25:46.886 13504 13504 W DebugPad: BUTTON CROSS release request_id=s3-1790308546712599764-2059490-15937
09-25 09:25:49.531 13504 13504 W DefaultDispatch: type=1400 audit(0.0:6969824): avc:  denied  { search } for  name="zram0" dev="sysfs" ino=107524 scontext=u:r:untrusted_app:s0:c207,c257,c512,c768 tcontext=u:object_r:sysfs_zram:s0 tclass=dir permissive=0 app=com.zenithblue.sambas3
09-25 09:25:49.531 13504 13504 W DefaultDispatch: type=1400 audit(0.0:6969825): avc:  denied  { search } for  name="zram0" dev="sysfs" ino=107524 scontext=u:r:untrusted_app:s0:c207,c257,c512,c768 tcontext=u:object_r:sysfs_zram:s0 tclass=dir permissive=0 app=com.zenithblue.sambas3
09-25 09:25:51.684 13504 13538 D S3PERF  : GPU load [/sys/class/kgsl/kgsl-3d0/gpubusy]: raw='0       0' -> load=null%
09-25 09:25:53.740 13504 13585 D RPCS3   : CPU Usage: Total: 25.8%, Cores: 0.0%, 0.0%, 0.0%, 0.0%, 0.0%, 0.0%, 0.0%, 0.0%
09-25 09:25:53.805 13504 13609 D RPCS3   : PPU Syscall Usage Stats:
09-25 09:25:53.805 13504 13609 D RPCS3   : 	⁂ sys_timer_usleep [535306]
09-25 09:25:53.805 13504 13609 D RPCS3   : 	⁂ sys_event_queue_receive [23305]
09-25 09:25:53.805 13504 13609 D RPCS3   : 	⁂ _sys_lwcond_queue_wait [15462]
09-25 09:25:53.805 13504 13609 D RPCS3   : 	⁂ _sys_lwmutex_lock [14664]
09-25 09:25:53.805 13504 13609 D RPCS3   : 	⁂ _sys_lwmutex_unlock [11085]
09-25 09:25:53.805 13504 13609 D RPCS3   : 	⁂ sys_event_port_send [9450]
09-25 09:25:53.805 13504 13609 D RPCS3   : 	⁂ _sys_lwcond_signal [6202]
09-25 09:25:53.805 13504 13609 D RPCS3   : 	⁂ _sys_lwcond_signal_all [4284]
09-25 09:25:53.805 13504 13609 D RPCS3   : 	⁂ sys_time_get_current_time [3431]
09-25 09:25:53.805 13504 13609 D RPCS3   : 	⁂ sys_fs_read [2176]
09-25 09:25:58.131 13504 13504 W DefaultDispatch: type=1400 audit(0.0:6969826): avc:  denied  { search } for  name="zram0" dev="sysfs" ino=107524 scontext=u:r:untrusted_app:s0:c207,c257,c512,c768 tcontext=u:object_r:sysfs_zram:s0 tclass=dir permissive=0 app=com.zenithblue.sambas3
09-25 09:25:58.131 13504 13504 W DefaultDispatch: type=1400 audit(0.0:6969827): avc:  denied  { search } for  name="zram0" dev="sysfs" ino=107524 scontext=u:r:untrusted_app:s0:c207,c257,c512,c768 tcontext=u:object_r:sysfs_zram:s0 tclass=dir permissive=0 app=com.zenithblue.sambas3
09-25 09:25:58.945 13504 13504 W DebugPad: BUTTON SQUARE d1=0 d2=128 press 120ms request_id=s3-1790308558882645557-2060066-3151
09-25 09:25:59.065 13504 13504 W DebugPad: BUTTON SQUARE release request_id=s3-1790308558882645557-2060066-3151
09-25 09:26:02.733 13504 13538 D S3PERF  : GPU load [/sys/class/kgsl/kgsl-3d0/gpubusy]: raw='0       0' -> load=null%
09-25 09:26:03.710 13504 13504 W Bundle  : Key battery_low expected Integer but value was a java.lang.Boolean.  The default value 0 was returned.
09-25 09:26:03.711 13504 13504 W Bundle  : Attempt to cast generated internal exception:
09-25 09:26:03.711 13504 13504 W Bundle  : java.lang.ClassCastException: java.lang.Boolean cannot be cast to java.lang.Integer
09-25 09:26:03.711 13504 13504 W Bundle  : 	at android.os.BaseBundle.getInt(BaseBundle.java:1348)
09-25 09:26:03.711 13504 13504 W Bundle  : 	at android.content.Intent.getIntExtra(Intent.java:9617)
09-25 09:26:03.711 13504 13504 W Bundle  : 	at oy0.b0(r8-map-id-17f7c70882317d4204493123240a7bf10e0c883fb95f59a42ca18332ce6a96ad:47)
09-25 09:26:03.711 13504 13504 W Bundle  : 	at qa.onReceive(r8-map-id-17f7c70882317d4204493123240a7bf10e0c883fb95f59a42ca18332ce6a96ad:16)
09-25 09:26:03.711 13504 13504 W Bundle  : 	at android.app.LoadedApk$ReceiverDispatcher$Args.lambda$getRunnable$0(LoadedApk.java:1931)
09-25 09:26:03.711 13504 13504 W Bundle  : 	at android.app.LoadedApk$ReceiverDispatcher$Args.$r8$lambda$mcNAAl1SQ4MyJPyDg8TJ2x2h0Rk(Unknown Source:0)
09-25 09:26:03.711 13504 13504 W Bundle  : 	at android.app.LoadedApk$ReceiverDispatcher$Args$$ExternalSyntheticLambda0.run(D8$$SyntheticClass:0)
09-25 09:26:03.711 13504 13504 W Bundle  : 	at android.os.Handler.handleCallback(Handler.java:1070)
09-25 09:26:03.711 13504 13504 W Bundle  : 	at android.os.Handler.dispatchMessage(Handler.java:125)
09-25 09:26:03.711 13504 13504 W Bundle  : 	at android.os.Looper.dispatchMessage(Looper.java:333)
09-25 09:26:03.711 13504 13504 W Bundle  : 	at android.os.Looper.loopOnce(Looper.java:263)
09-25 09:26:03.711 13504 13504 W Bundle  : 	at android.os.Looper.loop(Looper.java:367)
09-25 09:26:03.711 13504 13504 W Bundle  : 	at android.app.ActivityThread.main(ActivityThread.java:9328)
09-25 09:26:03.711 13504 13504 W Bundle  : 	at java.lang.reflect.Method.invoke(Native Method)
09-25 09:26:03.711 13504 13504 W Bundle  : 	at com.android.internal.os.RuntimeInit$MethodAndArgsCaller.run(RuntimeInit.java:569)
09-25 09:26:03.711 13504 13504 W Bundle  : 	at com.android.internal.os.ZygoteInit.main(ZygoteInit.java:929)
09-25 09:26:03.740 13504 13585 D RPCS3   : CPU Usage: Total: 25.5%, Cores: 0.0%, 0.0%, 0.0%, 0.0%, 0.0%, 0.0%, 0.0%, 0.0%
09-25 09:26:03.805 13504 13609 D RPCS3   : PPU Syscall Usage Stats:
09-25 09:26:03.805 13504 13609 D RPCS3   : 	⁂ sys_timer_usleep [640459]
09-25 09:26:03.805 13504 13609 D RPCS3   : 	⁂ sys_event_queue_receive [27679]
09-25 09:26:03.805 13504 13609 D RPCS3   : 	⁂ _sys_lwcond_queue_wait [16369]
09-25 09:26:03.805 13504 13609 D RPCS3   : 	⁂ _sys_lwmutex_lock [15507]
09-25 09:26:03.805 13504 13609 D RPCS3   : 	⁂ sys_event_port_send [11309]
09-25 09:26:03.805 13504 13609 D RPCS3   : 	⁂ _sys_lwmutex_unlock [11248]
09-25 09:26:03.805 13504 13609 D RPCS3   : 	⁂ _sys_lwcond_signal [6292]
09-25 09:26:03.805 13504 13609 D RPCS3   : 	⁂ _sys_lwcond_signal_all [4410]
09-25 09:26:03.805 13504 13609 D RPCS3   : 	⁂ sys_time_get_current_time [3469]
09-25 09:26:03.805 13504 13609 D RPCS3   : 	⁂ sys_fs_read [2187]
09-25 09:26:06.715 13504 13504 W DefaultDispatch: type=1400 audit(0.0:6969828): avc:  denied  { search } for  name="zram0" dev="sysfs" ino=107524 scontext=u:r:untrusted_app:s0:c207,c257,c512,c768 tcontext=u:object_r:sysfs_zram:s0 tclass=dir permissive=0 app=com.zenithblue.sambas3
09-25 09:26:06.715 13504 13504 W DefaultDispatch: type=1400 audit(0.0:6969829): avc:  denied  { search } for  name="zram0" dev="sysfs" ino=107524 scontext=u:r:untrusted_app:s0:c207,c257,c512,c768 tcontext=u:object_r:sysfs_zram:s0 tclass=dir permissive=0 app=com.zenithblue.sambas3
09-25 09:26:08.225 13504 13504 W DebugPad: BUTTON SQUARE d1=0 d2=128 press 120ms request_id=s3-1790308568165634348-2060501-6203
09-25 09:26:08.345 13504 13504 W DebugPad: BUTTON SQUARE release request_id=s3-1790308568165634348-2060501-6203
09-25 09:26:13.740 13504 13585 D RPCS3   : CPU Usage: Total: 25.9%, Cores: 0.0%, 0.0%, 0.0%, 0.0%, 0.0%, 0.0%, 0.0%, 0.0%
09-25 09:26:13.777 13504 13538 D S3PERF  : GPU load [/sys/class/kgsl/kgsl-3d0/gpubusy]: raw='0       0' -> load=null%
09-25 09:26:13.806 13504 13609 D RPCS3   : PPU Syscall Usage Stats:
09-25 09:26:13.806 13504 13609 D RPCS3   : 	⁂ sys_timer_usleep [746361]
09-25 09:26:13.806 13504 13609 D RPCS3   : 	⁂ sys_event_queue_receive [32043]
09-25 09:26:13.806 13504 13609 D RPCS3   : 	⁂ _sys_lwcond_queue_wait [17279]
09-25 09:26:13.806 13504 13609 D RPCS3   : 	⁂ _sys_lwmutex_lock [16346]
09-25 09:26:13.806 13504 13609 D RPCS3   : 	⁂ sys_event_port_send [13156]
09-25 09:26:13.806 13504 13609 D RPCS3   : 	⁂ _sys_lwmutex_unlock [11407]
09-25 09:26:13.806 13504 13609 D RPCS3   : 	⁂ _sys_lwcond_signal [6375]
09-25 09:26:13.806 13504 13609 D RPCS3   : 	⁂ _sys_lwcond_signal_all [4543]
09-25 09:26:13.806 13504 13609 D RPCS3   : 	⁂ sys_time_get_current_time [3510]
09-25 09:26:13.806 13504 13609 D RPCS3   : 	⁂ sys_fs_read [2199]
09-25 09:26:15.307 13504 13504 W DefaultDispatch: type=1400 audit(0.0:6969830): avc:  denied  { search } for  name="zram0" dev="sysfs" ino=107524 scontext=u:r:untrusted_app:s0:c207,c257,c512,c768 tcontext=u:object_r:sysfs_zram:s0 tclass=dir permissive=0 app=com.zenithblue.sambas3
09-25 09:26:15.307 13504 13504 W DefaultDispatch: type=1400 audit(0.0:6969831): avc:  denied  { search } for  name="zram0" dev="sysfs" ino=107524 scontext=u:r:untrusted_app:s0:c207,c257,c512,c768 tcontext=u:object_r:sysfs_zram:s0 tclass=dir permissive=0 app=com.zenithblue.sambas3
09-25 09:26:17.480 13504 13504 W DebugPad: BUTTON SQUARE d1=0 d2=128 press 120ms request_id=s3-1790308577414377904-2060993-20172
09-25 09:26:17.600 13504 13504 W DebugPad: BUTTON SQUARE release request_id=s3-1790308577414377904-2060993-20172
09-25 09:26:23.740 13504 13585 D RPCS3   : CPU Usage: Total: 25.5%, Cores: 0.0%, 0.0%, 0.0%, 0.0%, 0.0%, 0.0%, 0.0%, 0.0%
09-25 09:26:23.805 13504 13609 D RPCS3   : PPU Syscall Usage Stats:
09-25 09:26:23.805 13504 13609 D RPCS3   : 	⁂ sys_timer_usleep [852470]
09-25 09:26:23.805 13504 13609 D RPCS3   : 	⁂ sys_event_queue_receive [36411]
09-25 09:26:23.805 13504 13609 D RPCS3   : 	⁂ _sys_lwcond_queue_wait [18180]
09-25 09:26:23.805 13504 13609 D RPCS3   : 	⁂ _sys_lwmutex_lock [17181]
09-25 09:26:23.805 13504 13609 D RPCS3   : 	⁂ sys_event_port_send [15008]
09-25 09:26:23.805 13504 13609 D RPCS3   : 	⁂ _sys_lwmutex_unlock [11562]
09-25 09:26:23.805 13504 13609 D RPCS3   : 	⁂ _sys_lwcond_signal [6457]
09-25 09:26:23.805 13504 13609 D RPCS3   : 	⁂ _sys_lwcond_signal_all [4671]
09-25 09:26:23.805 13504 13609 D RPCS3   : 	⁂ sys_time_get_current_time [3549]
09-25 09:26:23.805 13504 13609 D RPCS3   : 	⁂ sys_fs_read [2210]
09-25 09:26:23.903 13504 13504 W DefaultDispatch: type=1400 audit(0.0:6969832): avc:  denied  { search } for  name="zram0" dev="sysfs" ino=107524 scontext=u:r:untrusted_app:s0:c207,c257,c512,c768 tcontext=u:object_r:sysfs_zram:s0 tclass=dir permissive=0 app=com.zenithblue.sambas3
09-25 09:26:23.903 13504 13504 W DefaultDispatch: type=1400 audit(0.0:6969833): avc:  denied  { search } for  name="zram0" dev="sysfs" ino=107524 scontext=u:r:untrusted_app:s0:c207,c257,c512,c768 tcontext=u:object_r:sysfs_zram:s0 tclass=dir permissive=0 app=com.zenithblue.sambas3
09-25 09:26:25.165 13504 13538 D S3PERF  : GPU load [/sys/class/kgsl/kgsl-3d0/gpubusy]: raw='0       0' -> load=null%
09-25 09:26:26.659 13504 13504 W DebugPad: BUTTON SQUARE d1=0 d2=128 press 120ms request_id=s3-1790308586594099120-2061627-14552
09-25 09:26:26.779 13504 13504 W DebugPad: BUTTON SQUARE release request_id=s3-1790308586594099120-2061627-14552
09-25 09:26:32.531 13504 13504 W DefaultDispatch: type=1400 audit(0.0:6969834): avc:  denied  { search } for  name="zram0" dev="sysfs" ino=107524 scontext=u:r:untrusted_app:s0:c207,c257,c512,c768 tcontext=u:object_r:sysfs_zram:s0 tclass=dir permissive=0 app=com.zenithblue.sambas3
09-25 09:26:32.531 13504 13504 W DefaultDispatch: type=1400 audit(0.0:6969835): avc:  denied  { search } for  name="zram0" dev="sysfs" ino=107524 scontext=u:r:untrusted_app:s0:c207,c257,c512,c768 tcontext=u:object_r:sysfs_zram:s0 tclass=dir permissive=0 app=com.zenithblue.sambas3
09-25 09:26:33.740 13504 13585 D RPCS3   : CPU Usage: Total: 25.8%, Cores: 0.0%, 0.0%, 0.0%, 0.0%, 0.0%, 0.0%, 0.0%, 0.0%
09-25 09:26:33.810 13504 13609 D RPCS3   : PPU Syscall Usage Stats:
09-25 09:26:33.810 13504 13609 D RPCS3   : 	⁂ sys_timer_usleep [958662]
09-25 09:26:33.810 13504 13609 D RPCS3   : 	⁂ sys_event_queue_receive [40765]
09-25 09:26:33.810 13504 13609 D RPCS3   : 	⁂ _sys_lwcond_queue_wait [19093]
09-25 09:26:33.810 13504 13609 D RPCS3   : 	⁂ _sys_lwmutex_lock [18024]
09-25 09:26:33.810 13504 13609 D RPCS3   : 	⁂ sys_event_port_send [16844]
09-25 09:26:33.810 13504 13609 D RPCS3   : 	⁂ _sys_lwmutex_unlock [11725]
09-25 09:26:33.810 13504 13609 D RPCS3   : 	⁂ _sys_lwcond_signal [6542]
09-25 09:26:33.810 13504 13609 D RPCS3   : 	⁂ _sys_lwcond_signal_all [4804]
09-25 09:26:33.810 13504 13609 D RPCS3   : 	⁂ sys_time_get_current_time [3590]
09-25 09:26:33.810 13504 13609 D RPCS3   : 	⁂ sys_fs_read [2222]
09-25 09:26:35.810 13504 13504 W DebugPad: BUTTON SQUARE d1=0 d2=128 press 120ms request_id=s3-1790308595763531638-2062691-72
09-25 09:26:35.910 13504 13538 D S3PERF  : GPU load [/sys/class/kgsl/kgsl-3d0/gpubusy]: raw='0       0' -> load=null%
09-25 09:26:35.930 13504 13504 W DebugPad: BUTTON SQUARE release request_id=s3-1790308595763531638-2062691-72
09-25 09:26:36.087 13504 13504 W Bundle  : Key battery_low expected Integer but value was a java.lang.Boolean.  The default value 0 was returned.
09-25 09:26:36.087 13504 13504 W Bundle  : Attempt to cast generated internal exception:
09-25 09:26:36.087 13504 13504 W Bundle  : java.lang.ClassCastException: java.lang.Boolean cannot be cast to java.lang.Integer
09-25 09:26:36.087 13504 13504 W Bundle  : 	at android.os.BaseBundle.getInt(BaseBundle.java:1348)
09-25 09:26:36.087 13504 13504 W Bundle  : 	at android.content.Intent.getIntExtra(Intent.java:9617)
09-25 09:26:36.087 13504 13504 W Bundle  : 	at oy0.b0(r8-map-id-17f7c70882317d4204493123240a7bf10e0c883fb95f59a42ca18332ce6a96ad:47)
09-25 09:26:36.087 13504 13504 W Bundle  : 	at qa.onReceive(r8-map-id-17f7c70882317d4204493123240a7bf10e0c883fb95f59a42ca18332ce6a96ad:16)
09-25 09:26:36.087 13504 13504 W Bundle  : 	at android.app.LoadedApk$ReceiverDispatcher$Args.lambda$getRunnable$0(LoadedApk.java:1931)
09-25 09:26:36.087 13504 13504 W Bundle  : 	at android.app.LoadedApk$ReceiverDispatcher$Args.$r8$lambda$mcNAAl1SQ4MyJPyDg8TJ2x2h0Rk(Unknown Source:0)
09-25 09:26:36.087 13504 13504 W Bundle  : 	at android.app.LoadedApk$ReceiverDispatcher$Args$$ExternalSyntheticLambda0.run(D8$$SyntheticClass:0)
09-25 09:26:36.087 13504 13504 W Bundle  : 	at android.os.Handler.handleCallback(Handler.java:1070)
09-25 09:26:36.087 13504 13504 W Bundle  : 	at android.os.Handler.dispatchMessage(Handler.java:125)
09-25 09:26:36.087 13504 13504 W Bundle  : 	at android.os.Looper.dispatchMessage(Looper.java:333)
09-25 09:26:36.087 13504 13504 W Bundle  : 	at android.os.Looper.loopOnce(Looper.java:263)
09-25 09:26:36.087 13504 13504 W Bundle  : 	at android.os.Looper.loop(Looper.java:367)
09-25 09:26:36.087 13504 13504 W Bundle  : 	at android.app.ActivityThread.main(ActivityThread.java:9328)
09-25 09:26:36.087 13504 13504 W Bundle  : 	at java.lang.reflect.Method.invoke(Native Method)
09-25 09:26:36.087 13504 13504 W Bundle  : 	at com.android.internal.os.RuntimeInit$MethodAndArgsCaller.run(RuntimeInit.java:569)
09-25 09:26:36.087 13504 13504 W Bundle  : 	at com.android.internal.os.ZygoteInit.main(ZygoteInit.java:929)
09-25 09:26:41.111 13504 13504 W DefaultDispatch: type=1400 audit(0.0:6969836): avc:  denied  { search } for  name="zram0" dev="sysfs" ino=107524 scontext=u:r:untrusted_app:s0:c207,c257,c512,c768 tcontext=u:object_r:sysfs_zram:s0 tclass=dir permissive=0 app=com.zenithblue.sambas3
09-25 09:26:41.111 13504 13504 W DefaultDispatch: type=1400 audit(0.0:6969837): avc:  denied  { search } for  name="zram0" dev="sysfs" ino=107524 scontext=u:r:untrusted_app:s0:c207,c257,c512,c768 tcontext=u:object_r:sysfs_zram:s0 tclass=dir permissive=0 app=com.zenithblue.sambas3
09-25 09:26:42.810 13504 13552 I ithblue.sambas3: Explicit concurrent mark compact GC freed 5896KB AllocSpace bytes, 178(3560KB) LOS objects, 81% free, 5643KB/29MB, paused 94us,771us total 19.017ms
09-25 09:26:43.740 13504 13585 D RPCS3   : CPU Usage: Total: 22.1%, Cores: 0.0%, 0.0%, 0.0%, 0.0%, 0.0%, 0.0%, 0.0%, 0.0%
09-25 09:26:43.805 13504 13609 D RPCS3   : PPU Syscall Usage Stats:
09-25 09:26:43.805 13504 13609 D RPCS3   : 	⁂ sys_timer_usleep [1066724]
09-25 09:26:43.805 13504 13609 D RPCS3   : 	⁂ sys_event_queue_receive [45106]
09-25 09:26:43.805 13504 13609 D RPCS3   : 	⁂ _sys_lwcond_queue_wait [20004]
09-25 09:26:43.805 13504 13609 D RPCS3   : 	⁂ _sys_lwmutex_lock [18868]
09-25 09:26:43.805 13504 13609 D RPCS3   : 	⁂ sys_event_port_send [18669]
09-25 09:26:43.805 13504 13609 D RPCS3   : 	⁂ _sys_lwmutex_unlock [11888]
09-25 09:26:43.805 13504 13609 D RPCS3   : 	⁂ _sys_lwcond_signal [6629]
09-25 09:26:43.805 13504 13609 D RPCS3   : 	⁂ _sys_lwcond_signal_all [4934]
09-25 09:26:43.805 13504 13609 D RPCS3   : 	⁂ sys_time_get_current_time [3631]
09-25 09:26:43.805 13504 13609 D RPCS3   : 	⁂ sys_fs_read [2234]
