--------- beginning of events
09-25 09:00:24.375  1621  1621 I auditd  : type=1400 audit(0.0:6968788): avc:  denied  { search } for  comm="LightningLaunc" name="2458" dev="proc" ino=252926767 scontext=u:r:vendor_hal_perf_default:s0 tcontext=u:r:update_engine:s0 tclass=dir permissive=0
09-25 09:00:24.575  2866  2866 I notification_enqueue: [10463,11165,com.zenithblue.sambas3,2000,NULL,0,Notification(channel=rpcsx-progress shortcut=null contentView=null vibrate=null sound=null defaults=0 flags=ONGOING_EVENT|FOREGROUND_SERVICE|SILENT color=0x00000000 category=progress vis=PRIVATE),1,1]
09-25 09:00:24.575  1621  1621 I auditd  : type=1400 audit(0.0:6968789): avc:  denied  { search } for  comm="LightningLaunc" name="2458" dev="proc" ino=252926767 scontext=u:r:vendor_hal_perf_default:s0 tcontext=u:r:update_engine:s0 tclass=dir permissive=0
09-25 09:00:24.779  1621  1621 I auditd  : type=1400 audit(0.0:6968790): avc:  denied  { search } for  comm="LightningLaunc" name="2458" dev="proc" ino=252926767 scontext=u:r:vendor_hal_perf_default:s0 tcontext=u:r:update_engine:s0 tclass=dir permissive=0
09-25 09:00:24.786  2866  2866 I notification_enqueue: [10463,11165,com.zenithblue.sambas3,2000,NULL,0,Notification(channel=rpcsx-progress shortcut=null contentView=null vibrate=null sound=null defaults=0 flags=ONGOING_EVENT|FOREGROUND_SERVICE|SILENT color=0x00000000 category=progress vis=PRIVATE),1,1]
09-25 09:00:24.977  2866  2866 I notification_enqueue: [10463,11165,com.zenithblue.sambas3,2000,NULL,0,Notification(channel=rpcsx-progress shortcut=null contentView=null vibrate=null sound=null defaults=0 flags=ONGOING_EVENT|FOREGROUND_SERVICE|SILENT color=0x00000000 category=progress vis=PRIVATE),1,1]
09-25 09:00:24.983  1621  1621 I auditd  : type=1400 audit(0.0:6968791): avc:  denied  { search } for  comm="LightningLaunc" name="2458" dev="proc" ino=252926767 scontext=u:r:vendor_hal_perf_default:s0 tcontext=u:r:update_engine:s0 tclass=dir permissive=0
09-25 09:00:25.178  2866  2866 I notification_enqueue: [10463,11165,com.zenithblue.sambas3,2000,NULL,0,Notification(channel=rpcsx-progress shortcut=null contentView=null vibrate=null sound=null defaults=0 flags=ONGOING_EVENT|FOREGROUND_SERVICE|SILENT color=0x00000000 category=progress vis=PRIVATE),1,1]
09-25 09:00:25.187  1621  1621 I auditd  : type=1400 audit(0.0:6968792): avc:  denied  { search } for  comm="LightningLaunc" name="2458" dev="proc" ino=252926767 scontext=u:r:vendor_hal_perf_default:s0 tcontext=u:r:update_engine:s0 tclass=dir permissive=0
09-25 09:00:25.370  2866  3614 I am_freeze: [11890,com.android.settings]
09-25 09:00:25.376  2866  2866 I notification_enqueue: [10463,11165,com.zenithblue.sambas3,2000,NULL,0,Notification(channel=rpcsx-progress shortcut=null contentView=null vibrate=null sound=null defaults=0 flags=ONGOING_EVENT|FOREGROUND_SERVICE|SILENT color=0x00000000 category=progress vis=PRIVATE),1,1]
09-25 09:00:25.391  1621  1621 I auditd  : type=1400 audit(0.0:6968793): avc:  denied  { search } for  comm="LightningLaunc" name="2458" dev="proc" ino=252926767 scontext=u:r:vendor_hal_perf_default:s0 tcontext=u:r:update_engine:s0 tclass=dir permissive=0
09-25 09:00:25.442  2866  3614 I am_compact: [11890,com.android.settings,ANON,117148,99268,16256,87608,-12768,-32,-12736,12624,72,FULL,687883248,905,10,634180,-92]
09-25 09:00:25.586  2866  2866 I notification_enqueue: [10463,11165,com.zenithblue.sambas3,2000,NULL,0,Notification(channel=rpcsx-progress shortcut=null contentView=null vibrate=null sound=null defaults=0 flags=ONGOING_EVENT|FOREGROUND_SERVICE|SILENT color=0x00000000 category=progress vis=PRIVATE),1,1]
09-25 09:00:25.591  1621  1621 I auditd  : type=1400 audit(0.0:6968794): avc:  denied  { search } for  comm="LightningLaunc" name="2458" dev="proc" ino=252926767 scontext=u:r:vendor_hal_perf_default:s0 tcontext=u:r:update_engine:s0 tclass=dir permissive=0
09-25 09:00:25.790  2866  2866 I notification_enqueue: [10463,11165,com.zenithblue.sambas3,2000,NULL,0,Notification(channel=rpcsx-progress shortcut=null contentView=null vibrate=null sound=null defaults=0 flags=ONGOING_EVENT|FOREGROUND_SERVICE|SILENT color=0x00000000 category=progress vis=PRIVATE),1,1]
09-25 09:00:25.795  1621  1621 I auditd  : type=1400 audit(0.0:6968795): avc:  denied  { search } for  comm="LightningLaunc" name="2458" dev="proc" ino=252926767 scontext=u:r:vendor_hal_perf_default:s0 tcontext=u:r:update_engine:s0 tclass=dir permissive=0
09-25 09:00:25.997  2866  2866 I notification_enqueue: [10463,11165,com.zenithblue.sambas3,2000,NULL,0,Notification(channel=rpcsx-progress shortcut=null contentView=null vibrate=null sound=null defaults=0 flags=ONGOING_EVENT|FOREGROUND_SERVICE|SILENT color=0x00000000 category=progress vis=PRIVATE),1,1]
09-25 09:00:26.003  1621  1621 I auditd  : type=1400 audit(0.0:6968796): avc:  denied  { search } for  comm="LightningLaunc" name="2458" dev="proc" ino=252926767 scontext=u:r:vendor_hal_perf_default:s0 tcontext=u:r:update_engine:s0 tclass=dir permissive=0
09-25 09:00:26.189  2866  2866 I notification_enqueue: [10463,11165,com.zenithblue.sambas3,2000,NULL,0,Notification(channel=rpcsx-progress shortcut=null contentView=null vibrate=null sound=null defaults=0 flags=ONGOING_EVENT|FOREGROUND_SERVICE|SILENT color=0x00000000 category=progress vis=PRIVATE),1,1]
09-25 09:00:26.207  1621  1621 I auditd  : type=1400 audit(0.0:6968797): avc:  denied  { search } for  comm="LightningLaunc" name="2458" dev="proc" ino=252926767 scontext=u:r:vendor_hal_perf_default:s0 tcontext=u:r:update_engine:s0 tclass=dir permissive=0
09-25 09:00:26.389  2866  2866 I notification_enqueue: [10463,11165,com.zenithblue.sambas3,2000,NULL,0,Notification(channel=rpcsx-progress shortcut=null contentView=null vibrate=null sound=null defaults=0 flags=ONGOING_EVENT|FOREGROUND_SERVICE|SILENT color=0x00000000 category=progress vis=PRIVATE),1,1]
09-25 09:00:26.411  1621  1621 I auditd  : type=1400 audit(0.0:6968798): avc:  denied  { search } for  comm="LightningLaunc" name="2458" dev="proc" ino=252926767 scontext=u:r:vendor_hal_perf_default:s0 tcontext=u:r:update_engine:s0 tclass=dir permissive=0
09-25 09:00:26.605  2866  2866 I notification_enqueue: [10463,11165,com.zenithblue.sambas3,2000,NULL,0,Notification(channel=rpcsx-progress shortcut=null contentView=null vibrate=null sound=null defaults=0 flags=ONGOING_EVENT|FOREGROUND_SERVICE|SILENT color=0x00000000 category=progress vis=PRIVATE),1,1]
09-25 09:00:26.627  1621  1621 I auditd  : type=1400 audit(0.0:6968799): avc:  denied  { search } for  comm="LightningLaunc" name="2458" dev="proc" ino=252926767 scontext=u:r:vendor_hal_perf_default:s0 tcontext=u:r:update_engine:s0 tclass=dir permissive=0
09-25 09:00:26.816  2866  2866 I notification_enqueue: [10463,11165,com.zenithblue.sambas3,2000,NULL,0,Notification(channel=rpcsx-progress shortcut=null contentView=null vibrate=null sound=null defaults=0 flags=ONGOING_EVENT|FOREGROUND_SERVICE|SILENT color=0x00000000 category=progress vis=PRIVATE),1,1]
09-25 09:00:26.831  1621  1621 I auditd  : type=1400 audit(0.0:6968800): avc:  denied  { search } for  comm="LightningLaunc" name="2458" dev="proc" ino=252926767 scontext=u:r:vendor_hal_perf_default:s0 tcontext=u:r:update_engine:s0 tclass=dir permissive=0
09-25 09:00:27.035  1621  1621 I auditd  : type=1400 audit(0.0:6968801): avc:  denied  { search } for  comm="LightningLaunc" name="2458" dev="proc" ino=252926767 scontext=u:r:vendor_hal_perf_default:s0 tcontext=u:r:update_engine:s0 tclass=dir permissive=0
09-25 09:00:27.203  2866  2866 I notification_enqueue: [10463,11165,com.zenithblue.sambas3,2000,NULL,0,Notification(channel=rpcsx-progress shortcut=null contentView=null vibrate=null sound=null defaults=0 flags=ONGOING_EVENT|FOREGROUND_SERVICE|SILENT color=0x00000000 category=progress vis=PRIVATE),1,1]
09-25 09:00:27.235  1621  1621 I auditd  : type=1400 audit(0.0:6968802): avc:  denied  { search } for  comm="LightningLaunc" name="2458" dev="proc" ino=252926767 scontext=u:r:vendor_hal_perf_default:s0 tcontext=u:r:update_engine:s0 tclass=dir permissive=0
09-25 09:00:27.404  2866  2866 I notification_enqueue: [10463,11165,com.zenithblue.sambas3,2000,NULL,0,Notification(channel=rpcsx-progress shortcut=null contentView=null vibrate=null sound=null defaults=0 flags=ONGOING_EVENT|FOREGROUND_SERVICE|SILENT color=0x00000000 category=progress vis=PRIVATE),1,1]
09-25 09:00:27.443  1621  1621 I auditd  : type=1400 audit(0.0:6968803): avc:  denied  { search } for  comm="LightningLaunc" name="2458" dev="proc" ino=252926767 scontext=u:r:vendor_hal_perf_default:s0 tcontext=u:r:update_engine:s0 tclass=dir permissive=0
09-25 09:00:27.620  2866  2866 I notification_enqueue: [10463,11165,com.zenithblue.sambas3,2000,NULL,0,Notification(channel=rpcsx-progress shortcut=null contentView=null vibrate=null sound=null defaults=0 flags=ONGOING_EVENT|FOREGROUND_SERVICE|SILENT color=0x00000000 category=progress vis=PRIVATE),1,1]
09-25 09:00:27.628  2866  4564 I thermal_changed: [skin,3,50.034000,3,2]
09-25 09:00:27.647  1621  1621 I auditd  : type=1400 audit(0.0:6968804): avc:  denied  { search } for  comm="LightningLaunc" name="2458" dev="proc" ino=252926767 scontext=u:r:vendor_hal_perf_default:s0 tcontext=u:r:update_engine:s0 tclass=dir permissive=0
09-25 09:00:27.807  2866  2866 I notification_enqueue: [10463,11165,com.zenithblue.sambas3,2000,NULL,0,Notification(channel=rpcsx-progress shortcut=null contentView=null vibrate=null sound=null defaults=0 flags=ONGOING_EVENT|FOREGROUND_SERVICE|SILENT color=0x00000000 category=progress vis=PRIVATE),1,1]
09-25 09:00:27.851  1621  1621 I auditd  : type=1400 audit(0.0:6968805): avc:  denied  { search } for  comm="LightningLaunc" name="2458" dev="proc" ino=252926767 scontext=u:r:vendor_hal_perf_default:s0 tcontext=u:r:update_engine:s0 tclass=dir permissive=0
09-25 09:00:28.021  2866  2866 I notification_enqueue: [10463,11165,com.zenithblue.sambas3,2000,NULL,0,Notification(channel=rpcsx-progress shortcut=null contentView=null vibrate=null sound=null defaults=0 flags=ONGOING_EVENT|FOREGROUND_SERVICE|SILENT color=0x00000000 category=progress vis=PRIVATE),1,1]
09-25 09:00:28.051  1621  1621 I auditd  : type=1400 audit(0.0:6968806): avc:  denied  { search } for  comm="LightningLaunc" name="2458" dev="proc" ino=252926767 scontext=u:r:vendor_hal_perf_default:s0 tcontext=u:r:update_engine:s0 tclass=dir permissive=0
09-25 09:00:28.220  2866  2866 I notification_enqueue: [10463,11165,com.zenithblue.sambas3,2000,NULL,0,Notification(channel=rpcsx-progress shortcut=null contentView=null vibrate=null sound=null defaults=0 flags=ONGOING_EVENT|FOREGROUND_SERVICE|SILENT color=0x00000000 category=progress vis=PRIVATE),1,1]
09-25 09:00:28.259  1621  1621 I auditd  : type=1400 audit(0.0:6968807): avc:  denied  { search } for  comm="LightningLaunc" name="2458" dev="proc" ino=252926767 scontext=u:r:vendor_hal_perf_default:s0 tcontext=u:r:update_engine:s0 tclass=dir permissive=0
09-25 09:00:28.319 11165 11165 I auditd  : type=1400 audit(0.0:6968808): avc:  denied  { search } for  comm="DefaultDispatch" name="zram0" dev="sysfs" ino=107524 scontext=u:r:untrusted_app:s0:c207,c257,c512,c768 tcontext=u:object_r:sysfs_zram:s0 tclass=dir permissive=0 app=com.zenithblue.sambas3
09-25 09:00:28.319 11165 11165 I auditd  : type=1400 audit(0.0:6968809): avc:  denied  { search } for  comm="DefaultDispatch" name="zram0" dev="sysfs" ino=107524 scontext=u:r:untrusted_app:s0:c207,c257,c512,c768 tcontext=u:object_r:sysfs_zram:s0 tclass=dir permissive=0 app=com.zenithblue.sambas3
09-25 09:00:28.438  2866  2866 I notification_enqueue: [10463,11165,com.zenithblue.sambas3,2000,NULL,0,Notification(channel=rpcsx-progress shortcut=null contentView=null vibrate=null sound=null defaults=0 flags=ONGOING_EVENT|FOREGROUND_SERVICE|SILENT color=0x00000000 category=progress vis=PRIVATE),1,1]
09-25 09:00:28.467  1621  1621 I auditd  : type=1400 audit(0.0:6968810): avc:  denied  { search } for  comm="LightningLaunc" name="2458" dev="proc" ino=252926767 scontext=u:r:vendor_hal_perf_default:s0 tcontext=u:r:update_engine:s0 tclass=dir permissive=0
09-25 09:00:28.622  2866  2866 I notification_enqueue: [10463,11165,com.zenithblue.sambas3,2000,NULL,0,Notification(channel=rpcsx-progress shortcut=null contentView=null vibrate=null sound=null defaults=0 flags=ONGOING_EVENT|FOREGROUND_SERVICE|SILENT color=0x00000000 category=progress vis=PRIVATE),1,1]
09-25 09:00:28.837  2866  2866 I notification_enqueue: [10463,11165,com.zenithblue.sambas3,2000,NULL,0,Notification(channel=rpcsx-progress shortcut=null contentView=null vibrate=null sound=null defaults=0 flags=ONGOING_EVENT|FOREGROUND_SERVICE|SILENT color=0x00000000 category=progress vis=PRIVATE),1,1]
09-25 09:00:29.029  2866  2866 I notification_enqueue: [10463,11165,com.zenithblue.sambas3,2000,NULL,0,Notification(channel=rpcsx-progress shortcut=null contentView=null vibrate=null sound=null defaults=0 flags=ONGOING_EVENT|FOREGROUND_SERVICE|SILENT color=0x00000000 category=progress vis=PRIVATE),1,1]
09-25 09:00:29.075  1621  1621 I auditd  : type=1400 audit(0.0:6968813): avc:  denied  { search } for  comm="LightningLaunc" name="2458" dev="proc" ino=252926767 scontext=u:r:vendor_hal_perf_default:s0 tcontext=u:r:update_engine:s0 tclass=dir permissive=0
09-25 09:00:29.240  2866  2866 I notification_enqueue: [10463,11165,com.zenithblue.sambas3,2000,NULL,0,Notification(channel=rpcsx-progress shortcut=null contentView=null vibrate=null sound=null defaults=0 flags=ONGOING_EVENT|FOREGROUND_SERVICE|SILENT color=0x00000000 category=progress vis=PRIVATE),1,1]
09-25 09:00:29.287  1621  1621 I auditd  : type=1400 audit(0.0:6968814): avc:  denied  { search } for  comm="LightningLaunc" name="2458" dev="proc" ino=252926767 scontext=u:r:vendor_hal_perf_default:s0 tcontext=u:r:update_engine:s0 tclass=dir permissive=0
09-25 09:00:29.438  2866  2866 I notification_enqueue: [10463,11165,com.zenithblue.sambas3,2000,NULL,0,Notification(channel=rpcsx-progress shortcut=null contentView=null vibrate=null sound=null defaults=0 flags=ONGOING_EVENT|FOREGROUND_SERVICE|SILENT color=0x00000000 category=progress vis=PRIVATE),1,1]
09-25 09:00:29.491  1621  1621 I auditd  : type=1400 audit(0.0:6968815): avc:  denied  { search } for  comm="LightningLaunc" name="2458" dev="proc" ino=252926767 scontext=u:r:vendor_hal_perf_default:s0 tcontext=u:r:update_engine:s0 tclass=dir permissive=0
09-25 09:00:29.654  2866  2866 I notification_enqueue: [10463,11165,com.zenithblue.sambas3,2000,NULL,0,Notification(channel=rpcsx-progress shortcut=null contentView=null vibrate=null sound=null defaults=0 flags=ONGOING_EVENT|FOREGROUND_SERVICE|SILENT color=0x00000000 category=progress vis=PRIVATE),1,1]
09-25 09:00:29.695  1621  1621 I auditd  : type=1400 audit(0.0:6968816): avc:  denied  { search } for  comm="LightningLaunc" name="2458" dev="proc" ino=252926767 scontext=u:r:vendor_hal_perf_default:s0 tcontext=u:r:update_engine:s0 tclass=dir permissive=0
09-25 09:00:29.841  2866  2866 I notification_enqueue: [10463,11165,com.zenithblue.sambas3,2000,NULL,0,Notification(channel=rpcsx-progress shortcut=null contentView=null vibrate=null sound=null defaults=0 flags=ONGOING_EVENT|FOREGROUND_SERVICE|SILENT color=0x00000000 category=progress vis=PRIVATE),1,1]
09-25 09:00:29.899  1621  1621 I auditd  : type=1400 audit(0.0:6968817): avc:  denied  { search } for  comm="LightningLaunc" name="2458" dev="proc" ino=252926767 scontext=u:r:vendor_hal_perf_default:s0 tcontext=u:r:update_engine:s0 tclass=dir permissive=0
09-25 09:00:30.041  2866  2866 I notification_enqueue: [10463,11165,com.zenithblue.sambas3,2000,NULL,0,Notification(channel=rpcsx-progress shortcut=null contentView=null vibrate=null sound=null defaults=0 flags=ONGOING_EVENT|FOREGROUND_SERVICE|SILENT color=0x00000000 category=progress vis=PRIVATE),1,1]
09-25 09:00:30.103  1621  1621 I auditd  : type=1400 audit(0.0:6968818): avc:  denied  { search } for  comm="LightningLaunc" name="2458" dev="proc" ino=252926767 scontext=u:r:vendor_hal_perf_default:s0 tcontext=u:r:update_engine:s0 tclass=dir permissive=0
09-25 09:00:30.250  2866  2866 I notification_enqueue: [10463,11165,com.zenithblue.sambas3,2000,NULL,0,Notification(channel=rpcsx-progress shortcut=null contentView=null vibrate=null sound=null defaults=0 flags=ONGOING_EVENT|FOREGROUND_SERVICE|SILENT color=0x00000000 category=progress vis=PRIVATE),1,1]
09-25 09:00:30.303  1621  1621 I auditd  : type=1400 audit(0.0:6968819): avc:  denied  { search } for  comm="LightningLaunc" name="2458" dev="proc" ino=252926767 scontext=u:r:vendor_hal_perf_default:s0 tcontext=u:r:update_engine:s0 tclass=dir permissive=0
09-25 09:00:30.449  2866  2866 I notification_enqueue: [10463,11165,com.zenithblue.sambas3,2000,NULL,0,Notification(channel=rpcsx-progress shortcut=null contentView=null vibrate=null sound=null defaults=0 flags=ONGOING_EVENT|FOREGROUND_SERVICE|SILENT color=0x00000000 category=progress vis=PRIVATE),1,1]
09-25 09:00:30.507  1621  1621 I auditd  : type=1400 audit(0.0:6968820): avc:  denied  { search } for  comm="LightningLaunc" name="2458" dev="proc" ino=252926767 scontext=u:r:vendor_hal_perf_default:s0 tcontext=u:r:update_engine:s0 tclass=dir permissive=0
09-25 09:00:30.662  2866  2866 I notification_enqueue: [10463,11165,com.zenithblue.sambas3,2000,NULL,0,Notification(channel=rpcsx-progress shortcut=null contentView=null vibrate=null sound=null defaults=0 flags=ONGOING_EVENT|FOREGROUND_SERVICE|SILENT color=0x00000000 category=progress vis=PRIVATE),1,1]
09-25 09:00:30.711  1621  1621 I auditd  : type=1400 audit(0.0:6968821): avc:  denied  { search } for  comm="LightningLaunc" name="2458" dev="proc" ino=252926767 scontext=u:r:vendor_hal_perf_default:s0 tcontext=u:r:update_engine:s0 tclass=dir permissive=0
09-25 09:00:30.850  2866  2866 I notification_enqueue: [10463,11165,com.zenithblue.sambas3,2000,NULL,0,Notification(channel=rpcsx-progress shortcut=null contentView=null vibrate=null sound=null defaults=0 flags=ONGOING_EVENT|FOREGROUND_SERVICE|SILENT color=0x00000000 category=progress vis=PRIVATE),1,1]
09-25 09:00:30.915  1621  1621 I auditd  : type=1400 audit(0.0:6968822): avc:  denied  { search } for  comm="LightningLaunc" name="2458" dev="proc" ino=252926767 scontext=u:r:vendor_hal_perf_default:s0 tcontext=u:r:update_engine:s0 tclass=dir permissive=0
09-25 09:00:31.063  2866  2866 I notification_enqueue: [10463,11165,com.zenithblue.sambas3,2000,NULL,0,Notification(channel=rpcsx-progress shortcut=null contentView=null vibrate=null sound=null defaults=0 flags=ONGOING_EVENT|FOREGROUND_SERVICE|SILENT color=0x00000000 category=progress vis=PRIVATE),1,1]
09-25 09:00:31.119  1621  1621 I auditd  : type=1400 audit(0.0:6968823): avc:  denied  { search } for  comm="LightningLaunc" name="2458" dev="proc" ino=252926767 scontext=u:r:vendor_hal_perf_default:s0 tcontext=u:r:update_engine:s0 tclass=dir permissive=0
09-25 09:00:31.258  2866  2866 I notification_enqueue: [10463,11165,com.zenithblue.sambas3,2000,NULL,0,Notification(channel=rpcsx-progress shortcut=null contentView=null vibrate=null sound=null defaults=0 flags=ONGOING_EVENT|FOREGROUND_SERVICE|SILENT color=0x00000000 category=progress vis=PRIVATE),1,1]
09-25 09:00:31.319  1621  1621 I auditd  : type=1400 audit(0.0:6968824): avc:  denied  { search } for  comm="LightningLaunc" name="2458" dev="proc" ino=252926767 scontext=u:r:vendor_hal_perf_default:s0 tcontext=u:r:update_engine:s0 tclass=dir permissive=0
09-25 09:00:31.467  2866  2866 I notification_enqueue: [10463,11165,com.zenithblue.sambas3,2000,NULL,0,Notification(channel=rpcsx-progress shortcut=null contentView=null vibrate=null sound=null defaults=0 flags=ONGOING_EVENT|FOREGROUND_SERVICE|SILENT color=0x00000000 category=progress vis=PRIVATE),1,1]
09-25 09:00:31.523  1621  1621 I auditd  : type=1400 audit(0.0:6968825): avc:  denied  { search } for  comm="LightningLaunc" name="2458" dev="proc" ino=252926767 scontext=u:r:vendor_hal_perf_default:s0 tcontext=u:r:update_engine:s0 tclass=dir permissive=0
09-25 09:00:31.727  1621  1621 I auditd  : type=1400 audit(0.0:6968826): avc:  denied  { search } for  comm="LightningLaunc" name="2458" dev="proc" ino=252926767 scontext=u:r:vendor_hal_perf_default:s0 tcontext=u:r:update_engine:s0 tclass=dir permissive=0
09-25 09:00:31.857  2866  2866 I notification_enqueue: [10463,11165,com.zenithblue.sambas3,2000,NULL,0,Notification(channel=rpcsx-progress shortcut=null contentView=null vibrate=null sound=null defaults=0 flags=ONGOING_EVENT|FOREGROUND_SERVICE|SILENT color=0x00000000 category=progress vis=PRIVATE),1,1]
09-25 09:00:31.935  1621  1621 I auditd  : type=1400 audit(0.0:6968827): avc:  denied  { search } for  comm="LightningLaunc" name="2458" dev="proc" ino=252926767 scontext=u:r:vendor_hal_perf_default:s0 tcontext=u:r:update_engine:s0 tclass=dir permissive=0
09-25 09:00:32.058  2866  2866 I notification_enqueue: [10463,11165,com.zenithblue.sambas3,2000,NULL,0,Notification(channel=rpcsx-progress shortcut=null contentView=null vibrate=null sound=null defaults=0 flags=ONGOING_EVENT|FOREGROUND_SERVICE|SILENT color=0x00000000 category=progress vis=PRIVATE),1,1]
09-25 09:00:32.143  1621  1621 I auditd  : type=1400 audit(0.0:6968828): avc:  denied  { search } for  comm="LightningLaunc" name="2458" dev="proc" ino=252926767 scontext=u:r:vendor_hal_perf_default:s0 tcontext=u:r:update_engine:s0 tclass=dir permissive=0
09-25 09:00:32.207  2866  4574 I thermal_changed: [CPU7,0,95.000000,3,3]
09-25 09:00:32.249  2866  4574 I thermal_changed: [CPU7,0,89.900002,0,3]
09-25 09:00:32.347  1621  1621 I auditd  : type=1400 audit(0.0:6968829): avc:  denied  { search } for  comm="LightningLaunc" name="2458" dev="proc" ino=252926767 scontext=u:r:vendor_hal_perf_default:s0 tcontext=u:r:update_engine:s0 tclass=dir permissive=0
09-25 09:00:32.551  1621  1621 I auditd  : type=1400 audit(0.0:6968830): avc:  denied  { search } for  comm="LightningLaunc" name="2458" dev="proc" ino=252926767 scontext=u:r:vendor_hal_perf_default:s0 tcontext=u:r:update_engine:s0 tclass=dir permissive=0
09-25 09:00:32.759  1621  1621 I auditd  : type=1400 audit(0.0:6968831): avc:  denied  { search } for  comm="LightningLaunc" name="2458" dev="proc" ino=252926767 scontext=u:r:vendor_hal_perf_default:s0 tcontext=u:r:update_engine:s0 tclass=dir permissive=0
09-25 09:00:32.963  1621  1621 I auditd  : type=1400 audit(0.0:6968832): avc:  denied  { search } for  comm="LightningLaunc" name="2458" dev="proc" ino=252926767 scontext=u:r:vendor_hal_perf_default:s0 tcontext=u:r:update_engine:s0 tclass=dir permissive=0
09-25 09:00:33.171  1621  1621 I auditd  : type=1400 audit(0.0:6968833): avc:  denied  { search } for  comm="LightningLaunc" name="2458" dev="proc" ino=252926767 scontext=u:r:vendor_hal_perf_default:s0 tcontext=u:r:update_engine:s0 tclass=dir permissive=0
09-25 09:00:33.375  1621  1621 I auditd  : type=1400 audit(0.0:6968834): avc:  denied  { search } for  comm="LightningLaunc" name="2458" dev="proc" ino=252926767 scontext=u:r:vendor_hal_perf_default:s0 tcontext=u:r:update_engine:s0 tclass=dir permissive=0
09-25 09:00:33.583  1621  1621 I auditd  : type=1400 audit(0.0:6968835): avc:  denied  { search } for  comm="LightningLaunc" name="2458" dev="proc" ino=252926767 scontext=u:r:vendor_hal_perf_default:s0 tcontext=u:r:update_engine:s0 tclass=dir permissive=0
09-25 09:00:33.787  1621  1621 I auditd  : type=1400 audit(0.0:6968836): avc:  denied  { search } for  comm="LightningLaunc" name="2458" dev="proc" ino=252926767 scontext=u:r:vendor_hal_perf_default:s0 tcontext=u:r:update_engine:s0 tclass=dir permissive=0
09-25 09:00:33.995  1621  1621 I auditd  : type=1400 audit(0.0:6968837): avc:  denied  { search } for  comm="LightningLaunc" name="2458" dev="proc" ino=252926767 scontext=u:r:vendor_hal_perf_default:s0 tcontext=u:r:update_engine:s0 tclass=dir permissive=0
09-25 09:00:34.199  1621  1621 I auditd  : type=1400 audit(0.0:6968838): avc:  denied  { search } for  comm="LightningLaunc" name="2458" dev="proc" ino=252926767 scontext=u:r:vendor_hal_perf_default:s0 tcontext=u:r:update_engine:s0 tclass=dir permissive=0
09-25 09:00:34.403  1621  1621 I auditd  : type=1400 audit(0.0:6968839): avc:  denied  { search } for  comm="LightningLaunc" name="2458" dev="proc" ino=252926767 scontext=u:r:vendor_hal_perf_default:s0 tcontext=u:r:update_engine:s0 tclass=dir permissive=0
09-25 09:00:34.611  1621  1621 I auditd  : type=1400 audit(0.0:6968840): avc:  denied  { search } for  comm="LightningLaunc" name="2458" dev="proc" ino=252926767 scontext=u:r:vendor_hal_perf_default:s0 tcontext=u:r:update_engine:s0 tclass=dir permissive=0
09-25 09:00:34.819  1621  1621 I auditd  : type=1400 audit(0.0:6968841): avc:  denied  { search } for  comm="LightningLaunc" name="2458" dev="proc" ino=252926767 scontext=u:r:vendor_hal_perf_default:s0 tcontext=u:r:update_engine:s0 tclass=dir permissive=0
09-25 09:00:35.023  1621  1621 I auditd  : type=1400 audit(0.0:6968842): avc:  denied  { search } for  comm="LightningLaunc" name="2458" dev="proc" ino=252926767 scontext=u:r:vendor_hal_perf_default:s0 tcontext=u:r:update_engine:s0 tclass=dir permissive=0
09-25 09:00:35.227  1621  1621 I auditd  : type=1400 audit(0.0:6968843): avc:  denied  { search } for  comm="LightningLaunc" name="2458" dev="proc" ino=252926767 scontext=u:r:vendor_hal_perf_default:s0 tcontext=u:r:update_engine:s0 tclass=dir permissive=0
09-25 09:00:35.435  1621  1621 I auditd  : type=1400 audit(0.0:6968844): avc:  denied  { search } for  comm="LightningLaunc" name="2458" dev="proc" ino=252926767 scontext=u:r:vendor_hal_perf_default:s0 tcontext=u:r:update_engine:s0 tclass=dir permissive=0
09-25 09:00:35.643  1621  1621 I auditd  : type=1400 audit(0.0:6968845): avc:  denied  { search } for  comm="LightningLaunc" name="2458" dev="proc" ino=252926767 scontext=u:r:vendor_hal_perf_default:s0 tcontext=u:r:update_engine:s0 tclass=dir permissive=0
09-25 09:00:35.847  1621  1621 I auditd  : type=1400 audit(0.0:6968846): avc:  denied  { search } for  comm="LightningLaunc" name="2458" dev="proc" ino=252926767 scontext=u:r:vendor_hal_perf_default:s0 tcontext=u:r:update_engine:s0 tclass=dir permissive=0
09-25 09:00:36.055  1621  1621 I auditd  : type=1400 audit(0.0:6968847): avc:  denied  { search } for  comm="LightningLaunc" name="2458" dev="proc" ino=252926767 scontext=u:r:vendor_hal_perf_default:s0 tcontext=u:r:update_engine:s0 tclass=dir permissive=0
09-25 09:00:36.263  1621  1621 I auditd  : type=1400 audit(0.0:6968848): avc:  denied  { search } for  comm="LightningLaunc" name="2458" dev="proc" ino=252926767 scontext=u:r:vendor_hal_perf_default:s0 tcontext=u:r:update_engine:s0 tclass=dir permissive=0
09-25 09:00:36.471  1621  1621 I auditd  : type=1400 audit(0.0:6968849): avc:  denied  { search } for  comm="LightningLaunc" name="2458" dev="proc" ino=252926767 scontext=u:r:vendor_hal_perf_default:s0 tcontext=u:r:update_engine:s0 tclass=dir permissive=0
09-25 09:00:36.675  1621  1621 I auditd  : type=1400 audit(0.0:6968850): avc:  denied  { search } for  comm="LightningLaunc" name="2458" dev="proc" ino=252926767 scontext=u:r:vendor_hal_perf_default:s0 tcontext=u:r:update_engine:s0 tclass=dir permissive=0
09-25 09:00:36.883  1621  1621 I auditd  : type=1400 audit(0.0:6968851): avc:  denied  { search } for  comm="LightningLaunc" name="2458" dev="proc" ino=252926767 scontext=u:r:vendor_hal_perf_default:s0 tcontext=u:r:update_engine:s0 tclass=dir permissive=0
09-25 09:00:37.091  1621  1621 I auditd  : type=1400 audit(0.0:6968852): avc:  denied  { search } for  comm="LightningLaunc" name="2458" dev="proc" ino=252926767 scontext=u:r:vendor_hal_perf_default:s0 tcontext=u:r:update_engine:s0 tclass=dir permissive=0
09-25 09:00:37.267 11165 11165 I auditd  : type=1400 audit(0.0:6968853): avc:  denied  { search } for  comm="DefaultDispatch" name="zram0" dev="sysfs" ino=107524 scontext=u:r:untrusted_app:s0:c207,c257,c512,c768 tcontext=u:object_r:sysfs_zram:s0 tclass=dir permissive=0 app=com.zenithblue.sambas3
09-25 09:00:37.267 11165 11165 I auditd  : type=1400 audit(0.0:6968854): avc:  denied  { search } for  comm="DefaultDispatch" name="zram0" dev="sysfs" ino=107524 scontext=u:r:untrusted_app:s0:c207,c257,c512,c768 tcontext=u:object_r:sysfs_zram:s0 tclass=dir permissive=0 app=com.zenithblue.sambas3
09-25 09:00:37.295  1621  1621 I auditd  : type=1400 audit(0.0:6968855): avc:  denied  { search } for  comm="LightningLaunc" name="2458" dev="proc" ino=252926767 scontext=u:r:vendor_hal_perf_default:s0 tcontext=u:r:update_engine:s0 tclass=dir permissive=0
09-25 09:00:37.503  1621  1621 I auditd  : type=1400 audit(0.0:6968856): avc:  denied  { search } for  comm="LightningLaunc" name="2458" dev="proc" ino=252926767 scontext=u:r:vendor_hal_perf_default:s0 tcontext=u:r:update_engine:s0 tclass=dir permissive=0
09-25 09:00:37.707  1621  1621 I auditd  : type=1400 audit(0.0:6968857): avc:  denied  { search } for  comm="LightningLaunc" name="2458" dev="proc" ino=252926767 scontext=u:r:vendor_hal_perf_default:s0 tcontext=u:r:update_engine:s0 tclass=dir permissive=0
09-25 09:00:38.079  2866  4574 I thermal_changed: [skin,3,47.764000,2,3]
09-25 09:00:38.323  1621  1621 I auditd  : type=1400 audit(0.0:6968860): avc:  denied  { search } for  comm="LightningLaunc" name="2458" dev="proc" ino=252926767 scontext=u:r:vendor_hal_perf_default:s0 tcontext=u:r:update_engine:s0 tclass=dir permissive=0
09-25 09:00:38.527  1621  1621 I auditd  : type=1400 audit(0.0:6968861): avc:  denied  { search } for  comm="LightningLaunc" name="2458" dev="proc" ino=252926767 scontext=u:r:vendor_hal_perf_default:s0 tcontext=u:r:update_engine:s0 tclass=dir permissive=0
09-25 09:00:38.735  1621  1621 I auditd  : type=1400 audit(0.0:6968862): avc:  denied  { search } for  comm="LightningLaunc" name="2458" dev="proc" ino=252926767 scontext=u:r:vendor_hal_perf_default:s0 tcontext=u:r:update_engine:s0 tclass=dir permissive=0
09-25 09:00:38.939  1621  1621 I auditd  : type=1400 audit(0.0:6968863): avc:  denied  { search } for  comm="LightningLaunc" name="2458" dev="proc" ino=252926767 scontext=u:r:vendor_hal_perf_default:s0 tcontext=u:r:update_engine:s0 tclass=dir permissive=0
09-25 09:00:39.143  1621  1621 I auditd  : type=1400 audit(0.0:6968864): avc:  denied  { search } for  comm="LightningLaunc" name="2458" dev="proc" ino=252926767 scontext=u:r:vendor_hal_perf_default:s0 tcontext=u:r:update_engine:s0 tclass=dir permissive=0
09-25 09:00:39.351  1621  1621 I auditd  : type=1400 audit(0.0:6968865): avc:  denied  { search } for  comm="LightningLaunc" name="2458" dev="proc" ino=252926767 scontext=u:r:vendor_hal_perf_default:s0 tcontext=u:r:update_engine:s0 tclass=dir permissive=0
09-25 09:00:39.555  1621  1621 I auditd  : type=1400 audit(0.0:6968866): avc:  denied  { search } for  comm="LightningLaunc" name="2458" dev="proc" ino=252926767 scontext=u:r:vendor_hal_perf_default:s0 tcontext=u:r:update_engine:s0 tclass=dir permissive=0
09-25 09:00:39.763  1621  1621 I auditd  : type=1400 audit(0.0:6968867): avc:  denied  { search } for  comm="LightningLaunc" name="2458" dev="proc" ino=252926767 scontext=u:r:vendor_hal_perf_default:s0 tcontext=u:r:update_engine:s0 tclass=dir permissive=0
09-25 09:00:39.781  2866  4153 I thermal_changed: [skin,3,46.631001,1,2]
09-25 09:00:39.971  1621  1621 I auditd  : type=1400 audit(0.0:6968868): avc:  denied  { search } for  comm="LightningLaunc" name="2458" dev="proc" ino=252926767 scontext=u:r:vendor_hal_perf_default:s0 tcontext=u:r:update_engine:s0 tclass=dir permissive=0
09-25 09:00:40.179  1621  1621 I auditd  : type=1400 audit(0.0:6968869): avc:  denied  { search } for  comm="LightningLaunc" name="2458" dev="proc" ino=252926767 scontext=u:r:vendor_hal_perf_default:s0 tcontext=u:r:update_engine:s0 tclass=dir permissive=0
09-25 09:00:40.383  1621  1621 I auditd  : type=1400 audit(0.0:6968870): avc:  denied  { search } for  comm="LightningLaunc" name="2458" dev="proc" ino=252926767 scontext=u:r:vendor_hal_perf_default:s0 tcontext=u:r:update_engine:s0 tclass=dir permissive=0
09-25 09:00:40.591  1621  1621 I auditd  : type=1400 audit(0.0:6968871): avc:  denied  { search } for  comm="LightningLaunc" name="2458" dev="proc" ino=252926767 scontext=u:r:vendor_hal_perf_default:s0 tcontext=u:r:update_engine:s0 tclass=dir permissive=0
09-25 09:00:40.795  1621  1621 I auditd  : type=1400 audit(0.0:6968872): avc:  denied  { search } for  comm="LightningLaunc" name="2458" dev="proc" ino=252926767 scontext=u:r:vendor_hal_perf_default:s0 tcontext=u:r:update_engine:s0 tclass=dir permissive=0
09-25 09:00:41.003  1621  1621 I auditd  : type=1400 audit(0.0:6968873): avc:  denied  { search } for  comm="LightningLaunc" name="2458" dev="proc" ino=252926767 scontext=u:r:vendor_hal_perf_default:s0 tcontext=u:r:update_engine:s0 tclass=dir permissive=0
09-25 09:00:41.008  2866  4153 I thermal_changed: [skin,3,45.930000,0,1]
09-25 09:00:41.207  1621  1621 I auditd  : type=1400 audit(0.0:6968874): avc:  denied  { search } for  comm="LightningLaunc" name="2458" dev="proc" ino=252926767 scontext=u:r:vendor_hal_perf_default:s0 tcontext=u:r:update_engine:s0 tclass=dir permissive=0
09-25 09:00:41.411  1621  1621 I auditd  : type=1400 audit(0.0:6968875): avc:  denied  { search } for  comm="LightningLaunc" name="2458" dev="proc" ino=252926767 scontext=u:r:vendor_hal_perf_default:s0 tcontext=u:r:update_engine:s0 tclass=dir permissive=0
09-25 09:00:41.615  1621  1621 I auditd  : type=1400 audit(0.0:6968876): avc:  denied  { search } for  comm="LightningLaunc" name="2458" dev="proc" ino=252926767 scontext=u:r:vendor_hal_perf_default:s0 tcontext=u:r:update_engine:s0 tclass=dir permissive=0
09-25 09:00:41.823  1621  1621 I auditd  : type=1400 audit(0.0:6968877): avc:  denied  { search } for  comm="LightningLaunc" name="2458" dev="proc" ino=252926767 scontext=u:r:vendor_hal_perf_default:s0 tcontext=u:r:update_engine:s0 tclass=dir permissive=0
09-25 09:00:42.027  1621  1621 I auditd  : type=1400 audit(0.0:6968878): avc:  denied  { search } for  comm="LightningLaunc" name="2458" dev="proc" ino=252926767 scontext=u:r:vendor_hal_perf_default:s0 tcontext=u:r:update_engine:s0 tclass=dir permissive=0
09-25 09:00:42.235  1621  1621 I auditd  : type=1400 audit(0.0:6968879): avc:  denied  { search } for  comm="LightningLaunc" name="2458" dev="proc" ino=252926767 scontext=u:r:vendor_hal_perf_default:s0 tcontext=u:r:update_engine:s0 tclass=dir permissive=0
09-25 09:00:42.439  1621  1621 I auditd  : type=1400 audit(0.0:6968880): avc:  denied  { search } for  comm="LightningLaunc" name="2458" dev="proc" ino=252926767 scontext=u:r:vendor_hal_perf_default:s0 tcontext=u:r:update_engine:s0 tclass=dir permissive=0
09-25 09:00:42.643  1621  1621 I auditd  : type=1400 audit(0.0:6968881): avc:  denied  { search } for  comm="LightningLaunc" name="2458" dev="proc" ino=252926767 scontext=u:r:vendor_hal_perf_default:s0 tcontext=u:r:update_engine:s0 tclass=dir permissive=0
09-25 09:00:42.851  1621  1621 I auditd  : type=1400 audit(0.0:6968882): avc:  denied  { search } for  comm="LightningLaunc" name="2458" dev="proc" ino=252926767 scontext=u:r:vendor_hal_perf_default:s0 tcontext=u:r:update_engine:s0 tclass=dir permissive=0
09-25 09:00:43.059  1621  1621 I auditd  : type=1400 audit(0.0:6968883): avc:  denied  { search } for  comm="LightningLaunc" name="2458" dev="proc" ino=252926767 scontext=u:r:vendor_hal_perf_default:s0 tcontext=u:r:update_engine:s0 tclass=dir permissive=0
09-25 09:00:43.267  1621  1621 I auditd  : type=1400 audit(0.0:6968884): avc:  denied  { search } for  comm="LightningLaunc" name="2458" dev="proc" ino=252926767 scontext=u:r:vendor_hal_perf_default:s0 tcontext=u:r:update_engine:s0 tclass=dir permissive=0
09-25 09:00:43.471  1621  1621 I auditd  : type=1400 audit(0.0:6968885): avc:  denied  { search } for  comm="LightningLaunc" name="2458" dev="proc" ino=252926767 scontext=u:r:vendor_hal_perf_default:s0 tcontext=u:r:update_engine:s0 tclass=dir permissive=0
09-25 09:00:43.675  1621  1621 I auditd  : type=1400 audit(0.0:6968886): avc:  denied  { search } for  comm="LightningLaunc" name="2458" dev="proc" ino=252926767 scontext=u:r:vendor_hal_perf_default:s0 tcontext=u:r:update_engine:s0 tclass=dir permissive=0
09-25 09:00:43.883  1621  1621 I auditd  : type=1400 audit(0.0:6968887): avc:  denied  { search } for  comm="LightningLaunc" name="2458" dev="proc" ino=252926767 scontext=u:r:vendor_hal_perf_default:s0 tcontext=u:r:update_engine:s0 tclass=dir permissive=0
09-25 09:00:44.087  1621  1621 I auditd  : type=1400 audit(0.0:6968888): avc:  denied  { search } for  comm="LightningLaunc" name="2458" dev="proc" ino=252926767 scontext=u:r:vendor_hal_perf_default:s0 tcontext=u:r:update_engine:s0 tclass=dir permissive=0
09-25 09:00:44.291  1621  1621 I auditd  : type=1400 audit(0.0:6968889): avc:  denied  { search } for  comm="LightningLaunc" name="2458" dev="proc" ino=252926767 scontext=u:r:vendor_hal_perf_default:s0 tcontext=u:r:update_engine:s0 tclass=dir permissive=0
09-25 09:00:44.499  1621  1621 I auditd  : type=1400 audit(0.0:6968890): avc:  denied  { search } for  comm="LightningLaunc" name="2458" dev="proc" ino=252926767 scontext=u:r:vendor_hal_perf_default:s0 tcontext=u:r:update_engine:s0 tclass=dir permissive=0
09-25 09:00:44.703  1621  1621 I auditd  : type=1400 audit(0.0:6968891): avc:  denied  { search } for  comm="LightningLaunc" name="2458" dev="proc" ino=252926767 scontext=u:r:vendor_hal_perf_default:s0 tcontext=u:r:update_engine:s0 tclass=dir permissive=0
09-25 09:00:44.911  1621  1621 I auditd  : type=1400 audit(0.0:6968892): avc:  denied  { search } for  comm="LightningLaunc" name="2458" dev="proc" ino=252926767 scontext=u:r:vendor_hal_perf_default:s0 tcontext=u:r:update_engine:s0 tclass=dir permissive=0
09-25 09:00:45.115  1621  1621 I auditd  : type=1400 audit(0.0:6968893): avc:  denied  { search } for  comm="LightningLaunc" name="2458" dev="proc" ino=252926767 scontext=u:r:vendor_hal_perf_default:s0 tcontext=u:r:update_engine:s0 tclass=dir permissive=0
09-25 09:00:45.323  1621  1621 I auditd  : type=1400 audit(0.0:6968894): avc:  denied  { search } for  comm="LightningLaunc" name="2458" dev="proc" ino=252926767 scontext=u:r:vendor_hal_perf_default:s0 tcontext=u:r:update_engine:s0 tclass=dir permissive=0
09-25 09:00:45.527  1621  1621 I auditd  : type=1400 audit(0.0:6968895): avc:  denied  { search } for  comm="LightningLaunc" name="2458" dev="proc" ino=252926767 scontext=u:r:vendor_hal_perf_default:s0 tcontext=u:r:update_engine:s0 tclass=dir permissive=0
09-25 09:00:45.731  1621  1621 I auditd  : type=1400 audit(0.0:6968896): avc:  denied  { search } for  comm="LightningLaunc" name="2458" dev="proc" ino=252926767 scontext=u:r:vendor_hal_perf_default:s0 tcontext=u:r:update_engine:s0 tclass=dir permissive=0
09-25 09:00:45.939  1621  1621 I auditd  : type=1400 audit(0.0:6968897): avc:  denied  { search } for  comm="LightningLaunc" name="2458" dev="proc" ino=252926767 scontext=u:r:vendor_hal_perf_default:s0 tcontext=u:r:update_engine:s0 tclass=dir permissive=0
09-25 09:00:46.051 11165 11165 I auditd  : type=1400 audit(0.0:6968898): avc:  denied  { search } for  comm="DefaultDispatch" name="zram0" dev="sysfs" ino=107524 scontext=u:r:untrusted_app:s0:c207,c257,c512,c768 tcontext=u:object_r:sysfs_zram:s0 tclass=dir permissive=0 app=com.zenithblue.sambas3
09-25 09:00:46.051 11165 11165 I auditd  : type=1400 audit(0.0:6968899): avc:  denied  { search } for  comm="DefaultDispatch" name="zram0" dev="sysfs" ino=107524 scontext=u:r:untrusted_app:s0:c207,c257,c512,c768 tcontext=u:object_r:sysfs_zram:s0 tclass=dir permissive=0 app=com.zenithblue.sambas3
09-25 09:00:46.563  1621  1621 I auditd  : type=1400 audit(0.0:6968902): avc:  denied  { search } for  comm="LightningLaunc" name="2458" dev="proc" ino=252926767 scontext=u:r:vendor_hal_perf_default:s0 tcontext=u:r:update_engine:s0 tclass=dir permissive=0
09-25 09:00:46.771  1621  1621 I auditd  : type=1400 audit(0.0:6968903): avc:  denied  { search } for  comm="LightningLaunc" name="2458" dev="proc" ino=252926767 scontext=u:r:vendor_hal_perf_default:s0 tcontext=u:r:update_engine:s0 tclass=dir permissive=0
09-25 09:00:46.975  1621  1621 I auditd  : type=1400 audit(0.0:6968904): avc:  denied  { search } for  comm="LightningLaunc" name="2458" dev="proc" ino=252926767 scontext=u:r:vendor_hal_perf_default:s0 tcontext=u:r:update_engine:s0 tclass=dir permissive=0
09-25 09:00:47.183  1621  1621 I auditd  : type=1400 audit(0.0:6968905): avc:  denied  { search } for  comm="LightningLaunc" name="2458" dev="proc" ino=252926767 scontext=u:r:vendor_hal_perf_default:s0 tcontext=u:r:update_engine:s0 tclass=dir permissive=0
09-25 09:00:47.387  1621  1621 I auditd  : type=1400 audit(0.0:6968906): avc:  denied  { search } for  comm="LightningLaunc" name="2458" dev="proc" ino=252926767 scontext=u:r:vendor_hal_perf_default:s0 tcontext=u:r:update_engine:s0 tclass=dir permissive=0
09-25 09:00:47.591  1621  1621 I auditd  : type=1400 audit(0.0:6968907): avc:  denied  { search } for  comm="LightningLaunc" name="2458" dev="proc" ino=252926767 scontext=u:r:vendor_hal_perf_default:s0 tcontext=u:r:update_engine:s0 tclass=dir permissive=0
09-25 09:00:47.799  1621  1621 I auditd  : type=1400 audit(0.0:6968908): avc:  denied  { search } for  comm="LightningLaunc" name="2458" dev="proc" ino=252926767 scontext=u:r:vendor_hal_perf_default:s0 tcontext=u:r:update_engine:s0 tclass=dir permissive=0
09-25 09:00:48.003  1621  1621 I auditd  : type=1400 audit(0.0:6968909): avc:  denied  { search } for  comm="LightningLaunc" name="2458" dev="proc" ino=252926767 scontext=u:r:vendor_hal_perf_default:s0 tcontext=u:r:update_engine:s0 tclass=dir permissive=0
09-25 09:00:48.211  1621  1621 I auditd  : type=1400 audit(0.0:6968910): avc:  denied  { search } for  comm="LightningLaunc" name="2458" dev="proc" ino=252926767 scontext=u:r:vendor_hal_perf_default:s0 tcontext=u:r:update_engine:s0 tclass=dir permissive=0
09-25 09:00:48.419  1621  1621 I auditd  : type=1400 audit(0.0:6968911): avc:  denied  { search } for  comm="LightningLaunc" name="2458" dev="proc" ino=252926767 scontext=u:r:vendor_hal_perf_default:s0 tcontext=u:r:update_engine:s0 tclass=dir permissive=0
09-25 09:00:48.627  1621  1621 I auditd  : type=1400 audit(0.0:6968912): avc:  denied  { search } for  comm="LightningLaunc" name="2458" dev="proc" ino=252926767 scontext=u:r:vendor_hal_perf_default:s0 tcontext=u:r:update_engine:s0 tclass=dir permissive=0
09-25 09:00:48.835  1621  1621 I auditd  : type=1400 audit(0.0:6968913): avc:  denied  { search } for  comm="LightningLaunc" name="2458" dev="proc" ino=252926767 scontext=u:r:vendor_hal_perf_default:s0 tcontext=u:r:update_engine:s0 tclass=dir permissive=0
09-25 09:00:49.043  1621  1621 I auditd  : type=1400 audit(0.0:6968914): avc:  denied  { search } for  comm="LightningLaunc" name="2458" dev="proc" ino=252926767 scontext=u:r:vendor_hal_perf_default:s0 tcontext=u:r:update_engine:s0 tclass=dir permissive=0
09-25 09:00:49.251  1621  1621 I auditd  : type=1400 audit(0.0:6968915): avc:  denied  { search } for  comm="LightningLaunc" name="2458" dev="proc" ino=252926767 scontext=u:r:vendor_hal_perf_default:s0 tcontext=u:r:update_engine:s0 tclass=dir permissive=0
09-25 09:00:49.459  1621  1621 I auditd  : type=1400 audit(0.0:6968916): avc:  denied  { search } for  comm="LightningLaunc" name="2458" dev="proc" ino=252926767 scontext=u:r:vendor_hal_perf_default:s0 tcontext=u:r:update_engine:s0 tclass=dir permissive=0
09-25 09:00:49.667  1621  1621 I auditd  : type=1400 audit(0.0:6968917): avc:  denied  { search } for  comm="LightningLaunc" name="2458" dev="proc" ino=252926767 scontext=u:r:vendor_hal_perf_default:s0 tcontext=u:r:update_engine:s0 tclass=dir permissive=0
09-25 09:00:49.871  1621  1621 I auditd  : type=1400 audit(0.0:6968918): avc:  denied  { search } for  comm="LightningLaunc" name="2458" dev="proc" ino=252926767 scontext=u:r:vendor_hal_perf_default:s0 tcontext=u:r:update_engine:s0 tclass=dir permissive=0
09-25 09:00:50.079  1621  1621 I auditd  : type=1400 audit(0.0:6968919): avc:  denied  { search } for  comm="LightningLaunc" name="2458" dev="proc" ino=252926767 scontext=u:r:vendor_hal_perf_default:s0 tcontext=u:r:update_engine:s0 tclass=dir permissive=0
09-25 09:00:50.287  1621  1621 I auditd  : type=1400 audit(0.0:6968920): avc:  denied  { search } for  comm="LightningLaunc" name="2458" dev="proc" ino=252926767 scontext=u:r:vendor_hal_perf_default:s0 tcontext=u:r:update_engine:s0 tclass=dir permissive=0
09-25 09:00:50.495  1621  1621 I auditd  : type=1400 audit(0.0:6968921): avc:  denied  { search } for  comm="LightningLaunc" name="2458" dev="proc" ino=252926767 scontext=u:r:vendor_hal_perf_default:s0 tcontext=u:r:update_engine:s0 tclass=dir permissive=0
09-25 09:00:50.703  1621  1621 I auditd  : type=1400 audit(0.0:6968922): avc:  denied  { search } for  comm="LightningLaunc" name="2458" dev="proc" ino=252926767 scontext=u:r:vendor_hal_perf_default:s0 tcontext=u:r:update_engine:s0 tclass=dir permissive=0
09-25 09:00:50.911  1621  1621 I auditd  : type=1400 audit(0.0:6968923): avc:  denied  { search } for  comm="LightningLaunc" name="2458" dev="proc" ino=252926767 scontext=u:r:vendor_hal_perf_default:s0 tcontext=u:r:update_engine:s0 tclass=dir permissive=0
09-25 09:00:51.119  1621  1621 I auditd  : type=1400 audit(0.0:6968924): avc:  denied  { search } for  comm="LightningLaunc" name="2458" dev="proc" ino=252926767 scontext=u:r:vendor_hal_perf_default:s0 tcontext=u:r:update_engine:s0 tclass=dir permissive=0
09-25 09:00:51.327  1621  1621 I auditd  : type=1400 audit(0.0:6968925): avc:  denied  { search } for  comm="LightningLaunc" name="2458" dev="proc" ino=252926767 scontext=u:r:vendor_hal_perf_default:s0 tcontext=u:r:update_engine:s0 tclass=dir permissive=0
09-25 09:00:51.535  1621  1621 I auditd  : type=1400 audit(0.0:6968926): avc:  denied  { search } for  comm="LightningLaunc" name="2458" dev="proc" ino=252926767 scontext=u:r:vendor_hal_perf_default:s0 tcontext=u:r:update_engine:s0 tclass=dir permissive=0
09-25 09:00:51.743  1621  1621 I auditd  : type=1400 audit(0.0:6968927): avc:  denied  { search } for  comm="LightningLaunc" name="2458" dev="proc" ino=252926767 scontext=u:r:vendor_hal_perf_default:s0 tcontext=u:r:update_engine:s0 tclass=dir permissive=0
09-25 09:00:51.951  1621  1621 I auditd  : type=1400 audit(0.0:6968928): avc:  denied  { search } for  comm="LightningLaunc" name="2458" dev="proc" ino=252926767 scontext=u:r:vendor_hal_perf_default:s0 tcontext=u:r:update_engine:s0 tclass=dir permissive=0
09-25 09:00:52.159  1621  1621 I auditd  : type=1400 audit(0.0:6968929): avc:  denied  { search } for  comm="LightningLaunc" name="2458" dev="proc" ino=252926767 scontext=u:r:vendor_hal_perf_default:s0 tcontext=u:r:update_engine:s0 tclass=dir permissive=0
09-25 09:00:52.367  1621  1621 I auditd  : type=1400 audit(0.0:6968930): avc:  denied  { search } for  comm="LightningLaunc" name="2458" dev="proc" ino=252926767 scontext=u:r:vendor_hal_perf_default:s0 tcontext=u:r:update_engine:s0 tclass=dir permissive=0
09-25 09:00:52.571  1621  1621 I auditd  : type=1400 audit(0.0:6968931): avc:  denied  { search } for  comm="LightningLaunc" name="2458" dev="proc" ino=252926767 scontext=u:r:vendor_hal_perf_default:s0 tcontext=u:r:update_engine:s0 tclass=dir permissive=0
09-25 09:00:52.779  1621  1621 I auditd  : type=1400 audit(0.0:6968932): avc:  denied  { search } for  comm="LightningLaunc" name="2458" dev="proc" ino=252926767 scontext=u:r:vendor_hal_perf_default:s0 tcontext=u:r:update_engine:s0 tclass=dir permissive=0
09-25 09:00:52.987  1621  1621 I auditd  : type=1400 audit(0.0:6968933): avc:  denied  { search } for  comm="LightningLaunc" name="2458" dev="proc" ino=252926767 scontext=u:r:vendor_hal_perf_default:s0 tcontext=u:r:update_engine:s0 tclass=dir permissive=0
09-25 09:00:53.199  1621  1621 I auditd  : type=1400 audit(0.0:6968934): avc:  denied  { search } for  comm="LightningLaunc" name="2458" dev="proc" ino=252926767 scontext=u:r:vendor_hal_perf_default:s0 tcontext=u:r:update_engine:s0 tclass=dir permissive=0
09-25 09:00:53.407  1621  1621 I auditd  : type=1400 audit(0.0:6968935): avc:  denied  { search } for  comm="LightningLaunc" name="2458" dev="proc" ino=252926767 scontext=u:r:vendor_hal_perf_default:s0 tcontext=u:r:update_engine:s0 tclass=dir permissive=0
09-25 09:00:53.615  1621  1621 I auditd  : type=1400 audit(0.0:6968936): avc:  denied  { search } for  comm="LightningLaunc" name="2458" dev="proc" ino=252926767 scontext=u:r:vendor_hal_perf_default:s0 tcontext=u:r:update_engine:s0 tclass=dir permissive=0
09-25 09:00:53.819  1621  1621 I auditd  : type=1400 audit(0.0:6968937): avc:  denied  { search } for  comm="LightningLaunc" name="2458" dev="proc" ino=252926767 scontext=u:r:vendor_hal_perf_default:s0 tcontext=u:r:update_engine:s0 tclass=dir permissive=0
09-25 09:00:54.023  1621  1621 I auditd  : type=1400 audit(0.0:6968938): avc:  denied  { search } for  comm="LightningLaunc" name="2458" dev="proc" ino=252926767 scontext=u:r:vendor_hal_perf_default:s0 tcontext=u:r:update_engine:s0 tclass=dir permissive=0
09-25 09:00:54.227  1621  1621 I auditd  : type=1400 audit(0.0:6968939): avc:  denied  { search } for  comm="LightningLaunc" name="2458" dev="proc" ino=252926767 scontext=u:r:vendor_hal_perf_default:s0 tcontext=u:r:update_engine:s0 tclass=dir permissive=0
09-25 09:00:54.435  1621  1621 I auditd  : type=1400 audit(0.0:6968940): avc:  denied  { search } for  comm="LightningLaunc" name="2458" dev="proc" ino=252926767 scontext=u:r:vendor_hal_perf_default:s0 tcontext=u:r:update_engine:s0 tclass=dir permissive=0
09-25 09:00:54.643  1621  1621 I auditd  : type=1400 audit(0.0:6968941): avc:  denied  { search } for  comm="LightningLaunc" name="2458" dev="proc" ino=252926767 scontext=u:r:vendor_hal_perf_default:s0 tcontext=u:r:update_engine:s0 tclass=dir permissive=0
09-25 09:00:54.851  1621  1621 I auditd  : type=1400 audit(0.0:6968942): avc:  denied  { search } for  comm="LightningLaunc" name="2458" dev="proc" ino=252926767 scontext=u:r:vendor_hal_perf_default:s0 tcontext=u:r:update_engine:s0 tclass=dir permissive=0
09-25 09:00:55.021  2866  3614 I am_unfreeze: [10606,com.android.keychain,10]
09-25 09:00:55.025  2866  3614 I am_unfreeze: [9991,org.lineageos.lineageparts,10]
09-25 09:00:55.025  2866  3614 I am_unfreeze: [9227,com.android.DeviceAsWebcam,10]
09-25 09:00:55.025  2866  3614 I am_unfreeze: [11890,com.android.settings,10]
09-25 09:00:55.055  1621  1621 I auditd  : type=1400 audit(0.0:6968943): avc:  denied  { search } for  comm="LightningLaunc" name="2458" dev="proc" ino=252926767 scontext=u:r:vendor_hal_perf_default:s0 tcontext=u:r:update_engine:s0 tclass=dir permissive=0
09-25 09:00:55.119 11165 11165 I auditd  : type=1400 audit(0.0:6968944): avc:  denied  { search } for  comm="DefaultDispatch" name="zram0" dev="sysfs" ino=107524 scontext=u:r:untrusted_app:s0:c207,c257,c512,c768 tcontext=u:object_r:sysfs_zram:s0 tclass=dir permissive=0 app=com.zenithblue.sambas3
09-25 09:00:55.119 11165 11165 I auditd  : type=1400 audit(0.0:6968945): avc:  denied  { search } for  comm="DefaultDispatch" name="zram0" dev="sysfs" ino=107524 scontext=u:r:untrusted_app:s0:c207,c257,c512,c768 tcontext=u:object_r:sysfs_zram:s0 tclass=dir permissive=0 app=com.zenithblue.sambas3
09-25 09:00:55.259  1621  1621 I auditd  : type=1400 audit(0.0:6968946): avc:  denied  { search } for  comm="LightningLaunc" name="2458" dev="proc" ino=252926767 scontext=u:r:vendor_hal_perf_default:s0 tcontext=u:r:update_engine:s0 tclass=dir permissive=0
09-25 09:01:03.591 11165 11165 I auditd  : type=1400 audit(0.0:6968949): avc:  denied  { search } for  comm="DefaultDispatch" name="zram0" dev="sysfs" ino=107524 scontext=u:r:untrusted_app:s0:c207,c257,c512,c768 tcontext=u:object_r:sysfs_zram:s0 tclass=dir permissive=0 app=com.zenithblue.sambas3
09-25 09:01:03.591 11165 11165 I auditd  : type=1400 audit(0.0:6968950): avc:  denied  { search } for  comm="DefaultDispatch" name="zram0" dev="sysfs" ino=107524 scontext=u:r:untrusted_app:s0:c207,c257,c512,c768 tcontext=u:object_r:sysfs_zram:s0 tclass=dir permissive=0 app=com.zenithblue.sambas3
09-25 09:01:12.415 11165 11165 I auditd  : type=1400 audit(0.0:6968951): avc:  denied  { search } for  comm="DefaultDispatch" name="zram0" dev="sysfs" ino=107524 scontext=u:r:untrusted_app:s0:c207,c257,c512,c768 tcontext=u:object_r:sysfs_zram:s0 tclass=dir permissive=0 app=com.zenithblue.sambas3
09-25 09:01:12.415 11165 11165 I auditd  : type=1400 audit(0.0:6968952): avc:  denied  { search } for  comm="DefaultDispatch" name="zram0" dev="sysfs" ino=107524 scontext=u:r:untrusted_app:s0:c207,c257,c512,c768 tcontext=u:object_r:sysfs_zram:s0 tclass=dir permissive=0 app=com.zenithblue.sambas3
09-25 09:01:15.070  2866  3614 I am_freeze: [10606,com.android.keychain]
09-25 09:01:15.071  2866  3614 I am_freeze: [9991,org.lineageos.lineageparts]
09-25 09:01:15.072  2866  3614 I am_freeze: [9227,com.android.DeviceAsWebcam]
09-25 09:01:21.179 11165 11165 I auditd  : type=1400 audit(0.0:6968953): avc:  denied  { search } for  comm="DefaultDispatch" name="zram0" dev="sysfs" ino=107524 scontext=u:r:untrusted_app:s0:c207,c257,c512,c768 tcontext=u:object_r:sysfs_zram:s0 tclass=dir permissive=0 app=com.zenithblue.sambas3
09-25 09:01:21.183 11165 11165 I auditd  : type=1400 audit(0.0:6968954): avc:  denied  { search } for  comm="DefaultDispatch" name="zram0" dev="sysfs" ino=107524 scontext=u:r:untrusted_app:s0:c207,c257,c512,c768 tcontext=u:object_r:sysfs_zram:s0 tclass=dir permissive=0 app=com.zenithblue.sambas3
09-25 09:01:22.455  2866  3612 I commit_sys_config_file: [settings-0-0,9]
09-25 09:01:30.011 11165 11165 I auditd  : type=1400 audit(0.0:6968955): avc:  denied  { search } for  comm="DefaultDispatch" name="zram0" dev="sysfs" ino=107524 scontext=u:r:untrusted_app:s0:c207,c257,c512,c768 tcontext=u:object_r:sysfs_zram:s0 tclass=dir permissive=0 app=com.zenithblue.sambas3
09-25 09:01:30.011 11165 11165 I auditd  : type=1400 audit(0.0:6968956): avc:  denied  { search } for  comm="DefaultDispatch" name="zram0" dev="sysfs" ino=107524 scontext=u:r:untrusted_app:s0:c207,c257,c512,c768 tcontext=u:object_r:sysfs_zram:s0 tclass=dir permissive=0 app=com.zenithblue.sambas3
09-25 09:01:38.735 11165 11165 I auditd  : type=1400 audit(0.0:6968957): avc:  denied  { search } for  comm="DefaultDispatch" name="zram0" dev="sysfs" ino=107524 scontext=u:r:untrusted_app:s0:c207,c257,c512,c768 tcontext=u:object_r:sysfs_zram:s0 tclass=dir permissive=0 app=com.zenithblue.sambas3
09-25 09:01:38.735 11165 11165 I auditd  : type=1400 audit(0.0:6968958): avc:  denied  { search } for  comm="DefaultDispatch" name="zram0" dev="sysfs" ino=107524 scontext=u:r:untrusted_app:s0:c207,c257,c512,c768 tcontext=u:object_r:sysfs_zram:s0 tclass=dir permissive=0 app=com.zenithblue.sambas3
09-25 09:01:47.006  2866  3614 I am_unfreeze: [10985,com.google.android.gm,3]
09-25 09:01:47.010  2866  3614 I am_unfreeze: [11194,com.google.android.webview:sandboxed_process0:org.chromium.content.app.SandboxedProcessService0:0,3]
09-25 09:01:47.012 10644 12532 I c2dm    : [-7,,12,7]
09-25 09:01:47.056  2866  3772 I sync    : [gmail-ls,0,0,-796071476]
09-25 09:01:47.527 11165 11165 I auditd  : type=1400 audit(0.0:6968959): avc:  denied  { search } for  comm="DefaultDispatch" name="zram0" dev="sysfs" ino=107524 scontext=u:r:untrusted_app:s0:c207,c257,c512,c768 tcontext=u:object_r:sysfs_zram:s0 tclass=dir permissive=0 app=com.zenithblue.sambas3
09-25 09:01:47.527 11165 11165 I auditd  : type=1400 audit(0.0:6968960): avc:  denied  { search } for  comm="DefaultDispatch" name="zram0" dev="sysfs" ino=107524 scontext=u:r:untrusted_app:s0:c207,c257,c512,c768 tcontext=u:object_r:sysfs_zram:s0 tclass=dir permissive=0 app=com.zenithblue.sambas3
09-25 09:01:48.660  2866  3772 I sync    : [gmail-ls,1,0,-796071476]
09-25 09:01:49.047  2866  2909 I commit_sys_config_file: [jobs,6]
09-25 09:01:49.054  2866  2909 I commit_sys_config_file: [jobs,7]
09-25 09:01:50.398  2866  3614 I am_freeze: [11890,com.android.settings]
09-25 09:01:56.231 11165 11165 I auditd  : type=1400 audit(0.0:6968961): avc:  denied  { search } for  comm="DefaultDispatch" name="zram0" dev="sysfs" ino=107524 scontext=u:r:untrusted_app:s0:c207,c257,c512,c768 tcontext=u:object_r:sysfs_zram:s0 tclass=dir permissive=0 app=com.zenithblue.sambas3
09-25 09:01:56.231 11165 11165 I auditd  : type=1400 audit(0.0:6968962): avc:  denied  { search } for  comm="DefaultDispatch" name="zram0" dev="sysfs" ino=107524 scontext=u:r:untrusted_app:s0:c207,c257,c512,c768 tcontext=u:object_r:sysfs_zram:s0 tclass=dir permissive=0 app=com.zenithblue.sambas3
09-25 09:01:58.670  2866  3614 I am_freeze: [11194,com.google.android.webview:sandboxed_process0:org.chromium.content.app.SandboxedProcessService0:0]
09-25 09:02:04.983 11165 11165 I auditd  : type=1400 audit(0.0:6968963): avc:  denied  { search } for  comm="DefaultDispatch" name="zram0" dev="sysfs" ino=107524 scontext=u:r:untrusted_app:s0:c207,c257,c512,c768 tcontext=u:object_r:sysfs_zram:s0 tclass=dir permissive=0 app=com.zenithblue.sambas3
09-25 09:02:04.987 11165 11165 I auditd  : type=1400 audit(0.0:6968964): avc:  denied  { search } for  comm="DefaultDispatch" name="zram0" dev="sysfs" ino=107524 scontext=u:r:untrusted_app:s0:c207,c257,c512,c768 tcontext=u:object_r:sysfs_zram:s0 tclass=dir permissive=0 app=com.zenithblue.sambas3
09-25 09:02:07.053  2866  3614 I am_freeze: [10985,com.google.android.gm]
09-25 09:02:10.338  2866  3614 I am_unfreeze: [11890,com.android.settings,6]
09-25 09:02:13.767 11165 11165 I auditd  : type=1400 audit(0.0:6968965): avc:  denied  { search } for  comm="DefaultDispatch" name="zram0" dev="sysfs" ino=107524 scontext=u:r:untrusted_app:s0:c207,c257,c512,c768 tcontext=u:object_r:sysfs_zram:s0 tclass=dir permissive=0 app=com.zenithblue.sambas3
09-25 09:02:13.767 11165 11165 I auditd  : type=1400 audit(0.0:6968966): avc:  denied  { search } for  comm="DefaultDispatch" name="zram0" dev="sysfs" ino=107524 scontext=u:r:untrusted_app:s0:c207,c257,c512,c768 tcontext=u:object_r:sysfs_zram:s0 tclass=dir permissive=0 app=com.zenithblue.sambas3
09-25 09:02:22.835 11165 11165 I auditd  : type=1400 audit(0.0:6968967): avc:  denied  { search } for  comm="DefaultDispatch" name="zram0" dev="sysfs" ino=107524 scontext=u:r:untrusted_app:s0:c207,c257,c512,c768 tcontext=u:object_r:sysfs_zram:s0 tclass=dir permissive=0 app=com.zenithblue.sambas3
09-25 09:02:22.839 11165 11165 I auditd  : type=1400 audit(0.0:6968968): avc:  denied  { search } for  comm="DefaultDispatch" name="zram0" dev="sysfs" ino=107524 scontext=u:r:untrusted_app:s0:c207,c257,c512,c768 tcontext=u:object_r:sysfs_zram:s0 tclass=dir permissive=0 app=com.zenithblue.sambas3
09-25 09:02:31.615 11165 11165 I auditd  : type=1400 audit(0.0:6968969): avc:  denied  { search } for  comm="DefaultDispatch" name="zram0" dev="sysfs" ino=107524 scontext=u:r:untrusted_app:s0:c207,c257,c512,c768 tcontext=u:object_r:sysfs_zram:s0 tclass=dir permissive=0 app=com.zenithblue.sambas3
09-25 09:02:31.615 11165 11165 I auditd  : type=1400 audit(0.0:6968970): avc:  denied  { search } for  comm="DefaultDispatch" name="zram0" dev="sysfs" ino=107524 scontext=u:r:untrusted_app:s0:c207,c257,c512,c768 tcontext=u:object_r:sysfs_zram:s0 tclass=dir permissive=0 app=com.zenithblue.sambas3
09-25 09:02:40.659 11165 11165 I auditd  : type=1400 audit(0.0:6968971): avc:  denied  { search } for  comm="DefaultDispatch" name="zram0" dev="sysfs" ino=107524 scontext=u:r:untrusted_app:s0:c207,c257,c512,c768 tcontext=u:object_r:sysfs_zram:s0 tclass=dir permissive=0 app=com.zenithblue.sambas3
09-25 09:02:40.659 11165 11165 I auditd  : type=1400 audit(0.0:6968972): avc:  denied  { search } for  comm="DefaultDispatch" name="zram0" dev="sysfs" ino=107524 scontext=u:r:untrusted_app:s0:c207,c257,c512,c768 tcontext=u:object_r:sysfs_zram:s0 tclass=dir permissive=0 app=com.zenithblue.sambas3
09-25 09:02:49.479 11165 11165 I auditd  : type=1400 audit(0.0:6968973): avc:  denied  { search } for  comm="DefaultDispatch" name="zram0" dev="sysfs" ino=107524 scontext=u:r:untrusted_app:s0:c207,c257,c512,c768 tcontext=u:object_r:sysfs_zram:s0 tclass=dir permissive=0 app=com.zenithblue.sambas3
09-25 09:02:49.479 11165 11165 I auditd  : type=1400 audit(0.0:6968974): avc:  denied  { search } for  comm="DefaultDispatch" name="zram0" dev="sysfs" ino=107524 scontext=u:r:untrusted_app:s0:c207,c257,c512,c768 tcontext=u:object_r:sysfs_zram:s0 tclass=dir permissive=0 app=com.zenithblue.sambas3
09-25 09:02:50.370  2866  3614 I am_freeze: [11890,com.android.settings]
09-25 09:02:58.491 11165 11165 I auditd  : type=1400 audit(0.0:6968975): avc:  denied  { search } for  comm="DefaultDispatch" name="zram0" dev="sysfs" ino=107524 scontext=u:r:untrusted_app:s0:c207,c257,c512,c768 tcontext=u:object_r:sysfs_zram:s0 tclass=dir permissive=0 app=com.zenithblue.sambas3
09-25 09:02:58.491 11165 11165 I auditd  : type=1400 audit(0.0:6968976): avc:  denied  { search } for  comm="DefaultDispatch" name="zram0" dev="sysfs" ino=107524 scontext=u:r:untrusted_app:s0:c207,c257,c512,c768 tcontext=u:object_r:sysfs_zram:s0 tclass=dir permissive=0 app=com.zenithblue.sambas3
09-25 09:03:07.287 11165 11165 I auditd  : type=1400 audit(0.0:6968977): avc:  denied  { search } for  comm="DefaultDispatch" name="zram0" dev="sysfs" ino=107524 scontext=u:r:untrusted_app:s0:c207,c257,c512,c768 tcontext=u:object_r:sysfs_zram:s0 tclass=dir permissive=0 app=com.zenithblue.sambas3
09-25 09:03:07.287 11165 11165 I auditd  : type=1400 audit(0.0:6968978): avc:  denied  { search } for  comm="DefaultDispatch" name="zram0" dev="sysfs" ino=107524 scontext=u:r:untrusted_app:s0:c207,c257,c512,c768 tcontext=u:object_r:sysfs_zram:s0 tclass=dir permissive=0 app=com.zenithblue.sambas3
09-25 09:03:10.351  2866  3614 I am_unfreeze: [11890,com.android.settings,6]
09-25 09:03:16.367 11165 11165 I auditd  : type=1400 audit(0.0:6968979): avc:  denied  { search } for  comm="DefaultDispatch" name="zram0" dev="sysfs" ino=107524 scontext=u:r:untrusted_app:s0:c207,c257,c512,c768 tcontext=u:object_r:sysfs_zram:s0 tclass=dir permissive=0 app=com.zenithblue.sambas3
09-25 09:03:16.367 11165 11165 I auditd  : type=1400 audit(0.0:6968980): avc:  denied  { search } for  comm="DefaultDispatch" name="zram0" dev="sysfs" ino=107524 scontext=u:r:untrusted_app:s0:c207,c257,c512,c768 tcontext=u:object_r:sysfs_zram:s0 tclass=dir permissive=0 app=com.zenithblue.sambas3
09-25 09:03:22.466  2866  3612 I commit_sys_config_file: [settings-0-0,10]
09-25 09:03:25.151 11165 11165 I auditd  : type=1400 audit(0.0:6968981): avc:  denied  { search } for  comm="DefaultDispatch" name="zram0" dev="sysfs" ino=107524 scontext=u:r:untrusted_app:s0:c207,c257,c512,c768 tcontext=u:object_r:sysfs_zram:s0 tclass=dir permissive=0 app=com.zenithblue.sambas3
09-25 09:03:25.151 11165 11165 I auditd  : type=1400 audit(0.0:6968982): avc:  denied  { search } for  comm="DefaultDispatch" name="zram0" dev="sysfs" ino=107524 scontext=u:r:untrusted_app:s0:c207,c257,c512,c768 tcontext=u:object_r:sysfs_zram:s0 tclass=dir permissive=0 app=com.zenithblue.sambas3
09-25 09:03:33.947 11165 11165 I auditd  : type=1400 audit(0.0:6968983): avc:  denied  { search } for  comm="DefaultDispatch" name="zram0" dev="sysfs" ino=107524 scontext=u:r:untrusted_app:s0:c207,c257,c512,c768 tcontext=u:object_r:sysfs_zram:s0 tclass=dir permissive=0 app=com.zenithblue.sambas3
09-25 09:03:33.951 11165 11165 I auditd  : type=1400 audit(0.0:6968984): avc:  denied  { search } for  comm="DefaultDispatch" name="zram0" dev="sysfs" ino=107524 scontext=u:r:untrusted_app:s0:c207,c257,c512,c768 tcontext=u:object_r:sysfs_zram:s0 tclass=dir permissive=0 app=com.zenithblue.sambas3
09-25 09:03:42.995 11165 11165 I auditd  : type=1400 audit(0.0:6968985): avc:  denied  { search } for  comm="DefaultDispatch" name="zram0" dev="sysfs" ino=107524 scontext=u:r:untrusted_app:s0:c207,c257,c512,c768 tcontext=u:object_r:sysfs_zram:s0 tclass=dir permissive=0 app=com.zenithblue.sambas3
09-25 09:03:42.995 11165 11165 I auditd  : type=1400 audit(0.0:6968986): avc:  denied  { search } for  comm="DefaultDispatch" name="zram0" dev="sysfs" ino=107524 scontext=u:r:untrusted_app:s0:c207,c257,c512,c768 tcontext=u:object_r:sysfs_zram:s0 tclass=dir permissive=0 app=com.zenithblue.sambas3
09-25 09:03:50.405  2866  3614 I am_freeze: [11890,com.android.settings]
09-25 09:03:51.779 11165 11165 I auditd  : type=1400 audit(0.0:6968987): avc:  denied  { search } for  comm="DefaultDispatch" name="zram0" dev="sysfs" ino=107524 scontext=u:r:untrusted_app:s0:c207,c257,c512,c768 tcontext=u:object_r:sysfs_zram:s0 tclass=dir permissive=0 app=com.zenithblue.sambas3
09-25 09:03:51.779 11165 11165 I auditd  : type=1400 audit(0.0:6968988): avc:  denied  { search } for  comm="DefaultDispatch" name="zram0" dev="sysfs" ino=107524 scontext=u:r:untrusted_app:s0:c207,c257,c512,c768 tcontext=u:object_r:sysfs_zram:s0 tclass=dir permissive=0 app=com.zenithblue.sambas3
09-25 09:04:00.803 11165 11165 I auditd  : type=1400 audit(0.0:6968989): avc:  denied  { search } for  comm="DefaultDispatch" name="zram0" dev="sysfs" ino=107524 scontext=u:r:untrusted_app:s0:c207,c257,c512,c768 tcontext=u:object_r:sysfs_zram:s0 tclass=dir permissive=0 app=com.zenithblue.sambas3
09-25 09:04:00.803 11165 11165 I auditd  : type=1400 audit(0.0:6968990): avc:  denied  { search } for  comm="DefaultDispatch" name="zram0" dev="sysfs" ino=107524 scontext=u:r:untrusted_app:s0:c207,c257,c512,c768 tcontext=u:object_r:sysfs_zram:s0 tclass=dir permissive=0 app=com.zenithblue.sambas3
09-25 09:04:09.591 11165 11165 I auditd  : type=1400 audit(0.0:6968991): avc:  denied  { search } for  comm="DefaultDispatch" name="zram0" dev="sysfs" ino=107524 scontext=u:r:untrusted_app:s0:c207,c257,c512,c768 tcontext=u:object_r:sysfs_zram:s0 tclass=dir permissive=0 app=com.zenithblue.sambas3
09-25 09:04:09.591 11165 11165 I auditd  : type=1400 audit(0.0:6968992): avc:  denied  { search } for  comm="DefaultDispatch" name="zram0" dev="sysfs" ino=107524 scontext=u:r:untrusted_app:s0:c207,c257,c512,c768 tcontext=u:object_r:sysfs_zram:s0 tclass=dir permissive=0 app=com.zenithblue.sambas3
09-25 09:04:18.623 11165 11165 I auditd  : type=1400 audit(0.0:6968993): avc:  denied  { search } for  comm="DefaultDispatch" name="zram0" dev="sysfs" ino=107524 scontext=u:r:untrusted_app:s0:c207,c257,c512,c768 tcontext=u:object_r:sysfs_zram:s0 tclass=dir permissive=0 app=com.zenithblue.sambas3
09-25 09:04:18.627 11165 11165 I auditd  : type=1400 audit(0.0:6968994): avc:  denied  { search } for  comm="DefaultDispatch" name="zram0" dev="sysfs" ino=107524 scontext=u:r:untrusted_app:s0:c207,c257,c512,c768 tcontext=u:object_r:sysfs_zram:s0 tclass=dir permissive=0 app=com.zenithblue.sambas3
09-25 09:04:27.431 11165 11165 I auditd  : type=1400 audit(0.0:6968995): avc:  denied  { search } for  comm="DefaultDispatch" name="zram0" dev="sysfs" ino=107524 scontext=u:r:untrusted_app:s0:c207,c257,c512,c768 tcontext=u:object_r:sysfs_zram:s0 tclass=dir permissive=0 app=com.zenithblue.sambas3
09-25 09:04:27.435 11165 11165 I auditd  : type=1400 audit(0.0:6968996): avc:  denied  { search } for  comm="DefaultDispatch" name="zram0" dev="sysfs" ino=107524 scontext=u:r:untrusted_app:s0:c207,c257,c512,c768 tcontext=u:object_r:sysfs_zram:s0 tclass=dir permissive=0 app=com.zenithblue.sambas3
09-25 09:04:36.503 11165 11165 I auditd  : type=1400 audit(0.0:6968997): avc:  denied  { search } for  comm="DefaultDispatch" name="zram0" dev="sysfs" ino=107524 scontext=u:r:untrusted_app:s0:c207,c257,c512,c768 tcontext=u:object_r:sysfs_zram:s0 tclass=dir permissive=0 app=com.zenithblue.sambas3
09-25 09:04:36.507 11165 11165 I auditd  : type=1400 audit(0.0:6968998): avc:  denied  { search } for  comm="DefaultDispatch" name="zram0" dev="sysfs" ino=107524 scontext=u:r:untrusted_app:s0:c207,c257,c512,c768 tcontext=u:object_r:sysfs_zram:s0 tclass=dir permissive=0 app=com.zenithblue.sambas3
09-25 09:04:45.283 11165 11165 I auditd  : type=1400 audit(0.0:6968999): avc:  denied  { search } for  comm="DefaultDispatch" name="zram0" dev="sysfs" ino=107524 scontext=u:r:untrusted_app:s0:c207,c257,c512,c768 tcontext=u:object_r:sysfs_zram:s0 tclass=dir permissive=0 app=com.zenithblue.sambas3
09-25 09:04:45.283 11165 11165 I auditd  : type=1400 audit(0.0:6969000): avc:  denied  { search } for  comm="DefaultDispatch" name="zram0" dev="sysfs" ino=107524 scontext=u:r:untrusted_app:s0:c207,c257,c512,c768 tcontext=u:object_r:sysfs_zram:s0 tclass=dir permissive=0 app=com.zenithblue.sambas3
09-25 09:04:54.087 11165 11165 I auditd  : type=1400 audit(0.0:6969001): avc:  denied  { search } for  comm="DefaultDispatch" name="zram0" dev="sysfs" ino=107524 scontext=u:r:untrusted_app:s0:c207,c257,c512,c768 tcontext=u:object_r:sysfs_zram:s0 tclass=dir permissive=0 app=com.zenithblue.sambas3
09-25 09:04:54.087 11165 11165 I auditd  : type=1400 audit(0.0:6969002): avc:  denied  { search } for  comm="DefaultDispatch" name="zram0" dev="sysfs" ino=107524 scontext=u:r:untrusted_app:s0:c207,c257,c512,c768 tcontext=u:object_r:sysfs_zram:s0 tclass=dir permissive=0 app=com.zenithblue.sambas3
09-25 09:05:03.135 11165 11165 I auditd  : type=1400 audit(0.0:6969003): avc:  denied  { search } for  comm="DefaultDispatch" name="zram0" dev="sysfs" ino=107524 scontext=u:r:untrusted_app:s0:c207,c257,c512,c768 tcontext=u:object_r:sysfs_zram:s0 tclass=dir permissive=0 app=com.zenithblue.sambas3
09-25 09:05:03.135 11165 11165 I auditd  : type=1400 audit(0.0:6969004): avc:  denied  { search } for  comm="DefaultDispatch" name="zram0" dev="sysfs" ino=107524 scontext=u:r:untrusted_app:s0:c207,c257,c512,c768 tcontext=u:object_r:sysfs_zram:s0 tclass=dir permissive=0 app=com.zenithblue.sambas3
09-25 09:05:11.919 11165 11165 I auditd  : type=1400 audit(0.0:6969005): avc:  denied  { search } for  comm="DefaultDispatch" name="zram0" dev="sysfs" ino=107524 scontext=u:r:untrusted_app:s0:c207,c257,c512,c768 tcontext=u:object_r:sysfs_zram:s0 tclass=dir permissive=0 app=com.zenithblue.sambas3
09-25 09:05:11.919 11165 11165 I auditd  : type=1400 audit(0.0:6969006): avc:  denied  { search } for  comm="DefaultDispatch" name="zram0" dev="sysfs" ino=107524 scontext=u:r:untrusted_app:s0:c207,c257,c512,c768 tcontext=u:object_r:sysfs_zram:s0 tclass=dir permissive=0 app=com.zenithblue.sambas3
09-25 09:05:20.971 11165 11165 I auditd  : type=1400 audit(0.0:6969007): avc:  denied  { search } for  comm="DefaultDispatch" name="zram0" dev="sysfs" ino=107524 scontext=u:r:untrusted_app:s0:c207,c257,c512,c768 tcontext=u:object_r:sysfs_zram:s0 tclass=dir permissive=0 app=com.zenithblue.sambas3
09-25 09:05:20.971 11165 11165 I auditd  : type=1400 audit(0.0:6969008): avc:  denied  { search } for  comm="DefaultDispatch" name="zram0" dev="sysfs" ino=107524 scontext=u:r:untrusted_app:s0:c207,c257,c512,c768 tcontext=u:object_r:sysfs_zram:s0 tclass=dir permissive=0 app=com.zenithblue.sambas3
09-25 09:05:22.475  2866  3612 I commit_sys_config_file: [settings-0-0,11]
09-25 09:05:29.735 11165 11165 I auditd  : type=1400 audit(0.0:6969009): avc:  denied  { search } for  comm="DefaultDispatch" name="zram0" dev="sysfs" ino=107524 scontext=u:r:untrusted_app:s0:c207,c257,c512,c768 tcontext=u:object_r:sysfs_zram:s0 tclass=dir permissive=0 app=com.zenithblue.sambas3
09-25 09:05:29.739 11165 11165 I auditd  : type=1400 audit(0.0:6969010): avc:  denied  { search } for  comm="DefaultDispatch" name="zram0" dev="sysfs" ino=107524 scontext=u:r:untrusted_app:s0:c207,c257,c512,c768 tcontext=u:object_r:sysfs_zram:s0 tclass=dir permissive=0 app=com.zenithblue.sambas3
09-25 09:05:38.791 11165 11165 I auditd  : type=1400 audit(0.0:6969011): avc:  denied  { search } for  comm="DefaultDispatch" name="zram0" dev="sysfs" ino=107524 scontext=u:r:untrusted_app:s0:c207,c257,c512,c768 tcontext=u:object_r:sysfs_zram:s0 tclass=dir permissive=0 app=com.zenithblue.sambas3
09-25 09:05:38.791 11165 11165 I auditd  : type=1400 audit(0.0:6969012): avc:  denied  { search } for  comm="DefaultDispatch" name="zram0" dev="sysfs" ino=107524 scontext=u:r:untrusted_app:s0:c207,c257,c512,c768 tcontext=u:object_r:sysfs_zram:s0 tclass=dir permissive=0 app=com.zenithblue.sambas3
09-25 09:05:47.591 11165 11165 I auditd  : type=1400 audit(0.0:6969013): avc:  denied  { search } for  comm="DefaultDispatch" name="zram0" dev="sysfs" ino=107524 scontext=u:r:untrusted_app:s0:c207,c257,c512,c768 tcontext=u:object_r:sysfs_zram:s0 tclass=dir permissive=0 app=com.zenithblue.sambas3
09-25 09:05:47.591 11165 11165 I auditd  : type=1400 audit(0.0:6969014): avc:  denied  { search } for  comm="DefaultDispatch" name="zram0" dev="sysfs" ino=107524 scontext=u:r:untrusted_app:s0:c207,c257,c512,c768 tcontext=u:object_r:sysfs_zram:s0 tclass=dir permissive=0 app=com.zenithblue.sambas3
09-25 09:05:56.663 11165 11165 I auditd  : type=1400 audit(0.0:6969015): avc:  denied  { search } for  comm="DefaultDispatch" name="zram0" dev="sysfs" ino=107524 scontext=u:r:untrusted_app:s0:c207,c257,c512,c768 tcontext=u:object_r:sysfs_zram:s0 tclass=dir permissive=0 app=com.zenithblue.sambas3
09-25 09:05:56.663 11165 11165 I auditd  : type=1400 audit(0.0:6969016): avc:  denied  { search } for  comm="DefaultDispatch" name="zram0" dev="sysfs" ino=107524 scontext=u:r:untrusted_app:s0:c207,c257,c512,c768 tcontext=u:object_r:sysfs_zram:s0 tclass=dir permissive=0 app=com.zenithblue.sambas3
09-25 09:06:05.463 11165 11165 I auditd  : type=1400 audit(0.0:6969017): avc:  denied  { search } for  comm="DefaultDispatch" name="zram0" dev="sysfs" ino=107524 scontext=u:r:untrusted_app:s0:c207,c257,c512,c768 tcontext=u:object_r:sysfs_zram:s0 tclass=dir permissive=0 app=com.zenithblue.sambas3
09-25 09:06:05.463 11165 11165 I auditd  : type=1400 audit(0.0:6969018): avc:  denied  { search } for  comm="DefaultDispatch" name="zram0" dev="sysfs" ino=107524 scontext=u:r:untrusted_app:s0:c207,c257,c512,c768 tcontext=u:object_r:sysfs_zram:s0 tclass=dir permissive=0 app=com.zenithblue.sambas3
09-25 09:06:14.223 11165 11165 I auditd  : type=1400 audit(0.0:6969019): avc:  denied  { search } for  comm="DefaultDispatch" name="zram0" dev="sysfs" ino=107524 scontext=u:r:untrusted_app:s0:c207,c257,c512,c768 tcontext=u:object_r:sysfs_zram:s0 tclass=dir permissive=0 app=com.zenithblue.sambas3
09-25 09:06:14.223 11165 11165 I auditd  : type=1400 audit(0.0:6969020): avc:  denied  { search } for  comm="DefaultDispatch" name="zram0" dev="sysfs" ino=107524 scontext=u:r:untrusted_app:s0:c207,c257,c512,c768 tcontext=u:object_r:sysfs_zram:s0 tclass=dir permissive=0 app=com.zenithblue.sambas3
09-25 09:06:23.267 11165 11165 I auditd  : type=1400 audit(0.0:6969021): avc:  denied  { search } for  comm="DefaultDispatch" name="zram0" dev="sysfs" ino=107524 scontext=u:r:untrusted_app:s0:c207,c257,c512,c768 tcontext=u:object_r:sysfs_zram:s0 tclass=dir permissive=0 app=com.zenithblue.sambas3
09-25 09:06:23.267 11165 11165 I auditd  : type=1400 audit(0.0:6969022): avc:  denied  { search } for  comm="DefaultDispatch" name="zram0" dev="sysfs" ino=107524 scontext=u:r:untrusted_app:s0:c207,c257,c512,c768 tcontext=u:object_r:sysfs_zram:s0 tclass=dir permissive=0 app=com.zenithblue.sambas3
09-25 09:06:32.079 11165 11165 I auditd  : type=1400 audit(0.0:6969023): avc:  denied  { search } for  comm="DefaultDispatch" name="zram0" dev="sysfs" ino=107524 scontext=u:r:untrusted_app:s0:c207,c257,c512,c768 tcontext=u:object_r:sysfs_zram:s0 tclass=dir permissive=0 app=com.zenithblue.sambas3
09-25 09:06:32.079 11165 11165 I auditd  : type=1400 audit(0.0:6969024): avc:  denied  { search } for  comm="DefaultDispatch" name="zram0" dev="sysfs" ino=107524 scontext=u:r:untrusted_app:s0:c207,c257,c512,c768 tcontext=u:object_r:sysfs_zram:s0 tclass=dir permissive=0 app=com.zenithblue.sambas3
09-25 09:06:41.115 11165 11165 I auditd  : type=1400 audit(0.0:6969025): avc:  denied  { search } for  comm="DefaultDispatch" name="zram0" dev="sysfs" ino=107524 scontext=u:r:untrusted_app:s0:c207,c257,c512,c768 tcontext=u:object_r:sysfs_zram:s0 tclass=dir permissive=0 app=com.zenithblue.sambas3
09-25 09:06:41.115 11165 11165 I auditd  : type=1400 audit(0.0:6969026): avc:  denied  { search } for  comm="DefaultDispatch" name="zram0" dev="sysfs" ino=107524 scontext=u:r:untrusted_app:s0:c207,c257,c512,c768 tcontext=u:object_r:sysfs_zram:s0 tclass=dir permissive=0 app=com.zenithblue.sambas3
09-25 09:06:49.887 11165 11165 I auditd  : type=1400 audit(0.0:6969027): avc:  denied  { search } for  comm="DefaultDispatch" name="zram0" dev="sysfs" ino=107524 scontext=u:r:untrusted_app:s0:c207,c257,c512,c768 tcontext=u:object_r:sysfs_zram:s0 tclass=dir permissive=0 app=com.zenithblue.sambas3
09-25 09:06:49.887 11165 11165 I auditd  : type=1400 audit(0.0:6969028): avc:  denied  { search } for  comm="DefaultDispatch" name="zram0" dev="sysfs" ino=107524 scontext=u:r:untrusted_app:s0:c207,c257,c512,c768 tcontext=u:object_r:sysfs_zram:s0 tclass=dir permissive=0 app=com.zenithblue.sambas3
09-25 09:06:58.959 11165 11165 I auditd  : type=1400 audit(0.0:6969029): avc:  denied  { search } for  comm="DefaultDispatch" name="zram0" dev="sysfs" ino=107524 scontext=u:r:untrusted_app:s0:c207,c257,c512,c768 tcontext=u:object_r:sysfs_zram:s0 tclass=dir permissive=0 app=com.zenithblue.sambas3
09-25 09:06:58.963 11165 11165 I auditd  : type=1400 audit(0.0:6969030): avc:  denied  { search } for  comm="DefaultDispatch" name="zram0" dev="sysfs" ino=107524 scontext=u:r:untrusted_app:s0:c207,c257,c512,c768 tcontext=u:object_r:sysfs_zram:s0 tclass=dir permissive=0 app=com.zenithblue.sambas3
09-25 09:07:07.759 11165 11165 I auditd  : type=1400 audit(0.0:6969031): avc:  denied  { search } for  comm="DefaultDispatch" name="zram0" dev="sysfs" ino=107524 scontext=u:r:untrusted_app:s0:c207,c257,c512,c768 tcontext=u:object_r:sysfs_zram:s0 tclass=dir permissive=0 app=com.zenithblue.sambas3
09-25 09:07:07.759 11165 11165 I auditd  : type=1400 audit(0.0:6969032): avc:  denied  { search } for  comm="DefaultDispatch" name="zram0" dev="sysfs" ino=107524 scontext=u:r:untrusted_app:s0:c207,c257,c512,c768 tcontext=u:object_r:sysfs_zram:s0 tclass=dir permissive=0 app=com.zenithblue.sambas3
09-25 09:07:16.799 11165 11165 I auditd  : type=1400 audit(0.0:6969033): avc:  denied  { search } for  comm="DefaultDispatch" name="zram0" dev="sysfs" ino=107524 scontext=u:r:untrusted_app:s0:c207,c257,c512,c768 tcontext=u:object_r:sysfs_zram:s0 tclass=dir permissive=0 app=com.zenithblue.sambas3
09-25 09:07:16.799 11165 11165 I auditd  : type=1400 audit(0.0:6969034): avc:  denied  { search } for  comm="DefaultDispatch" name="zram0" dev="sysfs" ino=107524 scontext=u:r:untrusted_app:s0:c207,c257,c512,c768 tcontext=u:object_r:sysfs_zram:s0 tclass=dir permissive=0 app=com.zenithblue.sambas3
09-25 09:07:22.490  2866  3612 I commit_sys_config_file: [settings-0-0,7]
09-25 09:07:24.949  2866  2917 I commit_sys_config_file: [sync-stats,7]
09-25 09:07:25.551 11165 11165 I auditd  : type=1400 audit(0.0:6969035): avc:  denied  { search } for  comm="DefaultDispatch" name="zram0" dev="sysfs" ino=107524 scontext=u:r:untrusted_app:s0:c207,c257,c512,c768 tcontext=u:object_r:sysfs_zram:s0 tclass=dir permissive=0 app=com.zenithblue.sambas3
09-25 09:07:25.551 11165 11165 I auditd  : type=1400 audit(0.0:6969036): avc:  denied  { search } for  comm="DefaultDispatch" name="zram0" dev="sysfs" ino=107524 scontext=u:r:untrusted_app:s0:c207,c257,c512,c768 tcontext=u:object_r:sysfs_zram:s0 tclass=dir permissive=0 app=com.zenithblue.sambas3
09-25 09:07:34.331 11165 11165 I auditd  : type=1400 audit(0.0:6969037): avc:  denied  { search } for  comm="DefaultDispatch" name="zram0" dev="sysfs" ino=107524 scontext=u:r:untrusted_app:s0:c207,c257,c512,c768 tcontext=u:object_r:sysfs_zram:s0 tclass=dir permissive=0 app=com.zenithblue.sambas3
09-25 09:07:34.331 11165 11165 I auditd  : type=1400 audit(0.0:6969038): avc:  denied  { search } for  comm="DefaultDispatch" name="zram0" dev="sysfs" ino=107524 scontext=u:r:untrusted_app:s0:c207,c257,c512,c768 tcontext=u:object_r:sysfs_zram:s0 tclass=dir permissive=0 app=com.zenithblue.sambas3
09-25 09:07:43.043 11165 11165 I auditd  : type=1400 audit(0.0:6969039): avc:  denied  { search } for  comm="DefaultDispatch" name="zram0" dev="sysfs" ino=107524 scontext=u:r:untrusted_app:s0:c207,c257,c512,c768 tcontext=u:object_r:sysfs_zram:s0 tclass=dir permissive=0 app=com.zenithblue.sambas3
09-25 09:07:43.043 11165 11165 I auditd  : type=1400 audit(0.0:6969040): avc:  denied  { search } for  comm="DefaultDispatch" name="zram0" dev="sysfs" ino=107524 scontext=u:r:untrusted_app:s0:c207,c257,c512,c768 tcontext=u:object_r:sysfs_zram:s0 tclass=dir permissive=0 app=com.zenithblue.sambas3
09-25 09:07:51.807 11165 11165 I auditd  : type=1400 audit(0.0:6969041): avc:  denied  { search } for  comm="DefaultDispatch" name="zram0" dev="sysfs" ino=107524 scontext=u:r:untrusted_app:s0:c207,c257,c512,c768 tcontext=u:object_r:sysfs_zram:s0 tclass=dir permissive=0 app=com.zenithblue.sambas3
09-25 09:07:51.807 11165 11165 I auditd  : type=1400 audit(0.0:6969042): avc:  denied  { search } for  comm="DefaultDispatch" name="zram0" dev="sysfs" ino=107524 scontext=u:r:untrusted_app:s0:c207,c257,c512,c768 tcontext=u:object_r:sysfs_zram:s0 tclass=dir permissive=0 app=com.zenithblue.sambas3
09-25 09:08:00.527 11165 11165 I auditd  : type=1400 audit(0.0:6969043): avc:  denied  { search } for  comm="DefaultDispatch" name="zram0" dev="sysfs" ino=107524 scontext=u:r:untrusted_app:s0:c207,c257,c512,c768 tcontext=u:object_r:sysfs_zram:s0 tclass=dir permissive=0 app=com.zenithblue.sambas3
09-25 09:08:00.527 11165 11165 I auditd  : type=1400 audit(0.0:6969044): avc:  denied  { search } for  comm="DefaultDispatch" name="zram0" dev="sysfs" ino=107524 scontext=u:r:untrusted_app:s0:c207,c257,c512,c768 tcontext=u:object_r:sysfs_zram:s0 tclass=dir permissive=0 app=com.zenithblue.sambas3
09-25 09:08:09.331 11165 11165 I auditd  : type=1400 audit(0.0:6969045): avc:  denied  { search } for  comm="DefaultDispatch" name="zram0" dev="sysfs" ino=107524 scontext=u:r:untrusted_app:s0:c207,c257,c512,c768 tcontext=u:object_r:sysfs_zram:s0 tclass=dir permissive=0 app=com.zenithblue.sambas3
09-25 09:08:09.331 11165 11165 I auditd  : type=1400 audit(0.0:6969046): avc:  denied  { search } for  comm="DefaultDispatch" name="zram0" dev="sysfs" ino=107524 scontext=u:r:untrusted_app:s0:c207,c257,c512,c768 tcontext=u:object_r:sysfs_zram:s0 tclass=dir permissive=0 app=com.zenithblue.sambas3
09-25 09:08:18.071 11165 11165 I auditd  : type=1400 audit(0.0:6969047): avc:  denied  { search } for  comm="DefaultDispatch" name="zram0" dev="sysfs" ino=107524 scontext=u:r:untrusted_app:s0:c207,c257,c512,c768 tcontext=u:object_r:sysfs_zram:s0 tclass=dir permissive=0 app=com.zenithblue.sambas3
09-25 09:08:18.071 11165 11165 I auditd  : type=1400 audit(0.0:6969048): avc:  denied  { search } for  comm="DefaultDispatch" name="zram0" dev="sysfs" ino=107524 scontext=u:r:untrusted_app:s0:c207,c257,c512,c768 tcontext=u:object_r:sysfs_zram:s0 tclass=dir permissive=0 app=com.zenithblue.sambas3
09-25 09:08:26.855 11165 11165 I auditd  : type=1400 audit(0.0:6969049): avc:  denied  { search } for  comm="DefaultDispatch" name="zram0" dev="sysfs" ino=107524 scontext=u:r:untrusted_app:s0:c207,c257,c512,c768 tcontext=u:object_r:sysfs_zram:s0 tclass=dir permissive=0 app=com.zenithblue.sambas3
09-25 09:08:26.855 11165 11165 I auditd  : type=1400 audit(0.0:6969050): avc:  denied  { search } for  comm="DefaultDispatch" name="zram0" dev="sysfs" ino=107524 scontext=u:r:untrusted_app:s0:c207,c257,c512,c768 tcontext=u:object_r:sysfs_zram:s0 tclass=dir permissive=0 app=com.zenithblue.sambas3
09-25 09:08:35.683 11165 11165 I auditd  : type=1400 audit(0.0:6969051): avc:  denied  { search } for  comm="DefaultDispatch" name="zram0" dev="sysfs" ino=107524 scontext=u:r:untrusted_app:s0:c207,c257,c512,c768 tcontext=u:object_r:sysfs_zram:s0 tclass=dir permissive=0 app=com.zenithblue.sambas3
09-25 09:08:35.687 11165 11165 I auditd  : type=1400 audit(0.0:6969052): avc:  denied  { search } for  comm="DefaultDispatch" name="zram0" dev="sysfs" ino=107524 scontext=u:r:untrusted_app:s0:c207,c257,c512,c768 tcontext=u:object_r:sysfs_zram:s0 tclass=dir permissive=0 app=com.zenithblue.sambas3
09-25 09:08:44.371 11165 11165 I auditd  : type=1400 audit(0.0:6969053): avc:  denied  { search } for  comm="DefaultDispatch" name="zram0" dev="sysfs" ino=107524 scontext=u:r:untrusted_app:s0:c207,c257,c512,c768 tcontext=u:object_r:sysfs_zram:s0 tclass=dir permissive=0 app=com.zenithblue.sambas3
09-25 09:08:44.371 11165 11165 I auditd  : type=1400 audit(0.0:6969054): avc:  denied  { search } for  comm="DefaultDispatch" name="zram0" dev="sysfs" ino=107524 scontext=u:r:untrusted_app:s0:c207,c257,c512,c768 tcontext=u:object_r:sysfs_zram:s0 tclass=dir permissive=0 app=com.zenithblue.sambas3
09-25 09:08:53.159 11165 11165 I auditd  : type=1400 audit(0.0:6969055): avc:  denied  { search } for  comm="DefaultDispatch" name="zram0" dev="sysfs" ino=107524 scontext=u:r:untrusted_app:s0:c207,c257,c512,c768 tcontext=u:object_r:sysfs_zram:s0 tclass=dir permissive=0 app=com.zenithblue.sambas3
09-25 09:08:53.159 11165 11165 I auditd  : type=1400 audit(0.0:6969056): avc:  denied  { search } for  comm="DefaultDispatch" name="zram0" dev="sysfs" ino=107524 scontext=u:r:untrusted_app:s0:c207,c257,c512,c768 tcontext=u:object_r:sysfs_zram:s0 tclass=dir permissive=0 app=com.zenithblue.sambas3
09-25 09:09:02.191 11165 11165 I auditd  : type=1400 audit(0.0:6969057): avc:  denied  { search } for  comm="DefaultDispatch" name="zram0" dev="sysfs" ino=107524 scontext=u:r:untrusted_app:s0:c207,c257,c512,c768 tcontext=u:object_r:sysfs_zram:s0 tclass=dir permissive=0 app=com.zenithblue.sambas3
09-25 09:09:02.191 11165 11165 I auditd  : type=1400 audit(0.0:6969058): avc:  denied  { search } for  comm="DefaultDispatch" name="zram0" dev="sysfs" ino=107524 scontext=u:r:untrusted_app:s0:c207,c257,c512,c768 tcontext=u:object_r:sysfs_zram:s0 tclass=dir permissive=0 app=com.zenithblue.sambas3
09-25 09:09:10.963 11165 11165 I auditd  : type=1400 audit(0.0:6969059): avc:  denied  { search } for  comm="DefaultDispatch" name="zram0" dev="sysfs" ino=107524 scontext=u:r:untrusted_app:s0:c207,c257,c512,c768 tcontext=u:object_r:sysfs_zram:s0 tclass=dir permissive=0 app=com.zenithblue.sambas3
09-25 09:09:10.963 11165 11165 I auditd  : type=1400 audit(0.0:6969060): avc:  denied  { search } for  comm="DefaultDispatch" name="zram0" dev="sysfs" ino=107524 scontext=u:r:untrusted_app:s0:c207,c257,c512,c768 tcontext=u:object_r:sysfs_zram:s0 tclass=dir permissive=0 app=com.zenithblue.sambas3
09-25 09:09:20.039 11165 11165 I auditd  : type=1400 audit(0.0:6969061): avc:  denied  { search } for  comm="DefaultDispatch" name="zram0" dev="sysfs" ino=107524 scontext=u:r:untrusted_app:s0:c207,c257,c512,c768 tcontext=u:object_r:sysfs_zram:s0 tclass=dir permissive=0 app=com.zenithblue.sambas3
09-25 09:09:20.043 11165 11165 I auditd  : type=1400 audit(0.0:6969062): avc:  denied  { search } for  comm="DefaultDispatch" name="zram0" dev="sysfs" ino=107524 scontext=u:r:untrusted_app:s0:c207,c257,c512,c768 tcontext=u:object_r:sysfs_zram:s0 tclass=dir permissive=0 app=com.zenithblue.sambas3
09-25 09:09:22.503  2866  3612 I commit_sys_config_file: [settings-0-0,9]
09-25 09:09:28.795 11165 11165 I auditd  : type=1400 audit(0.0:6969063): avc:  denied  { search } for  comm="DefaultDispatch" name="zram0" dev="sysfs" ino=107524 scontext=u:r:untrusted_app:s0:c207,c257,c512,c768 tcontext=u:object_r:sysfs_zram:s0 tclass=dir permissive=0 app=com.zenithblue.sambas3
09-25 09:09:28.795 11165 11165 I auditd  : type=1400 audit(0.0:6969064): avc:  denied  { search } for  comm="DefaultDispatch" name="zram0" dev="sysfs" ino=107524 scontext=u:r:untrusted_app:s0:c207,c257,c512,c768 tcontext=u:object_r:sysfs_zram:s0 tclass=dir permissive=0 app=com.zenithblue.sambas3
09-25 09:09:37.815 11165 11165 I auditd  : type=1400 audit(0.0:6969065): avc:  denied  { search } for  comm="DefaultDispatch" name="zram0" dev="sysfs" ino=107524 scontext=u:r:untrusted_app:s0:c207,c257,c512,c768 tcontext=u:object_r:sysfs_zram:s0 tclass=dir permissive=0 app=com.zenithblue.sambas3
09-25 09:09:37.819 11165 11165 I auditd  : type=1400 audit(0.0:6969066): avc:  denied  { search } for  comm="DefaultDispatch" name="zram0" dev="sysfs" ino=107524 scontext=u:r:untrusted_app:s0:c207,c257,c512,c768 tcontext=u:object_r:sysfs_zram:s0 tclass=dir permissive=0 app=com.zenithblue.sambas3
09-25 09:09:46.303 11165 11165 I auditd  : type=1400 audit(0.0:6969067): avc:  denied  { search } for  comm="DefaultDispatch" name="zram0" dev="sysfs" ino=107524 scontext=u:r:untrusted_app:s0:c207,c257,c512,c768 tcontext=u:object_r:sysfs_zram:s0 tclass=dir permissive=0 app=com.zenithblue.sambas3
09-25 09:09:46.303 11165 11165 I auditd  : type=1400 audit(0.0:6969068): avc:  denied  { search } for  comm="DefaultDispatch" name="zram0" dev="sysfs" ino=107524 scontext=u:r:untrusted_app:s0:c207,c257,c512,c768 tcontext=u:object_r:sysfs_zram:s0 tclass=dir permissive=0 app=com.zenithblue.sambas3
09-25 09:09:55.091 11165 11165 I auditd  : type=1400 audit(0.0:6969069): avc:  denied  { search } for  comm="DefaultDispatch" name="zram0" dev="sysfs" ino=107524 scontext=u:r:untrusted_app:s0:c207,c257,c512,c768 tcontext=u:object_r:sysfs_zram:s0 tclass=dir permissive=0 app=com.zenithblue.sambas3
09-25 09:09:55.091 11165 11165 I auditd  : type=1400 audit(0.0:6969070): avc:  denied  { search } for  comm="DefaultDispatch" name="zram0" dev="sysfs" ino=107524 scontext=u:r:untrusted_app:s0:c207,c257,c512,c768 tcontext=u:object_r:sysfs_zram:s0 tclass=dir permissive=0 app=com.zenithblue.sambas3
09-25 09:10:03.835 11165 11165 I auditd  : type=1400 audit(0.0:6969071): avc:  denied  { search } for  comm="DefaultDispatch" name="zram0" dev="sysfs" ino=107524 scontext=u:r:untrusted_app:s0:c207,c257,c512,c768 tcontext=u:object_r:sysfs_zram:s0 tclass=dir permissive=0 app=com.zenithblue.sambas3
09-25 09:10:03.835 11165 11165 I auditd  : type=1400 audit(0.0:6969072): avc:  denied  { search } for  comm="DefaultDispatch" name="zram0" dev="sysfs" ino=107524 scontext=u:r:untrusted_app:s0:c207,c257,c512,c768 tcontext=u:object_r:sysfs_zram:s0 tclass=dir permissive=0 app=com.zenithblue.sambas3
09-25 09:10:12.607 11165 11165 I auditd  : type=1400 audit(0.0:6969073): avc:  denied  { search } for  comm="DefaultDispatch" name="zram0" dev="sysfs" ino=107524 scontext=u:r:untrusted_app:s0:c207,c257,c512,c768 tcontext=u:object_r:sysfs_zram:s0 tclass=dir permissive=0 app=com.zenithblue.sambas3
09-25 09:10:12.611 11165 11165 I auditd  : type=1400 audit(0.0:6969074): avc:  denied  { search } for  comm="DefaultDispatch" name="zram0" dev="sysfs" ino=107524 scontext=u:r:untrusted_app:s0:c207,c257,c512,c768 tcontext=u:object_r:sysfs_zram:s0 tclass=dir permissive=0 app=com.zenithblue.sambas3
09-25 09:10:20.922  2866  3614 I am_unfreeze: [5586,com.google.android.googlequicksearchbox:search,6]
09-25 09:10:20.931  2866  3605 I job_deferred_execution: 80011159
09-25 09:10:20.934  2866  3605 I job_deferred_execution: 80011162
09-25 09:10:20.943  2866  3614 I am_unfreeze: [24634,com.jio.myjio,6]
09-25 09:10:20.957  2866  3772 I sync    : [gmail-ls,0,4,-1434541572]
09-25 09:10:20.964  2866  3614 I am_unfreeze: [10985,com.google.android.gm,6]
09-25 09:10:20.969  2866  3614 I am_unfreeze: [11194,com.google.android.webview:sandboxed_process0:org.chromium.content.app.SandboxedProcessService0:0,6]
09-25 09:10:20.978  2866  3772 I sync    : [gmail-ls,0,4,-796071476]
09-25 09:10:21.371 11165 11165 I auditd  : type=1400 audit(0.0:6969075): avc:  denied  { search } for  comm="DefaultDispatch" name="zram0" dev="sysfs" ino=107524 scontext=u:r:untrusted_app:s0:c207,c257,c512,c768 tcontext=u:object_r:sysfs_zram:s0 tclass=dir permissive=0 app=com.zenithblue.sambas3
09-25 09:10:21.371 11165 11165 I auditd  : type=1400 audit(0.0:6969076): avc:  denied  { search } for  comm="DefaultDispatch" name="zram0" dev="sysfs" ino=107524 scontext=u:r:untrusted_app:s0:c207,c257,c512,c768 tcontext=u:object_r:sysfs_zram:s0 tclass=dir permissive=0 app=com.zenithblue.sambas3
09-25 09:10:21.865  2866  3772 I sync    : [gmail-ls,1,4,-796071476]
09-25 09:10:21.894  2866  3772 I sync    : [gmail-ls,1,4,-1434541572]
09-25 09:10:23.871  2866  2909 I commit_sys_config_file: [jobs,8]
09-25 09:10:30.155 11165 11165 I auditd  : type=1400 audit(0.0:6969077): avc:  denied  { search } for  comm="DefaultDispatch" name="zram0" dev="sysfs" ino=107524 scontext=u:r:untrusted_app:s0:c207,c257,c512,c768 tcontext=u:object_r:sysfs_zram:s0 tclass=dir permissive=0 app=com.zenithblue.sambas3
09-25 09:10:30.155 11165 11165 I auditd  : type=1400 audit(0.0:6969078): avc:  denied  { search } for  comm="DefaultDispatch" name="zram0" dev="sysfs" ino=107524 scontext=u:r:untrusted_app:s0:c207,c257,c512,c768 tcontext=u:object_r:sysfs_zram:s0 tclass=dir permissive=0 app=com.zenithblue.sambas3
09-25 09:10:31.048  2866  3614 I am_freeze: [24634,com.jio.myjio]
09-25 09:10:31.935  2866  3614 I am_freeze: [10985,com.google.android.gm]
09-25 09:10:31.937  2866  3614 I am_freeze: [11194,com.google.android.webview:sandboxed_process0:org.chromium.content.app.SandboxedProcessService0:0]
09-25 09:10:32.365  2866  3614 I am_compact: [10985,com.google.android.gm,ANON,314348,241308,70828,33972,-118040,-60736,-57132,56668,427,FULL,688179132,905,19,633252,-3364]
09-25 09:10:32.401  2866  3614 I am_compact: [11194,com.google.android.webview:sandboxed_process0:org.chromium.content.app.SandboxedProcessService0:0,ANON,68024,52728,13584,47260,-3656,0,-3640,3576,35,FULL,688181499,905,19,636616,-336]
09-25 09:10:38.863 11165 11165 I auditd  : type=1400 audit(0.0:6969079): avc:  denied  { search } for  comm="DefaultDispatch" name="zram0" dev="sysfs" ino=107524 scontext=u:r:untrusted_app:s0:c207,c257,c512,c768 tcontext=u:object_r:sysfs_zram:s0 tclass=dir permissive=0 app=com.zenithblue.sambas3
09-25 09:10:38.863 11165 11165 I auditd  : type=1400 audit(0.0:6969080): avc:  denied  { search } for  comm="DefaultDispatch" name="zram0" dev="sysfs" ino=107524 scontext=u:r:untrusted_app:s0:c207,c257,c512,c768 tcontext=u:object_r:sysfs_zram:s0 tclass=dir permissive=0 app=com.zenithblue.sambas3
09-25 09:10:47.639 11165 11165 I auditd  : type=1400 audit(0.0:6969081): avc:  denied  { search } for  comm="DefaultDispatch" name="zram0" dev="sysfs" ino=107524 scontext=u:r:untrusted_app:s0:c207,c257,c512,c768 tcontext=u:object_r:sysfs_zram:s0 tclass=dir permissive=0 app=com.zenithblue.sambas3
09-25 09:10:47.639 11165 11165 I auditd  : type=1400 audit(0.0:6969082): avc:  denied  { search } for  comm="DefaultDispatch" name="zram0" dev="sysfs" ino=107524 scontext=u:r:untrusted_app:s0:c207,c257,c512,c768 tcontext=u:object_r:sysfs_zram:s0 tclass=dir permissive=0 app=com.zenithblue.sambas3
09-25 09:10:56.415 11165 11165 I auditd  : type=1400 audit(0.0:6969083): avc:  denied  { search } for  comm="DefaultDispatch" name="zram0" dev="sysfs" ino=107524 scontext=u:r:untrusted_app:s0:c207,c257,c512,c768 tcontext=u:object_r:sysfs_zram:s0 tclass=dir permissive=0 app=com.zenithblue.sambas3
09-25 09:10:56.415 11165 11165 I auditd  : type=1400 audit(0.0:6969084): avc:  denied  { search } for  comm="DefaultDispatch" name="zram0" dev="sysfs" ino=107524 scontext=u:r:untrusted_app:s0:c207,c257,c512,c768 tcontext=u:object_r:sysfs_zram:s0 tclass=dir permissive=0 app=com.zenithblue.sambas3
09-25 09:11:05.147 11165 11165 I auditd  : type=1400 audit(0.0:6969085): avc:  denied  { search } for  comm="DefaultDispatch" name="zram0" dev="sysfs" ino=107524 scontext=u:r:untrusted_app:s0:c207,c257,c512,c768 tcontext=u:object_r:sysfs_zram:s0 tclass=dir permissive=0 app=com.zenithblue.sambas3
09-25 09:11:05.147 11165 11165 I auditd  : type=1400 audit(0.0:6969086): avc:  denied  { search } for  comm="DefaultDispatch" name="zram0" dev="sysfs" ino=107524 scontext=u:r:untrusted_app:s0:c207,c257,c512,c768 tcontext=u:object_r:sysfs_zram:s0 tclass=dir permissive=0 app=com.zenithblue.sambas3
09-25 09:11:13.931 11165 11165 I auditd  : type=1400 audit(0.0:6969087): avc:  denied  { search } for  comm="DefaultDispatch" name="zram0" dev="sysfs" ino=107524 scontext=u:r:untrusted_app:s0:c207,c257,c512,c768 tcontext=u:object_r:sysfs_zram:s0 tclass=dir permissive=0 app=com.zenithblue.sambas3
09-25 09:11:13.931 11165 11165 I auditd  : type=1400 audit(0.0:6969088): avc:  denied  { search } for  comm="DefaultDispatch" name="zram0" dev="sysfs" ino=107524 scontext=u:r:untrusted_app:s0:c207,c257,c512,c768 tcontext=u:object_r:sysfs_zram:s0 tclass=dir permissive=0 app=com.zenithblue.sambas3
09-25 09:11:22.518  2866  3612 I commit_sys_config_file: [settings-0-0,11]
09-25 09:11:22.919 11165 11165 I auditd  : type=1400 audit(0.0:6969089): avc:  denied  { search } for  comm="DefaultDispatch" name="zram0" dev="sysfs" ino=107524 scontext=u:r:untrusted_app:s0:c207,c257,c512,c768 tcontext=u:object_r:sysfs_zram:s0 tclass=dir permissive=0 app=com.zenithblue.sambas3
09-25 09:11:22.923 11165 11165 I auditd  : type=1400 audit(0.0:6969090): avc:  denied  { search } for  comm="DefaultDispatch" name="zram0" dev="sysfs" ino=107524 scontext=u:r:untrusted_app:s0:c207,c257,c512,c768 tcontext=u:object_r:sysfs_zram:s0 tclass=dir permissive=0 app=com.zenithblue.sambas3
09-25 09:11:31.711 11165 11165 I auditd  : type=1400 audit(0.0:6969091): avc:  denied  { search } for  comm="DefaultDispatch" name="zram0" dev="sysfs" ino=107524 scontext=u:r:untrusted_app:s0:c207,c257,c512,c768 tcontext=u:object_r:sysfs_zram:s0 tclass=dir permissive=0 app=com.zenithblue.sambas3
09-25 09:11:31.711 11165 11165 I auditd  : type=1400 audit(0.0:6969092): avc:  denied  { search } for  comm="DefaultDispatch" name="zram0" dev="sysfs" ino=107524 scontext=u:r:untrusted_app:s0:c207,c257,c512,c768 tcontext=u:object_r:sysfs_zram:s0 tclass=dir permissive=0 app=com.zenithblue.sambas3
09-25 09:11:40.415 11165 11165 I auditd  : type=1400 audit(0.0:6969093): avc:  denied  { search } for  comm="DefaultDispatch" name="zram0" dev="sysfs" ino=107524 scontext=u:r:untrusted_app:s0:c207,c257,c512,c768 tcontext=u:object_r:sysfs_zram:s0 tclass=dir permissive=0 app=com.zenithblue.sambas3
09-25 09:11:40.415 11165 11165 I auditd  : type=1400 audit(0.0:6969094): avc:  denied  { search } for  comm="DefaultDispatch" name="zram0" dev="sysfs" ino=107524 scontext=u:r:untrusted_app:s0:c207,c257,c512,c768 tcontext=u:object_r:sysfs_zram:s0 tclass=dir permissive=0 app=com.zenithblue.sambas3
09-25 09:11:48.678  2866  2917 I commit_sys_config_file: [sync-status,11]
09-25 09:11:49.135 11165 11165 I auditd  : type=1400 audit(0.0:6969095): avc:  denied  { search } for  comm="DefaultDispatch" name="zram0" dev="sysfs" ino=107524 scontext=u:r:untrusted_app:s0:c207,c257,c512,c768 tcontext=u:object_r:sysfs_zram:s0 tclass=dir permissive=0 app=com.zenithblue.sambas3
09-25 09:11:49.139 11165 11165 I auditd  : type=1400 audit(0.0:6969096): avc:  denied  { search } for  comm="DefaultDispatch" name="zram0" dev="sysfs" ino=107524 scontext=u:r:untrusted_app:s0:c207,c257,c512,c768 tcontext=u:object_r:sysfs_zram:s0 tclass=dir permissive=0 app=com.zenithblue.sambas3
09-25 09:11:57.911 11165 11165 I auditd  : type=1400 audit(0.0:6969097): avc:  denied  { search } for  comm="DefaultDispatch" name="zram0" dev="sysfs" ino=107524 scontext=u:r:untrusted_app:s0:c207,c257,c512,c768 tcontext=u:object_r:sysfs_zram:s0 tclass=dir permissive=0 app=com.zenithblue.sambas3
09-25 09:11:57.911 11165 11165 I auditd  : type=1400 audit(0.0:6969098): avc:  denied  { search } for  comm="DefaultDispatch" name="zram0" dev="sysfs" ino=107524 scontext=u:r:untrusted_app:s0:c207,c257,c512,c768 tcontext=u:object_r:sysfs_zram:s0 tclass=dir permissive=0 app=com.zenithblue.sambas3
09-25 09:12:06.663 11165 11165 I auditd  : type=1400 audit(0.0:6969099): avc:  denied  { search } for  comm="DefaultDispatch" name="zram0" dev="sysfs" ino=107524 scontext=u:r:untrusted_app:s0:c207,c257,c512,c768 tcontext=u:object_r:sysfs_zram:s0 tclass=dir permissive=0 app=com.zenithblue.sambas3
09-25 09:12:06.663 11165 11165 I auditd  : type=1400 audit(0.0:6969100): avc:  denied  { search } for  comm="DefaultDispatch" name="zram0" dev="sysfs" ino=107524 scontext=u:r:untrusted_app:s0:c207,c257,c512,c768 tcontext=u:object_r:sysfs_zram:s0 tclass=dir permissive=0 app=com.zenithblue.sambas3
09-25 09:12:15.455 11165 11165 I auditd  : type=1400 audit(0.0:6969101): avc:  denied  { search } for  comm="DefaultDispatch" name="zram0" dev="sysfs" ino=107524 scontext=u:r:untrusted_app:s0:c207,c257,c512,c768 tcontext=u:object_r:sysfs_zram:s0 tclass=dir permissive=0 app=com.zenithblue.sambas3
09-25 09:12:15.455 11165 11165 I auditd  : type=1400 audit(0.0:6969102): avc:  denied  { search } for  comm="DefaultDispatch" name="zram0" dev="sysfs" ino=107524 scontext=u:r:untrusted_app:s0:c207,c257,c512,c768 tcontext=u:object_r:sysfs_zram:s0 tclass=dir permissive=0 app=com.zenithblue.sambas3
09-25 09:12:24.167 11165 11165 I auditd  : type=1400 audit(0.0:6969103): avc:  denied  { search } for  comm="DefaultDispatch" name="zram0" dev="sysfs" ino=107524 scontext=u:r:untrusted_app:s0:c207,c257,c512,c768 tcontext=u:object_r:sysfs_zram:s0 tclass=dir permissive=0 app=com.zenithblue.sambas3
09-25 09:12:24.167 11165 11165 I auditd  : type=1400 audit(0.0:6969104): avc:  denied  { search } for  comm="DefaultDispatch" name="zram0" dev="sysfs" ino=107524 scontext=u:r:untrusted_app:s0:c207,c257,c512,c768 tcontext=u:object_r:sysfs_zram:s0 tclass=dir permissive=0 app=com.zenithblue.sambas3
09-25 09:12:32.963 11165 11165 I auditd  : type=1400 audit(0.0:6969105): avc:  denied  { search } for  comm="DefaultDispatch" name="zram0" dev="sysfs" ino=107524 scontext=u:r:untrusted_app:s0:c207,c257,c512,c768 tcontext=u:object_r:sysfs_zram:s0 tclass=dir permissive=0 app=com.zenithblue.sambas3
09-25 09:12:32.963 11165 11165 I auditd  : type=1400 audit(0.0:6969106): avc:  denied  { search } for  comm="DefaultDispatch" name="zram0" dev="sysfs" ino=107524 scontext=u:r:untrusted_app:s0:c207,c257,c512,c768 tcontext=u:object_r:sysfs_zram:s0 tclass=dir permissive=0 app=com.zenithblue.sambas3
09-25 09:12:41.711 11165 11165 I auditd  : type=1400 audit(0.0:6969107): avc:  denied  { search } for  comm="DefaultDispatch" name="zram0" dev="sysfs" ino=107524 scontext=u:r:untrusted_app:s0:c207,c257,c512,c768 tcontext=u:object_r:sysfs_zram:s0 tclass=dir permissive=0 app=com.zenithblue.sambas3
09-25 09:12:41.711 11165 11165 I auditd  : type=1400 audit(0.0:6969108): avc:  denied  { search } for  comm="DefaultDispatch" name="zram0" dev="sysfs" ino=107524 scontext=u:r:untrusted_app:s0:c207,c257,c512,c768 tcontext=u:object_r:sysfs_zram:s0 tclass=dir permissive=0 app=com.zenithblue.sambas3
09-25 09:12:50.523 11165 11165 I auditd  : type=1400 audit(0.0:6969109): avc:  denied  { search } for  comm="DefaultDispatch" name="zram0" dev="sysfs" ino=107524 scontext=u:r:untrusted_app:s0:c207,c257,c512,c768 tcontext=u:object_r:sysfs_zram:s0 tclass=dir permissive=0 app=com.zenithblue.sambas3
09-25 09:12:50.523 11165 11165 I auditd  : type=1400 audit(0.0:6969110): avc:  denied  { search } for  comm="DefaultDispatch" name="zram0" dev="sysfs" ino=107524 scontext=u:r:untrusted_app:s0:c207,c257,c512,c768 tcontext=u:object_r:sysfs_zram:s0 tclass=dir permissive=0 app=com.zenithblue.sambas3
09-25 09:12:59.239 11165 11165 I auditd  : type=1400 audit(0.0:6969111): avc:  denied  { search } for  comm="DefaultDispatch" name="zram0" dev="sysfs" ino=107524 scontext=u:r:untrusted_app:s0:c207,c257,c512,c768 tcontext=u:object_r:sysfs_zram:s0 tclass=dir permissive=0 app=com.zenithblue.sambas3
09-25 09:12:59.239 11165 11165 I auditd  : type=1400 audit(0.0:6969112): avc:  denied  { search } for  comm="DefaultDispatch" name="zram0" dev="sysfs" ino=107524 scontext=u:r:untrusted_app:s0:c207,c257,c512,c768 tcontext=u:object_r:sysfs_zram:s0 tclass=dir permissive=0 app=com.zenithblue.sambas3
09-25 09:13:07.999 11165 11165 I auditd  : type=1400 audit(0.0:6969113): avc:  denied  { search } for  comm="DefaultDispatch" name="zram0" dev="sysfs" ino=107524 scontext=u:r:untrusted_app:s0:c207,c257,c512,c768 tcontext=u:object_r:sysfs_zram:s0 tclass=dir permissive=0 app=com.zenithblue.sambas3
09-25 09:13:07.999 11165 11165 I auditd  : type=1400 audit(0.0:6969114): avc:  denied  { search } for  comm="DefaultDispatch" name="zram0" dev="sysfs" ino=107524 scontext=u:r:untrusted_app:s0:c207,c257,c512,c768 tcontext=u:object_r:sysfs_zram:s0 tclass=dir permissive=0 app=com.zenithblue.sambas3
09-25 09:13:16.779 11165 11165 I auditd  : type=1400 audit(0.0:6969115): avc:  denied  { search } for  comm="DefaultDispatch" name="zram0" dev="sysfs" ino=107524 scontext=u:r:untrusted_app:s0:c207,c257,c512,c768 tcontext=u:object_r:sysfs_zram:s0 tclass=dir permissive=0 app=com.zenithblue.sambas3
09-25 09:13:16.779 11165 11165 I auditd  : type=1400 audit(0.0:6969116): avc:  denied  { search } for  comm="DefaultDispatch" name="zram0" dev="sysfs" ino=107524 scontext=u:r:untrusted_app:s0:c207,c257,c512,c768 tcontext=u:object_r:sysfs_zram:s0 tclass=dir permissive=0 app=com.zenithblue.sambas3
09-25 09:13:22.531  2866  3612 I commit_sys_config_file: [settings-0-0,10]
09-25 09:13:25.459 11165 11165 I auditd  : type=1400 audit(0.0:6969117): avc:  denied  { search } for  comm="DefaultDispatch" name="zram0" dev="sysfs" ino=107524 scontext=u:r:untrusted_app:s0:c207,c257,c512,c768 tcontext=u:object_r:sysfs_zram:s0 tclass=dir permissive=0 app=com.zenithblue.sambas3
09-25 09:13:25.459 11165 11165 I auditd  : type=1400 audit(0.0:6969118): avc:  denied  { search } for  comm="DefaultDispatch" name="zram0" dev="sysfs" ino=107524 scontext=u:r:untrusted_app:s0:c207,c257,c512,c768 tcontext=u:object_r:sysfs_zram:s0 tclass=dir permissive=0 app=com.zenithblue.sambas3
09-25 09:13:34.251 11165 11165 I auditd  : type=1400 audit(0.0:6969119): avc:  denied  { search } for  comm="DefaultDispatch" name="zram0" dev="sysfs" ino=107524 scontext=u:r:untrusted_app:s0:c207,c257,c512,c768 tcontext=u:object_r:sysfs_zram:s0 tclass=dir permissive=0 app=com.zenithblue.sambas3
09-25 09:13:34.251 11165 11165 I auditd  : type=1400 audit(0.0:6969120): avc:  denied  { search } for  comm="DefaultDispatch" name="zram0" dev="sysfs" ino=107524 scontext=u:r:untrusted_app:s0:c207,c257,c512,c768 tcontext=u:object_r:sysfs_zram:s0 tclass=dir permissive=0 app=com.zenithblue.sambas3
09-25 09:13:42.967 11165 11165 I auditd  : type=1400 audit(0.0:6969121): avc:  denied  { search } for  comm="DefaultDispatch" name="zram0" dev="sysfs" ino=107524 scontext=u:r:untrusted_app:s0:c207,c257,c512,c768 tcontext=u:object_r:sysfs_zram:s0 tclass=dir permissive=0 app=com.zenithblue.sambas3
09-25 09:13:42.971 11165 11165 I auditd  : type=1400 audit(0.0:6969122): avc:  denied  { search } for  comm="DefaultDispatch" name="zram0" dev="sysfs" ino=107524 scontext=u:r:untrusted_app:s0:c207,c257,c512,c768 tcontext=u:object_r:sysfs_zram:s0 tclass=dir permissive=0 app=com.zenithblue.sambas3
09-25 09:13:51.739 11165 11165 I auditd  : type=1400 audit(0.0:6969123): avc:  denied  { search } for  comm="DefaultDispatch" name="zram0" dev="sysfs" ino=107524 scontext=u:r:untrusted_app:s0:c207,c257,c512,c768 tcontext=u:object_r:sysfs_zram:s0 tclass=dir permissive=0 app=com.zenithblue.sambas3
09-25 09:13:51.739 11165 11165 I auditd  : type=1400 audit(0.0:6969124): avc:  denied  { search } for  comm="DefaultDispatch" name="zram0" dev="sysfs" ino=107524 scontext=u:r:untrusted_app:s0:c207,c257,c512,c768 tcontext=u:object_r:sysfs_zram:s0 tclass=dir permissive=0 app=com.zenithblue.sambas3
09-25 09:14:00.455 11165 11165 I auditd  : type=1400 audit(0.0:6969125): avc:  denied  { search } for  comm="DefaultDispatch" name="zram0" dev="sysfs" ino=107524 scontext=u:r:untrusted_app:s0:c207,c257,c512,c768 tcontext=u:object_r:sysfs_zram:s0 tclass=dir permissive=0 app=com.zenithblue.sambas3
09-25 09:14:00.459 11165 11165 I auditd  : type=1400 audit(0.0:6969126): avc:  denied  { search } for  comm="DefaultDispatch" name="zram0" dev="sysfs" ino=107524 scontext=u:r:untrusted_app:s0:c207,c257,c512,c768 tcontext=u:object_r:sysfs_zram:s0 tclass=dir permissive=0 app=com.zenithblue.sambas3
09-25 09:14:09.223 11165 11165 I auditd  : type=1400 audit(0.0:6969127): avc:  denied  { search } for  comm="DefaultDispatch" name="zram0" dev="sysfs" ino=107524 scontext=u:r:untrusted_app:s0:c207,c257,c512,c768 tcontext=u:object_r:sysfs_zram:s0 tclass=dir permissive=0 app=com.zenithblue.sambas3
09-25 09:14:09.227 11165 11165 I auditd  : type=1400 audit(0.0:6969128): avc:  denied  { search } for  comm="DefaultDispatch" name="zram0" dev="sysfs" ino=107524 scontext=u:r:untrusted_app:s0:c207,c257,c512,c768 tcontext=u:object_r:sysfs_zram:s0 tclass=dir permissive=0 app=com.zenithblue.sambas3
09-25 09:14:18.007 11165 11165 I auditd  : type=1400 audit(0.0:6969129): avc:  denied  { search } for  comm="DefaultDispatch" name="zram0" dev="sysfs" ino=107524 scontext=u:r:untrusted_app:s0:c207,c257,c512,c768 tcontext=u:object_r:sysfs_zram:s0 tclass=dir permissive=0 app=com.zenithblue.sambas3
09-25 09:14:18.007 11165 11165 I auditd  : type=1400 audit(0.0:6969130): avc:  denied  { search } for  comm="DefaultDispatch" name="zram0" dev="sysfs" ino=107524 scontext=u:r:untrusted_app:s0:c207,c257,c512,c768 tcontext=u:object_r:sysfs_zram:s0 tclass=dir permissive=0 app=com.zenithblue.sambas3
09-25 09:14:26.679 11165 11165 I auditd  : type=1400 audit(0.0:6969131): avc:  denied  { search } for  comm="DefaultDispatch" name="zram0" dev="sysfs" ino=107524 scontext=u:r:untrusted_app:s0:c207,c257,c512,c768 tcontext=u:object_r:sysfs_zram:s0 tclass=dir permissive=0 app=com.zenithblue.sambas3
09-25 09:14:26.679 11165 11165 I auditd  : type=1400 audit(0.0:6969132): avc:  denied  { search } for  comm="DefaultDispatch" name="zram0" dev="sysfs" ino=107524 scontext=u:r:untrusted_app:s0:c207,c257,c512,c768 tcontext=u:object_r:sysfs_zram:s0 tclass=dir permissive=0 app=com.zenithblue.sambas3
09-25 09:14:35.447 11165 11165 I auditd  : type=1400 audit(0.0:6969133): avc:  denied  { search } for  comm="DefaultDispatch" name="zram0" dev="sysfs" ino=107524 scontext=u:r:untrusted_app:s0:c207,c257,c512,c768 tcontext=u:object_r:sysfs_zram:s0 tclass=dir permissive=0 app=com.zenithblue.sambas3
09-25 09:14:35.447 11165 11165 I auditd  : type=1400 audit(0.0:6969134): avc:  denied  { search } for  comm="DefaultDispatch" name="zram0" dev="sysfs" ino=107524 scontext=u:r:untrusted_app:s0:c207,c257,c512,c768 tcontext=u:object_r:sysfs_zram:s0 tclass=dir permissive=0 app=com.zenithblue.sambas3
09-25 09:14:44.439 11165 11165 I auditd  : type=1400 audit(0.0:6969135): avc:  denied  { search } for  comm="DefaultDispatch" name="zram0" dev="sysfs" ino=107524 scontext=u:r:untrusted_app:s0:c207,c257,c512,c768 tcontext=u:object_r:sysfs_zram:s0 tclass=dir permissive=0 app=com.zenithblue.sambas3
09-25 09:14:44.439 11165 11165 I auditd  : type=1400 audit(0.0:6969136): avc:  denied  { search } for  comm="DefaultDispatch" name="zram0" dev="sysfs" ino=107524 scontext=u:r:untrusted_app:s0:c207,c257,c512,c768 tcontext=u:object_r:sysfs_zram:s0 tclass=dir permissive=0 app=com.zenithblue.sambas3
09-25 09:14:53.128  2866  3614 I am_unfreeze: [24634,com.jio.myjio,3]
09-25 09:14:53.203 11165 11165 I auditd  : type=1400 audit(0.0:6969137): avc:  denied  { search } for  comm="DefaultDispatch" name="zram0" dev="sysfs" ino=107524 scontext=u:r:untrusted_app:s0:c207,c257,c512,c768 tcontext=u:object_r:sysfs_zram:s0 tclass=dir permissive=0 app=com.zenithblue.sambas3
09-25 09:14:53.203 11165 11165 I auditd  : type=1400 audit(0.0:6969138): avc:  denied  { search } for  comm="DefaultDispatch" name="zram0" dev="sysfs" ino=107524 scontext=u:r:untrusted_app:s0:c207,c257,c512,c768 tcontext=u:object_r:sysfs_zram:s0 tclass=dir permissive=0 app=com.zenithblue.sambas3
09-25 09:15:01.907 11165 11165 I auditd  : type=1400 audit(0.0:6969139): avc:  denied  { search } for  comm="DefaultDispatch" name="zram0" dev="sysfs" ino=107524 scontext=u:r:untrusted_app:s0:c207,c257,c512,c768 tcontext=u:object_r:sysfs_zram:s0 tclass=dir permissive=0 app=com.zenithblue.sambas3
09-25 09:15:01.911 11165 11165 I auditd  : type=1400 audit(0.0:6969140): avc:  denied  { search } for  comm="DefaultDispatch" name="zram0" dev="sysfs" ino=107524 scontext=u:r:untrusted_app:s0:c207,c257,c512,c768 tcontext=u:object_r:sysfs_zram:s0 tclass=dir permissive=0 app=com.zenithblue.sambas3
09-25 09:15:03.162  2866  3614 I am_freeze: [24634,com.jio.myjio]
09-25 09:15:03.258  2866  3614 I am_compact: [24634,com.jio.myjio,ANON,105968,91624,12120,72640,-16188,-6100,-10088,10032,95,FULL,688202555,905,19,635960,-76]
09-25 09:15:10.655 11165 11165 I auditd  : type=1400 audit(0.0:6969141): avc:  denied  { search } for  comm="DefaultDispatch" name="zram0" dev="sysfs" ino=107524 scontext=u:r:untrusted_app:s0:c207,c257,c512,c768 tcontext=u:object_r:sysfs_zram:s0 tclass=dir permissive=0 app=com.zenithblue.sambas3
09-25 09:15:10.659 11165 11165 I auditd  : type=1400 audit(0.0:6969142): avc:  denied  { search } for  comm="DefaultDispatch" name="zram0" dev="sysfs" ino=107524 scontext=u:r:untrusted_app:s0:c207,c257,c512,c768 tcontext=u:object_r:sysfs_zram:s0 tclass=dir permissive=0 app=com.zenithblue.sambas3
09-25 09:15:19.439 11165 11165 I auditd  : type=1400 audit(0.0:6969143): avc:  denied  { search } for  comm="DefaultDispatch" name="zram0" dev="sysfs" ino=107524 scontext=u:r:untrusted_app:s0:c207,c257,c512,c768 tcontext=u:object_r:sysfs_zram:s0 tclass=dir permissive=0 app=com.zenithblue.sambas3
09-25 09:15:19.439 11165 11165 I auditd  : type=1400 audit(0.0:6969144): avc:  denied  { search } for  comm="DefaultDispatch" name="zram0" dev="sysfs" ino=107524 scontext=u:r:untrusted_app:s0:c207,c257,c512,c768 tcontext=u:object_r:sysfs_zram:s0 tclass=dir permissive=0 app=com.zenithblue.sambas3
09-25 09:15:22.541  2866  3612 I commit_sys_config_file: [settings-0-0,8]
09-25 09:15:28.143 11165 11165 I auditd  : type=1400 audit(0.0:6969145): avc:  denied  { search } for  comm="DefaultDispatch" name="zram0" dev="sysfs" ino=107524 scontext=u:r:untrusted_app:s0:c207,c257,c512,c768 tcontext=u:object_r:sysfs_zram:s0 tclass=dir permissive=0 app=com.zenithblue.sambas3
09-25 09:15:28.143 11165 11165 I auditd  : type=1400 audit(0.0:6969146): avc:  denied  { search } for  comm="DefaultDispatch" name="zram0" dev="sysfs" ino=107524 scontext=u:r:untrusted_app:s0:c207,c257,c512,c768 tcontext=u:object_r:sysfs_zram:s0 tclass=dir permissive=0 app=com.zenithblue.sambas3
09-25 09:15:36.943 11165 11165 I auditd  : type=1400 audit(0.0:6969147): avc:  denied  { search } for  comm="DefaultDispatch" name="zram0" dev="sysfs" ino=107524 scontext=u:r:untrusted_app:s0:c207,c257,c512,c768 tcontext=u:object_r:sysfs_zram:s0 tclass=dir permissive=0 app=com.zenithblue.sambas3
09-25 09:15:36.943 11165 11165 I auditd  : type=1400 audit(0.0:6969148): avc:  denied  { search } for  comm="DefaultDispatch" name="zram0" dev="sysfs" ino=107524 scontext=u:r:untrusted_app:s0:c207,c257,c512,c768 tcontext=u:object_r:sysfs_zram:s0 tclass=dir permissive=0 app=com.zenithblue.sambas3
09-25 09:15:45.707 11165 11165 I auditd  : type=1400 audit(0.0:6969149): avc:  denied  { search } for  comm="DefaultDispatch" name="zram0" dev="sysfs" ino=107524 scontext=u:r:untrusted_app:s0:c207,c257,c512,c768 tcontext=u:object_r:sysfs_zram:s0 tclass=dir permissive=0 app=com.zenithblue.sambas3
09-25 09:15:45.707 11165 11165 I auditd  : type=1400 audit(0.0:6969150): avc:  denied  { search } for  comm="DefaultDispatch" name="zram0" dev="sysfs" ino=107524 scontext=u:r:untrusted_app:s0:c207,c257,c512,c768 tcontext=u:object_r:sysfs_zram:s0 tclass=dir permissive=0 app=com.zenithblue.sambas3
09-25 09:15:54.511 11165 11165 I auditd  : type=1400 audit(0.0:6969151): avc:  denied  { search } for  comm="DefaultDispatch" name="zram0" dev="sysfs" ino=107524 scontext=u:r:untrusted_app:s0:c207,c257,c512,c768 tcontext=u:object_r:sysfs_zram:s0 tclass=dir permissive=0 app=com.zenithblue.sambas3
09-25 09:15:54.511 11165 11165 I auditd  : type=1400 audit(0.0:6969152): avc:  denied  { search } for  comm="DefaultDispatch" name="zram0" dev="sysfs" ino=107524 scontext=u:r:untrusted_app:s0:c207,c257,c512,c768 tcontext=u:object_r:sysfs_zram:s0 tclass=dir permissive=0 app=com.zenithblue.sambas3
09-25 09:16:03.243 11165 11165 I auditd  : type=1400 audit(0.0:6969153): avc:  denied  { search } for  comm="DefaultDispatch" name="zram0" dev="sysfs" ino=107524 scontext=u:r:untrusted_app:s0:c207,c257,c512,c768 tcontext=u:object_r:sysfs_zram:s0 tclass=dir permissive=0 app=com.zenithblue.sambas3
09-25 09:16:03.247 11165 11165 I auditd  : type=1400 audit(0.0:6969154): avc:  denied  { search } for  comm="DefaultDispatch" name="zram0" dev="sysfs" ino=107524 scontext=u:r:untrusted_app:s0:c207,c257,c512,c768 tcontext=u:object_r:sysfs_zram:s0 tclass=dir permissive=0 app=com.zenithblue.sambas3
09-25 09:16:12.031 11165 11165 I auditd  : type=1400 audit(0.0:6969155): avc:  denied  { search } for  comm="DefaultDispatch" name="zram0" dev="sysfs" ino=107524 scontext=u:r:untrusted_app:s0:c207,c257,c512,c768 tcontext=u:object_r:sysfs_zram:s0 tclass=dir permissive=0 app=com.zenithblue.sambas3
09-25 09:16:12.035 11165 11165 I auditd  : type=1400 audit(0.0:6969156): avc:  denied  { search } for  comm="DefaultDispatch" name="zram0" dev="sysfs" ino=107524 scontext=u:r:untrusted_app:s0:c207,c257,c512,c768 tcontext=u:object_r:sysfs_zram:s0 tclass=dir permissive=0 app=com.zenithblue.sambas3
09-25 09:16:20.759 11165 11165 I auditd  : type=1400 audit(0.0:6969157): avc:  denied  { search } for  comm="DefaultDispatch" name="zram0" dev="sysfs" ino=107524 scontext=u:r:untrusted_app:s0:c207,c257,c512,c768 tcontext=u:object_r:sysfs_zram:s0 tclass=dir permissive=0 app=com.zenithblue.sambas3
09-25 09:16:20.759 11165 11165 I auditd  : type=1400 audit(0.0:6969158): avc:  denied  { search } for  comm="DefaultDispatch" name="zram0" dev="sysfs" ino=107524 scontext=u:r:untrusted_app:s0:c207,c257,c512,c768 tcontext=u:object_r:sysfs_zram:s0 tclass=dir permissive=0 app=com.zenithblue.sambas3
09-25 09:16:29.567 11165 11165 I auditd  : type=1400 audit(0.0:6969159): avc:  denied  { search } for  comm="DefaultDispatch" name="zram0" dev="sysfs" ino=107524 scontext=u:r:untrusted_app:s0:c207,c257,c512,c768 tcontext=u:object_r:sysfs_zram:s0 tclass=dir permissive=0 app=com.zenithblue.sambas3
09-25 09:16:29.567 11165 11165 I auditd  : type=1400 audit(0.0:6969160): avc:  denied  { search } for  comm="DefaultDispatch" name="zram0" dev="sysfs" ino=107524 scontext=u:r:untrusted_app:s0:c207,c257,c512,c768 tcontext=u:object_r:sysfs_zram:s0 tclass=dir permissive=0 app=com.zenithblue.sambas3
09-25 09:16:38.367 11165 11165 I auditd  : type=1400 audit(0.0:6969161): avc:  denied  { search } for  comm="DefaultDispatch" name="zram0" dev="sysfs" ino=107524 scontext=u:r:untrusted_app:s0:c207,c257,c512,c768 tcontext=u:object_r:sysfs_zram:s0 tclass=dir permissive=0 app=com.zenithblue.sambas3
09-25 09:16:38.367 11165 11165 I auditd  : type=1400 audit(0.0:6969162): avc:  denied  { search } for  comm="DefaultDispatch" name="zram0" dev="sysfs" ino=107524 scontext=u:r:untrusted_app:s0:c207,c257,c512,c768 tcontext=u:object_r:sysfs_zram:s0 tclass=dir permissive=0 app=com.zenithblue.sambas3
09-25 09:16:47.427 11165 11165 I auditd  : type=1400 audit(0.0:6969163): avc:  denied  { search } for  comm="DefaultDispatch" name="zram0" dev="sysfs" ino=107524 scontext=u:r:untrusted_app:s0:c207,c257,c512,c768 tcontext=u:object_r:sysfs_zram:s0 tclass=dir permissive=0 app=com.zenithblue.sambas3
09-25 09:16:47.427 11165 11165 I auditd  : type=1400 audit(0.0:6969164): avc:  denied  { search } for  comm="DefaultDispatch" name="zram0" dev="sysfs" ino=107524 scontext=u:r:untrusted_app:s0:c207,c257,c512,c768 tcontext=u:object_r:sysfs_zram:s0 tclass=dir permissive=0 app=com.zenithblue.sambas3
09-25 09:16:56.223 11165 11165 I auditd  : type=1400 audit(0.0:6969165): avc:  denied  { search } for  comm="DefaultDispatch" name="zram0" dev="sysfs" ino=107524 scontext=u:r:untrusted_app:s0:c207,c257,c512,c768 tcontext=u:object_r:sysfs_zram:s0 tclass=dir permissive=0 app=com.zenithblue.sambas3
09-25 09:16:56.227 11165 11165 I auditd  : type=1400 audit(0.0:6969166): avc:  denied  { search } for  comm="DefaultDispatch" name="zram0" dev="sysfs" ino=107524 scontext=u:r:untrusted_app:s0:c207,c257,c512,c768 tcontext=u:object_r:sysfs_zram:s0 tclass=dir permissive=0 app=com.zenithblue.sambas3
09-25 09:17:05.239 11165 11165 I auditd  : type=1400 audit(0.0:6969167): avc:  denied  { search } for  comm="DefaultDispatch" name="zram0" dev="sysfs" ino=107524 scontext=u:r:untrusted_app:s0:c207,c257,c512,c768 tcontext=u:object_r:sysfs_zram:s0 tclass=dir permissive=0 app=com.zenithblue.sambas3
09-25 09:17:05.239 11165 11165 I auditd  : type=1400 audit(0.0:6969168): avc:  denied  { search } for  comm="DefaultDispatch" name="zram0" dev="sysfs" ino=107524 scontext=u:r:untrusted_app:s0:c207,c257,c512,c768 tcontext=u:object_r:sysfs_zram:s0 tclass=dir permissive=0 app=com.zenithblue.sambas3
09-25 09:17:14.007 11165 11165 I auditd  : type=1400 audit(0.0:6969169): avc:  denied  { search } for  comm="DefaultDispatch" name="zram0" dev="sysfs" ino=107524 scontext=u:r:untrusted_app:s0:c207,c257,c512,c768 tcontext=u:object_r:sysfs_zram:s0 tclass=dir permissive=0 app=com.zenithblue.sambas3
09-25 09:17:14.007 11165 11165 I auditd  : type=1400 audit(0.0:6969170): avc:  denied  { search } for  comm="DefaultDispatch" name="zram0" dev="sysfs" ino=107524 scontext=u:r:untrusted_app:s0:c207,c257,c512,c768 tcontext=u:object_r:sysfs_zram:s0 tclass=dir permissive=0 app=com.zenithblue.sambas3
09-25 09:17:22.553  2866  3612 I commit_sys_config_file: [settings-0-0,8]
09-25 09:17:23.067 11165 11165 I auditd  : type=1400 audit(0.0:6969171): avc:  denied  { search } for  comm="DefaultDispatch" name="zram0" dev="sysfs" ino=107524 scontext=u:r:untrusted_app:s0:c207,c257,c512,c768 tcontext=u:object_r:sysfs_zram:s0 tclass=dir permissive=0 app=com.zenithblue.sambas3
09-25 09:17:23.067 11165 11165 I auditd  : type=1400 audit(0.0:6969172): avc:  denied  { search } for  comm="DefaultDispatch" name="zram0" dev="sysfs" ino=107524 scontext=u:r:untrusted_app:s0:c207,c257,c512,c768 tcontext=u:object_r:sysfs_zram:s0 tclass=dir permissive=0 app=com.zenithblue.sambas3
09-25 09:17:31.855 11165 11165 I auditd  : type=1400 audit(0.0:6969173): avc:  denied  { search } for  comm="DefaultDispatch" name="zram0" dev="sysfs" ino=107524 scontext=u:r:untrusted_app:s0:c207,c257,c512,c768 tcontext=u:object_r:sysfs_zram:s0 tclass=dir permissive=0 app=com.zenithblue.sambas3
09-25 09:17:31.859 11165 11165 I auditd  : type=1400 audit(0.0:6969174): avc:  denied  { search } for  comm="DefaultDispatch" name="zram0" dev="sysfs" ino=107524 scontext=u:r:untrusted_app:s0:c207,c257,c512,c768 tcontext=u:object_r:sysfs_zram:s0 tclass=dir permissive=0 app=com.zenithblue.sambas3
09-25 09:17:38.872  2866  2928 I commit_sys_config_file: [batterystats,10]
09-25 09:17:38.876  2866  2928 I commit_sys_config_file: [batterystats,1]
09-25 09:17:39.920  2866  2917 I am_pss  : [10644,10303,com.google.android.gms,0,0,0,418869248,0,5,1]
09-25 09:17:39.921  2866  2917 I am_pss  : [21938,10393,com.android.adservices.api,0,0,0,67682304,0,5,1]
09-25 09:17:40.851 11165 11165 I auditd  : type=1400 audit(0.0:6969175): avc:  denied  { search } for  comm="DefaultDispatch" name="zram0" dev="sysfs" ino=107524 scontext=u:r:untrusted_app:s0:c207,c257,c512,c768 tcontext=u:object_r:sysfs_zram:s0 tclass=dir permissive=0 app=com.zenithblue.sambas3
09-25 09:17:40.851 11165 11165 I auditd  : type=1400 audit(0.0:6969176): avc:  denied  { search } for  comm="DefaultDispatch" name="zram0" dev="sysfs" ino=107524 scontext=u:r:untrusted_app:s0:c207,c257,c512,c768 tcontext=u:object_r:sysfs_zram:s0 tclass=dir permissive=0 app=com.zenithblue.sambas3
09-25 09:17:49.315 11165 11165 I auditd  : type=1400 audit(0.0:6969177): avc:  denied  { search } for  comm="DefaultDispatch" name="zram0" dev="sysfs" ino=107524 scontext=u:r:untrusted_app:s0:c207,c257,c512,c768 tcontext=u:object_r:sysfs_zram:s0 tclass=dir permissive=0 app=com.zenithblue.sambas3
09-25 09:17:49.315 11165 11165 I auditd  : type=1400 audit(0.0:6969178): avc:  denied  { search } for  comm="DefaultDispatch" name="zram0" dev="sysfs" ino=107524 scontext=u:r:untrusted_app:s0:c207,c257,c512,c768 tcontext=u:object_r:sysfs_zram:s0 tclass=dir permissive=0 app=com.zenithblue.sambas3
09-25 09:17:58.095 11165 11165 I auditd  : type=1400 audit(0.0:6969179): avc:  denied  { search } for  comm="DefaultDispatch" name="zram0" dev="sysfs" ino=107524 scontext=u:r:untrusted_app:s0:c207,c257,c512,c768 tcontext=u:object_r:sysfs_zram:s0 tclass=dir permissive=0 app=com.zenithblue.sambas3
09-25 09:17:58.095 11165 11165 I auditd  : type=1400 audit(0.0:6969180): avc:  denied  { search } for  comm="DefaultDispatch" name="zram0" dev="sysfs" ino=107524 scontext=u:r:untrusted_app:s0:c207,c257,c512,c768 tcontext=u:object_r:sysfs_zram:s0 tclass=dir permissive=0 app=com.zenithblue.sambas3
09-25 09:18:06.811 11165 11165 I auditd  : type=1400 audit(0.0:6969181): avc:  denied  { search } for  comm="DefaultDispatch" name="zram0" dev="sysfs" ino=107524 scontext=u:r:untrusted_app:s0:c207,c257,c512,c768 tcontext=u:object_r:sysfs_zram:s0 tclass=dir permissive=0 app=com.zenithblue.sambas3
09-25 09:18:06.811 11165 11165 I auditd  : type=1400 audit(0.0:6969182): avc:  denied  { search } for  comm="DefaultDispatch" name="zram0" dev="sysfs" ino=107524 scontext=u:r:untrusted_app:s0:c207,c257,c512,c768 tcontext=u:object_r:sysfs_zram:s0 tclass=dir permissive=0 app=com.zenithblue.sambas3
09-25 09:18:10.276  2866  2917 I am_pss  : [11165,10463,com.zenithblue.sambas3,0,0,0,1547948032,0,2,2]
09-25 09:18:10.278  2866  2917 I am_pss  : [11600,10278,com.android.externalstorage,0,0,0,76857344,0,3,1]
09-25 09:18:10.768  2866  4153 I wm_finish_activity: [0,241118654,1537,com.zenithblue.sambas3/.RPCSXActivity,app-request]
09-25 09:18:10.768  2866  4153 I wm_pause_activity: [0,241118654,com.zenithblue.sambas3/.RPCSXActivity,userLeaving=false,finish]
09-25 09:18:10.771  2866  4153 I am_foreground_service_stop: [0,com.zenithblue.sambas3/.GameSessionService,1,PROC_STATE_TOP,37,37,1,1,1096585,1,STOP_FOREGROUND,1073741824]
09-25 09:18:10.774  2866  2866 I sysui_multi_action: [757,128,758,5,759,8,793,1086584,794,0,795,1086584,796,4000,806,com.zenithblue.sambas3,857,rpcsx-game,858,2,946,0|com.zenithblue.sambas3|g:-2cabb91e,947,0,1500,1086381,1641,service,1688,1]
09-25 09:18:10.774  2866  2866 I notification_canceled: [0|com.zenithblue.sambas3|4000|null|10463,8,1086584,1086584,0,-1,-1,NULL]
09-25 09:18:10.775 11165 11165 I wm_on_top_resumed_lost_called: [241118654,com.zenithblue.sambas3.RPCSXActivity,topStateChangedWhenResumed]
09-25 09:18:10.776 11165 11165 I wm_on_paused_called: [241118654,com.zenithblue.sambas3.RPCSXActivity,performPause,0]
09-25 09:18:10.776  2866  3814 I wm_add_to_stopping: [0,241118654,com.zenithblue.sambas3/.RPCSXActivity,completeFinishing]
09-25 09:18:10.777  2866  3814 I wm_set_resumed_activity: [0,com.zenithblue.sambas3/.MainActivity,resumeTopActivity - onActivityStateChanged]
09-25 09:18:10.778  2866  3814 I wm_resume_activity: [0,79918871,1537,com.zenithblue.sambas3/.MainActivity]
09-25 09:18:10.778  2866  2907 I sysui_multi_action: [757,803,799,window_time_0,802,1097]
09-25 09:18:10.781 11165 11165 I wm_on_restart_called: [79918871,com.zenithblue.sambas3.MainActivity,performRestart,0]
09-25 09:18:10.781 11165 11165 I wm_on_start_called: [79918871,com.zenithblue.sambas3.MainActivity,handleStartActivity,0]
09-25 09:18:10.781  2866  2917 I am_pss  : [11159,10429,juloo.keyboard2,0,0,0,83959808,0,7,1]
09-25 09:18:10.781 11165 11165 I wm_on_resume_called: [79918871,com.zenithblue.sambas3.MainActivity,RESUME_ACTIVITY,0]
09-25 09:18:10.782 11165 11165 I wm_on_top_resumed_gained_called: [79918871,com.zenithblue.sambas3.MainActivity,topStateChangedWhenResumed]
09-25 09:18:10.782  2866  2917 I am_pss  : [11223,10304,com.google.android.googlequicksearchbox:interactor,0,0,0,158732288,0,5,1]
09-25 09:18:10.782  2866  2917 I am_pss  : [5586,10304,com.google.android.googlequicksearchbox:search,0,0,0,230264832,0,19,0]
09-25 09:18:10.783  2866  2866 I notification_enqueue: [10463,11165,com.zenithblue.sambas3,1,0|com.zenithblue.sambas3|g:Aggregate_SilentSection,0,Notification(channel=rpcsx-game shortcut=null contentView=null vibrate=null sound=null defaults=0 flags=ONGOING_EVENT|NO_CLEAR|LOCAL_ONLY|GROUP_SUMMARY|AUTOGROUP_SUMMARY|SILENT color=0x00000000 groupKey=0|com.zenithblue.sambas3|g:Aggregate_SilentSection vis=PRIVATE),1,0]
09-25 09:18:10.783  2866  2917 I am_pss  : [11220,10301,com.google.android.as,0,0,0,148742144,0,5,0]
09-25 09:18:10.784  2866  2917 I am_pss  : [11237,10405,android.ext.services,0,0,0,76132352,0,5,1]
09-25 09:18:10.785  2866  2917 I am_pss  : [10818,1000,co.aospa.sense,0,0,0,59052032,0,6,1]
09-25 09:18:10.786  2866  2917 I am_pss  : [11252,10376,org.lineageos.profiles,0,0,0,59183104,0,5,1]
09-25 09:18:10.787  2866  2917 I am_pss  : [2866,1000,system,0,0,0,776699904,0,0,1]
09-25 09:18:10.795  2866  2911 I input_focus: [Focus request 1e70b6f com.zenithblue.sambas3/com.zenithblue.sambas3.MainActivity,reason=UpdateInputWindows]
09-25 09:18:10.796 11165 11165 I viewroot_draw_event: [VRI[MainActivity],Start draw after previous draw not visible]
09-25 09:18:10.808  2866  3629 I input_focus: [Focus leaving eb415e9 com.zenithblue.sambas3/com.zenithblue.sambas3.RPCSXActivity,reason=NO_WINDOW]
09-25 09:18:10.817 11165 11165 I viewroot_draw_event: [VRI[MainActivity],reportDrawFinished seqId=0]
09-25 09:18:10.831  2866  2917 I am_pss  : [7794,10315,com.google.android.apps.turbo,0,0,0,63975424,0,5,4]
09-25 09:18:10.834  2866  2917 I am_pss  : [3782,10356,com.android.systemui,0,0,0,712388608,0,0,3]
09-25 09:18:10.835  2866  2917 I am_pss  : [7761,1002,com.android.bluetooth,0,0,0,90787840,0,0,1]
09-25 09:18:10.836  2866  2917 I am_pss  : [24634,10489,com.jio.myjio,0,0,0,91934720,0,19,1]
09-25 09:18:10.837  2866  2917 I am_pss  : [5567,10386,com.android.providers.media.module,0,0,0,113295360,0,0,1]
09-25 09:18:10.839  2866  2917 I am_pss  : [10021,10427,com.whatsapp,0,0,0,152887296,0,19,1]
09-25 09:18:10.840  2866  2917 I am_pss  : [5948,10425,com.android.chrome,0,0,0,171208704,0,19,1]
09-25 09:18:10.842  2866  2917 I am_pss  : [4409,10404,com.android.cellbroadcastreceiver.module,0,0,0,84008960,0,19,1]
09-25 09:18:10.843  2866  2917 I am_pss  : [10058,10262,android.process.acore,0,0,0,90140672,0,19,1]
09-25 09:18:10.844  2866  2917 I am_pss  : [10608,10383,com.android.permissioncontroller,0,0,0,103682048,0,19,1]
09-25 09:18:10.846  2866  2917 I am_pss  : [10606,1000,com.android.keychain,0,0,0,78135296,0,19,2]
09-25 09:18:10.849  2866  3629 I input_focus: [Focus entering 1e70b6f com.zenithblue.sambas3/com.zenithblue.sambas3.MainActivity,reason=Window became focusable. Previous reason: NOT_VISIBLE]
09-25 09:18:10.850  2866  2917 I am_pss  : [10230,10300,com.google.android.projection.gearhead:provider,0,0,0,96284672,0,19,3]
09-25 09:18:10.851  2866  2917 I am_pss  : [9991,1000,org.lineageos.lineageparts,0,0,0,85127168,0,19,1]
09-25 09:18:10.852  2866  2917 I am_pss  : [10040,10269,com.android.providers.calendar,0,0,0,76943360,0,19,1]
09-25 09:18:10.853  2866  2917 I am_pss  : [9993,10315,com.google.android.apps.turbo:aab,0,0,0,89247744,0,19,1]
09-25 09:18:10.854  2866  2917 I am_pss  : [9836,10261,android.process.media,0,0,0,76468224,0,19,1]
09-25 09:18:10.855  2866  2917 I am_pss  : [9227,1000,com.android.DeviceAsWebcam,0,0,0,71069696,0,19,1]
09-25 09:18:10.856  2866  2917 I am_pss  : [11890,1000,com.android.settings,0,0,0,110002176,0,10,1]
09-25 09:18:10.857  2866  2917 I am_pss  : [11274,10375,com.android.smspush,0,0,0,56369152,0,6,1]
09-25 09:18:10.857  2866  2917 I am_pss  : [5697,10302,org.lineageos.euicc,0,0,0,53129216,0,0,0]
09-25 09:18:10.859  2866  2917 I am_pss  : [5686,10371,org.ifaa.aidl.manager,0,0,0,52744192,0,0,1]
09-25 09:18:10.859  2866  2917 I am_pss  : [5644,1000,com.libremobileos.freeform,0,0,0,55328768,0,0,0]
09-25 09:18:10.860  2866  2917 I am_pss  : [5629,1000,com.libremobileos.sidebar,0,0,0,55881728,0,0,1]
09-25 09:18:10.862  2866  2917 I am_pss  : [4983,1000,io.chaldeaprjkt.gamespace,0,0,0,122245120,0,0,2]
09-25 09:18:10.863  2866  2917 I am_pss  : [4047,1000,org.protonaosp.columbus,0,0,0,56107008,0,0,1]
09-25 09:18:10.865  2866  2917 I am_pss  : [4019,1001,.dataservices,0,0,0,57536512,0,0,1]
09-25 09:18:10.866  2866  2917 I am_pss  : [9885,10378,com.qti.qcc,0,0,0,88068096,0,0,1]
09-25 09:18:10.867  2866  2917 I am_pss  : [4006,1001,com.android.phone,0,0,0,126898176,0,0,1]
09-25 09:18:10.867  2866  2917 I am_pss  : [3991,10362,org.lineageos.settings.esimswitcher,0,0,0,53039104,0,0,0]
09-25 09:18:10.868  2866  2917 I am_pss  : [3986,1068,com.android.se,0,0,0,55205888,0,0,1]
09-25 09:18:10.868  2866  2917 I am_pss  : [3958,10359,org.codeaurora.ims,0,0,0,71483392,0,0,0]
09-25 09:18:10.869  2866  2917 I am_pss  : [3935,10363,com.qti.phone,0,0,0,56410112,0,0,1]
09-25 09:18:10.870  2866  2917 I am_pss  : [3948,1027,com.android.nfc,0,0,0,72302592,0,0,1]
09-25 09:18:10.871  2866  2917 I am_pss  : [3943,1073,com.android.networkstack.process,0,0,0,81244160,0,0,1]
09-25 09:18:10.871  2866  2917 I am_pss  : [3931,10295,.qtidataservices,0,0,0,70201344,0,0,0]
09-25 09:18:10.872  2866  2917 I am_pss  : [3928,1000,com.android.axion.quicklook,0,0,0,52506624,0,0,0]
09-25 09:18:10.872  2866  2917 I am_pss  : [3916,1000,org.lunaris.dolby,0,0,0,64708608,0,0,0]
09-25 09:18:11.132 11165 11566 I jank_cuj_events_end_request: [80,1790308091132484000,919734856517050,689436575436686]
09-25 09:18:11.316  2866  2910 I wm_destroy_activity: [0,241118654,1537,com.zenithblue.sambas3/.RPCSXActivity,finish-imm:idle]
09-25 09:18:11.323 11165 11165 I surfaceview_layout: [SV[144127630 RPCSXActivity],4,2780,1264,-2,layout,1,0,0]
09-25 09:18:11.323 11165 11165 I surfaceview_callback: [SV[144127630 RPCSXActivity],surfaceDestroyed]
09-25 09:18:11.339 11165 11165 I viewroot_draw_event: [VRI[RPCSXActivity],applyTransactionOnDraw applyImmediately]
09-25 09:18:11.340 11165 11165 I viewroot_draw_event: [VRI[RPCSXActivity],applyTransactionOnDraw applyImmediately]
09-25 09:18:11.340 11165 11165 I viewroot_draw_event: [VRI[RPCSXActivity],Not drawing due to not visible. Reason=!mAppVisible && !mForceDecorViewVisibility]
09-25 09:18:11.344 11165 11165 I wm_on_stop_called: [241118654,com.zenithblue.sambas3.RPCSXActivity,LIFECYCLER_STOP_ACTIVITY,1]
09-25 09:18:11.349 11165 11165 I viewroot_draw_event: [VRI[RPCSXActivity],applyTransactionOnDraw applyImmediately]
09-25 09:18:11.349 11165 11165 I viewroot_draw_event: [VRI[RPCSXActivity],applyTransactionOnDraw applyImmediately]
09-25 09:18:11.353 11165 11165 I wm_on_destroy_called: [241118654,com.zenithblue.sambas3.RPCSXActivity,performDestroy,5]
09-25 09:18:13.305  2866  3814 I am_foreground_service_stop: [0,com.zenithblue.sambas3/.CompilationMonitorService,1,PROC_STATE_TOP,37,37,0,0,1098550,1,STOP_FOREGROUND,1073741824]
09-25 09:18:13.311  2866  2866 I sysui_multi_action: [757,128,758,5,759,8,793,1098556,794,0,795,1061254,796,2000,806,com.zenithblue.sambas3,857,rpcsx-progress,858,2,946,0|com.zenithblue.sambas3|g:-2cabb91e,947,0,1500,1061254,1641,progress,1688,1,1745,2098068913]
09-25 09:18:13.311  2866  2866 I notification_canceled: [0|com.zenithblue.sambas3|2000|null|10463,8,1098556,1061254,0,-1,-1,NULL]
09-25 09:18:13.321  2866  2866 I sysui_multi_action: [757,128,758,5,759,16,793,1088926,794,0,795,1088926,796,1,797,0|com.zenithblue.sambas3|g:Aggregate_SilentSection,806,com.zenithblue.sambas3,857,rpcsx-game,858,2,946,0|com.zenithblue.sambas3|g:-2cabb91e,947,1,1500,1088926,1688,1]
09-25 09:18:13.321  2866  2866 I notification_canceled: [0|com.zenithblue.sambas3|1|0|com.zenithblue.sambas3|g:Aggregate_SilentSection|10463|0|com.zenithblue.sambas3|g:Aggregate_SilentSection,16,1088926,1088926,0,-1,-1,NULL]
09-25 09:18:16.801  2866  3814 I am_uid_stopped: 10463
09-25 09:18:16.805  2866  3814 I am_kill : [0,11165,com.zenithblue.sambas3,0,stop com.zenithblue.sambas3 due to from pid 12905,847168]
09-25 09:18:16.808  2866  3814 I wm_finish_activity: [0,79918871,1537,com.zenithblue.sambas3/.MainActivity,proc died without state saved]
09-25 09:18:16.810  2866  3814 I wm_task_moved: [1,1,0,1,3]
09-25 09:18:16.810  2866  3814 I wm_task_to_front: [0,767,0]
09-25 09:18:16.810  2866  3814 I wm_task_moved: [767,1,0,1,2147483647]
09-25 09:18:16.810  2866  3814 I wm_focused_root_task: [0,0,1,1537,handleAppDied adjustFocusToNextFocusableTask]
09-25 09:18:16.812  2866  3814 I wm_set_resumed_activity: [0,com.android.launcher3/.uioverrides.QuickstepLauncher,resumeTopActivity - onActivityStateChanged]
09-25 09:18:16.815  2866  3814 I wm_resume_activity: [0,258767249,767,com.android.launcher3/.uioverrides.QuickstepLauncher]
09-25 09:18:16.820  2866  2911 I input_focus: [Requesting to set focus to null window,reason=UpdateInputWindows]
09-25 09:18:16.825 10806 10806 I wm_on_restart_called: [258767249,com.android.launcher3.uioverrides.QuickstepLauncher,performRestart,0]
09-25 09:18:16.835 10806 10806 I wm_on_start_called: [258767249,com.android.launcher3.uioverrides.QuickstepLauncher,handleStartActivity,10]
09-25 09:18:16.839 10806 10806 I wm_on_resume_called: [258767249,com.android.launcher3.uioverrides.QuickstepLauncher,RESUME_ACTIVITY,4]
09-25 09:18:16.839 10806 10806 I wm_on_top_resumed_gained_called: [258767249,com.android.launcher3.uioverrides.QuickstepLauncher,topWhenResuming]
09-25 09:18:16.842  2866  3614 I am_unfreeze: [24634,com.jio.myjio,6]
09-25 09:18:16.843  2866  2866 I notification_cancel_all: [1000,2866,com.zenithblue.sambas3,0,0,0,5,NULL]
09-25 09:18:16.844  2866  2911 I input_focus: [Focus request c30bdc com.android.launcher3/com.android.launcher3.uioverrides.QuickstepLauncher,reason=UpdateInputWindows]
09-25 09:18:16.845 10806 10806 I viewroot_draw_event: [VRI[QuickstepLauncher],Start draw after previous draw not visible]
09-25 09:18:16.851  2866  3629 I input_focus: [Focus leaving 1e70b6f com.zenithblue.sambas3/com.zenithblue.sambas3.MainActivity,reason=Waiting for window because NO_WINDOW]
09-25 09:18:16.855 10806 10806 I viewroot_draw_event: [VRI[QuickstepLauncher],reportDrawFinished seqId=3]
09-25 09:18:16.866  2866  2911 I wm_wallpaper_surface: [0,1,Window{c30bdc u0 com.android.launcher3/com.android.launcher3.uioverrides.QuickstepLauncher}]
09-25 09:18:16.879  2866  3629 I input_focus: [Focus entering c30bdc com.android.launcher3/com.android.launcher3.uioverrides.QuickstepLauncher,reason=Window became focusable. Previous reason: NOT_VISIBLE]
09-25 09:18:16.882 10806 10834 I jank_cuj_events_begin_request: [78,1790308096881263000,919740605296266,689442324215851,]
09-25 09:18:17.035  2866  3612 I commit_sys_config_file: [settings-1-0,5]
09-25 09:18:17.037  2866  3612 I commit_sys_config_file: [settings-2-0,2]
09-25 09:18:17.215 10806 10834 I jank_cuj_events_end_request: [78,1790308097214645000,919740938679235,689442657598975]
09-25 09:18:17.243  2866  2910 I configuration_changed: 536872064
09-25 09:18:17.268  2866  2910 I sysui_multi_action: [757,1659,758,4,759,1,1660,0]
09-25 09:18:17.291  2866  3814 I wm_task_removed: [1537,1537,0,removeChild, last child = ActivityRecord{79918871 u0 com.zenithblue.sambas3/.MainActivity t-1 f}} in Task{84ce704 #1537 type=standard A=10463:com.zenithblue.sambas3}]
09-25 09:18:17.304  3782  4148 I viewroot_draw_event: [VRI[ScreenDecorHwcOverlay],reportDrawFinished seqId=657]
09-25 09:18:17.314  3782  4148 I viewroot_draw_event: [VRI[ScreenDecorHwcOverlay],reportDrawFinished seqId=657]
09-25 09:18:17.337 10806 10806 I viewroot_draw_event: [VRI[Taskbar],reportDrawFinished seqId=21]
09-25 09:18:17.338  3782  3782 I viewroot_draw_event: [VRI[StatusBar],reportDrawFinished seqId=0]
09-25 09:18:17.388 10806 10834 I jank_cuj_events_end_request: [80,1790308097388405000,919741112438089,689442831357777]
09-25 09:18:26.843  2866  3614 I am_freeze: [11600,com.android.externalstorage]
09-25 09:18:26.857  2866  3053 I commit_sys_config_file: [package-user-0,10]
09-25 09:18:26.900  2866  3614 I am_compact: [11600,com.android.externalstorage,ANON,75056,55308,17996,42220,-4064,0,-4048,4000,57,FULL,688183734,905,19,635520,-84]
09-25 09:18:26.974  2866  3614 I am_freeze: [24634,com.jio.myjio]
09-25 09:19:10.152  2866  3629 I input_interaction: Interaction with: [107c892 StatusBar,PointerEventDispatcher0], on displayId 0
09-25 09:19:10.156  3782  3782 I sysui_multi_action: [757,803,799,panel_open,802,1]
09-25 09:19:10.159  3782  3782 I sysui_multi_action: [757,1328,758,4,1326,31,1327,1,1329,0]
09-25 09:19:10.160  3782  3824 I jank_cuj_events_begin_request: [0,1790308150158970000,919793883008277,689495601928851,Expand]
09-25 09:19:10.183  2866  4571 I sysui_multi_action: [757,127,758,1]
09-25 09:19:10.183  2866  4571 I sysui_multi_action: [757,804,799,note_load,801,7,802,1]
09-25 09:19:10.184  2866  4571 I notification_panel_revealed: 7
09-25 09:19:10.203  2866  2917 I commit_sys_config_file: [procstats,14]
09-25 09:19:10.207  3782  3782 I viewroot_draw_event: [VRI[NotificationShade],Start draw after previous draw not visible]
09-25 09:19:10.222  3782  3782 I viewroot_draw_event: [VRI[NotificationShade],reportDrawFinished seqId=0]
09-25 09:19:10.231  2866  2911 I input_focus: [Focus request 8c4a75b NotificationShade,reason=UpdateInputWindows]
09-25 09:19:10.233  2866  3614 I am_unfreeze: [11890,com.android.settings,6]
09-25 09:19:10.254  2866  3629 I input_focus: [Focus leaving c30bdc com.android.launcher3/com.android.launcher3.uioverrides.QuickstepLauncher,reason=setFocusedWindow]
09-25 09:19:10.254  2866  3629 I input_focus: [Focus entering 8c4a75b NotificationShade,reason=setFocusedWindow]
09-25 09:19:10.731  3782  3824 I jank_cuj_events_begin_request: [0,1790308150730837000,919794454870048,689496173789684,Collapse]
09-25 09:19:11.233  2866  4564 I sysui_multi_action: [757,128,758,1,793,19150993,794,0,795,12434908,796,1,798,7,806,org.lineageos.etar,857,calendar10,858,4,946,0|org.lineageos.etar|g:Aggr-83a9af05,947,0,1395,7,1500,5514446,1688,1,1745,2098068913]
09-25 09:19:11.233  2866  4564 I sysui_multi_action: [757,1501,758,1,793,19150993,794,0,795,12434908,796,1,806,org.lineageos.etar,857,calendar10,858,4,946,0|org.lineageos.etar|g:Aggr-83a9af05,947,0,1500,0,1688,1,1745,2098068913]
09-25 09:19:11.233  2866  4564 I sysui_multi_action: [757,804,799,note_interruptive,801,0,802,1]
09-25 09:19:11.233  2866  4564 I sysui_multi_action: [757,804,799,note_freshness,801,12434908,802,1]
09-25 09:19:11.233  2866  4564 I notification_visibility: [0|org.lineageos.etar|1|null|10338,1,19150993,12434908,0,7]
09-25 09:19:11.234  2866  4564 I sysui_multi_action: [757,128,758,1,793,2165893,794,0,795,2165893,796,26,798,3,806,android,857,DEVELOPER_IMPORTANT,858,4,947,0,1395,7,1500,2165049,1688,1]
09-25 09:19:11.234  2866  4564 I sysui_multi_action: [757,1501,758,1,793,2165893,794,0,795,2165893,796,26,806,android,857,DEVELOPER_IMPORTANT,858,4,947,0,1500,0,1688,1]
09-25 09:19:11.234  2866  4564 I sysui_multi_action: [757,804,799,note_interruptive,801,0,802,1]
09-25 09:19:11.234  2866  4564 I sysui_multi_action: [757,804,799,note_freshness,801,2165893,802,1]
09-25 09:19:11.234  2866  4564 I notification_visibility: [-1|android|26|null|1000,1,2165893,2165893,0,3]
09-25 09:19:11.235  2866  4564 I sysui_multi_action: [757,128,758,1,793,12434906,794,0,795,12434906,796,0,798,6,806,org.lineageos.etar,857,calendar10,858,4,946,0|org.lineageos.etar|g:Aggr-83a9af05,947,0,1395,7,1500,5514446,1688,1]
09-25 09:19:11.235  2866  4564 I sysui_multi_action: [757,1501,758,1,793,12434907,794,1,795,12434907,796,0,806,org.lineageos.etar,857,calendar10,858,4,946,0|org.lineageos.etar|g:Aggr-83a9af05,947,0,1500,0,1688,1]
09-25 09:19:11.235  2866  4564 I sysui_multi_action: [757,804,799,note_interruptive,801,0,802,1]
09-25 09:19:11.235  2866  4564 I sysui_multi_action: [757,804,799,note_freshness,801,12434906,802,1]
09-25 09:19:11.235  2866  4564 I notification_visibility: [0|org.lineageos.etar|0|null|10338,1,12434906,12434906,0,6]
09-25 09:19:11.236  2866  4564 I sysui_multi_action: [757,128,758,1,793,1336899,794,0,795,1336899,796,1000,798,2,806,android,857,LineageHealthChargingControl,858,2,947,0,1395,7,1500,1336696,1688,1]
09-25 09:19:11.236  2866  4564 I sysui_multi_action: [757,1501,758,1,793,1336900,794,1,795,1336900,796,1000,806,android,857,LineageHealthChargingControl,858,2,947,0,1500,0,1688,1]
09-25 09:19:11.236  2866  4564 I sysui_multi_action: [757,804,799,note_interruptive,801,0,802,1]
09-25 09:19:11.236  2866  4564 I sysui_multi_action: [757,804,799,note_freshness,801,1336899,802,1]
09-25 09:19:11.236  2866  4564 I notification_visibility: [0|android|1000|null|1000,1,1336899,1336899,0,2]
09-25 09:19:11.236  2866  4564 I sysui_multi_action: [757,128,758,1,793,12434681,794,0,795,12434681,796,0,797,0|org.lineageos.etar|g:Aggregate_AlertingSection,798,5,806,org.lineageos.etar,857,calendar10,858,4,946,0|org.lineageos.etar|g:Aggr-83a9af05,947,1,1395,7,1500,12434681,1688,1]
09-25 09:19:11.236  2866  4564 I sysui_multi_action: [757,804,799,note_freshness,801,12434681,802,1]
09-25 09:19:11.236  2866  4564 I notification_visibility: [0|org.lineageos.etar|0|0|org.lineageos.etar|g:Aggregate_AlertingSection|10338|0|org.lineageos.etar|g:Aggregate_AlertingSection,1,12434681,12434681,0,5]
09-25 09:19:11.236  2866  4564 I sysui_multi_action: [757,128,758,1,793,1315242,794,0,795,1315242,796,-477992555,797,gig:-1434541572:^sq_ig_i_personal,798,1,806,com.google.android.gm,857,^nc_1_mail_abhay02delhi@gmail.com,858,3,946,gig:-1434541572:^sq_ig_i_personal,947,0,1395,7,1500,1315038,1641,email,1688,1,1744,1,1745,2098068913]
09-25 09:19:11.236  2866  4564 I sysui_multi_action: [757,1501,758,1,793,1315242,794,0,795,1315242,796,-477992555,797,gig:-1434541572:^sq_ig_i_personal,806,com.google.android.gm,857,^nc_1_mail_abhay02delhi@gmail.com,858,3,946,gig:-1434541572:^sq_ig_i_personal,947,0,1500,0,1641,email,1688,1,1744,1,1745,2098068913]
09-25 09:19:11.236  2866  4564 I sysui_multi_action: [757,804,799,note_interruptive,801,0,802,1]
09-25 09:19:11.236  2866  4564 I sysui_multi_action: [757,804,799,note_freshness,801,1315242,802,1]
09-25 09:19:11.236  2866  4564 I notification_visibility: [0|com.google.android.gm|-477992555|gig:-1434541572:^sq_ig_i_personal|10444,1,1315242,1315242,0,1]
09-25 09:19:11.560  3782  3824 I jank_cuj_events_end_request: [0,1790308151559948000,919795283981662,689497002901298]
09-25 09:19:16.824  2866  2918 I am_uid_idle: 10278
09-25 09:19:22.579  2866  3612 I commit_sys_config_file: [settings-0-0,9]
09-25 09:20:31.098  2866  3614 I am_freeze: [5586,com.google.android.googlequicksearchbox:search]
09-25 09:20:31.330  2866  3614 I am_compact: [5586,com.google.android.googlequicksearchbox:search,ANON,225048,179860,42684,62268,-35768,-220,-35544,35280,232,FULL,688238147,905,19,635296,-548]
09-25 09:21:22.592  2866  3612 I commit_sys_config_file: [settings-0-0,10]
09-25 09:21:38.769  2866  3614 I am_unfreeze: [10058,android.process.acore,7]
09-25 09:21:38.770  2866  5779 I am_uid_active: 10262
09-25 09:21:38.944  2866 12966 I am_uid_running: 10311
09-25 09:21:38.962  2866  2918 I am_uid_running: 10477
09-25 09:21:38.964  2866  2866 I service_manager_stats: [100,4,2485703]
09-25 09:21:38.965  2866  2919 I am_proc_start: [0,12972,10311,com.android.dialer,service,{com.android.dialer/com.android.incallui.InCallServiceImpl}]
09-25 09:21:38.976  2866  2919 I am_proc_start: [0,12980,10477,org.telegram.messenger,broadcast,{org.telegram.messenger/org.telegram.messenger.CallReceiver}]
09-25 09:21:38.979  2866  4402 I am_proc_bound: [0,12972,com.android.dialer]
09-25 09:21:38.995  2866 10258 I am_proc_bound: [0,12980,org.telegram.messenger]
09-25 09:21:39.052  2866  4571 I am_uid_active: 10311
09-25 09:21:39.127  2866  4571 I am_foreground_service_start: [0,com.android.dialer/com.android.incallui.InCallServiceImpl,1,ACTIVITY_STARTER,36,36,0,0,0,1,UNKNOWN,132]
09-25 09:21:39.130  2866  2866 I notification_enqueue: [10311,12972,com.android.dialer,1,NULL,0,Notification(channel=phone_incoming_call shortcut=null contentView=null vibrate=null sound=null defaults=0 flags=ONGOING_EVENT|ONLY_ALERT_ONCE|FOREGROUND_SERVICE|HIGH_PRIORITY color=0xffb8c8da category=call actions=2 vis=PRIVATE publicVersion=Notification(channel=null shortcut=null contentView=null vibrate=null sound=null defaults=0 flags=0 color=0xffb8c8da vis=PRIVATE)),0,1]
09-25 09:21:39.138  2866  2866 I notification_enqueue: [10311,12972,com.android.dialer,1,NULL,0,Notification(channel=phone_incoming_call shortcut=null contentView=null vibrate=null sound=null defaults=0 flags=ONGOING_EVENT|ONLY_ALERT_ONCE|FOREGROUND_SERVICE|HIGH_PRIORITY color=0xffb8c8da category=call actions=2 vis=PRIVATE publicVersion=Notification(channel=null shortcut=null contentView=null vibrate=null sound=null defaults=0 flags=0 color=0xffb8c8da vis=PRIVATE)),0,1]
09-25 09:21:39.139  2866  2866 I notification_enqueue: [10311,12972,com.android.dialer,1,NULL,0,Notification(channel=phone_incoming_call shortcut=null contentView=null vibrate=null sound=null defaults=0 flags=ONGOING_EVENT|ONLY_ALERT_ONCE|FOREGROUND_SERVICE|HIGH_PRIORITY color=0xffb8c8da category=call actions=2 vis=PRIVATE publicVersion=Notification(channel=null shortcut=null contentView=null vibrate=null sound=null defaults=0 flags=0 color=0xffb8c8da vis=PRIVATE)),0,1]
09-25 09:21:39.333  2866  2866 I sysui_multi_action: [757,1501,758,1,793,204,794,0,795,204,796,1,806,com.android.dialer,857,phone_incoming_call,858,4,947,0,1500,0,1641,call,1688,1,1744,1]
09-25 09:21:39.333  2866  2866 I sysui_multi_action: [757,804,799,note_interruptive,801,0,802,1]
09-25 09:21:39.336  2866  2866 I sysui_multi_action: [757,199,758,1,759,32,793,207,794,0,795,207,796,1,806,com.android.dialer,857,phone_incoming_call,858,4,947,0,1500,3,1641,call,1688,1,1744,1]
09-25 09:21:39.337  2866  2866 I notification_alert: [0|com.android.dialer|1|null|10311,0,0,0,0,32]
09-25 09:21:39.346  2866  2866 I sysui_multi_action: [757,199,758,1,759,32,793,209,794,0,795,209,796,1,806,com.android.dialer,857,phone_incoming_call,858,4,947,0,1500,209,1641,call,1688,1,1744,1]
09-25 09:21:39.346  2866  2866 I notification_alert: [0|com.android.dialer|1|null|10311,0,0,0,0,32]
09-25 09:21:39.362  2866  2866 I sysui_multi_action: [757,199,758,1,759,32,793,224,794,0,795,224,796,1,806,com.android.dialer,857,phone_incoming_call,858,4,947,0,1500,224,1641,call,1688,1,1744,1]
09-25 09:21:39.362  2866  2866 I notification_alert: [0|com.android.dialer|1|null|10311,0,0,0,0,32]
09-25 09:21:39.553  3782  3782 I sysui_multi_action: [757,803,799,note_peek,802,1]
09-25 09:21:39.554  3782  3782 I sysui_heads_up_status: [0|com.android.dialer|1|null|10311,1]
09-25 09:21:39.593  3782  3824 I jank_cuj_events_begin_request: [14,1790308299593301000,919943317333377,689645036253065,]
09-25 09:21:40.069  3782  3824 I jank_cuj_events_end_request: [14,1790308300069102000,919943793135512,689645512055096]
09-25 09:21:40.073  2866  4401 I sysui_multi_action: [757,128,758,1,793,935,794,0,795,935,796,1,798,0,806,com.android.dialer,857,phone_incoming_call,858,4,947,0,1395,8,1500,935,1641,call,1688,1,1744,1]
09-25 09:21:40.074  2866  4401 I sysui_multi_action: [757,804,799,note_freshness,801,935,802,1]
09-25 09:21:40.074  2866  4401 I notification_visibility: [0|com.android.dialer|1|null|10311,1,935,935,0,0]
09-25 09:21:40.074  2866  4401 I sysui_multi_action: [757,128,758,1,793,2314736,794,0,795,2314736,796,32,798,5,806,android,857,USB,858,1,947,0,1395,8,1500,2314530,1688,1]
09-25 09:21:40.074  2866  4401 I sysui_multi_action: [757,1501,758,1,793,2314736,794,0,795,2314736,796,32,806,android,857,USB,858,1,947,0,1500,0,1688,1]
09-25 09:21:40.074  2866  4401 I sysui_multi_action: [757,804,799,note_interruptive,801,0,802,1]
09-25 09:21:40.074  2866  4401 I sysui_multi_action: [757,804,799,note_freshness,801,2314736,802,1]
09-25 09:21:40.074  2866  4401 I notification_visibility: [-1|android|32|null|1000,1,2314736,2314736,0,5]
09-25 09:21:40.775  2866  3614 I am_unfreeze: [4409,com.android.cellbroadcastreceiver.module,3]
09-25 09:21:41.000  2866  3629 I input_interaction: Interaction with: [8c4a75b NotificationShade,PointerEventDispatcher0], on displayId 0
09-25 09:21:41.071  2866  4401 I sysui_multi_action: [757,129,758,4,759,1,793,1933,794,998,795,1933,796,1,798,0,806,com.android.dialer,857,phone_incoming_call,858,4,947,0,1395,8,1500,1933,1600,0,1601,0,1629,3,1641,call,1688,1,1744,1]
09-25 09:21:41.072  2866  4401 I notification_action_clicked: [0|com.android.dialer|1|null|10311,PendingIntentRecord{a6f02a9 com.android.dialer broadcastIntent (allowlist: 7397cd8:+30s0ms/0/NOTIFICATION_SERVICE/NotificationManagerService)},Intent { act=com.android.incallui.ACTION_ANSWER_VOICE_INCOMING_CALL xflg=0x4 cmp=com.android.dialer/com.android.incallui.NotificationBroadcastReceiver },1,1933,1933,998,0,8]
09-25 09:21:41.089  2866  4402 I wm_task_created: 1538
09-25 09:21:41.091  2866  4402 I wm_task_moved: [1538,1538,0,1,3]
09-25 09:21:41.091  2866  4402 I wm_task_to_front: [0,1538,0]
09-25 09:21:41.091  2866  4402 I wm_create_task: [0,1538,1538,0]
09-25 09:21:41.091  2866  4402 I wm_create_activity: [0,222358300,1538,com.android.dialer/com.android.incallui.InCallActivity,android.intent.action.MAIN,NULL,NULL,277086208]
09-25 09:21:41.091  2866  4402 I wm_task_moved: [1538,1538,0,1,3]
09-25 09:21:41.091  2866  4402 I wm_pause_activity: [0,258767249,com.android.launcher3/.uioverrides.QuickstepLauncher,userLeaving=false,pauseBackTasks]
09-25 09:21:41.092 10806 10806 I wm_on_top_resumed_lost_called: [258767249,com.android.launcher3.uioverrides.QuickstepLauncher,topStateChangedWhenResumed]
09-25 09:21:41.099 10806 10806 I wm_on_paused_called: [258767249,com.android.launcher3.uioverrides.QuickstepLauncher,performPause,3]
09-25 09:21:41.100  2866  4564 I wm_add_to_stopping: [0,258767249,com.android.launcher3/.uioverrides.QuickstepLauncher,makeInvisible]
09-25 09:21:41.100  2866  4564 I wm_restart_activity: [0,222358300,1538,com.android.dialer/com.android.incallui.InCallActivity]
09-25 09:21:41.101  2866  4564 I wm_set_resumed_activity: [0,com.android.dialer/com.android.incallui.InCallActivity,realStartActivityLocked - onActivityStateChanged]
09-25 09:21:41.101  2866  2907 I sysui_multi_action: [757,803,799,window_time_0,802,210]
09-25 09:21:41.116 12972 12972 I wm_on_create_called: [222358300,com.android.incallui.InCallActivity,performCreate,5]
09-25 09:21:41.153  2866  2866 I notification_enqueue: [10311,12972,com.android.dialer,1,NULL,0,Notification(channel=phone_ongoing_call shortcut=null contentView=null vibrate=null sound=null defaults=0 flags=ONGOING_EVENT|ONLY_ALERT_ONCE|FOREGROUND_SERVICE color=0xffb8c8da category=call actions=2 vis=PRIVATE publicVersion=Notification(channel=null shortcut=null contentView=null vibrate=null sound=null defaults=0 flags=0 color=0xffb8c8da vis=PRIVATE)),1,1]
09-25 09:21:41.153 12972 12972 I wm_on_start_called: [222358300,com.android.incallui.InCallActivity,handleStartActivity,37]
09-25 09:21:41.154 12972 12972 I wm_on_resume_called: [222358300,com.android.incallui.InCallActivity,RESUME_ACTIVITY,1]
09-25 09:21:41.171 12972 12972 I wm_on_top_resumed_gained_called: [222358300,com.android.incallui.InCallActivity,topStateChangedWhenResumed]
09-25 09:21:41.215 12972 12972 I viewroot_draw_event: [VRI[InCallActivity],reportDrawFinished seqId=0]
09-25 09:21:41.218  2866  2907 I sysui_multi_action: [319,131,322,129,325,689646,757,761,758,8,759,2,806,com.android.dialer,871,com.android.incallui.InCallActivity,904,com.android.dialer,905,0,1320,8,1321,5]
09-25 09:21:41.219  2866  2907 I wm_activity_launch_time: [0,222358300,com.android.dialer/com.android.incallui.InCallActivity,129]
09-25 09:21:41.222  2866  2866 I notification_enqueue: [10311,12972,com.android.dialer,1,NULL,0,Notification(channel=phone_ongoing_call shortcut=null contentView=null vibrate=null sound=null defaults=0 flags=ONGOING_EVENT|ONLY_ALERT_ONCE|FOREGROUND_SERVICE color=0xffb8c8da category=call actions=2 vis=PRIVATE publicVersion=Notification(channel=null shortcut=null contentView=null vibrate=null sound=null defaults=0 flags=0 color=0xffb8c8da vis=PRIVATE)),1,1]
09-25 09:21:41.229  2866  2919 I am_proc_start: [0,13098,10311,com.android.incallui,service,{com.android.dialer/com.android.dialer.callrecord.impl.CallRecorderService}]
09-25 09:21:41.244  2866  3119 I am_proc_bound: [0,13098,com.android.incallui]
09-25 09:21:41.273  2866  2866 I sysui_multi_action: [757,804,799,note_click_longevity,801,0,802,1]
09-25 09:21:41.276  2866  2917 I am_pss  : [10806,10365,com.android.launcher3,0,0,0,299220992,0,2,1]
09-25 09:21:41.277  2866  2917 I am_pss  : [11600,10278,com.android.externalstorage,0,0,0,72695808,0,19,1]
09-25 09:21:41.295  1621  1621 I auditd  : type=1400 audit(0.0:6969183): avc:  denied  { search } for  comm="LightningLaunc" name="2458" dev="proc" ino=252926767 scontext=u:r:vendor_hal_perf_default:s0 tcontext=u:r:update_engine:s0 tclass=dir permissive=0
09-25 09:21:41.354  2866  2866 I sysui_multi_action: [757,199,758,1,759,32,793,2216,794,1281,795,202,796,1,806,com.android.dialer,857,phone_ongoing_call,858,3,947,0,1500,202,1641,call,1688,1,1744,1]
09-25 09:21:41.354  2866  2866 I notification_alert: [0|com.android.dialer|1|null|10311,0,0,0,0,32]
09-25 09:21:41.423  2866  2866 I sysui_multi_action: [757,199,758,1,759,32,793,2285,794,1350,795,202,796,1,806,com.android.dialer,857,phone_ongoing_call,858,3,947,0,1500,202,1641,call,1688,1,1744,1]
09-25 09:21:41.423  2866  2866 I notification_alert: [0|com.android.dialer|1|null|10311,0,0,0,0,32]
09-25 09:21:41.438  2866  3726 I stream_devices_changed: [3,2,1]
09-25 09:21:41.441  2866  3699 I stream_devices_changed: [2,2,1]
09-25 09:21:41.445  2866  3699 I stream_devices_changed: [4,2,1]
09-25 09:21:41.446  2866  3699 I stream_devices_changed: [5,2,1]
09-25 09:21:41.503  1621  1621 I auditd  : type=1400 audit(0.0:6969184): avc:  denied  { search } for  comm="LightningLaunc" name="2458" dev="proc" ino=252926767 scontext=u:r:vendor_hal_perf_default:s0 tcontext=u:r:update_engine:s0 tclass=dir permissive=0
09-25 09:21:41.519  2866  2910 I wm_stop_activity: [0,258767249,com.android.launcher3/.uioverrides.QuickstepLauncher]
09-25 09:21:41.529 10806 10806 I viewroot_draw_event: [VRI[QuickstepLauncher],Not drawing due to not visible. Reason=!mAppVisible && !mForceDecorViewVisibility]
09-25 09:21:41.531 10806 10806 I wm_on_stop_called: [258767249,com.android.launcher3.uioverrides.QuickstepLauncher,STOP_ACTIVITY_ITEM,1]
09-25 09:21:41.598  4006  4221 I service_manager_stats: [100,11,1395508]
09-25 09:21:41.657  4006  4006 I gsm_rat_switched_new: [335653,20,14]
09-25 09:21:41.709  3782  3782 I sysui_heads_up_status: [0|com.android.dialer|1|null|10311,0]
09-25 09:21:41.707  1621  1621 I auditd  : type=1400 audit(0.0:6969185): avc:  denied  { search } for  comm="LightningLaunc" name="2458" dev="proc" ino=252926767 scontext=u:r:vendor_hal_perf_default:s0 tcontext=u:r:update_engine:s0 tclass=dir permissive=0
09-25 09:21:41.915  1621  1621 I auditd  : type=1400 audit(0.0:6969186): avc:  denied  { search } for  comm="LightningLaunc" name="2458" dev="proc" ino=252926767 scontext=u:r:vendor_hal_perf_default:s0 tcontext=u:r:update_engine:s0 tclass=dir permissive=0
09-25 09:21:42.119  1621  1621 I auditd  : type=1400 audit(0.0:6969187): avc:  denied  { search } for  comm="LightningLaunc" name="2458" dev="proc" ino=252926767 scontext=u:r:vendor_hal_perf_default:s0 tcontext=u:r:update_engine:s0 tclass=dir permissive=0
09-25 09:21:42.327  1621  1621 I auditd  : type=1400 audit(0.0:6969188): avc:  denied  { search } for  comm="LightningLaunc" name="2458" dev="proc" ino=252926767 scontext=u:r:vendor_hal_perf_default:s0 tcontext=u:r:update_engine:s0 tclass=dir permissive=0
09-25 09:21:42.531  1621  1621 I auditd  : type=1400 audit(0.0:6969189): avc:  denied  { search } for  comm="LightningLaunc" name="2458" dev="proc" ino=252926767 scontext=u:r:vendor_hal_perf_default:s0 tcontext=u:r:update_engine:s0 tclass=dir permissive=0
09-25 09:21:42.676  2866  3671 I netstats_mobile_sample: [72245900798,16318622265,59667406,22008504,71924829598,16224768958,59481370,20198413,1790308302694]
09-25 09:21:42.676  2866  3671 I netstats_wifi_sample: [25106702385,12147183491,23589529,57479801,24913756016,5568309773,24116129,11019456,1790308302694]
09-25 09:21:42.735  1621  1621 I auditd  : type=1400 audit(0.0:6969190): avc:  denied  { search } for  comm="LightningLaunc" name="2458" dev="proc" ino=252926767 scontext=u:r:vendor_hal_perf_default:s0 tcontext=u:r:update_engine:s0 tclass=dir permissive=0
09-25 09:21:42.899  2866  4571 I sysui_multi_action: [757,129,758,4,759,1,793,3761,794,2826,795,1678,796,1,798,0,806,com.android.dialer,857,phone_ongoing_call,858,3,947,0,1395,8,1500,1678,1600,0,1601,0,1629,3,1641,call,1688,1,1744,1]
09-25 09:21:42.899  2866  4571 I notification_action_clicked: [0|com.android.dialer|1|null|10311,PendingIntentRecord{6a8e183 com.android.dialer broadcastIntent (allowlist: 7397cd8:+30s0ms/0/NOTIFICATION_SERVICE/NotificationManagerService)},Intent { act=com.android.incallui.ACTION_TURN_ON_SPEAKER xflg=0x4 cmp=com.android.dialer/com.android.incallui.NotificationBroadcastReceiver },1,3761,1678,2826,0,8]
09-25 09:21:42.943  1621  1621 I auditd  : type=1400 audit(0.0:6969191): avc:  denied  { search } for  comm="LightningLaunc" name="2458" dev="proc" ino=252926767 scontext=u:r:vendor_hal_perf_default:s0 tcontext=u:r:update_engine:s0 tclass=dir permissive=0
09-25 09:21:43.100  2866  2866 I sysui_multi_action: [757,804,799,note_click_longevity,801,0,802,1]
09-25 09:21:43.147  1621  1621 I auditd  : type=1400 audit(0.0:6969192): avc:  denied  { search } for  comm="LightningLaunc" name="2458" dev="proc" ino=252926767 scontext=u:r:vendor_hal_perf_default:s0 tcontext=u:r:update_engine:s0 tclass=dir permissive=0
09-25 09:21:43.361  2866  3726 I stream_devices_changed: [3,1,2]
09-25 09:21:43.362  2866  3699 I stream_devices_changed: [0,1,2]
09-25 09:21:43.363  1621  1621 I auditd  : type=1400 audit(0.0:6969193): avc:  denied  { search } for  comm="LightningLaunc" name="2458" dev="proc" ino=252926767 scontext=u:r:vendor_hal_perf_default:s0 tcontext=u:r:update_engine:s0 tclass=dir permissive=0
09-25 09:21:43.368  2866  3699 I stream_devices_changed: [2,1,2]
09-25 09:21:43.369  2866  3699 I stream_devices_changed: [4,1,2]
09-25 09:21:43.371  2866  3699 I stream_devices_changed: [5,1,2]
09-25 09:21:43.384  2866  2866 I notification_enqueue: [10311,12972,com.android.dialer,1,NULL,0,Notification(channel=phone_ongoing_call shortcut=null contentView=null vibrate=null sound=null defaults=0 flags=ONGOING_EVENT|ONLY_ALERT_ONCE|FOREGROUND_SERVICE color=0xffb8c8da category=call actions=2 vis=PRIVATE publicVersion=Notification(channel=null shortcut=null contentView=null vibrate=null sound=null defaults=0 flags=0 color=0xffb8c8da vis=PRIVATE)),1,1]
09-25 09:21:43.575  1621  1621 I auditd  : type=1400 audit(0.0:6969194): avc:  denied  { search } for  comm="LightningLaunc" name="2458" dev="proc" ino=252926767 scontext=u:r:vendor_hal_perf_default:s0 tcontext=u:r:update_engine:s0 tclass=dir permissive=0
09-25 09:21:43.590  2866  2866 I sysui_multi_action: [757,199,758,1,759,32,793,4452,794,3517,795,208,796,1,806,com.android.dialer,857,phone_ongoing_call,858,3,947,0,1500,208,1641,call,1688,1,1744,1]
09-25 09:21:43.590  2866  2866 I notification_alert: [0|com.android.dialer|1|null|10311,0,0,0,0,32]
09-25 09:21:43.799  1621  1621 I auditd  : type=1400 audit(0.0:6969195): avc:  denied  { search } for  comm="LightningLaunc" name="2458" dev="proc" ino=252926767 scontext=u:r:vendor_hal_perf_default:s0 tcontext=u:r:update_engine:s0 tclass=dir permissive=0
09-25 09:21:44.043  1621  1621 I auditd  : type=1400 audit(0.0:6969196): avc:  denied  { search } for  comm="LightningLaunc" name="2458" dev="proc" ino=252926767 scontext=u:r:vendor_hal_perf_default:s0 tcontext=u:r:update_engine:s0 tclass=dir permissive=0
09-25 09:21:44.275  1621  1621 I auditd  : type=1400 audit(0.0:6969197): avc:  denied  { search } for  comm="LightningLaunc" name="2458" dev="proc" ino=252926767 scontext=u:r:vendor_hal_perf_default:s0 tcontext=u:r:update_engine:s0 tclass=dir permissive=0
09-25 09:21:44.503  1621  1621 I auditd  : type=1400 audit(0.0:6969198): avc:  denied  { search } for  comm="LightningLaunc" name="2458" dev="proc" ino=252926767 scontext=u:r:vendor_hal_perf_default:s0 tcontext=u:r:update_engine:s0 tclass=dir permissive=0
09-25 09:21:44.735  1621  1621 I auditd  : type=1400 audit(0.0:6969199): avc:  denied  { search } for  comm="LightningLaunc" name="2458" dev="proc" ino=252926767 scontext=u:r:vendor_hal_perf_default:s0 tcontext=u:r:update_engine:s0 tclass=dir permissive=0
09-25 09:21:44.959  1621  1621 I auditd  : type=1400 audit(0.0:6969200): avc:  denied  { search } for  comm="LightningLaunc" name="2458" dev="proc" ino=252926767 scontext=u:r:vendor_hal_perf_default:s0 tcontext=u:r:update_engine:s0 tclass=dir permissive=0
09-25 09:21:45.179  1621  1621 I auditd  : type=1400 audit(0.0:6969201): avc:  denied  { search } for  comm="LightningLaunc" name="2458" dev="proc" ino=252926767 scontext=u:r:vendor_hal_perf_default:s0 tcontext=u:r:update_engine:s0 tclass=dir permissive=0
09-25 09:21:45.399  1621  1621 I auditd  : type=1400 audit(0.0:6969202): avc:  denied  { search } for  comm="LightningLaunc" name="2458" dev="proc" ino=252926767 scontext=u:r:vendor_hal_perf_default:s0 tcontext=u:r:update_engine:s0 tclass=dir permissive=0
09-25 09:21:45.623  1621  1621 I auditd  : type=1400 audit(0.0:6969203): avc:  denied  { search } for  comm="LightningLaunc" name="2458" dev="proc" ino=252926767 scontext=u:r:vendor_hal_perf_default:s0 tcontext=u:r:update_engine:s0 tclass=dir permissive=0
09-25 09:21:45.851  1621  1621 I auditd  : type=1400 audit(0.0:6969204): avc:  denied  { search } for  comm="LightningLaunc" name="2458" dev="proc" ino=252926767 scontext=u:r:vendor_hal_perf_default:s0 tcontext=u:r:update_engine:s0 tclass=dir permissive=0
09-25 09:21:46.087  1621  1621 I auditd  : type=1400 audit(0.0:6969205): avc:  denied  { search } for  comm="LightningLaunc" name="2458" dev="proc" ino=252926767 scontext=u:r:vendor_hal_perf_default:s0 tcontext=u:r:update_engine:s0 tclass=dir permissive=0
09-25 09:21:46.315  1621  1621 I auditd  : type=1400 audit(0.0:6969206): avc:  denied  { search } for  comm="LightningLaunc" name="2458" dev="proc" ino=252926767 scontext=u:r:vendor_hal_perf_default:s0 tcontext=u:r:update_engine:s0 tclass=dir permissive=0
09-25 09:21:46.539  1621  1621 I auditd  : type=1400 audit(0.0:6969207): avc:  denied  { search } for  comm="LightningLaunc" name="2458" dev="proc" ino=252926767 scontext=u:r:vendor_hal_perf_default:s0 tcontext=u:r:update_engine:s0 tclass=dir permissive=0
09-25 09:21:46.763  1621  1621 I auditd  : type=1400 audit(0.0:6969208): avc:  denied  { search } for  comm="LightningLaunc" name="2458" dev="proc" ino=252926767 scontext=u:r:vendor_hal_perf_default:s0 tcontext=u:r:update_engine:s0 tclass=dir permissive=0
09-25 09:21:46.983  1621  1621 I auditd  : type=1400 audit(0.0:6969209): avc:  denied  { search } for  comm="LightningLaunc" name="2458" dev="proc" ino=252926767 scontext=u:r:vendor_hal_perf_default:s0 tcontext=u:r:update_engine:s0 tclass=dir permissive=0
09-25 09:21:47.207  1621  1621 I auditd  : type=1400 audit(0.0:6969210): avc:  denied  { search } for  comm="LightningLaunc" name="2458" dev="proc" ino=252926767 scontext=u:r:vendor_hal_perf_default:s0 tcontext=u:r:update_engine:s0 tclass=dir permissive=0
09-25 09:21:47.435  1621  1621 I auditd  : type=1400 audit(0.0:6969211): avc:  denied  { search } for  comm="LightningLaunc" name="2458" dev="proc" ino=252926767 scontext=u:r:vendor_hal_perf_default:s0 tcontext=u:r:update_engine:s0 tclass=dir permissive=0
09-25 09:21:47.663  1621  1621 I auditd  : type=1400 audit(0.0:6969212): avc:  denied  { search } for  comm="LightningLaunc" name="2458" dev="proc" ino=252926767 scontext=u:r:vendor_hal_perf_default:s0 tcontext=u:r:update_engine:s0 tclass=dir permissive=0
09-25 09:21:47.891  1621  1621 I auditd  : type=1400 audit(0.0:6969213): avc:  denied  { search } for  comm="LightningLaunc" name="2458" dev="proc" ino=252926767 scontext=u:r:vendor_hal_perf_default:s0 tcontext=u:r:update_engine:s0 tclass=dir permissive=0
09-25 09:21:48.123  1621  1621 I auditd  : type=1400 audit(0.0:6969214): avc:  denied  { search } for  comm="LightningLaunc" name="2458" dev="proc" ino=252926767 scontext=u:r:vendor_hal_perf_default:s0 tcontext=u:r:update_engine:s0 tclass=dir permissive=0
09-25 09:21:48.351  1621  1621 I auditd  : type=1400 audit(0.0:6969215): avc:  denied  { search } for  comm="LightningLaunc" name="2458" dev="proc" ino=252926767 scontext=u:r:vendor_hal_perf_default:s0 tcontext=u:r:update_engine:s0 tclass=dir permissive=0
09-25 09:21:48.575  1621  1621 I auditd  : type=1400 audit(0.0:6969216): avc:  denied  { search } for  comm="LightningLaunc" name="2458" dev="proc" ino=252926767 scontext=u:r:vendor_hal_perf_default:s0 tcontext=u:r:update_engine:s0 tclass=dir permissive=0
09-25 09:21:48.799  1621  1621 I auditd  : type=1400 audit(0.0:6969217): avc:  denied  { search } for  comm="LightningLaunc" name="2458" dev="proc" ino=252926767 scontext=u:r:vendor_hal_perf_default:s0 tcontext=u:r:update_engine:s0 tclass=dir permissive=0
09-25 09:21:49.023  1621  1621 I auditd  : type=1400 audit(0.0:6969218): avc:  denied  { search } for  comm="LightningLaunc" name="2458" dev="proc" ino=252926767 scontext=u:r:vendor_hal_perf_default:s0 tcontext=u:r:update_engine:s0 tclass=dir permissive=0
09-25 09:21:49.133  2866  3614 I am_unfreeze: [24634,com.jio.myjio,6]
09-25 09:21:49.247  1621  1621 I auditd  : type=1400 audit(0.0:6969219): avc:  denied  { search } for  comm="LightningLaunc" name="2458" dev="proc" ino=252926767 scontext=u:r:vendor_hal_perf_default:s0 tcontext=u:r:update_engine:s0 tclass=dir permissive=0
09-25 09:21:49.471  1621  1621 I auditd  : type=1400 audit(0.0:6969220): avc:  denied  { search } for  comm="LightningLaunc" name="2458" dev="proc" ino=252926767 scontext=u:r:vendor_hal_perf_default:s0 tcontext=u:r:update_engine:s0 tclass=dir permissive=0
09-25 09:21:49.695  1621  1621 I auditd  : type=1400 audit(0.0:6969221): avc:  denied  { search } for  comm="LightningLaunc" name="2458" dev="proc" ino=252926767 scontext=u:r:vendor_hal_perf_default:s0 tcontext=u:r:update_engine:s0 tclass=dir permissive=0
09-25 09:21:49.867  2866  2866 I auditd  : type=1400 audit(0.0:6969222): avc:  denied  { getopt } for  comm="binder:2866_19" scontext=u:r:system_server:s0 tcontext=u:r:shell:s0 tclass=unix_stream_socket permissive=0
09-25 09:21:49.867  2866  2866 I auditd  : type=1400 audit(0.0:6969223): avc:  denied  { getopt } for  comm="binder:2866_19" scontext=u:r:system_server:s0 tcontext=u:r:shell:s0 tclass=unix_stream_socket permissive=0
09-25 09:21:49.888  2866  2909 I commit_sys_config_file: [package-session,9]
09-25 09:21:49.889  2866  2909 I commit_sys_config_file: [package-session,1]
09-25 09:21:50.367  1621  1621 I auditd  : type=1400 audit(0.0:6969227): avc:  denied  { search } for  comm="LightningLaunc" name="2458" dev="proc" ino=252926767 scontext=u:r:vendor_hal_perf_default:s0 tcontext=u:r:update_engine:s0 tclass=dir permissive=0
09-25 09:21:50.391  2866  4564 I sysui_multi_action: [757,129,758,4,759,0,793,11253,794,10318,795,7009,796,1,798,0,806,com.android.dialer,857,phone_ongoing_call,858,3,947,0,1395,8,1500,7009,1600,0,1601,0,1629,3,1641,call,1688,1,1744,1]
09-25 09:21:50.392  2866  4564 I notification_action_clicked: [0|com.android.dialer|1|null|10311,PendingIntentRecord{9f37c2c com.android.dialer broadcastIntent (allowlist: 7397cd8:+30s0ms/0/NOTIFICATION_SERVICE/NotificationManagerService)},Intent { act=com.android.incallui.ACTION_HANG_UP_ONGOING_CALL xflg=0x4 cmp=com.android.dialer/com.android.incallui.NotificationBroadcastReceiver },0,11253,7009,10318,0,8]
09-25 09:21:50.401  2866  2917 I am_pss  : [12972,10311,com.android.dialer,0,0,0,229937152,0,2,2]
09-25 09:21:50.404  2866  4574 I am_foreground_service_stop: [0,com.android.dialer/com.android.incallui.InCallServiceImpl,1,ACTIVITY_STARTER,36,36,0,0,11277,1,STOP_FOREGROUND,132]
09-25 09:21:50.408  2866  2866 I sysui_multi_action: [757,128,758,5,759,8,793,11269,794,10334,795,7025,796,1,806,com.android.dialer,857,phone_ongoing_call,858,3,947,0,1500,7025,1641,call,1688,1,1744,1]
09-25 09:21:50.408  2866  2866 I notification_canceled: [0|com.android.dialer|1|null|10311,8,11269,7025,10334,-1,-1,NULL]
09-25 09:21:50.430  3782  3824 I jank_cuj_events_begin_request: [15,1790308310430329000,919954154361966,689655873281550,]
09-25 09:21:50.540  2866  2919 I am_proc_start: [0,13163,10262,com.android.calllogbackup,broadcast,{com.android.calllogbackup/com.android.calllogbackup.CallLogChangeReceiver}]
09-25 09:21:50.560  2866 10258 I am_proc_bound: [0,13163,com.android.calllogbackup]
09-25 09:21:50.587  1621  1621 I auditd  : type=1400 audit(0.0:6969228): avc:  denied  { search } for  comm="LightningLaunc" name="2458" dev="proc" ino=252926767 scontext=u:r:vendor_hal_perf_default:s0 tcontext=u:r:update_engine:s0 tclass=dir permissive=0
09-25 09:21:50.704  2866  4402 I wm_finish_activity: [0,222358300,1538,com.android.dialer/com.android.incallui.InCallActivity,finish-activity]
09-25 09:21:50.704  2866  4402 I wm_task_moved: [1,1,0,1,3]
09-25 09:21:50.704  2866  4402 I wm_task_to_front: [0,767,0]
09-25 09:21:50.704  2866  4402 I wm_task_moved: [767,1,0,1,2147483647]
09-25 09:21:50.704  2866  4402 I wm_pause_activity: [0,222358300,com.android.dialer/com.android.incallui.InCallActivity,userLeaving=false,finish]
09-25 09:21:50.705  2866  2907 I sysui_multi_action: [757,803,799,window_time_0,802,10]
09-25 09:21:50.709 12972 12972 I wm_on_top_resumed_lost_called: [222358300,com.android.incallui.InCallActivity,topStateChangedWhenResumed]
09-25 09:21:50.710 12972 12972 I wm_on_paused_called: [222358300,com.android.incallui.InCallActivity,performPause,0]
09-25 09:21:50.710  2866  4564 I wm_add_to_stopping: [0,222358300,com.android.dialer/com.android.incallui.InCallActivity,completeFinishing]
09-25 09:21:50.712  2866  4564 I wm_set_resumed_activity: [0,com.android.launcher3/.uioverrides.QuickstepLauncher,resumeTopActivity - onActivityStateChanged]
09-25 09:21:50.712  2866  4564 I wm_resume_activity: [0,258767249,767,com.android.launcher3/.uioverrides.QuickstepLauncher]
09-25 09:21:50.712  2866  2907 I sysui_multi_action: [757,803,799,window_time_0,802,0]
09-25 09:21:50.716 10806 10806 I wm_on_restart_called: [258767249,com.android.launcher3.uioverrides.QuickstepLauncher,performRestart,0]
09-25 09:21:50.718 10806 10806 I wm_on_start_called: [258767249,com.android.launcher3.uioverrides.QuickstepLauncher,handleStartActivity,2]
09-25 09:21:50.720 10806 10806 I wm_on_resume_called: [258767249,com.android.launcher3.uioverrides.QuickstepLauncher,RESUME_ACTIVITY,2]
09-25 09:21:50.720 10806 10806 I wm_on_top_resumed_gained_called: [258767249,com.android.launcher3.uioverrides.QuickstepLauncher,topStateChangedWhenResumed]
09-25 09:21:50.723 10806 10806 I viewroot_draw_event: [VRI[QuickstepLauncher],Start draw after previous draw not visible]
09-25 09:21:50.732 10806 10806 I viewroot_draw_event: [VRI[QuickstepLauncher],reportDrawFinished seqId=3]
09-25 09:21:50.744 10806 10834 I jank_cuj_events_begin_request: [9,1790308310744600000,919954468632435,689656187552019,]
09-25 09:21:50.771  2866  3726 I stream_devices_changed: [3,2,1]
09-25 09:21:50.772  2866  3699 I stream_devices_changed: [0,2,1]
09-25 09:21:50.773  2866  3699 I stream_devices_changed: [2,2,1]
09-25 09:21:50.774  2866  3699 I stream_devices_changed: [4,2,1]
09-25 09:21:50.774  2866  3699 I stream_devices_changed: [5,2,1]
09-25 09:21:50.799  1621  1621 I auditd  : type=1400 audit(0.0:6969229): avc:  denied  { search } for  comm="LightningLaunc" name="2458" dev="proc" ino=252926767 scontext=u:r:vendor_hal_perf_default:s0 tcontext=u:r:update_engine:s0 tclass=dir permissive=0
09-25 09:21:51.015  1621  1621 I auditd  : type=1400 audit(0.0:6969230): avc:  denied  { search } for  comm="LightningLaunc" name="2458" dev="proc" ino=252926767 scontext=u:r:vendor_hal_perf_default:s0 tcontext=u:r:update_engine:s0 tclass=dir permissive=0
09-25 09:21:51.229  3782  3824 I jank_cuj_events_begin_request: [2,1790308311228627000,919954952659987,689656671579571,]
09-25 09:21:51.231  1621  1621 I auditd  : type=1400 audit(0.0:6969231): avc:  denied  { search } for  comm="LightningLaunc" name="2458" dev="proc" ino=252926767 scontext=u:r:vendor_hal_perf_default:s0 tcontext=u:r:update_engine:s0 tclass=dir permissive=0
09-25 09:21:51.238  3782  3824 I jank_cuj_events_end_request: [15,1790308311237976000,919954962008997,689656680928633]
09-25 09:21:51.240  2866  4574 I sysui_multi_action: [757,128,758,2,793,2325902,794,11166,795,2325902,796,32,798,5,806,android,857,USB,858,1,947,0,1395,7,1500,11166,1688,1]
09-25 09:21:51.240  2866  4574 I notification_visibility: [-1|android|32|null|1000,0,2325902,2325902,0,5]
09-25 09:21:51.310  3782  3824 I jank_cuj_events_end_request: [2,1790308311309866000,919955033899101,689656752818685]
09-25 09:21:51.443  1621  1621 I auditd  : type=1400 audit(0.0:6969232): avc:  denied  { search } for  comm="LightningLaunc" name="2458" dev="proc" ino=252926767 scontext=u:r:vendor_hal_perf_default:s0 tcontext=u:r:update_engine:s0 tclass=dir permissive=0
09-25 09:21:51.552 10806 10834 I jank_cuj_events_end_request: [9,1790308311552489000,919955276523320,689656995443581]
09-25 09:21:51.556  2866  2910 I wm_destroy_activity: [0,222358300,1538,com.android.dialer/com.android.incallui.InCallActivity,finish-imm:idle]
09-25 09:21:51.572 12972 12972 I viewroot_draw_event: [VRI[InCallActivity],Not drawing due to not visible. Reason=!mAppVisible && !mForceDecorViewVisibility]
09-25 09:21:51.579 12972 12972 I wm_on_stop_called: [222358300,com.android.incallui.InCallActivity,LIFECYCLER_STOP_ACTIVITY,6]
09-25 09:21:51.580 12972 12972 I wm_on_destroy_called: [222358300,com.android.incallui.InCallActivity,performDestroy,0]
09-25 09:21:51.590  2866  9069 I wm_task_removed: [1538,1538,0,removeChild, last child = ActivityRecord{222358300 u0 com.android.dialer/com.android.incallui.InCallActivity t-1 f}} in Task{a35cfa #1538 type=standard A=10311:com.android.incallui}]
09-25 09:21:51.646  2866  3699 I stream_devices_changed: [3,1,2]
09-25 09:21:51.659  1621  1621 I auditd  : type=1400 audit(0.0:6969233): avc:  denied  { search } for  comm="LightningLaunc" name="2458" dev="proc" ino=252926767 scontext=u:r:vendor_hal_perf_default:s0 tcontext=u:r:update_engine:s0 tclass=dir permissive=0
09-25 09:21:51.679  2866  3699 I stream_devices_changed: [2,1,2]
09-25 09:21:51.679  2866  3699 I stream_devices_changed: [4,1,2]
09-25 09:21:51.680  2866  3699 I stream_devices_changed: [5,1,2]
09-25 09:21:51.773  2866  3904 I sysui_multi_action: [757,128,758,1,793,2326435,794,0,795,2326435,796,32,798,4,806,android,857,USB,858,1,947,0,1395,7,1500,11699,1688,1]
09-25 09:21:51.773  2866  3904 I sysui_multi_action: [757,1501,758,1,793,2326435,794,0,795,2326435,796,32,806,android,857,USB,858,1,947,0,1500,0,1688,1]
09-25 09:21:51.773  2866  3904 I sysui_multi_action: [757,804,799,note_interruptive,801,0,802,1]
09-25 09:21:51.773  2866  3904 I sysui_multi_action: [757,804,799,note_freshness,801,2326435,802,1]
09-25 09:21:51.773  2866  3904 I notification_visibility: [-1|android|32|null|1000,1,2326435,2326435,0,4]
09-25 09:21:51.773  3782  3824 I jank_cuj_events_begin_request: [0,1790308311773158000,919955497190612,689657216110196,Collapse]
09-25 09:21:51.821  3782  3824 I jank_cuj_events_begin_request: [0,1790308311821668000,919955545701184,689657264620977,Collapse]
09-25 09:21:51.871  1621  1621 I auditd  : type=1400 audit(0.0:6969234): avc:  denied  { search } for  comm="LightningLaunc" name="2458" dev="proc" ino=252926767 scontext=u:r:vendor_hal_perf_default:s0 tcontext=u:r:update_engine:s0 tclass=dir permissive=0
09-25 09:21:52.083  1621  1621 I auditd  : type=1400 audit(0.0:6969235): avc:  denied  { search } for  comm="LightningLaunc" name="2458" dev="proc" ino=252926767 scontext=u:r:vendor_hal_perf_default:s0 tcontext=u:r:update_engine:s0 tclass=dir permissive=0
09-25 09:21:52.116  3782  3824 I jank_cuj_events_end_request: [0,1790308312114711000,919955838743841,689657557663477]
09-25 09:21:52.129  2866  4564 I sysui_multi_action: [757,127,758,2]
09-25 09:21:52.129  2866  4564 I notification_panel_hidden: 
09-25 09:21:52.129  2866  2911 I input_focus: [Focus request c30bdc com.android.launcher3/com.android.launcher3.uioverrides.QuickstepLauncher,reason=UpdateInputWindows]
09-25 09:21:52.135  2866  4564 I sysui_multi_action: [757,128,758,2,793,19311894,794,160901,795,12595809,796,1,798,7,806,org.lineageos.etar,857,calendar10,858,4,946,0|org.lineageos.etar|g:Aggr-83a9af05,947,0,1395,7,1500,160901,1688,1,1745,2098068913]
09-25 09:21:52.135  2866  4564 I notification_visibility: [0|org.lineageos.etar|1|null|10338,0,19311894,12595809,0,7]
09-25 09:21:52.135  2866  4564 I sysui_multi_action: [757,128,758,2,793,2326794,794,160901,795,2326794,796,26,798,3,806,android,857,DEVELOPER_IMPORTANT,858,4,947,0,1395,7,1500,160901,1688,1]
09-25 09:21:52.135  2866  4564 I notification_visibility: [-1|android|26|null|1000,0,2326794,2326794,0,3]
09-25 09:21:52.136  2866  4564 I sysui_multi_action: [757,128,758,2,793,12595808,794,160902,795,12595808,796,0,798,6,806,org.lineageos.etar,857,calendar10,858,4,946,0|org.lineageos.etar|g:Aggr-83a9af05,947,0,1395,7,1500,160901,1688,1]
09-25 09:21:52.136  2866  4564 I notification_visibility: [0|org.lineageos.etar|0|null|10338,0,12595808,12595808,0,6]
09-25 09:21:52.141  2866  4564 I sysui_multi_action: [757,128,758,2,793,1497805,794,160906,795,1497805,796,1000,798,2,806,android,857,LineageHealthChargingControl,858,2,947,0,1395,7,1500,160905,1688,1]
09-25 09:21:52.141  2866  4564 I notification_visibility: [0|android|1000|null|1000,0,1497805,1497805,0,2]
09-25 09:21:52.141  2866  4564 I sysui_multi_action: [757,128,758,2,793,12595586,794,160905,795,12595586,796,0,797,0|org.lineageos.etar|g:Aggregate_AlertingSection,798,5,806,org.lineageos.etar,857,calendar10,858,4,946,0|org.lineageos.etar|g:Aggr-83a9af05,947,1,1395,7,1500,12595586,1688,1]
09-25 09:21:52.141  2866  4564 I notification_visibility: [0|org.lineageos.etar|0|0|org.lineageos.etar|g:Aggregate_AlertingSection|10338|0|org.lineageos.etar|g:Aggregate_AlertingSection,0,12595586,12595586,0,5]
09-25 09:21:52.141  3782  3782 I viewroot_draw_event: [VRI[NotificationShade],Not drawing due to not visible. Reason=View.INVISIBLE]
09-25 09:21:52.141  2866  4564 I sysui_multi_action: [757,128,758,2,793,1476147,794,160905,795,1476147,796,-477992555,797,gig:-1434541572:^sq_ig_i_personal,798,1,806,com.google.android.gm,857,^nc_1_mail_abhay02delhi@gmail.com,858,3,946,gig:-1434541572:^sq_ig_i_personal,947,0,1395,7,1500,160905,1641,email,1688,1,1744,1,1745,2098068913]
09-25 09:21:52.141  2866  4564 I notification_visibility: [0|com.google.android.gm|-477992555|gig:-1434541572:^sq_ig_i_personal|10444,0,1476147,1476147,0,1]
09-25 09:21:52.142  2866  4564 I sysui_multi_action: [757,128,758,2,793,2326804,794,369,795,2326804,796,32,798,4,806,android,857,USB,858,1,947,0,1395,7,1500,369,1688,1]
09-25 09:21:52.142  2866  4564 I notification_visibility: [-1|android|32|null|1000,0,2326804,2326804,0,4]
09-25 09:21:52.145  2866  3629 I input_focus: [Focus leaving 8c4a75b NotificationShade,reason=setFocusedWindow]
09-25 09:21:52.145  2866  3629 I input_focus: [Focus entering c30bdc com.android.launcher3/com.android.launcher3.uioverrides.QuickstepLauncher,reason=setFocusedWindow]
09-25 09:21:52.307  1621  1621 I auditd  : type=1400 audit(0.0:6969236): avc:  denied  { search } for  comm="LightningLaunc" name="2458" dev="proc" ino=252926767 scontext=u:r:vendor_hal_perf_default:s0 tcontext=u:r:update_engine:s0 tclass=dir permissive=0
09-25 09:21:52.401  2866  3612 I commit_sys_config_file: [settings-1-0,8]
09-25 09:21:52.515  1621  1621 I auditd  : type=1400 audit(0.0:6969237): avc:  denied  { search } for  comm="LightningLaunc" name="2458" dev="proc" ino=252926767 scontext=u:r:vendor_hal_perf_default:s0 tcontext=u:r:update_engine:s0 tclass=dir permissive=0
09-25 09:21:52.727  1621  1621 I auditd  : type=1400 audit(0.0:6969238): avc:  denied  { search } for  comm="LightningLaunc" name="2458" dev="proc" ino=252926767 scontext=u:r:vendor_hal_perf_default:s0 tcontext=u:r:update_engine:s0 tclass=dir permissive=0
09-25 09:21:52.853  4006  4006 I gsm_rat_switched_new: [4348084226,14,20]
09-25 09:21:52.935  1621  1621 I auditd  : type=1400 audit(0.0:6969239): avc:  denied  { search } for  comm="LightningLaunc" name="2458" dev="proc" ino=252926767 scontext=u:r:vendor_hal_perf_default:s0 tcontext=u:r:update_engine:s0 tclass=dir permissive=0
09-25 09:21:53.143  1621  1621 I auditd  : type=1400 audit(0.0:6969240): avc:  denied  { search } for  comm="LightningLaunc" name="2458" dev="proc" ino=252926767 scontext=u:r:vendor_hal_perf_default:s0 tcontext=u:r:update_engine:s0 tclass=dir permissive=0
09-25 09:21:53.305  2866  3692 I storage_state: [41217664-9172-527a-b3d5-edabb50a7d69,0,0,33291472896,235423690752]
09-25 09:21:53.351  1621  1621 I auditd  : type=1400 audit(0.0:6969241): avc:  denied  { search } for  comm="LightningLaunc" name="2458" dev="proc" ino=252926767 scontext=u:r:vendor_hal_perf_default:s0 tcontext=u:r:update_engine:s0 tclass=dir permissive=0
09-25 09:21:53.563  1621  1621 I auditd  : type=1400 audit(0.0:6969242): avc:  denied  { search } for  comm="LightningLaunc" name="2458" dev="proc" ino=252926767 scontext=u:r:vendor_hal_perf_default:s0 tcontext=u:r:update_engine:s0 tclass=dir permissive=0
09-25 09:21:53.771  1621  1621 I auditd  : type=1400 audit(0.0:6969243): avc:  denied  { search } for  comm="LightningLaunc" name="2458" dev="proc" ino=252926767 scontext=u:r:vendor_hal_perf_default:s0 tcontext=u:r:update_engine:s0 tclass=dir permissive=0
09-25 09:21:53.891  2866  3671 I netstats_mobile_sample: [72245901570,16318624141,59667412,22008521,71924830370,16224770482,59481376,20198425,1790308313907]
09-25 09:21:53.892  2866  3671 I netstats_wifi_sample: [25106702385,12147183491,23589529,57479801,24913756016,5568309773,24116129,11019456,1790308313907]
09-25 09:21:53.975  1621  1621 I auditd  : type=1400 audit(0.0:6969244): avc:  denied  { search } for  comm="LightningLaunc" name="2458" dev="proc" ino=252926767 scontext=u:r:vendor_hal_perf_default:s0 tcontext=u:r:update_engine:s0 tclass=dir permissive=0
09-25 09:21:54.183  1621  1621 I auditd  : type=1400 audit(0.0:6969245): avc:  denied  { search } for  comm="LightningLaunc" name="2458" dev="proc" ino=252926767 scontext=u:r:vendor_hal_perf_default:s0 tcontext=u:r:update_engine:s0 tclass=dir permissive=0
09-25 09:21:54.391  1621  1621 I auditd  : type=1400 audit(0.0:6969246): avc:  denied  { search } for  comm="LightningLaunc" name="2458" dev="proc" ino=252926767 scontext=u:r:vendor_hal_perf_default:s0 tcontext=u:r:update_engine:s0 tclass=dir permissive=0
09-25 09:21:54.599  1621  1621 I auditd  : type=1400 audit(0.0:6969247): avc:  denied  { search } for  comm="LightningLaunc" name="2458" dev="proc" ino=252926767 scontext=u:r:vendor_hal_perf_default:s0 tcontext=u:r:update_engine:s0 tclass=dir permissive=0
09-25 09:21:54.803  1621  1621 I auditd  : type=1400 audit(0.0:6969248): avc:  denied  { search } for  comm="LightningLaunc" name="2458" dev="proc" ino=252926767 scontext=u:r:vendor_hal_perf_default:s0 tcontext=u:r:update_engine:s0 tclass=dir permissive=0
09-25 09:21:55.011  1621  1621 I auditd  : type=1400 audit(0.0:6969249): avc:  denied  { search } for  comm="LightningLaunc" name="2458" dev="proc" ino=252926767 scontext=u:r:vendor_hal_perf_default:s0 tcontext=u:r:update_engine:s0 tclass=dir permissive=0
09-25 09:21:55.231  1621  1621 I auditd  : type=1400 audit(0.0:6969250): avc:  denied  { search } for  comm="LightningLaunc" name="2458" dev="proc" ino=252926767 scontext=u:r:vendor_hal_perf_default:s0 tcontext=u:r:update_engine:s0 tclass=dir permissive=0
09-25 09:21:55.439  1621  1621 I auditd  : type=1400 audit(0.0:6969251): avc:  denied  { search } for  comm="LightningLaunc" name="2458" dev="proc" ino=252926767 scontext=u:r:vendor_hal_perf_default:s0 tcontext=u:r:update_engine:s0 tclass=dir permissive=0
09-25 09:21:55.647  1621  1621 I auditd  : type=1400 audit(0.0:6969252): avc:  denied  { search } for  comm="LightningLaunc" name="2458" dev="proc" ino=252926767 scontext=u:r:vendor_hal_perf_default:s0 tcontext=u:r:update_engine:s0 tclass=dir permissive=0
09-25 09:21:55.851  1621  1621 I auditd  : type=1400 audit(0.0:6969253): avc:  denied  { search } for  comm="LightningLaunc" name="2458" dev="proc" ino=252926767 scontext=u:r:vendor_hal_perf_default:s0 tcontext=u:r:update_engine:s0 tclass=dir permissive=0
09-25 09:21:56.059  1621  1621 I auditd  : type=1400 audit(0.0:6969254): avc:  denied  { search } for  comm="LightningLaunc" name="2458" dev="proc" ino=252926767 scontext=u:r:vendor_hal_perf_default:s0 tcontext=u:r:update_engine:s0 tclass=dir permissive=0
09-25 09:21:56.267  1621  1621 I auditd  : type=1400 audit(0.0:6969255): avc:  denied  { search } for  comm="LightningLaunc" name="2458" dev="proc" ino=252926767 scontext=u:r:vendor_hal_perf_default:s0 tcontext=u:r:update_engine:s0 tclass=dir permissive=0
09-25 09:21:56.475  1621  1621 I auditd  : type=1400 audit(0.0:6969256): avc:  denied  { search } for  comm="LightningLaunc" name="2458" dev="proc" ino=252926767 scontext=u:r:vendor_hal_perf_default:s0 tcontext=u:r:update_engine:s0 tclass=dir permissive=0
09-25 09:21:56.683  1621  1621 I auditd  : type=1400 audit(0.0:6969257): avc:  denied  { search } for  comm="LightningLaunc" name="2458" dev="proc" ino=252926767 scontext=u:r:vendor_hal_perf_default:s0 tcontext=u:r:update_engine:s0 tclass=dir permissive=0
09-25 09:21:56.887  1621  1621 I auditd  : type=1400 audit(0.0:6969258): avc:  denied  { search } for  comm="LightningLaunc" name="2458" dev="proc" ino=252926767 scontext=u:r:vendor_hal_perf_default:s0 tcontext=u:r:update_engine:s0 tclass=dir permissive=0
09-25 09:21:57.095  1621  1621 I auditd  : type=1400 audit(0.0:6969259): avc:  denied  { search } for  comm="LightningLaunc" name="2458" dev="proc" ino=252926767 scontext=u:r:vendor_hal_perf_default:s0 tcontext=u:r:update_engine:s0 tclass=dir permissive=0
09-25 09:21:57.303  1621  1621 I auditd  : type=1400 audit(0.0:6969260): avc:  denied  { search } for  comm="LightningLaunc" name="2458" dev="proc" ino=252926767 scontext=u:r:vendor_hal_perf_default:s0 tcontext=u:r:update_engine:s0 tclass=dir permissive=0
09-25 09:21:57.507  1621  1621 I auditd  : type=1400 audit(0.0:6969261): avc:  denied  { search } for  comm="LightningLaunc" name="2458" dev="proc" ino=252926767 scontext=u:r:vendor_hal_perf_default:s0 tcontext=u:r:update_engine:s0 tclass=dir permissive=0
09-25 09:21:57.719  1621  1621 I auditd  : type=1400 audit(0.0:6969262): avc:  denied  { search } for  comm="LightningLaunc" name="2458" dev="proc" ino=252926767 scontext=u:r:vendor_hal_perf_default:s0 tcontext=u:r:update_engine:s0 tclass=dir permissive=0
09-25 09:21:57.939  1621  1621 I auditd  : type=1400 audit(0.0:6969263): avc:  denied  { search } for  comm="LightningLaunc" name="2458" dev="proc" ino=252926767 scontext=u:r:vendor_hal_perf_default:s0 tcontext=u:r:update_engine:s0 tclass=dir permissive=0
09-25 09:21:58.155  1621  1621 I auditd  : type=1400 audit(0.0:6969264): avc:  denied  { search } for  comm="LightningLaunc" name="2458" dev="proc" ino=252926767 scontext=u:r:vendor_hal_perf_default:s0 tcontext=u:r:update_engine:s0 tclass=dir permissive=0
09-25 09:21:58.371  1621  1621 I auditd  : type=1400 audit(0.0:6969265): avc:  denied  { search } for  comm="LightningLaunc" name="2458" dev="proc" ino=252926767 scontext=u:r:vendor_hal_perf_default:s0 tcontext=u:r:update_engine:s0 tclass=dir permissive=0
09-25 09:21:58.591  1621  1621 I auditd  : type=1400 audit(0.0:6969266): avc:  denied  { search } for  comm="LightningLaunc" name="2458" dev="proc" ino=252926767 scontext=u:r:vendor_hal_perf_default:s0 tcontext=u:r:update_engine:s0 tclass=dir permissive=0
09-25 09:21:58.807  1621  1621 I auditd  : type=1400 audit(0.0:6969267): avc:  denied  { search } for  comm="LightningLaunc" name="2458" dev="proc" ino=252926767 scontext=u:r:vendor_hal_perf_default:s0 tcontext=u:r:update_engine:s0 tclass=dir permissive=0
09-25 09:21:59.023  1621  1621 I auditd  : type=1400 audit(0.0:6969268): avc:  denied  { search } for  comm="LightningLaunc" name="2458" dev="proc" ino=252926767 scontext=u:r:vendor_hal_perf_default:s0 tcontext=u:r:update_engine:s0 tclass=dir permissive=0
09-25 09:21:59.208  2866  3614 I am_freeze: [24634,com.jio.myjio]
09-25 09:21:59.239  1621  1621 I auditd  : type=1400 audit(0.0:6969269): avc:  denied  { search } for  comm="LightningLaunc" name="2458" dev="proc" ino=252926767 scontext=u:r:vendor_hal_perf_default:s0 tcontext=u:r:update_engine:s0 tclass=dir permissive=0
09-25 09:21:59.390  2866  3614 I am_compact: [24634,com.jio.myjio,ANON,126096,99208,24656,61516,-33600,-13776,-19824,19808,182,FULL,689248701,915,19,634344,-1272]
09-25 09:21:59.447  1621  1621 I auditd  : type=1400 audit(0.0:6969270): avc:  denied  { search } for  comm="LightningLaunc" name="2458" dev="proc" ino=252926767 scontext=u:r:vendor_hal_perf_default:s0 tcontext=u:r:update_engine:s0 tclass=dir permissive=0
09-25 09:21:59.651  1621  1621 I auditd  : type=1400 audit(0.0:6969271): avc:  denied  { search } for  comm="LightningLaunc" name="2458" dev="proc" ino=252926767 scontext=u:r:vendor_hal_perf_default:s0 tcontext=u:r:update_engine:s0 tclass=dir permissive=0
09-25 09:21:59.859  1621  1621 I auditd  : type=1400 audit(0.0:6969272): avc:  denied  { search } for  comm="LightningLaunc" name="2458" dev="proc" ino=252926767 scontext=u:r:vendor_hal_perf_default:s0 tcontext=u:r:update_engine:s0 tclass=dir permissive=0
09-25 09:22:00.067  1621  1621 I auditd  : type=1400 audit(0.0:6969273): avc:  denied  { search } for  comm="LightningLaunc" name="2458" dev="proc" ino=252926767 scontext=u:r:vendor_hal_perf_default:s0 tcontext=u:r:update_engine:s0 tclass=dir permissive=0
09-25 09:22:00.271  1621  1621 I auditd  : type=1400 audit(0.0:6969274): avc:  denied  { search } for  comm="LightningLaunc" name="2458" dev="proc" ino=252926767 scontext=u:r:vendor_hal_perf_default:s0 tcontext=u:r:update_engine:s0 tclass=dir permissive=0
09-25 09:22:00.479  1621  1621 I auditd  : type=1400 audit(0.0:6969275): avc:  denied  { search } for  comm="LightningLaunc" name="2458" dev="proc" ino=252926767 scontext=u:r:vendor_hal_perf_default:s0 tcontext=u:r:update_engine:s0 tclass=dir permissive=0
09-25 09:22:00.525  2866  3614 I am_freeze: [12980,org.telegram.messenger]
09-25 09:22:00.587  2866  2866 I auditd  : type=1400 audit(0.0:6969276): avc:  denied  { getopt } for  comm="binder:2866_19" scontext=u:r:system_server:s0 tcontext=u:r:shell:s0 tclass=unix_stream_socket permissive=0
09-25 09:22:00.598  2866  3117 I commit_sys_config_file: [package-session,6]
09-25 09:22:00.618  2866  3614 I am_freeze: [13163,com.android.calllogbackup]
09-25 09:22:00.891  1621  1621 I auditd  : type=1400 audit(0.0:6969278): avc:  denied  { search } for  comm="LightningLaunc" name="2458" dev="proc" ino=252926767 scontext=u:r:vendor_hal_perf_default:s0 tcontext=u:r:update_engine:s0 tclass=dir permissive=0
09-25 09:22:01.099  1621  1621 I auditd  : type=1400 audit(0.0:6969279): avc:  denied  { search } for  comm="LightningLaunc" name="2458" dev="proc" ino=252926767 scontext=u:r:vendor_hal_perf_default:s0 tcontext=u:r:update_engine:s0 tclass=dir permissive=0
09-25 09:22:01.311  1621  1621 I auditd  : type=1400 audit(0.0:6969280): avc:  denied  { search } for  comm="LightningLaunc" name="2458" dev="proc" ino=252926767 scontext=u:r:vendor_hal_perf_default:s0 tcontext=u:r:update_engine:s0 tclass=dir permissive=0
09-25 09:22:01.523  1621  1621 I auditd  : type=1400 audit(0.0:6969281): avc:  denied  { search } for  comm="LightningLaunc" name="2458" dev="proc" ino=252926767 scontext=u:r:vendor_hal_perf_default:s0 tcontext=u:r:update_engine:s0 tclass=dir permissive=0
09-25 09:22:01.735  1621  1621 I auditd  : type=1400 audit(0.0:6969282): avc:  denied  { search } for  comm="LightningLaunc" name="2458" dev="proc" ino=252926767 scontext=u:r:vendor_hal_perf_default:s0 tcontext=u:r:update_engine:s0 tclass=dir permissive=0
09-25 09:22:01.951  1621  1621 I auditd  : type=1400 audit(0.0:6969283): avc:  denied  { search } for  comm="LightningLaunc" name="2458" dev="proc" ino=252926767 scontext=u:r:vendor_hal_perf_default:s0 tcontext=u:r:update_engine:s0 tclass=dir permissive=0
09-25 09:22:02.167  1621  1621 I auditd  : type=1400 audit(0.0:6969284): avc:  denied  { search } for  comm="LightningLaunc" name="2458" dev="proc" ino=252926767 scontext=u:r:vendor_hal_perf_default:s0 tcontext=u:r:update_engine:s0 tclass=dir permissive=0
09-25 09:22:02.379  1621  1621 I auditd  : type=1400 audit(0.0:6969285): avc:  denied  { search } for  comm="LightningLaunc" name="2458" dev="proc" ino=252926767 scontext=u:r:vendor_hal_perf_default:s0 tcontext=u:r:update_engine:s0 tclass=dir permissive=0
09-25 09:22:02.591  1621  1621 I auditd  : type=1400 audit(0.0:6969286): avc:  denied  { search } for  comm="LightningLaunc" name="2458" dev="proc" ino=252926767 scontext=u:r:vendor_hal_perf_default:s0 tcontext=u:r:update_engine:s0 tclass=dir permissive=0
09-25 09:22:02.803  1621  1621 I auditd  : type=1400 audit(0.0:6969287): avc:  denied  { search } for  comm="LightningLaunc" name="2458" dev="proc" ino=252926767 scontext=u:r:vendor_hal_perf_default:s0 tcontext=u:r:update_engine:s0 tclass=dir permissive=0
09-25 09:22:02.879  2866  3614 I am_freeze: [4409,com.android.cellbroadcastreceiver.module]
09-25 09:22:03.011  1621  1621 I auditd  : type=1400 audit(0.0:6969288): avc:  denied  { search } for  comm="LightningLaunc" name="2458" dev="proc" ino=252926767 scontext=u:r:vendor_hal_perf_default:s0 tcontext=u:r:update_engine:s0 tclass=dir permissive=0
09-25 09:22:03.219  1621  1621 I auditd  : type=1400 audit(0.0:6969289): avc:  denied  { search } for  comm="LightningLaunc" name="2458" dev="proc" ino=252926767 scontext=u:r:vendor_hal_perf_default:s0 tcontext=u:r:update_engine:s0 tclass=dir permissive=0
09-25 09:22:03.431  1621  1621 I auditd  : type=1400 audit(0.0:6969290): avc:  denied  { search } for  comm="LightningLaunc" name="2458" dev="proc" ino=252926767 scontext=u:r:vendor_hal_perf_default:s0 tcontext=u:r:update_engine:s0 tclass=dir permissive=0
09-25 09:22:03.647  1621  1621 I auditd  : type=1400 audit(0.0:6969291): avc:  denied  { search } for  comm="LightningLaunc" name="2458" dev="proc" ino=252926767 scontext=u:r:vendor_hal_perf_default:s0 tcontext=u:r:update_engine:s0 tclass=dir permissive=0
09-25 09:22:03.855  1621  1621 I auditd  : type=1400 audit(0.0:6969292): avc:  denied  { search } for  comm="LightningLaunc" name="2458" dev="proc" ino=252926767 scontext=u:r:vendor_hal_perf_default:s0 tcontext=u:r:update_engine:s0 tclass=dir permissive=0
09-25 09:22:03.985  2866  3055 I am_uid_active: 10297
09-25 09:22:03.987  2866  3614 I am_unfreeze: [10664,com.android.vending:background,10]
09-25 09:22:03.994  2866  3614 I am_unfreeze: [10452,com.android.vending,10]
09-25 09:22:04.067  1621  1621 I auditd  : type=1400 audit(0.0:6969293): avc:  denied  { search } for  comm="LightningLaunc" name="2458" dev="proc" ino=252926767 scontext=u:r:vendor_hal_perf_default:s0 tcontext=u:r:update_engine:s0 tclass=dir permissive=0
09-25 09:22:04.279  1621  1621 I auditd  : type=1400 audit(0.0:6969294): avc:  denied  { search } for  comm="LightningLaunc" name="2458" dev="proc" ino=252926767 scontext=u:r:vendor_hal_perf_default:s0 tcontext=u:r:update_engine:s0 tclass=dir permissive=0
09-25 09:22:04.467  2866  3614 I am_unfreeze: [10500,com.google.android.verifier,6]
09-25 09:22:04.495  1621  1621 I auditd  : type=1400 audit(0.0:6969295): avc:  denied  { search } for  comm="LightningLaunc" name="2458" dev="proc" ino=252926767 scontext=u:r:vendor_hal_perf_default:s0 tcontext=u:r:update_engine:s0 tclass=dir permissive=0
09-25 09:22:04.699  1621  1621 I auditd  : type=1400 audit(0.0:6969296): avc:  denied  { search } for  comm="LightningLaunc" name="2458" dev="proc" ino=252926767 scontext=u:r:vendor_hal_perf_default:s0 tcontext=u:r:update_engine:s0 tclass=dir permissive=0
09-25 09:22:04.903  1621  1621 I auditd  : type=1400 audit(0.0:6969297): avc:  denied  { search } for  comm="LightningLaunc" name="2458" dev="proc" ino=252926767 scontext=u:r:vendor_hal_perf_default:s0 tcontext=u:r:update_engine:s0 tclass=dir permissive=0
09-25 09:22:05.107  1621  1621 I auditd  : type=1400 audit(0.0:6969298): avc:  denied  { search } for  comm="LightningLaunc" name="2458" dev="proc" ino=252926767 scontext=u:r:vendor_hal_perf_default:s0 tcontext=u:r:update_engine:s0 tclass=dir permissive=0
09-25 09:22:05.311  1621  1621 I auditd  : type=1400 audit(0.0:6969299): avc:  denied  { search } for  comm="LightningLaunc" name="2458" dev="proc" ino=252926767 scontext=u:r:vendor_hal_perf_default:s0 tcontext=u:r:update_engine:s0 tclass=dir permissive=0
09-25 09:22:05.519  1621  1621 I auditd  : type=1400 audit(0.0:6969300): avc:  denied  { search } for  comm="LightningLaunc" name="2458" dev="proc" ino=252926767 scontext=u:r:vendor_hal_perf_default:s0 tcontext=u:r:update_engine:s0 tclass=dir permissive=0
09-25 09:22:05.727  1621  1621 I auditd  : type=1400 audit(0.0:6969301): avc:  denied  { search } for  comm="LightningLaunc" name="2458" dev="proc" ino=252926767 scontext=u:r:vendor_hal_perf_default:s0 tcontext=u:r:update_engine:s0 tclass=dir permissive=0
09-25 09:22:05.879  2866  2909 I commit_sys_config_file: [package-session,5]
09-25 09:22:05.935  1621  1621 I auditd  : type=1400 audit(0.0:6969302): avc:  denied  { search } for  comm="LightningLaunc" name="2458" dev="proc" ino=252926767 scontext=u:r:vendor_hal_perf_default:s0 tcontext=u:r:update_engine:s0 tclass=dir permissive=0
09-25 09:22:06.105  2866  3055 I installer_clear_app_data_caller: [2866,1000,com.zenithblue.sambas3,39]
09-25 09:22:06.105  2866  3055 I installer_clear_app_data_call_stack: [clearAppData,com.android.server.pm.Installer,Installer.java,364]
09-25 09:22:06.105  2866  3055 I installer_clear_app_data_call_stack: [clearAppDataLeafLIF,com.android.server.pm.AppDataHelper,AppDataHelper.java,572]
09-25 09:22:06.105  2866  3055 I installer_clear_app_data_call_stack: [clearAppDataLIF,com.android.server.pm.AppDataHelper,AppDataHelper.java,556]
09-25 09:22:06.105  2866  3055 I installer_clear_app_data_call_stack: [prepPerformDexoptIfNeeded,com.android.server.pm.InstallPackageHelper,InstallPackageHelper.java,1211]
09-25 09:22:06.105  2866  3055 I installer_clear_app_data_call_stack: [installPackagesTraced,com.android.server.pm.InstallPackageHelper,InstallPackageHelper.java,1050]
09-25 09:22:06.105  2866  3055 I installer_clear_app_data_call_stack: [installPackagesTraced,com.android.server.pm.PackageManagerService,PackageManagerService.java,8256]
09-25 09:22:06.105  2866  3055 I installer_clear_app_data_call_stack: [processApkInstallRequests,com.android.server.pm.InstallingSession,InstallingSession.java,567]
09-25 09:22:06.105  2866  3055 I installer_clear_app_data_call_stack: [processInstallRequests,com.android.server.pm.InstallingSession,InstallingSession.java,553]
09-25 09:22:06.105  2866  3055 I installer_clear_app_data_call_stack: [lambda$processPendingInstall$0,com.android.server.pm.InstallingSession,InstallingSession.java,314]
09-25 09:22:06.105  2866  3055 I installer_clear_app_data_call_stack: [$r8$lambda$3YxEVU-qWs8li-YcaWhP_DprQyQ,com.android.server.pm.InstallingSession,InstallingSession.java,0]
09-25 09:22:06.105  2866  3055 I installer_clear_app_data_call_stack: [run,com.android.server.pm.InstallingSession$$ExternalSyntheticLambda1,R8$$SyntheticClass,0]
09-25 09:22:06.105  2866  3055 I installer_clear_app_data_call_stack: [handleCallback,android.os.Handler,Handler.java,1070]
09-25 09:22:06.105  2866  3055 I installer_clear_app_data_call_stack: [dispatchMessage,android.os.Handler,Handler.java,125]
09-25 09:22:06.105  2866  3055 I installer_clear_app_data_call_stack: [dispatchMessage,android.os.Looper,Looper.java,333]
09-25 09:22:06.105  2866  3055 I installer_clear_app_data_call_stack: [loopOnce,android.os.Looper,Looper.java,263]
09-25 09:22:06.105  2866  3055 I installer_clear_app_data_call_stack: [loop,android.os.Looper,Looper.java,367]
09-25 09:22:06.105  2866  3055 I installer_clear_app_data_call_stack: [run,android.os.HandlerThread,HandlerThread.java,139]
09-25 09:22:06.105  2866  3055 I installer_clear_app_data_call_stack: [run,com.android.server.ServiceThread,ServiceThread.java,46]
09-25 09:22:06.147  1621  1621 I auditd  : type=1400 audit(0.0:6969303): avc:  denied  { search } for  comm="LightningLaunc" name="2458" dev="proc" ino=252926767 scontext=u:r:vendor_hal_perf_default:s0 tcontext=u:r:update_engine:s0 tclass=dir permissive=0
09-25 09:22:06.363  1621  1621 I auditd  : type=1400 audit(0.0:6969304): avc:  denied  { search } for  comm="LightningLaunc" name="2458" dev="proc" ino=252926767 scontext=u:r:vendor_hal_perf_default:s0 tcontext=u:r:update_engine:s0 tclass=dir permissive=0
09-25 09:22:06.440  2866  3055 I commit_sys_config_file: [package,9]
09-25 09:22:06.443  2866  3055 I unknown_sources_enabled: 1
09-25 09:22:06.446  2866  3053 I commit_sys_config_file: [package-user-0,7]
09-25 09:22:06.449  2866  2917 I am_pss  : [12980,10477,org.telegram.messenger,0,0,0,152809472,0,19,7]
09-25 09:22:06.554 10452 10452 I force_gc: bg
09-25 09:22:06.563  2866  2866 I auditd  : type=1400 audit(0.0:6969305): avc:  denied  { getopt } for  comm="binder:2866_19" scontext=u:r:system_server:s0 tcontext=u:r:shell:s0 tclass=unix_stream_socket permissive=0
09-25 09:22:06.563  2866  2866 I auditd  : type=1400 audit(0.0:6969306): avc:  denied  { getopt } for  comm="binder:2866_19" scontext=u:r:system_server:s0 tcontext=u:r:shell:s0 tclass=unix_stream_socket permissive=0
09-25 09:22:06.563  2866  2866 I auditd  : type=1400 audit(0.0:6969307): avc:  denied  { getopt } for  comm="binder:2866_19" scontext=u:r:system_server:s0 tcontext=u:r:shell:s0 tclass=unix_stream_socket permissive=0
09-25 09:22:06.573  2866  3117 I commit_sys_config_file: [package-session,6]
09-25 09:22:06.574  2866  2909 I commit_sys_config_file: [package-session,7]
09-25 09:22:06.574  2866  3614 I am_unfreeze: [10608,com.android.permissioncontroller,3]
09-25 09:22:06.577  2866  2866 I force_gc: bg
09-25 09:22:06.583  2866  3614 I am_unfreeze: [10606,com.android.keychain,10]
09-25 09:22:06.585  2866  3614 I am_unfreeze: [9991,org.lineageos.lineageparts,10]
09-25 09:22:06.585  2866  3614 I am_unfreeze: [9227,com.android.DeviceAsWebcam,10]
09-25 09:22:06.585  2866  2866 I notification_cancel_all: [1000,2866,com.zenithblue.sambas3,0,0,0,5,NULL]
09-25 09:22:06.601  2866  3763 I am_uid_active: 10383
09-25 09:22:06.615  2866  2866 I notification_cancel_all: [1000,2866,com.zenithblue.sambas3,0,0,0,5,NULL]
09-25 09:22:07.086  2866 10258 I sysui_multi_action: [757,1721,758,4,908,com.google.android.as/com.google.android.apps.miphone.aiai.app.AiAiAugmentedAutofillService,1722,4]
09-25 09:22:07.087  2866 10258 I cc_current_allowlist: [0,13]
09-25 09:22:07.087  2866 10258 I cc_set_allowlist: [0,13,0]
09-25 09:22:07.087  2866 10258 I cc_current_allowlist: [0,13]
09-25 09:22:07.087  2866 10258 I cc_update_options: [0,0]
09-25 09:22:07.088  2866  4567 I cc_current_allowlist: [0,13]
09-25 09:22:07.088  2866  4567 I cc_set_allowlist: [0,13,0]
09-25 09:22:07.089  2866  4567 I cc_current_allowlist: [0,13]
09-25 09:22:07.089  2866  4567 I cc_update_options: [0,0]
09-25 09:22:07.091  2866  9069 I sysui_multi_action: [757,1721,758,4,908,com.google.android.as/com.google.android.apps.miphone.aiai.app.AiAiAugmentedAutofillService,1722,4]
09-25 09:22:07.092  2866  6863 I cc_current_allowlist: [0,13]
09-25 09:22:07.092  2866  6863 I cc_set_allowlist: [0,13,0]
09-25 09:22:07.092  2866  6863 I cc_current_allowlist: [0,13]
09-25 09:22:07.092  2866  6863 I cc_update_options: [0,0]
09-25 09:22:07.095  2866 10258 I sysui_multi_action: [757,1721,758,4,908,com.google.android.as/com.google.android.apps.miphone.aiai.app.AiAiAugmentedAutofillService,1722,4]
09-25 09:22:07.095  2866 10258 I cc_current_allowlist: [0,13]
09-25 09:22:07.096  2866 10258 I cc_set_allowlist: [0,13,0]
09-25 09:22:07.096  2866 10258 I cc_current_allowlist: [0,13]
09-25 09:22:07.096  2866 10258 I cc_update_options: [0,0]
09-25 09:22:07.096  2866  9069 I cc_current_allowlist: [0,13]
09-25 09:22:07.096  2866  9069 I cc_set_allowlist: [0,13,0]
09-25 09:22:07.096  2866  9069 I cc_current_allowlist: [0,13]
09-25 09:22:07.096  2866  9069 I cc_update_options: [0,0]
09-25 09:22:07.097  2866  4574 I cc_current_allowlist: [0,13]
09-25 09:22:07.097  2866  4574 I cc_set_allowlist: [0,13,0]
09-25 09:22:07.097  2866  4574 I cc_current_allowlist: [0,13]
09-25 09:22:07.097  2866  4574 I cc_update_options: [0,0]
09-25 09:22:07.098  2866 10258 I cc_current_allowlist: [0,13]
09-25 09:22:07.098  2866 10258 I cc_set_allowlist: [0,13,0]
09-25 09:22:07.098  2866 10258 I cc_current_allowlist: [0,13]
09-25 09:22:07.098  2866 10258 I cc_update_options: [0,0]
09-25 09:22:07.098  2866  9069 I cc_current_allowlist: [0,13]
09-25 09:22:07.098  2866  9069 I cc_set_allowlist: [0,13,0]
09-25 09:22:07.098  2866  9069 I cc_current_allowlist: [0,13]
09-25 09:22:07.098  2866  9069 I cc_update_options: [0,0]
09-25 09:22:07.099  2866  9069 I cc_current_allowlist: [0,13]
09-25 09:22:07.099  2866  9069 I cc_set_allowlist: [0,13,0]
09-25 09:22:07.099  2866  9069 I cc_current_allowlist: [0,13]
09-25 09:22:07.099  2866  9069 I cc_update_options: [0,0]
09-25 09:22:07.198  2866  3614 I am_unfreeze: [5586,com.google.android.googlequicksearchbox:search,6]
09-25 09:22:07.191  1621  1621 I auditd  : type=1400 audit(0.0:6969311): avc:  denied  { search } for  comm="LightningLaunc" name="2458" dev="proc" ino=252926767 scontext=u:r:vendor_hal_perf_default:s0 tcontext=u:r:update_engine:s0 tclass=dir permissive=0
09-25 09:22:07.399  1621  1621 I auditd  : type=1400 audit(0.0:6969312): avc:  denied  { search } for  comm="LightningLaunc" name="2458" dev="proc" ino=252926767 scontext=u:r:vendor_hal_perf_default:s0 tcontext=u:r:update_engine:s0 tclass=dir permissive=0
09-25 09:22:07.611  1621  1621 I auditd  : type=1400 audit(0.0:6969313): avc:  denied  { search } for  comm="LightningLaunc" name="2458" dev="proc" ino=252926767 scontext=u:r:vendor_hal_perf_default:s0 tcontext=u:r:update_engine:s0 tclass=dir permissive=0
09-25 09:22:07.819  1621  1621 I auditd  : type=1400 audit(0.0:6969314): avc:  denied  { search } for  comm="LightningLaunc" name="2458" dev="proc" ino=252926767 scontext=u:r:vendor_hal_perf_default:s0 tcontext=u:r:update_engine:s0 tclass=dir permissive=0
09-25 09:22:08.031  1621  1621 I auditd  : type=1400 audit(0.0:6969315): avc:  denied  { search } for  comm="LightningLaunc" name="2458" dev="proc" ino=252926767 scontext=u:r:vendor_hal_perf_default:s0 tcontext=u:r:update_engine:s0 tclass=dir permissive=0
09-25 09:22:08.243  1621  1621 I auditd  : type=1400 audit(0.0:6969316): avc:  denied  { search } for  comm="LightningLaunc" name="2458" dev="proc" ino=252926767 scontext=u:r:vendor_hal_perf_default:s0 tcontext=u:r:update_engine:s0 tclass=dir permissive=0
09-25 09:22:08.455  1621  1621 I auditd  : type=1400 audit(0.0:6969317): avc:  denied  { search } for  comm="LightningLaunc" name="2458" dev="proc" ino=252926767 scontext=u:r:vendor_hal_perf_default:s0 tcontext=u:r:update_engine:s0 tclass=dir permissive=0
09-25 09:22:08.667  1621  1621 I auditd  : type=1400 audit(0.0:6969318): avc:  denied  { search } for  comm="LightningLaunc" name="2458" dev="proc" ino=252926767 scontext=u:r:vendor_hal_perf_default:s0 tcontext=u:r:update_engine:s0 tclass=dir permissive=0
09-25 09:22:08.879  1621  1621 I auditd  : type=1400 audit(0.0:6969319): avc:  denied  { search } for  comm="LightningLaunc" name="2458" dev="proc" ino=252926767 scontext=u:r:vendor_hal_perf_default:s0 tcontext=u:r:update_engine:s0 tclass=dir permissive=0
09-25 09:22:09.095  1621  1621 I auditd  : type=1400 audit(0.0:6969320): avc:  denied  { search } for  comm="LightningLaunc" name="2458" dev="proc" ino=252926767 scontext=u:r:vendor_hal_perf_default:s0 tcontext=u:r:update_engine:s0 tclass=dir permissive=0
09-25 09:22:09.311  1621  1621 I auditd  : type=1400 audit(0.0:6969321): avc:  denied  { search } for  comm="LightningLaunc" name="2458" dev="proc" ino=252926767 scontext=u:r:vendor_hal_perf_default:s0 tcontext=u:r:update_engine:s0 tclass=dir permissive=0
09-25 09:22:09.523  1621  1621 I auditd  : type=1400 audit(0.0:6969322): avc:  denied  { search } for  comm="LightningLaunc" name="2458" dev="proc" ino=252926767 scontext=u:r:vendor_hal_perf_default:s0 tcontext=u:r:update_engine:s0 tclass=dir permissive=0
09-25 09:22:09.735  1621  1621 I auditd  : type=1400 audit(0.0:6969323): avc:  denied  { search } for  comm="LightningLaunc" name="2458" dev="proc" ino=252926767 scontext=u:r:vendor_hal_perf_default:s0 tcontext=u:r:update_engine:s0 tclass=dir permissive=0
09-25 09:22:09.947  1621  1621 I auditd  : type=1400 audit(0.0:6969324): avc:  denied  { search } for  comm="LightningLaunc" name="2458" dev="proc" ino=252926767 scontext=u:r:vendor_hal_perf_default:s0 tcontext=u:r:update_engine:s0 tclass=dir permissive=0
09-25 09:22:10.159  1621  1621 I auditd  : type=1400 audit(0.0:6969325): avc:  denied  { search } for  comm="LightningLaunc" name="2458" dev="proc" ino=252926767 scontext=u:r:vendor_hal_perf_default:s0 tcontext=u:r:update_engine:s0 tclass=dir permissive=0
09-25 09:22:10.375  1621  1621 I auditd  : type=1400 audit(0.0:6969326): avc:  denied  { search } for  comm="LightningLaunc" name="2458" dev="proc" ino=252926767 scontext=u:r:vendor_hal_perf_default:s0 tcontext=u:r:update_engine:s0 tclass=dir permissive=0
09-25 09:22:10.587  1621  1621 I auditd  : type=1400 audit(0.0:6969327): avc:  denied  { search } for  comm="LightningLaunc" name="2458" dev="proc" ino=252926767 scontext=u:r:vendor_hal_perf_default:s0 tcontext=u:r:update_engine:s0 tclass=dir permissive=0
09-25 09:22:10.799  1621  1621 I auditd  : type=1400 audit(0.0:6969328): avc:  denied  { search } for  comm="LightningLaunc" name="2458" dev="proc" ino=252926767 scontext=u:r:vendor_hal_perf_default:s0 tcontext=u:r:update_engine:s0 tclass=dir permissive=0
09-25 09:22:11.007  1621  1621 I auditd  : type=1400 audit(0.0:6969329): avc:  denied  { search } for  comm="LightningLaunc" name="2458" dev="proc" ino=252926767 scontext=u:r:vendor_hal_perf_default:s0 tcontext=u:r:update_engine:s0 tclass=dir permissive=0
09-25 09:22:11.215  1621  1621 I auditd  : type=1400 audit(0.0:6969330): avc:  denied  { search } for  comm="LightningLaunc" name="2458" dev="proc" ino=252926767 scontext=u:r:vendor_hal_perf_default:s0 tcontext=u:r:update_engine:s0 tclass=dir permissive=0
09-25 09:22:11.427  1621  1621 I auditd  : type=1400 audit(0.0:6969331): avc:  denied  { search } for  comm="LightningLaunc" name="2458" dev="proc" ino=252926767 scontext=u:r:vendor_hal_perf_default:s0 tcontext=u:r:update_engine:s0 tclass=dir permissive=0
09-25 09:22:11.635  1621  1621 I auditd  : type=1400 audit(0.0:6969332): avc:  denied  { search } for  comm="LightningLaunc" name="2458" dev="proc" ino=252926767 scontext=u:r:vendor_hal_perf_default:s0 tcontext=u:r:update_engine:s0 tclass=dir permissive=0
09-25 09:22:11.843  1621  1621 I auditd  : type=1400 audit(0.0:6969333): avc:  denied  { search } for  comm="LightningLaunc" name="2458" dev="proc" ino=252926767 scontext=u:r:vendor_hal_perf_default:s0 tcontext=u:r:update_engine:s0 tclass=dir permissive=0
09-25 09:22:12.055  1621  1621 I auditd  : type=1400 audit(0.0:6969334): avc:  denied  { search } for  comm="LightningLaunc" name="2458" dev="proc" ino=252926767 scontext=u:r:vendor_hal_perf_default:s0 tcontext=u:r:update_engine:s0 tclass=dir permissive=0
09-25 09:22:12.271  1621  1621 I auditd  : type=1400 audit(0.0:6969335): avc:  denied  { search } for  comm="LightningLaunc" name="2458" dev="proc" ino=252926767 scontext=u:r:vendor_hal_perf_default:s0 tcontext=u:r:update_engine:s0 tclass=dir permissive=0
09-25 09:22:12.483  1621  1621 I auditd  : type=1400 audit(0.0:6969336): avc:  denied  { search } for  comm="LightningLaunc" name="2458" dev="proc" ino=252926767 scontext=u:r:vendor_hal_perf_default:s0 tcontext=u:r:update_engine:s0 tclass=dir permissive=0
09-25 09:22:12.695  1621  1621 I auditd  : type=1400 audit(0.0:6969337): avc:  denied  { search } for  comm="LightningLaunc" name="2458" dev="proc" ino=252926767 scontext=u:r:vendor_hal_perf_default:s0 tcontext=u:r:update_engine:s0 tclass=dir permissive=0
09-25 09:22:12.907  1621  1621 I auditd  : type=1400 audit(0.0:6969338): avc:  denied  { search } for  comm="LightningLaunc" name="2458" dev="proc" ino=252926767 scontext=u:r:vendor_hal_perf_default:s0 tcontext=u:r:update_engine:s0 tclass=dir permissive=0
09-25 09:22:13.123  1621  1621 I auditd  : type=1400 audit(0.0:6969339): avc:  denied  { search } for  comm="LightningLaunc" name="2458" dev="proc" ino=252926767 scontext=u:r:vendor_hal_perf_default:s0 tcontext=u:r:update_engine:s0 tclass=dir permissive=0
09-25 09:22:13.335  1621  1621 I auditd  : type=1400 audit(0.0:6969340): avc:  denied  { search } for  comm="LightningLaunc" name="2458" dev="proc" ino=252926767 scontext=u:r:vendor_hal_perf_default:s0 tcontext=u:r:update_engine:s0 tclass=dir permissive=0
09-25 09:22:13.547  1621  1621 I auditd  : type=1400 audit(0.0:6969341): avc:  denied  { search } for  comm="LightningLaunc" name="2458" dev="proc" ino=252926767 scontext=u:r:vendor_hal_perf_default:s0 tcontext=u:r:update_engine:s0 tclass=dir permissive=0
09-25 09:22:13.763  1621  1621 I auditd  : type=1400 audit(0.0:6969342): avc:  denied  { search } for  comm="LightningLaunc" name="2458" dev="proc" ino=252926767 scontext=u:r:vendor_hal_perf_default:s0 tcontext=u:r:update_engine:s0 tclass=dir permissive=0
09-25 09:22:13.971  1621  1621 I auditd  : type=1400 audit(0.0:6969343): avc:  denied  { search } for  comm="LightningLaunc" name="2458" dev="proc" ino=252926767 scontext=u:r:vendor_hal_perf_default:s0 tcontext=u:r:update_engine:s0 tclass=dir permissive=0
09-25 09:22:14.187  1621  1621 I auditd  : type=1400 audit(0.0:6969344): avc:  denied  { search } for  comm="LightningLaunc" name="2458" dev="proc" ino=252926767 scontext=u:r:vendor_hal_perf_default:s0 tcontext=u:r:update_engine:s0 tclass=dir permissive=0
09-25 09:22:14.403  1621  1621 I auditd  : type=1400 audit(0.0:6969345): avc:  denied  { search } for  comm="LightningLaunc" name="2458" dev="proc" ino=252926767 scontext=u:r:vendor_hal_perf_default:s0 tcontext=u:r:update_engine:s0 tclass=dir permissive=0
09-25 09:22:14.615  1621  1621 I auditd  : type=1400 audit(0.0:6969346): avc:  denied  { search } for  comm="LightningLaunc" name="2458" dev="proc" ino=252926767 scontext=u:r:vendor_hal_perf_default:s0 tcontext=u:r:update_engine:s0 tclass=dir permissive=0
09-25 09:22:14.835  1621  1621 I auditd  : type=1400 audit(0.0:6969347): avc:  denied  { search } for  comm="LightningLaunc" name="2458" dev="proc" ino=252926767 scontext=u:r:vendor_hal_perf_default:s0 tcontext=u:r:update_engine:s0 tclass=dir permissive=0
09-25 09:22:15.055  1621  1621 I auditd  : type=1400 audit(0.0:6969348): avc:  denied  { search } for  comm="LightningLaunc" name="2458" dev="proc" ino=252926767 scontext=u:r:vendor_hal_perf_default:s0 tcontext=u:r:update_engine:s0 tclass=dir permissive=0
09-25 09:22:15.271  1621  1621 I auditd  : type=1400 audit(0.0:6969349): avc:  denied  { search } for  comm="LightningLaunc" name="2458" dev="proc" ino=252926767 scontext=u:r:vendor_hal_perf_default:s0 tcontext=u:r:update_engine:s0 tclass=dir permissive=0
09-25 09:22:15.491  1621  1621 I auditd  : type=1400 audit(0.0:6969350): avc:  denied  { search } for  comm="LightningLaunc" name="2458" dev="proc" ino=252926767 scontext=u:r:vendor_hal_perf_default:s0 tcontext=u:r:update_engine:s0 tclass=dir permissive=0
09-25 09:22:15.707  1621  1621 I auditd  : type=1400 audit(0.0:6969351): avc:  denied  { search } for  comm="LightningLaunc" name="2458" dev="proc" ino=252926767 scontext=u:r:vendor_hal_perf_default:s0 tcontext=u:r:update_engine:s0 tclass=dir permissive=0
09-25 09:22:15.927  1621  1621 I auditd  : type=1400 audit(0.0:6969352): avc:  denied  { search } for  comm="LightningLaunc" name="2458" dev="proc" ino=252926767 scontext=u:r:vendor_hal_perf_default:s0 tcontext=u:r:update_engine:s0 tclass=dir permissive=0
09-25 09:22:16.143  1621  1621 I auditd  : type=1400 audit(0.0:6969353): avc:  denied  { search } for  comm="LightningLaunc" name="2458" dev="proc" ino=252926767 scontext=u:r:vendor_hal_perf_default:s0 tcontext=u:r:update_engine:s0 tclass=dir permissive=0
09-25 09:22:16.363  1621  1621 I auditd  : type=1400 audit(0.0:6969354): avc:  denied  { search } for  comm="LightningLaunc" name="2458" dev="proc" ino=252926767 scontext=u:r:vendor_hal_perf_default:s0 tcontext=u:r:update_engine:s0 tclass=dir permissive=0
09-25 09:22:16.579  1621  1621 I auditd  : type=1400 audit(0.0:6969355): avc:  denied  { search } for  comm="LightningLaunc" name="2458" dev="proc" ino=252926767 scontext=u:r:vendor_hal_perf_default:s0 tcontext=u:r:update_engine:s0 tclass=dir permissive=0
09-25 09:22:16.623  2866 23587 I commit_sys_config_file: [appops_accesses,9]
09-25 09:22:16.795  1621  1621 I auditd  : type=1400 audit(0.0:6969356): avc:  denied  { search } for  comm="LightningLaunc" name="2458" dev="proc" ino=252926767 scontext=u:r:vendor_hal_perf_default:s0 tcontext=u:r:update_engine:s0 tclass=dir permissive=0
09-25 09:22:17.011  1621  1621 I auditd  : type=1400 audit(0.0:6969357): avc:  denied  { search } for  comm="LightningLaunc" name="2458" dev="proc" ino=252926767 scontext=u:r:vendor_hal_perf_default:s0 tcontext=u:r:update_engine:s0 tclass=dir permissive=0
09-25 09:22:17.143  2866  3614 I am_unfreeze: [10021,com.whatsapp,3]
09-25 09:22:17.154  2866  3671 I netstats_mobile_sample: [72245928111,16318644488,59667484,22008592,71924856659,16224790693,59481446,20198494,1790308337172]
09-25 09:22:17.154  2866  3671 I netstats_wifi_sample: [25106702385,12147183491,23589529,57479801,24913756016,5568309773,24116129,11019456,1790308337172]
09-25 09:22:17.223  1621  1621 I auditd  : type=1400 audit(0.0:6969358): avc:  denied  { search } for  comm="LightningLaunc" name="2458" dev="proc" ino=252926767 scontext=u:r:vendor_hal_perf_default:s0 tcontext=u:r:update_engine:s0 tclass=dir permissive=0
09-25 09:22:17.431  1621  1621 I auditd  : type=1400 audit(0.0:6969359): avc:  denied  { search } for  comm="LightningLaunc" name="2458" dev="proc" ino=252926767 scontext=u:r:vendor_hal_perf_default:s0 tcontext=u:r:update_engine:s0 tclass=dir permissive=0
09-25 09:22:17.647  1621  1621 I auditd  : type=1400 audit(0.0:6969360): avc:  denied  { search } for  comm="LightningLaunc" name="2458" dev="proc" ino=252926767 scontext=u:r:vendor_hal_perf_default:s0 tcontext=u:r:update_engine:s0 tclass=dir permissive=0
09-25 09:22:17.859  1621  1621 I auditd  : type=1400 audit(0.0:6969361): avc:  denied  { search } for  comm="LightningLaunc" name="2458" dev="proc" ino=252926767 scontext=u:r:vendor_hal_perf_default:s0 tcontext=u:r:update_engine:s0 tclass=dir permissive=0
09-25 09:22:18.075  1621  1621 I auditd  : type=1400 audit(0.0:6969362): avc:  denied  { search } for  comm="LightningLaunc" name="2458" dev="proc" ino=252926767 scontext=u:r:vendor_hal_perf_default:s0 tcontext=u:r:update_engine:s0 tclass=dir permissive=0
09-25 09:22:18.283  1621  1621 I auditd  : type=1400 audit(0.0:6969363): avc:  denied  { search } for  comm="LightningLaunc" name="2458" dev="proc" ino=252926767 scontext=u:r:vendor_hal_perf_default:s0 tcontext=u:r:update_engine:s0 tclass=dir permissive=0
09-25 09:22:18.487  1621  1621 I auditd  : type=1400 audit(0.0:6969364): avc:  denied  { search } for  comm="LightningLaunc" name="2458" dev="proc" ino=252926767 scontext=u:r:vendor_hal_perf_default:s0 tcontext=u:r:update_engine:s0 tclass=dir permissive=0
09-25 09:22:18.695  1621  1621 I auditd  : type=1400 audit(0.0:6969365): avc:  denied  { search } for  comm="LightningLaunc" name="2458" dev="proc" ino=252926767 scontext=u:r:vendor_hal_perf_default:s0 tcontext=u:r:update_engine:s0 tclass=dir permissive=0
09-25 09:22:18.876  2866  2909 I commit_sys_config_file: [notification-policy,16]
09-25 09:22:18.899  1621  1621 I auditd  : type=1400 audit(0.0:6969366): avc:  denied  { search } for  comm="LightningLaunc" name="2458" dev="proc" ino=252926767 scontext=u:r:vendor_hal_perf_default:s0 tcontext=u:r:update_engine:s0 tclass=dir permissive=0
09-25 09:22:19.107  1621  1621 I auditd  : type=1400 audit(0.0:6969367): avc:  denied  { search } for  comm="LightningLaunc" name="2458" dev="proc" ino=252926767 scontext=u:r:vendor_hal_perf_default:s0 tcontext=u:r:update_engine:s0 tclass=dir permissive=0
09-25 09:22:19.315  1621  1621 I auditd  : type=1400 audit(0.0:6969368): avc:  denied  { search } for  comm="LightningLaunc" name="2458" dev="proc" ino=252926767 scontext=u:r:vendor_hal_perf_default:s0 tcontext=u:r:update_engine:s0 tclass=dir permissive=0
09-25 09:22:19.523  1621  1621 I auditd  : type=1400 audit(0.0:6969369): avc:  denied  { search } for  comm="LightningLaunc" name="2458" dev="proc" ino=252926767 scontext=u:r:vendor_hal_perf_default:s0 tcontext=u:r:update_engine:s0 tclass=dir permissive=0
09-25 09:22:19.735  1621  1621 I auditd  : type=1400 audit(0.0:6969370): avc:  denied  { search } for  comm="LightningLaunc" name="2458" dev="proc" ino=252926767 scontext=u:r:vendor_hal_perf_default:s0 tcontext=u:r:update_engine:s0 tclass=dir permissive=0
09-25 09:22:19.947  1621  1621 I auditd  : type=1400 audit(0.0:6969371): avc:  denied  { search } for  comm="LightningLaunc" name="2458" dev="proc" ino=252926767 scontext=u:r:vendor_hal_perf_default:s0 tcontext=u:r:update_engine:s0 tclass=dir permissive=0
09-25 09:22:20.159  1621  1621 I auditd  : type=1400 audit(0.0:6969372): avc:  denied  { search } for  comm="LightningLaunc" name="2458" dev="proc" ino=252926767 scontext=u:r:vendor_hal_perf_default:s0 tcontext=u:r:update_engine:s0 tclass=dir permissive=0
09-25 09:22:20.371  1621  1621 I auditd  : type=1400 audit(0.0:6969373): avc:  denied  { search } for  comm="LightningLaunc" name="2458" dev="proc" ino=252926767 scontext=u:r:vendor_hal_perf_default:s0 tcontext=u:r:update_engine:s0 tclass=dir permissive=0
09-25 09:22:20.408  2866  2917 I am_pss  : [12972,10311,com.android.dialer,0,0,0,159293440,0,19,3]
09-25 09:22:20.410  2866  2917 I am_pss  : [13098,10311,com.android.incallui,0,0,0,85962752,0,19,2]
09-25 09:22:20.591  1621  1621 I auditd  : type=1400 audit(0.0:6969374): avc:  denied  { search } for  comm="LightningLaunc" name="2458" dev="proc" ino=252926767 scontext=u:r:vendor_hal_perf_default:s0 tcontext=u:r:update_engine:s0 tclass=dir permissive=0
09-25 09:22:20.807  1621  1621 I auditd  : type=1400 audit(0.0:6969375): avc:  denied  { search } for  comm="LightningLaunc" name="2458" dev="proc" ino=252926767 scontext=u:r:vendor_hal_perf_default:s0 tcontext=u:r:update_engine:s0 tclass=dir permissive=0
09-25 09:22:21.023  1621  1621 I auditd  : type=1400 audit(0.0:6969376): avc:  denied  { search } for  comm="LightningLaunc" name="2458" dev="proc" ino=252926767 scontext=u:r:vendor_hal_perf_default:s0 tcontext=u:r:update_engine:s0 tclass=dir permissive=0
09-25 09:22:21.243  1621  1621 I auditd  : type=1400 audit(0.0:6969377): avc:  denied  { search } for  comm="LightningLaunc" name="2458" dev="proc" ino=252926767 scontext=u:r:vendor_hal_perf_default:s0 tcontext=u:r:update_engine:s0 tclass=dir permissive=0
09-25 09:22:21.459  1621  1621 I auditd  : type=1400 audit(0.0:6969378): avc:  denied  { search } for  comm="LightningLaunc" name="2458" dev="proc" ino=252926767 scontext=u:r:vendor_hal_perf_default:s0 tcontext=u:r:update_engine:s0 tclass=dir permissive=0
09-25 09:22:21.679  1621  1621 I auditd  : type=1400 audit(0.0:6969379): avc:  denied  { search } for  comm="LightningLaunc" name="2458" dev="proc" ino=252926767 scontext=u:r:vendor_hal_perf_default:s0 tcontext=u:r:update_engine:s0 tclass=dir permissive=0
09-25 09:22:21.895  1621  1621 I auditd  : type=1400 audit(0.0:6969380): avc:  denied  { search } for  comm="LightningLaunc" name="2458" dev="proc" ino=252926767 scontext=u:r:vendor_hal_perf_default:s0 tcontext=u:r:update_engine:s0 tclass=dir permissive=0
09-25 09:22:22.111  1621  1621 I auditd  : type=1400 audit(0.0:6969381): avc:  denied  { search } for  comm="LightningLaunc" name="2458" dev="proc" ino=252926767 scontext=u:r:vendor_hal_perf_default:s0 tcontext=u:r:update_engine:s0 tclass=dir permissive=0
09-25 09:22:22.331  1621  1621 I auditd  : type=1400 audit(0.0:6969382): avc:  denied  { search } for  comm="LightningLaunc" name="2458" dev="proc" ino=252926767 scontext=u:r:vendor_hal_perf_default:s0 tcontext=u:r:update_engine:s0 tclass=dir permissive=0
09-25 09:22:22.551  1621  1621 I auditd  : type=1400 audit(0.0:6969383): avc:  denied  { search } for  comm="LightningLaunc" name="2458" dev="proc" ino=252926767 scontext=u:r:vendor_hal_perf_default:s0 tcontext=u:r:update_engine:s0 tclass=dir permissive=0
09-25 09:22:22.767  1621  1621 I auditd  : type=1400 audit(0.0:6969384): avc:  denied  { search } for  comm="LightningLaunc" name="2458" dev="proc" ino=252926767 scontext=u:r:vendor_hal_perf_default:s0 tcontext=u:r:update_engine:s0 tclass=dir permissive=0
09-25 09:22:22.979  1621  1621 I auditd  : type=1400 audit(0.0:6969385): avc:  denied  { search } for  comm="LightningLaunc" name="2458" dev="proc" ino=252926767 scontext=u:r:vendor_hal_perf_default:s0 tcontext=u:r:update_engine:s0 tclass=dir permissive=0
09-25 09:22:23.199  1621  1621 I auditd  : type=1400 audit(0.0:6969386): avc:  denied  { search } for  comm="LightningLaunc" name="2458" dev="proc" ino=252926767 scontext=u:r:vendor_hal_perf_default:s0 tcontext=u:r:update_engine:s0 tclass=dir permissive=0
09-25 09:22:23.419  1621  1621 I auditd  : type=1400 audit(0.0:6969387): avc:  denied  { search } for  comm="LightningLaunc" name="2458" dev="proc" ino=252926767 scontext=u:r:vendor_hal_perf_default:s0 tcontext=u:r:update_engine:s0 tclass=dir permissive=0
09-25 09:22:23.635  1621  1621 I auditd  : type=1400 audit(0.0:6969388): avc:  denied  { search } for  comm="LightningLaunc" name="2458" dev="proc" ino=252926767 scontext=u:r:vendor_hal_perf_default:s0 tcontext=u:r:update_engine:s0 tclass=dir permissive=0
09-25 09:22:23.847  1621  1621 I auditd  : type=1400 audit(0.0:6969389): avc:  denied  { search } for  comm="LightningLaunc" name="2458" dev="proc" ino=252926767 scontext=u:r:vendor_hal_perf_default:s0 tcontext=u:r:update_engine:s0 tclass=dir permissive=0
09-25 09:22:24.063  1621  1621 I auditd  : type=1400 audit(0.0:6969390): avc:  denied  { search } for  comm="LightningLaunc" name="2458" dev="proc" ino=252926767 scontext=u:r:vendor_hal_perf_default:s0 tcontext=u:r:update_engine:s0 tclass=dir permissive=0
09-25 09:22:24.275  1621  1621 I auditd  : type=1400 audit(0.0:6969391): avc:  denied  { search } for  comm="LightningLaunc" name="2458" dev="proc" ino=252926767 scontext=u:r:vendor_hal_perf_default:s0 tcontext=u:r:update_engine:s0 tclass=dir permissive=0
09-25 09:22:24.487  1621  1621 I auditd  : type=1400 audit(0.0:6969392): avc:  denied  { search } for  comm="LightningLaunc" name="2458" dev="proc" ino=252926767 scontext=u:r:vendor_hal_perf_default:s0 tcontext=u:r:update_engine:s0 tclass=dir permissive=0
09-25 09:22:24.699  1621  1621 I auditd  : type=1400 audit(0.0:6969393): avc:  denied  { search } for  comm="LightningLaunc" name="2458" dev="proc" ino=252926767 scontext=u:r:vendor_hal_perf_default:s0 tcontext=u:r:update_engine:s0 tclass=dir permissive=0
09-25 09:22:24.915  1621  1621 I auditd  : type=1400 audit(0.0:6969394): avc:  denied  { search } for  comm="LightningLaunc" name="2458" dev="proc" ino=252926767 scontext=u:r:vendor_hal_perf_default:s0 tcontext=u:r:update_engine:s0 tclass=dir permissive=0
09-25 09:22:25.131  1621  1621 I auditd  : type=1400 audit(0.0:6969395): avc:  denied  { search } for  comm="LightningLaunc" name="2458" dev="proc" ino=252926767 scontext=u:r:vendor_hal_perf_default:s0 tcontext=u:r:update_engine:s0 tclass=dir permissive=0
09-25 09:22:25.347  1621  1621 I auditd  : type=1400 audit(0.0:6969396): avc:  denied  { search } for  comm="LightningLaunc" name="2458" dev="proc" ino=252926767 scontext=u:r:vendor_hal_perf_default:s0 tcontext=u:r:update_engine:s0 tclass=dir permissive=0
09-25 09:22:25.559  1621  1621 I auditd  : type=1400 audit(0.0:6969397): avc:  denied  { search } for  comm="LightningLaunc" name="2458" dev="proc" ino=252926767 scontext=u:r:vendor_hal_perf_default:s0 tcontext=u:r:update_engine:s0 tclass=dir permissive=0
09-25 09:22:25.779  1621  1621 I auditd  : type=1400 audit(0.0:6969398): avc:  denied  { search } for  comm="LightningLaunc" name="2458" dev="proc" ino=252926767 scontext=u:r:vendor_hal_perf_default:s0 tcontext=u:r:update_engine:s0 tclass=dir permissive=0
09-25 09:22:25.995  1621  1621 I auditd  : type=1400 audit(0.0:6969399): avc:  denied  { search } for  comm="LightningLaunc" name="2458" dev="proc" ino=252926767 scontext=u:r:vendor_hal_perf_default:s0 tcontext=u:r:update_engine:s0 tclass=dir permissive=0
09-25 09:22:26.211  1621  1621 I auditd  : type=1400 audit(0.0:6969400): avc:  denied  { search } for  comm="LightningLaunc" name="2458" dev="proc" ino=252926767 scontext=u:r:vendor_hal_perf_default:s0 tcontext=u:r:update_engine:s0 tclass=dir permissive=0
09-25 09:22:26.431  1621  1621 I auditd  : type=1400 audit(0.0:6969401): avc:  denied  { search } for  comm="LightningLaunc" name="2458" dev="proc" ino=252926767 scontext=u:r:vendor_hal_perf_default:s0 tcontext=u:r:update_engine:s0 tclass=dir permissive=0
09-25 09:22:26.572  2866  3614 I am_freeze: [10058,android.process.acore]
09-25 09:22:26.647  1621  1621 I auditd  : type=1400 audit(0.0:6969402): avc:  denied  { search } for  comm="LightningLaunc" name="2458" dev="proc" ino=252926767 scontext=u:r:vendor_hal_perf_default:s0 tcontext=u:r:update_engine:s0 tclass=dir permissive=0
09-25 09:22:26.665  2866  3614 I am_compact: [10058,android.process.acore,ANON,100200,70868,27552,44812,-15456,-472,-14984,14960,91,FULL,687999905,905,19,632460,-72]
09-25 09:22:26.666  2866  3614 I am_freeze: [10608,com.android.permissioncontroller]
09-25 09:22:26.727  2866  3614 I am_compact: [10608,com.android.permissioncontroller,ANON,101256,76736,22776,39388,-20680,-12528,-8136,8016,61,FULL,688162424,905,19,632532,-136]
09-25 09:22:26.863  1621  1621 I auditd  : type=1400 audit(0.0:6969403): avc:  denied  { search } for  comm="LightningLaunc" name="2458" dev="proc" ino=252926767 scontext=u:r:vendor_hal_perf_default:s0 tcontext=u:r:update_engine:s0 tclass=dir permissive=0
09-25 09:22:27.087  1621  1621 I auditd  : type=1400 audit(0.0:6969404): avc:  denied  { search } for  comm="LightningLaunc" name="2458" dev="proc" ino=252926767 scontext=u:r:vendor_hal_perf_default:s0 tcontext=u:r:update_engine:s0 tclass=dir permissive=0
09-25 09:22:27.303  1621  1621 I auditd  : type=1400 audit(0.0:6969405): avc:  denied  { search } for  comm="LightningLaunc" name="2458" dev="proc" ino=252926767 scontext=u:r:vendor_hal_perf_default:s0 tcontext=u:r:update_engine:s0 tclass=dir permissive=0
09-25 09:22:27.519  1621  1621 I auditd  : type=1400 audit(0.0:6969406): avc:  denied  { search } for  comm="LightningLaunc" name="2458" dev="proc" ino=252926767 scontext=u:r:vendor_hal_perf_default:s0 tcontext=u:r:update_engine:s0 tclass=dir permissive=0
09-25 09:22:27.735  1621  1621 I auditd  : type=1400 audit(0.0:6969407): avc:  denied  { search } for  comm="LightningLaunc" name="2458" dev="proc" ino=252926767 scontext=u:r:vendor_hal_perf_default:s0 tcontext=u:r:update_engine:s0 tclass=dir permissive=0
09-25 09:22:27.955  1621  1621 I auditd  : type=1400 audit(0.0:6969408): avc:  denied  { search } for  comm="LightningLaunc" name="2458" dev="proc" ino=252926767 scontext=u:r:vendor_hal_perf_default:s0 tcontext=u:r:update_engine:s0 tclass=dir permissive=0
09-25 09:22:28.171  1621  1621 I auditd  : type=1400 audit(0.0:6969409): avc:  denied  { search } for  comm="LightningLaunc" name="2458" dev="proc" ino=252926767 scontext=u:r:vendor_hal_perf_default:s0 tcontext=u:r:update_engine:s0 tclass=dir permissive=0
09-25 09:22:28.387  1621  1621 I auditd  : type=1400 audit(0.0:6969410): avc:  denied  { search } for  comm="LightningLaunc" name="2458" dev="proc" ino=252926767 scontext=u:r:vendor_hal_perf_default:s0 tcontext=u:r:update_engine:s0 tclass=dir permissive=0
09-25 09:22:28.603  1621  1621 I auditd  : type=1400 audit(0.0:6969411): avc:  denied  { search } for  comm="LightningLaunc" name="2458" dev="proc" ino=252926767 scontext=u:r:vendor_hal_perf_default:s0 tcontext=u:r:update_engine:s0 tclass=dir permissive=0
09-25 09:22:28.819  1621  1621 I auditd  : type=1400 audit(0.0:6969412): avc:  denied  { search } for  comm="LightningLaunc" name="2458" dev="proc" ino=252926767 scontext=u:r:vendor_hal_perf_default:s0 tcontext=u:r:update_engine:s0 tclass=dir permissive=0
09-25 09:22:29.031  1621  1621 I auditd  : type=1400 audit(0.0:6969413): avc:  denied  { search } for  comm="LightningLaunc" name="2458" dev="proc" ino=252926767 scontext=u:r:vendor_hal_perf_default:s0 tcontext=u:r:update_engine:s0 tclass=dir permissive=0
09-25 09:22:29.243  1621  1621 I auditd  : type=1400 audit(0.0:6969414): avc:  denied  { search } for  comm="LightningLaunc" name="2458" dev="proc" ino=252926767 scontext=u:r:vendor_hal_perf_default:s0 tcontext=u:r:update_engine:s0 tclass=dir permissive=0
09-25 09:22:29.455  1621  1621 I auditd  : type=1400 audit(0.0:6969415): avc:  denied  { search } for  comm="LightningLaunc" name="2458" dev="proc" ino=252926767 scontext=u:r:vendor_hal_perf_default:s0 tcontext=u:r:update_engine:s0 tclass=dir permissive=0
09-25 09:22:29.667  1621  1621 I auditd  : type=1400 audit(0.0:6969416): avc:  denied  { search } for  comm="LightningLaunc" name="2458" dev="proc" ino=252926767 scontext=u:r:vendor_hal_perf_default:s0 tcontext=u:r:update_engine:s0 tclass=dir permissive=0
09-25 09:22:29.879  1621  1621 I auditd  : type=1400 audit(0.0:6969417): avc:  denied  { search } for  comm="LightningLaunc" name="2458" dev="proc" ino=252926767 scontext=u:r:vendor_hal_perf_default:s0 tcontext=u:r:update_engine:s0 tclass=dir permissive=0
09-25 09:22:30.095  1621  1621 I auditd  : type=1400 audit(0.0:6969418): avc:  denied  { search } for  comm="LightningLaunc" name="2458" dev="proc" ino=252926767 scontext=u:r:vendor_hal_perf_default:s0 tcontext=u:r:update_engine:s0 tclass=dir permissive=0
09-25 09:22:30.307  1621  1621 I auditd  : type=1400 audit(0.0:6969419): avc:  denied  { search } for  comm="LightningLaunc" name="2458" dev="proc" ino=252926767 scontext=u:r:vendor_hal_perf_default:s0 tcontext=u:r:update_engine:s0 tclass=dir permissive=0
09-25 09:22:30.411  2866  3614 I am_freeze: [12972,com.android.dialer]
09-25 09:22:30.413  2866  3614 I am_freeze: [13098,com.android.incallui]
09-25 09:22:30.519  1621  1621 I auditd  : type=1400 audit(0.0:6969420): avc:  denied  { search } for  comm="LightningLaunc" name="2458" dev="proc" ino=252926767 scontext=u:r:vendor_hal_perf_default:s0 tcontext=u:r:update_engine:s0 tclass=dir permissive=0
09-25 09:22:30.731  1621  1621 I auditd  : type=1400 audit(0.0:6969421): avc:  denied  { search } for  comm="LightningLaunc" name="2458" dev="proc" ino=252926767 scontext=u:r:vendor_hal_perf_default:s0 tcontext=u:r:update_engine:s0 tclass=dir permissive=0
09-25 09:22:30.943  1621  1621 I auditd  : type=1400 audit(0.0:6969422): avc:  denied  { search } for  comm="LightningLaunc" name="2458" dev="proc" ino=252926767 scontext=u:r:vendor_hal_perf_default:s0 tcontext=u:r:update_engine:s0 tclass=dir permissive=0
09-25 09:22:31.039  2866  3614 I am_freeze: [10664,com.android.vending:background]
09-25 09:22:31.045  2866  3614 I am_freeze: [10452,com.android.vending]
09-25 09:22:31.048  2866  3614 I am_freeze: [10500,com.google.android.verifier]
09-25 09:22:31.151  1621  1621 I auditd  : type=1400 audit(0.0:6969423): avc:  denied  { search } for  comm="LightningLaunc" name="2458" dev="proc" ino=252926767 scontext=u:r:vendor_hal_perf_default:s0 tcontext=u:r:update_engine:s0 tclass=dir permissive=0
09-25 09:22:31.213  2866  3614 I am_compact: [10664,com.android.vending:background,ANON,163588,117456,44360,37904,-32468,-1784,-30668,30388,165,FULL,688162617,905,19,632668,-1572]
09-25 09:22:31.355  1621  1621 I auditd  : type=1400 audit(0.0:6969424): avc:  denied  { search } for  comm="LightningLaunc" name="2458" dev="proc" ino=252926767 scontext=u:r:vendor_hal_perf_default:s0 tcontext=u:r:update_engine:s0 tclass=dir permissive=0
09-25 09:22:31.437  2866  3614 I am_compact: [10452,com.android.vending,ANON,217292,156512,58864,35412,-57020,-12400,-44620,44204,224,FULL,688159199,905,19,634240,-5708]
09-25 09:22:31.512  2866  3614 I am_compact: [10500,com.google.android.verifier,ANON,112412,83976,26660,40264,-20852,-7956,-12880,12696,75,FULL,688160030,905,19,639948,-2356]
09-25 09:22:31.563  1621  1621 I auditd  : type=1400 audit(0.0:6969425): avc:  denied  { search } for  comm="LightningLaunc" name="2458" dev="proc" ino=252926767 scontext=u:r:vendor_hal_perf_default:s0 tcontext=u:r:update_engine:s0 tclass=dir permissive=0
09-25 09:22:31.771  1621  1621 I auditd  : type=1400 audit(0.0:6969426): avc:  denied  { search } for  comm="LightningLaunc" name="2458" dev="proc" ino=252926767 scontext=u:r:vendor_hal_perf_default:s0 tcontext=u:r:update_engine:s0 tclass=dir permissive=0
09-25 09:22:31.987  1621  1621 I auditd  : type=1400 audit(0.0:6969427): avc:  denied  { search } for  comm="LightningLaunc" name="2458" dev="proc" ino=252926767 scontext=u:r:vendor_hal_perf_default:s0 tcontext=u:r:update_engine:s0 tclass=dir permissive=0
09-25 09:22:32.199  1621  1621 I auditd  : type=1400 audit(0.0:6969428): avc:  denied  { search } for  comm="LightningLaunc" name="2458" dev="proc" ino=252926767 scontext=u:r:vendor_hal_perf_default:s0 tcontext=u:r:update_engine:s0 tclass=dir permissive=0
09-25 09:22:32.415  1621  1621 I auditd  : type=1400 audit(0.0:6969429): avc:  denied  { search } for  comm="LightningLaunc" name="2458" dev="proc" ino=252926767 scontext=u:r:vendor_hal_perf_default:s0 tcontext=u:r:update_engine:s0 tclass=dir permissive=0
09-25 09:22:32.631  1621  1621 I auditd  : type=1400 audit(0.0:6969430): avc:  denied  { search } for  comm="LightningLaunc" name="2458" dev="proc" ino=252926767 scontext=u:r:vendor_hal_perf_default:s0 tcontext=u:r:update_engine:s0 tclass=dir permissive=0
09-25 09:22:32.717  2866  3614 I am_unfreeze: [10452,com.android.vending,6]
09-25 09:22:32.726  2866  3614 I am_unfreeze: [10500,com.google.android.verifier,6]
09-25 09:22:32.847  1621  1621 I auditd  : type=1400 audit(0.0:6969431): avc:  denied  { search } for  comm="LightningLaunc" name="2458" dev="proc" ino=252926767 scontext=u:r:vendor_hal_perf_default:s0 tcontext=u:r:update_engine:s0 tclass=dir permissive=0
09-25 09:22:33.051  1621  1621 I auditd  : type=1400 audit(0.0:6969432): avc:  denied  { search } for  comm="LightningLaunc" name="2458" dev="proc" ino=252926767 scontext=u:r:vendor_hal_perf_default:s0 tcontext=u:r:update_engine:s0 tclass=dir permissive=0
09-25 09:22:33.259  1621  1621 I auditd  : type=1400 audit(0.0:6969433): avc:  denied  { search } for  comm="LightningLaunc" name="2458" dev="proc" ino=252926767 scontext=u:r:vendor_hal_perf_default:s0 tcontext=u:r:update_engine:s0 tclass=dir permissive=0
09-25 09:22:33.467  1621  1621 I auditd  : type=1400 audit(0.0:6969434): avc:  denied  { search } for  comm="LightningLaunc" name="2458" dev="proc" ino=252926767 scontext=u:r:vendor_hal_perf_default:s0 tcontext=u:r:update_engine:s0 tclass=dir permissive=0
09-25 09:22:33.675  1621  1621 I auditd  : type=1400 audit(0.0:6969435): avc:  denied  { search } for  comm="LightningLaunc" name="2458" dev="proc" ino=252926767 scontext=u:r:vendor_hal_perf_default:s0 tcontext=u:r:update_engine:s0 tclass=dir permissive=0
09-25 09:22:33.887  1621  1621 I auditd  : type=1400 audit(0.0:6969436): avc:  denied  { search } for  comm="LightningLaunc" name="2458" dev="proc" ino=252926767 scontext=u:r:vendor_hal_perf_default:s0 tcontext=u:r:update_engine:s0 tclass=dir permissive=0
09-25 09:22:34.099  1621  1621 I auditd  : type=1400 audit(0.0:6969437): avc:  denied  { search } for  comm="LightningLaunc" name="2458" dev="proc" ino=252926767 scontext=u:r:vendor_hal_perf_default:s0 tcontext=u:r:update_engine:s0 tclass=dir permissive=0
09-25 09:22:34.307  1621  1621 I auditd  : type=1400 audit(0.0:6969438): avc:  denied  { search } for  comm="LightningLaunc" name="2458" dev="proc" ino=252926767 scontext=u:r:vendor_hal_perf_default:s0 tcontext=u:r:update_engine:s0 tclass=dir permissive=0
09-25 09:22:34.519  1621  1621 I auditd  : type=1400 audit(0.0:6969439): avc:  denied  { search } for  comm="LightningLaunc" name="2458" dev="proc" ino=252926767 scontext=u:r:vendor_hal_perf_default:s0 tcontext=u:r:update_engine:s0 tclass=dir permissive=0
09-25 09:22:34.727  1621  1621 I auditd  : type=1400 audit(0.0:6969440): avc:  denied  { search } for  comm="LightningLaunc" name="2458" dev="proc" ino=252926767 scontext=u:r:vendor_hal_perf_default:s0 tcontext=u:r:update_engine:s0 tclass=dir permissive=0
09-25 09:22:34.943  1621  1621 I auditd  : type=1400 audit(0.0:6969441): avc:  denied  { search } for  comm="LightningLaunc" name="2458" dev="proc" ino=252926767 scontext=u:r:vendor_hal_perf_default:s0 tcontext=u:r:update_engine:s0 tclass=dir permissive=0
09-25 09:22:35.155  1621  1621 I auditd  : type=1400 audit(0.0:6969442): avc:  denied  { search } for  comm="LightningLaunc" name="2458" dev="proc" ino=252926767 scontext=u:r:vendor_hal_perf_default:s0 tcontext=u:r:update_engine:s0 tclass=dir permissive=0
09-25 09:22:35.367  1621  1621 I auditd  : type=1400 audit(0.0:6969443): avc:  denied  { search } for  comm="LightningLaunc" name="2458" dev="proc" ino=252926767 scontext=u:r:vendor_hal_perf_default:s0 tcontext=u:r:update_engine:s0 tclass=dir permissive=0
09-25 09:22:35.579  1621  1621 I auditd  : type=1400 audit(0.0:6969444): avc:  denied  { search } for  comm="LightningLaunc" name="2458" dev="proc" ino=252926767 scontext=u:r:vendor_hal_perf_default:s0 tcontext=u:r:update_engine:s0 tclass=dir permissive=0
09-25 09:22:35.791  1621  1621 I auditd  : type=1400 audit(0.0:6969445): avc:  denied  { search } for  comm="LightningLaunc" name="2458" dev="proc" ino=252926767 scontext=u:r:vendor_hal_perf_default:s0 tcontext=u:r:update_engine:s0 tclass=dir permissive=0
09-25 09:22:36.003  1621  1621 I auditd  : type=1400 audit(0.0:6969446): avc:  denied  { search } for  comm="LightningLaunc" name="2458" dev="proc" ino=252926767 scontext=u:r:vendor_hal_perf_default:s0 tcontext=u:r:update_engine:s0 tclass=dir permissive=0
09-25 09:22:36.215  1621  1621 I auditd  : type=1400 audit(0.0:6969447): avc:  denied  { search } for  comm="LightningLaunc" name="2458" dev="proc" ino=252926767 scontext=u:r:vendor_hal_perf_default:s0 tcontext=u:r:update_engine:s0 tclass=dir permissive=0
09-25 09:22:36.427  1621  1621 I auditd  : type=1400 audit(0.0:6969448): avc:  denied  { search } for  comm="LightningLaunc" name="2458" dev="proc" ino=252926767 scontext=u:r:vendor_hal_perf_default:s0 tcontext=u:r:update_engine:s0 tclass=dir permissive=0
09-25 09:22:36.639  1621  1621 I auditd  : type=1400 audit(0.0:6969449): avc:  denied  { search } for  comm="LightningLaunc" name="2458" dev="proc" ino=252926767 scontext=u:r:vendor_hal_perf_default:s0 tcontext=u:r:update_engine:s0 tclass=dir permissive=0
09-25 09:22:36.851  1621  1621 I auditd  : type=1400 audit(0.0:6969450): avc:  denied  { search } for  comm="LightningLaunc" name="2458" dev="proc" ino=252926767 scontext=u:r:vendor_hal_perf_default:s0 tcontext=u:r:update_engine:s0 tclass=dir permissive=0
09-25 09:22:37.059  1621  1621 I auditd  : type=1400 audit(0.0:6969451): avc:  denied  { search } for  comm="LightningLaunc" name="2458" dev="proc" ino=252926767 scontext=u:r:vendor_hal_perf_default:s0 tcontext=u:r:update_engine:s0 tclass=dir permissive=0
09-25 09:22:37.275  1621  1621 I auditd  : type=1400 audit(0.0:6969452): avc:  denied  { search } for  comm="LightningLaunc" name="2458" dev="proc" ino=252926767 scontext=u:r:vendor_hal_perf_default:s0 tcontext=u:r:update_engine:s0 tclass=dir permissive=0
09-25 09:22:37.487  1621  1621 I auditd  : type=1400 audit(0.0:6969453): avc:  denied  { search } for  comm="LightningLaunc" name="2458" dev="proc" ino=252926767 scontext=u:r:vendor_hal_perf_default:s0 tcontext=u:r:update_engine:s0 tclass=dir permissive=0
09-25 09:22:37.699  1621  1621 I auditd  : type=1400 audit(0.0:6969454): avc:  denied  { search } for  comm="LightningLaunc" name="2458" dev="proc" ino=252926767 scontext=u:r:vendor_hal_perf_default:s0 tcontext=u:r:update_engine:s0 tclass=dir permissive=0
09-25 09:22:37.911  1621  1621 I auditd  : type=1400 audit(0.0:6969455): avc:  denied  { search } for  comm="LightningLaunc" name="2458" dev="proc" ino=252926767 scontext=u:r:vendor_hal_perf_default:s0 tcontext=u:r:update_engine:s0 tclass=dir permissive=0
09-25 09:22:38.127  1621  1621 I auditd  : type=1400 audit(0.0:6969456): avc:  denied  { search } for  comm="LightningLaunc" name="2458" dev="proc" ino=252926767 scontext=u:r:vendor_hal_perf_default:s0 tcontext=u:r:update_engine:s0 tclass=dir permissive=0
09-25 09:22:38.339  1621  1621 I auditd  : type=1400 audit(0.0:6969457): avc:  denied  { search } for  comm="LightningLaunc" name="2458" dev="proc" ino=252926767 scontext=u:r:vendor_hal_perf_default:s0 tcontext=u:r:update_engine:s0 tclass=dir permissive=0
09-25 09:22:38.547  1621  1621 I auditd  : type=1400 audit(0.0:6969458): avc:  denied  { search } for  comm="LightningLaunc" name="2458" dev="proc" ino=252926767 scontext=u:r:vendor_hal_perf_default:s0 tcontext=u:r:update_engine:s0 tclass=dir permissive=0
09-25 09:22:38.759  1621  1621 I auditd  : type=1400 audit(0.0:6969459): avc:  denied  { search } for  comm="LightningLaunc" name="2458" dev="proc" ino=252926767 scontext=u:r:vendor_hal_perf_default:s0 tcontext=u:r:update_engine:s0 tclass=dir permissive=0
09-25 09:22:38.971  1621  1621 I auditd  : type=1400 audit(0.0:6969460): avc:  denied  { search } for  comm="LightningLaunc" name="2458" dev="proc" ino=252926767 scontext=u:r:vendor_hal_perf_default:s0 tcontext=u:r:update_engine:s0 tclass=dir permissive=0
09-25 09:22:39.001  2866  2918 I am_uid_idle: 10477
09-25 09:22:39.183  1621  1621 I auditd  : type=1400 audit(0.0:6969461): avc:  denied  { search } for  comm="LightningLaunc" name="2458" dev="proc" ino=252926767 scontext=u:r:vendor_hal_perf_default:s0 tcontext=u:r:update_engine:s0 tclass=dir permissive=0
09-25 09:22:39.395  1621  1621 I auditd  : type=1400 audit(0.0:6969462): avc:  denied  { search } for  comm="LightningLaunc" name="2458" dev="proc" ino=252926767 scontext=u:r:vendor_hal_perf_default:s0 tcontext=u:r:update_engine:s0 tclass=dir permissive=0
09-25 09:22:39.607  1621  1621 I auditd  : type=1400 audit(0.0:6969463): avc:  denied  { search } for  comm="LightningLaunc" name="2458" dev="proc" ino=252926767 scontext=u:r:vendor_hal_perf_default:s0 tcontext=u:r:update_engine:s0 tclass=dir permissive=0
09-25 09:22:39.819  1621  1621 I auditd  : type=1400 audit(0.0:6969464): avc:  denied  { search } for  comm="LightningLaunc" name="2458" dev="proc" ino=252926767 scontext=u:r:vendor_hal_perf_default:s0 tcontext=u:r:update_engine:s0 tclass=dir permissive=0
09-25 09:22:40.031  1621  1621 I auditd  : type=1400 audit(0.0:6969465): avc:  denied  { search } for  comm="LightningLaunc" name="2458" dev="proc" ino=252926767 scontext=u:r:vendor_hal_perf_default:s0 tcontext=u:r:update_engine:s0 tclass=dir permissive=0
09-25 09:22:40.243  1621  1621 I auditd  : type=1400 audit(0.0:6969466): avc:  denied  { search } for  comm="LightningLaunc" name="2458" dev="proc" ino=252926767 scontext=u:r:vendor_hal_perf_default:s0 tcontext=u:r:update_engine:s0 tclass=dir permissive=0
09-25 09:22:40.455  1621  1621 I auditd  : type=1400 audit(0.0:6969467): avc:  denied  { search } for  comm="LightningLaunc" name="2458" dev="proc" ino=252926767 scontext=u:r:vendor_hal_perf_default:s0 tcontext=u:r:update_engine:s0 tclass=dir permissive=0
09-25 09:22:40.667  1621  1621 I auditd  : type=1400 audit(0.0:6969468): avc:  denied  { search } for  comm="LightningLaunc" name="2458" dev="proc" ino=252926767 scontext=u:r:vendor_hal_perf_default:s0 tcontext=u:r:update_engine:s0 tclass=dir permissive=0
09-25 09:22:40.875  1621  1621 I auditd  : type=1400 audit(0.0:6969469): avc:  denied  { search } for  comm="LightningLaunc" name="2458" dev="proc" ino=252926767 scontext=u:r:vendor_hal_perf_default:s0 tcontext=u:r:update_engine:s0 tclass=dir permissive=0
09-25 09:22:41.087  1621  1621 I auditd  : type=1400 audit(0.0:6969470): avc:  denied  { search } for  comm="LightningLaunc" name="2458" dev="proc" ino=252926767 scontext=u:r:vendor_hal_perf_default:s0 tcontext=u:r:update_engine:s0 tclass=dir permissive=0
09-25 09:22:41.299  1621  1621 I auditd  : type=1400 audit(0.0:6969471): avc:  denied  { search } for  comm="LightningLaunc" name="2458" dev="proc" ino=252926767 scontext=u:r:vendor_hal_perf_default:s0 tcontext=u:r:update_engine:s0 tclass=dir permissive=0
09-25 09:22:41.511  1621  1621 I auditd  : type=1400 audit(0.0:6969472): avc:  denied  { search } for  comm="LightningLaunc" name="2458" dev="proc" ino=252926767 scontext=u:r:vendor_hal_perf_default:s0 tcontext=u:r:update_engine:s0 tclass=dir permissive=0
09-25 09:22:41.727  1621  1621 I auditd  : type=1400 audit(0.0:6969473): avc:  denied  { search } for  comm="LightningLaunc" name="2458" dev="proc" ino=252926767 scontext=u:r:vendor_hal_perf_default:s0 tcontext=u:r:update_engine:s0 tclass=dir permissive=0
09-25 09:22:41.939  1621  1621 I auditd  : type=1400 audit(0.0:6969474): avc:  denied  { search } for  comm="LightningLaunc" name="2458" dev="proc" ino=252926767 scontext=u:r:vendor_hal_perf_default:s0 tcontext=u:r:update_engine:s0 tclass=dir permissive=0
09-25 09:22:42.151  1621  1621 I auditd  : type=1400 audit(0.0:6969475): avc:  denied  { search } for  comm="LightningLaunc" name="2458" dev="proc" ino=252926767 scontext=u:r:vendor_hal_perf_default:s0 tcontext=u:r:update_engine:s0 tclass=dir permissive=0
09-25 09:22:42.363  1621  1621 I auditd  : type=1400 audit(0.0:6969476): avc:  denied  { search } for  comm="LightningLaunc" name="2458" dev="proc" ino=252926767 scontext=u:r:vendor_hal_perf_default:s0 tcontext=u:r:update_engine:s0 tclass=dir permissive=0
09-25 09:22:42.571  1621  1621 I auditd  : type=1400 audit(0.0:6969477): avc:  denied  { search } for  comm="LightningLaunc" name="2458" dev="proc" ino=252926767 scontext=u:r:vendor_hal_perf_default:s0 tcontext=u:r:update_engine:s0 tclass=dir permissive=0
09-25 09:22:42.783  1621  1621 I auditd  : type=1400 audit(0.0:6969478): avc:  denied  { search } for  comm="LightningLaunc" name="2458" dev="proc" ino=252926767 scontext=u:r:vendor_hal_perf_default:s0 tcontext=u:r:update_engine:s0 tclass=dir permissive=0
09-25 09:22:42.995  1621  1621 I auditd  : type=1400 audit(0.0:6969479): avc:  denied  { search } for  comm="LightningLaunc" name="2458" dev="proc" ino=252926767 scontext=u:r:vendor_hal_perf_default:s0 tcontext=u:r:update_engine:s0 tclass=dir permissive=0
09-25 09:22:43.666  2866  3614 I am_freeze: [10452,com.android.vending]
09-25 09:22:43.667  2866  3614 I am_freeze: [10500,com.google.android.verifier]
09-25 09:22:46.636  2866  3614 I am_freeze: [10606,com.android.keychain]
09-25 09:22:46.637  2866  3614 I am_freeze: [9991,org.lineageos.lineageparts]
09-25 09:22:46.639  2866  3614 I am_freeze: [9227,com.android.DeviceAsWebcam]
09-25 09:22:46.643  2866  3614 I am_freeze: [11890,com.android.settings]
09-25 09:22:46.698  2866  3614 I am_compact: [10606,com.android.keychain,ANON,76748,59736,15260,45204,-4448,0,-4432,4376,54,FULL,688162413,905,19,639436,-180]
09-25 09:22:56.546  2866  2918 I am_uid_idle: 10262
09-25 09:22:58.124  2866  3614 I am_freeze: [10021,com.whatsapp]
09-25 09:22:58.453  2866  3614 I am_compact: [10021,com.whatsapp,ANON,215756,159416,54156,60024,-65380,-22172,-43208,42772,328,FULL,688332687,905,19,639616,-7164]
09-25 09:23:16.632  2866  2918 I am_uid_idle: 10383
09-25 09:23:20.412  2866  2918 I am_uid_idle: 10311
09-25 09:23:20.998  2866  2918 I am_uid_idle: 10297
09-25 09:23:22.343  2866  3614 I am_freeze: [5586,com.google.android.googlequicksearchbox:search]
09-25 09:23:22.614  2866  3612 I commit_sys_config_file: [settings-0-0,13]
09-25 09:24:21.280  2866 10258 I wm_task_created: 1539
09-25 09:24:21.286  2866 10258 I wm_task_moved: [1539,1539,0,1,3]
09-25 09:24:21.286  2866 10258 I wm_task_to_front: [0,1539,0]
09-25 09:24:21.287  2866 10258 I wm_create_task: [0,1539,1539,0]
09-25 09:24:21.287  2866 10258 I wm_create_activity: [0,135796674,1539,com.zenithblue.sambas3/.MainActivity,NULL,NULL,NULL,268435456]
09-25 09:24:21.287  2866 10258 I wm_task_moved: [1539,1539,0,1,3]
09-25 09:24:21.288  2866 10258 I wm_pause_activity: [0,258767249,com.android.launcher3/.uioverrides.QuickstepLauncher,userLeaving=true,pauseBackTasks]
09-25 09:24:21.294 10806 10806 I wm_on_top_resumed_lost_called: [258767249,com.android.launcher3.uioverrides.QuickstepLauncher,topStateChangedWhenResumed]
09-25 09:24:21.295  2866  2910 I am_uid_running: 10463
09-25 09:24:21.296 10806 10806 I wm_on_paused_called: [258767249,com.android.launcher3.uioverrides.QuickstepLauncher,performPause,1]
09-25 09:24:21.296  2866 10258 I wm_add_to_stopping: [0,258767249,com.android.launcher3/.uioverrides.QuickstepLauncher,makeInvisible]
09-25 09:24:21.297  2866  2907 I sysui_multi_action: [757,803,799,window_time_0,802,151]
09-25 09:24:21.308  2866  2919 I am_proc_start: [0,13504,10463,com.zenithblue.sambas3,next-top-activity,{com.zenithblue.sambas3/com.zenithblue.sambas3.MainActivity}]
09-25 09:24:21.313  3782  3844 I viewroot_draw_event: [VRI[sambas3],reportDrawFinished seqId=0]
09-25 09:24:21.321  2866  4574 I am_proc_bound: [0,13504,com.zenithblue.sambas3]
09-25 09:24:21.322  2866  4574 I am_uid_active: 10463
09-25 09:24:21.326  2866  3614 I am_unfreeze: [5586,com.google.android.googlequicksearchbox:search,6]
09-25 09:24:21.326  2866  3629 I input_focus: [Focus leaving c30bdc com.android.launcher3/com.android.launcher3.uioverrides.QuickstepLauncher,reason=NO_WINDOW]
09-25 09:24:21.338  2866  9069 I wm_restart_activity: [0,135796674,1539,com.zenithblue.sambas3/.MainActivity]
09-25 09:24:21.338  2866  9069 I wm_set_resumed_activity: [0,com.zenithblue.sambas3/.MainActivity,realStartActivityLocked - onActivityStateChanged]
09-25 09:24:21.343 13504 13504 I auditd  : type=1400 audit(0.0:6969480): avc:  denied  { execstack } for  comm="ithblue.sambas3" scontext=u:r:untrusted_app:s0:c207,c257,c512,c768 tcontext=u:r:untrusted_app:s0:c207,c257,c512,c768 tclass=process permissive=0 app=com.zenithblue.sambas3
09-25 09:24:21.369  4983  4983 I viewroot_draw_event: [VRI[],Not drawing due to not visible. Reason=View.INVISIBLE]
09-25 09:24:21.443 13504 13504 I wm_on_create_called: [135796674,com.zenithblue.sambas3.MainActivity,performCreate,100]
09-25 09:24:21.444 13504 13504 I wm_on_start_called: [135796674,com.zenithblue.sambas3.MainActivity,handleStartActivity,0]
09-25 09:24:21.445 13504 13504 I wm_on_resume_called: [135796674,com.zenithblue.sambas3.MainActivity,RESUME_ACTIVITY,1]
09-25 09:24:21.450 13504 13504 I wm_on_top_resumed_gained_called: [135796674,com.zenithblue.sambas3.MainActivity,topStateChangedWhenResumed]
09-25 09:24:21.491  1621  1621 I auditd  : type=1400 audit(0.0:6969481): avc:  denied  { search } for  comm="LightningLaunc" name="2458" dev="proc" ino=252926767 scontext=u:r:vendor_hal_perf_default:s0 tcontext=u:r:update_engine:s0 tclass=dir permissive=0
09-25 09:24:21.512  2866  2911 I input_focus: [Focus request a0186df com.zenithblue.sambas3/com.zenithblue.sambas3.MainActivity,reason=UpdateInputWindows]
09-25 09:24:21.542  2866  3612 I commit_sys_config_file: [settings-2-0,3]
09-25 09:24:21.552 13504 13504 I viewroot_draw_event: [VRI[MainActivity],reportDrawFinished seqId=0]
09-25 09:24:21.553  2866  2907 I sysui_multi_action: [319,45,321,44,322,284,325,689806,757,761,758,7,759,1,806,com.zenithblue.sambas3,871,com.zenithblue.sambas3.MainActivity,904,com.android.shell,905,0,945,51,1320,4,1321,4]
09-25 09:24:21.554  2866  2907 I wm_activity_launch_time: [0,135796674,com.zenithblue.sambas3/.MainActivity,284]
09-25 09:24:21.554  3782  3824 I jank_cuj_events_begin_request: [39,1790308461554201000,920105278233784,689806997153368,]
09-25 09:24:21.570  2866  3629 I input_focus: [Focus entering a0186df com.zenithblue.sambas3/com.zenithblue.sambas3.MainActivity,reason=Window became focusable. Previous reason: NOT_VISIBLE]
09-25 09:24:21.603 13504 13504 I auditd  : type=1400 audit(0.0:6969482): avc:  denied  { execstack } for  comm="ithblue.sambas3" scontext=u:r:untrusted_app:s0:c207,c257,c512,c768 tcontext=u:r:untrusted_app:s0:c207,c257,c512,c768 tclass=process permissive=0 app=com.zenithblue.sambas3
09-25 09:24:21.621  2866  2911 I wm_wallpaper_surface: [0,0,Window{c30bdc u0 com.android.launcher3/com.android.launcher3.uioverrides.QuickstepLauncher}]
09-25 09:24:21.628  2866  2910 I configuration_changed: 536872064
09-25 09:24:21.639  2866  2910 I sysui_multi_action: [757,1659,758,4,759,2,1660,0]
09-25 09:24:21.651 10806 10806 I viewroot_draw_event: [VRI[QuickstepLauncher],Not drawing due to not visible. Reason=!mAppVisible && !mForceDecorViewVisibility]
09-25 09:24:21.675 13504 13504 I viewroot_draw_event: [VRI[MainActivity],reportDrawFinished seqId=0]
09-25 09:24:21.676  3782  4148 I viewroot_draw_event: [VRI[ScreenDecorHwcOverlay],reportDrawFinished seqId=658]
09-25 09:24:21.683  3782  4148 I viewroot_draw_event: [VRI[ScreenDecorHwcOverlay],reportDrawFinished seqId=658]
09-25 09:24:21.703  1621  1621 I auditd  : type=1400 audit(0.0:6969483): avc:  denied  { search } for  comm="LightningLaunc" name="2458" dev="proc" ino=252926767 scontext=u:r:vendor_hal_perf_default:s0 tcontext=u:r:update_engine:s0 tclass=dir permissive=0
09-25 09:24:21.721 10806 10806 I viewroot_draw_event: [VRI[Taskbar],reportDrawFinished seqId=22]
09-25 09:24:21.785  4983  4983 I viewroot_draw_event: [VRI[],Start draw after previous draw not visible]
09-25 09:24:21.785  4983  4983 I viewroot_draw_event: [VRI[],reportDrawFinished seqId=0]
09-25 09:24:21.818  2866  9069 I wm_stop_activity: [0,258767249,com.android.launcher3/.uioverrides.QuickstepLauncher]
09-25 09:24:21.821  2866  2917 I am_pss  : [12972,10311,com.android.dialer,0,0,0,155885568,0,19,2]
09-25 09:24:21.823 10806 10806 I wm_on_stop_called: [258767249,com.android.launcher3.uioverrides.QuickstepLauncher,STOP_ACTIVITY_ITEM,5]
09-25 09:24:21.823  2866  2917 I am_pss  : [13163,10262,com.android.calllogbackup,0,0,0,72495104,0,19,2]
09-25 09:24:21.825  2866  2917 I am_pss  : [13098,10311,com.android.incallui,0,0,0,85962752,0,19,2]
09-25 09:24:21.911  1621  1621 I auditd  : type=1400 audit(0.0:6969484): avc:  denied  { search } for  comm="LightningLaunc" name="2458" dev="proc" ino=252926767 scontext=u:r:vendor_hal_perf_default:s0 tcontext=u:r:update_engine:s0 tclass=dir permissive=0
09-25 09:24:21.915  3782  3824 I jank_cuj_events_end_request: [39,1790308461915794000,920105639826700,689807358746284]
09-25 09:24:21.918  3782  3844 I viewroot_draw_event: [VRI[sambas3],Not drawing due to not visible. Reason=View.GONE]
09-25 09:24:22.017 13504 13561 I jank_cuj_events_end_request: [81,1790308462017203000,920105741235710,689807460155451]
09-25 09:24:22.044  2866  3612 I commit_sys_config_file: [settings-1-0,3]
09-25 09:24:22.115  1621  1621 I auditd  : type=1400 audit(0.0:6969485): avc:  denied  { search } for  comm="LightningLaunc" name="2458" dev="proc" ino=252926767 scontext=u:r:vendor_hal_perf_default:s0 tcontext=u:r:update_engine:s0 tclass=dir permissive=0
09-25 09:24:22.515  1621  1621 I auditd  : type=1400 audit(0.0:6969487): avc:  denied  { search } for  comm="LightningLaunc" name="2458" dev="proc" ino=252926767 scontext=u:r:vendor_hal_perf_default:s0 tcontext=u:r:update_engine:s0 tclass=dir permissive=0
09-25 09:24:22.715  1621  1621 I auditd  : type=1400 audit(0.0:6969488): avc:  denied  { search } for  comm="LightningLaunc" name="2458" dev="proc" ino=252926767 scontext=u:r:vendor_hal_perf_default:s0 tcontext=u:r:update_engine:s0 tclass=dir permissive=0
09-25 09:24:22.915  1621  1621 I auditd  : type=1400 audit(0.0:6969489): avc:  denied  { search } for  comm="LightningLaunc" name="2458" dev="proc" ino=252926767 scontext=u:r:vendor_hal_perf_default:s0 tcontext=u:r:update_engine:s0 tclass=dir permissive=0
09-25 09:24:23.119  1621  1621 I auditd  : type=1400 audit(0.0:6969490): avc:  denied  { search } for  comm="LightningLaunc" name="2458" dev="proc" ino=252926767 scontext=u:r:vendor_hal_perf_default:s0 tcontext=u:r:update_engine:s0 tclass=dir permissive=0
09-25 09:24:23.323  1621  1621 I auditd  : type=1400 audit(0.0:6969491): avc:  denied  { search } for  comm="LightningLaunc" name="2458" dev="proc" ino=252926767 scontext=u:r:vendor_hal_perf_default:s0 tcontext=u:r:update_engine:s0 tclass=dir permissive=0
09-25 09:24:23.382  2866  6863 I wm_task_moved: [1539,1539,0,1,3]
09-25 09:24:23.382  2866  6863 I wm_create_activity: [0,221527668,1539,com.zenithblue.sambas3/.RPCSXActivity,NULL,NULL,NULL,268435456]
09-25 09:24:23.382  2866  6863 I wm_pause_activity: [0,135796674,com.zenithblue.sambas3/.MainActivity,userLeaving=true,resumeTopActivity]
09-25 09:24:23.389 13504 13504 I wm_on_top_resumed_lost_called: [135796674,com.zenithblue.sambas3.MainActivity,topStateChangedWhenResumed]
09-25 09:24:23.391 13504 13504 I wm_on_paused_called: [135796674,com.zenithblue.sambas3.MainActivity,performPause,0]
09-25 09:24:23.392  2866  6863 I wm_add_to_stopping: [0,135796674,com.zenithblue.sambas3/.MainActivity,makeInvisible]
09-25 09:24:23.392  2866  6863 I wm_restart_activity: [0,221527668,1539,com.zenithblue.sambas3/.RPCSXActivity]
09-25 09:24:23.392  2866  6863 I wm_set_resumed_activity: [0,com.zenithblue.sambas3/.RPCSXActivity,realStartActivityLocked - onActivityStateChanged]
09-25 09:24:23.393  2866  2907 I sysui_multi_action: [757,803,799,window_time_0,802,2]
09-25 09:24:23.393  2866  2911 I input_focus: [Requesting to set focus to null window,reason=UpdateInputWindows]
09-25 09:24:23.428  2866  3629 I input_focus: [Focus leaving a0186df com.zenithblue.sambas3/com.zenithblue.sambas3.MainActivity,reason=Waiting for window because NO_WINDOW]
09-25 09:24:23.471 13504 13504 I wm_on_create_called: [221527668,com.zenithblue.sambas3.RPCSXActivity,performCreate,77]
09-25 09:24:23.471 13504 13504 I wm_on_start_called: [221527668,com.zenithblue.sambas3.RPCSXActivity,handleStartActivity,0]
09-25 09:24:23.472 13504 13504 I wm_on_resume_called: [221527668,com.zenithblue.sambas3.RPCSXActivity,RESUME_ACTIVITY,0]
09-25 09:24:23.474 13504 13504 I wm_on_top_resumed_gained_called: [221527668,com.zenithblue.sambas3.RPCSXActivity,topStateChangedWhenResumed]
09-25 09:24:23.478  2866  6863 I am_foreground_service_start: [0,com.zenithblue.sambas3/.GameSessionService,1,PROC_STATE_TOP,37,37,0,0,0,1,UNKNOWN,1073741824]
09-25 09:24:23.486  2866  2911 I input_focus: [Focus request ef86c3c com.zenithblue.sambas3/com.zenithblue.sambas3.RPCSXActivity,reason=UpdateInputWindows]
09-25 09:24:23.488 13504 13504 I surfaceview_layout: [SV[127534526 RPCSXActivity],4,2780,1264,-2,layout,1,0,1]
09-25 09:24:23.488 13504 13504 I surfaceview_callback: [SV[127534526 RPCSXActivity],surfaceCreated]
09-25 09:24:23.489 13504 13504 I surfaceview_callback: [SV[127534526 RPCSXActivity],surfaceChanged -- format=4 w=2780 h=1264]
09-25 09:24:23.489 13504 13504 I surfaceview_callback: [SV[127534526 RPCSXActivity],surfaceRedrawNeeded]
09-25 09:24:23.504 13504 13504 I viewroot_draw_event: [VRI[RPCSXActivity],reportDrawFinished seqId=0]
09-25 09:24:23.507  2866  2907 I wm_activity_launch_time: [0,221527668,com.zenithblue.sambas3/.RPCSXActivity,131]
09-25 09:24:23.517 13504 13504 I viewroot_draw_event: [VRI[RPCSXActivity],reportDrawFinished seqId=0]
09-25 09:24:23.527  2866  3614 I am_unfreeze: [11600,com.android.externalstorage,7]
09-25 09:24:23.527  2866  4401 I am_uid_active: 10278
09-25 09:24:23.527  1621  1621 I auditd  : type=1400 audit(0.0:6969498): avc:  denied  { search } for  comm="LightningLaunc" name="2458" dev="proc" ino=252926767 scontext=u:r:vendor_hal_perf_default:s0 tcontext=u:r:update_engine:s0 tclass=dir permissive=0
09-25 09:24:23.587  1621  1621 I auditd  : type=1400 audit(0.0:6969499): avc:  denied  { search } for  comm="LightningLaunc" name="2458" dev="proc" ino=252926767 scontext=u:r:vendor_hal_perf_default:s0 tcontext=u:r:update_engine:s0 tclass=dir permissive=0
09-25 09:24:23.595  2866  3629 I input_focus: [Focus entering ef86c3c com.zenithblue.sambas3/com.zenithblue.sambas3.RPCSXActivity,reason=Window became focusable. Previous reason: NOT_VISIBLE]
09-25 09:24:23.727  1621  1621 I auditd  : type=1400 audit(0.0:6969500): avc:  denied  { search } for  comm="LightningLaunc" name="2458" dev="proc" ino=252926767 scontext=u:r:vendor_hal_perf_default:s0 tcontext=u:r:update_engine:s0 tclass=dir permissive=0
09-25 09:24:23.789 13504 13582 I liblog  : 23
09-25 09:24:23.789 13504 13582 I liblog  : 1
09-25 09:24:23.787  1621  1621 I auditd  : type=1400 audit(0.0:6969501): avc:  denied  { search } for  comm="LightningLaunc" name="2458" dev="proc" ino=252926767 scontext=u:r:vendor_hal_perf_default:s0 tcontext=u:r:update_engine:s0 tclass=dir permissive=0
09-25 09:24:23.795 13504 13504 I auditd  : type=1400 audit(0.0:6969502): avc:  denied  { read } for  comm="Thread-20" name="/" dev="tmpfs" ino=1 scontext=u:r:untrusted_app:s0:c207,c257,c512,c768 tcontext=u:object_r:device:s0 tclass=dir permissive=0 app=com.zenithblue.sambas3
09-25 09:24:23.863 13504 13561 I jank_cuj_events_end_request: [81,1790308463863023000,920107587055762,689809305975346]
09-25 09:24:23.971  2866 12110 I am_foreground_service_start: [0,com.zenithblue.sambas3/.CompilationMonitorService,1,PROC_STATE_TOP,37,37,0,0,0,1,UNKNOWN,1073741824]
09-25 09:24:23.972  2866  2866 I notification_enqueue: [10463,13504,com.zenithblue.sambas3,2000,NULL,0,Notification(channel=rpcsx-progress shortcut=null contentView=null vibrate=null sound=null defaults=0 flags=ONGOING_EVENT|FOREGROUND_SERVICE|SILENT color=0x00000000 category=progress vis=PRIVATE),0,1]
09-25 09:24:23.973  2866  2866 I notification_enqueue: [10463,13504,com.zenithblue.sambas3,2000,NULL,0,Notification(channel=rpcsx-progress shortcut=null contentView=null vibrate=null sound=null defaults=0 flags=ONGOING_EVENT|FOREGROUND_SERVICE|SILENT color=0x00000000 category=progress vis=PRIVATE),0,1]
09-25 09:24:23.982  2866  2910 I wm_stop_activity: [0,135796674,com.zenithblue.sambas3/.MainActivity]
09-25 09:24:23.992 13504 13504 I viewroot_draw_event: [VRI[MainActivity],Not drawing due to not visible. Reason=!mAppVisible && !mForceDecorViewVisibility]
09-25 09:24:23.993 13504 13504 I wm_on_stop_called: [135796674,com.zenithblue.sambas3.MainActivity,STOP_ACTIVITY_ITEM,0]
09-25 09:24:24.171  2866  2866 I notification_enqueue: [10463,13504,com.zenithblue.sambas3,2000,NULL,0,Notification(channel=rpcsx-progress shortcut=null contentView=null vibrate=null sound=null defaults=0 flags=ONGOING_EVENT|FOREGROUND_SERVICE|SILENT color=0x00000000 category=progress vis=PRIVATE),0,1]
09-25 09:24:24.174  2866  2866 I sysui_multi_action: [757,1501,758,1,793,202,794,0,795,202,796,2000,806,com.zenithblue.sambas3,857,rpcsx-progress,858,2,947,0,1500,0,1641,progress,1688,1]
09-25 09:24:24.174  2866  2866 I sysui_multi_action: [757,804,799,note_interruptive,801,0,802,1]
09-25 09:24:24.186  2866  2866 I notification_enqueue: [10463,13504,com.zenithblue.sambas3,2000,NULL,0,Notification(channel=rpcsx-progress shortcut=null contentView=null vibrate=null sound=null defaults=0 flags=ONGOING_EVENT|FOREGROUND_SERVICE|SILENT color=0x00000000 category=progress vis=PRIVATE),1,1]
09-25 09:24:24.267  2866  2866 I notification_enqueue: [10463,13504,com.zenithblue.sambas3,2000,NULL,0,Notification(channel=rpcsx-progress shortcut=null contentView=null vibrate=null sound=null defaults=0 flags=ONGOING_EVENT|FOREGROUND_SERVICE|SILENT color=0x00000000 category=progress vis=PRIVATE),1,1]
09-25 09:24:24.284  2866  2866 I notification_enqueue: [10463,13504,com.zenithblue.sambas3,2000,NULL,0,Notification(channel=rpcsx-progress shortcut=null contentView=null vibrate=null sound=null defaults=0 flags=ONGOING_EVENT|FOREGROUND_SERVICE|SILENT color=0x00000000 category=progress vis=PRIVATE),1,1]
09-25 09:24:24.364  2866  2866 I notification_enqueue: [10463,13504,com.zenithblue.sambas3,2000,NULL,0,Notification(channel=rpcsx-progress shortcut=null contentView=null vibrate=null sound=null defaults=0 flags=ONGOING_EVENT|FOREGROUND_SERVICE|SILENT color=0x00000000 category=progress vis=PRIVATE),1,1]
09-25 09:24:24.397  2866  2866 I notification_enqueue: [10463,13504,com.zenithblue.sambas3,2000,NULL,0,Notification(channel=rpcsx-progress shortcut=null contentView=null vibrate=null sound=null defaults=0 flags=ONGOING_EVENT|FOREGROUND_SERVICE|SILENT color=0x00000000 category=progress vis=PRIVATE),1,1]
09-25 09:24:24.444  2866  2866 I notification_enqueue: [10463,13504,com.zenithblue.sambas3,2000,NULL,0,Notification(channel=rpcsx-progress shortcut=null contentView=null vibrate=null sound=null defaults=0 flags=ONGOING_EVENT|FOREGROUND_SERVICE|SILENT color=0x00000000 category=progress vis=PRIVATE),1,1]
09-25 09:24:24.476  2866  2866 I notification_enqueue: [10463,13504,com.zenithblue.sambas3,2000,NULL,0,Notification(channel=rpcsx-progress shortcut=null contentView=null vibrate=null sound=null defaults=0 flags=ONGOING_EVENT|FOREGROUND_SERVICE|SILENT color=0x00000000 category=progress vis=PRIVATE),1,1]
09-25 09:24:24.525  2866  2866 I notification_enqueue: [10463,13504,com.zenithblue.sambas3,2000,NULL,0,Notification(channel=rpcsx-progress shortcut=null contentView=null vibrate=null sound=null defaults=0 flags=ONGOING_EVENT|FOREGROUND_SERVICE|SILENT color=0x00000000 category=progress vis=PRIVATE),1,1]
09-25 09:24:24.573  2866  2866 I notification_enqueue: [10463,13504,com.zenithblue.sambas3,2000,NULL,0,Notification(channel=rpcsx-progress shortcut=null contentView=null vibrate=null sound=null defaults=0 flags=ONGOING_EVENT|FOREGROUND_SERVICE|SILENT color=0x00000000 category=progress vis=PRIVATE),1,1]
09-25 09:24:24.588  2866  2866 I notification_enqueue: [10463,13504,com.zenithblue.sambas3,2000,NULL,0,Notification(channel=rpcsx-progress shortcut=null contentView=null vibrate=null sound=null defaults=0 flags=ONGOING_EVENT|FOREGROUND_SERVICE|SILENT color=0x00000000 category=progress vis=PRIVATE),1,1]
09-25 09:24:24.595  1621  1621 I auditd  : type=1400 audit(0.0:6969511): avc:  denied  { search } for  comm="LightningLaunc" name="2458" dev="proc" ino=252926767 scontext=u:r:vendor_hal_perf_default:s0 tcontext=u:r:update_engine:s0 tclass=dir permissive=0
09-25 09:24:24.669  2866  2866 I notification_enqueue: [10463,13504,com.zenithblue.sambas3,2000,NULL,0,Notification(channel=rpcsx-progress shortcut=null contentView=null vibrate=null sound=null defaults=0 flags=ONGOING_EVENT|FOREGROUND_SERVICE|SILENT color=0x00000000 category=progress vis=PRIVATE),1,1]
09-25 09:24:24.750  2866  2866 I notification_enqueue: [10463,13504,com.zenithblue.sambas3,2000,NULL,0,Notification(channel=rpcsx-progress shortcut=null contentView=null vibrate=null sound=null defaults=0 flags=ONGOING_EVENT|FOREGROUND_SERVICE|SILENT color=0x00000000 category=progress vis=PRIVATE),1,1]
09-25 09:24:24.782  2866  2866 I notification_enqueue: [10463,13504,com.zenithblue.sambas3,2000,NULL,0,Notification(channel=rpcsx-progress shortcut=null contentView=null vibrate=null sound=null defaults=0 flags=ONGOING_EVENT|FOREGROUND_SERVICE|SILENT color=0x00000000 category=progress vis=PRIVATE),1,1]
09-25 09:24:24.795  1621  1621 I auditd  : type=1400 audit(0.0:6969512): avc:  denied  { search } for  comm="LightningLaunc" name="2458" dev="proc" ino=252926767 scontext=u:r:vendor_hal_perf_default:s0 tcontext=u:r:update_engine:s0 tclass=dir permissive=0
09-25 09:24:24.798  2866  2866 I notification_enqueue: [10463,13504,com.zenithblue.sambas3,2000,NULL,0,Notification(channel=rpcsx-progress shortcut=null contentView=null vibrate=null sound=null defaults=0 flags=ONGOING_EVENT|FOREGROUND_SERVICE|SILENT color=0x00000000 category=progress vis=PRIVATE),1,1]
09-25 09:24:24.862  2866  2866 I notification_enqueue: [10463,13504,com.zenithblue.sambas3,2000,NULL,0,Notification(channel=rpcsx-progress shortcut=null contentView=null vibrate=null sound=null defaults=0 flags=ONGOING_EVENT|FOREGROUND_SERVICE|SILENT color=0x00000000 category=progress vis=PRIVATE),1,1]
09-25 09:24:24.911  2866  2866 I notification_enqueue: [10463,13504,com.zenithblue.sambas3,2000,NULL,0,Notification(channel=rpcsx-progress shortcut=null contentView=null vibrate=null sound=null defaults=0 flags=ONGOING_EVENT|FOREGROUND_SERVICE|SILENT color=0x00000000 category=progress vis=PRIVATE),1,1]
09-25 09:24:24.926  2866  2866 I notification_enqueue: [10463,13504,com.zenithblue.sambas3,2000,NULL,0,Notification(channel=rpcsx-progress shortcut=null contentView=null vibrate=null sound=null defaults=0 flags=ONGOING_EVENT|FOREGROUND_SERVICE|SILENT color=0x00000000 category=progress vis=PRIVATE),1,1]
09-25 09:24:24.995  1621  1621 I auditd  : type=1400 audit(0.0:6969513): avc:  denied  { search } for  comm="LightningLaunc" name="2458" dev="proc" ino=252926767 scontext=u:r:vendor_hal_perf_default:s0 tcontext=u:r:update_engine:s0 tclass=dir permissive=0
09-25 09:24:25.007  2866  2866 I notification_enqueue: [10463,13504,com.zenithblue.sambas3,2000,NULL,0,Notification(channel=rpcsx-progress shortcut=null contentView=null vibrate=null sound=null defaults=0 flags=ONGOING_EVENT|FOREGROUND_SERVICE|SILENT color=0x00000000 category=progress vis=PRIVATE),1,1]
09-25 09:24:25.023  2866  2866 I notification_enqueue: [10463,13504,com.zenithblue.sambas3,2000,NULL,0,Notification(channel=rpcsx-progress shortcut=null contentView=null vibrate=null sound=null defaults=0 flags=ONGOING_EVENT|FOREGROUND_SERVICE|SILENT color=0x00000000 category=progress vis=PRIVATE),1,1]
09-25 09:24:25.039  2866  2866 I notification_enqueue: [10463,13504,com.zenithblue.sambas3,2000,NULL,0,Notification(channel=rpcsx-progress shortcut=null contentView=null vibrate=null sound=null defaults=0 flags=ONGOING_EVENT|FOREGROUND_SERVICE|SILENT color=0x00000000 category=progress vis=PRIVATE),1,1]
09-25 09:24:25.195  1621  1621 I auditd  : type=1400 audit(0.0:6969514): avc:  denied  { search } for  comm="LightningLaunc" name="2458" dev="proc" ino=252926767 scontext=u:r:vendor_hal_perf_default:s0 tcontext=u:r:update_engine:s0 tclass=dir permissive=0
09-25 09:24:25.329  2866  2866 I notification_enqueue: [10463,13504,com.zenithblue.sambas3,2000,NULL,0,Notification(channel=rpcsx-progress shortcut=null contentView=null vibrate=null sound=null defaults=0 flags=ONGOING_EVENT|FOREGROUND_SERVICE|SILENT color=0x00000000 category=progress vis=PRIVATE),1,1]
09-25 09:24:25.399  1621  1621 I auditd  : type=1400 audit(0.0:6969515): avc:  denied  { search } for  comm="LightningLaunc" name="2458" dev="proc" ino=252926767 scontext=u:r:vendor_hal_perf_default:s0 tcontext=u:r:update_engine:s0 tclass=dir permissive=0
09-25 09:24:25.607  1621  1621 I auditd  : type=1400 audit(0.0:6969516): avc:  denied  { search } for  comm="LightningLaunc" name="2458" dev="proc" ino=252926767 scontext=u:r:vendor_hal_perf_default:s0 tcontext=u:r:update_engine:s0 tclass=dir permissive=0
09-25 09:24:25.733  2866  2866 I notification_enqueue: [10463,13504,com.zenithblue.sambas3,2000,NULL,0,Notification(channel=rpcsx-progress shortcut=null contentView=null vibrate=null sound=null defaults=0 flags=ONGOING_EVENT|FOREGROUND_SERVICE|SILENT color=0x00000000 category=progress vis=PRIVATE),1,1]
09-25 09:24:25.811  1621  1621 I auditd  : type=1400 audit(0.0:6969517): avc:  denied  { search } for  comm="LightningLaunc" name="2458" dev="proc" ino=252926767 scontext=u:r:vendor_hal_perf_default:s0 tcontext=u:r:update_engine:s0 tclass=dir permissive=0
09-25 09:24:25.990  2866  2866 I notification_enqueue: [10463,13504,com.zenithblue.sambas3,2000,NULL,0,Notification(channel=rpcsx-progress shortcut=null contentView=null vibrate=null sound=null defaults=0 flags=ONGOING_EVENT|FOREGROUND_SERVICE|SILENT color=0x00000000 category=progress vis=PRIVATE),1,1]
09-25 09:24:26.015  1621  1621 I auditd  : type=1400 audit(0.0:6969518): avc:  denied  { search } for  comm="LightningLaunc" name="2458" dev="proc" ino=252926767 scontext=u:r:vendor_hal_perf_default:s0 tcontext=u:r:update_engine:s0 tclass=dir permissive=0
09-25 09:24:26.055  2866  2866 I notification_enqueue: [10463,13504,com.zenithblue.sambas3,2000,NULL,0,Notification(channel=rpcsx-progress shortcut=null contentView=null vibrate=null sound=null defaults=0 flags=ONGOING_EVENT|FOREGROUND_SERVICE|SILENT color=0x00000000 category=progress vis=PRIVATE),1,1]
09-25 09:24:26.223  1621  1621 I auditd  : type=1400 audit(0.0:6969519): avc:  denied  { search } for  comm="LightningLaunc" name="2458" dev="proc" ino=252926767 scontext=u:r:vendor_hal_perf_default:s0 tcontext=u:r:update_engine:s0 tclass=dir permissive=0
09-25 09:24:26.362  2866  2866 I notification_enqueue: [10463,13504,com.zenithblue.sambas3,2000,NULL,0,Notification(channel=rpcsx-progress shortcut=null contentView=null vibrate=null sound=null defaults=0 flags=ONGOING_EVENT|FOREGROUND_SERVICE|SILENT color=0x00000000 category=progress vis=PRIVATE),1,1]
09-25 09:24:26.427  1621  1621 I auditd  : type=1400 audit(0.0:6969520): avc:  denied  { search } for  comm="LightningLaunc" name="2458" dev="proc" ino=252926767 scontext=u:r:vendor_hal_perf_default:s0 tcontext=u:r:update_engine:s0 tclass=dir permissive=0
09-25 09:24:26.538  2866  2866 I notification_enqueue: [10463,13504,com.zenithblue.sambas3,2000,NULL,0,Notification(channel=rpcsx-progress shortcut=null contentView=null vibrate=null sound=null defaults=0 flags=ONGOING_EVENT|FOREGROUND_SERVICE|SILENT color=0x00000000 category=progress vis=PRIVATE),1,1]
09-25 09:24:26.635  1621  1621 I auditd  : type=1400 audit(0.0:6969521): avc:  denied  { search } for  comm="LightningLaunc" name="2458" dev="proc" ino=252926767 scontext=u:r:vendor_hal_perf_default:s0 tcontext=u:r:update_engine:s0 tclass=dir permissive=0
09-25 09:24:26.765  2866  2866 I notification_enqueue: [10463,13504,com.zenithblue.sambas3,2000,NULL,0,Notification(channel=rpcsx-progress shortcut=null contentView=null vibrate=null sound=null defaults=0 flags=ONGOING_EVENT|FOREGROUND_SERVICE|SILENT color=0x00000000 category=progress vis=PRIVATE),1,1]
09-25 09:24:26.839  1621  1621 I auditd  : type=1400 audit(0.0:6969522): avc:  denied  { search } for  comm="LightningLaunc" name="2458" dev="proc" ino=252926767 scontext=u:r:vendor_hal_perf_default:s0 tcontext=u:r:update_engine:s0 tclass=dir permissive=0
09-25 09:24:27.020  2866  2866 I notification_enqueue: [10463,13504,com.zenithblue.sambas3,2000,NULL,0,Notification(channel=rpcsx-progress shortcut=null contentView=null vibrate=null sound=null defaults=0 flags=ONGOING_EVENT|FOREGROUND_SERVICE|SILENT color=0x00000000 category=progress vis=PRIVATE),1,1]
09-25 09:24:27.047  1621  1621 I auditd  : type=1400 audit(0.0:6969523): avc:  denied  { search } for  comm="LightningLaunc" name="2458" dev="proc" ino=252926767 scontext=u:r:vendor_hal_perf_default:s0 tcontext=u:r:update_engine:s0 tclass=dir permissive=0
09-25 09:24:27.150  2866  2866 I notification_enqueue: [10463,13504,com.zenithblue.sambas3,2000,NULL,0,Notification(channel=rpcsx-progress shortcut=null contentView=null vibrate=null sound=null defaults=0 flags=ONGOING_EVENT|FOREGROUND_SERVICE|SILENT color=0x00000000 category=progress vis=PRIVATE),1,1]
09-25 09:24:27.251  1621  1621 I auditd  : type=1400 audit(0.0:6969524): avc:  denied  { search } for  comm="LightningLaunc" name="2458" dev="proc" ino=252926767 scontext=u:r:vendor_hal_perf_default:s0 tcontext=u:r:update_engine:s0 tclass=dir permissive=0
09-25 09:24:27.455  1621  1621 I auditd  : type=1400 audit(0.0:6969525): avc:  denied  { search } for  comm="LightningLaunc" name="2458" dev="proc" ino=252926767 scontext=u:r:vendor_hal_perf_default:s0 tcontext=u:r:update_engine:s0 tclass=dir permissive=0
09-25 09:24:27.664  2866  2866 I notification_enqueue: [10463,13504,com.zenithblue.sambas3,2000,NULL,0,Notification(channel=rpcsx-progress shortcut=null contentView=null vibrate=null sound=null defaults=0 flags=ONGOING_EVENT|FOREGROUND_SERVICE|SILENT color=0x00000000 category=progress vis=PRIVATE),1,1]
09-25 09:24:27.663  1621  1621 I auditd  : type=1400 audit(0.0:6969526): avc:  denied  { search } for  comm="LightningLaunc" name="2458" dev="proc" ino=252926767 scontext=u:r:vendor_hal_perf_default:s0 tcontext=u:r:update_engine:s0 tclass=dir permissive=0
09-25 09:24:27.680  2866  2866 I notification_enqueue: [10463,13504,com.zenithblue.sambas3,2000,NULL,0,Notification(channel=rpcsx-progress shortcut=null contentView=null vibrate=null sound=null defaults=0 flags=ONGOING_EVENT|FOREGROUND_SERVICE|SILENT color=0x00000000 category=progress vis=PRIVATE),1,1]
09-25 09:24:27.871  1621  1621 I auditd  : type=1400 audit(0.0:6969527): avc:  denied  { search } for  comm="LightningLaunc" name="2458" dev="proc" ino=252926767 scontext=u:r:vendor_hal_perf_default:s0 tcontext=u:r:update_engine:s0 tclass=dir permissive=0
09-25 09:24:28.002  2866  2866 I notification_enqueue: [10463,13504,com.zenithblue.sambas3,2000,NULL,0,Notification(channel=rpcsx-progress shortcut=null contentView=null vibrate=null sound=null defaults=0 flags=ONGOING_EVENT|FOREGROUND_SERVICE|SILENT color=0x00000000 category=progress vis=PRIVATE),1,1]
09-25 09:24:28.075  1621  1621 I auditd  : type=1400 audit(0.0:6969528): avc:  denied  { search } for  comm="LightningLaunc" name="2458" dev="proc" ino=252926767 scontext=u:r:vendor_hal_perf_default:s0 tcontext=u:r:update_engine:s0 tclass=dir permissive=0
09-25 09:24:28.162  2866  2866 I notification_enqueue: [10463,13504,com.zenithblue.sambas3,2000,NULL,0,Notification(channel=rpcsx-progress shortcut=null contentView=null vibrate=null sound=null defaults=0 flags=ONGOING_EVENT|FOREGROUND_SERVICE|SILENT color=0x00000000 category=progress vis=PRIVATE),1,1]
09-25 09:24:28.279  1621  1621 I auditd  : type=1400 audit(0.0:6969529): avc:  denied  { search } for  comm="LightningLaunc" name="2458" dev="proc" ino=252926767 scontext=u:r:vendor_hal_perf_default:s0 tcontext=u:r:update_engine:s0 tclass=dir permissive=0
09-25 09:24:28.323  2866  2866 I notification_enqueue: [10463,13504,com.zenithblue.sambas3,2000,NULL,0,Notification(channel=rpcsx-progress shortcut=null contentView=null vibrate=null sound=null defaults=0 flags=ONGOING_EVENT|FOREGROUND_SERVICE|SILENT color=0x00000000 category=progress vis=PRIVATE),1,1]
09-25 09:24:28.487  1621  1621 I auditd  : type=1400 audit(0.0:6969530): avc:  denied  { search } for  comm="LightningLaunc" name="2458" dev="proc" ino=252926767 scontext=u:r:vendor_hal_perf_default:s0 tcontext=u:r:update_engine:s0 tclass=dir permissive=0
09-25 09:24:28.629  2866  2866 I notification_enqueue: [10463,13504,com.zenithblue.sambas3,2000,NULL,0,Notification(channel=rpcsx-progress shortcut=null contentView=null vibrate=null sound=null defaults=0 flags=ONGOING_EVENT|FOREGROUND_SERVICE|SILENT color=0x00000000 category=progress vis=PRIVATE),1,1]
09-25 09:24:28.691  1621  1621 I auditd  : type=1400 audit(0.0:6969531): avc:  denied  { search } for  comm="LightningLaunc" name="2458" dev="proc" ino=252926767 scontext=u:r:vendor_hal_perf_default:s0 tcontext=u:r:update_engine:s0 tclass=dir permissive=0
09-25 09:24:28.899  1621  1621 I auditd  : type=1400 audit(0.0:6969532): avc:  denied  { search } for  comm="LightningLaunc" name="2458" dev="proc" ino=252926767 scontext=u:r:vendor_hal_perf_default:s0 tcontext=u:r:update_engine:s0 tclass=dir permissive=0
09-25 09:24:28.904  2866  2866 I notification_enqueue: [10463,13504,com.zenithblue.sambas3,2000,NULL,0,Notification(channel=rpcsx-progress shortcut=null contentView=null vibrate=null sound=null defaults=0 flags=ONGOING_EVENT|FOREGROUND_SERVICE|SILENT color=0x00000000 category=progress vis=PRIVATE),1,1]
09-25 09:24:28.914  2866 12110 I thermal_changed: [CPU7,0,95.000000,3,0]
09-25 09:24:29.016  2866  2866 I notification_enqueue: [10463,13504,com.zenithblue.sambas3,2000,NULL,0,Notification(channel=rpcsx-progress shortcut=null contentView=null vibrate=null sound=null defaults=0 flags=ONGOING_EVENT|FOREGROUND_SERVICE|SILENT color=0x00000000 category=progress vis=PRIVATE),1,1]
09-25 09:24:29.018  2866 12110 I thermal_changed: [CPU7,0,89.900002,0,0]
09-25 09:24:29.103  1621  1621 I auditd  : type=1400 audit(0.0:6969533): avc:  denied  { search } for  comm="LightningLaunc" name="2458" dev="proc" ino=252926767 scontext=u:r:vendor_hal_perf_default:s0 tcontext=u:r:update_engine:s0 tclass=dir permissive=0
09-25 09:24:29.190  2866  4401 I thermal_changed: [CPU7,0,95.000000,3,0]
09-25 09:24:29.242  2866  2866 I notification_enqueue: [10463,13504,com.zenithblue.sambas3,2000,NULL,0,Notification(channel=rpcsx-progress shortcut=null contentView=null vibrate=null sound=null defaults=0 flags=ONGOING_EVENT|FOREGROUND_SERVICE|SILENT color=0x00000000 category=progress vis=PRIVATE),1,1]
09-25 09:24:29.311  1621  1621 I auditd  : type=1400 audit(0.0:6969534): avc:  denied  { search } for  comm="LightningLaunc" name="2458" dev="proc" ino=252926767 scontext=u:r:vendor_hal_perf_default:s0 tcontext=u:r:update_engine:s0 tclass=dir permissive=0
09-25 09:24:29.434  2866  4401 I thermal_changed: [CPU7,0,89.900002,0,0]
09-25 09:24:29.459  2866  4401 I thermal_changed: [CPU7,0,95.000000,3,0]
09-25 09:24:29.468  2866  2866 I notification_enqueue: [10463,13504,com.zenithblue.sambas3,2000,NULL,0,Notification(channel=rpcsx-progress shortcut=null contentView=null vibrate=null sound=null defaults=0 flags=ONGOING_EVENT|FOREGROUND_SERVICE|SILENT color=0x00000000 category=progress vis=PRIVATE),1,1]
09-25 09:24:29.482  2866 12110 I thermal_changed: [CPU7,0,89.900002,0,0]
09-25 09:24:29.515  1621  1621 I auditd  : type=1400 audit(0.0:6969535): avc:  denied  { search } for  comm="LightningLaunc" name="2458" dev="proc" ino=252926767 scontext=u:r:vendor_hal_perf_default:s0 tcontext=u:r:update_engine:s0 tclass=dir permissive=0
09-25 09:24:29.621  2866 12110 I thermal_changed: [CPU7,0,95.000000,3,0]
09-25 09:24:29.695  2866 12110 I thermal_changed: [CPU7,0,89.900002,0,0]
09-25 09:24:29.723  1621  1621 I auditd  : type=1400 audit(0.0:6969536): avc:  denied  { search } for  comm="LightningLaunc" name="2458" dev="proc" ino=252926767 scontext=u:r:vendor_hal_perf_default:s0 tcontext=u:r:update_engine:s0 tclass=dir permissive=0
09-25 09:24:29.757  2866  2866 I notification_enqueue: [10463,13504,com.zenithblue.sambas3,2000,NULL,0,Notification(channel=rpcsx-progress shortcut=null contentView=null vibrate=null sound=null defaults=0 flags=ONGOING_EVENT|FOREGROUND_SERVICE|SILENT color=0x00000000 category=progress vis=PRIVATE),1,1]
09-25 09:24:29.762  2866  3614 I am_unfreeze: [10040,com.android.providers.calendar,7]
09-25 09:24:29.807  2866  6863 I thermal_changed: [CPU7,0,95.000000,3,0]
09-25 09:24:29.927  1621  1621 I auditd  : type=1400 audit(0.0:6969537): avc:  denied  { search } for  comm="LightningLaunc" name="2458" dev="proc" ino=252926767 scontext=u:r:vendor_hal_perf_default:s0 tcontext=u:r:update_engine:s0 tclass=dir permissive=0
09-25 09:24:29.990  2866  6863 I thermal_changed: [CPU7,0,89.900002,0,0]
09-25 09:24:30.031  2866  2866 I notification_enqueue: [10463,13504,com.zenithblue.sambas3,2000,NULL,0,Notification(channel=rpcsx-progress shortcut=null contentView=null vibrate=null sound=null defaults=0 flags=ONGOING_EVENT|FOREGROUND_SERVICE|SILENT color=0x00000000 category=progress vis=PRIVATE),1,1]
09-25 09:24:30.135  1621  1621 I auditd  : type=1400 audit(0.0:6969538): avc:  denied  { search } for  comm="LightningLaunc" name="2458" dev="proc" ino=252926767 scontext=u:r:vendor_hal_perf_default:s0 tcontext=u:r:update_engine:s0 tclass=dir permissive=0
09-25 09:24:30.160  2866  2866 I notification_enqueue: [10463,13504,com.zenithblue.sambas3,2000,NULL,0,Notification(channel=rpcsx-progress shortcut=null contentView=null vibrate=null sound=null defaults=0 flags=ONGOING_EVENT|FOREGROUND_SERVICE|SILENT color=0x00000000 category=progress vis=PRIVATE),1,1]
09-25 09:24:30.283  2866 12110 I thermal_changed: [CPU7,0,95.000000,3,0]
09-25 09:24:30.337  2866  2866 I notification_enqueue: [10463,13504,com.zenithblue.sambas3,2000,NULL,0,Notification(channel=rpcsx-progress shortcut=null contentView=null vibrate=null sound=null defaults=0 flags=ONGOING_EVENT|FOREGROUND_SERVICE|SILENT color=0x00000000 category=progress vis=PRIVATE),1,1]
09-25 09:24:30.339  1621  1621 I auditd  : type=1400 audit(0.0:6969539): avc:  denied  { search } for  comm="LightningLaunc" name="2458" dev="proc" ino=252926767 scontext=u:r:vendor_hal_perf_default:s0 tcontext=u:r:update_engine:s0 tclass=dir permissive=0
09-25 09:24:30.555  1621  1621 I auditd  : type=1400 audit(0.0:6969540): avc:  denied  { search } for  comm="LightningLaunc" name="2458" dev="proc" ino=252926767 scontext=u:r:vendor_hal_perf_default:s0 tcontext=u:r:update_engine:s0 tclass=dir permissive=0
09-25 09:24:30.627  2866  2866 I notification_enqueue: [10463,13504,com.zenithblue.sambas3,2000,NULL,0,Notification(channel=rpcsx-progress shortcut=null contentView=null vibrate=null sound=null defaults=0 flags=ONGOING_EVENT|FOREGROUND_SERVICE|SILENT color=0x00000000 category=progress vis=PRIVATE),1,1]
09-25 09:24:30.759  1621  1621 I auditd  : type=1400 audit(0.0:6969541): avc:  denied  { search } for  comm="LightningLaunc" name="2458" dev="proc" ino=252926767 scontext=u:r:vendor_hal_perf_default:s0 tcontext=u:r:update_engine:s0 tclass=dir permissive=0
09-25 09:24:30.821  2866  2866 I notification_enqueue: [10463,13504,com.zenithblue.sambas3,2000,NULL,0,Notification(channel=rpcsx-progress shortcut=null contentView=null vibrate=null sound=null defaults=0 flags=ONGOING_EVENT|FOREGROUND_SERVICE|SILENT color=0x00000000 category=progress vis=PRIVATE),1,1]
09-25 09:24:30.962  2866  6863 I thermal_changed: [CPU7,0,89.900002,0,0]
09-25 09:24:30.963  1621  1621 I auditd  : type=1400 audit(0.0:6969542): avc:  denied  { search } for  comm="LightningLaunc" name="2458" dev="proc" ino=252926767 scontext=u:r:vendor_hal_perf_default:s0 tcontext=u:r:update_engine:s0 tclass=dir permissive=0
09-25 09:24:31.038  2866  2866 I notification_enqueue: [10463,13504,com.zenithblue.sambas3,2000,NULL,0,Notification(channel=rpcsx-progress shortcut=null contentView=null vibrate=null sound=null defaults=0 flags=ONGOING_EVENT|FOREGROUND_SERVICE|SILENT color=0x00000000 category=progress vis=PRIVATE),1,1]
09-25 09:24:31.167  1621  1621 I auditd  : type=1400 audit(0.0:6969543): avc:  denied  { search } for  comm="LightningLaunc" name="2458" dev="proc" ino=252926767 scontext=u:r:vendor_hal_perf_default:s0 tcontext=u:r:update_engine:s0 tclass=dir permissive=0
09-25 09:24:31.189  2866  9069 I thermal_changed: [CPU7,0,95.000000,3,0]
09-25 09:24:31.242  2866  2866 I notification_enqueue: [10463,13504,com.zenithblue.sambas3,2000,NULL,0,Notification(channel=rpcsx-progress shortcut=null contentView=null vibrate=null sound=null defaults=0 flags=ONGOING_EVENT|FOREGROUND_SERVICE|SILENT color=0x00000000 category=progress vis=PRIVATE),1,1]
09-25 09:24:31.288  2866  6863 I thermal_changed: [CPU7,0,89.900002,0,0]
09-25 09:24:31.351  2866  3053 I commit_sys_config_file: [package-user-0,5]
09-25 09:24:31.375  1621  1621 I auditd  : type=1400 audit(0.0:6969544): avc:  denied  { search } for  comm="LightningLaunc" name="2458" dev="proc" ino=252926767 scontext=u:r:vendor_hal_perf_default:s0 tcontext=u:r:update_engine:s0 tclass=dir permissive=0
09-25 09:24:31.433  2866  2866 I notification_enqueue: [10463,13504,com.zenithblue.sambas3,2000,NULL,0,Notification(channel=rpcsx-progress shortcut=null contentView=null vibrate=null sound=null defaults=0 flags=ONGOING_EVENT|FOREGROUND_SERVICE|SILENT color=0x00000000 category=progress vis=PRIVATE),1,1]
09-25 09:24:31.456  2866  6863 I thermal_changed: [CPU7,0,95.000000,3,0]
09-25 09:24:31.576  2866  6863 I thermal_changed: [CPU7,0,89.900002,0,0]
09-25 09:24:31.583  1621  1621 I auditd  : type=1400 audit(0.0:6969545): avc:  denied  { search } for  comm="LightningLaunc" name="2458" dev="proc" ino=252926767 scontext=u:r:vendor_hal_perf_default:s0 tcontext=u:r:update_engine:s0 tclass=dir permissive=0
09-25 09:24:31.658  2866  2866 I notification_enqueue: [10463,13504,com.zenithblue.sambas3,2000,NULL,0,Notification(channel=rpcsx-progress shortcut=null contentView=null vibrate=null sound=null defaults=0 flags=ONGOING_EVENT|FOREGROUND_SERVICE|SILENT color=0x00000000 category=progress vis=PRIVATE),1,1]
09-25 09:24:31.684  2866  4401 I thermal_changed: [CPU7,0,95.000000,3,0]
09-25 09:24:31.721  2866  4401 I thermal_changed: [CPU7,0,89.900002,0,0]
09-25 09:24:31.791  1621  1621 I auditd  : type=1400 audit(0.0:6969546): avc:  denied  { search } for  comm="LightningLaunc" name="2458" dev="proc" ino=252926767 scontext=u:r:vendor_hal_perf_default:s0 tcontext=u:r:update_engine:s0 tclass=dir permissive=0
09-25 09:24:31.872  2866  2866 I notification_enqueue: [10463,13504,com.zenithblue.sambas3,2000,NULL,0,Notification(channel=rpcsx-progress shortcut=null contentView=null vibrate=null sound=null defaults=0 flags=ONGOING_EVENT|FOREGROUND_SERVICE|SILENT color=0x00000000 category=progress vis=PRIVATE),1,1]
09-25 09:24:31.915  2866  4401 I thermal_changed: [CPU7,0,95.000000,3,0]
09-25 09:24:31.964  2866  4401 I thermal_changed: [CPU7,0,89.900002,0,0]
09-25 09:24:31.979 13504 13504 I auditd  : type=1400 audit(0.0:6969547): avc:  denied  { search } for  comm="DefaultDispatch" name="zram0" dev="sysfs" ino=107524 scontext=u:r:untrusted_app:s0:c207,c257,c512,c768 tcontext=u:object_r:sysfs_zram:s0 tclass=dir permissive=0 app=com.zenithblue.sambas3
09-25 09:24:31.979 13504 13504 I auditd  : type=1400 audit(0.0:6969548): avc:  denied  { search } for  comm="DefaultDispatch" name="zram0" dev="sysfs" ino=107524 scontext=u:r:untrusted_app:s0:c207,c257,c512,c768 tcontext=u:object_r:sysfs_zram:s0 tclass=dir permissive=0 app=com.zenithblue.sambas3
09-25 09:24:31.999  1621  1621 I auditd  : type=1400 audit(0.0:6969549): avc:  denied  { search } for  comm="LightningLaunc" name="2458" dev="proc" ino=252926767 scontext=u:r:vendor_hal_perf_default:s0 tcontext=u:r:update_engine:s0 tclass=dir permissive=0
09-25 09:24:32.124  2866  2866 I notification_enqueue: [10463,13504,com.zenithblue.sambas3,2000,NULL,0,Notification(channel=rpcsx-progress shortcut=null contentView=null vibrate=null sound=null defaults=0 flags=ONGOING_EVENT|FOREGROUND_SERVICE|SILENT color=0x00000000 category=progress vis=PRIVATE),1,1]
09-25 09:24:32.143  2866  4401 I thermal_changed: [CPU7,0,95.000000,3,0]
09-25 09:24:32.177  2866  6863 I thermal_changed: [CPU7,0,89.900002,0,0]
09-25 09:24:32.207  1621  1621 I auditd  : type=1400 audit(0.0:6969550): avc:  denied  { search } for  comm="LightningLaunc" name="2458" dev="proc" ino=252926767 scontext=u:r:vendor_hal_perf_default:s0 tcontext=u:r:update_engine:s0 tclass=dir permissive=0
09-25 09:24:32.318  2866  2866 I notification_enqueue: [10463,13504,com.zenithblue.sambas3,2000,NULL,0,Notification(channel=rpcsx-progress shortcut=null contentView=null vibrate=null sound=null defaults=0 flags=ONGOING_EVENT|FOREGROUND_SERVICE|SILENT color=0x00000000 category=progress vis=PRIVATE),1,1]
09-25 09:24:32.391  2866  6863 I thermal_changed: [CPU7,0,95.000000,3,0]
09-25 09:24:32.427  2866  6863 I thermal_changed: [CPU7,0,89.900002,0,0]
09-25 09:24:32.439  2866  6863 I thermal_changed: [CPU7,0,95.000000,3,0]
09-25 09:24:32.543  2866  2866 I notification_enqueue: [10463,13504,com.zenithblue.sambas3,2000,NULL,0,Notification(channel=rpcsx-progress shortcut=null contentView=null vibrate=null sound=null defaults=0 flags=ONGOING_EVENT|FOREGROUND_SERVICE|SILENT color=0x00000000 category=progress vis=PRIVATE),1,1]
09-25 09:24:32.703  2866  2866 I notification_enqueue: [10463,13504,com.zenithblue.sambas3,2000,NULL,0,Notification(channel=rpcsx-progress shortcut=null contentView=null vibrate=null sound=null defaults=0 flags=ONGOING_EVENT|FOREGROUND_SERVICE|SILENT color=0x00000000 category=progress vis=PRIVATE),1,1]
09-25 09:24:32.748  2866  4401 I thermal_changed: [CPU7,0,89.900002,0,0]
09-25 09:24:32.827  1621  1621 I auditd  : type=1400 audit(0.0:6969553): avc:  denied  { search } for  comm="LightningLaunc" name="2458" dev="proc" ino=252926767 scontext=u:r:vendor_hal_perf_default:s0 tcontext=u:r:update_engine:s0 tclass=dir permissive=0
09-25 09:24:32.920  2866  2866 I notification_enqueue: [10463,13504,com.zenithblue.sambas3,2000,NULL,0,Notification(channel=rpcsx-progress shortcut=null contentView=null vibrate=null sound=null defaults=0 flags=ONGOING_EVENT|FOREGROUND_SERVICE|SILENT color=0x00000000 category=progress vis=PRIVATE),1,1]
09-25 09:24:32.929  2866  6863 I thermal_changed: [CPU7,0,95.000000,3,0]
09-25 09:24:33.035  1621  1621 I auditd  : type=1400 audit(0.0:6969554): avc:  denied  { search } for  comm="LightningLaunc" name="2458" dev="proc" ino=252926767 scontext=u:r:vendor_hal_perf_default:s0 tcontext=u:r:update_engine:s0 tclass=dir permissive=0
09-25 09:24:33.236  2866  2866 I notification_enqueue: [10463,13504,com.zenithblue.sambas3,2000,NULL,0,Notification(channel=rpcsx-progress shortcut=null contentView=null vibrate=null sound=null defaults=0 flags=ONGOING_EVENT|FOREGROUND_SERVICE|SILENT color=0x00000000 category=progress vis=PRIVATE),1,1]
09-25 09:24:33.239  1621  1621 I auditd  : type=1400 audit(0.0:6969555): avc:  denied  { search } for  comm="LightningLaunc" name="2458" dev="proc" ino=252926767 scontext=u:r:vendor_hal_perf_default:s0 tcontext=u:r:update_engine:s0 tclass=dir permissive=0
09-25 09:24:33.395  2866  2917 I am_pss  : [13504,10463,com.zenithblue.sambas3,0,0,0,1019518976,0,2,1]
09-25 09:24:33.402  2866  6863 I thermal_changed: [CPU7,0,89.900002,0,0]
09-25 09:24:33.413  2866  2866 I notification_enqueue: [10463,13504,com.zenithblue.sambas3,2000,NULL,0,Notification(channel=rpcsx-progress shortcut=null contentView=null vibrate=null sound=null defaults=0 flags=ONGOING_EVENT|FOREGROUND_SERVICE|SILENT color=0x00000000 category=progress vis=PRIVATE),1,1]
09-25 09:24:33.447  1621  1621 I auditd  : type=1400 audit(0.0:6969556): avc:  denied  { search } for  comm="LightningLaunc" name="2458" dev="proc" ino=252926767 scontext=u:r:vendor_hal_perf_default:s0 tcontext=u:r:update_engine:s0 tclass=dir permissive=0
09-25 09:24:33.483  2866  2866 I notification_enqueue: [10463,13504,com.zenithblue.sambas3,4000,NULL,0,Notification(channel=rpcsx-game shortcut=null contentView=null vibrate=null sound=null defaults=0 flags=ONGOING_EVENT|FOREGROUND_SERVICE|SILENT color=0x00000000 category=service vis=PRIVATE),0,1]
09-25 09:24:33.651  1621  1621 I auditd  : type=1400 audit(0.0:6969557): avc:  denied  { search } for  comm="LightningLaunc" name="2458" dev="proc" ino=252926767 scontext=u:r:vendor_hal_perf_default:s0 tcontext=u:r:update_engine:s0 tclass=dir permissive=0
09-25 09:24:33.686  2866  2866 I sysui_multi_action: [757,1501,758,1,793,205,794,0,795,205,796,4000,806,com.zenithblue.sambas3,857,rpcsx-game,858,2,947,0,1500,0,1641,service,1688,1]
09-25 09:24:33.686  2866  2866 I sysui_multi_action: [757,804,799,note_interruptive,801,0,802,1]
09-25 09:24:33.687  2866  2866 I notification_autogrouped: 0|com.zenithblue.sambas3|2000|null|10463
09-25 09:24:33.688  2866  2866 I notification_autogrouped: 0|com.zenithblue.sambas3|4000|null|10463
09-25 09:24:33.688  2866  2866 I notification_adjusted: [0|com.zenithblue.sambas3|4000|null|10463,key_group_key,0|com.zenithblue.sambas3|g:Aggregate_SilentSection]
09-25 09:24:33.691  2866  2866 I notification_enqueue: [10463,13504,com.zenithblue.sambas3,1,0|com.zenithblue.sambas3|g:Aggregate_SilentSection,0,Notification(channel=rpcsx-game shortcut=null contentView=null vibrate=null sound=null defaults=0 flags=ONGOING_EVENT|NO_CLEAR|LOCAL_ONLY|GROUP_SUMMARY|AUTOGROUP_SUMMARY color=0x00000000 groupKey=0|com.zenithblue.sambas3|g:Aggregate_SilentSection vis=PRIVATE),0,0]
09-25 09:24:33.693  2866  3689 I notification_adjusted: [0|com.zenithblue.sambas3|2000|null|10463,key_group_key,0|com.zenithblue.sambas3|g:Aggregate_SilentSection]
09-25 09:24:33.815  2866  2866 I notification_enqueue: [10463,13504,com.zenithblue.sambas3,2000,NULL,0,Notification(channel=rpcsx-progress shortcut=null contentView=null vibrate=null sound=null defaults=0 flags=ONGOING_EVENT|FOREGROUND_SERVICE|SILENT color=0x00000000 category=progress vis=PRIVATE),1,1]
09-25 09:24:33.855  1621  1621 I auditd  : type=1400 audit(0.0:6969558): avc:  denied  { search } for  comm="LightningLaunc" name="2458" dev="proc" ino=252926767 scontext=u:r:vendor_hal_perf_default:s0 tcontext=u:r:update_engine:s0 tclass=dir permissive=0
09-25 09:24:34.059  1621  1621 I auditd  : type=1400 audit(0.0:6969559): avc:  denied  { search } for  comm="LightningLaunc" name="2458" dev="proc" ino=252926767 scontext=u:r:vendor_hal_perf_default:s0 tcontext=u:r:update_engine:s0 tclass=dir permissive=0
09-25 09:24:34.088  2866  6863 I thermal_changed: [CPU3,0,95.000000,3,0]
09-25 09:24:34.149  2866  6863 I thermal_changed: [CPU3,0,89.900002,0,0]
09-25 09:24:34.158  2866  6863 I thermal_changed: [CPU7,0,95.000000,3,0]
09-25 09:24:34.265  2866  2866 I notification_enqueue: [10463,13504,com.zenithblue.sambas3,2000,NULL,0,Notification(channel=rpcsx-progress shortcut=null contentView=null vibrate=null sound=null defaults=0 flags=ONGOING_EVENT|FOREGROUND_SERVICE|SILENT color=0x00000000 category=progress vis=PRIVATE),1,1]
09-25 09:24:34.267  1621  1621 I auditd  : type=1400 audit(0.0:6969560): avc:  denied  { search } for  comm="LightningLaunc" name="2458" dev="proc" ino=252926767 scontext=u:r:vendor_hal_perf_default:s0 tcontext=u:r:update_engine:s0 tclass=dir permissive=0
09-25 09:24:34.329  2866  2866 I notification_enqueue: [10463,13504,com.zenithblue.sambas3,2000,NULL,0,Notification(channel=rpcsx-progress shortcut=null contentView=null vibrate=null sound=null defaults=0 flags=ONGOING_EVENT|FOREGROUND_SERVICE|SILENT color=0x00000000 category=progress vis=PRIVATE),1,1]
09-25 09:24:34.343  2866  6863 I thermal_changed: [CPU7,0,89.900002,0,0]
09-25 09:24:34.438  2866  6863 I thermal_changed: [CPU7,0,95.000000,3,0]
09-25 09:24:34.471  1621  1621 I auditd  : type=1400 audit(0.0:6969561): avc:  denied  { search } for  comm="LightningLaunc" name="2458" dev="proc" ino=252926767 scontext=u:r:vendor_hal_perf_default:s0 tcontext=u:r:update_engine:s0 tclass=dir permissive=0
09-25 09:24:34.595  2866  9069 I thermal_changed: [CPU7,0,89.900002,0,0]
09-25 09:24:34.670  2866  2866 I notification_enqueue: [10463,13504,com.zenithblue.sambas3,2000,NULL,0,Notification(channel=rpcsx-progress shortcut=null contentView=null vibrate=null sound=null defaults=0 flags=ONGOING_EVENT|FOREGROUND_SERVICE|SILENT color=0x00000000 category=progress vis=PRIVATE),1,1]
09-25 09:24:34.671  1621  1621 I auditd  : type=1400 audit(0.0:6969562): avc:  denied  { search } for  comm="LightningLaunc" name="2458" dev="proc" ino=252926767 scontext=u:r:vendor_hal_perf_default:s0 tcontext=u:r:update_engine:s0 tclass=dir permissive=0
09-25 09:24:34.768  2866  6863 I thermal_changed: [CPU7,0,95.000000,3,0]
09-25 09:24:34.769  2866  2866 I notification_enqueue: [10463,13504,com.zenithblue.sambas3,2000,NULL,0,Notification(channel=rpcsx-progress shortcut=null contentView=null vibrate=null sound=null defaults=0 flags=ONGOING_EVENT|FOREGROUND_SERVICE|SILENT color=0x00000000 category=progress vis=PRIVATE),1,1]
09-25 09:24:34.879  1621  1621 I auditd  : type=1400 audit(0.0:6969563): avc:  denied  { search } for  comm="LightningLaunc" name="2458" dev="proc" ino=252926767 scontext=u:r:vendor_hal_perf_default:s0 tcontext=u:r:update_engine:s0 tclass=dir permissive=0
09-25 09:24:34.982  2866  2866 I notification_enqueue: [10463,13504,com.zenithblue.sambas3,2000,NULL,0,Notification(channel=rpcsx-progress shortcut=null contentView=null vibrate=null sound=null defaults=0 flags=ONGOING_EVENT|FOREGROUND_SERVICE|SILENT color=0x00000000 category=progress vis=PRIVATE),1,1]
09-25 09:24:35.083  1621  1621 I auditd  : type=1400 audit(0.0:6969564): avc:  denied  { search } for  comm="LightningLaunc" name="2458" dev="proc" ino=252926767 scontext=u:r:vendor_hal_perf_default:s0 tcontext=u:r:update_engine:s0 tclass=dir permissive=0
09-25 09:24:35.116  2866  9069 I thermal_changed: [CPU7,0,89.900002,0,0]
09-25 09:24:35.146  2866  9069 I thermal_changed: [CPU7,0,95.000000,3,0]
09-25 09:24:35.291  1621  1621 I auditd  : type=1400 audit(0.0:6969565): avc:  denied  { search } for  comm="LightningLaunc" name="2458" dev="proc" ino=252926767 scontext=u:r:vendor_hal_perf_default:s0 tcontext=u:r:update_engine:s0 tclass=dir permissive=0
09-25 09:24:35.427  2866  2866 I notification_enqueue: [10463,13504,com.zenithblue.sambas3,2000,NULL,0,Notification(channel=rpcsx-progress shortcut=null contentView=null vibrate=null sound=null defaults=0 flags=ONGOING_EVENT|FOREGROUND_SERVICE|SILENT color=0x00000000 category=progress vis=PRIVATE),1,1]
09-25 09:24:35.458  2866  2866 I notification_enqueue: [10463,13504,com.zenithblue.sambas3,2000,NULL,0,Notification(channel=rpcsx-progress shortcut=null contentView=null vibrate=null sound=null defaults=0 flags=ONGOING_EVENT|FOREGROUND_SERVICE|SILENT color=0x00000000 category=progress vis=PRIVATE),1,1]
09-25 09:24:35.499  1621  1621 I auditd  : type=1400 audit(0.0:6969566): avc:  denied  { search } for  comm="LightningLaunc" name="2458" dev="proc" ino=252926767 scontext=u:r:vendor_hal_perf_default:s0 tcontext=u:r:update_engine:s0 tclass=dir permissive=0
09-25 09:24:35.673  2866  2866 I notification_enqueue: [10463,13504,com.zenithblue.sambas3,2000,NULL,0,Notification(channel=rpcsx-progress shortcut=null contentView=null vibrate=null sound=null defaults=0 flags=ONGOING_EVENT|FOREGROUND_SERVICE|SILENT color=0x00000000 category=progress vis=PRIVATE),1,1]
09-25 09:24:35.703  1621  1621 I auditd  : type=1400 audit(0.0:6969567): avc:  denied  { search } for  comm="LightningLaunc" name="2458" dev="proc" ino=252926767 scontext=u:r:vendor_hal_perf_default:s0 tcontext=u:r:update_engine:s0 tclass=dir permissive=0
09-25 09:24:35.907  1621  1621 I auditd  : type=1400 audit(0.0:6969568): avc:  denied  { search } for  comm="LightningLaunc" name="2458" dev="proc" ino=252926767 scontext=u:r:vendor_hal_perf_default:s0 tcontext=u:r:update_engine:s0 tclass=dir permissive=0
09-25 09:24:36.022  2866  2866 I notification_enqueue: [10463,13504,com.zenithblue.sambas3,2000,NULL,0,Notification(channel=rpcsx-progress shortcut=null contentView=null vibrate=null sound=null defaults=0 flags=ONGOING_EVENT|FOREGROUND_SERVICE|SILENT color=0x00000000 category=progress vis=PRIVATE),1,1]
09-25 09:24:36.027  2866  9069 I thermal_changed: [CPU3,0,95.000000,3,0]
09-25 09:24:36.054  2866  9069 I thermal_changed: [CPU3,0,89.900002,0,0]
09-25 09:24:36.111  1621  1621 I auditd  : type=1400 audit(0.0:6969569): avc:  denied  { search } for  comm="LightningLaunc" name="2458" dev="proc" ino=252926767 scontext=u:r:vendor_hal_perf_default:s0 tcontext=u:r:update_engine:s0 tclass=dir permissive=0
09-25 09:24:36.134  2866  2866 I notification_enqueue: [10463,13504,com.zenithblue.sambas3,2000,NULL,0,Notification(channel=rpcsx-progress shortcut=null contentView=null vibrate=null sound=null defaults=0 flags=ONGOING_EVENT|FOREGROUND_SERVICE|SILENT color=0x00000000 category=progress vis=PRIVATE),1,1]
09-25 09:24:36.319  1621  1621 I auditd  : type=1400 audit(0.0:6969570): avc:  denied  { search } for  comm="LightningLaunc" name="2458" dev="proc" ino=252926767 scontext=u:r:vendor_hal_perf_default:s0 tcontext=u:r:update_engine:s0 tclass=dir permissive=0
09-25 09:24:36.350  2866  2866 I notification_enqueue: [10463,13504,com.zenithblue.sambas3,2000,NULL,0,Notification(channel=rpcsx-progress shortcut=null contentView=null vibrate=null sound=null defaults=0 flags=ONGOING_EVENT|FOREGROUND_SERVICE|SILENT color=0x00000000 category=progress vis=PRIVATE),1,1]
09-25 09:24:36.527  1621  1621 I auditd  : type=1400 audit(0.0:6969571): avc:  denied  { search } for  comm="LightningLaunc" name="2458" dev="proc" ino=252926767 scontext=u:r:vendor_hal_perf_default:s0 tcontext=u:r:update_engine:s0 tclass=dir permissive=0
09-25 09:24:36.536  2866  2866 I notification_enqueue: [10463,13504,com.zenithblue.sambas3,2000,NULL,0,Notification(channel=rpcsx-progress shortcut=null contentView=null vibrate=null sound=null defaults=0 flags=ONGOING_EVENT|FOREGROUND_SERVICE|SILENT color=0x00000000 category=progress vis=PRIVATE),1,1]
09-25 09:24:36.575  2866  4401 I thermal_changed: [CPU3,0,95.000000,3,0]
09-25 09:24:36.588  2866  9069 I thermal_changed: [CPU3,0,89.900002,0,0]
09-25 09:24:36.735  1621  1621 I auditd  : type=1400 audit(0.0:6969572): avc:  denied  { search } for  comm="LightningLaunc" name="2458" dev="proc" ino=252926767 scontext=u:r:vendor_hal_perf_default:s0 tcontext=u:r:update_engine:s0 tclass=dir permissive=0
09-25 09:24:36.939  1621  1621 I auditd  : type=1400 audit(0.0:6969573): avc:  denied  { search } for  comm="LightningLaunc" name="2458" dev="proc" ino=252926767 scontext=u:r:vendor_hal_perf_default:s0 tcontext=u:r:update_engine:s0 tclass=dir permissive=0
09-25 09:24:37.019  2866  2866 I notification_enqueue: [10463,13504,com.zenithblue.sambas3,2000,NULL,0,Notification(channel=rpcsx-progress shortcut=null contentView=null vibrate=null sound=null defaults=0 flags=ONGOING_EVENT|FOREGROUND_SERVICE|SILENT color=0x00000000 category=progress vis=PRIVATE),1,1]
09-25 09:24:37.090  2866  9069 I thermal_changed: [CPU7,0,89.900002,0,0]
09-25 09:24:37.100  2866  2866 I notification_enqueue: [10463,13504,com.zenithblue.sambas3,2000,NULL,0,Notification(channel=rpcsx-progress shortcut=null contentView=null vibrate=null sound=null defaults=0 flags=ONGOING_EVENT|FOREGROUND_SERVICE|SILENT color=0x00000000 category=progress vis=PRIVATE),1,1]
09-25 09:24:37.147  1621  1621 I auditd  : type=1400 audit(0.0:6969574): avc:  denied  { search } for  comm="LightningLaunc" name="2458" dev="proc" ino=252926767 scontext=u:r:vendor_hal_perf_default:s0 tcontext=u:r:update_engine:s0 tclass=dir permissive=0
09-25 09:24:37.295  2866  9069 I thermal_changed: [CPU7,0,95.000000,3,0]
09-25 09:24:37.355  1621  1621 I auditd  : type=1400 audit(0.0:6969575): avc:  denied  { search } for  comm="LightningLaunc" name="2458" dev="proc" ino=252926767 scontext=u:r:vendor_hal_perf_default:s0 tcontext=u:r:update_engine:s0 tclass=dir permissive=0
09-25 09:24:37.389  2866  2866 I notification_enqueue: [10463,13504,com.zenithblue.sambas3,2000,NULL,0,Notification(channel=rpcsx-progress shortcut=null contentView=null vibrate=null sound=null defaults=0 flags=ONGOING_EVENT|FOREGROUND_SERVICE|SILENT color=0x00000000 category=progress vis=PRIVATE),1,1]
09-25 09:24:37.559  1621  1621 I auditd  : type=1400 audit(0.0:6969576): avc:  denied  { search } for  comm="LightningLaunc" name="2458" dev="proc" ino=252926767 scontext=u:r:vendor_hal_perf_default:s0 tcontext=u:r:update_engine:s0 tclass=dir permissive=0
09-25 09:24:37.582  2866  2866 I notification_enqueue: [10463,13504,com.zenithblue.sambas3,2000,NULL,0,Notification(channel=rpcsx-progress shortcut=null contentView=null vibrate=null sound=null defaults=0 flags=ONGOING_EVENT|FOREGROUND_SERVICE|SILENT color=0x00000000 category=progress vis=PRIVATE),1,1]
09-25 09:24:37.759  2866  2866 I notification_enqueue: [10463,13504,com.zenithblue.sambas3,2000,NULL,0,Notification(channel=rpcsx-progress shortcut=null contentView=null vibrate=null sound=null defaults=0 flags=ONGOING_EVENT|FOREGROUND_SERVICE|SILENT color=0x00000000 category=progress vis=PRIVATE),1,1]
09-25 09:24:37.763  1621  1621 I auditd  : type=1400 audit(0.0:6969577): avc:  denied  { search } for  comm="LightningLaunc" name="2458" dev="proc" ino=252926767 scontext=u:r:vendor_hal_perf_default:s0 tcontext=u:r:update_engine:s0 tclass=dir permissive=0
09-25 09:24:37.867  2866  9069 I thermal_changed: [CPU7,0,89.900002,0,0]
09-25 09:24:37.960  2866  9069 I thermal_changed: [CPU7,0,95.000000,3,0]
09-25 09:24:37.971  1621  1621 I auditd  : type=1400 audit(0.0:6969578): avc:  denied  { search } for  comm="LightningLaunc" name="2458" dev="proc" ino=252926767 scontext=u:r:vendor_hal_perf_default:s0 tcontext=u:r:update_engine:s0 tclass=dir permissive=0
09-25 09:24:38.000  2866  2866 I notification_enqueue: [10463,13504,com.zenithblue.sambas3,2000,NULL,0,Notification(channel=rpcsx-progress shortcut=null contentView=null vibrate=null sound=null defaults=0 flags=ONGOING_EVENT|FOREGROUND_SERVICE|SILENT color=0x00000000 category=progress vis=PRIVATE),1,1]
09-25 09:24:38.161  2866  2866 I notification_enqueue: [10463,13504,com.zenithblue.sambas3,2000,NULL,0,Notification(channel=rpcsx-progress shortcut=null contentView=null vibrate=null sound=null defaults=0 flags=ONGOING_EVENT|FOREGROUND_SERVICE|SILENT color=0x00000000 category=progress vis=PRIVATE),1,1]
09-25 09:24:38.175  1621  1621 I auditd  : type=1400 audit(0.0:6969579): avc:  denied  { search } for  comm="LightningLaunc" name="2458" dev="proc" ino=252926767 scontext=u:r:vendor_hal_perf_default:s0 tcontext=u:r:update_engine:s0 tclass=dir permissive=0
09-25 09:24:38.319  2866  9069 I battery_level: [78,4073,334]
09-25 09:24:38.332  2866  3614 I am_unfreeze: [11890,com.android.settings,3]
09-25 09:24:38.383  1621  1621 I auditd  : type=1400 audit(0.0:6969580): avc:  denied  { search } for  comm="LightningLaunc" name="2458" dev="proc" ino=252926767 scontext=u:r:vendor_hal_perf_default:s0 tcontext=u:r:update_engine:s0 tclass=dir permissive=0
09-25 09:24:38.418  2866  2866 I notification_enqueue: [10463,13504,com.zenithblue.sambas3,2000,NULL,0,Notification(channel=rpcsx-progress shortcut=null contentView=null vibrate=null sound=null defaults=0 flags=ONGOING_EVENT|FOREGROUND_SERVICE|SILENT color=0x00000000 category=progress vis=PRIVATE),1,1]
09-25 09:24:38.552  2866  6863 I thermal_changed: [CPU7,0,89.900002,0,0]
09-25 09:24:38.579  2866  2866 I notification_enqueue: [10463,13504,com.zenithblue.sambas3,2000,NULL,0,Notification(channel=rpcsx-progress shortcut=null contentView=null vibrate=null sound=null defaults=0 flags=ONGOING_EVENT|FOREGROUND_SERVICE|SILENT color=0x00000000 category=progress vis=PRIVATE),1,1]
09-25 09:24:38.587  1621  1621 I auditd  : type=1400 audit(0.0:6969581): avc:  denied  { search } for  comm="LightningLaunc" name="2458" dev="proc" ino=252926767 scontext=u:r:vendor_hal_perf_default:s0 tcontext=u:r:update_engine:s0 tclass=dir permissive=0
09-25 09:24:38.791  1621  1621 I auditd  : type=1400 audit(0.0:6969582): avc:  denied  { search } for  comm="LightningLaunc" name="2458" dev="proc" ino=252926767 scontext=u:r:vendor_hal_perf_default:s0 tcontext=u:r:update_engine:s0 tclass=dir permissive=0
09-25 09:24:38.826  2866  2866 I notification_enqueue: [10463,13504,com.zenithblue.sambas3,2000,NULL,0,Notification(channel=rpcsx-progress shortcut=null contentView=null vibrate=null sound=null defaults=0 flags=ONGOING_EVENT|FOREGROUND_SERVICE|SILENT color=0x00000000 category=progress vis=PRIVATE),1,1]
09-25 09:24:38.995  1621  1621 I auditd  : type=1400 audit(0.0:6969583): avc:  denied  { search } for  comm="LightningLaunc" name="2458" dev="proc" ino=252926767 scontext=u:r:vendor_hal_perf_default:s0 tcontext=u:r:update_engine:s0 tclass=dir permissive=0
09-25 09:24:39.161  2866  2866 I notification_enqueue: [10463,13504,com.zenithblue.sambas3,2000,NULL,0,Notification(channel=rpcsx-progress shortcut=null contentView=null vibrate=null sound=null defaults=0 flags=ONGOING_EVENT|FOREGROUND_SERVICE|SILENT color=0x00000000 category=progress vis=PRIVATE),1,1]
09-25 09:24:39.168  2866  2866 I notification_enqueue: [10463,13504,com.zenithblue.sambas3,2000,NULL,0,Notification(channel=rpcsx-progress shortcut=null contentView=null vibrate=null sound=null defaults=0 flags=ONGOING_EVENT|FOREGROUND_SERVICE|SILENT color=0x00000000 category=progress vis=PRIVATE),1,1]
09-25 09:24:39.203  1621  1621 I auditd  : type=1400 audit(0.0:6969584): avc:  denied  { search } for  comm="LightningLaunc" name="2458" dev="proc" ino=252926767 scontext=u:r:vendor_hal_perf_default:s0 tcontext=u:r:update_engine:s0 tclass=dir permissive=0
09-25 09:24:39.411  1621  1621 I auditd  : type=1400 audit(0.0:6969585): avc:  denied  { search } for  comm="LightningLaunc" name="2458" dev="proc" ino=252926767 scontext=u:r:vendor_hal_perf_default:s0 tcontext=u:r:update_engine:s0 tclass=dir permissive=0
09-25 09:24:39.468  2866  2866 I notification_enqueue: [10463,13504,com.zenithblue.sambas3,2000,NULL,0,Notification(channel=rpcsx-progress shortcut=null contentView=null vibrate=null sound=null defaults=0 flags=ONGOING_EVENT|FOREGROUND_SERVICE|SILENT color=0x00000000 category=progress vis=PRIVATE),1,1]
09-25 09:24:39.615  1621  1621 I auditd  : type=1400 audit(0.0:6969586): avc:  denied  { search } for  comm="LightningLaunc" name="2458" dev="proc" ino=252926767 scontext=u:r:vendor_hal_perf_default:s0 tcontext=u:r:update_engine:s0 tclass=dir permissive=0
09-25 09:24:39.767  2866  2866 I notification_enqueue: [10463,13504,com.zenithblue.sambas3,2000,NULL,0,Notification(channel=rpcsx-progress shortcut=null contentView=null vibrate=null sound=null defaults=0 flags=ONGOING_EVENT|FOREGROUND_SERVICE|SILENT color=0x00000000 category=progress vis=PRIVATE),1,1]
09-25 09:24:39.815  1621  1621 I auditd  : type=1400 audit(0.0:6969587): avc:  denied  { search } for  comm="LightningLaunc" name="2458" dev="proc" ino=252926767 scontext=u:r:vendor_hal_perf_default:s0 tcontext=u:r:update_engine:s0 tclass=dir permissive=0
09-25 09:24:40.015  1621  1621 I auditd  : type=1400 audit(0.0:6969588): avc:  denied  { search } for  comm="LightningLaunc" name="2458" dev="proc" ino=252926767 scontext=u:r:vendor_hal_perf_default:s0 tcontext=u:r:update_engine:s0 tclass=dir permissive=0
09-25 09:24:40.050  2866  2866 I notification_enqueue: [10463,13504,com.zenithblue.sambas3,2000,NULL,0,Notification(channel=rpcsx-progress shortcut=null contentView=null vibrate=null sound=null defaults=0 flags=ONGOING_EVENT|FOREGROUND_SERVICE|SILENT color=0x00000000 category=progress vis=PRIVATE),1,1]
09-25 09:24:40.212  2866  2866 I notification_enqueue: [10463,13504,com.zenithblue.sambas3,2000,NULL,0,Notification(channel=rpcsx-progress shortcut=null contentView=null vibrate=null sound=null defaults=0 flags=ONGOING_EVENT|FOREGROUND_SERVICE|SILENT color=0x00000000 category=progress vis=PRIVATE),1,1]
09-25 09:24:40.223  1621  1621 I auditd  : type=1400 audit(0.0:6969589): avc:  denied  { search } for  comm="LightningLaunc" name="2458" dev="proc" ino=252926767 scontext=u:r:vendor_hal_perf_default:s0 tcontext=u:r:update_engine:s0 tclass=dir permissive=0
09-25 09:24:40.413  2866  2866 I notification_enqueue: [10463,13504,com.zenithblue.sambas3,2000,NULL,0,Notification(channel=rpcsx-progress shortcut=null contentView=null vibrate=null sound=null defaults=0 flags=ONGOING_EVENT|FOREGROUND_SERVICE|SILENT color=0x00000000 category=progress vis=PRIVATE),1,1]
09-25 09:24:40.427  1621  1621 I auditd  : type=1400 audit(0.0:6969590): avc:  denied  { search } for  comm="LightningLaunc" name="2458" dev="proc" ino=252926767 scontext=u:r:vendor_hal_perf_default:s0 tcontext=u:r:update_engine:s0 tclass=dir permissive=0
09-25 09:24:40.531 13504 13504 I auditd  : type=1400 audit(0.0:6969591): avc:  denied  { search } for  comm="DefaultDispatch" name="zram0" dev="sysfs" ino=107524 scontext=u:r:untrusted_app:s0:c207,c257,c512,c768 tcontext=u:object_r:sysfs_zram:s0 tclass=dir permissive=0 app=com.zenithblue.sambas3
09-25 09:24:40.531 13504 13504 I auditd  : type=1400 audit(0.0:6969592): avc:  denied  { search } for  comm="DefaultDispatch" name="zram0" dev="sysfs" ino=107524 scontext=u:r:untrusted_app:s0:c207,c257,c512,c768 tcontext=u:object_r:sysfs_zram:s0 tclass=dir permissive=0 app=com.zenithblue.sambas3
09-25 09:24:40.616  2866  2866 I notification_enqueue: [10463,13504,com.zenithblue.sambas3,2000,NULL,0,Notification(channel=rpcsx-progress shortcut=null contentView=null vibrate=null sound=null defaults=0 flags=ONGOING_EVENT|FOREGROUND_SERVICE|SILENT color=0x00000000 category=progress vis=PRIVATE),1,1]
09-25 09:24:40.816  2866  2866 I notification_enqueue: [10463,13504,com.zenithblue.sambas3,2000,NULL,0,Notification(channel=rpcsx-progress shortcut=null contentView=null vibrate=null sound=null defaults=0 flags=ONGOING_EVENT|FOREGROUND_SERVICE|SILENT color=0x00000000 category=progress vis=PRIVATE),1,1]
09-25 09:24:41.019  2866  2866 I notification_enqueue: [10463,13504,com.zenithblue.sambas3,2000,NULL,0,Notification(channel=rpcsx-progress shortcut=null contentView=null vibrate=null sound=null defaults=0 flags=ONGOING_EVENT|FOREGROUND_SERVICE|SILENT color=0x00000000 category=progress vis=PRIVATE),1,1]
09-25 09:24:41.035  1621  1621 I auditd  : type=1400 audit(0.0:6969595): avc:  denied  { search } for  comm="LightningLaunc" name="2458" dev="proc" ino=252926767 scontext=u:r:vendor_hal_perf_default:s0 tcontext=u:r:update_engine:s0 tclass=dir permissive=0
09-25 09:24:41.222  2866  2866 I notification_enqueue: [10463,13504,com.zenithblue.sambas3,2000,NULL,0,Notification(channel=rpcsx-progress shortcut=null contentView=null vibrate=null sound=null defaults=0 flags=ONGOING_EVENT|FOREGROUND_SERVICE|SILENT color=0x00000000 category=progress vis=PRIVATE),1,1]
09-25 09:24:41.235  1621  1621 I auditd  : type=1400 audit(0.0:6969596): avc:  denied  { search } for  comm="LightningLaunc" name="2458" dev="proc" ino=252926767 scontext=u:r:vendor_hal_perf_default:s0 tcontext=u:r:update_engine:s0 tclass=dir permissive=0
09-25 09:24:41.416  2866  2866 I notification_enqueue: [10463,13504,com.zenithblue.sambas3,2000,NULL,0,Notification(channel=rpcsx-progress shortcut=null contentView=null vibrate=null sound=null defaults=0 flags=ONGOING_EVENT|FOREGROUND_SERVICE|SILENT color=0x00000000 category=progress vis=PRIVATE),1,1]
09-25 09:24:41.439  1621  1621 I auditd  : type=1400 audit(0.0:6969597): avc:  denied  { search } for  comm="LightningLaunc" name="2458" dev="proc" ino=252926767 scontext=u:r:vendor_hal_perf_default:s0 tcontext=u:r:update_engine:s0 tclass=dir permissive=0
09-25 09:24:41.625  2866  2866 I notification_enqueue: [10463,13504,com.zenithblue.sambas3,2000,NULL,0,Notification(channel=rpcsx-progress shortcut=null contentView=null vibrate=null sound=null defaults=0 flags=ONGOING_EVENT|FOREGROUND_SERVICE|SILENT color=0x00000000 category=progress vis=PRIVATE),1,1]
09-25 09:24:41.643  1621  1621 I auditd  : type=1400 audit(0.0:6969598): avc:  denied  { search } for  comm="LightningLaunc" name="2458" dev="proc" ino=252926767 scontext=u:r:vendor_hal_perf_default:s0 tcontext=u:r:update_engine:s0 tclass=dir permissive=0
09-25 09:24:41.826  2866  2866 I notification_enqueue: [10463,13504,com.zenithblue.sambas3,2000,NULL,0,Notification(channel=rpcsx-progress shortcut=null contentView=null vibrate=null sound=null defaults=0 flags=ONGOING_EVENT|FOREGROUND_SERVICE|SILENT color=0x00000000 category=progress vis=PRIVATE),1,1]
09-25 09:24:41.847  1621  1621 I auditd  : type=1400 audit(0.0:6969599): avc:  denied  { search } for  comm="LightningLaunc" name="2458" dev="proc" ino=252926767 scontext=u:r:vendor_hal_perf_default:s0 tcontext=u:r:update_engine:s0 tclass=dir permissive=0
09-25 09:24:42.029  2866  2866 I notification_enqueue: [10463,13504,com.zenithblue.sambas3,2000,NULL,0,Notification(channel=rpcsx-progress shortcut=null contentView=null vibrate=null sound=null defaults=0 flags=ONGOING_EVENT|FOREGROUND_SERVICE|SILENT color=0x00000000 category=progress vis=PRIVATE),1,1]
09-25 09:24:42.051  1621  1621 I auditd  : type=1400 audit(0.0:6969600): avc:  denied  { search } for  comm="LightningLaunc" name="2458" dev="proc" ino=252926767 scontext=u:r:vendor_hal_perf_default:s0 tcontext=u:r:update_engine:s0 tclass=dir permissive=0
09-25 09:24:42.224  2866  2866 I notification_enqueue: [10463,13504,com.zenithblue.sambas3,2000,NULL,0,Notification(channel=rpcsx-progress shortcut=null contentView=null vibrate=null sound=null defaults=0 flags=ONGOING_EVENT|FOREGROUND_SERVICE|SILENT color=0x00000000 category=progress vis=PRIVATE),1,1]
09-25 09:24:42.251  1621  1621 I auditd  : type=1400 audit(0.0:6969601): avc:  denied  { search } for  comm="LightningLaunc" name="2458" dev="proc" ino=252926767 scontext=u:r:vendor_hal_perf_default:s0 tcontext=u:r:update_engine:s0 tclass=dir permissive=0
09-25 09:24:42.443  2866  2866 I notification_enqueue: [10463,13504,com.zenithblue.sambas3,2000,NULL,0,Notification(channel=rpcsx-progress shortcut=null contentView=null vibrate=null sound=null defaults=0 flags=ONGOING_EVENT|FOREGROUND_SERVICE|SILENT color=0x00000000 category=progress vis=PRIVATE),1,1]
09-25 09:24:42.455  1621  1621 I auditd  : type=1400 audit(0.0:6969602): avc:  denied  { search } for  comm="LightningLaunc" name="2458" dev="proc" ino=252926767 scontext=u:r:vendor_hal_perf_default:s0 tcontext=u:r:update_engine:s0 tclass=dir permissive=0
09-25 09:24:42.632  2866  2866 I notification_enqueue: [10463,13504,com.zenithblue.sambas3,2000,NULL,0,Notification(channel=rpcsx-progress shortcut=null contentView=null vibrate=null sound=null defaults=0 flags=ONGOING_EVENT|FOREGROUND_SERVICE|SILENT color=0x00000000 category=progress vis=PRIVATE),1,1]
09-25 09:24:42.659  1621  1621 I auditd  : type=1400 audit(0.0:6969603): avc:  denied  { search } for  comm="LightningLaunc" name="2458" dev="proc" ino=252926767 scontext=u:r:vendor_hal_perf_default:s0 tcontext=u:r:update_engine:s0 tclass=dir permissive=0
09-25 09:24:42.831  2866  2866 I notification_enqueue: [10463,13504,com.zenithblue.sambas3,2000,NULL,0,Notification(channel=rpcsx-progress shortcut=null contentView=null vibrate=null sound=null defaults=0 flags=ONGOING_EVENT|FOREGROUND_SERVICE|SILENT color=0x00000000 category=progress vis=PRIVATE),1,1]
09-25 09:24:42.867  1621  1621 I auditd  : type=1400 audit(0.0:6969604): avc:  denied  { search } for  comm="LightningLaunc" name="2458" dev="proc" ino=252926767 scontext=u:r:vendor_hal_perf_default:s0 tcontext=u:r:update_engine:s0 tclass=dir permissive=0
09-25 09:24:43.031  2866  2866 I notification_enqueue: [10463,13504,com.zenithblue.sambas3,2000,NULL,0,Notification(channel=rpcsx-progress shortcut=null contentView=null vibrate=null sound=null defaults=0 flags=ONGOING_EVENT|FOREGROUND_SERVICE|SILENT color=0x00000000 category=progress vis=PRIVATE),1,1]
09-25 09:24:43.067  1621  1621 I auditd  : type=1400 audit(0.0:6969605): avc:  denied  { search } for  comm="LightningLaunc" name="2458" dev="proc" ino=252926767 scontext=u:r:vendor_hal_perf_default:s0 tcontext=u:r:update_engine:s0 tclass=dir permissive=0
09-25 09:24:43.230  2866  2866 I notification_enqueue: [10463,13504,com.zenithblue.sambas3,2000,NULL,0,Notification(channel=rpcsx-progress shortcut=null contentView=null vibrate=null sound=null defaults=0 flags=ONGOING_EVENT|FOREGROUND_SERVICE|SILENT color=0x00000000 category=progress vis=PRIVATE),1,1]
09-25 09:24:43.271  1621  1621 I auditd  : type=1400 audit(0.0:6969606): avc:  denied  { search } for  comm="LightningLaunc" name="2458" dev="proc" ino=252926767 scontext=u:r:vendor_hal_perf_default:s0 tcontext=u:r:update_engine:s0 tclass=dir permissive=0
09-25 09:24:43.436  2866  2866 I notification_enqueue: [10463,13504,com.zenithblue.sambas3,2000,NULL,0,Notification(channel=rpcsx-progress shortcut=null contentView=null vibrate=null sound=null defaults=0 flags=ONGOING_EVENT|FOREGROUND_SERVICE|SILENT color=0x00000000 category=progress vis=PRIVATE),1,1]
09-25 09:24:43.443  2866  4401 I battery_status: [2,2,1,2,Li-ion]
09-25 09:24:43.475  1621  1621 I auditd  : type=1400 audit(0.0:6969607): avc:  denied  { search } for  comm="LightningLaunc" name="2458" dev="proc" ino=252926767 scontext=u:r:vendor_hal_perf_default:s0 tcontext=u:r:update_engine:s0 tclass=dir permissive=0
09-25 09:24:43.679  1621  1621 I auditd  : type=1400 audit(0.0:6969608): avc:  denied  { search } for  comm="LightningLaunc" name="2458" dev="proc" ino=252926767 scontext=u:r:vendor_hal_perf_default:s0 tcontext=u:r:update_engine:s0 tclass=dir permissive=0
09-25 09:24:43.834  2866  2866 I notification_enqueue: [10463,13504,com.zenithblue.sambas3,2000,NULL,0,Notification(channel=rpcsx-progress shortcut=null contentView=null vibrate=null sound=null defaults=0 flags=ONGOING_EVENT|FOREGROUND_SERVICE|SILENT color=0x00000000 category=progress vis=PRIVATE),1,1]
09-25 09:24:43.879  1621  1621 I auditd  : type=1400 audit(0.0:6969609): avc:  denied  { search } for  comm="LightningLaunc" name="2458" dev="proc" ino=252926767 scontext=u:r:vendor_hal_perf_default:s0 tcontext=u:r:update_engine:s0 tclass=dir permissive=0
09-25 09:24:44.046  2866  2866 I notification_enqueue: [10463,13504,com.zenithblue.sambas3,2000,NULL,0,Notification(channel=rpcsx-progress shortcut=null contentView=null vibrate=null sound=null defaults=0 flags=ONGOING_EVENT|FOREGROUND_SERVICE|SILENT color=0x00000000 category=progress vis=PRIVATE),1,1]
09-25 09:24:44.087  1621  1621 I auditd  : type=1400 audit(0.0:6969610): avc:  denied  { search } for  comm="LightningLaunc" name="2458" dev="proc" ino=252926767 scontext=u:r:vendor_hal_perf_default:s0 tcontext=u:r:update_engine:s0 tclass=dir permissive=0
09-25 09:24:44.242  2866  2866 I notification_enqueue: [10463,13504,com.zenithblue.sambas3,2000,NULL,0,Notification(channel=rpcsx-progress shortcut=null contentView=null vibrate=null sound=null defaults=0 flags=ONGOING_EVENT|FOREGROUND_SERVICE|SILENT color=0x00000000 category=progress vis=PRIVATE),1,1]
09-25 09:24:44.287  1621  1621 I auditd  : type=1400 audit(0.0:6969611): avc:  denied  { search } for  comm="LightningLaunc" name="2458" dev="proc" ino=252926767 scontext=u:r:vendor_hal_perf_default:s0 tcontext=u:r:update_engine:s0 tclass=dir permissive=0
09-25 09:24:44.451  2866  2866 I notification_enqueue: [10463,13504,com.zenithblue.sambas3,2000,NULL,0,Notification(channel=rpcsx-progress shortcut=null contentView=null vibrate=null sound=null defaults=0 flags=ONGOING_EVENT|FOREGROUND_SERVICE|SILENT color=0x00000000 category=progress vis=PRIVATE),1,1]
09-25 09:24:44.491  1621  1621 I auditd  : type=1400 audit(0.0:6969612): avc:  denied  { search } for  comm="LightningLaunc" name="2458" dev="proc" ino=252926767 scontext=u:r:vendor_hal_perf_default:s0 tcontext=u:r:update_engine:s0 tclass=dir permissive=0
09-25 09:24:44.642  2866  2866 I notification_enqueue: [10463,13504,com.zenithblue.sambas3,2000,NULL,0,Notification(channel=rpcsx-progress shortcut=null contentView=null vibrate=null sound=null defaults=0 flags=ONGOING_EVENT|FOREGROUND_SERVICE|SILENT color=0x00000000 category=progress vis=PRIVATE),1,1]
09-25 09:24:44.695  1621  1621 I auditd  : type=1400 audit(0.0:6969613): avc:  denied  { search } for  comm="LightningLaunc" name="2458" dev="proc" ino=252926767 scontext=u:r:vendor_hal_perf_default:s0 tcontext=u:r:update_engine:s0 tclass=dir permissive=0
09-25 09:24:44.840  2866  2866 I notification_enqueue: [10463,13504,com.zenithblue.sambas3,2000,NULL,0,Notification(channel=rpcsx-progress shortcut=null contentView=null vibrate=null sound=null defaults=0 flags=ONGOING_EVENT|FOREGROUND_SERVICE|SILENT color=0x00000000 category=progress vis=PRIVATE),1,1]
09-25 09:24:44.899  1621  1621 I auditd  : type=1400 audit(0.0:6969614): avc:  denied  { search } for  comm="LightningLaunc" name="2458" dev="proc" ino=252926767 scontext=u:r:vendor_hal_perf_default:s0 tcontext=u:r:update_engine:s0 tclass=dir permissive=0
09-25 09:24:45.078  2866  2866 I notification_enqueue: [10463,13504,com.zenithblue.sambas3,2000,NULL,0,Notification(channel=rpcsx-progress shortcut=null contentView=null vibrate=null sound=null defaults=0 flags=ONGOING_EVENT|FOREGROUND_SERVICE|SILENT color=0x00000000 category=progress vis=PRIVATE),1,1]
09-25 09:24:45.103  1621  1621 I auditd  : type=1400 audit(0.0:6969615): avc:  denied  { search } for  comm="LightningLaunc" name="2458" dev="proc" ino=252926767 scontext=u:r:vendor_hal_perf_default:s0 tcontext=u:r:update_engine:s0 tclass=dir permissive=0
09-25 09:24:45.266  2866  2866 I notification_enqueue: [10463,13504,com.zenithblue.sambas3,2000,NULL,0,Notification(channel=rpcsx-progress shortcut=null contentView=null vibrate=null sound=null defaults=0 flags=ONGOING_EVENT|FOREGROUND_SERVICE|SILENT color=0x00000000 category=progress vis=PRIVATE),1,1]
09-25 09:24:45.311  1621  1621 I auditd  : type=1400 audit(0.0:6969616): avc:  denied  { search } for  comm="LightningLaunc" name="2458" dev="proc" ino=252926767 scontext=u:r:vendor_hal_perf_default:s0 tcontext=u:r:update_engine:s0 tclass=dir permissive=0
09-25 09:24:45.461  2866  2866 I notification_enqueue: [10463,13504,com.zenithblue.sambas3,2000,NULL,0,Notification(channel=rpcsx-progress shortcut=null contentView=null vibrate=null sound=null defaults=0 flags=ONGOING_EVENT|FOREGROUND_SERVICE|SILENT color=0x00000000 category=progress vis=PRIVATE),1,1]
09-25 09:24:45.511  1621  1621 I auditd  : type=1400 audit(0.0:6969617): avc:  denied  { search } for  comm="LightningLaunc" name="2458" dev="proc" ino=252926767 scontext=u:r:vendor_hal_perf_default:s0 tcontext=u:r:update_engine:s0 tclass=dir permissive=0
09-25 09:24:45.683  2866  2866 I notification_enqueue: [10463,13504,com.zenithblue.sambas3,2000,NULL,0,Notification(channel=rpcsx-progress shortcut=null contentView=null vibrate=null sound=null defaults=0 flags=ONGOING_EVENT|FOREGROUND_SERVICE|SILENT color=0x00000000 category=progress vis=PRIVATE),1,1]
09-25 09:24:45.711  1621  1621 I auditd  : type=1400 audit(0.0:6969618): avc:  denied  { search } for  comm="LightningLaunc" name="2458" dev="proc" ino=252926767 scontext=u:r:vendor_hal_perf_default:s0 tcontext=u:r:update_engine:s0 tclass=dir permissive=0
09-25 09:24:45.827  2866  3614 I am_freeze: [10040,com.android.providers.calendar]
09-25 09:24:45.879  2866  2866 I notification_enqueue: [10463,13504,com.zenithblue.sambas3,2000,NULL,0,Notification(channel=rpcsx-progress shortcut=null contentView=null vibrate=null sound=null defaults=0 flags=ONGOING_EVENT|FOREGROUND_SERVICE|SILENT color=0x00000000 category=progress vis=PRIVATE),1,1]
09-25 09:24:45.919  1621  1621 I auditd  : type=1400 audit(0.0:6969619): avc:  denied  { search } for  comm="LightningLaunc" name="2458" dev="proc" ino=252926767 scontext=u:r:vendor_hal_perf_default:s0 tcontext=u:r:update_engine:s0 tclass=dir permissive=0
09-25 09:24:46.077  2866  2866 I notification_enqueue: [10463,13504,com.zenithblue.sambas3,2000,NULL,0,Notification(channel=rpcsx-progress shortcut=null contentView=null vibrate=null sound=null defaults=0 flags=ONGOING_EVENT|FOREGROUND_SERVICE|SILENT color=0x00000000 category=progress vis=PRIVATE),1,1]
09-25 09:24:46.123  1621  1621 I auditd  : type=1400 audit(0.0:6969620): avc:  denied  { search } for  comm="LightningLaunc" name="2458" dev="proc" ino=252926767 scontext=u:r:vendor_hal_perf_default:s0 tcontext=u:r:update_engine:s0 tclass=dir permissive=0
09-25 09:24:46.289  2866  2866 I notification_enqueue: [10463,13504,com.zenithblue.sambas3,2000,NULL,0,Notification(channel=rpcsx-progress shortcut=null contentView=null vibrate=null sound=null defaults=0 flags=ONGOING_EVENT|FOREGROUND_SERVICE|SILENT color=0x00000000 category=progress vis=PRIVATE),1,1]
09-25 09:24:46.323  1621  1621 I auditd  : type=1400 audit(0.0:6969621): avc:  denied  { search } for  comm="LightningLaunc" name="2458" dev="proc" ino=252926767 scontext=u:r:vendor_hal_perf_default:s0 tcontext=u:r:update_engine:s0 tclass=dir permissive=0
09-25 09:24:46.511  2866  2866 I notification_enqueue: [10463,13504,com.zenithblue.sambas3,2000,NULL,0,Notification(channel=rpcsx-progress shortcut=null contentView=null vibrate=null sound=null defaults=0 flags=ONGOING_EVENT|FOREGROUND_SERVICE|SILENT color=0x00000000 category=progress vis=PRIVATE),1,1]
09-25 09:24:46.527  1621  1621 I auditd  : type=1400 audit(0.0:6969622): avc:  denied  { search } for  comm="LightningLaunc" name="2458" dev="proc" ino=252926767 scontext=u:r:vendor_hal_perf_default:s0 tcontext=u:r:update_engine:s0 tclass=dir permissive=0
09-25 09:24:46.691  2866  2866 I notification_enqueue: [10463,13504,com.zenithblue.sambas3,2000,NULL,0,Notification(channel=rpcsx-progress shortcut=null contentView=null vibrate=null sound=null defaults=0 flags=ONGOING_EVENT|FOREGROUND_SERVICE|SILENT color=0x00000000 category=progress vis=PRIVATE),1,1]
09-25 09:24:46.731  1621  1621 I auditd  : type=1400 audit(0.0:6969623): avc:  denied  { search } for  comm="LightningLaunc" name="2458" dev="proc" ino=252926767 scontext=u:r:vendor_hal_perf_default:s0 tcontext=u:r:update_engine:s0 tclass=dir permissive=0
09-25 09:24:46.902  2866  2866 I notification_enqueue: [10463,13504,com.zenithblue.sambas3,2000,NULL,0,Notification(channel=rpcsx-progress shortcut=null contentView=null vibrate=null sound=null defaults=0 flags=ONGOING_EVENT|FOREGROUND_SERVICE|SILENT color=0x00000000 category=progress vis=PRIVATE),1,1]
09-25 09:24:46.935  1621  1621 I auditd  : type=1400 audit(0.0:6969624): avc:  denied  { search } for  comm="LightningLaunc" name="2458" dev="proc" ino=252926767 scontext=u:r:vendor_hal_perf_default:s0 tcontext=u:r:update_engine:s0 tclass=dir permissive=0
09-25 09:24:47.118  2866  2866 I notification_enqueue: [10463,13504,com.zenithblue.sambas3,2000,NULL,0,Notification(channel=rpcsx-progress shortcut=null contentView=null vibrate=null sound=null defaults=0 flags=ONGOING_EVENT|FOREGROUND_SERVICE|SILENT color=0x00000000 category=progress vis=PRIVATE),1,1]
09-25 09:24:47.139  1621  1621 I auditd  : type=1400 audit(0.0:6969625): avc:  denied  { search } for  comm="LightningLaunc" name="2458" dev="proc" ino=252926767 scontext=u:r:vendor_hal_perf_default:s0 tcontext=u:r:update_engine:s0 tclass=dir permissive=0
09-25 09:24:47.310  2866  2866 I notification_enqueue: [10463,13504,com.zenithblue.sambas3,2000,NULL,0,Notification(channel=rpcsx-progress shortcut=null contentView=null vibrate=null sound=null defaults=0 flags=ONGOING_EVENT|FOREGROUND_SERVICE|SILENT color=0x00000000 category=progress vis=PRIVATE),1,1]
09-25 09:24:47.343  1621  1621 I auditd  : type=1400 audit(0.0:6969626): avc:  denied  { search } for  comm="LightningLaunc" name="2458" dev="proc" ino=252926767 scontext=u:r:vendor_hal_perf_default:s0 tcontext=u:r:update_engine:s0 tclass=dir permissive=0
09-25 09:24:47.502  2866  2866 I notification_enqueue: [10463,13504,com.zenithblue.sambas3,2000,NULL,0,Notification(channel=rpcsx-progress shortcut=null contentView=null vibrate=null sound=null defaults=0 flags=ONGOING_EVENT|FOREGROUND_SERVICE|SILENT color=0x00000000 category=progress vis=PRIVATE),1,1]
09-25 09:24:47.543  1621  1621 I auditd  : type=1400 audit(0.0:6969627): avc:  denied  { search } for  comm="LightningLaunc" name="2458" dev="proc" ino=252926767 scontext=u:r:vendor_hal_perf_default:s0 tcontext=u:r:update_engine:s0 tclass=dir permissive=0
09-25 09:24:47.702  2866  2866 I notification_enqueue: [10463,13504,com.zenithblue.sambas3,2000,NULL,0,Notification(channel=rpcsx-progress shortcut=null contentView=null vibrate=null sound=null defaults=0 flags=ONGOING_EVENT|FOREGROUND_SERVICE|SILENT color=0x00000000 category=progress vis=PRIVATE),1,1]
09-25 09:24:47.747  1621  1621 I auditd  : type=1400 audit(0.0:6969628): avc:  denied  { search } for  comm="LightningLaunc" name="2458" dev="proc" ino=252926767 scontext=u:r:vendor_hal_perf_default:s0 tcontext=u:r:update_engine:s0 tclass=dir permissive=0
09-25 09:24:47.921  2866  2866 I notification_enqueue: [10463,13504,com.zenithblue.sambas3,2000,NULL,0,Notification(channel=rpcsx-progress shortcut=null contentView=null vibrate=null sound=null defaults=0 flags=ONGOING_EVENT|FOREGROUND_SERVICE|SILENT color=0x00000000 category=progress vis=PRIVATE),1,1]
09-25 09:24:47.951  1621  1621 I auditd  : type=1400 audit(0.0:6969629): avc:  denied  { search } for  comm="LightningLaunc" name="2458" dev="proc" ino=252926767 scontext=u:r:vendor_hal_perf_default:s0 tcontext=u:r:update_engine:s0 tclass=dir permissive=0
09-25 09:24:48.126  2866  2866 I notification_enqueue: [10463,13504,com.zenithblue.sambas3,2000,NULL,0,Notification(channel=rpcsx-progress shortcut=null contentView=null vibrate=null sound=null defaults=0 flags=ONGOING_EVENT|FOREGROUND_SERVICE|SILENT color=0x00000000 category=progress vis=PRIVATE),1,1]
09-25 09:24:48.155  1621  1621 I auditd  : type=1400 audit(0.0:6969630): avc:  denied  { search } for  comm="LightningLaunc" name="2458" dev="proc" ino=252926767 scontext=u:r:vendor_hal_perf_default:s0 tcontext=u:r:update_engine:s0 tclass=dir permissive=0
09-25 09:24:48.316  2866  2866 I notification_enqueue: [10463,13504,com.zenithblue.sambas3,2000,NULL,0,Notification(channel=rpcsx-progress shortcut=null contentView=null vibrate=null sound=null defaults=0 flags=ONGOING_EVENT|FOREGROUND_SERVICE|SILENT color=0x00000000 category=progress vis=PRIVATE),1,1]
09-25 09:24:48.359  1621  1621 I auditd  : type=1400 audit(0.0:6969631): avc:  denied  { search } for  comm="LightningLaunc" name="2458" dev="proc" ino=252926767 scontext=u:r:vendor_hal_perf_default:s0 tcontext=u:r:update_engine:s0 tclass=dir permissive=0
09-25 09:24:48.388  2866  3614 I am_freeze: [11890,com.android.settings]
09-25 09:24:48.559  2866  2866 I notification_enqueue: [10463,13504,com.zenithblue.sambas3,2000,NULL,0,Notification(channel=rpcsx-progress shortcut=null contentView=null vibrate=null sound=null defaults=0 flags=ONGOING_EVENT|FOREGROUND_SERVICE|SILENT color=0x00000000 category=progress vis=PRIVATE),1,1]
09-25 09:24:48.563  1621  1621 I auditd  : type=1400 audit(0.0:6969632): avc:  denied  { search } for  comm="LightningLaunc" name="2458" dev="proc" ino=252926767 scontext=u:r:vendor_hal_perf_default:s0 tcontext=u:r:update_engine:s0 tclass=dir permissive=0
09-25 09:24:48.730  2866  4401 I thermal_changed: [CPU7,0,95.000000,3,0]
09-25 09:24:48.731  2866  2866 I notification_enqueue: [10463,13504,com.zenithblue.sambas3,2000,NULL,0,Notification(channel=rpcsx-progress shortcut=null contentView=null vibrate=null sound=null defaults=0 flags=ONGOING_EVENT|FOREGROUND_SERVICE|SILENT color=0x00000000 category=progress vis=PRIVATE),1,1]
09-25 09:24:48.767  1621  1621 I auditd  : type=1400 audit(0.0:6969633): avc:  denied  { search } for  comm="LightningLaunc" name="2458" dev="proc" ino=252926767 scontext=u:r:vendor_hal_perf_default:s0 tcontext=u:r:update_engine:s0 tclass=dir permissive=0
09-25 09:24:48.934  2866  2866 I notification_enqueue: [10463,13504,com.zenithblue.sambas3,2000,NULL,0,Notification(channel=rpcsx-progress shortcut=null contentView=null vibrate=null sound=null defaults=0 flags=ONGOING_EVENT|FOREGROUND_SERVICE|SILENT color=0x00000000 category=progress vis=PRIVATE),1,1]
09-25 09:24:48.971  1621  1621 I auditd  : type=1400 audit(0.0:6969634): avc:  denied  { search } for  comm="LightningLaunc" name="2458" dev="proc" ino=252926767 scontext=u:r:vendor_hal_perf_default:s0 tcontext=u:r:update_engine:s0 tclass=dir permissive=0
09-25 09:24:49.090  2866 10258 I thermal_changed: [CPU5,0,95.000000,3,0]
09-25 09:24:49.131  2866  2866 I notification_enqueue: [10463,13504,com.zenithblue.sambas3,2000,NULL,0,Notification(channel=rpcsx-progress shortcut=null contentView=null vibrate=null sound=null defaults=0 flags=ONGOING_EVENT|FOREGROUND_SERVICE|SILENT color=0x00000000 category=progress vis=PRIVATE),1,1]
09-25 09:24:49.175  1621  1621 I auditd  : type=1400 audit(0.0:6969637): avc:  denied  { search } for  comm="LightningLaunc" name="2458" dev="proc" ino=252926767 scontext=u:r:vendor_hal_perf_default:s0 tcontext=u:r:update_engine:s0 tclass=dir permissive=0
09-25 09:24:49.339  2866  2866 I notification_enqueue: [10463,13504,com.zenithblue.sambas3,2000,NULL,0,Notification(channel=rpcsx-progress shortcut=null contentView=null vibrate=null sound=null defaults=0 flags=ONGOING_EVENT|FOREGROUND_SERVICE|SILENT color=0x00000000 category=progress vis=PRIVATE),1,1]
09-25 09:24:49.364  2866  6863 I thermal_changed: [CPU7,0,89.900002,0,0]
09-25 09:24:49.375  1621  1621 I auditd  : type=1400 audit(0.0:6969638): avc:  denied  { search } for  comm="LightningLaunc" name="2458" dev="proc" ino=252926767 scontext=u:r:vendor_hal_perf_default:s0 tcontext=u:r:update_engine:s0 tclass=dir permissive=0
09-25 09:24:49.458  2866  4401 I thermal_changed: [CPU5,0,89.900002,0,0]
09-25 09:24:49.532  2866  2866 I notification_enqueue: [10463,13504,com.zenithblue.sambas3,2000,NULL,0,Notification(channel=rpcsx-progress shortcut=null contentView=null vibrate=null sound=null defaults=0 flags=ONGOING_EVENT|FOREGROUND_SERVICE|SILENT color=0x00000000 category=progress vis=PRIVATE),1,1]
09-25 09:24:49.579  1621  1621 I auditd  : type=1400 audit(0.0:6969639): avc:  denied  { search } for  comm="LightningLaunc" name="2458" dev="proc" ino=252926767 scontext=u:r:vendor_hal_perf_default:s0 tcontext=u:r:update_engine:s0 tclass=dir permissive=0
09-25 09:24:49.732  2866  3614 I am_freeze: [5586,com.google.android.googlequicksearchbox:search]
09-25 09:24:49.743  2866 10258 I thermal_changed: [CPU5,0,95.000000,3,0]
09-25 09:24:49.743  2866  2866 I notification_enqueue: [10463,13504,com.zenithblue.sambas3,2000,NULL,0,Notification(channel=rpcsx-progress shortcut=null contentView=null vibrate=null sound=null defaults=0 flags=ONGOING_EVENT|FOREGROUND_SERVICE|SILENT color=0x00000000 category=progress vis=PRIVATE),1,1]
09-25 09:24:49.787  1621  1621 I auditd  : type=1400 audit(0.0:6969640): avc:  denied  { search } for  comm="LightningLaunc" name="2458" dev="proc" ino=252926767 scontext=u:r:vendor_hal_perf_default:s0 tcontext=u:r:update_engine:s0 tclass=dir permissive=0
09-25 09:24:49.913  2866 10258 I thermal_changed: [CPU5,0,89.900002,0,0]
09-25 09:24:49.947  2866  2866 I notification_enqueue: [10463,13504,com.zenithblue.sambas3,2000,NULL,0,Notification(channel=rpcsx-progress shortcut=null contentView=null vibrate=null sound=null defaults=0 flags=ONGOING_EVENT|FOREGROUND_SERVICE|SILENT color=0x00000000 category=progress vis=PRIVATE),1,1]
09-25 09:24:49.991  1621  1621 I auditd  : type=1400 audit(0.0:6969641): avc:  denied  { search } for  comm="LightningLaunc" name="2458" dev="proc" ino=252926767 scontext=u:r:vendor_hal_perf_default:s0 tcontext=u:r:update_engine:s0 tclass=dir permissive=0
09-25 09:24:50.142  2866  2866 I notification_enqueue: [10463,13504,com.zenithblue.sambas3,2000,NULL,0,Notification(channel=rpcsx-progress shortcut=null contentView=null vibrate=null sound=null defaults=0 flags=ONGOING_EVENT|FOREGROUND_SERVICE|SILENT color=0x00000000 category=progress vis=PRIVATE),1,1]
09-25 09:24:50.195  1621  1621 I auditd  : type=1400 audit(0.0:6969642): avc:  denied  { search } for  comm="LightningLaunc" name="2458" dev="proc" ino=252926767 scontext=u:r:vendor_hal_perf_default:s0 tcontext=u:r:update_engine:s0 tclass=dir permissive=0
09-25 09:24:50.342  2866  2866 I notification_enqueue: [10463,13504,com.zenithblue.sambas3,2000,NULL,0,Notification(channel=rpcsx-progress shortcut=null contentView=null vibrate=null sound=null defaults=0 flags=ONGOING_EVENT|FOREGROUND_SERVICE|SILENT color=0x00000000 category=progress vis=PRIVATE),1,1]
09-25 09:24:50.382  2866 10258 I thermal_changed: [skin,3,48.209000,1,0]
09-25 09:24:50.399  1621  1621 I auditd  : type=1400 audit(0.0:6969643): avc:  denied  { search } for  comm="LightningLaunc" name="2458" dev="proc" ino=252926767 scontext=u:r:vendor_hal_perf_default:s0 tcontext=u:r:update_engine:s0 tclass=dir permissive=0
09-25 09:24:50.552  2866  2866 I notification_enqueue: [10463,13504,com.zenithblue.sambas3,2000,NULL,0,Notification(channel=rpcsx-progress shortcut=null contentView=null vibrate=null sound=null defaults=0 flags=ONGOING_EVENT|FOREGROUND_SERVICE|SILENT color=0x00000000 category=progress vis=PRIVATE),1,1]
09-25 09:24:50.564  2866  6863 I thermal_changed: [CPU3,0,95.000000,3,1]
09-25 09:24:50.573  2866  6863 I thermal_changed: [CPU3,0,89.900002,0,1]
09-25 09:24:50.599  1621  1621 I auditd  : type=1400 audit(0.0:6969644): avc:  denied  { search } for  comm="LightningLaunc" name="2458" dev="proc" ino=252926767 scontext=u:r:vendor_hal_perf_default:s0 tcontext=u:r:update_engine:s0 tclass=dir permissive=0
09-25 09:24:50.745  2866  2866 I notification_enqueue: [10463,13504,com.zenithblue.sambas3,2000,NULL,0,Notification(channel=rpcsx-progress shortcut=null contentView=null vibrate=null sound=null defaults=0 flags=ONGOING_EVENT|FOREGROUND_SERVICE|SILENT color=0x00000000 category=progress vis=PRIVATE),1,1]
09-25 09:24:50.803  1621  1621 I auditd  : type=1400 audit(0.0:6969645): avc:  denied  { search } for  comm="LightningLaunc" name="2458" dev="proc" ino=252926767 scontext=u:r:vendor_hal_perf_default:s0 tcontext=u:r:update_engine:s0 tclass=dir permissive=0
09-25 09:24:50.951  2866  2866 I notification_enqueue: [10463,13504,com.zenithblue.sambas3,2000,NULL,0,Notification(channel=rpcsx-progress shortcut=null contentView=null vibrate=null sound=null defaults=0 flags=ONGOING_EVENT|FOREGROUND_SERVICE|SILENT color=0x00000000 category=progress vis=PRIVATE),1,1]
09-25 09:24:51.007  1621  1621 I auditd  : type=1400 audit(0.0:6969646): avc:  denied  { search } for  comm="LightningLaunc" name="2458" dev="proc" ino=252926767 scontext=u:r:vendor_hal_perf_default:s0 tcontext=u:r:update_engine:s0 tclass=dir permissive=0
09-25 09:24:51.164  2866  2866 I notification_enqueue: [10463,13504,com.zenithblue.sambas3,2000,NULL,0,Notification(channel=rpcsx-progress shortcut=null contentView=null vibrate=null sound=null defaults=0 flags=ONGOING_EVENT|FOREGROUND_SERVICE|SILENT color=0x00000000 category=progress vis=PRIVATE),1,1]
09-25 09:24:51.219  1621  1621 I auditd  : type=1400 audit(0.0:6969647): avc:  denied  { search } for  comm="LightningLaunc" name="2458" dev="proc" ino=252926767 scontext=u:r:vendor_hal_perf_default:s0 tcontext=u:r:update_engine:s0 tclass=dir permissive=0
09-25 09:24:51.352  2866  2866 I notification_enqueue: [10463,13504,com.zenithblue.sambas3,2000,NULL,0,Notification(channel=rpcsx-progress shortcut=null contentView=null vibrate=null sound=null defaults=0 flags=ONGOING_EVENT|FOREGROUND_SERVICE|SILENT color=0x00000000 category=progress vis=PRIVATE),1,1]
09-25 09:24:51.423  1621  1621 I auditd  : type=1400 audit(0.0:6969648): avc:  denied  { search } for  comm="LightningLaunc" name="2458" dev="proc" ino=252926767 scontext=u:r:vendor_hal_perf_default:s0 tcontext=u:r:update_engine:s0 tclass=dir permissive=0
09-25 09:24:51.627  1621  1621 I auditd  : type=1400 audit(0.0:6969649): avc:  denied  { search } for  comm="LightningLaunc" name="2458" dev="proc" ino=252926767 scontext=u:r:vendor_hal_perf_default:s0 tcontext=u:r:update_engine:s0 tclass=dir permissive=0
09-25 09:24:51.759  2866  2866 I notification_enqueue: [10463,13504,com.zenithblue.sambas3,2000,NULL,0,Notification(channel=rpcsx-progress shortcut=null contentView=null vibrate=null sound=null defaults=0 flags=ONGOING_EVENT|FOREGROUND_SERVICE|SILENT color=0x00000000 category=progress vis=PRIVATE),1,1]
09-25 09:24:51.831  1621  1621 I auditd  : type=1400 audit(0.0:6969650): avc:  denied  { search } for  comm="LightningLaunc" name="2458" dev="proc" ino=252926767 scontext=u:r:vendor_hal_perf_default:s0 tcontext=u:r:update_engine:s0 tclass=dir permissive=0
09-25 09:24:51.965  2866  2866 I notification_enqueue: [10463,13504,com.zenithblue.sambas3,2000,NULL,0,Notification(channel=rpcsx-progress shortcut=null contentView=null vibrate=null sound=null defaults=0 flags=ONGOING_EVENT|FOREGROUND_SERVICE|SILENT color=0x00000000 category=progress vis=PRIVATE),1,1]
09-25 09:24:52.035  1621  1621 I auditd  : type=1400 audit(0.0:6969651): avc:  denied  { search } for  comm="LightningLaunc" name="2458" dev="proc" ino=252926767 scontext=u:r:vendor_hal_perf_default:s0 tcontext=u:r:update_engine:s0 tclass=dir permissive=0
09-25 09:24:52.162  2866  2866 I notification_enqueue: [10463,13504,com.zenithblue.sambas3,2000,NULL,0,Notification(channel=rpcsx-progress shortcut=null contentView=null vibrate=null sound=null defaults=0 flags=ONGOING_EVENT|FOREGROUND_SERVICE|SILENT color=0x00000000 category=progress vis=PRIVATE),1,1]
09-25 09:24:52.239  1621  1621 I auditd  : type=1400 audit(0.0:6969652): avc:  denied  { search } for  comm="LightningLaunc" name="2458" dev="proc" ino=252926767 scontext=u:r:vendor_hal_perf_default:s0 tcontext=u:r:update_engine:s0 tclass=dir permissive=0
09-25 09:24:52.364  2866  2866 I notification_enqueue: [10463,13504,com.zenithblue.sambas3,2000,NULL,0,Notification(channel=rpcsx-progress shortcut=null contentView=null vibrate=null sound=null defaults=0 flags=ONGOING_EVENT|FOREGROUND_SERVICE|SILENT color=0x00000000 category=progress vis=PRIVATE),1,1]
09-25 09:24:52.443  1621  1621 I auditd  : type=1400 audit(0.0:6969653): avc:  denied  { search } for  comm="LightningLaunc" name="2458" dev="proc" ino=252926767 scontext=u:r:vendor_hal_perf_default:s0 tcontext=u:r:update_engine:s0 tclass=dir permissive=0
09-25 09:24:52.562  2866  2866 I notification_enqueue: [10463,13504,com.zenithblue.sambas3,2000,NULL,0,Notification(channel=rpcsx-progress shortcut=null contentView=null vibrate=null sound=null defaults=0 flags=ONGOING_EVENT|FOREGROUND_SERVICE|SILENT color=0x00000000 category=progress vis=PRIVATE),1,1]
09-25 09:24:52.647  1621  1621 I auditd  : type=1400 audit(0.0:6969654): avc:  denied  { search } for  comm="LightningLaunc" name="2458" dev="proc" ino=252926767 scontext=u:r:vendor_hal_perf_default:s0 tcontext=u:r:update_engine:s0 tclass=dir permissive=0
09-25 09:24:52.761  2866  2866 I notification_enqueue: [10463,13504,com.zenithblue.sambas3,2000,NULL,0,Notification(channel=rpcsx-progress shortcut=null contentView=null vibrate=null sound=null defaults=0 flags=ONGOING_EVENT|FOREGROUND_SERVICE|SILENT color=0x00000000 category=progress vis=PRIVATE),1,1]
09-25 09:24:52.851  1621  1621 I auditd  : type=1400 audit(0.0:6969655): avc:  denied  { search } for  comm="LightningLaunc" name="2458" dev="proc" ino=252926767 scontext=u:r:vendor_hal_perf_default:s0 tcontext=u:r:update_engine:s0 tclass=dir permissive=0
09-25 09:24:52.972  2866  2866 I notification_enqueue: [10463,13504,com.zenithblue.sambas3,2000,NULL,0,Notification(channel=rpcsx-progress shortcut=null contentView=null vibrate=null sound=null defaults=0 flags=ONGOING_EVENT|FOREGROUND_SERVICE|SILENT color=0x00000000 category=progress vis=PRIVATE),1,1]
09-25 09:24:53.059  1621  1621 I auditd  : type=1400 audit(0.0:6969656): avc:  denied  { search } for  comm="LightningLaunc" name="2458" dev="proc" ino=252926767 scontext=u:r:vendor_hal_perf_default:s0 tcontext=u:r:update_engine:s0 tclass=dir permissive=0
09-25 09:24:53.162  2866  2866 I notification_enqueue: [10463,13504,com.zenithblue.sambas3,2000,NULL,0,Notification(channel=rpcsx-progress shortcut=null contentView=null vibrate=null sound=null defaults=0 flags=ONGOING_EVENT|FOREGROUND_SERVICE|SILENT color=0x00000000 category=progress vis=PRIVATE),1,1]
09-25 09:24:53.263  1621  1621 I auditd  : type=1400 audit(0.0:6969657): avc:  denied  { search } for  comm="LightningLaunc" name="2458" dev="proc" ino=252926767 scontext=u:r:vendor_hal_perf_default:s0 tcontext=u:r:update_engine:s0 tclass=dir permissive=0
09-25 09:24:53.379  2866  2866 I notification_enqueue: [10463,13504,com.zenithblue.sambas3,2000,NULL,0,Notification(channel=rpcsx-progress shortcut=null contentView=null vibrate=null sound=null defaults=0 flags=ONGOING_EVENT|FOREGROUND_SERVICE|SILENT color=0x00000000 category=progress vis=PRIVATE),1,1]
09-25 09:24:53.475  1621  1621 I auditd  : type=1400 audit(0.0:6969658): avc:  denied  { search } for  comm="LightningLaunc" name="2458" dev="proc" ino=252926767 scontext=u:r:vendor_hal_perf_default:s0 tcontext=u:r:update_engine:s0 tclass=dir permissive=0
09-25 09:24:53.509  2866  3692 I storage_state: [41217664-9172-527a-b3d5-edabb50a7d69,0,0,33666875392,235423690752]
09-25 09:24:53.573  2866  2866 I notification_enqueue: [10463,13504,com.zenithblue.sambas3,2000,NULL,0,Notification(channel=rpcsx-progress shortcut=null contentView=null vibrate=null sound=null defaults=0 flags=ONGOING_EVENT|FOREGROUND_SERVICE|SILENT color=0x00000000 category=progress vis=PRIVATE),1,1]
09-25 09:24:53.679  1621  1621 I auditd  : type=1400 audit(0.0:6969659): avc:  denied  { search } for  comm="LightningLaunc" name="2458" dev="proc" ino=252926767 scontext=u:r:vendor_hal_perf_default:s0 tcontext=u:r:update_engine:s0 tclass=dir permissive=0
09-25 09:24:53.766  2866  2866 I notification_enqueue: [10463,13504,com.zenithblue.sambas3,2000,NULL,0,Notification(channel=rpcsx-progress shortcut=null contentView=null vibrate=null sound=null defaults=0 flags=ONGOING_EVENT|FOREGROUND_SERVICE|SILENT color=0x00000000 category=progress vis=PRIVATE),1,1]
09-25 09:24:53.883  1621  1621 I auditd  : type=1400 audit(0.0:6969660): avc:  denied  { search } for  comm="LightningLaunc" name="2458" dev="proc" ino=252926767 scontext=u:r:vendor_hal_perf_default:s0 tcontext=u:r:update_engine:s0 tclass=dir permissive=0
09-25 09:24:53.984  2866  2866 I notification_enqueue: [10463,13504,com.zenithblue.sambas3,2000,NULL,0,Notification(channel=rpcsx-progress shortcut=null contentView=null vibrate=null sound=null defaults=0 flags=ONGOING_EVENT|FOREGROUND_SERVICE|SILENT color=0x00000000 category=progress vis=PRIVATE),1,1]
09-25 09:24:54.087  1621  1621 I auditd  : type=1400 audit(0.0:6969661): avc:  denied  { search } for  comm="LightningLaunc" name="2458" dev="proc" ino=252926767 scontext=u:r:vendor_hal_perf_default:s0 tcontext=u:r:update_engine:s0 tclass=dir permissive=0
09-25 09:24:54.199  2866  2866 I notification_enqueue: [10463,13504,com.zenithblue.sambas3,2000,NULL,0,Notification(channel=rpcsx-progress shortcut=null contentView=null vibrate=null sound=null defaults=0 flags=ONGOING_EVENT|FOREGROUND_SERVICE|SILENT color=0x00000000 category=progress vis=PRIVATE),1,1]
09-25 09:24:54.291  1621  1621 I auditd  : type=1400 audit(0.0:6969662): avc:  denied  { search } for  comm="LightningLaunc" name="2458" dev="proc" ino=252926767 scontext=u:r:vendor_hal_perf_default:s0 tcontext=u:r:update_engine:s0 tclass=dir permissive=0
09-25 09:24:54.397  2866  2866 I notification_enqueue: [10463,13504,com.zenithblue.sambas3,2000,NULL,0,Notification(channel=rpcsx-progress shortcut=null contentView=null vibrate=null sound=null defaults=0 flags=ONGOING_EVENT|FOREGROUND_SERVICE|SILENT color=0x00000000 category=progress vis=PRIVATE),1,1]
09-25 09:24:54.499  1621  1621 I auditd  : type=1400 audit(0.0:6969663): avc:  denied  { search } for  comm="LightningLaunc" name="2458" dev="proc" ino=252926767 scontext=u:r:vendor_hal_perf_default:s0 tcontext=u:r:update_engine:s0 tclass=dir permissive=0
09-25 09:24:54.596  2866  2866 I notification_enqueue: [10463,13504,com.zenithblue.sambas3,2000,NULL,0,Notification(channel=rpcsx-progress shortcut=null contentView=null vibrate=null sound=null defaults=0 flags=ONGOING_EVENT|FOREGROUND_SERVICE|SILENT color=0x00000000 category=progress vis=PRIVATE),1,1]
09-25 09:24:54.703  1621  1621 I auditd  : type=1400 audit(0.0:6969664): avc:  denied  { search } for  comm="LightningLaunc" name="2458" dev="proc" ino=252926767 scontext=u:r:vendor_hal_perf_default:s0 tcontext=u:r:update_engine:s0 tclass=dir permissive=0
09-25 09:24:54.793  2866  2866 I notification_enqueue: [10463,13504,com.zenithblue.sambas3,2000,NULL,0,Notification(channel=rpcsx-progress shortcut=null contentView=null vibrate=null sound=null defaults=0 flags=ONGOING_EVENT|FOREGROUND_SERVICE|SILENT color=0x00000000 category=progress vis=PRIVATE),1,1]
09-25 09:24:54.907  1621  1621 I auditd  : type=1400 audit(0.0:6969665): avc:  denied  { search } for  comm="LightningLaunc" name="2458" dev="proc" ino=252926767 scontext=u:r:vendor_hal_perf_default:s0 tcontext=u:r:update_engine:s0 tclass=dir permissive=0
09-25 09:24:54.964  2866 10258 I thermal_changed: [skin,3,49.062000,2,1]
09-25 09:24:54.992  2866  2866 I notification_enqueue: [10463,13504,com.zenithblue.sambas3,2000,NULL,0,Notification(channel=rpcsx-progress shortcut=null contentView=null vibrate=null sound=null defaults=0 flags=ONGOING_EVENT|FOREGROUND_SERVICE|SILENT color=0x00000000 category=progress vis=PRIVATE),1,1]
09-25 09:24:55.115  1621  1621 I auditd  : type=1400 audit(0.0:6969666): avc:  denied  { search } for  comm="LightningLaunc" name="2458" dev="proc" ino=252926767 scontext=u:r:vendor_hal_perf_default:s0 tcontext=u:r:update_engine:s0 tclass=dir permissive=0
09-25 09:24:55.192  2866  2866 I notification_enqueue: [10463,13504,com.zenithblue.sambas3,2000,NULL,0,Notification(channel=rpcsx-progress shortcut=null contentView=null vibrate=null sound=null defaults=0 flags=ONGOING_EVENT|FOREGROUND_SERVICE|SILENT color=0x00000000 category=progress vis=PRIVATE),1,1]
09-25 09:24:55.319  1621  1621 I auditd  : type=1400 audit(0.0:6969667): avc:  denied  { search } for  comm="LightningLaunc" name="2458" dev="proc" ino=252926767 scontext=u:r:vendor_hal_perf_default:s0 tcontext=u:r:update_engine:s0 tclass=dir permissive=0
09-25 09:24:55.392  2866  2866 I notification_enqueue: [10463,13504,com.zenithblue.sambas3,2000,NULL,0,Notification(channel=rpcsx-progress shortcut=null contentView=null vibrate=null sound=null defaults=0 flags=ONGOING_EVENT|FOREGROUND_SERVICE|SILENT color=0x00000000 category=progress vis=PRIVATE),1,1]
09-25 09:24:55.527  1621  1621 I auditd  : type=1400 audit(0.0:6969668): avc:  denied  { search } for  comm="LightningLaunc" name="2458" dev="proc" ino=252926767 scontext=u:r:vendor_hal_perf_default:s0 tcontext=u:r:update_engine:s0 tclass=dir permissive=0
09-25 09:24:55.591  2866  2866 I notification_enqueue: [10463,13504,com.zenithblue.sambas3,2000,NULL,0,Notification(channel=rpcsx-progress shortcut=null contentView=null vibrate=null sound=null defaults=0 flags=ONGOING_EVENT|FOREGROUND_SERVICE|SILENT color=0x00000000 category=progress vis=PRIVATE),1,1]
09-25 09:24:55.731  1621  1621 I auditd  : type=1400 audit(0.0:6969669): avc:  denied  { search } for  comm="LightningLaunc" name="2458" dev="proc" ino=252926767 scontext=u:r:vendor_hal_perf_default:s0 tcontext=u:r:update_engine:s0 tclass=dir permissive=0
09-25 09:24:55.812  2866  2866 I notification_enqueue: [10463,13504,com.zenithblue.sambas3,2000,NULL,0,Notification(channel=rpcsx-progress shortcut=null contentView=null vibrate=null sound=null defaults=0 flags=ONGOING_EVENT|FOREGROUND_SERVICE|SILENT color=0x00000000 category=progress vis=PRIVATE),1,1]
09-25 09:24:55.935  1621  1621 I auditd  : type=1400 audit(0.0:6969670): avc:  denied  { search } for  comm="LightningLaunc" name="2458" dev="proc" ino=252926767 scontext=u:r:vendor_hal_perf_default:s0 tcontext=u:r:update_engine:s0 tclass=dir permissive=0
09-25 09:24:55.959  2866  2917 I am_pss  : [13504,10463,com.zenithblue.sambas3,0,0,0,1506242560,0,2,2]
09-25 09:24:56.007  2866  2866 I notification_enqueue: [10463,13504,com.zenithblue.sambas3,2000,NULL,0,Notification(channel=rpcsx-progress shortcut=null contentView=null vibrate=null sound=null defaults=0 flags=ONGOING_EVENT|FOREGROUND_SERVICE|SILENT color=0x00000000 category=progress vis=PRIVATE),1,1]
09-25 09:24:56.151  1621  1621 I auditd  : type=1400 audit(0.0:6969671): avc:  denied  { search } for  comm="LightningLaunc" name="2458" dev="proc" ino=252926767 scontext=u:r:vendor_hal_perf_default:s0 tcontext=u:r:update_engine:s0 tclass=dir permissive=0
09-25 09:24:56.219  2866  2866 I notification_enqueue: [10463,13504,com.zenithblue.sambas3,2000,NULL,0,Notification(channel=rpcsx-progress shortcut=null contentView=null vibrate=null sound=null defaults=0 flags=ONGOING_EVENT|FOREGROUND_SERVICE|SILENT color=0x00000000 category=progress vis=PRIVATE),1,1]
09-25 09:24:56.355  1621  1621 I auditd  : type=1400 audit(0.0:6969672): avc:  denied  { search } for  comm="LightningLaunc" name="2458" dev="proc" ino=252926767 scontext=u:r:vendor_hal_perf_default:s0 tcontext=u:r:update_engine:s0 tclass=dir permissive=0
09-25 09:24:56.430  2866  2866 I notification_enqueue: [10463,13504,com.zenithblue.sambas3,2000,NULL,0,Notification(channel=rpcsx-progress shortcut=null contentView=null vibrate=null sound=null defaults=0 flags=ONGOING_EVENT|FOREGROUND_SERVICE|SILENT color=0x00000000 category=progress vis=PRIVATE),1,1]
09-25 09:24:56.563  1621  1621 I auditd  : type=1400 audit(0.0:6969673): avc:  denied  { search } for  comm="LightningLaunc" name="2458" dev="proc" ino=252926767 scontext=u:r:vendor_hal_perf_default:s0 tcontext=u:r:update_engine:s0 tclass=dir permissive=0
09-25 09:24:56.632  2866  2866 I notification_enqueue: [10463,13504,com.zenithblue.sambas3,2000,NULL,0,Notification(channel=rpcsx-progress shortcut=null contentView=null vibrate=null sound=null defaults=0 flags=ONGOING_EVENT|FOREGROUND_SERVICE|SILENT color=0x00000000 category=progress vis=PRIVATE),1,1]
09-25 09:24:56.767  1621  1621 I auditd  : type=1400 audit(0.0:6969674): avc:  denied  { search } for  comm="LightningLaunc" name="2458" dev="proc" ino=252926767 scontext=u:r:vendor_hal_perf_default:s0 tcontext=u:r:update_engine:s0 tclass=dir permissive=0
09-25 09:24:56.822  2866  2866 I notification_enqueue: [10463,13504,com.zenithblue.sambas3,2000,NULL,0,Notification(channel=rpcsx-progress shortcut=null contentView=null vibrate=null sound=null defaults=0 flags=ONGOING_EVENT|FOREGROUND_SERVICE|SILENT color=0x00000000 category=progress vis=PRIVATE),1,1]
09-25 09:24:56.973  2866  4401 I thermal_changed: [CPU5,0,95.000000,3,2]
09-25 09:24:56.971  1621  1621 I auditd  : type=1400 audit(0.0:6969675): avc:  denied  { search } for  comm="LightningLaunc" name="2458" dev="proc" ino=252926767 scontext=u:r:vendor_hal_perf_default:s0 tcontext=u:r:update_engine:s0 tclass=dir permissive=0
09-25 09:24:57.022  2866  2866 I notification_enqueue: [10463,13504,com.zenithblue.sambas3,2000,NULL,0,Notification(channel=rpcsx-progress shortcut=null contentView=null vibrate=null sound=null defaults=0 flags=ONGOING_EVENT|FOREGROUND_SERVICE|SILENT color=0x00000000 category=progress vis=PRIVATE),1,1]
09-25 09:24:57.025  2866  4401 I thermal_changed: [CPU5,0,89.900002,0,2]
09-25 09:24:57.175  1621  1621 I auditd  : type=1400 audit(0.0:6969676): avc:  denied  { search } for  comm="LightningLaunc" name="2458" dev="proc" ino=252926767 scontext=u:r:vendor_hal_perf_default:s0 tcontext=u:r:update_engine:s0 tclass=dir permissive=0
09-25 09:24:57.221  2866  2866 I notification_enqueue: [10463,13504,com.zenithblue.sambas3,2000,NULL,0,Notification(channel=rpcsx-progress shortcut=null contentView=null vibrate=null sound=null defaults=0 flags=ONGOING_EVENT|FOREGROUND_SERVICE|SILENT color=0x00000000 category=progress vis=PRIVATE),1,1]
09-25 09:24:57.383  1621  1621 I auditd  : type=1400 audit(0.0:6969677): avc:  denied  { search } for  comm="LightningLaunc" name="2458" dev="proc" ino=252926767 scontext=u:r:vendor_hal_perf_default:s0 tcontext=u:r:update_engine:s0 tclass=dir permissive=0
09-25 09:24:57.435  2866  2866 I notification_enqueue: [10463,13504,com.zenithblue.sambas3,2000,NULL,0,Notification(channel=rpcsx-progress shortcut=null contentView=null vibrate=null sound=null defaults=0 flags=ONGOING_EVENT|FOREGROUND_SERVICE|SILENT color=0x00000000 category=progress vis=PRIVATE),1,1]
09-25 09:24:57.587  1621  1621 I auditd  : type=1400 audit(0.0:6969678): avc:  denied  { search } for  comm="LightningLaunc" name="2458" dev="proc" ino=252926767 scontext=u:r:vendor_hal_perf_default:s0 tcontext=u:r:update_engine:s0 tclass=dir permissive=0
09-25 09:24:57.667 13504 13504 I auditd  : type=1400 audit(0.0:6969679): avc:  denied  { search } for  comm="DefaultDispatch" name="zram0" dev="sysfs" ino=107524 scontext=u:r:untrusted_app:s0:c207,c257,c512,c768 tcontext=u:object_r:sysfs_zram:s0 tclass=dir permissive=0 app=com.zenithblue.sambas3
09-25 09:24:57.667 13504 13504 I auditd  : type=1400 audit(0.0:6969680): avc:  denied  { search } for  comm="DefaultDispatch" name="zram0" dev="sysfs" ino=107524 scontext=u:r:untrusted_app:s0:c207,c257,c512,c768 tcontext=u:object_r:sysfs_zram:s0 tclass=dir permissive=0 app=com.zenithblue.sambas3
09-25 09:24:57.683  2866  2866 I notification_enqueue: [10463,13504,com.zenithblue.sambas3,2000,NULL,0,Notification(channel=rpcsx-progress shortcut=null contentView=null vibrate=null sound=null defaults=0 flags=ONGOING_EVENT|FOREGROUND_SERVICE|SILENT color=0x00000000 category=progress vis=PRIVATE),1,1]
09-25 09:24:57.791  1621  1621 I auditd  : type=1400 audit(0.0:6969681): avc:  denied  { search } for  comm="LightningLaunc" name="2458" dev="proc" ino=252926767 scontext=u:r:vendor_hal_perf_default:s0 tcontext=u:r:update_engine:s0 tclass=dir permissive=0
09-25 09:24:57.851  2866  2866 I notification_enqueue: [10463,13504,com.zenithblue.sambas3,2000,NULL,0,Notification(channel=rpcsx-progress shortcut=null contentView=null vibrate=null sound=null defaults=0 flags=ONGOING_EVENT|FOREGROUND_SERVICE|SILENT color=0x00000000 category=progress vis=PRIVATE),1,1]
09-25 09:24:58.060  2866  2866 I notification_enqueue: [10463,13504,com.zenithblue.sambas3,2000,NULL,0,Notification(channel=rpcsx-progress shortcut=null contentView=null vibrate=null sound=null defaults=0 flags=ONGOING_EVENT|FOREGROUND_SERVICE|SILENT color=0x00000000 category=progress vis=PRIVATE),1,1]
09-25 09:24:58.252  2866  2866 I notification_enqueue: [10463,13504,com.zenithblue.sambas3,2000,NULL,0,Notification(channel=rpcsx-progress shortcut=null contentView=null vibrate=null sound=null defaults=0 flags=ONGOING_EVENT|FOREGROUND_SERVICE|SILENT color=0x00000000 category=progress vis=PRIVATE),1,1]
09-25 09:24:58.403  1621  1621 I auditd  : type=1400 audit(0.0:6969684): avc:  denied  { search } for  comm="LightningLaunc" name="2458" dev="proc" ino=252926767 scontext=u:r:vendor_hal_perf_default:s0 tcontext=u:r:update_engine:s0 tclass=dir permissive=0
09-25 09:24:58.451  2866  2866 I notification_enqueue: [10463,13504,com.zenithblue.sambas3,2000,NULL,0,Notification(channel=rpcsx-progress shortcut=null contentView=null vibrate=null sound=null defaults=0 flags=ONGOING_EVENT|FOREGROUND_SERVICE|SILENT color=0x00000000 category=progress vis=PRIVATE),1,1]
09-25 09:24:58.607  1621  1621 I auditd  : type=1400 audit(0.0:6969685): avc:  denied  { search } for  comm="LightningLaunc" name="2458" dev="proc" ino=252926767 scontext=u:r:vendor_hal_perf_default:s0 tcontext=u:r:update_engine:s0 tclass=dir permissive=0
09-25 09:24:58.664  2866  2866 I notification_enqueue: [10463,13504,com.zenithblue.sambas3,2000,NULL,0,Notification(channel=rpcsx-progress shortcut=null contentView=null vibrate=null sound=null defaults=0 flags=ONGOING_EVENT|FOREGROUND_SERVICE|SILENT color=0x00000000 category=progress vis=PRIVATE),1,1]
09-25 09:24:58.811  1621  1621 I auditd  : type=1400 audit(0.0:6969686): avc:  denied  { search } for  comm="LightningLaunc" name="2458" dev="proc" ino=252926767 scontext=u:r:vendor_hal_perf_default:s0 tcontext=u:r:update_engine:s0 tclass=dir permissive=0
09-25 09:24:58.857  2866  2866 I notification_enqueue: [10463,13504,com.zenithblue.sambas3,2000,NULL,0,Notification(channel=rpcsx-progress shortcut=null contentView=null vibrate=null sound=null defaults=0 flags=ONGOING_EVENT|FOREGROUND_SERVICE|SILENT color=0x00000000 category=progress vis=PRIVATE),1,1]
09-25 09:24:59.015  1621  1621 I auditd  : type=1400 audit(0.0:6969687): avc:  denied  { search } for  comm="LightningLaunc" name="2458" dev="proc" ino=252926767 scontext=u:r:vendor_hal_perf_default:s0 tcontext=u:r:update_engine:s0 tclass=dir permissive=0
09-25 09:24:59.070  2866  2866 I notification_enqueue: [10463,13504,com.zenithblue.sambas3,2000,NULL,0,Notification(channel=rpcsx-progress shortcut=null contentView=null vibrate=null sound=null defaults=0 flags=ONGOING_EVENT|FOREGROUND_SERVICE|SILENT color=0x00000000 category=progress vis=PRIVATE),1,1]
09-25 09:24:59.223  1621  1621 I auditd  : type=1400 audit(0.0:6969688): avc:  denied  { search } for  comm="LightningLaunc" name="2458" dev="proc" ino=252926767 scontext=u:r:vendor_hal_perf_default:s0 tcontext=u:r:update_engine:s0 tclass=dir permissive=0
09-25 09:24:59.278  2866  2866 I notification_enqueue: [10463,13504,com.zenithblue.sambas3,2000,NULL,0,Notification(channel=rpcsx-progress shortcut=null contentView=null vibrate=null sound=null defaults=0 flags=ONGOING_EVENT|FOREGROUND_SERVICE|SILENT color=0x00000000 category=progress vis=PRIVATE),1,1]
09-25 09:24:59.427  1621  1621 I auditd  : type=1400 audit(0.0:6969689): avc:  denied  { search } for  comm="LightningLaunc" name="2458" dev="proc" ino=252926767 scontext=u:r:vendor_hal_perf_default:s0 tcontext=u:r:update_engine:s0 tclass=dir permissive=0
09-25 09:24:59.474  2866  2866 I notification_enqueue: [10463,13504,com.zenithblue.sambas3,2000,NULL,0,Notification(channel=rpcsx-progress shortcut=null contentView=null vibrate=null sound=null defaults=0 flags=ONGOING_EVENT|FOREGROUND_SERVICE|SILENT color=0x00000000 category=progress vis=PRIVATE),1,1]
09-25 09:24:59.631  1621  1621 I auditd  : type=1400 audit(0.0:6969690): avc:  denied  { search } for  comm="LightningLaunc" name="2458" dev="proc" ino=252926767 scontext=u:r:vendor_hal_perf_default:s0 tcontext=u:r:update_engine:s0 tclass=dir permissive=0
09-25 09:24:59.697  2866  2866 I notification_enqueue: [10463,13504,com.zenithblue.sambas3,2000,NULL,0,Notification(channel=rpcsx-progress shortcut=null contentView=null vibrate=null sound=null defaults=0 flags=ONGOING_EVENT|FOREGROUND_SERVICE|SILENT color=0x00000000 category=progress vis=PRIVATE),1,1]
09-25 09:24:59.839  1621  1621 I auditd  : type=1400 audit(0.0:6969691): avc:  denied  { search } for  comm="LightningLaunc" name="2458" dev="proc" ino=252926767 scontext=u:r:vendor_hal_perf_default:s0 tcontext=u:r:update_engine:s0 tclass=dir permissive=0
09-25 09:24:59.883  2866  2866 I notification_enqueue: [10463,13504,com.zenithblue.sambas3,2000,NULL,0,Notification(channel=rpcsx-progress shortcut=null contentView=null vibrate=null sound=null defaults=0 flags=ONGOING_EVENT|FOREGROUND_SERVICE|SILENT color=0x00000000 category=progress vis=PRIVATE),1,1]
09-25 09:25:00.043  1621  1621 I auditd  : type=1400 audit(0.0:6969692): avc:  denied  { search } for  comm="LightningLaunc" name="2458" dev="proc" ino=252926767 scontext=u:r:vendor_hal_perf_default:s0 tcontext=u:r:update_engine:s0 tclass=dir permissive=0
09-25 09:25:00.096  2866  2866 I notification_enqueue: [10463,13504,com.zenithblue.sambas3,2000,NULL,0,Notification(channel=rpcsx-progress shortcut=null contentView=null vibrate=null sound=null defaults=0 flags=ONGOING_EVENT|FOREGROUND_SERVICE|SILENT color=0x00000000 category=progress vis=PRIVATE),1,1]
09-25 09:25:00.247  1621  1621 I auditd  : type=1400 audit(0.0:6969693): avc:  denied  { search } for  comm="LightningLaunc" name="2458" dev="proc" ino=252926767 scontext=u:r:vendor_hal_perf_default:s0 tcontext=u:r:update_engine:s0 tclass=dir permissive=0
09-25 09:25:00.292  2866  2866 I notification_enqueue: [10463,13504,com.zenithblue.sambas3,2000,NULL,0,Notification(channel=rpcsx-progress shortcut=null contentView=null vibrate=null sound=null defaults=0 flags=ONGOING_EVENT|FOREGROUND_SERVICE|SILENT color=0x00000000 category=progress vis=PRIVATE),1,1]
09-25 09:25:00.451  1621  1621 I auditd  : type=1400 audit(0.0:6969694): avc:  denied  { search } for  comm="LightningLaunc" name="2458" dev="proc" ino=252926767 scontext=u:r:vendor_hal_perf_default:s0 tcontext=u:r:update_engine:s0 tclass=dir permissive=0
09-25 09:25:00.492  2866  2866 I notification_enqueue: [10463,13504,com.zenithblue.sambas3,2000,NULL,0,Notification(channel=rpcsx-progress shortcut=null contentView=null vibrate=null sound=null defaults=0 flags=ONGOING_EVENT|FOREGROUND_SERVICE|SILENT color=0x00000000 category=progress vis=PRIVATE),1,1]
09-25 09:25:00.655  1621  1621 I auditd  : type=1400 audit(0.0:6969695): avc:  denied  { search } for  comm="LightningLaunc" name="2458" dev="proc" ino=252926767 scontext=u:r:vendor_hal_perf_default:s0 tcontext=u:r:update_engine:s0 tclass=dir permissive=0
09-25 09:25:00.692  2866  2866 I notification_enqueue: [10463,13504,com.zenithblue.sambas3,2000,NULL,0,Notification(channel=rpcsx-progress shortcut=null contentView=null vibrate=null sound=null defaults=0 flags=ONGOING_EVENT|FOREGROUND_SERVICE|SILENT color=0x00000000 category=progress vis=PRIVATE),1,1]
09-25 09:25:00.834  2866 10258 I thermal_changed: [CPU7,0,95.000000,3,2]
09-25 09:25:00.859  1621  1621 I auditd  : type=1400 audit(0.0:6969696): avc:  denied  { search } for  comm="LightningLaunc" name="2458" dev="proc" ino=252926767 scontext=u:r:vendor_hal_perf_default:s0 tcontext=u:r:update_engine:s0 tclass=dir permissive=0
09-25 09:25:00.880  2866 10258 I thermal_changed: [CPU7,0,89.900002,0,2]
09-25 09:25:00.908  2866  2866 I notification_enqueue: [10463,13504,com.zenithblue.sambas3,2000,NULL,0,Notification(channel=rpcsx-progress shortcut=null contentView=null vibrate=null sound=null defaults=0 flags=ONGOING_EVENT|FOREGROUND_SERVICE|SILENT color=0x00000000 category=progress vis=PRIVATE),1,1]
09-25 09:25:00.972 13504 13627 I liblog  : 69
09-25 09:25:00.972 13504 13627 I liblog  : 2
09-25 09:25:00.972 13504 13627 I liblog  : 1
09-25 09:25:01.063  1621  1621 I auditd  : type=1400 audit(0.0:6969697): avc:  denied  { search } for  comm="LightningLaunc" name="2458" dev="proc" ino=252926767 scontext=u:r:vendor_hal_perf_default:s0 tcontext=u:r:update_engine:s0 tclass=dir permissive=0
09-25 09:25:01.275  1621  1621 I auditd  : type=1400 audit(0.0:6969698): avc:  denied  { search } for  comm="LightningLaunc" name="2458" dev="proc" ino=252926767 scontext=u:r:vendor_hal_perf_default:s0 tcontext=u:r:update_engine:s0 tclass=dir permissive=0
09-25 09:25:01.479  1621  1621 I auditd  : type=1400 audit(0.0:6969699): avc:  denied  { search } for  comm="LightningLaunc" name="2458" dev="proc" ino=252926767 scontext=u:r:vendor_hal_perf_default:s0 tcontext=u:r:update_engine:s0 tclass=dir permissive=0
09-25 09:25:01.691  1621  1621 I auditd  : type=1400 audit(0.0:6969700): avc:  denied  { search } for  comm="LightningLaunc" name="2458" dev="proc" ino=252926767 scontext=u:r:vendor_hal_perf_default:s0 tcontext=u:r:update_engine:s0 tclass=dir permissive=0
09-25 09:25:01.726  2866 10258 I thermal_changed: [CPU5,0,95.000000,3,2]
09-25 09:25:01.729  2866 10258 I thermal_changed: [CPU5,0,89.900002,0,2]
09-25 09:25:01.903  1621  1621 I auditd  : type=1400 audit(0.0:6969701): avc:  denied  { search } for  comm="LightningLaunc" name="2458" dev="proc" ino=252926767 scontext=u:r:vendor_hal_perf_default:s0 tcontext=u:r:update_engine:s0 tclass=dir permissive=0
09-25 09:25:01.989  2866 12110 I thermal_changed: [skin,3,50.166000,3,2]
09-25 09:25:01.992  2866 12110 I thermal_changed: [CPU5,0,95.000000,3,3]
09-25 09:25:02.000  2866 10258 I thermal_changed: [CPU5,0,89.900002,0,3]
09-25 09:25:02.111  1621  1621 I auditd  : type=1400 audit(0.0:6969702): avc:  denied  { search } for  comm="LightningLaunc" name="2458" dev="proc" ino=252926767 scontext=u:r:vendor_hal_perf_default:s0 tcontext=u:r:update_engine:s0 tclass=dir permissive=0
09-25 09:25:02.190  2866 10258 I thermal_changed: [CPU5,0,95.000000,3,3]
09-25 09:25:02.196  2866 10258 I thermal_changed: [CPU5,0,89.900002,0,3]
09-25 09:25:02.320  2866 10258 I thermal_changed: [CPU5,0,95.000000,3,3]
09-25 09:25:02.319  1621  1621 I auditd  : type=1400 audit(0.0:6969703): avc:  denied  { search } for  comm="LightningLaunc" name="2458" dev="proc" ino=252926767 scontext=u:r:vendor_hal_perf_default:s0 tcontext=u:r:update_engine:s0 tclass=dir permissive=0
09-25 09:25:02.333  2866 10258 I thermal_changed: [CPU5,0,89.900002,0,3]
09-25 09:25:02.465  2866 10258 I thermal_changed: [CPU5,0,95.000000,3,3]
09-25 09:25:02.478  2866 10258 I thermal_changed: [CPU5,0,89.599998,0,3]
09-25 09:25:02.484  2866 10258 I thermal_changed: [CPU5,0,95.000000,3,3]
09-25 09:25:02.487  2866 10258 I thermal_changed: [CPU5,0,89.900002,0,3]
09-25 09:25:02.531  1621  1621 I auditd  : type=1400 audit(0.0:6969704): avc:  denied  { search } for  comm="LightningLaunc" name="2458" dev="proc" ino=252926767 scontext=u:r:vendor_hal_perf_default:s0 tcontext=u:r:update_engine:s0 tclass=dir permissive=0
09-25 09:25:02.599  2866 10258 I thermal_changed: [CPU5,0,95.000000,3,3]
09-25 09:25:02.605  2866 10258 I thermal_changed: [CPU5,0,89.900002,0,3]
09-25 09:25:02.660  2866 10258 I thermal_changed: [CPU5,0,95.000000,3,3]
09-25 09:25:02.670  2866 10258 I thermal_changed: [CPU5,0,89.900002,0,3]
09-25 09:25:02.739  1621  1621 I auditd  : type=1400 audit(0.0:6969705): avc:  denied  { search } for  comm="LightningLaunc" name="2458" dev="proc" ino=252926767 scontext=u:r:vendor_hal_perf_default:s0 tcontext=u:r:update_engine:s0 tclass=dir permissive=0
09-25 09:25:02.809  2866  6863 I thermal_changed: [CPU5,0,95.000000,3,3]
09-25 09:25:02.822  2866  6863 I thermal_changed: [CPU5,0,89.900002,0,3]
09-25 09:25:02.852  2866  6863 I thermal_changed: [CPU5,0,95.000000,3,3]
09-25 09:25:02.854  2866  6863 I thermal_changed: [CPU5,0,89.900002,0,3]
09-25 09:25:02.858  2866  6863 I thermal_changed: [CPU5,0,95.000000,3,3]
09-25 09:25:02.863  2866  6863 I thermal_changed: [CPU5,0,89.900002,0,3]
09-25 09:25:02.947  1621  1621 I auditd  : type=1400 audit(0.0:6969706): avc:  denied  { search } for  comm="LightningLaunc" name="2458" dev="proc" ino=252926767 scontext=u:r:vendor_hal_perf_default:s0 tcontext=u:r:update_engine:s0 tclass=dir permissive=0
09-25 09:25:03.155  1621  1621 I auditd  : type=1400 audit(0.0:6969707): avc:  denied  { search } for  comm="LightningLaunc" name="2458" dev="proc" ino=252926767 scontext=u:r:vendor_hal_perf_default:s0 tcontext=u:r:update_engine:s0 tclass=dir permissive=0
09-25 09:25:03.367  1621  1621 I auditd  : type=1400 audit(0.0:6969708): avc:  denied  { search } for  comm="LightningLaunc" name="2458" dev="proc" ino=252926767 scontext=u:r:vendor_hal_perf_default:s0 tcontext=u:r:update_engine:s0 tclass=dir permissive=0
09-25 09:25:03.579  1621  1621 I auditd  : type=1400 audit(0.0:6969709): avc:  denied  { search } for  comm="LightningLaunc" name="2458" dev="proc" ino=252926767 scontext=u:r:vendor_hal_perf_default:s0 tcontext=u:r:update_engine:s0 tclass=dir permissive=0
09-25 09:25:03.787  1621  1621 I auditd  : type=1400 audit(0.0:6969710): avc:  denied  { search } for  comm="LightningLaunc" name="2458" dev="proc" ino=252926767 scontext=u:r:vendor_hal_perf_default:s0 tcontext=u:r:update_engine:s0 tclass=dir permissive=0
09-25 09:25:03.999  1621  1621 I auditd  : type=1400 audit(0.0:6969711): avc:  denied  { search } for  comm="LightningLaunc" name="2458" dev="proc" ino=252926767 scontext=u:r:vendor_hal_perf_default:s0 tcontext=u:r:update_engine:s0 tclass=dir permissive=0
09-25 09:25:04.014  2866 10258 I am_foreground_service_stop: [0,com.zenithblue.sambas3/.CompilationMonitorService,1,PROC_STATE_TOP,37,37,0,0,40043,1,STOP_FOREGROUND,1073741824]
09-25 09:25:04.016  2866  2866 I sysui_multi_action: [757,128,758,5,759,8,793,40043,794,0,795,3108,796,2000,806,com.zenithblue.sambas3,857,rpcsx-progress,858,2,946,0|com.zenithblue.sambas3|g:-2cabb91e,947,0,1500,3108,1641,progress,1688,1,1745,2098068913]
09-25 09:25:04.016  2866  2866 I notification_canceled: [0|com.zenithblue.sambas3|2000|null|10463,8,40043,3108,0,-1,-1,NULL]
09-25 09:25:04.024  2866  2866 I notification_enqueue: [10463,13504,com.zenithblue.sambas3,1,0|com.zenithblue.sambas3|g:Aggregate_SilentSection,0,Notification(channel=rpcsx-game shortcut=null contentView=null vibrate=null sound=null defaults=0 flags=ONGOING_EVENT|NO_CLEAR|LOCAL_ONLY|GROUP_SUMMARY|AUTOGROUP_SUMMARY|SILENT color=0x00000000 groupKey=0|com.zenithblue.sambas3|g:Aggregate_SilentSection vis=PRIVATE),1,0]
09-25 09:25:04.207  1621  1621 I auditd  : type=1400 audit(0.0:6969712): avc:  denied  { search } for  comm="LightningLaunc" name="2458" dev="proc" ino=252926767 scontext=u:r:vendor_hal_perf_default:s0 tcontext=u:r:update_engine:s0 tclass=dir permissive=0
09-25 09:25:04.419  1621  1621 I auditd  : type=1400 audit(0.0:6969713): avc:  denied  { search } for  comm="LightningLaunc" name="2458" dev="proc" ino=252926767 scontext=u:r:vendor_hal_perf_default:s0 tcontext=u:r:update_engine:s0 tclass=dir permissive=0
09-25 09:25:04.627  1621  1621 I auditd  : type=1400 audit(0.0:6969714): avc:  denied  { search } for  comm="LightningLaunc" name="2458" dev="proc" ino=252926767 scontext=u:r:vendor_hal_perf_default:s0 tcontext=u:r:update_engine:s0 tclass=dir permissive=0
09-25 09:25:04.835  1621  1621 I auditd  : type=1400 audit(0.0:6969715): avc:  denied  { search } for  comm="LightningLaunc" name="2458" dev="proc" ino=252926767 scontext=u:r:vendor_hal_perf_default:s0 tcontext=u:r:update_engine:s0 tclass=dir permissive=0
09-25 09:25:05.043  1621  1621 I auditd  : type=1400 audit(0.0:6969716): avc:  denied  { search } for  comm="LightningLaunc" name="2458" dev="proc" ino=252926767 scontext=u:r:vendor_hal_perf_default:s0 tcontext=u:r:update_engine:s0 tclass=dir permissive=0
09-25 09:25:05.251  1621  1621 I auditd  : type=1400 audit(0.0:6969717): avc:  denied  { search } for  comm="LightningLaunc" name="2458" dev="proc" ino=252926767 scontext=u:r:vendor_hal_perf_default:s0 tcontext=u:r:update_engine:s0 tclass=dir permissive=0
09-25 09:25:05.459  1621  1621 I auditd  : type=1400 audit(0.0:6969718): avc:  denied  { search } for  comm="LightningLaunc" name="2458" dev="proc" ino=252926767 scontext=u:r:vendor_hal_perf_default:s0 tcontext=u:r:update_engine:s0 tclass=dir permissive=0
09-25 09:25:05.671  1621  1621 I auditd  : type=1400 audit(0.0:6969719): avc:  denied  { search } for  comm="LightningLaunc" name="2458" dev="proc" ino=252926767 scontext=u:r:vendor_hal_perf_default:s0 tcontext=u:r:update_engine:s0 tclass=dir permissive=0
09-25 09:25:05.883  1621  1621 I auditd  : type=1400 audit(0.0:6969720): avc:  denied  { search } for  comm="LightningLaunc" name="2458" dev="proc" ino=252926767 scontext=u:r:vendor_hal_perf_default:s0 tcontext=u:r:update_engine:s0 tclass=dir permissive=0
09-25 09:25:06.091  1621  1621 I auditd  : type=1400 audit(0.0:6969721): avc:  denied  { search } for  comm="LightningLaunc" name="2458" dev="proc" ino=252926767 scontext=u:r:vendor_hal_perf_default:s0 tcontext=u:r:update_engine:s0 tclass=dir permissive=0
09-25 09:25:06.299  1621  1621 I auditd  : type=1400 audit(0.0:6969722): avc:  denied  { search } for  comm="LightningLaunc" name="2458" dev="proc" ino=252926767 scontext=u:r:vendor_hal_perf_default:s0 tcontext=u:r:update_engine:s0 tclass=dir permissive=0
09-25 09:25:06.507  1621  1621 I auditd  : type=1400 audit(0.0:6969723): avc:  denied  { search } for  comm="LightningLaunc" name="2458" dev="proc" ino=252926767 scontext=u:r:vendor_hal_perf_default:s0 tcontext=u:r:update_engine:s0 tclass=dir permissive=0
09-25 09:25:06.719  1621  1621 I auditd  : type=1400 audit(0.0:6969726): avc:  denied  { search } for  comm="LightningLaunc" name="2458" dev="proc" ino=252926767 scontext=u:r:vendor_hal_perf_default:s0 tcontext=u:r:update_engine:s0 tclass=dir permissive=0
09-25 09:25:06.927  1621  1621 I auditd  : type=1400 audit(0.0:6969727): avc:  denied  { search } for  comm="LightningLaunc" name="2458" dev="proc" ino=252926767 scontext=u:r:vendor_hal_perf_default:s0 tcontext=u:r:update_engine:s0 tclass=dir permissive=0
09-25 09:25:07.135  1621  1621 I auditd  : type=1400 audit(0.0:6969728): avc:  denied  { search } for  comm="LightningLaunc" name="2458" dev="proc" ino=252926767 scontext=u:r:vendor_hal_perf_default:s0 tcontext=u:r:update_engine:s0 tclass=dir permissive=0
09-25 09:25:07.343  1621  1621 I auditd  : type=1400 audit(0.0:6969729): avc:  denied  { search } for  comm="LightningLaunc" name="2458" dev="proc" ino=252926767 scontext=u:r:vendor_hal_perf_default:s0 tcontext=u:r:update_engine:s0 tclass=dir permissive=0
09-25 09:25:07.551  1621  1621 I auditd  : type=1400 audit(0.0:6969730): avc:  denied  { search } for  comm="LightningLaunc" name="2458" dev="proc" ino=252926767 scontext=u:r:vendor_hal_perf_default:s0 tcontext=u:r:update_engine:s0 tclass=dir permissive=0
09-25 09:25:07.759  1621  1621 I auditd  : type=1400 audit(0.0:6969731): avc:  denied  { search } for  comm="LightningLaunc" name="2458" dev="proc" ino=252926767 scontext=u:r:vendor_hal_perf_default:s0 tcontext=u:r:update_engine:s0 tclass=dir permissive=0
09-25 09:25:07.971  1621  1621 I auditd  : type=1400 audit(0.0:6969732): avc:  denied  { search } for  comm="LightningLaunc" name="2458" dev="proc" ino=252926767 scontext=u:r:vendor_hal_perf_default:s0 tcontext=u:r:update_engine:s0 tclass=dir permissive=0
09-25 09:25:08.179  1621  1621 I auditd  : type=1400 audit(0.0:6969733): avc:  denied  { search } for  comm="LightningLaunc" name="2458" dev="proc" ino=252926767 scontext=u:r:vendor_hal_perf_default:s0 tcontext=u:r:update_engine:s0 tclass=dir permissive=0
09-25 09:25:08.387  1621  1621 I auditd  : type=1400 audit(0.0:6969734): avc:  denied  { search } for  comm="LightningLaunc" name="2458" dev="proc" ino=252926767 scontext=u:r:vendor_hal_perf_default:s0 tcontext=u:r:update_engine:s0 tclass=dir permissive=0
09-25 09:25:08.595  1621  1621 I auditd  : type=1400 audit(0.0:6969735): avc:  denied  { search } for  comm="LightningLaunc" name="2458" dev="proc" ino=252926767 scontext=u:r:vendor_hal_perf_default:s0 tcontext=u:r:update_engine:s0 tclass=dir permissive=0
09-25 09:25:08.803  1621  1621 I auditd  : type=1400 audit(0.0:6969736): avc:  denied  { search } for  comm="LightningLaunc" name="2458" dev="proc" ino=252926767 scontext=u:r:vendor_hal_perf_default:s0 tcontext=u:r:update_engine:s0 tclass=dir permissive=0
09-25 09:25:09.015  1621  1621 I auditd  : type=1400 audit(0.0:6969737): avc:  denied  { search } for  comm="LightningLaunc" name="2458" dev="proc" ino=252926767 scontext=u:r:vendor_hal_perf_default:s0 tcontext=u:r:update_engine:s0 tclass=dir permissive=0
09-25 09:25:09.223  1621  1621 I auditd  : type=1400 audit(0.0:6969738): avc:  denied  { search } for  comm="LightningLaunc" name="2458" dev="proc" ino=252926767 scontext=u:r:vendor_hal_perf_default:s0 tcontext=u:r:update_engine:s0 tclass=dir permissive=0
09-25 09:25:09.431  1621  1621 I auditd  : type=1400 audit(0.0:6969739): avc:  denied  { search } for  comm="LightningLaunc" name="2458" dev="proc" ino=252926767 scontext=u:r:vendor_hal_perf_default:s0 tcontext=u:r:update_engine:s0 tclass=dir permissive=0
09-25 09:25:09.643  1621  1621 I auditd  : type=1400 audit(0.0:6969740): avc:  denied  { search } for  comm="LightningLaunc" name="2458" dev="proc" ino=252926767 scontext=u:r:vendor_hal_perf_default:s0 tcontext=u:r:update_engine:s0 tclass=dir permissive=0
09-25 09:25:09.851  1621  1621 I auditd  : type=1400 audit(0.0:6969741): avc:  denied  { search } for  comm="LightningLaunc" name="2458" dev="proc" ino=252926767 scontext=u:r:vendor_hal_perf_default:s0 tcontext=u:r:update_engine:s0 tclass=dir permissive=0
09-25 09:25:10.059  1621  1621 I auditd  : type=1400 audit(0.0:6969742): avc:  denied  { search } for  comm="LightningLaunc" name="2458" dev="proc" ino=252926767 scontext=u:r:vendor_hal_perf_default:s0 tcontext=u:r:update_engine:s0 tclass=dir permissive=0
09-25 09:25:10.271  1621  1621 I auditd  : type=1400 audit(0.0:6969743): avc:  denied  { search } for  comm="LightningLaunc" name="2458" dev="proc" ino=252926767 scontext=u:r:vendor_hal_perf_default:s0 tcontext=u:r:update_engine:s0 tclass=dir permissive=0
09-25 09:25:10.479  1621  1621 I auditd  : type=1400 audit(0.0:6969744): avc:  denied  { search } for  comm="LightningLaunc" name="2458" dev="proc" ino=252926767 scontext=u:r:vendor_hal_perf_default:s0 tcontext=u:r:update_engine:s0 tclass=dir permissive=0
09-25 09:25:10.687  1621  1621 I auditd  : type=1400 audit(0.0:6969745): avc:  denied  { search } for  comm="LightningLaunc" name="2458" dev="proc" ino=252926767 scontext=u:r:vendor_hal_perf_default:s0 tcontext=u:r:update_engine:s0 tclass=dir permissive=0
09-25 09:25:10.895  1621  1621 I auditd  : type=1400 audit(0.0:6969746): avc:  denied  { search } for  comm="LightningLaunc" name="2458" dev="proc" ino=252926767 scontext=u:r:vendor_hal_perf_default:s0 tcontext=u:r:update_engine:s0 tclass=dir permissive=0
09-25 09:25:11.103  1621  1621 I auditd  : type=1400 audit(0.0:6969747): avc:  denied  { search } for  comm="LightningLaunc" name="2458" dev="proc" ino=252926767 scontext=u:r:vendor_hal_perf_default:s0 tcontext=u:r:update_engine:s0 tclass=dir permissive=0
09-25 09:25:11.311  1621  1621 I auditd  : type=1400 audit(0.0:6969748): avc:  denied  { search } for  comm="LightningLaunc" name="2458" dev="proc" ino=252926767 scontext=u:r:vendor_hal_perf_default:s0 tcontext=u:r:update_engine:s0 tclass=dir permissive=0
09-25 09:25:11.519  1621  1621 I auditd  : type=1400 audit(0.0:6969749): avc:  denied  { search } for  comm="LightningLaunc" name="2458" dev="proc" ino=252926767 scontext=u:r:vendor_hal_perf_default:s0 tcontext=u:r:update_engine:s0 tclass=dir permissive=0
09-25 09:25:11.727  1621  1621 I auditd  : type=1400 audit(0.0:6969750): avc:  denied  { search } for  comm="LightningLaunc" name="2458" dev="proc" ino=252926767 scontext=u:r:vendor_hal_perf_default:s0 tcontext=u:r:update_engine:s0 tclass=dir permissive=0
09-25 09:25:11.935  1621  1621 I auditd  : type=1400 audit(0.0:6969751): avc:  denied  { search } for  comm="LightningLaunc" name="2458" dev="proc" ino=252926767 scontext=u:r:vendor_hal_perf_default:s0 tcontext=u:r:update_engine:s0 tclass=dir permissive=0
09-25 09:25:12.143  1621  1621 I auditd  : type=1400 audit(0.0:6969752): avc:  denied  { search } for  comm="LightningLaunc" name="2458" dev="proc" ino=252926767 scontext=u:r:vendor_hal_perf_default:s0 tcontext=u:r:update_engine:s0 tclass=dir permissive=0
09-25 09:25:12.355  1621  1621 I auditd  : type=1400 audit(0.0:6969753): avc:  denied  { search } for  comm="LightningLaunc" name="2458" dev="proc" ino=252926767 scontext=u:r:vendor_hal_perf_default:s0 tcontext=u:r:update_engine:s0 tclass=dir permissive=0
09-25 09:25:12.563  1621  1621 I auditd  : type=1400 audit(0.0:6969754): avc:  denied  { search } for  comm="LightningLaunc" name="2458" dev="proc" ino=252926767 scontext=u:r:vendor_hal_perf_default:s0 tcontext=u:r:update_engine:s0 tclass=dir permissive=0
09-25 09:25:12.771  1621  1621 I auditd  : type=1400 audit(0.0:6969755): avc:  denied  { search } for  comm="LightningLaunc" name="2458" dev="proc" ino=252926767 scontext=u:r:vendor_hal_perf_default:s0 tcontext=u:r:update_engine:s0 tclass=dir permissive=0
09-25 09:25:12.979  1621  1621 I auditd  : type=1400 audit(0.0:6969756): avc:  denied  { search } for  comm="LightningLaunc" name="2458" dev="proc" ino=252926767 scontext=u:r:vendor_hal_perf_default:s0 tcontext=u:r:update_engine:s0 tclass=dir permissive=0
09-25 09:25:13.187  1621  1621 I auditd  : type=1400 audit(0.0:6969757): avc:  denied  { search } for  comm="LightningLaunc" name="2458" dev="proc" ino=252926767 scontext=u:r:vendor_hal_perf_default:s0 tcontext=u:r:update_engine:s0 tclass=dir permissive=0
09-25 09:25:13.395  1621  1621 I auditd  : type=1400 audit(0.0:6969758): avc:  denied  { search } for  comm="LightningLaunc" name="2458" dev="proc" ino=252926767 scontext=u:r:vendor_hal_perf_default:s0 tcontext=u:r:update_engine:s0 tclass=dir permissive=0
09-25 09:25:13.607  1621  1621 I auditd  : type=1400 audit(0.0:6969759): avc:  denied  { search } for  comm="LightningLaunc" name="2458" dev="proc" ino=252926767 scontext=u:r:vendor_hal_perf_default:s0 tcontext=u:r:update_engine:s0 tclass=dir permissive=0
09-25 09:25:13.815  1621  1621 I auditd  : type=1400 audit(0.0:6969760): avc:  denied  { search } for  comm="LightningLaunc" name="2458" dev="proc" ino=252926767 scontext=u:r:vendor_hal_perf_default:s0 tcontext=u:r:update_engine:s0 tclass=dir permissive=0
09-25 09:25:13.822  2866 10258 I thermal_changed: [skin,3,47.896999,2,3]
09-25 09:25:14.027  1621  1621 I auditd  : type=1400 audit(0.0:6969761): avc:  denied  { search } for  comm="LightningLaunc" name="2458" dev="proc" ino=252926767 scontext=u:r:vendor_hal_perf_default:s0 tcontext=u:r:update_engine:s0 tclass=dir permissive=0
09-25 09:25:14.235  1621  1621 I auditd  : type=1400 audit(0.0:6969762): avc:  denied  { search } for  comm="LightningLaunc" name="2458" dev="proc" ino=252926767 scontext=u:r:vendor_hal_perf_default:s0 tcontext=u:r:update_engine:s0 tclass=dir permissive=0
09-25 09:25:14.443  1621  1621 I auditd  : type=1400 audit(0.0:6969763): avc:  denied  { search } for  comm="LightningLaunc" name="2458" dev="proc" ino=252926767 scontext=u:r:vendor_hal_perf_default:s0 tcontext=u:r:update_engine:s0 tclass=dir permissive=0
09-25 09:25:14.651  1621  1621 I auditd  : type=1400 audit(0.0:6969764): avc:  denied  { search } for  comm="LightningLaunc" name="2458" dev="proc" ino=252926767 scontext=u:r:vendor_hal_perf_default:s0 tcontext=u:r:update_engine:s0 tclass=dir permissive=0
09-25 09:25:14.863  1621  1621 I auditd  : type=1400 audit(0.0:6969765): avc:  denied  { search } for  comm="LightningLaunc" name="2458" dev="proc" ino=252926767 scontext=u:r:vendor_hal_perf_default:s0 tcontext=u:r:update_engine:s0 tclass=dir permissive=0
09-25 09:25:15.071  1621  1621 I auditd  : type=1400 audit(0.0:6969766): avc:  denied  { search } for  comm="LightningLaunc" name="2458" dev="proc" ino=252926767 scontext=u:r:vendor_hal_perf_default:s0 tcontext=u:r:update_engine:s0 tclass=dir permissive=0
09-25 09:25:15.139 13504 13504 I auditd  : type=1400 audit(0.0:6969767): avc:  denied  { search } for  comm="DefaultDispatch" name="zram0" dev="sysfs" ino=107524 scontext=u:r:untrusted_app:s0:c207,c257,c512,c768 tcontext=u:object_r:sysfs_zram:s0 tclass=dir permissive=0 app=com.zenithblue.sambas3
09-25 09:25:15.139 13504 13504 I auditd  : type=1400 audit(0.0:6969768): avc:  denied  { search } for  comm="DefaultDispatch" name="zram0" dev="sysfs" ino=107524 scontext=u:r:untrusted_app:s0:c207,c257,c512,c768 tcontext=u:object_r:sysfs_zram:s0 tclass=dir permissive=0 app=com.zenithblue.sambas3
09-25 09:25:15.279  1621  1621 I auditd  : type=1400 audit(0.0:6969769): avc:  denied  { search } for  comm="LightningLaunc" name="2458" dev="proc" ino=252926767 scontext=u:r:vendor_hal_perf_default:s0 tcontext=u:r:update_engine:s0 tclass=dir permissive=0
09-25 09:25:15.487  1621  1621 I auditd  : type=1400 audit(0.0:6969770): avc:  denied  { search } for  comm="LightningLaunc" name="2458" dev="proc" ino=252926767 scontext=u:r:vendor_hal_perf_default:s0 tcontext=u:r:update_engine:s0 tclass=dir permissive=0
09-25 09:25:16.119  1621  1621 I auditd  : type=1400 audit(0.0:6969773): avc:  denied  { search } for  comm="LightningLaunc" name="2458" dev="proc" ino=252926767 scontext=u:r:vendor_hal_perf_default:s0 tcontext=u:r:update_engine:s0 tclass=dir permissive=0
09-25 09:25:16.327  1621  1621 I auditd  : type=1400 audit(0.0:6969774): avc:  denied  { search } for  comm="LightningLaunc" name="2458" dev="proc" ino=252926767 scontext=u:r:vendor_hal_perf_default:s0 tcontext=u:r:update_engine:s0 tclass=dir permissive=0
09-25 09:25:16.539  1621  1621 I auditd  : type=1400 audit(0.0:6969775): avc:  denied  { search } for  comm="LightningLaunc" name="2458" dev="proc" ino=252926767 scontext=u:r:vendor_hal_perf_default:s0 tcontext=u:r:update_engine:s0 tclass=dir permissive=0
09-25 09:25:16.747  1621  1621 I auditd  : type=1400 audit(0.0:6969776): avc:  denied  { search } for  comm="LightningLaunc" name="2458" dev="proc" ino=252926767 scontext=u:r:vendor_hal_perf_default:s0 tcontext=u:r:update_engine:s0 tclass=dir permissive=0
09-25 09:25:16.959  1621  1621 I auditd  : type=1400 audit(0.0:6969777): avc:  denied  { search } for  comm="LightningLaunc" name="2458" dev="proc" ino=252926767 scontext=u:r:vendor_hal_perf_default:s0 tcontext=u:r:update_engine:s0 tclass=dir permissive=0
09-25 09:25:17.167  1621  1621 I auditd  : type=1400 audit(0.0:6969778): avc:  denied  { search } for  comm="LightningLaunc" name="2458" dev="proc" ino=252926767 scontext=u:r:vendor_hal_perf_default:s0 tcontext=u:r:update_engine:s0 tclass=dir permissive=0
09-25 09:25:17.375  1621  1621 I auditd  : type=1400 audit(0.0:6969779): avc:  denied  { search } for  comm="LightningLaunc" name="2458" dev="proc" ino=252926767 scontext=u:r:vendor_hal_perf_default:s0 tcontext=u:r:update_engine:s0 tclass=dir permissive=0
09-25 09:25:17.583  1621  1621 I auditd  : type=1400 audit(0.0:6969780): avc:  denied  { search } for  comm="LightningLaunc" name="2458" dev="proc" ino=252926767 scontext=u:r:vendor_hal_perf_default:s0 tcontext=u:r:update_engine:s0 tclass=dir permissive=0
09-25 09:25:17.791  1621  1621 I auditd  : type=1400 audit(0.0:6969781): avc:  denied  { search } for  comm="LightningLaunc" name="2458" dev="proc" ino=252926767 scontext=u:r:vendor_hal_perf_default:s0 tcontext=u:r:update_engine:s0 tclass=dir permissive=0
09-25 09:25:17.999  1621  1621 I auditd  : type=1400 audit(0.0:6969782): avc:  denied  { search } for  comm="LightningLaunc" name="2458" dev="proc" ino=252926767 scontext=u:r:vendor_hal_perf_default:s0 tcontext=u:r:update_engine:s0 tclass=dir permissive=0
09-25 09:25:18.207  1621  1621 I auditd  : type=1400 audit(0.0:6969783): avc:  denied  { search } for  comm="LightningLaunc" name="2458" dev="proc" ino=252926767 scontext=u:r:vendor_hal_perf_default:s0 tcontext=u:r:update_engine:s0 tclass=dir permissive=0
09-25 09:25:18.415  1621  1621 I auditd  : type=1400 audit(0.0:6969784): avc:  denied  { search } for  comm="LightningLaunc" name="2458" dev="proc" ino=252926767 scontext=u:r:vendor_hal_perf_default:s0 tcontext=u:r:update_engine:s0 tclass=dir permissive=0
09-25 09:25:18.627  1621  1621 I auditd  : type=1400 audit(0.0:6969785): avc:  denied  { search } for  comm="LightningLaunc" name="2458" dev="proc" ino=252926767 scontext=u:r:vendor_hal_perf_default:s0 tcontext=u:r:update_engine:s0 tclass=dir permissive=0
09-25 09:25:18.835  1621  1621 I auditd  : type=1400 audit(0.0:6969786): avc:  denied  { search } for  comm="LightningLaunc" name="2458" dev="proc" ino=252926767 scontext=u:r:vendor_hal_perf_default:s0 tcontext=u:r:update_engine:s0 tclass=dir permissive=0
09-25 09:25:19.043  1621  1621 I auditd  : type=1400 audit(0.0:6969787): avc:  denied  { search } for  comm="LightningLaunc" name="2458" dev="proc" ino=252926767 scontext=u:r:vendor_hal_perf_default:s0 tcontext=u:r:update_engine:s0 tclass=dir permissive=0
09-25 09:25:19.255  1621  1621 I auditd  : type=1400 audit(0.0:6969788): avc:  denied  { search } for  comm="LightningLaunc" name="2458" dev="proc" ino=252926767 scontext=u:r:vendor_hal_perf_default:s0 tcontext=u:r:update_engine:s0 tclass=dir permissive=0
09-25 09:25:19.467  1621  1621 I auditd  : type=1400 audit(0.0:6969789): avc:  denied  { search } for  comm="LightningLaunc" name="2458" dev="proc" ino=252926767 scontext=u:r:vendor_hal_perf_default:s0 tcontext=u:r:update_engine:s0 tclass=dir permissive=0
09-25 09:25:19.675  1621  1621 I auditd  : type=1400 audit(0.0:6969790): avc:  denied  { search } for  comm="LightningLaunc" name="2458" dev="proc" ino=252926767 scontext=u:r:vendor_hal_perf_default:s0 tcontext=u:r:update_engine:s0 tclass=dir permissive=0
09-25 09:25:19.683  2866  9069 I thermal_changed: [skin,3,46.921001,1,2]
09-25 09:25:19.883  1621  1621 I auditd  : type=1400 audit(0.0:6969791): avc:  denied  { search } for  comm="LightningLaunc" name="2458" dev="proc" ino=252926767 scontext=u:r:vendor_hal_perf_default:s0 tcontext=u:r:update_engine:s0 tclass=dir permissive=0
09-25 09:25:20.091  1621  1621 I auditd  : type=1400 audit(0.0:6969792): avc:  denied  { search } for  comm="LightningLaunc" name="2458" dev="proc" ino=252926767 scontext=u:r:vendor_hal_perf_default:s0 tcontext=u:r:update_engine:s0 tclass=dir permissive=0
09-25 09:25:20.303  1621  1621 I auditd  : type=1400 audit(0.0:6969793): avc:  denied  { search } for  comm="LightningLaunc" name="2458" dev="proc" ino=252926767 scontext=u:r:vendor_hal_perf_default:s0 tcontext=u:r:update_engine:s0 tclass=dir permissive=0
09-25 09:25:20.511  1621  1621 I auditd  : type=1400 audit(0.0:6969794): avc:  denied  { search } for  comm="LightningLaunc" name="2458" dev="proc" ino=252926767 scontext=u:r:vendor_hal_perf_default:s0 tcontext=u:r:update_engine:s0 tclass=dir permissive=0
09-25 09:25:20.719  1621  1621 I auditd  : type=1400 audit(0.0:6969795): avc:  denied  { search } for  comm="LightningLaunc" name="2458" dev="proc" ino=252926767 scontext=u:r:vendor_hal_perf_default:s0 tcontext=u:r:update_engine:s0 tclass=dir permissive=0
09-25 09:25:20.931  1621  1621 I auditd  : type=1400 audit(0.0:6969796): avc:  denied  { search } for  comm="LightningLaunc" name="2458" dev="proc" ino=252926767 scontext=u:r:vendor_hal_perf_default:s0 tcontext=u:r:update_engine:s0 tclass=dir permissive=0
09-25 09:25:21.139  1621  1621 I auditd  : type=1400 audit(0.0:6969797): avc:  denied  { search } for  comm="LightningLaunc" name="2458" dev="proc" ino=252926767 scontext=u:r:vendor_hal_perf_default:s0 tcontext=u:r:update_engine:s0 tclass=dir permissive=0
09-25 09:25:21.347  1621  1621 I auditd  : type=1400 audit(0.0:6969798): avc:  denied  { search } for  comm="LightningLaunc" name="2458" dev="proc" ino=252926767 scontext=u:r:vendor_hal_perf_default:s0 tcontext=u:r:update_engine:s0 tclass=dir permissive=0
09-25 09:25:21.555  1621  1621 I auditd  : type=1400 audit(0.0:6969799): avc:  denied  { search } for  comm="LightningLaunc" name="2458" dev="proc" ino=252926767 scontext=u:r:vendor_hal_perf_default:s0 tcontext=u:r:update_engine:s0 tclass=dir permissive=0
09-25 09:25:21.763  1621  1621 I auditd  : type=1400 audit(0.0:6969800): avc:  denied  { search } for  comm="LightningLaunc" name="2458" dev="proc" ino=252926767 scontext=u:r:vendor_hal_perf_default:s0 tcontext=u:r:update_engine:s0 tclass=dir permissive=0
09-25 09:25:21.971  1621  1621 I auditd  : type=1400 audit(0.0:6969801): avc:  denied  { search } for  comm="LightningLaunc" name="2458" dev="proc" ino=252926767 scontext=u:r:vendor_hal_perf_default:s0 tcontext=u:r:update_engine:s0 tclass=dir permissive=0
09-25 09:25:22.183  1621  1621 I auditd  : type=1400 audit(0.0:6969802): avc:  denied  { search } for  comm="LightningLaunc" name="2458" dev="proc" ino=252926767 scontext=u:r:vendor_hal_perf_default:s0 tcontext=u:r:update_engine:s0 tclass=dir permissive=0
09-25 09:25:22.391  1621  1621 I auditd  : type=1400 audit(0.0:6969803): avc:  denied  { search } for  comm="LightningLaunc" name="2458" dev="proc" ino=252926767 scontext=u:r:vendor_hal_perf_default:s0 tcontext=u:r:update_engine:s0 tclass=dir permissive=0
09-25 09:25:22.599  1621  1621 I auditd  : type=1400 audit(0.0:6969804): avc:  denied  { search } for  comm="LightningLaunc" name="2458" dev="proc" ino=252926767 scontext=u:r:vendor_hal_perf_default:s0 tcontext=u:r:update_engine:s0 tclass=dir permissive=0
09-25 09:25:22.614  2866  3612 I commit_sys_config_file: [settings-0-0,7]
09-25 09:25:22.807  1621  1621 I auditd  : type=1400 audit(0.0:6969805): avc:  denied  { search } for  comm="LightningLaunc" name="2458" dev="proc" ino=252926767 scontext=u:r:vendor_hal_perf_default:s0 tcontext=u:r:update_engine:s0 tclass=dir permissive=0
09-25 09:25:23.015  1621  1621 I auditd  : type=1400 audit(0.0:6969806): avc:  denied  { search } for  comm="LightningLaunc" name="2458" dev="proc" ino=252926767 scontext=u:r:vendor_hal_perf_default:s0 tcontext=u:r:update_engine:s0 tclass=dir permissive=0
09-25 09:25:23.223  1621  1621 I auditd  : type=1400 audit(0.0:6969807): avc:  denied  { search } for  comm="LightningLaunc" name="2458" dev="proc" ino=252926767 scontext=u:r:vendor_hal_perf_default:s0 tcontext=u:r:update_engine:s0 tclass=dir permissive=0
09-25 09:25:23.431  1621  1621 I auditd  : type=1400 audit(0.0:6969808): avc:  denied  { search } for  comm="LightningLaunc" name="2458" dev="proc" ino=252926767 scontext=u:r:vendor_hal_perf_default:s0 tcontext=u:r:update_engine:s0 tclass=dir permissive=0
09-25 09:25:23.639  1621  1621 I auditd  : type=1400 audit(0.0:6969809): avc:  denied  { search } for  comm="LightningLaunc" name="2458" dev="proc" ino=252926767 scontext=u:r:vendor_hal_perf_default:s0 tcontext=u:r:update_engine:s0 tclass=dir permissive=0
09-25 09:25:23.731 13504 13504 I auditd  : type=1400 audit(0.0:6969810): avc:  denied  { search } for  comm="DefaultDispatch" name="zram0" dev="sysfs" ino=107524 scontext=u:r:untrusted_app:s0:c207,c257,c512,c768 tcontext=u:object_r:sysfs_zram:s0 tclass=dir permissive=0 app=com.zenithblue.sambas3
09-25 09:25:23.731 13504 13504 I auditd  : type=1400 audit(0.0:6969811): avc:  denied  { search } for  comm="DefaultDispatch" name="zram0" dev="sysfs" ino=107524 scontext=u:r:untrusted_app:s0:c207,c257,c512,c768 tcontext=u:object_r:sysfs_zram:s0 tclass=dir permissive=0 app=com.zenithblue.sambas3
09-25 09:25:23.847  1621  1621 I auditd  : type=1400 audit(0.0:6969812): avc:  denied  { search } for  comm="LightningLaunc" name="2458" dev="proc" ino=252926767 scontext=u:r:vendor_hal_perf_default:s0 tcontext=u:r:update_engine:s0 tclass=dir permissive=0
09-25 09:25:24.298  2866  3614 I am_unfreeze: [10606,com.android.keychain,10]
09-25 09:25:24.299  2866  3614 I am_unfreeze: [9991,org.lineageos.lineageparts,10]
09-25 09:25:24.299  2866  3614 I am_unfreeze: [9227,com.android.DeviceAsWebcam,10]
09-25 09:25:24.299  2866  3614 I am_unfreeze: [11890,com.android.settings,10]
09-25 09:25:24.475  1621  1621 I auditd  : type=1400 audit(0.0:6969815): avc:  denied  { search } for  comm="LightningLaunc" name="2458" dev="proc" ino=252926767 scontext=u:r:vendor_hal_perf_default:s0 tcontext=u:r:update_engine:s0 tclass=dir permissive=0
09-25 09:25:24.687  1621  1621 I auditd  : type=1400 audit(0.0:6969816): avc:  denied  { search } for  comm="LightningLaunc" name="2458" dev="proc" ino=252926767 scontext=u:r:vendor_hal_perf_default:s0 tcontext=u:r:update_engine:s0 tclass=dir permissive=0
09-25 09:25:24.895  1621  1621 I auditd  : type=1400 audit(0.0:6969817): avc:  denied  { search } for  comm="LightningLaunc" name="2458" dev="proc" ino=252926767 scontext=u:r:vendor_hal_perf_default:s0 tcontext=u:r:update_engine:s0 tclass=dir permissive=0
09-25 09:25:25.103  1621  1621 I auditd  : type=1400 audit(0.0:6969818): avc:  denied  { search } for  comm="LightningLaunc" name="2458" dev="proc" ino=252926767 scontext=u:r:vendor_hal_perf_default:s0 tcontext=u:r:update_engine:s0 tclass=dir permissive=0
09-25 09:25:25.311  1621  1621 I auditd  : type=1400 audit(0.0:6969819): avc:  denied  { search } for  comm="LightningLaunc" name="2458" dev="proc" ino=252926767 scontext=u:r:vendor_hal_perf_default:s0 tcontext=u:r:update_engine:s0 tclass=dir permissive=0
09-25 09:25:32.335 13504 13504 I auditd  : type=1400 audit(0.0:6969820): avc:  denied  { search } for  comm="DefaultDispatch" name="zram0" dev="sysfs" ino=107524 scontext=u:r:untrusted_app:s0:c207,c257,c512,c768 tcontext=u:object_r:sysfs_zram:s0 tclass=dir permissive=0 app=com.zenithblue.sambas3
09-25 09:25:32.339 13504 13504 I auditd  : type=1400 audit(0.0:6969821): avc:  denied  { search } for  comm="DefaultDispatch" name="zram0" dev="sysfs" ino=107524 scontext=u:r:untrusted_app:s0:c207,c257,c512,c768 tcontext=u:object_r:sysfs_zram:s0 tclass=dir permissive=0 app=com.zenithblue.sambas3
09-25 09:25:40.927 13504 13504 I auditd  : type=1400 audit(0.0:6969822): avc:  denied  { search } for  comm="DefaultDispatch" name="zram0" dev="sysfs" ino=107524 scontext=u:r:untrusted_app:s0:c207,c257,c512,c768 tcontext=u:object_r:sysfs_zram:s0 tclass=dir permissive=0 app=com.zenithblue.sambas3
09-25 09:25:40.927 13504 13504 I auditd  : type=1400 audit(0.0:6969823): avc:  denied  { search } for  comm="DefaultDispatch" name="zram0" dev="sysfs" ino=107524 scontext=u:r:untrusted_app:s0:c207,c257,c512,c768 tcontext=u:object_r:sysfs_zram:s0 tclass=dir permissive=0 app=com.zenithblue.sambas3
09-25 09:25:42.144  2866  9069 I thermal_changed: [skin,3,45.987000,0,1]
09-25 09:25:44.352  2866  3614 I am_freeze: [10606,com.android.keychain]
09-25 09:25:44.353  2866  3614 I am_freeze: [9991,org.lineageos.lineageparts]
09-25 09:25:44.354  2866  3614 I am_freeze: [9227,com.android.DeviceAsWebcam]
09-25 09:25:44.356  2866  3614 I am_freeze: [11890,com.android.settings]
09-25 09:25:49.531 13504 13504 I auditd  : type=1400 audit(0.0:6969824): avc:  denied  { search } for  comm="DefaultDispatch" name="zram0" dev="sysfs" ino=107524 scontext=u:r:untrusted_app:s0:c207,c257,c512,c768 tcontext=u:object_r:sysfs_zram:s0 tclass=dir permissive=0 app=com.zenithblue.sambas3
09-25 09:25:49.531 13504 13504 I auditd  : type=1400 audit(0.0:6969825): avc:  denied  { search } for  comm="DefaultDispatch" name="zram0" dev="sysfs" ino=107524 scontext=u:r:untrusted_app:s0:c207,c257,c512,c768 tcontext=u:object_r:sysfs_zram:s0 tclass=dir permissive=0 app=com.zenithblue.sambas3
09-25 09:25:53.545  2866  3692 I storage_state: [41217664-9172-527a-b3d5-edabb50a7d69,0,0,33593745408,235423690752]
09-25 09:25:58.131 13504 13504 I auditd  : type=1400 audit(0.0:6969826): avc:  denied  { search } for  comm="DefaultDispatch" name="zram0" dev="sysfs" ino=107524 scontext=u:r:untrusted_app:s0:c207,c257,c512,c768 tcontext=u:object_r:sysfs_zram:s0 tclass=dir permissive=0 app=com.zenithblue.sambas3
09-25 09:25:58.131 13504 13504 I auditd  : type=1400 audit(0.0:6969827): avc:  denied  { search } for  comm="DefaultDispatch" name="zram0" dev="sysfs" ino=107524 scontext=u:r:untrusted_app:s0:c207,c257,c512,c768 tcontext=u:object_r:sysfs_zram:s0 tclass=dir permissive=0 app=com.zenithblue.sambas3
09-25 09:25:58.952  2866  2917 I am_pss  : [13504,10463,com.zenithblue.sambas3,0,0,0,1632788480,0,2,6]
09-25 09:26:06.715 13504 13504 I auditd  : type=1400 audit(0.0:6969828): avc:  denied  { search } for  comm="DefaultDispatch" name="zram0" dev="sysfs" ino=107524 scontext=u:r:untrusted_app:s0:c207,c257,c512,c768 tcontext=u:object_r:sysfs_zram:s0 tclass=dir permissive=0 app=com.zenithblue.sambas3
09-25 09:26:06.715 13504 13504 I auditd  : type=1400 audit(0.0:6969829): avc:  denied  { search } for  comm="DefaultDispatch" name="zram0" dev="sysfs" ino=107524 scontext=u:r:untrusted_app:s0:c207,c257,c512,c768 tcontext=u:object_r:sysfs_zram:s0 tclass=dir permissive=0 app=com.zenithblue.sambas3
09-25 09:26:15.307 13504 13504 I auditd  : type=1400 audit(0.0:6969830): avc:  denied  { search } for  comm="DefaultDispatch" name="zram0" dev="sysfs" ino=107524 scontext=u:r:untrusted_app:s0:c207,c257,c512,c768 tcontext=u:object_r:sysfs_zram:s0 tclass=dir permissive=0 app=com.zenithblue.sambas3
09-25 09:26:15.307 13504 13504 I auditd  : type=1400 audit(0.0:6969831): avc:  denied  { search } for  comm="DefaultDispatch" name="zram0" dev="sysfs" ino=107524 scontext=u:r:untrusted_app:s0:c207,c257,c512,c768 tcontext=u:object_r:sysfs_zram:s0 tclass=dir permissive=0 app=com.zenithblue.sambas3
09-25 09:26:23.903 13504 13504 I auditd  : type=1400 audit(0.0:6969832): avc:  denied  { search } for  comm="DefaultDispatch" name="zram0" dev="sysfs" ino=107524 scontext=u:r:untrusted_app:s0:c207,c257,c512,c768 tcontext=u:object_r:sysfs_zram:s0 tclass=dir permissive=0 app=com.zenithblue.sambas3
09-25 09:26:23.903 13504 13504 I auditd  : type=1400 audit(0.0:6969833): avc:  denied  { search } for  comm="DefaultDispatch" name="zram0" dev="sysfs" ino=107524 scontext=u:r:untrusted_app:s0:c207,c257,c512,c768 tcontext=u:object_r:sysfs_zram:s0 tclass=dir permissive=0 app=com.zenithblue.sambas3
09-25 09:26:32.531 13504 13504 I auditd  : type=1400 audit(0.0:6969834): avc:  denied  { search } for  comm="DefaultDispatch" name="zram0" dev="sysfs" ino=107524 scontext=u:r:untrusted_app:s0:c207,c257,c512,c768 tcontext=u:object_r:sysfs_zram:s0 tclass=dir permissive=0 app=com.zenithblue.sambas3
09-25 09:26:32.531 13504 13504 I auditd  : type=1400 audit(0.0:6969835): avc:  denied  { search } for  comm="DefaultDispatch" name="zram0" dev="sysfs" ino=107524 scontext=u:r:untrusted_app:s0:c207,c257,c512,c768 tcontext=u:object_r:sysfs_zram:s0 tclass=dir permissive=0 app=com.zenithblue.sambas3
09-25 09:26:41.111 13504 13504 I auditd  : type=1400 audit(0.0:6969836): avc:  denied  { search } for  comm="DefaultDispatch" name="zram0" dev="sysfs" ino=107524 scontext=u:r:untrusted_app:s0:c207,c257,c512,c768 tcontext=u:object_r:sysfs_zram:s0 tclass=dir permissive=0 app=com.zenithblue.sambas3
09-25 09:26:41.111 13504 13504 I auditd  : type=1400 audit(0.0:6969837): avc:  denied  { search } for  comm="DefaultDispatch" name="zram0" dev="sysfs" ino=107524 scontext=u:r:untrusted_app:s0:c207,c257,c512,c768 tcontext=u:object_r:sysfs_zram:s0 tclass=dir permissive=0 app=com.zenithblue.sambas3
09-25 09:26:42.675  2866  3614 I am_unfreeze: [11890,com.android.settings,19]
09-25 09:26:42.724  2866  3614 I am_unfreeze: [9227,com.android.DeviceAsWebcam,19]
09-25 09:26:42.725  2866  3614 I am_unfreeze: [9836,android.process.media,19]
09-25 09:26:42.725  2866  3614 I am_unfreeze: [9993,com.google.android.apps.turbo:aab,19]
09-25 09:26:42.725  2866  3614 I am_unfreeze: [10040,com.android.providers.calendar,19]
09-25 09:26:42.725  2866  3614 I am_unfreeze: [9991,org.lineageos.lineageparts,19]
09-25 09:26:42.725  2866  3614 I am_unfreeze: [10230,com.google.android.projection.gearhead:provider,19]
09-25 09:26:42.725  2866  3614 I am_unfreeze: [11464,com.google.android.projection.gearhead:car,19]
09-25 09:26:42.725  2866  3614 I am_unfreeze: [11618,com.google.android.webview:webview_service,19]
09-25 09:26:42.725  2866  3614 I am_unfreeze: [5948,com.android.chrome,19]
09-25 09:26:42.725  2866  3614 I am_unfreeze: [11211,com.google.android.apps.maps,19]
09-25 09:26:42.725  2866  3614 I am_unfreeze: [11194,com.google.android.webview:sandboxed_process0:org.chromium.content.app.SandboxedProcessService0:0,19]
09-25 09:26:42.725  2866  3614 I am_unfreeze: [10985,com.google.android.gm,19]
09-25 09:26:42.725  2866  3614 I am_unfreeze: [24634,com.jio.myjio,19]
09-25 09:26:42.725  2866  3614 I am_unfreeze: [12980,org.telegram.messenger,19]
09-25 09:26:42.725  2866  3614 I am_unfreeze: [13098,com.android.incallui,19]
09-25 09:26:42.725  2866  3614 I am_unfreeze: [13163,com.android.calllogbackup,19]
09-25 09:26:42.725  2866  3614 I am_unfreeze: [12972,com.android.dialer,19]
09-25 09:26:42.725  2866  3614 I am_unfreeze: [4409,com.android.cellbroadcastreceiver.module,19]
09-25 09:26:42.725  2866  3614 I am_unfreeze: [10664,com.android.vending:background,19]
09-25 09:26:42.725  2866  3614 I am_unfreeze: [10606,com.android.keychain,19]
09-25 09:26:42.725  2866  3614 I am_unfreeze: [10058,android.process.acore,19]
09-25 09:26:42.725  2866  3614 I am_unfreeze: [10608,com.android.permissioncontroller,19]
09-25 09:26:42.725  2866  3614 I am_unfreeze: [10500,com.google.android.verifier,19]
09-25 09:26:42.725  2866  3614 I am_unfreeze: [10452,com.android.vending,19]
09-25 09:26:42.725  2866  3614 I am_unfreeze: [10021,com.whatsapp,19]
09-25 09:26:42.725  2866  3614 I am_unfreeze: [5586,com.google.android.googlequicksearchbox:search,19]
