--------- beginning of main
09-26 11:52:00.732 31661 31681 V bluetooth: system/btif/co/bta_hh_co.cc:653 bta_hh_co_write: UHID write 16
09-26 11:52:00.742 31661 31681 V l2c_csm : system/stack/l2cap/l2c_csm.cc:1335 l2c_csm_open: LCID: 0x004c  st: OPEN  evt: L2CEVT_L2CAP_DATA(0x14) psm: BT_PSM_HIDI(0x0013)
09-26 11:52:00.742 31661 31681 V bluetooth: system/stack/hid/hidh_conn.cc:701 hidh_l2cif_data_ind: HID-Host hidh_l2cif_data_ind [l2cap_cid=0x004c]
09-26 11:52:00.742 31661 31681 V bt_bta_hh: system/bta/hh/bta_hh_act.cc:1144 bta_hh_cback: HID_event [HID_HDEV_EVT_INTR_DATA]
09-26 11:52:00.742 31661 31681 V l2c_csm : system/stack/l2cap/l2c_csm.cc:1514 l2c_csm_open: Exit chnl_state=CST_OPEN [6], event=L2CEVT_L2CAP_DATA(0x14) [20]
09-26 11:52:00.742 31661 31681 V bt_bta_sys_main: system/bta/sys/bta_sys_main.cc:71 bta_sys_event: Event 0x1704
09-26 11:52:00.742 31661 31681 V bt_bta_hh: system/bta/hh/bta_hh_main.cc:174 bta_hh_sm_execute: State BTA_HH_CONN_ST(3), Event BTA_HH_INT_DATA_EVT(5892) for xx:xx:xx:xx:2b:83[public][BT_TRANSPORT_BR_EDR]
09-26 11:52:00.742 31661 31681 V bluetooth: system/btif/co/bta_hh_co.cc:773 bta_hh_co_data: dev_handle = 0
09-26 11:52:00.742 31661 31681 V bluetooth: system/btif/co/bta_hh_co.cc:653 bta_hh_co_write: UHID write 16
09-26 11:52:00.748 14961 23540 E RPCS3   : Video au decode has been waiting for a consumer for 5 seconds. (handle=0xf0000300, seq_id=1, cmd_id=63, queue_size=61)
09-26 11:52:00.752 31661 31681 V l2c_csm : system/stack/l2cap/l2c_csm.cc:1335 l2c_csm_open: LCID: 0x004c  st: OPEN  evt: L2CEVT_L2CAP_DATA(0x14) psm: BT_PSM_HIDI(0x0013)
09-26 11:52:00.752 31661 31681 V bluetooth: system/stack/hid/hidh_conn.cc:701 hidh_l2cif_data_ind: HID-Host hidh_l2cif_data_ind [l2cap_cid=0x004c]
09-26 11:52:00.752 31661 31681 V bt_bta_hh: system/bta/hh/bta_hh_act.cc:1144 bta_hh_cback: HID_event [HID_HDEV_EVT_INTR_DATA]
09-26 11:52:00.752 31661 31681 V l2c_csm : system/stack/l2cap/l2c_csm.cc:1514 l2c_csm_open: Exit chnl_state=CST_OPEN [6], event=L2CEVT_L2CAP_DATA(0x14) [20]
09-26 11:52:00.752 31661 31681 V bt_bta_sys_main: system/bta/sys/bta_sys_main.cc:71 bta_sys_event: Event 0x1704
09-26 11:52:00.752 31661 31681 V bt_bta_hh: system/bta/hh/bta_hh_main.cc:174 bta_hh_sm_execute: State BTA_HH_CONN_ST(3), Event BTA_HH_INT_DATA_EVT(5892) for xx:xx:xx:xx:2b:83[public][BT_TRANSPORT_BR_EDR]
09-26 11:52:00.752 31661 31681 V bluetooth: system/btif/co/bta_hh_co.cc:773 bta_hh_co_data: dev_handle = 0
09-26 11:52:00.752 31661 31681 V bluetooth: system/btif/co/bta_hh_co.cc:653 bta_hh_co_write: UHID write 16
09-26 11:52:00.753  1616  1871 I SDM     : DisplayBase::CommitThread: Received idle timeout, panel: cmd, timeout: 70000 us
09-26 11:52:00.756  1768  1768 D SurfaceFlinger: initiateModeChange 4630946652107814787 {mode={fps=60.00 Hz, modePtr={id=1, vsyncRate=60.00 Hz, peakRefreshRate=60.00 Hz}}, emitEvent=false, force=false}
09-26 11:52:00.756  1616  2136 I SDM     : HWCDisplay::SetActiveConfigToIrisWrapper: SetActiveConfigToIrisWrapper on id_: 0
09-26 11:52:00.756  1616  2136 W SDM     : HWCDisplay::SetActiveConfigToIrisWrapper: HWC SetActiveConfig [0, 1], switch to [1264x2780@60]
09-26 11:52:00.757  1616  2136 W SDM     : HWDeviceDRM::GetSupportedBitClkRate: Requested rate not supported: 1012000000
09-26 11:52:00.757  1616  2136 I SDM     : HWDeviceDRM::UpdateMixerAttributes: Mixer WxH 1264x2780-1 for Peripheral
09-26 11:52:00.757  1616  2136 I CwbService: CwbService::notifyConfigChange: display:0, config:1 size:4, sec.size():0
09-26 11:52:00.757  1616  2136 I SDM     : HWCDisplay::SubmitDisplayConfig: Active configuration changed from config 0 to 1
09-26 11:52:00.762 31661 31681 V l2c_csm : system/stack/l2cap/l2c_csm.cc:1335 l2c_csm_open: LCID: 0x004c  st: OPEN  evt: L2CEVT_L2CAP_DATA(0x14) psm: BT_PSM_HIDI(0x0013)
09-26 11:52:00.762 31661 31681 V bluetooth: system/stack/hid/hidh_conn.cc:701 hidh_l2cif_data_ind: HID-Host hidh_l2cif_data_ind [l2cap_cid=0x004c]
09-26 11:52:00.762 31661 31681 V bt_bta_hh: system/bta/hh/bta_hh_act.cc:1144 bta_hh_cback: HID_event [HID_HDEV_EVT_INTR_DATA]
09-26 11:52:00.762 31661 31681 V l2c_csm : system/stack/l2cap/l2c_csm.cc:1514 l2c_csm_open: Exit chnl_state=CST_OPEN [6], event=L2CEVT_L2CAP_DATA(0x14) [20]
09-26 11:52:00.762 31661 31681 V bt_bta_sys_main: system/bta/sys/bta_sys_main.cc:71 bta_sys_event: Event 0x1704
09-26 11:52:00.762 31661 31681 V bt_bta_hh: system/bta/hh/bta_hh_main.cc:174 bta_hh_sm_execute: State BTA_HH_CONN_ST(3), Event BTA_HH_INT_DATA_EVT(5892) for xx:xx:xx:xx:2b:83[public][BT_TRANSPORT_BR_EDR]
09-26 11:52:00.762 31661 31681 V bluetooth: system/btif/co/bta_hh_co.cc:773 bta_hh_co_data: dev_handle = 0
09-26 11:52:00.762 31661 31681 V bluetooth: system/btif/co/bta_hh_co.cc:653 bta_hh_co_write: UHID write 16
09-26 11:52:00.772 31661 31681 V l2c_csm : system/stack/l2cap/l2c_csm.cc:1335 l2c_csm_open: LCID: 0x004c  st: OPEN  evt: L2CEVT_L2CAP_DATA(0x14) psm: BT_PSM_HIDI(0x0013)
09-26 11:52:00.772 31661 31681 V bluetooth: system/stack/hid/hidh_conn.cc:701 hidh_l2cif_data_ind: HID-Host hidh_l2cif_data_ind [l2cap_cid=0x004c]
09-26 11:52:00.772 31661 31681 V bt_bta_hh: system/bta/hh/bta_hh_act.cc:1144 bta_hh_cback: HID_event [HID_HDEV_EVT_INTR_DATA]
09-26 11:52:00.772 31661 31681 V l2c_csm : system/stack/l2cap/l2c_csm.cc:1514 l2c_csm_open: Exit chnl_state=CST_OPEN [6], event=L2CEVT_L2CAP_DATA(0x14) [20]
09-26 11:52:00.772 31661 31681 V bt_bta_sys_main: system/bta/sys/bta_sys_main.cc:71 bta_sys_event: Event 0x1704
09-26 11:52:00.772 31661 31681 V bt_bta_hh: system/bta/hh/bta_hh_main.cc:174 bta_hh_sm_execute: State BTA_HH_CONN_ST(3), Event BTA_HH_INT_DATA_EVT(5892) for xx:xx:xx:xx:2b:83[public][BT_TRANSPORT_BR_EDR]
09-26 11:52:00.772 31661 31681 V bluetooth: system/btif/co/bta_hh_co.cc:773 bta_hh_co_data: dev_handle = 0
09-26 11:52:00.772 31661 31681 V bluetooth: system/btif/co/bta_hh_co.cc:653 bta_hh_co_write: UHID write 16
09-26 11:52:00.782 31661 31681 V l2c_csm : system/stack/l2cap/l2c_csm.cc:1335 l2c_csm_open: LCID: 0x004c  st: OPEN  evt: L2CEVT_L2CAP_DATA(0x14) psm: BT_PSM_HIDI(0x0013)
09-26 11:52:00.782 31661 31681 V bluetooth: system/stack/hid/hidh_conn.cc:701 hidh_l2cif_data_ind: HID-Host hidh_l2cif_data_ind [l2cap_cid=0x004c]
09-26 11:52:00.782 31661 31681 V bt_bta_hh: system/bta/hh/bta_hh_act.cc:1144 bta_hh_cback: HID_event [HID_HDEV_EVT_INTR_DATA]
09-26 11:52:00.782 31661 31681 V l2c_csm : system/stack/l2cap/l2c_csm.cc:1514 l2c_csm_open: Exit chnl_state=CST_OPEN [6], event=L2CEVT_L2CAP_DATA(0x14) [20]
09-26 11:52:00.782 31661 31681 V bt_bta_sys_main: system/bta/sys/bta_sys_main.cc:71 bta_sys_event: Event 0x1704
09-26 11:52:00.782 31661 31681 V bt_bta_hh: system/bta/hh/bta_hh_main.cc:174 bta_hh_sm_execute: State BTA_HH_CONN_ST(3), Event BTA_HH_INT_DATA_EVT(5892) for xx:xx:xx:xx:2b:83[public][BT_TRANSPORT_BR_EDR]
09-26 11:52:00.782 31661 31681 V bluetooth: system/btif/co/bta_hh_co.cc:773 bta_hh_co_data: dev_handle = 0
09-26 11:52:00.782 31661 31681 V bluetooth: system/btif/co/bta_hh_co.cc:653 bta_hh_co_write: UHID write 16
09-26 11:52:00.789  1768  1768 D SurfaceFlinger: initiateModeChange 4630946652107814787 {mode={fps=120.00 Hz, modePtr={id=0, vsyncRate=120.00 Hz, peakRefreshRate=120.00 Hz}}, emitEvent=false, force=false}
09-26 11:52:00.789  1616  2136 I SDM     : HWCDisplay::SetActiveConfigToIrisWrapper: SetActiveConfigToIrisWrapper on id_: 0
09-26 11:52:00.789  1616  2136 W SDM     : HWCDisplay::SetActiveConfigToIrisWrapper: HWC SetActiveConfig [1, 0], switch to [1264x2780@120]
09-26 11:52:00.789  1616  2136 W SDM     : HWDeviceDRM::GetSupportedBitClkRate: Requested rate not supported: 1012000000
09-26 11:52:00.790  1616  2136 I SDM     : HWDeviceDRM::UpdateMixerAttributes: Mixer WxH 1264x2780-1 for Peripheral
09-26 11:52:00.790  1616  2136 I CwbService: CwbService::notifyConfigChange: display:0, config:0 size:4, sec.size():0
09-26 11:52:00.790  1616  2136 I SDM     : HWCDisplay::SubmitDisplayConfig: Active configuration changed from config 1 to 0
09-26 11:52:00.792 31661 31681 V l2c_csm : system/stack/l2cap/l2c_csm.cc:1335 l2c_csm_open: LCID: 0x004c  st: OPEN  evt: L2CEVT_L2CAP_DATA(0x14) psm: BT_PSM_HIDI(0x0013)
09-26 11:52:00.792 31661 31681 V bluetooth: system/stack/hid/hidh_conn.cc:701 hidh_l2cif_data_ind: HID-Host hidh_l2cif_data_ind [l2cap_cid=0x004c]
09-26 11:52:00.792 31661 31681 V bt_bta_hh: system/bta/hh/bta_hh_act.cc:1144 bta_hh_cback: HID_event [HID_HDEV_EVT_INTR_DATA]
09-26 11:52:00.792 31661 31681 V l2c_csm : system/stack/l2cap/l2c_csm.cc:1514 l2c_csm_open: Exit chnl_state=CST_OPEN [6], event=L2CEVT_L2CAP_DATA(0x14) [20]
09-26 11:52:00.792 31661 31681 V bt_bta_sys_main: system/bta/sys/bta_sys_main.cc:71 bta_sys_event: Event 0x1704
09-26 11:52:00.792 31661 31681 V bt_bta_hh: system/bta/hh/bta_hh_main.cc:174 bta_hh_sm_execute: State BTA_HH_CONN_ST(3), Event BTA_HH_INT_DATA_EVT(5892) for xx:xx:xx:xx:2b:83[public][BT_TRANSPORT_BR_EDR]
09-26 11:52:00.792 31661 31681 V bluetooth: system/btif/co/bta_hh_co.cc:773 bta_hh_co_data: dev_handle = 0
09-26 11:52:00.792 31661 31681 V bluetooth: system/btif/co/bta_hh_co.cc:653 bta_hh_co_write: UHID write 16
09-26 11:52:00.806 31661 31681 V l2c_csm : system/stack/l2cap/l2c_csm.cc:1335 l2c_csm_open: LCID: 0x004c  st: OPEN  evt: L2CEVT_L2CAP_DATA(0x14) psm: BT_PSM_HIDI(0x0013)
09-26 11:52:00.806 31661 31681 V bluetooth: system/stack/hid/hidh_conn.cc:701 hidh_l2cif_data_ind: HID-Host hidh_l2cif_data_ind [l2cap_cid=0x004c]
09-26 11:52:00.806 31661 31681 V bt_bta_hh: system/bta/hh/bta_hh_act.cc:1144 bta_hh_cback: HID_event [HID_HDEV_EVT_INTR_DATA]
09-26 11:52:00.806 31661 31681 V l2c_csm : system/stack/l2cap/l2c_csm.cc:1514 l2c_csm_open: Exit chnl_state=CST_OPEN [6], event=L2CEVT_L2CAP_DATA(0x14) [20]
09-26 11:52:00.806 31661 31681 V bt_bta_sys_main: system/bta/sys/bta_sys_main.cc:71 bta_sys_event: Event 0x1704
09-26 11:52:00.806 31661 31681 V bt_bta_hh: system/bta/hh/bta_hh_main.cc:174 bta_hh_sm_execute: State BTA_HH_CONN_ST(3), Event BTA_HH_INT_DATA_EVT(5892) for xx:xx:xx:xx:2b:83[public][BT_TRANSPORT_BR_EDR]
09-26 11:52:00.806 31661 31681 V bluetooth: system/btif/co/bta_hh_co.cc:773 bta_hh_co_data: dev_handle = 0
09-26 11:52:00.806 31661 31681 V bluetooth: system/btif/co/bta_hh_co.cc:653 bta_hh_co_write: UHID write 16
09-26 11:52:00.812 31661 31681 V l2c_csm : system/stack/l2cap/l2c_csm.cc:1335 l2c_csm_open: LCID: 0x004c  st: OPEN  evt: L2CEVT_L2CAP_DATA(0x14) psm: BT_PSM_HIDI(0x0013)
09-26 11:52:00.812 31661 31681 V bluetooth: system/stack/hid/hidh_conn.cc:701 hidh_l2cif_data_ind: HID-Host hidh_l2cif_data_ind [l2cap_cid=0x004c]
09-26 11:52:00.812 31661 31681 V bt_bta_hh: system/bta/hh/bta_hh_act.cc:1144 bta_hh_cback: HID_event [HID_HDEV_EVT_INTR_DATA]
09-26 11:52:00.812 31661 31681 V l2c_csm : system/stack/l2cap/l2c_csm.cc:1514 l2c_csm_open: Exit chnl_state=CST_OPEN [6], event=L2CEVT_L2CAP_DATA(0x14) [20]
09-26 11:52:00.812 31661 31681 V bt_bta_sys_main: system/bta/sys/bta_sys_main.cc:71 bta_sys_event: Event 0x1704
09-26 11:52:00.812 31661 31681 V bt_bta_hh: system/bta/hh/bta_hh_main.cc:174 bta_hh_sm_execute: State BTA_HH_CONN_ST(3), Event BTA_HH_INT_DATA_EVT(5892) for xx:xx:xx:xx:2b:83[public][BT_TRANSPORT_BR_EDR]
09-26 11:52:00.812 31661 31681 V bluetooth: system/btif/co/bta_hh_co.cc:773 bta_hh_co_data: dev_handle = 0
09-26 11:52:00.812 31661 31681 V bluetooth: system/btif/co/bta_hh_co.cc:653 bta_hh_co_write: UHID write 16
09-26 11:52:00.822 31661 31681 V l2c_csm : system/stack/l2cap/l2c_csm.cc:1335 l2c_csm_open: LCID: 0x004c  st: OPEN  evt: L2CEVT_L2CAP_DATA(0x14) psm: BT_PSM_HIDI(0x0013)
09-26 11:52:00.822 31661 31681 V bluetooth: system/stack/hid/hidh_conn.cc:701 hidh_l2cif_data_ind: HID-Host hidh_l2cif_data_ind [l2cap_cid=0x004c]
09-26 11:52:00.822 31661 31681 V bt_bta_hh: system/bta/hh/bta_hh_act.cc:1144 bta_hh_cback: HID_event [HID_HDEV_EVT_INTR_DATA]
09-26 11:52:00.822 31661 31681 V l2c_csm : system/stack/l2cap/l2c_csm.cc:1514 l2c_csm_open: Exit chnl_state=CST_OPEN [6], event=L2CEVT_L2CAP_DATA(0x14) [20]
09-26 11:52:00.822 31661 31681 V bt_bta_sys_main: system/bta/sys/bta_sys_main.cc:71 bta_sys_event: Event 0x1704
09-26 11:52:00.822 31661 31681 V bt_bta_hh: system/bta/hh/bta_hh_main.cc:174 bta_hh_sm_execute: State BTA_HH_CONN_ST(3), Event BTA_HH_INT_DATA_EVT(5892) for xx:xx:xx:xx:2b:83[public][BT_TRANSPORT_BR_EDR]
09-26 11:52:00.822 31661 31681 V bluetooth: system/btif/co/bta_hh_co.cc:773 bta_hh_co_data: dev_handle = 0
09-26 11:52:00.822 31661 31681 V bluetooth: system/btif/co/bta_hh_co.cc:653 bta_hh_co_write: UHID write 16
09-26 11:52:00.832 31661 31681 V l2c_csm : system/stack/l2cap/l2c_csm.cc:1335 l2c_csm_open: LCID: 0x004c  st: OPEN  evt: L2CEVT_L2CAP_DATA(0x14) psm: BT_PSM_HIDI(0x0013)
09-26 11:52:00.832 31661 31681 V bluetooth: system/stack/hid/hidh_conn.cc:701 hidh_l2cif_data_ind: HID-Host hidh_l2cif_data_ind [l2cap_cid=0x004c]
09-26 11:52:00.832 31661 31681 V bt_bta_hh: system/bta/hh/bta_hh_act.cc:1144 bta_hh_cback: HID_event [HID_HDEV_EVT_INTR_DATA]
09-26 11:52:00.832 31661 31681 V l2c_csm : system/stack/l2cap/l2c_csm.cc:1514 l2c_csm_open: Exit chnl_state=CST_OPEN [6], event=L2CEVT_L2CAP_DATA(0x14) [20]
09-26 11:52:00.832 31661 31681 V bt_bta_sys_main: system/bta/sys/bta_sys_main.cc:71 bta_sys_event: Event 0x1704
09-26 11:52:00.832 31661 31681 V bt_bta_hh: system/bta/hh/bta_hh_main.cc:174 bta_hh_sm_execute: State BTA_HH_CONN_ST(3), Event BTA_HH_INT_DATA_EVT(5892) for xx:xx:xx:xx:2b:83[public][BT_TRANSPORT_BR_EDR]
09-26 11:52:00.832 31661 31681 V bluetooth: system/btif/co/bta_hh_co.cc:773 bta_hh_co_data: dev_handle = 0
09-26 11:52:00.832 31661 31681 V bluetooth: system/btif/co/bta_hh_co.cc:653 bta_hh_co_write: UHID write 16
09-26 11:52:00.843 31661 31681 V l2c_csm : system/stack/l2cap/l2c_csm.cc:1335 l2c_csm_open: LCID: 0x004c  st: OPEN  evt: L2CEVT_L2CAP_DATA(0x14) psm: BT_PSM_HIDI(0x0013)
09-26 11:52:00.843 31661 31681 V bluetooth: system/stack/hid/hidh_conn.cc:701 hidh_l2cif_data_ind: HID-Host hidh_l2cif_data_ind [l2cap_cid=0x004c]
09-26 11:52:00.843 31661 31681 V bt_bta_hh: system/bta/hh/bta_hh_act.cc:1144 bta_hh_cback: HID_event [HID_HDEV_EVT_INTR_DATA]
09-26 11:52:00.843 31661 31681 V l2c_csm : system/stack/l2cap/l2c_csm.cc:1514 l2c_csm_open: Exit chnl_state=CST_OPEN [6], event=L2CEVT_L2CAP_DATA(0x14) [20]
09-26 11:52:00.843 31661 31681 V bt_bta_sys_main: system/bta/sys/bta_sys_main.cc:71 bta_sys_event: Event 0x1704
09-26 11:52:00.843 31661 31681 V bt_bta_hh: system/bta/hh/bta_hh_main.cc:174 bta_hh_sm_execute: State BTA_HH_CONN_ST(3), Event BTA_HH_INT_DATA_EVT(5892) for xx:xx:xx:xx:2b:83[public][BT_TRANSPORT_BR_EDR]
09-26 11:52:00.843 31661 31681 V bluetooth: system/btif/co/bta_hh_co.cc:773 bta_hh_co_data: dev_handle = 0
09-26 11:52:00.843 31661 31681 V bluetooth: system/btif/co/bta_hh_co.cc:653 bta_hh_co_write: UHID write 16
09-26 11:52:00.844  1570  1606 I android.hardware.thermal-service.qti: sensor: cpu-2-1-0 temperature: 89.9 old: 3 new: 0
09-26 11:52:00.852 31661 31681 V l2c_csm : system/stack/l2cap/l2c_csm.cc:1335 l2c_csm_open: LCID: 0x004c  st: OPEN  evt: L2CEVT_L2CAP_DATA(0x14) psm: BT_PSM_HIDI(0x0013)
09-26 11:52:00.852 31661 31681 V bluetooth: system/stack/hid/hidh_conn.cc:701 hidh_l2cif_data_ind: HID-Host hidh_l2cif_data_ind [l2cap_cid=0x004c]
09-26 11:52:00.852 31661 31681 V bt_bta_hh: system/bta/hh/bta_hh_act.cc:1144 bta_hh_cback: HID_event [HID_HDEV_EVT_INTR_DATA]
09-26 11:52:00.852 31661 31681 V l2c_csm : system/stack/l2cap/l2c_csm.cc:1514 l2c_csm_open: Exit chnl_state=CST_OPEN [6], event=L2CEVT_L2CAP_DATA(0x14) [20]
09-26 11:52:00.852 31661 31681 V bt_bta_sys_main: system/bta/sys/bta_sys_main.cc:71 bta_sys_event: Event 0x1704
09-26 11:52:00.852 31661 31681 V bt_bta_hh: system/bta/hh/bta_hh_main.cc:174 bta_hh_sm_execute: State BTA_HH_CONN_ST(3), Event BTA_HH_INT_DATA_EVT(5892) for xx:xx:xx:xx:2b:83[public][BT_TRANSPORT_BR_EDR]
09-26 11:52:00.852 31661 31681 V bluetooth: system/btif/co/bta_hh_co.cc:773 bta_hh_co_data: dev_handle = 0
09-26 11:52:00.852 31661 31681 V bluetooth: system/btif/co/bta_hh_co.cc:653 bta_hh_co_write: UHID write 16
09-26 11:52:00.862 31661 31681 V l2c_csm : system/stack/l2cap/l2c_csm.cc:1335 l2c_csm_open: LCID: 0x004c  st: OPEN  evt: L2CEVT_L2CAP_DATA(0x14) psm: BT_PSM_HIDI(0x0013)
09-26 11:52:00.862 31661 31681 V bluetooth: system/stack/hid/hidh_conn.cc:701 hidh_l2cif_data_ind: HID-Host hidh_l2cif_data_ind [l2cap_cid=0x004c]
09-26 11:52:00.862 31661 31681 V bt_bta_hh: system/bta/hh/bta_hh_act.cc:1144 bta_hh_cback: HID_event [HID_HDEV_EVT_INTR_DATA]
09-26 11:52:00.862 31661 31681 V l2c_csm : system/stack/l2cap/l2c_csm.cc:1514 l2c_csm_open: Exit chnl_state=CST_OPEN [6], event=L2CEVT_L2CAP_DATA(0x14) [20]
09-26 11:52:00.862 31661 31681 V bt_bta_sys_main: system/bta/sys/bta_sys_main.cc:71 bta_sys_event: Event 0x1704
09-26 11:52:00.862 31661 31681 V bt_bta_hh: system/bta/hh/bta_hh_main.cc:174 bta_hh_sm_execute: State BTA_HH_CONN_ST(3), Event BTA_HH_INT_DATA_EVT(5892) for xx:xx:xx:xx:2b:83[public][BT_TRANSPORT_BR_EDR]
09-26 11:52:00.862 31661 31681 V bluetooth: system/btif/co/bta_hh_co.cc:773 bta_hh_co_data: dev_handle = 0
09-26 11:52:00.862 31661 31681 V bluetooth: system/btif/co/bta_hh_co.cc:653 bta_hh_co_write: UHID write 16
09-26 11:52:00.872 31661 31681 V l2c_csm : system/stack/l2cap/l2c_csm.cc:1335 l2c_csm_open: LCID: 0x004c  st: OPEN  evt: L2CEVT_L2CAP_DATA(0x14) psm: BT_PSM_HIDI(0x0013)
09-26 11:52:00.872 31661 31681 V bluetooth: system/stack/hid/hidh_conn.cc:701 hidh_l2cif_data_ind: HID-Host hidh_l2cif_data_ind [l2cap_cid=0x004c]
09-26 11:52:00.872 31661 31681 V bt_bta_hh: system/bta/hh/bta_hh_act.cc:1144 bta_hh_cback: HID_event [HID_HDEV_EVT_INTR_DATA]
09-26 11:52:00.872 31661 31681 V l2c_csm : system/stack/l2cap/l2c_csm.cc:1514 l2c_csm_open: Exit chnl_state=CST_OPEN [6], event=L2CEVT_L2CAP_DATA(0x14) [20]
09-26 11:52:00.872 31661 31681 V bt_bta_sys_main: system/bta/sys/bta_sys_main.cc:71 bta_sys_event: Event 0x1704
09-26 11:52:00.872 31661 31681 V bt_bta_hh: system/bta/hh/bta_hh_main.cc:174 bta_hh_sm_execute: State BTA_HH_CONN_ST(3), Event BTA_HH_INT_DATA_EVT(5892) for xx:xx:xx:xx:2b:83[public][BT_TRANSPORT_BR_EDR]
09-26 11:52:00.872 31661 31681 V bluetooth: system/btif/co/bta_hh_co.cc:773 bta_hh_co_data: dev_handle = 0
09-26 11:52:00.872 31661 31681 V bluetooth: system/btif/co/bta_hh_co.cc:653 bta_hh_co_write: UHID write 16
09-26 11:52:00.882 31661 31681 V l2c_csm : system/stack/l2cap/l2c_csm.cc:1335 l2c_csm_open: LCID: 0x004c  st: OPEN  evt: L2CEVT_L2CAP_DATA(0x14) psm: BT_PSM_HIDI(0x0013)
09-26 11:52:00.882 31661 31681 V bluetooth: system/stack/hid/hidh_conn.cc:701 hidh_l2cif_data_ind: HID-Host hidh_l2cif_data_ind [l2cap_cid=0x004c]
09-26 11:52:00.882 31661 31681 V bt_bta_hh: system/bta/hh/bta_hh_act.cc:1144 bta_hh_cback: HID_event [HID_HDEV_EVT_INTR_DATA]
09-26 11:52:00.882 31661 31681 V l2c_csm : system/stack/l2cap/l2c_csm.cc:1514 l2c_csm_open: Exit chnl_state=CST_OPEN [6], event=L2CEVT_L2CAP_DATA(0x14) [20]
09-26 11:52:00.882 31661 31681 V bt_bta_sys_main: system/bta/sys/bta_sys_main.cc:71 bta_sys_event: Event 0x1704
09-26 11:52:00.882 31661 31681 V bt_bta_hh: system/bta/hh/bta_hh_main.cc:174 bta_hh_sm_execute: State BTA_HH_CONN_ST(3), Event BTA_HH_INT_DATA_EVT(5892) for xx:xx:xx:xx:2b:83[public][BT_TRANSPORT_BR_EDR]
09-26 11:52:00.882 31661 31681 V bluetooth: system/btif/co/bta_hh_co.cc:773 bta_hh_co_data: dev_handle = 0
09-26 11:52:00.882 31661 31681 V bluetooth: system/btif/co/bta_hh_co.cc:653 bta_hh_co_write: UHID write 16
09-26 11:52:00.882  2159  3343 D QmiClient: qmiServiceEventCallback recv msg id 47
09-26 11:52:00.882  2159  3343 D QmiClient: enter -mServiceType 10 onQmiServiceEventCallback msgId 47
09-26 11:52:00.882  2159  3343 D QmiClient: onQmiServiceEventCallback - enter. msgId=47
09-26 11:52:00.883  2159  2222 D OttProxy: handleMessage msg is 3001
09-26 11:52:00.883  2159  2159 E RadioServiceIndication: mSubsysRadioIndication null
09-26 11:52:00.892 31661 31681 V l2c_csm : system/stack/l2cap/l2c_csm.cc:1335 l2c_csm_open: LCID: 0x004c  st: OPEN  evt: L2CEVT_L2CAP_DATA(0x14) psm: BT_PSM_HIDI(0x0013)
09-26 11:52:00.892 31661 31681 V bluetooth: system/stack/hid/hidh_conn.cc:701 hidh_l2cif_data_ind: HID-Host hidh_l2cif_data_ind [l2cap_cid=0x004c]
09-26 11:52:00.892 31661 31681 V bt_bta_hh: system/bta/hh/bta_hh_act.cc:1144 bta_hh_cback: HID_event [HID_HDEV_EVT_INTR_DATA]
09-26 11:52:00.892 31661 31681 V l2c_csm : system/stack/l2cap/l2c_csm.cc:1514 l2c_csm_open: Exit chnl_state=CST_OPEN [6], event=L2CEVT_L2CAP_DATA(0x14) [20]
09-26 11:52:00.892 31661 31681 V bt_bta_sys_main: system/bta/sys/bta_sys_main.cc:71 bta_sys_event: Event 0x1704
09-26 11:52:00.892 31661 31681 V bt_bta_hh: system/bta/hh/bta_hh_main.cc:174 bta_hh_sm_execute: State BTA_HH_CONN_ST(3), Event BTA_HH_INT_DATA_EVT(5892) for xx:xx:xx:xx:2b:83[public][BT_TRANSPORT_BR_EDR]
09-26 11:52:00.892 31661 31681 V bluetooth: system/btif/co/bta_hh_co.cc:773 bta_hh_co_data: dev_handle = 0
09-26 11:52:00.892 31661 31681 V bluetooth: system/btif/co/bta_hh_co.cc:653 bta_hh_co_write: UHID write 16
09-26 11:52:00.900  1570  1606 I android.hardware.thermal-service.qti: sensor: cpu-1-0-0 temperature: 89.9 old: 3 new: 0
09-26 11:52:00.902 31661 31681 V l2c_csm : system/stack/l2cap/l2c_csm.cc:1335 l2c_csm_open: LCID: 0x004c  st: OPEN  evt: L2CEVT_L2CAP_DATA(0x14) psm: BT_PSM_HIDI(0x0013)
09-26 11:52:00.902 31661 31681 V bluetooth: system/stack/hid/hidh_conn.cc:701 hidh_l2cif_data_ind: HID-Host hidh_l2cif_data_ind [l2cap_cid=0x004c]
09-26 11:52:00.902 31661 31681 V bt_bta_hh: system/bta/hh/bta_hh_act.cc:1144 bta_hh_cback: HID_event [HID_HDEV_EVT_INTR_DATA]
09-26 11:52:00.902 31661 31681 V l2c_csm : system/stack/l2cap/l2c_csm.cc:1514 l2c_csm_open: Exit chnl_state=CST_OPEN [6], event=L2CEVT_L2CAP_DATA(0x14) [20]
09-26 11:52:00.902 31661 31681 V bt_bta_sys_main: system/bta/sys/bta_sys_main.cc:71 bta_sys_event: Event 0x1704
09-26 11:52:00.902 31661 31681 V bt_bta_hh: system/bta/hh/bta_hh_main.cc:174 bta_hh_sm_execute: State BTA_HH_CONN_ST(3), Event BTA_HH_INT_DATA_EVT(5892) for xx:xx:xx:xx:2b:83[public][BT_TRANSPORT_BR_EDR]
09-26 11:52:00.902 31661 31681 V bluetooth: system/btif/co/bta_hh_co.cc:773 bta_hh_co_data: dev_handle = 0
09-26 11:52:00.902 31661 31681 V bluetooth: system/btif/co/bta_hh_co.cc:653 bta_hh_co_write: UHID write 16
09-26 11:52:00.912 31661 31681 V l2c_csm : system/stack/l2cap/l2c_csm.cc:1335 l2c_csm_open: LCID: 0x004c  st: OPEN  evt: L2CEVT_L2CAP_DATA(0x14) psm: BT_PSM_HIDI(0x0013)
09-26 11:52:00.912 31661 31681 V bluetooth: system/stack/hid/hidh_conn.cc:701 hidh_l2cif_data_ind: HID-Host hidh_l2cif_data_ind [l2cap_cid=0x004c]
09-26 11:52:00.912 31661 31681 V bt_bta_hh: system/bta/hh/bta_hh_act.cc:1144 bta_hh_cback: HID_event [HID_HDEV_EVT_INTR_DATA]
09-26 11:52:00.912 31661 31681 V l2c_csm : system/stack/l2cap/l2c_csm.cc:1514 l2c_csm_open: Exit chnl_state=CST_OPEN [6], event=L2CEVT_L2CAP_DATA(0x14) [20]
09-26 11:52:00.912 31661 31681 V bt_bta_sys_main: system/bta/sys/bta_sys_main.cc:71 bta_sys_event: Event 0x1704
09-26 11:52:00.912 31661 31681 V bt_bta_hh: system/bta/hh/bta_hh_main.cc:174 bta_hh_sm_execute: State BTA_HH_CONN_ST(3), Event BTA_HH_INT_DATA_EVT(5892) for xx:xx:xx:xx:2b:83[public][BT_TRANSPORT_BR_EDR]
09-26 11:52:00.912 31661 31681 V bluetooth: system/btif/co/bta_hh_co.cc:773 bta_hh_co_data: dev_handle = 0
09-26 11:52:00.912 31661 31681 V bluetooth: system/btif/co/bta_hh_co.cc:653 bta_hh_co_write: UHID write 16
09-26 11:52:00.918  1570  1606 I android.hardware.thermal-service.qti: sensor: cpu-1-0-0 temperature: 95 old: 0 new: 3
09-26 11:52:00.922 31661 31681 V l2c_csm : system/stack/l2cap/l2c_csm.cc:1335 l2c_csm_open: LCID: 0x004c  st: OPEN  evt: L2CEVT_L2CAP_DATA(0x14) psm: BT_PSM_HIDI(0x0013)
09-26 11:52:00.922 31661 31681 V bluetooth: system/stack/hid/hidh_conn.cc:701 hidh_l2cif_data_ind: HID-Host hidh_l2cif_data_ind [l2cap_cid=0x004c]
09-26 11:52:00.922 31661 31681 V bt_bta_hh: system/bta/hh/bta_hh_act.cc:1144 bta_hh_cback: HID_event [HID_HDEV_EVT_INTR_DATA]
09-26 11:52:00.922 31661 31681 V l2c_csm : system/stack/l2cap/l2c_csm.cc:1514 l2c_csm_open: Exit chnl_state=CST_OPEN [6], event=L2CEVT_L2CAP_DATA(0x14) [20]
09-26 11:52:00.922 31661 31681 V bt_bta_sys_main: system/bta/sys/bta_sys_main.cc:71 bta_sys_event: Event 0x1704
09-26 11:52:00.922 31661 31681 V bt_bta_hh: system/bta/hh/bta_hh_main.cc:174 bta_hh_sm_execute: State BTA_HH_CONN_ST(3), Event BTA_HH_INT_DATA_EVT(5892) for xx:xx:xx:xx:2b:83[public][BT_TRANSPORT_BR_EDR]
09-26 11:52:00.922 31661 31681 V bluetooth: system/btif/co/bta_hh_co.cc:773 bta_hh_co_data: dev_handle = 0
09-26 11:52:00.922 31661 31681 V bluetooth: system/btif/co/bta_hh_co.cc:653 bta_hh_co_write: UHID write 16
09-26 11:52:00.932 31661 31681 V l2c_csm : system/stack/l2cap/l2c_csm.cc:1335 l2c_csm_open: LCID: 0x004c  st: OPEN  evt: L2CEVT_L2CAP_DATA(0x14) psm: BT_PSM_HIDI(0x0013)
09-26 11:52:00.932 31661 31681 V bluetooth: system/stack/hid/hidh_conn.cc:701 hidh_l2cif_data_ind: HID-Host hidh_l2cif_data_ind [l2cap_cid=0x004c]
09-26 11:52:00.932 31661 31681 V bt_bta_hh: system/bta/hh/bta_hh_act.cc:1144 bta_hh_cback: HID_event [HID_HDEV_EVT_INTR_DATA]
09-26 11:52:00.932 31661 31681 V l2c_csm : system/stack/l2cap/l2c_csm.cc:1514 l2c_csm_open: Exit chnl_state=CST_OPEN [6], event=L2CEVT_L2CAP_DATA(0x14) [20]
09-26 11:52:00.932 31661 31681 V bt_bta_sys_main: system/bta/sys/bta_sys_main.cc:71 bta_sys_event: Event 0x1704
09-26 11:52:00.932 31661 31681 V bt_bta_hh: system/bta/hh/bta_hh_main.cc:174 bta_hh_sm_execute: State BTA_HH_CONN_ST(3), Event BTA_HH_INT_DATA_EVT(5892) for xx:xx:xx:xx:2b:83[public][BT_TRANSPORT_BR_EDR]
09-26 11:52:00.932 31661 31681 V bluetooth: system/btif/co/bta_hh_co.cc:773 bta_hh_co_data: dev_handle = 0
09-26 11:52:00.932 31661 31681 V bluetooth: system/btif/co/bta_hh_co.cc:653 bta_hh_co_write: UHID write 16
09-26 11:52:00.932  1570  1606 I android.hardware.thermal-service.qti: sensor: cpu-2-1-0 temperature: 95 old: 0 new: 3
09-26 11:52:00.936  1570  1606 I android.hardware.thermal-service.qti: sensor: cpu-1-2-0 temperature: 95.4 old: 0 new: 3
09-26 11:52:00.942 31661 31681 V l2c_csm : system/stack/l2cap/l2c_csm.cc:1335 l2c_csm_open: LCID: 0x004c  st: OPEN  evt: L2CEVT_L2CAP_DATA(0x14) psm: BT_PSM_HIDI(0x0013)
09-26 11:52:00.942 31661 31681 V bluetooth: system/stack/hid/hidh_conn.cc:701 hidh_l2cif_data_ind: HID-Host hidh_l2cif_data_ind [l2cap_cid=0x004c]
09-26 11:52:00.942 31661 31681 V bt_bta_hh: system/bta/hh/bta_hh_act.cc:1144 bta_hh_cback: HID_event [HID_HDEV_EVT_INTR_DATA]
09-26 11:52:00.942 31661 31681 V l2c_csm : system/stack/l2cap/l2c_csm.cc:1514 l2c_csm_open: Exit chnl_state=CST_OPEN [6], event=L2CEVT_L2CAP_DATA(0x14) [20]
09-26 11:52:00.942 31661 31681 V bt_bta_sys_main: system/bta/sys/bta_sys_main.cc:71 bta_sys_event: Event 0x1704
09-26 11:52:00.942 31661 31681 V bt_bta_hh: system/bta/hh/bta_hh_main.cc:174 bta_hh_sm_execute: State BTA_HH_CONN_ST(3), Event BTA_HH_INT_DATA_EVT(5892) for xx:xx:xx:xx:2b:83[public][BT_TRANSPORT_BR_EDR]
09-26 11:52:00.942 31661 31681 V bluetooth: system/btif/co/bta_hh_co.cc:773 bta_hh_co_data: dev_handle = 0
09-26 11:52:00.942 31661 31681 V bluetooth: system/btif/co/bta_hh_co.cc:653 bta_hh_co_write: UHID write 16
09-26 11:52:00.945  1787  1787 I vendor.rmt_storage: rmt_storage_connect_cb: clnt_h=0x1c3 conn_h=0xb4000072e569b110
09-26 11:52:00.945  1787  1787 I vendor.rmt_storage: rmt_storage_rw_iovec_cb: /boot/modem_fs1: req_h=0x1c3 msg_id=3: R/W request received (wr_count 437)
09-26 11:52:00.945  1787  1787 I vendor.rmt_storage: wakelock acquired: 0, error no: 11
09-26 11:52:00.945  1787  3058 I vendor.rmt_storage: rmt_storage_client_thread: /boot/modem_fs1: Unblock worker thread (th_id: 489444170752)
09-26 11:52:00.952 31661 31681 V l2c_csm : system/stack/l2cap/l2c_csm.cc:1335 l2c_csm_open: LCID: 0x004c  st: OPEN  evt: L2CEVT_L2CAP_DATA(0x14) psm: BT_PSM_HIDI(0x0013)
09-26 11:52:00.952 31661 31681 V bluetooth: system/stack/hid/hidh_conn.cc:701 hidh_l2cif_data_ind: HID-Host hidh_l2cif_data_ind [l2cap_cid=0x004c]
09-26 11:52:00.952 31661 31681 V bt_bta_hh: system/bta/hh/bta_hh_act.cc:1144 bta_hh_cback: HID_event [HID_HDEV_EVT_INTR_DATA]
09-26 11:52:00.952 31661 31681 V l2c_csm : system/stack/l2cap/l2c_csm.cc:1514 l2c_csm_open: Exit chnl_state=CST_OPEN [6], event=L2CEVT_L2CAP_DATA(0x14) [20]
09-26 11:52:00.952 31661 31681 V bt_bta_sys_main: system/bta/sys/bta_sys_main.cc:71 bta_sys_event: Event 0x1704
09-26 11:52:00.952 31661 31681 V bt_bta_hh: system/bta/hh/bta_hh_main.cc:174 bta_hh_sm_execute: State BTA_HH_CONN_ST(3), Event BTA_HH_INT_DATA_EVT(5892) for xx:xx:xx:xx:2b:83[public][BT_TRANSPORT_BR_EDR]
09-26 11:52:00.952 31661 31681 V bluetooth: system/btif/co/bta_hh_co.cc:773 bta_hh_co_data: dev_handle = 0
09-26 11:52:00.952 31661 31681 V bluetooth: system/btif/co/bta_hh_co.cc:653 bta_hh_co_write: UHID write 16
09-26 11:52:00.962  1616  1871 I SDM     : DisplayBase::CommitThread: Received idle timeout, panel: cmd, timeout: 70000 us
09-26 11:52:00.962 31661 31681 V l2c_csm : system/stack/l2cap/l2c_csm.cc:1335 l2c_csm_open: LCID: 0x004c  st: OPEN  evt: L2CEVT_L2CAP_DATA(0x14) psm: BT_PSM_HIDI(0x0013)
09-26 11:52:00.962 31661 31681 V bluetooth: system/stack/hid/hidh_conn.cc:701 hidh_l2cif_data_ind: HID-Host hidh_l2cif_data_ind [l2cap_cid=0x004c]
09-26 11:52:00.962 31661 31681 V bt_bta_hh: system/bta/hh/bta_hh_act.cc:1144 bta_hh_cback: HID_event [HID_HDEV_EVT_INTR_DATA]
09-26 11:52:00.962 31661 31681 V l2c_csm : system/stack/l2cap/l2c_csm.cc:1514 l2c_csm_open: Exit chnl_state=CST_OPEN [6], event=L2CEVT_L2CAP_DATA(0x14) [20]
09-26 11:52:00.962 31661 31681 V bt_bta_sys_main: system/bta/sys/bta_sys_main.cc:71 bta_sys_event: Event 0x1704
09-26 11:52:00.962 31661 31681 V bt_bta_hh: system/bta/hh/bta_hh_main.cc:174 bta_hh_sm_execute: State BTA_HH_CONN_ST(3), Event BTA_HH_INT_DATA_EVT(5892) for xx:xx:xx:xx:2b:83[public][BT_TRANSPORT_BR_EDR]
09-26 11:52:00.962 31661 31681 V bluetooth: system/btif/co/bta_hh_co.cc:773 bta_hh_co_data: dev_handle = 0
09-26 11:52:00.962 31661 31681 V bluetooth: system/btif/co/bta_hh_co.cc:653 bta_hh_co_write: UHID write 16
09-26 11:52:00.964  1768  1768 D SurfaceFlinger: initiateModeChange 4630946652107814787 {mode={fps=60.00 Hz, modePtr={id=1, vsyncRate=60.00 Hz, peakRefreshRate=60.00 Hz}}, emitEvent=false, force=false}
09-26 11:52:00.964  1616  2136 I SDM     : HWCDisplay::SetActiveConfigToIrisWrapper: SetActiveConfigToIrisWrapper on id_: 0
09-26 11:52:00.964  1616  2136 W SDM     : HWCDisplay::SetActiveConfigToIrisWrapper: HWC SetActiveConfig [0, 1], switch to [1264x2780@60]
09-26 11:52:00.965  1616  2136 W SDM     : HWDeviceDRM::GetSupportedBitClkRate: Requested rate not supported: 1012000000
09-26 11:52:00.965  1616  2136 I SDM     : HWDeviceDRM::UpdateMixerAttributes: Mixer WxH 1264x2780-1 for Peripheral
09-26 11:52:00.965  1616  2136 I CwbService: CwbService::notifyConfigChange: display:0, config:1 size:4, sec.size():0
09-26 11:52:00.965  1616  2136 I SDM     : HWCDisplay::SubmitDisplayConfig: Active configuration changed from config 0 to 1
09-26 11:52:00.968 14961 23120 D RPCS3   : sys_tty_write(ch=0, buf=*0x58bf20, len=63, pwritelen=*0xd000fde0)
09-26 11:52:00.968 14961 23120 D RPCS3   : sys_tty_write(): “BATCHJOB: AddJob: waiting for room in job list 3 for job 56...“ << endl
09-26 11:52:00.972  1768  1768 D SurfaceFlinger: initiateModeChange 4630946652107814787 {mode={fps=120.00 Hz, modePtr={id=0, vsyncRate=120.00 Hz, peakRefreshRate=120.00 Hz}}, emitEvent=false, force=false}
09-26 11:52:00.972  1616  2136 I SDM     : HWCDisplay::SetActiveConfigToIrisWrapper: SetActiveConfigToIrisWrapper on id_: 0
09-26 11:52:00.972  1616  2136 W SDM     : HWCDisplay::SetActiveConfigToIrisWrapper: HWC SetActiveConfig [1, 0], switch to [1264x2780@120]
09-26 11:52:00.972 31661 31681 V l2c_csm : system/stack/l2cap/l2c_csm.cc:1335 l2c_csm_open: LCID: 0x004c  st: OPEN  evt: L2CEVT_L2CAP_DATA(0x14) psm: BT_PSM_HIDI(0x0013)
09-26 11:52:00.972 31661 31681 V bluetooth: system/stack/hid/hidh_conn.cc:701 hidh_l2cif_data_ind: HID-Host hidh_l2cif_data_ind [l2cap_cid=0x004c]
09-26 11:52:00.972 31661 31681 V bt_bta_hh: system/bta/hh/bta_hh_act.cc:1144 bta_hh_cback: HID_event [HID_HDEV_EVT_INTR_DATA]
09-26 11:52:00.972 31661 31681 V l2c_csm : system/stack/l2cap/l2c_csm.cc:1514 l2c_csm_open: Exit chnl_state=CST_OPEN [6], event=L2CEVT_L2CAP_DATA(0x14) [20]
09-26 11:52:00.972 31661 31681 V bt_bta_sys_main: system/bta/sys/bta_sys_main.cc:71 bta_sys_event: Event 0x1704
09-26 11:52:00.972 31661 31681 V bt_bta_hh: system/bta/hh/bta_hh_main.cc:174 bta_hh_sm_execute: State BTA_HH_CONN_ST(3), Event BTA_HH_INT_DATA_EVT(5892) for xx:xx:xx:xx:2b:83[public][BT_TRANSPORT_BR_EDR]
09-26 11:52:00.972 31661 31681 V bluetooth: system/btif/co/bta_hh_co.cc:773 bta_hh_co_data: dev_handle = 0
09-26 11:52:00.972 31661 31681 V bluetooth: system/btif/co/bta_hh_co.cc:653 bta_hh_co_write: UHID write 16
09-26 11:52:00.972  1616  2136 W SDM     : HWDeviceDRM::GetSupportedBitClkRate: Requested rate not supported: 1012000000
09-26 11:52:00.973  1616  2136 I SDM     : HWDeviceDRM::UpdateMixerAttributes: Mixer WxH 1264x2780-1 for Peripheral
09-26 11:52:00.973  1616  2136 I CwbService: CwbService::notifyConfigChange: display:0, config:0 size:4, sec.size():0
09-26 11:52:00.973  1616  2136 I SDM     : HWCDisplay::SubmitDisplayConfig: Active configuration changed from config 1 to 0
09-26 11:52:00.982 31661 31681 V l2c_csm : system/stack/l2cap/l2c_csm.cc:1335 l2c_csm_open: LCID: 0x004c  st: OPEN  evt: L2CEVT_L2CAP_DATA(0x14) psm: BT_PSM_HIDI(0x0013)
09-26 11:52:00.982 31661 31681 V bluetooth: system/stack/hid/hidh_conn.cc:701 hidh_l2cif_data_ind: HID-Host hidh_l2cif_data_ind [l2cap_cid=0x004c]
09-26 11:52:00.982 31661 31681 V bt_bta_hh: system/bta/hh/bta_hh_act.cc:1144 bta_hh_cback: HID_event [HID_HDEV_EVT_INTR_DATA]
09-26 11:52:00.982 31661 31681 V l2c_csm : system/stack/l2cap/l2c_csm.cc:1514 l2c_csm_open: Exit chnl_state=CST_OPEN [6], event=L2CEVT_L2CAP_DATA(0x14) [20]
09-26 11:52:00.982 31661 31681 V bt_bta_sys_main: system/bta/sys/bta_sys_main.cc:71 bta_sys_event: Event 0x1704
09-26 11:52:00.982 31661 31681 V bt_bta_hh: system/bta/hh/bta_hh_main.cc:174 bta_hh_sm_execute: State BTA_HH_CONN_ST(3), Event BTA_HH_INT_DATA_EVT(5892) for xx:xx:xx:xx:2b:83[public][BT_TRANSPORT_BR_EDR]
09-26 11:52:00.982 31661 31681 V bluetooth: system/btif/co/bta_hh_co.cc:773 bta_hh_co_data: dev_handle = 0
09-26 11:52:00.982 31661 31681 V bluetooth: system/btif/co/bta_hh_co.cc:653 bta_hh_co_write: UHID write 16
09-26 11:52:00.983  1787  3058 I vendor.rmt_storage: rmt_storage_client_thread: /boot/modem_fs1: req_h=0x1c3 msg_id=3: Bytes written = 4194304, wr_count 437
09-26 11:52:00.983  1787  3058 I vendor.rmt_storage: rmt_storage_client_thread: /boot/modem_fs1: req_h=0x1c3 msg_id=3: Send response: res=0 err=0, wr_count 437
09-26 11:52:00.983  1787  3058 I vendor.rmt_storage: rmt_storage_client_thread: /boot/modem_fs1: About to block rmt_storage client thread (th_id: 489444170752) wakelock released: 1, error no: 0
09-26 11:52:00.983  1787  3058 I vendor.rmt_storage: 
09-26 11:52:00.985  1787  1787 I vendor.rmt_storage: rmt_storage_disconnect_cb: clnt_h=0x1c3 conn_h=0xb4000072e569b110
09-26 11:52:00.992 31661 31681 V l2c_csm : system/stack/l2cap/l2c_csm.cc:1335 l2c_csm_open: LCID: 0x004c  st: OPEN  evt: L2CEVT_L2CAP_DATA(0x14) psm: BT_PSM_HIDI(0x0013)
09-26 11:52:00.992 31661 31681 V bluetooth: system/stack/hid/hidh_conn.cc:701 hidh_l2cif_data_ind: HID-Host hidh_l2cif_data_ind [l2cap_cid=0x004c]
09-26 11:52:00.992 31661 31681 V bt_bta_hh: system/bta/hh/bta_hh_act.cc:1144 bta_hh_cback: HID_event [HID_HDEV_EVT_INTR_DATA]
09-26 11:52:00.992 31661 31681 V l2c_csm : system/stack/l2cap/l2c_csm.cc:1514 l2c_csm_open: Exit chnl_state=CST_OPEN [6], event=L2CEVT_L2CAP_DATA(0x14) [20]
09-26 11:52:00.992 31661 31681 V bt_bta_sys_main: system/bta/sys/bta_sys_main.cc:71 bta_sys_event: Event 0x1704
09-26 11:52:00.992 31661 31681 V bt_bta_hh: system/bta/hh/bta_hh_main.cc:174 bta_hh_sm_execute: State BTA_HH_CONN_ST(3), Event BTA_HH_INT_DATA_EVT(5892) for xx:xx:xx:xx:2b:83[public][BT_TRANSPORT_BR_EDR]
09-26 11:52:00.992 31661 31681 V bluetooth: system/btif/co/bta_hh_co.cc:773 bta_hh_co_data: dev_handle = 0
09-26 11:52:00.992 31661 31681 V bluetooth: system/btif/co/bta_hh_co.cc:653 bta_hh_co_write: UHID write 16
09-26 11:52:01.000 15409 15514 I AiAiEcho: Predicting[14]: { Feature:1, creation:2026-09-26T05:32:00Z, expiry:2026-09-26T06:00:00Z, isExpired: true}, { Feature:1, creation:2026-09-26T06:00:00Z, expiry:2026-09-26T07:00:00Z, isExpired: false}, { Feature:1, creation:2026-09-26T07:00:00Z, expiry:2026-09-26T07:00:00Z, isExpired: true}, { Feature:1, creation:2026-09-26T08:00:00Z, expiry:2026-09-26T08:00:00Z, isExpired: true}, { Feature:1, creation:2026-09-26T09:00:00Z, expiry:2026-09-26T09:00:00Z, isExpired: true}, { Feature:1, creation:2026-09-26T10:00:00Z, expiry:2026-09-26T10:00:00Z, isExpired: true}, { Feature:1, creation:2026-09-26T11:00:00Z, expiry:2026-09-26T11:00:00Z, isExpired: true}, { Feature:2, creation:2026-09-27T14:00:00Z, expiry:2026-09-26T06:23:01Z, isExpired: true}, { Feature:2, creation:2026-09-27T08:00:00Z, expiry:2026-09-26T06:23:01Z, isExpired: true}, { Feature:2, creation:2026-09-27T14:30:00Z, expiry:2026-09-26T06:23:01Z, isExpired: true}, { Feature:2, creation:2026-09-27T15:30:00Z, expiry:2026-09-26T06:23:01Z, isExpired: true}, { Feature:2, creation:2026-09-27T22:30:00Z, expiry:2026-09-26T06:23:01Z, isExpired: true}, { Feature:2, creation:2026-09-28T00:00:00Z, expiry:2026-09-26T06:23:01Z, isExpired: true}, { Feature:2, creation:2026-09-27T16:00:00Z, expiry:2026-09-26T06:23:01Z, isExpired: true}
09-26 11:52:01.000 15409 15514 I AiAiEcho: [CONTEXT sampling_count=5 ]
09-26 11:52:01.001 15409 15514 I AiAiEcho: EchoTargets: Feature:1
09-26 11:52:01.001 15409 15514 I AiAiEcho: Filtered by AiAi flag check: 
09-26 11:52:01.001 15409 15514 I AiAiEcho: [CONTEXT ratelimit_period="10 SECONDS" ]
09-26 11:52:01.001 15409 15514 I AiAiEcho: Predicting[14]: { Feature:1, creation:2026-09-26T05:32:00Z, expiry:2026-09-26T06:00:00Z, isExpired: true}, { Feature:1, creation:2026-09-26T06:00:00Z, expiry:2026-09-26T07:00:00Z, isExpired: false}, { Feature:1, creation:2026-09-26T07:00:00Z, expiry:2026-09-26T07:00:00Z, isExpired: true}, { Feature:1, creation:2026-09-26T08:00:00Z, expiry:2026-09-26T08:00:00Z, isExpired: true}, { Feature:1, creation:2026-09-26T09:00:00Z, expiry:2026-09-26T09:00:00Z, isExpired: true}, { Feature:1, creation:2026-09-26T10:00:00Z, expiry:2026-09-26T10:00:00Z, isExpired: true}, { Feature:1, creation:2026-09-26T11:00:00Z, expiry:2026-09-26T11:00:00Z, isExpired: true}, { Feature:2, creation:2026-09-27T14:00:00Z, expiry:2026-09-26T06:23:01Z, isExpired: true}, { Feature:2, creation:2026-09-27T08:00:00Z, expiry:2026-09-26T06:23:01Z, isExpired: true}, { Feature:2, creation:2026-09-27T14:30:00Z, expiry:2026-09-26T06:23:01Z, isExpired: true}, { Feature:2, creation:2026-09-27T15:30:00Z, expiry:2026-09-26T06:23:01Z, isExpired: true}, { Feature:2, creation:2026-09-27T22:30:00Z, expiry:2026-09-26T06:23:01Z, isExpired: true}, { Feature:2, creation:2026-09-28T00:00:00Z, expiry:2026-09-26T06:23:01Z, isExpired: true}, { Feature:2, creation:2026-09-27T16:00:00Z, expiry:2026-09-26T06:23:01Z, isExpired: true}
09-26 11:52:01.001 15409 15514 I AiAiEcho: [CONTEXT sampling_count=5 ]
09-26 11:52:01.001 15409 15514 I AiAiEcho: EchoTargets: Feature:1
09-26 11:52:01.001 15409 15514 I AiAiEcho: Filtered by AiAi flag check: 
09-26 11:52:01.001 15409 15514 I AiAiEcho: [CONTEXT ratelimit_period="10 SECONDS" ]
09-26 11:52:01.001 15409 15514 I AiAiEcho: #weatherTwiddler: Weather removes SubtitleSupplementalItem in surface: lockscreen [CONTEXT ratelimit_period="10 SECONDS" ]
09-26 11:52:01.002 15409 15514 I AiAiEcho: #postPredictionTargets: Sending updates to UISurface glanceable_hub with targets# 0 (types=[])
09-26 11:52:01.002 31661 31681 V l2c_csm : system/stack/l2cap/l2c_csm.cc:1335 l2c_csm_open: LCID: 0x004c  st: OPEN  evt: L2CEVT_L2CAP_DATA(0x14) psm: BT_PSM_HIDI(0x0013)
09-26 11:52:01.002 31661 31681 V bluetooth: system/stack/hid/hidh_conn.cc:701 hidh_l2cif_data_ind: HID-Host hidh_l2cif_data_ind [l2cap_cid=0x004c]
09-26 11:52:01.002 31661 31681 V bt_bta_hh: system/bta/hh/bta_hh_act.cc:1144 bta_hh_cback: HID_event [HID_HDEV_EVT_INTR_DATA]
09-26 11:52:01.002 31661 31681 V l2c_csm : system/stack/l2cap/l2c_csm.cc:1514 l2c_csm_open: Exit chnl_state=CST_OPEN [6], event=L2CEVT_L2CAP_DATA(0x14) [20]
09-26 11:52:01.002 31661 31681 V bt_bta_sys_main: system/bta/sys/bta_sys_main.cc:71 bta_sys_event: Event 0x1704
09-26 11:52:01.002 31661 31681 V bt_bta_hh: system/bta/hh/bta_hh_main.cc:174 bta_hh_sm_execute: State BTA_HH_CONN_ST(3), Event BTA_HH_INT_DATA_EVT(5892) for xx:xx:xx:xx:2b:83[public][BT_TRANSPORT_BR_EDR]
09-26 11:52:01.002 31661 31681 V bluetooth: system/btif/co/bta_hh_co.cc:773 bta_hh_co_data: dev_handle = 0
09-26 11:52:01.002 31661 31681 V bluetooth: system/btif/co/bta_hh_co.cc:653 bta_hh_co_write: UHID write 16
09-26 11:52:01.003 15409 15514 I AiAiEcho: #postPredictionTargets: Sending updates to UISurface lockscreen with targets# 1 (types=[1])
09-26 11:52:01.005 13007 13007 I WeatherSmartspaceView: setFormattedContentDescription: text=29°C, iconDescription=Chance of showers, contentDescription=Chance of showers, 29°C
09-26 11:52:01.005 13007 13007 I WeatherSmartspaceView: setFormattedContentDescription: text=29°C, iconDescription=Chance of showers, contentDescription=Chance of showers, 29°C
09-26 11:52:01.005 13007 13007 I WeatherData: Weather data parsed DRIZZLE ("Chance of showers") 29°C from Bundle[{description=Chance of showers, feedback_intent=null, explanation_intent=Supplier{VAL_PARCELABLE@160+1744}, is_gaia_linked_data=true, use_celsius=true, state=11, temperature=29}]
09-26 11:52:01.012 31661 31681 V l2c_csm : system/stack/l2cap/l2c_csm.cc:1335 l2c_csm_open: LCID: 0x004c  st: OPEN  evt: L2CEVT_L2CAP_DATA(0x14) psm: BT_PSM_HIDI(0x0013)
09-26 11:52:01.012 31661 31681 V bluetooth: system/stack/hid/hidh_conn.cc:701 hidh_l2cif_data_ind: HID-Host hidh_l2cif_data_ind [l2cap_cid=0x004c]
09-26 11:52:01.012 31661 31681 V bt_bta_hh: system/bta/hh/bta_hh_act.cc:1144 bta_hh_cback: HID_event [HID_HDEV_EVT_INTR_DATA]
09-26 11:52:01.012 31661 31681 V l2c_csm : system/stack/l2cap/l2c_csm.cc:1514 l2c_csm_open: Exit chnl_state=CST_OPEN [6], event=L2CEVT_L2CAP_DATA(0x14) [20]
09-26 11:52:01.012 31661 31681 V bt_bta_sys_main: system/bta/sys/bta_sys_main.cc:71 bta_sys_event: Event 0x1704
09-26 11:52:01.012 31661 31681 V bt_bta_hh: system/bta/hh/bta_hh_main.cc:174 bta_hh_sm_execute: State BTA_HH_CONN_ST(3), Event BTA_HH_INT_DATA_EVT(5892) for xx:xx:xx:xx:2b:83[public][BT_TRANSPORT_BR_EDR]
09-26 11:52:01.012 31661 31681 V bluetooth: system/btif/co/bta_hh_co.cc:773 bta_hh_co_data: dev_handle = 0
09-26 11:52:01.012 31661 31681 V bluetooth: system/btif/co/bta_hh_co.cc:653 bta_hh_co_write: UHID write 16
09-26 11:52:01.022 31661 31681 V l2c_csm : system/stack/l2cap/l2c_csm.cc:1335 l2c_csm_open: LCID: 0x004c  st: OPEN  evt: L2CEVT_L2CAP_DATA(0x14) psm: BT_PSM_HIDI(0x0013)
09-26 11:52:01.022 31661 31681 V bluetooth: system/stack/hid/hidh_conn.cc:701 hidh_l2cif_data_ind: HID-Host hidh_l2cif_data_ind [l2cap_cid=0x004c]
09-26 11:52:01.022 31661 31681 V bt_bta_hh: system/bta/hh/bta_hh_act.cc:1144 bta_hh_cback: HID_event [HID_HDEV_EVT_INTR_DATA]
09-26 11:52:01.022 31661 31681 V l2c_csm : system/stack/l2cap/l2c_csm.cc:1514 l2c_csm_open: Exit chnl_state=CST_OPEN [6], event=L2CEVT_L2CAP_DATA(0x14) [20]
09-26 11:52:01.022 31661 31681 V bt_bta_sys_main: system/bta/sys/bta_sys_main.cc:71 bta_sys_event: Event 0x1704
09-26 11:52:01.022 31661 31681 V bt_bta_hh: system/bta/hh/bta_hh_main.cc:174 bta_hh_sm_execute: State BTA_HH_CONN_ST(3), Event BTA_HH_INT_DATA_EVT(5892) for xx:xx:xx:xx:2b:83[public][BT_TRANSPORT_BR_EDR]
09-26 11:52:01.022 31661 31681 V bluetooth: system/btif/co/bta_hh_co.cc:773 bta_hh_co_data: dev_handle = 0
09-26 11:52:01.022 31661 31681 V bluetooth: system/btif/co/bta_hh_co.cc:653 bta_hh_co_write: UHID write 16
09-26 11:52:01.032 31661 31681 V l2c_csm : system/stack/l2cap/l2c_csm.cc:1335 l2c_csm_open: LCID: 0x004c  st: OPEN  evt: L2CEVT_L2CAP_DATA(0x14) psm: BT_PSM_HIDI(0x0013)
09-26 11:52:01.032 31661 31681 V bluetooth: system/stack/hid/hidh_conn.cc:701 hidh_l2cif_data_ind: HID-Host hidh_l2cif_data_ind [l2cap_cid=0x004c]
09-26 11:52:01.032 31661 31681 V bt_bta_hh: system/bta/hh/bta_hh_act.cc:1144 bta_hh_cback: HID_event [HID_HDEV_EVT_INTR_DATA]
09-26 11:52:01.032 31661 31681 V l2c_csm : system/stack/l2cap/l2c_csm.cc:1514 l2c_csm_open: Exit chnl_state=CST_OPEN [6], event=L2CEVT_L2CAP_DATA(0x14) [20]
09-26 11:52:01.032 31661 31681 V bt_bta_sys_main: system/bta/sys/bta_sys_main.cc:71 bta_sys_event: Event 0x1704
09-26 11:52:01.032 31661 31681 V bt_bta_hh: system/bta/hh/bta_hh_main.cc:174 bta_hh_sm_execute: State BTA_HH_CONN_ST(3), Event BTA_HH_INT_DATA_EVT(5892) for xx:xx:xx:xx:2b:83[public][BT_TRANSPORT_BR_EDR]
09-26 11:52:01.032 31661 31681 V bluetooth: system/btif/co/bta_hh_co.cc:773 bta_hh_co_data: dev_handle = 0
09-26 11:52:01.032 31661 31681 V bluetooth: system/btif/co/bta_hh_co.cc:653 bta_hh_co_write: UHID write 16
09-26 11:52:01.042 31661 31681 V l2c_csm : system/stack/l2cap/l2c_csm.cc:1335 l2c_csm_open: LCID: 0x004c  st: OPEN  evt: L2CEVT_L2CAP_DATA(0x14) psm: BT_PSM_HIDI(0x0013)
09-26 11:52:01.042 31661 31681 V bluetooth: system/stack/hid/hidh_conn.cc:701 hidh_l2cif_data_ind: HID-Host hidh_l2cif_data_ind [l2cap_cid=0x004c]
09-26 11:52:01.042 31661 31681 V bt_bta_hh: system/bta/hh/bta_hh_act.cc:1144 bta_hh_cback: HID_event [HID_HDEV_EVT_INTR_DATA]
09-26 11:52:01.042 31661 31681 V l2c_csm : system/stack/l2cap/l2c_csm.cc:1514 l2c_csm_open: Exit chnl_state=CST_OPEN [6], event=L2CEVT_L2CAP_DATA(0x14) [20]
09-26 11:52:01.042 31661 31681 V bt_bta_sys_main: system/bta/sys/bta_sys_main.cc:71 bta_sys_event: Event 0x1704
09-26 11:52:01.042 31661 31681 V bt_bta_hh: system/bta/hh/bta_hh_main.cc:174 bta_hh_sm_execute: State BTA_HH_CONN_ST(3), Event BTA_HH_INT_DATA_EVT(5892) for xx:xx:xx:xx:2b:83[public][BT_TRANSPORT_BR_EDR]
09-26 11:52:01.042 31661 31681 V bluetooth: system/btif/co/bta_hh_co.cc:773 bta_hh_co_data: dev_handle = 0
09-26 11:52:01.042 31661 31681 V bluetooth: system/btif/co/bta_hh_co.cc:653 bta_hh_co_write: UHID write 16
09-26 11:52:01.046  1570  1606 I android.hardware.thermal-service.qti: sensor: cpu-1-2-0 temperature: 89.9 old: 3 new: 0
09-26 11:52:01.052 31661 31681 V l2c_csm : system/stack/l2cap/l2c_csm.cc:1335 l2c_csm_open: LCID: 0x004c  st: OPEN  evt: L2CEVT_L2CAP_DATA(0x14) psm: BT_PSM_HIDI(0x0013)
09-26 11:52:01.052 31661 31681 V bluetooth: system/stack/hid/hidh_conn.cc:701 hidh_l2cif_data_ind: HID-Host hidh_l2cif_data_ind [l2cap_cid=0x004c]
09-26 11:52:01.052 31661 31681 V bt_bta_hh: system/bta/hh/bta_hh_act.cc:1144 bta_hh_cback: HID_event [HID_HDEV_EVT_INTR_DATA]
09-26 11:52:01.052 31661 31681 V l2c_csm : system/stack/l2cap/l2c_csm.cc:1514 l2c_csm_open: Exit chnl_state=CST_OPEN [6], event=L2CEVT_L2CAP_DATA(0x14) [20]
09-26 11:52:01.052 31661 31681 V bt_bta_sys_main: system/bta/sys/bta_sys_main.cc:71 bta_sys_event: Event 0x1704
09-26 11:52:01.052 31661 31681 V bt_bta_hh: system/bta/hh/bta_hh_main.cc:174 bta_hh_sm_execute: State BTA_HH_CONN_ST(3), Event BTA_HH_INT_DATA_EVT(5892) for xx:xx:xx:xx:2b:83[public][BT_TRANSPORT_BR_EDR]
09-26 11:52:01.052 31661 31681 V bluetooth: system/btif/co/bta_hh_co.cc:773 bta_hh_co_data: dev_handle = 0
09-26 11:52:01.052 31661 31681 V bluetooth: system/btif/co/bta_hh_co.cc:653 bta_hh_co_write: UHID write 16
09-26 11:52:01.055  1768  1768 D SurfaceFlinger: initiateModeChange 4630946652107814787 {mode={fps=60.00 Hz, modePtr={id=1, vsyncRate=60.00 Hz, peakRefreshRate=60.00 Hz}}, emitEvent=false, force=false}
09-26 11:52:01.055  1616  2136 I SDM     : HWCDisplay::SetActiveConfigToIrisWrapper: SetActiveConfigToIrisWrapper on id_: 0
09-26 11:52:01.055  1616  2136 W SDM     : HWCDisplay::SetActiveConfigToIrisWrapper: HWC SetActiveConfig [0, 1], switch to [1264x2780@60]
09-26 11:52:01.056  1616  2136 W SDM     : HWDeviceDRM::GetSupportedBitClkRate: Requested rate not supported: 1012000000
09-26 11:52:01.056  1616  2136 I SDM     : HWDeviceDRM::UpdateMixerAttributes: Mixer WxH 1264x2780-1 for Peripheral
09-26 11:52:01.056  1616  2136 I CwbService: CwbService::notifyConfigChange: display:0, config:1 size:4, sec.size():0
09-26 11:52:01.056  1616  2136 I SDM     : HWCDisplay::SubmitDisplayConfig: Active configuration changed from config 0 to 1
09-26 11:52:01.062 31661 31681 V l2c_csm : system/stack/l2cap/l2c_csm.cc:1335 l2c_csm_open: LCID: 0x004c  st: OPEN  evt: L2CEVT_L2CAP_DATA(0x14) psm: BT_PSM_HIDI(0x0013)
09-26 11:52:01.062 31661 31681 V bluetooth: system/stack/hid/hidh_conn.cc:701 hidh_l2cif_data_ind: HID-Host hidh_l2cif_data_ind [l2cap_cid=0x004c]
09-26 11:52:01.062 31661 31681 V bt_bta_hh: system/bta/hh/bta_hh_act.cc:1144 bta_hh_cback: HID_event [HID_HDEV_EVT_INTR_DATA]
09-26 11:52:01.062 31661 31681 V l2c_csm : system/stack/l2cap/l2c_csm.cc:1514 l2c_csm_open: Exit chnl_state=CST_OPEN [6], event=L2CEVT_L2CAP_DATA(0x14) [20]
09-26 11:52:01.062 31661 31681 V bt_bta_sys_main: system/bta/sys/bta_sys_main.cc:71 bta_sys_event: Event 0x1704
09-26 11:52:01.062 31661 31681 V bt_bta_hh: system/bta/hh/bta_hh_main.cc:174 bta_hh_sm_execute: State BTA_HH_CONN_ST(3), Event BTA_HH_INT_DATA_EVT(5892) for xx:xx:xx:xx:2b:83[public][BT_TRANSPORT_BR_EDR]
09-26 11:52:01.062 31661 31681 V bluetooth: system/btif/co/bta_hh_co.cc:773 bta_hh_co_data: dev_handle = 0
09-26 11:52:01.062 31661 31681 V bluetooth: system/btif/co/bta_hh_co.cc:653 bta_hh_co_write: UHID write 16
09-26 11:52:01.072 31661 31681 V l2c_csm : system/stack/l2cap/l2c_csm.cc:1335 l2c_csm_open: LCID: 0x004c  st: OPEN  evt: L2CEVT_L2CAP_DATA(0x14) psm: BT_PSM_HIDI(0x0013)
09-26 11:52:01.072 31661 31681 V bluetooth: system/stack/hid/hidh_conn.cc:701 hidh_l2cif_data_ind: HID-Host hidh_l2cif_data_ind [l2cap_cid=0x004c]
09-26 11:52:01.072 14961 23120 D RPCS3   : sys_tty_write(ch=0, buf=*0x58bf20, len=63, pwritelen=*0xd000fde0)
09-26 11:52:01.072 31661 31681 V bt_bta_hh: system/bta/hh/bta_hh_act.cc:1144 bta_hh_cback: HID_event [HID_HDEV_EVT_INTR_DATA]
09-26 11:52:01.072 14961 23120 D RPCS3   : sys_tty_write(): “BATCHJOB: AddJob: waiting for room in job list 3 for job 56...“ << endl
09-26 11:52:01.072 31661 31681 V l2c_csm : system/stack/l2cap/l2c_csm.cc:1514 l2c_csm_open: Exit chnl_state=CST_OPEN [6], event=L2CEVT_L2CAP_DATA(0x14) [20]
09-26 11:52:01.072 31661 31681 V bt_bta_sys_main: system/bta/sys/bta_sys_main.cc:71 bta_sys_event: Event 0x1704
09-26 11:52:01.072 31661 31681 V bt_bta_hh: system/bta/hh/bta_hh_main.cc:174 bta_hh_sm_execute: State BTA_HH_CONN_ST(3), Event BTA_HH_INT_DATA_EVT(5892) for xx:xx:xx:xx:2b:83[public][BT_TRANSPORT_BR_EDR]
09-26 11:52:01.072 31661 31681 V bluetooth: system/btif/co/bta_hh_co.cc:773 bta_hh_co_data: dev_handle = 0
09-26 11:52:01.072 31661 31681 V bluetooth: system/btif/co/bta_hh_co.cc:653 bta_hh_co_write: UHID write 16
09-26 11:52:01.082 31661 31681 V l2c_csm : system/stack/l2cap/l2c_csm.cc:1335 l2c_csm_open: LCID: 0x004c  st: OPEN  evt: L2CEVT_L2CAP_DATA(0x14) psm: BT_PSM_HIDI(0x0013)
09-26 11:52:01.082 31661 31681 V bluetooth: system/stack/hid/hidh_conn.cc:701 hidh_l2cif_data_ind: HID-Host hidh_l2cif_data_ind [l2cap_cid=0x004c]
09-26 11:52:01.082 31661 31681 V bt_bta_hh: system/bta/hh/bta_hh_act.cc:1144 bta_hh_cback: HID_event [HID_HDEV_EVT_INTR_DATA]
09-26 11:52:01.082 31661 31681 V l2c_csm : system/stack/l2cap/l2c_csm.cc:1514 l2c_csm_open: Exit chnl_state=CST_OPEN [6], event=L2CEVT_L2CAP_DATA(0x14) [20]
09-26 11:52:01.082 31661 31681 V bt_bta_sys_main: system/bta/sys/bta_sys_main.cc:71 bta_sys_event: Event 0x1704
09-26 11:52:01.082 31661 31681 V bt_bta_hh: system/bta/hh/bta_hh_main.cc:174 bta_hh_sm_execute: State BTA_HH_CONN_ST(3), Event BTA_HH_INT_DATA_EVT(5892) for xx:xx:xx:xx:2b:83[public][BT_TRANSPORT_BR_EDR]
09-26 11:52:01.082 31661 31681 V bluetooth: system/btif/co/bta_hh_co.cc:773 bta_hh_co_data: dev_handle = 0
09-26 11:52:01.082 31661 31681 V bluetooth: system/btif/co/bta_hh_co.cc:653 bta_hh_co_write: UHID write 16
09-26 11:52:01.084  1570  1606 I android.hardware.thermal-service.qti: sensor: cpu-1-2-0 temperature: 95 old: 0 new: 3
09-26 11:52:01.092 31661 31681 V l2c_csm : system/stack/l2cap/l2c_csm.cc:1335 l2c_csm_open: LCID: 0x004c  st: OPEN  evt: L2CEVT_L2CAP_DATA(0x14) psm: BT_PSM_HIDI(0x0013)
09-26 11:52:01.092 31661 31681 V bluetooth: system/stack/hid/hidh_conn.cc:701 hidh_l2cif_data_ind: HID-Host hidh_l2cif_data_ind [l2cap_cid=0x004c]
09-26 11:52:01.092 31661 31681 V bt_bta_hh: system/bta/hh/bta_hh_act.cc:1144 bta_hh_cback: HID_event [HID_HDEV_EVT_INTR_DATA]
09-26 11:52:01.092 31661 31681 V l2c_csm : system/stack/l2cap/l2c_csm.cc:1514 l2c_csm_open: Exit chnl_state=CST_OPEN [6], event=L2CEVT_L2CAP_DATA(0x14) [20]
09-26 11:52:01.092 31661 31681 V bt_bta_sys_main: system/bta/sys/bta_sys_main.cc:71 bta_sys_event: Event 0x1704
09-26 11:52:01.092 31661 31681 V bt_bta_hh: system/bta/hh/bta_hh_main.cc:174 bta_hh_sm_execute: State BTA_HH_CONN_ST(3), Event BTA_HH_INT_DATA_EVT(5892) for xx:xx:xx:xx:2b:83[public][BT_TRANSPORT_BR_EDR]
09-26 11:52:01.092 31661 31681 V bluetooth: system/btif/co/bta_hh_co.cc:773 bta_hh_co_data: dev_handle = 0
09-26 11:52:01.092 31661 31681 V bluetooth: system/btif/co/bta_hh_co.cc:653 bta_hh_co_write: UHID write 16
09-26 11:52:01.097  1768  1768 D SurfaceFlinger: initiateModeChange 4630946652107814787 {mode={fps=120.00 Hz, modePtr={id=0, vsyncRate=120.00 Hz, peakRefreshRate=120.00 Hz}}, emitEvent=false, force=false}
09-26 11:52:01.097  1616  2136 I SDM     : HWCDisplay::SetActiveConfigToIrisWrapper: SetActiveConfigToIrisWrapper on id_: 0
09-26 11:52:01.097  1616  2136 W SDM     : HWCDisplay::SetActiveConfigToIrisWrapper: HWC SetActiveConfig [1, 0], switch to [1264x2780@120]
09-26 11:52:01.098  1616  2136 W SDM     : HWDeviceDRM::GetSupportedBitClkRate: Requested rate not supported: 1012000000
09-26 11:52:01.098  1616  2136 I SDM     : HWDeviceDRM::UpdateMixerAttributes: Mixer WxH 1264x2780-1 for Peripheral
09-26 11:52:01.098  1616  2136 I CwbService: CwbService::notifyConfigChange: display:0, config:0 size:4, sec.size():0
09-26 11:52:01.098  1616  2136 I SDM     : HWCDisplay::SubmitDisplayConfig: Active configuration changed from config 1 to 0
09-26 11:52:01.102 31661 31681 V l2c_csm : system/stack/l2cap/l2c_csm.cc:1335 l2c_csm_open: LCID: 0x004c  st: OPEN  evt: L2CEVT_L2CAP_DATA(0x14) psm: BT_PSM_HIDI(0x0013)
09-26 11:52:01.102 31661 31681 V bluetooth: system/stack/hid/hidh_conn.cc:701 hidh_l2cif_data_ind: HID-Host hidh_l2cif_data_ind [l2cap_cid=0x004c]
09-26 11:52:01.102 31661 31681 V bt_bta_hh: system/bta/hh/bta_hh_act.cc:1144 bta_hh_cback: HID_event [HID_HDEV_EVT_INTR_DATA]
09-26 11:52:01.102 31661 31681 V l2c_csm : system/stack/l2cap/l2c_csm.cc:1514 l2c_csm_open: Exit chnl_state=CST_OPEN [6], event=L2CEVT_L2CAP_DATA(0x14) [20]
09-26 11:52:01.102 31661 31681 V bt_bta_sys_main: system/bta/sys/bta_sys_main.cc:71 bta_sys_event: Event 0x1704
09-26 11:52:01.102 31661 31681 V bt_bta_hh: system/bta/hh/bta_hh_main.cc:174 bta_hh_sm_execute: State BTA_HH_CONN_ST(3), Event BTA_HH_INT_DATA_EVT(5892) for xx:xx:xx:xx:2b:83[public][BT_TRANSPORT_BR_EDR]
09-26 11:52:01.102 31661 31681 V bluetooth: system/btif/co/bta_hh_co.cc:773 bta_hh_co_data: dev_handle = 0
09-26 11:52:01.102 31661 31681 V bluetooth: system/btif/co/bta_hh_co.cc:653 bta_hh_co_write: UHID write 16
09-26 11:52:01.112 31661 31681 V l2c_csm : system/stack/l2cap/l2c_csm.cc:1335 l2c_csm_open: LCID: 0x004c  st: OPEN  evt: L2CEVT_L2CAP_DATA(0x14) psm: BT_PSM_HIDI(0x0013)
09-26 11:52:01.112 31661 31681 V bluetooth: system/stack/hid/hidh_conn.cc:701 hidh_l2cif_data_ind: HID-Host hidh_l2cif_data_ind [l2cap_cid=0x004c]
09-26 11:52:01.112 31661 31681 V bt_bta_hh: system/bta/hh/bta_hh_act.cc:1144 bta_hh_cback: HID_event [HID_HDEV_EVT_INTR_DATA]
09-26 11:52:01.112 31661 31681 V l2c_csm : system/stack/l2cap/l2c_csm.cc:1514 l2c_csm_open: Exit chnl_state=CST_OPEN [6], event=L2CEVT_L2CAP_DATA(0x14) [20]
09-26 11:52:01.112 31661 31681 V bt_bta_sys_main: system/bta/sys/bta_sys_main.cc:71 bta_sys_event: Event 0x1704
09-26 11:52:01.112 31661 31681 V bt_bta_hh: system/bta/hh/bta_hh_main.cc:174 bta_hh_sm_execute: State BTA_HH_CONN_ST(3), Event BTA_HH_INT_DATA_EVT(5892) for xx:xx:xx:xx:2b:83[public][BT_TRANSPORT_BR_EDR]
09-26 11:52:01.112 31661 31681 V bluetooth: system/btif/co/bta_hh_co.cc:773 bta_hh_co_data: dev_handle = 0
09-26 11:52:01.112 31661 31681 V bluetooth: system/btif/co/bta_hh_co.cc:653 bta_hh_co_write: UHID write 16
09-26 11:52:01.120 14961 15002 D S3PERF  : crosscheck ui_snapshot_fps=10.0535 ui_snapshot_frametime_ms=111.65
09-26 11:52:01.122 31661 31681 V l2c_csm : system/stack/l2cap/l2c_csm.cc:1335 l2c_csm_open: LCID: 0x004c  st: OPEN  evt: L2CEVT_L2CAP_DATA(0x14) psm: BT_PSM_HIDI(0x0013)
09-26 11:52:01.122 31661 31681 V bluetooth: system/stack/hid/hidh_conn.cc:701 hidh_l2cif_data_ind: HID-Host hidh_l2cif_data_ind [l2cap_cid=0x004c]
09-26 11:52:01.122 31661 31681 V bt_bta_hh: system/bta/hh/bta_hh_act.cc:1144 bta_hh_cback: HID_event [HID_HDEV_EVT_INTR_DATA]
09-26 11:52:01.122 31661 31681 V l2c_csm : system/stack/l2cap/l2c_csm.cc:1514 l2c_csm_open: Exit chnl_state=CST_OPEN [6], event=L2CEVT_L2CAP_DATA(0x14) [20]
09-26 11:52:01.122 31661 31681 V bt_bta_sys_main: system/bta/sys/bta_sys_main.cc:71 bta_sys_event: Event 0x1704
09-26 11:52:01.122 31661 31681 V bt_bta_hh: system/bta/hh/bta_hh_main.cc:174 bta_hh_sm_execute: State BTA_HH_CONN_ST(3), Event BTA_HH_INT_DATA_EVT(5892) for xx:xx:xx:xx:2b:83[public][BT_TRANSPORT_BR_EDR]
09-26 11:52:01.122 31661 31681 V bluetooth: system/btif/co/bta_hh_co.cc:773 bta_hh_co_data: dev_handle = 0
09-26 11:52:01.122 31661 31681 V bluetooth: system/btif/co/bta_hh_co.cc:653 bta_hh_co_write: UHID write 16
09-26 11:52:01.132 31661 31681 V l2c_csm : system/stack/l2cap/l2c_csm.cc:1335 l2c_csm_open: LCID: 0x004c  st: OPEN  evt: L2CEVT_L2CAP_DATA(0x14) psm: BT_PSM_HIDI(0x0013)
09-26 11:52:01.132 31661 31681 V bluetooth: system/stack/hid/hidh_conn.cc:701 hidh_l2cif_data_ind: HID-Host hidh_l2cif_data_ind [l2cap_cid=0x004c]
09-26 11:52:01.132 31661 31681 V bt_bta_hh: system/bta/hh/bta_hh_act.cc:1144 bta_hh_cback: HID_event [HID_HDEV_EVT_INTR_DATA]
09-26 11:52:01.132 31661 31681 V l2c_csm : system/stack/l2cap/l2c_csm.cc:1514 l2c_csm_open: Exit chnl_state=CST_OPEN [6], event=L2CEVT_L2CAP_DATA(0x14) [20]
09-26 11:52:01.132 31661 31681 V bt_bta_sys_main: system/bta/sys/bta_sys_main.cc:71 bta_sys_event: Event 0x1704
09-26 11:52:01.132 31661 31681 V bt_bta_hh: system/bta/hh/bta_hh_main.cc:174 bta_hh_sm_execute: State BTA_HH_CONN_ST(3), Event BTA_HH_INT_DATA_EVT(5892) for xx:xx:xx:xx:2b:83[public][BT_TRANSPORT_BR_EDR]
09-26 11:52:01.132 31661 31681 V bluetooth: system/btif/co/bta_hh_co.cc:773 bta_hh_co_data: dev_handle = 0
09-26 11:52:01.132 31661 31681 V bluetooth: system/btif/co/bta_hh_co.cc:653 bta_hh_co_write: UHID write 16
09-26 11:52:01.137 14961 23120 D RPCS3   : sys_tty_write(ch=0, buf=*0x58bf20, len=63, pwritelen=*0xd000fde0)
09-26 11:52:01.137 14961 23120 D RPCS3   : sys_tty_write(): “BATCHJOB: AddJob: waiting for room in job list 3 for job 56...“ << endl
09-26 11:52:01.142 31661 31681 V l2c_csm : system/stack/l2cap/l2c_csm.cc:1335 l2c_csm_open: LCID: 0x004c  st: OPEN  evt: L2CEVT_L2CAP_DATA(0x14) psm: BT_PSM_HIDI(0x0013)
09-26 11:52:01.142 31661 31681 V bluetooth: system/stack/hid/hidh_conn.cc:701 hidh_l2cif_data_ind: HID-Host hidh_l2cif_data_ind [l2cap_cid=0x004c]
09-26 11:52:01.142 31661 31681 V bt_bta_hh: system/bta/hh/bta_hh_act.cc:1144 bta_hh_cback: HID_event [HID_HDEV_EVT_INTR_DATA]
09-26 11:52:01.142 31661 31681 V l2c_csm : system/stack/l2cap/l2c_csm.cc:1514 l2c_csm_open: Exit chnl_state=CST_OPEN [6], event=L2CEVT_L2CAP_DATA(0x14) [20]
09-26 11:52:01.142 31661 31681 V bt_bta_sys_main: system/bta/sys/bta_sys_main.cc:71 bta_sys_event: Event 0x1704
09-26 11:52:01.142 31661 31681 V bt_bta_hh: system/bta/hh/bta_hh_main.cc:174 bta_hh_sm_execute: State BTA_HH_CONN_ST(3), Event BTA_HH_INT_DATA_EVT(5892) for xx:xx:xx:xx:2b:83[public][BT_TRANSPORT_BR_EDR]
09-26 11:52:01.142 31661 31681 V bluetooth: system/btif/co/bta_hh_co.cc:773 bta_hh_co_data: dev_handle = 0
09-26 11:52:01.142 31661 31681 V bluetooth: system/btif/co/bta_hh_co.cc:653 bta_hh_co_write: UHID write 16
09-26 11:52:01.152 31661 31681 V l2c_csm : system/stack/l2cap/l2c_csm.cc:1335 l2c_csm_open: LCID: 0x004c  st: OPEN  evt: L2CEVT_L2CAP_DATA(0x14) psm: BT_PSM_HIDI(0x0013)
09-26 11:52:01.152 31661 31681 V bluetooth: system/stack/hid/hidh_conn.cc:701 hidh_l2cif_data_ind: HID-Host hidh_l2cif_data_ind [l2cap_cid=0x004c]
09-26 11:52:01.152 31661 31681 V bt_bta_hh: system/bta/hh/bta_hh_act.cc:1144 bta_hh_cback: HID_event [HID_HDEV_EVT_INTR_DATA]
09-26 11:52:01.152 31661 31681 V l2c_csm : system/stack/l2cap/l2c_csm.cc:1514 l2c_csm_open: Exit chnl_state=CST_OPEN [6], event=L2CEVT_L2CAP_DATA(0x14) [20]
09-26 11:52:01.152 31661 31681 V bt_bta_sys_main: system/bta/sys/bta_sys_main.cc:71 bta_sys_event: Event 0x1704
09-26 11:52:01.152 31661 31681 V bt_bta_hh: system/bta/hh/bta_hh_main.cc:174 bta_hh_sm_execute: State BTA_HH_CONN_ST(3), Event BTA_HH_INT_DATA_EVT(5892) for xx:xx:xx:xx:2b:83[public][BT_TRANSPORT_BR_EDR]
09-26 11:52:01.152 31661 31681 V bluetooth: system/btif/co/bta_hh_co.cc:773 bta_hh_co_data: dev_handle = 0
09-26 11:52:01.152 31661 31681 V bluetooth: system/btif/co/bta_hh_co.cc:653 bta_hh_co_write: UHID write 16
09-26 11:52:01.158 31661 31709 D ScanManager: RegularScanTimeout(): Client scan time was too long
09-26 11:52:01.158 31661 31709 W ScanManager: Moving filtered scan to downgraded scan for ScanClient(scannerId=1, scanModeApp=SCAN_MODE_AMBIENT_DISCOVERY, scanModeUsed=SCAN_MODE_AMBIENT_DISCOVERY, appScanStats.appName=com.google.android.gms)
09-26 11:52:01.158 31661 31709 D ScanManager: configureRegularScanParams() - queue=3
09-26 11:52:01.159 31661 31709 I bt_shim_scanner: system/main/shim/le_scanning_manager.cc:150 Scan: in shim layer stopped
09-26 11:52:01.159 31661 31686 I bluetooth: system/gd/hci/le_address_manager.cc:277 unregister_client: Client unregistered
09-26 11:52:01.159 31661 31709 D ScanManager: Start scanNative with old 1M scanMode 3 new 1M scanMode 0 ( in scan unit: 2240 / 224,  old coded scanMode -2147483648 new coded scanMode -2147483648 ( in scan unit: 0 / 0, scanPhyMask: 1 ) ScanClient(scannerId=1, scanModeApp=SCAN_MODE_AMBIENT_DISCOVERY, scanModeUsed=SCAN_MODE_LOW_POWER, appScanStats.appName=com.google.android.gms) / null
09-26 11:52:01.159 31661 31709 I bt_shim_scanner: system/main/shim/le_scanning_manager.cc:319 SetScanParameters: in shim layer, scannerId1m=1, scannerIdCoded=0
09-26 11:52:01.159 31661 31709 I bt_shim_scanner: system/main/shim/le_scanning_manager.cc:150 Scan: in shim layer started
09-26 11:52:01.159  1550  1550 I vendor.qti.bluetooth@1.1-ibs_handler: DeviceWakeUp: Writing IBS_WAKE_IND
09-26 11:52:01.159  1550 31696 I vendor.qti.bluetooth@1.1-ibs_handler: ProcessIbsCmd: Received IBS_WAKE_ACK: 0xFC
09-26 11:52:01.159  1550 31696 I vendor.qti.bluetooth@1.1-ibs_handler: ProcessIbsCmd: Signal wack_cond_
09-26 11:52:01.159  1550  1550 D vendor.qti.bluetooth@1.1-ibs_handler: DeviceWakeUp: Unblocked from waiting for FC, pthread_cond_timedwait ret = 0
09-26 11:52:01.160 31661 31686 I bluetooth: system/gd/hci/le_scanning_manager_impl.cc:627 stop_scan: Scanning already stopped, return!
09-26 11:52:01.160 31661 31686 I bluetooth: system/gd/hci/le_address_manager.cc:262 register_client: Client registered
09-26 11:52:01.160 31661 31702 D ScanController: onScanParamSetupCompleted() - scannerId=1, status=0
09-26 11:52:01.162 31661 31681 V l2c_csm : system/stack/l2cap/l2c_csm.cc:1335 l2c_csm_open: LCID: 0x004c  st: OPEN  evt: L2CEVT_L2CAP_DATA(0x14) psm: BT_PSM_HIDI(0x0013)
09-26 11:52:01.162 31661 31681 V bluetooth: system/stack/hid/hidh_conn.cc:701 hidh_l2cif_data_ind: HID-Host hidh_l2cif_data_ind [l2cap_cid=0x004c]
09-26 11:52:01.162 31661 31681 V bt_bta_hh: system/bta/hh/bta_hh_act.cc:1144 bta_hh_cback: HID_event [HID_HDEV_EVT_INTR_DATA]
09-26 11:52:01.162 31661 31681 V l2c_csm : system/stack/l2cap/l2c_csm.cc:1514 l2c_csm_open: Exit chnl_state=CST_OPEN [6], event=L2CEVT_L2CAP_DATA(0x14) [20]
09-26 11:52:01.162 31661 31681 V bt_bta_sys_main: system/bta/sys/bta_sys_main.cc:71 bta_sys_event: Event 0x1704
09-26 11:52:01.162 31661 31681 V bt_bta_hh: system/bta/hh/bta_hh_main.cc:174 bta_hh_sm_execute: State BTA_HH_CONN_ST(3), Event BTA_HH_INT_DATA_EVT(5892) for xx:xx:xx:xx:2b:83[public][BT_TRANSPORT_BR_EDR]
09-26 11:52:01.162 31661 31681 V bluetooth: system/btif/co/bta_hh_co.cc:773 bta_hh_co_data: dev_handle = 0
09-26 11:52:01.162 31661 31681 V bluetooth: system/btif/co/bta_hh_co.cc:653 bta_hh_co_write: UHID write 16
09-26 11:52:01.172 31661 31681 V l2c_csm : system/stack/l2cap/l2c_csm.cc:1335 l2c_csm_open: LCID: 0x004c  st: OPEN  evt: L2CEVT_L2CAP_DATA(0x14) psm: BT_PSM_HIDI(0x0013)
09-26 11:52:01.172 31661 31681 V bluetooth: system/stack/hid/hidh_conn.cc:701 hidh_l2cif_data_ind: HID-Host hidh_l2cif_data_ind [l2cap_cid=0x004c]
09-26 11:52:01.172 31661 31681 V bt_bta_hh: system/bta/hh/bta_hh_act.cc:1144 bta_hh_cback: HID_event [HID_HDEV_EVT_INTR_DATA]
09-26 11:52:01.172 31661 31681 V l2c_csm : system/stack/l2cap/l2c_csm.cc:1514 l2c_csm_open: Exit chnl_state=CST_OPEN [6], event=L2CEVT_L2CAP_DATA(0x14) [20]
09-26 11:52:01.172 31661 31681 V bt_bta_sys_main: system/bta/sys/bta_sys_main.cc:71 bta_sys_event: Event 0x1704
09-26 11:52:01.172 31661 31681 V bt_bta_hh: system/bta/hh/bta_hh_main.cc:174 bta_hh_sm_execute: State BTA_HH_CONN_ST(3), Event BTA_HH_INT_DATA_EVT(5892) for xx:xx:xx:xx:2b:83[public][BT_TRANSPORT_BR_EDR]
09-26 11:52:01.172 31661 31681 V bluetooth: system/btif/co/bta_hh_co.cc:773 bta_hh_co_data: dev_handle = 0
09-26 11:52:01.172 31661 31681 V bluetooth: system/btif/co/bta_hh_co.cc:653 bta_hh_co_write: UHID write 16
09-26 11:52:01.182 31661 31681 V l2c_csm : system/stack/l2cap/l2c_csm.cc:1335 l2c_csm_open: LCID: 0x004c  st: OPEN  evt: L2CEVT_L2CAP_DATA(0x14) psm: BT_PSM_HIDI(0x0013)
09-26 11:52:01.182 31661 31681 V bluetooth: system/stack/hid/hidh_conn.cc:701 hidh_l2cif_data_ind: HID-Host hidh_l2cif_data_ind [l2cap_cid=0x004c]
09-26 11:52:01.182 31661 31681 V bt_bta_hh: system/bta/hh/bta_hh_act.cc:1144 bta_hh_cback: HID_event [HID_HDEV_EVT_INTR_DATA]
09-26 11:52:01.182 31661 31681 V l2c_csm : system/stack/l2cap/l2c_csm.cc:1514 l2c_csm_open: Exit chnl_state=CST_OPEN [6], event=L2CEVT_L2CAP_DATA(0x14) [20]
09-26 11:52:01.182 31661 31681 V bt_bta_sys_main: system/bta/sys/bta_sys_main.cc:71 bta_sys_event: Event 0x1704
09-26 11:52:01.182 31661 31681 V bt_bta_hh: system/bta/hh/bta_hh_main.cc:174 bta_hh_sm_execute: State BTA_HH_CONN_ST(3), Event BTA_HH_INT_DATA_EVT(5892) for xx:xx:xx:xx:2b:83[public][BT_TRANSPORT_BR_EDR]
09-26 11:52:01.182 31661 31681 V bluetooth: system/btif/co/bta_hh_co.cc:773 bta_hh_co_data: dev_handle = 0
09-26 11:52:01.182 31661 31681 V bluetooth: system/btif/co/bta_hh_co.cc:653 bta_hh_co_write: UHID write 16
09-26 11:52:01.192 31661 31681 V l2c_csm : system/stack/l2cap/l2c_csm.cc:1335 l2c_csm_open: LCID: 0x004c  st: OPEN  evt: L2CEVT_L2CAP_DATA(0x14) psm: BT_PSM_HIDI(0x0013)
09-26 11:52:01.192 31661 31681 V bluetooth: system/stack/hid/hidh_conn.cc:701 hidh_l2cif_data_ind: HID-Host hidh_l2cif_data_ind [l2cap_cid=0x004c]
09-26 11:52:01.192 31661 31681 V bt_bta_hh: system/bta/hh/bta_hh_act.cc:1144 bta_hh_cback: HID_event [HID_HDEV_EVT_INTR_DATA]
09-26 11:52:01.192 31661 31681 V l2c_csm : system/stack/l2cap/l2c_csm.cc:1514 l2c_csm_open: Exit chnl_state=CST_OPEN [6], event=L2CEVT_L2CAP_DATA(0x14) [20]
09-26 11:52:01.192 31661 31681 V bt_bta_sys_main: system/bta/sys/bta_sys_main.cc:71 bta_sys_event: Event 0x1704
09-26 11:52:01.192 31661 31681 V bt_bta_hh: system/bta/hh/bta_hh_main.cc:174 bta_hh_sm_execute: State BTA_HH_CONN_ST(3), Event BTA_HH_INT_DATA_EVT(5892) for xx:xx:xx:xx:2b:83[public][BT_TRANSPORT_BR_EDR]
09-26 11:52:01.192 31661 31681 V bluetooth: system/btif/co/bta_hh_co.cc:773 bta_hh_co_data: dev_handle = 0
09-26 11:52:01.192 31661 31681 V bluetooth: system/btif/co/bta_hh_co.cc:653 bta_hh_co_write: UHID write 16
09-26 11:52:01.199  1570  1606 I android.hardware.thermal-service.qti: sensor: cpu-1-2-0 temperature: 89.9 old: 3 new: 0
09-26 11:52:01.202 31661 31681 V l2c_csm : system/stack/l2cap/l2c_csm.cc:1335 l2c_csm_open: LCID: 0x004c  st: OPEN  evt: L2CEVT_L2CAP_DATA(0x14) psm: BT_PSM_HIDI(0x0013)
09-26 11:52:01.202 31661 31681 V bluetooth: system/stack/hid/hidh_conn.cc:701 hidh_l2cif_data_ind: HID-Host hidh_l2cif_data_ind [l2cap_cid=0x004c]
09-26 11:52:01.202 31661 31681 V bt_bta_hh: system/bta/hh/bta_hh_act.cc:1144 bta_hh_cback: HID_event [HID_HDEV_EVT_INTR_DATA]
09-26 11:52:01.202 31661 31681 V l2c_csm : system/stack/l2cap/l2c_csm.cc:1514 l2c_csm_open: Exit chnl_state=CST_OPEN [6], event=L2CEVT_L2CAP_DATA(0x14) [20]
09-26 11:52:01.202 31661 31681 V bt_bta_sys_main: system/bta/sys/bta_sys_main.cc:71 bta_sys_event: Event 0x1704
09-26 11:52:01.202 31661 31681 V bt_bta_hh: system/bta/hh/bta_hh_main.cc:174 bta_hh_sm_execute: State BTA_HH_CONN_ST(3), Event BTA_HH_INT_DATA_EVT(5892) for xx:xx:xx:xx:2b:83[public][BT_TRANSPORT_BR_EDR]
09-26 11:52:01.202 31661 31681 V bluetooth: system/btif/co/bta_hh_co.cc:773 bta_hh_co_data: dev_handle = 0
09-26 11:52:01.202 31661 31681 V bluetooth: system/btif/co/bta_hh_co.cc:653 bta_hh_co_write: UHID write 16
09-26 11:52:01.212 31661 31681 V l2c_csm : system/stack/l2cap/l2c_csm.cc:1335 l2c_csm_open: LCID: 0x004c  st: OPEN  evt: L2CEVT_L2CAP_DATA(0x14) psm: BT_PSM_HIDI(0x0013)
09-26 11:52:01.212 31661 31681 V bluetooth: system/stack/hid/hidh_conn.cc:701 hidh_l2cif_data_ind: HID-Host hidh_l2cif_data_ind [l2cap_cid=0x004c]
09-26 11:52:01.212 31661 31681 V bt_bta_hh: system/bta/hh/bta_hh_act.cc:1144 bta_hh_cback: HID_event [HID_HDEV_EVT_INTR_DATA]
09-26 11:52:01.212 31661 31681 V l2c_csm : system/stack/l2cap/l2c_csm.cc:1514 l2c_csm_open: Exit chnl_state=CST_OPEN [6], event=L2CEVT_L2CAP_DATA(0x14) [20]
09-26 11:52:01.212 31661 31681 V bt_bta_sys_main: system/bta/sys/bta_sys_main.cc:71 bta_sys_event: Event 0x1704
09-26 11:52:01.212 31661 31681 V bt_bta_hh: system/bta/hh/bta_hh_main.cc:174 bta_hh_sm_execute: State BTA_HH_CONN_ST(3), Event BTA_HH_INT_DATA_EVT(5892) for xx:xx:xx:xx:2b:83[public][BT_TRANSPORT_BR_EDR]
09-26 11:52:01.212 31661 31681 V bluetooth: system/btif/co/bta_hh_co.cc:773 bta_hh_co_data: dev_handle = 0
09-26 11:52:01.212 31661 31681 V bluetooth: system/btif/co/bta_hh_co.cc:653 bta_hh_co_write: UHID write 16
09-26 11:52:01.222 31661 31681 V l2c_csm : system/stack/l2cap/l2c_csm.cc:1335 l2c_csm_open: LCID: 0x004c  st: OPEN  evt: L2CEVT_L2CAP_DATA(0x14) psm: BT_PSM_HIDI(0x0013)
09-26 11:52:01.222 31661 31681 V bluetooth: system/stack/hid/hidh_conn.cc:701 hidh_l2cif_data_ind: HID-Host hidh_l2cif_data_ind [l2cap_cid=0x004c]
09-26 11:52:01.222 31661 31681 V bt_bta_hh: system/bta/hh/bta_hh_act.cc:1144 bta_hh_cback: HID_event [HID_HDEV_EVT_INTR_DATA]
09-26 11:52:01.222 31661 31681 V l2c_csm : system/stack/l2cap/l2c_csm.cc:1514 l2c_csm_open: Exit chnl_state=CST_OPEN [6], event=L2CEVT_L2CAP_DATA(0x14) [20]
09-26 11:52:01.222 31661 31681 V bt_bta_sys_main: system/bta/sys/bta_sys_main.cc:71 bta_sys_event: Event 0x1704
09-26 11:52:01.222 31661 31681 V bt_bta_hh: system/bta/hh/bta_hh_main.cc:174 bta_hh_sm_execute: State BTA_HH_CONN_ST(3), Event BTA_HH_INT_DATA_EVT(5892) for xx:xx:xx:xx:2b:83[public][BT_TRANSPORT_BR_EDR]
09-26 11:52:01.222 31661 31681 V bluetooth: system/btif/co/bta_hh_co.cc:773 bta_hh_co_data: dev_handle = 0
09-26 11:52:01.222 31661 31681 V bluetooth: system/btif/co/bta_hh_co.cc:653 bta_hh_co_write: UHID write 16
09-26 11:52:01.232 31661 31681 V l2c_csm : system/stack/l2cap/l2c_csm.cc:1335 l2c_csm_open: LCID: 0x004c  st: OPEN  evt: L2CEVT_L2CAP_DATA(0x14) psm: BT_PSM_HIDI(0x0013)
09-26 11:52:01.232 31661 31681 V bluetooth: system/stack/hid/hidh_conn.cc:701 hidh_l2cif_data_ind: HID-Host hidh_l2cif_data_ind [l2cap_cid=0x004c]
09-26 11:52:01.232 31661 31681 V bt_bta_hh: system/bta/hh/bta_hh_act.cc:1144 bta_hh_cback: HID_event [HID_HDEV_EVT_INTR_DATA]
09-26 11:52:01.232 31661 31681 V l2c_csm : system/stack/l2cap/l2c_csm.cc:1514 l2c_csm_open: Exit chnl_state=CST_OPEN [6], event=L2CEVT_L2CAP_DATA(0x14) [20]
09-26 11:52:01.232 31661 31681 V bt_bta_sys_main: system/bta/sys/bta_sys_main.cc:71 bta_sys_event: Event 0x1704
09-26 11:52:01.232 31661 31681 V bt_bta_hh: system/bta/hh/bta_hh_main.cc:174 bta_hh_sm_execute: State BTA_HH_CONN_ST(3), Event BTA_HH_INT_DATA_EVT(5892) for xx:xx:xx:xx:2b:83[public][BT_TRANSPORT_BR_EDR]
09-26 11:52:01.232 31661 31681 V bluetooth: system/btif/co/bta_hh_co.cc:773 bta_hh_co_data: dev_handle = 0
09-26 11:52:01.232 31661 31681 V bluetooth: system/btif/co/bta_hh_co.cc:653 bta_hh_co_write: UHID write 16
09-26 11:52:01.242 31661 31681 V l2c_csm : system/stack/l2cap/l2c_csm.cc:1335 l2c_csm_open: LCID: 0x004c  st: OPEN  evt: L2CEVT_L2CAP_DATA(0x14) psm: BT_PSM_HIDI(0x0013)
09-26 11:52:01.242 31661 31681 V bluetooth: system/stack/hid/hidh_conn.cc:701 hidh_l2cif_data_ind: HID-Host hidh_l2cif_data_ind [l2cap_cid=0x004c]
09-26 11:52:01.242 31661 31681 V bt_bta_hh: system/bta/hh/bta_hh_act.cc:1144 bta_hh_cback: HID_event [HID_HDEV_EVT_INTR_DATA]
09-26 11:52:01.242 31661 31681 V l2c_csm : system/stack/l2cap/l2c_csm.cc:1514 l2c_csm_open: Exit chnl_state=CST_OPEN [6], event=L2CEVT_L2CAP_DATA(0x14) [20]
09-26 11:52:01.242 31661 31681 V bt_bta_sys_main: system/bta/sys/bta_sys_main.cc:71 bta_sys_event: Event 0x1704
09-26 11:52:01.242 31661 31681 V bt_bta_hh: system/bta/hh/bta_hh_main.cc:174 bta_hh_sm_execute: State BTA_HH_CONN_ST(3), Event BTA_HH_INT_DATA_EVT(5892) for xx:xx:xx:xx:2b:83[public][BT_TRANSPORT_BR_EDR]
09-26 11:52:01.242 31661 31681 V bluetooth: system/btif/co/bta_hh_co.cc:773 bta_hh_co_data: dev_handle = 0
09-26 11:52:01.242 31661 31681 V bluetooth: system/btif/co/bta_hh_co.cc:653 bta_hh_co_write: UHID write 16
09-26 11:52:01.252 31661 31681 V l2c_csm : system/stack/l2cap/l2c_csm.cc:1335 l2c_csm_open: LCID: 0x004c  st: OPEN  evt: L2CEVT_L2CAP_DATA(0x14) psm: BT_PSM_HIDI(0x0013)
09-26 11:52:01.252 31661 31681 V bluetooth: system/stack/hid/hidh_conn.cc:701 hidh_l2cif_data_ind: HID-Host hidh_l2cif_data_ind [l2cap_cid=0x004c]
09-26 11:52:01.252 31661 31681 V bt_bta_hh: system/bta/hh/bta_hh_act.cc:1144 bta_hh_cback: HID_event [HID_HDEV_EVT_INTR_DATA]
09-26 11:52:01.252 31661 31681 V l2c_csm : system/stack/l2cap/l2c_csm.cc:1514 l2c_csm_open: Exit chnl_state=CST_OPEN [6], event=L2CEVT_L2CAP_DATA(0x14) [20]
09-26 11:52:01.252 31661 31681 V bt_bta_sys_main: system/bta/sys/bta_sys_main.cc:71 bta_sys_event: Event 0x1704
09-26 11:52:01.252 31661 31681 V bt_bta_hh: system/bta/hh/bta_hh_main.cc:174 bta_hh_sm_execute: State BTA_HH_CONN_ST(3), Event BTA_HH_INT_DATA_EVT(5892) for xx:xx:xx:xx:2b:83[public][BT_TRANSPORT_BR_EDR]
09-26 11:52:01.252 31661 31681 V bluetooth: system/btif/co/bta_hh_co.cc:773 bta_hh_co_data: dev_handle = 0
09-26 11:52:01.252 31661 31681 V bluetooth: system/btif/co/bta_hh_co.cc:653 bta_hh_co_write: UHID write 16
09-26 11:52:01.262 31661 31681 V l2c_csm : system/stack/l2cap/l2c_csm.cc:1335 l2c_csm_open: LCID: 0x004c  st: OPEN  evt: L2CEVT_L2CAP_DATA(0x14) psm: BT_PSM_HIDI(0x0013)
09-26 11:52:01.262 31661 31681 V bluetooth: system/stack/hid/hidh_conn.cc:701 hidh_l2cif_data_ind: HID-Host hidh_l2cif_data_ind [l2cap_cid=0x004c]
09-26 11:52:01.262 31661 31681 V bt_bta_hh: system/bta/hh/bta_hh_act.cc:1144 bta_hh_cback: HID_event [HID_HDEV_EVT_INTR_DATA]
09-26 11:52:01.262 31661 31681 V l2c_csm : system/stack/l2cap/l2c_csm.cc:1514 l2c_csm_open: Exit chnl_state=CST_OPEN [6], event=L2CEVT_L2CAP_DATA(0x14) [20]
09-26 11:52:01.262 31661 31681 V bt_bta_sys_main: system/bta/sys/bta_sys_main.cc:71 bta_sys_event: Event 0x1704
09-26 11:52:01.262 31661 31681 V bt_bta_hh: system/bta/hh/bta_hh_main.cc:174 bta_hh_sm_execute: State BTA_HH_CONN_ST(3), Event BTA_HH_INT_DATA_EVT(5892) for xx:xx:xx:xx:2b:83[public][BT_TRANSPORT_BR_EDR]
09-26 11:52:01.262 31661 31681 V bluetooth: system/btif/co/bta_hh_co.cc:773 bta_hh_co_data: dev_handle = 0
09-26 11:52:01.262 31661 31681 V bluetooth: system/btif/co/bta_hh_co.cc:653 bta_hh_co_write: UHID write 16
09-26 11:52:01.272 31661 31681 V l2c_csm : system/stack/l2cap/l2c_csm.cc:1335 l2c_csm_open: LCID: 0x004c  st: OPEN  evt: L2CEVT_L2CAP_DATA(0x14) psm: BT_PSM_HIDI(0x0013)
09-26 11:52:01.272 31661 31681 V bluetooth: system/stack/hid/hidh_conn.cc:701 hidh_l2cif_data_ind: HID-Host hidh_l2cif_data_ind [l2cap_cid=0x004c]
09-26 11:52:01.272 31661 31681 V bt_bta_hh: system/bta/hh/bta_hh_act.cc:1144 bta_hh_cback: HID_event [HID_HDEV_EVT_INTR_DATA]
09-26 11:52:01.272 31661 31681 V l2c_csm : system/stack/l2cap/l2c_csm.cc:1514 l2c_csm_open: Exit chnl_state=CST_OPEN [6], event=L2CEVT_L2CAP_DATA(0x14) [20]
09-26 11:52:01.272 31661 31681 V bt_bta_sys_main: system/bta/sys/bta_sys_main.cc:71 bta_sys_event: Event 0x1704
09-26 11:52:01.272 31661 31681 V bt_bta_hh: system/bta/hh/bta_hh_main.cc:174 bta_hh_sm_execute: State BTA_HH_CONN_ST(3), Event BTA_HH_INT_DATA_EVT(5892) for xx:xx:xx:xx:2b:83[public][BT_TRANSPORT_BR_EDR]
09-26 11:52:01.272 31661 31681 V bluetooth: system/btif/co/bta_hh_co.cc:773 bta_hh_co_data: dev_handle = 0
09-26 11:52:01.272 31661 31681 V bluetooth: system/btif/co/bta_hh_co.cc:653 bta_hh_co_write: UHID write 16
09-26 11:52:01.275  1570  1606 I android.hardware.thermal-service.qti: sensor: cpu-2-1-0 temperature: 89.9 old: 3 new: 0
09-26 11:52:01.282 31661 31681 V l2c_csm : system/stack/l2cap/l2c_csm.cc:1335 l2c_csm_open: LCID: 0x004c  st: OPEN  evt: L2CEVT_L2CAP_DATA(0x14) psm: BT_PSM_HIDI(0x0013)
09-26 11:52:01.282 31661 31681 V bluetooth: system/stack/hid/hidh_conn.cc:701 hidh_l2cif_data_ind: HID-Host hidh_l2cif_data_ind [l2cap_cid=0x004c]
09-26 11:52:01.282 31661 31681 V bt_bta_hh: system/bta/hh/bta_hh_act.cc:1144 bta_hh_cback: HID_event [HID_HDEV_EVT_INTR_DATA]
09-26 11:52:01.282 31661 31681 V l2c_csm : system/stack/l2cap/l2c_csm.cc:1514 l2c_csm_open: Exit chnl_state=CST_OPEN [6], event=L2CEVT_L2CAP_DATA(0x14) [20]
09-26 11:52:01.282 31661 31681 V bt_bta_sys_main: system/bta/sys/bta_sys_main.cc:71 bta_sys_event: Event 0x1704
09-26 11:52:01.282 31661 31681 V bt_bta_hh: system/bta/hh/bta_hh_main.cc:174 bta_hh_sm_execute: State BTA_HH_CONN_ST(3), Event BTA_HH_INT_DATA_EVT(5892) for xx:xx:xx:xx:2b:83[public][BT_TRANSPORT_BR_EDR]
09-26 11:52:01.282 31661 31681 V bluetooth: system/btif/co/bta_hh_co.cc:773 bta_hh_co_data: dev_handle = 0
09-26 11:52:01.282 31661 31681 V bluetooth: system/btif/co/bta_hh_co.cc:653 bta_hh_co_write: UHID write 16
09-26 11:52:01.287  1616  1871 I SDM     : DisplayBase::CommitThread: Received idle timeout, panel: cmd, timeout: 70000 us
09-26 11:52:01.288  1768  1768 D SurfaceFlinger: initiateModeChange 4630946652107814787 {mode={fps=60.00 Hz, modePtr={id=1, vsyncRate=60.00 Hz, peakRefreshRate=60.00 Hz}}, emitEvent=false, force=false}
09-26 11:52:01.288  1616  2136 I SDM     : HWCDisplay::SetActiveConfigToIrisWrapper: SetActiveConfigToIrisWrapper on id_: 0
09-26 11:52:01.288  1616  2136 W SDM     : HWCDisplay::SetActiveConfigToIrisWrapper: HWC SetActiveConfig [0, 1], switch to [1264x2780@60]
09-26 11:52:01.289  1616  2136 W SDM     : HWDeviceDRM::GetSupportedBitClkRate: Requested rate not supported: 1012000000
09-26 11:52:01.289  1616  2136 I SDM     : HWDeviceDRM::UpdateMixerAttributes: Mixer WxH 1264x2780-1 for Peripheral
09-26 11:52:01.289  1616  2136 I CwbService: CwbService::notifyConfigChange: display:0, config:1 size:4, sec.size():0
09-26 11:52:01.289  1616  2136 I SDM     : HWCDisplay::SubmitDisplayConfig: Active configuration changed from config 0 to 1
09-26 11:52:01.292 31661 31681 V l2c_csm : system/stack/l2cap/l2c_csm.cc:1335 l2c_csm_open: LCID: 0x004c  st: OPEN  evt: L2CEVT_L2CAP_DATA(0x14) psm: BT_PSM_HIDI(0x0013)
09-26 11:52:01.292 31661 31681 V bluetooth: system/stack/hid/hidh_conn.cc:701 hidh_l2cif_data_ind: HID-Host hidh_l2cif_data_ind [l2cap_cid=0x004c]
09-26 11:52:01.292 31661 31681 V bt_bta_hh: system/bta/hh/bta_hh_act.cc:1144 bta_hh_cback: HID_event [HID_HDEV_EVT_INTR_DATA]
09-26 11:52:01.292 31661 31681 V l2c_csm : system/stack/l2cap/l2c_csm.cc:1514 l2c_csm_open: Exit chnl_state=CST_OPEN [6], event=L2CEVT_L2CAP_DATA(0x14) [20]
09-26 11:52:01.292 31661 31681 V bt_bta_sys_main: system/bta/sys/bta_sys_main.cc:71 bta_sys_event: Event 0x1704
09-26 11:52:01.292 31661 31681 V bt_bta_hh: system/bta/hh/bta_hh_main.cc:174 bta_hh_sm_execute: State BTA_HH_CONN_ST(3), Event BTA_HH_INT_DATA_EVT(5892) for xx:xx:xx:xx:2b:83[public][BT_TRANSPORT_BR_EDR]
09-26 11:52:01.292 31661 31681 V bluetooth: system/btif/co/bta_hh_co.cc:773 bta_hh_co_data: dev_handle = 0
09-26 11:52:01.292 31661 31681 V bluetooth: system/btif/co/bta_hh_co.cc:653 bta_hh_co_write: UHID write 16
09-26 11:52:01.302 31661 31681 V l2c_csm : system/stack/l2cap/l2c_csm.cc:1335 l2c_csm_open: LCID: 0x004c  st: OPEN  evt: L2CEVT_L2CAP_DATA(0x14) psm: BT_PSM_HIDI(0x0013)
09-26 11:52:01.302 31661 31681 V bluetooth: system/stack/hid/hidh_conn.cc:701 hidh_l2cif_data_ind: HID-Host hidh_l2cif_data_ind [l2cap_cid=0x004c]
09-26 11:52:01.302 31661 31681 V bt_bta_hh: system/bta/hh/bta_hh_act.cc:1144 bta_hh_cback: HID_event [HID_HDEV_EVT_INTR_DATA]
09-26 11:52:01.302 31661 31681 V l2c_csm : system/stack/l2cap/l2c_csm.cc:1514 l2c_csm_open: Exit chnl_state=CST_OPEN [6], event=L2CEVT_L2CAP_DATA(0x14) [20]
09-26 11:52:01.302 31661 31681 V bt_bta_sys_main: system/bta/sys/bta_sys_main.cc:71 bta_sys_event: Event 0x1704
09-26 11:52:01.302 31661 31681 V bt_bta_hh: system/bta/hh/bta_hh_main.cc:174 bta_hh_sm_execute: State BTA_HH_CONN_ST(3), Event BTA_HH_INT_DATA_EVT(5892) for xx:xx:xx:xx:2b:83[public][BT_TRANSPORT_BR_EDR]
09-26 11:52:01.302 31661 31681 V bluetooth: system/btif/co/bta_hh_co.cc:773 bta_hh_co_data: dev_handle = 0
09-26 11:52:01.302 31661 31681 V bluetooth: system/btif/co/bta_hh_co.cc:653 bta_hh_co_write: UHID write 16
09-26 11:52:01.305  1768  1768 D SurfaceFlinger: initiateModeChange 4630946652107814787 {mode={fps=120.00 Hz, modePtr={id=0, vsyncRate=120.00 Hz, peakRefreshRate=120.00 Hz}}, emitEvent=false, force=false}
09-26 11:52:01.312 31661 31681 V l2c_csm : system/stack/l2cap/l2c_csm.cc:1335 l2c_csm_open: LCID: 0x004c  st: OPEN  evt: L2CEVT_L2CAP_DATA(0x14) psm: BT_PSM_HIDI(0x0013)
09-26 11:52:01.312 31661 31681 V bluetooth: system/stack/hid/hidh_conn.cc:701 hidh_l2cif_data_ind: HID-Host hidh_l2cif_data_ind [l2cap_cid=0x004c]
09-26 11:52:01.312 31661 31681 V bt_bta_hh: system/bta/hh/bta_hh_act.cc:1144 bta_hh_cback: HID_event [HID_HDEV_EVT_INTR_DATA]
09-26 11:52:01.312 31661 31681 V l2c_csm : system/stack/l2cap/l2c_csm.cc:1514 l2c_csm_open: Exit chnl_state=CST_OPEN [6], event=L2CEVT_L2CAP_DATA(0x14) [20]
09-26 11:52:01.312 31661 31681 V bt_bta_sys_main: system/bta/sys/bta_sys_main.cc:71 bta_sys_event: Event 0x1704
09-26 11:52:01.312 31661 31681 V bt_bta_hh: system/bta/hh/bta_hh_main.cc:174 bta_hh_sm_execute: State BTA_HH_CONN_ST(3), Event BTA_HH_INT_DATA_EVT(5892) for xx:xx:xx:xx:2b:83[public][BT_TRANSPORT_BR_EDR]
09-26 11:52:01.312 31661 31681 V bluetooth: system/btif/co/bta_hh_co.cc:773 bta_hh_co_data: dev_handle = 0
09-26 11:52:01.312 31661 31681 V bluetooth: system/btif/co/bta_hh_co.cc:653 bta_hh_co_write: UHID write 16
09-26 11:52:01.316  1616  2136 I SDM     : HWCDisplay::SetActiveConfigToIrisWrapper: SetActiveConfigToIrisWrapper on id_: 0
09-26 11:52:01.316  1616  2136 W SDM     : HWCDisplay::SetActiveConfigToIrisWrapper: HWC SetActiveConfig [1, 0], switch to [1264x2780@120]
09-26 11:52:01.317  1616  2136 W SDM     : HWDeviceDRM::GetSupportedBitClkRate: Requested rate not supported: 1012000000
09-26 11:52:01.317  1616  2136 I SDM     : HWDeviceDRM::UpdateMixerAttributes: Mixer WxH 1264x2780-1 for Peripheral
09-26 11:52:01.317  1616  2136 I CwbService: CwbService::notifyConfigChange: display:0, config:0 size:4, sec.size():0
09-26 11:52:01.317  1616  2136 I SDM     : HWCDisplay::SubmitDisplayConfig: Active configuration changed from config 1 to 0
09-26 11:52:01.322 31661 31681 V l2c_csm : system/stack/l2cap/l2c_csm.cc:1335 l2c_csm_open: LCID: 0x004c  st: OPEN  evt: L2CEVT_L2CAP_DATA(0x14) psm: BT_PSM_HIDI(0x0013)
09-26 11:52:01.322 31661 31681 V bluetooth: system/stack/hid/hidh_conn.cc:701 hidh_l2cif_data_ind: HID-Host hidh_l2cif_data_ind [l2cap_cid=0x004c]
09-26 11:52:01.322 31661 31681 V bt_bta_hh: system/bta/hh/bta_hh_act.cc:1144 bta_hh_cback: HID_event [HID_HDEV_EVT_INTR_DATA]
09-26 11:52:01.322 31661 31681 V l2c_csm : system/stack/l2cap/l2c_csm.cc:1514 l2c_csm_open: Exit chnl_state=CST_OPEN [6], event=L2CEVT_L2CAP_DATA(0x14) [20]
09-26 11:52:01.322 31661 31681 V bt_bta_sys_main: system/bta/sys/bta_sys_main.cc:71 bta_sys_event: Event 0x1704
09-26 11:52:01.322 31661 31681 V bt_bta_hh: system/bta/hh/bta_hh_main.cc:174 bta_hh_sm_execute: State BTA_HH_CONN_ST(3), Event BTA_HH_INT_DATA_EVT(5892) for xx:xx:xx:xx:2b:83[public][BT_TRANSPORT_BR_EDR]
09-26 11:52:01.322 31661 31681 V bluetooth: system/btif/co/bta_hh_co.cc:773 bta_hh_co_data: dev_handle = 0
09-26 11:52:01.322 31661 31681 V bluetooth: system/btif/co/bta_hh_co.cc:653 bta_hh_co_write: UHID write 16
09-26 11:52:01.332 31661 31681 V l2c_csm : system/stack/l2cap/l2c_csm.cc:1335 l2c_csm_open: LCID: 0x004c  st: OPEN  evt: L2CEVT_L2CAP_DATA(0x14) psm: BT_PSM_HIDI(0x0013)
09-26 11:52:01.332 31661 31681 V bluetooth: system/stack/hid/hidh_conn.cc:701 hidh_l2cif_data_ind: HID-Host hidh_l2cif_data_ind [l2cap_cid=0x004c]
09-26 11:52:01.332 31661 31681 V bt_bta_hh: system/bta/hh/bta_hh_act.cc:1144 bta_hh_cback: HID_event [HID_HDEV_EVT_INTR_DATA]
09-26 11:52:01.332 31661 31681 V l2c_csm : system/stack/l2cap/l2c_csm.cc:1514 l2c_csm_open: Exit chnl_state=CST_OPEN [6], event=L2CEVT_L2CAP_DATA(0x14) [20]
09-26 11:52:01.332 31661 31681 V bt_bta_sys_main: system/bta/sys/bta_sys_main.cc:71 bta_sys_event: Event 0x1704
09-26 11:52:01.332 31661 31681 V bt_bta_hh: system/bta/hh/bta_hh_main.cc:174 bta_hh_sm_execute: State BTA_HH_CONN_ST(3), Event BTA_HH_INT_DATA_EVT(5892) for xx:xx:xx:xx:2b:83[public][BT_TRANSPORT_BR_EDR]
09-26 11:52:01.332 31661 31681 V bluetooth: system/btif/co/bta_hh_co.cc:773 bta_hh_co_data: dev_handle = 0
09-26 11:52:01.332 31661 31681 V bluetooth: system/btif/co/bta_hh_co.cc:653 bta_hh_co_write: UHID write 16
09-26 11:52:01.342 31661 31681 V l2c_csm : system/stack/l2cap/l2c_csm.cc:1335 l2c_csm_open: LCID: 0x004c  st: OPEN  evt: L2CEVT_L2CAP_DATA(0x14) psm: BT_PSM_HIDI(0x0013)
09-26 11:52:01.342 31661 31681 V bluetooth: system/stack/hid/hidh_conn.cc:701 hidh_l2cif_data_ind: HID-Host hidh_l2cif_data_ind [l2cap_cid=0x004c]
09-26 11:52:01.342 31661 31681 V bt_bta_hh: system/bta/hh/bta_hh_act.cc:1144 bta_hh_cback: HID_event [HID_HDEV_EVT_INTR_DATA]
09-26 11:52:01.342 31661 31681 V l2c_csm : system/stack/l2cap/l2c_csm.cc:1514 l2c_csm_open: Exit chnl_state=CST_OPEN [6], event=L2CEVT_L2CAP_DATA(0x14) [20]
09-26 11:52:01.342 31661 31681 V bt_bta_sys_main: system/bta/sys/bta_sys_main.cc:71 bta_sys_event: Event 0x1704
09-26 11:52:01.342 31661 31681 V bt_bta_hh: system/bta/hh/bta_hh_main.cc:174 bta_hh_sm_execute: State BTA_HH_CONN_ST(3), Event BTA_HH_INT_DATA_EVT(5892) for xx:xx:xx:xx:2b:83[public][BT_TRANSPORT_BR_EDR]
09-26 11:52:01.342 31661 31681 V bluetooth: system/btif/co/bta_hh_co.cc:773 bta_hh_co_data: dev_handle = 0
09-26 11:52:01.342 31661 31681 V bluetooth: system/btif/co/bta_hh_co.cc:653 bta_hh_co_write: UHID write 16
09-26 11:52:01.352 31661 31681 V l2c_csm : system/stack/l2cap/l2c_csm.cc:1335 l2c_csm_open: LCID: 0x004c  st: OPEN  evt: L2CEVT_L2CAP_DATA(0x14) psm: BT_PSM_HIDI(0x0013)
09-26 11:52:01.352 31661 31681 V bluetooth: system/stack/hid/hidh_conn.cc:701 hidh_l2cif_data_ind: HID-Host hidh_l2cif_data_ind [l2cap_cid=0x004c]
09-26 11:52:01.352 31661 31681 V bt_bta_hh: system/bta/hh/bta_hh_act.cc:1144 bta_hh_cback: HID_event [HID_HDEV_EVT_INTR_DATA]
09-26 11:52:01.352 31661 31681 V l2c_csm : system/stack/l2cap/l2c_csm.cc:1514 l2c_csm_open: Exit chnl_state=CST_OPEN [6], event=L2CEVT_L2CAP_DATA(0x14) [20]
09-26 11:52:01.352 31661 31681 V bt_bta_sys_main: system/bta/sys/bta_sys_main.cc:71 bta_sys_event: Event 0x1704
09-26 11:52:01.352 31661 31681 V bt_bta_hh: system/bta/hh/bta_hh_main.cc:174 bta_hh_sm_execute: State BTA_HH_CONN_ST(3), Event BTA_HH_INT_DATA_EVT(5892) for xx:xx:xx:xx:2b:83[public][BT_TRANSPORT_BR_EDR]
09-26 11:52:01.352 31661 31681 V bluetooth: system/btif/co/bta_hh_co.cc:773 bta_hh_co_data: dev_handle = 0
09-26 11:52:01.352 31661 31681 V bluetooth: system/btif/co/bta_hh_co.cc:653 bta_hh_co_write: UHID write 16
09-26 11:52:01.362 31661 31681 V l2c_csm : system/stack/l2cap/l2c_csm.cc:1335 l2c_csm_open: LCID: 0x004c  st: OPEN  evt: L2CEVT_L2CAP_DATA(0x14) psm: BT_PSM_HIDI(0x0013)
09-26 11:52:01.362 31661 31681 V bluetooth: system/stack/hid/hidh_conn.cc:701 hidh_l2cif_data_ind: HID-Host hidh_l2cif_data_ind [l2cap_cid=0x004c]
09-26 11:52:01.362 31661 31681 V bt_bta_hh: system/bta/hh/bta_hh_act.cc:1144 bta_hh_cback: HID_event [HID_HDEV_EVT_INTR_DATA]
09-26 11:52:01.362 31661 31681 V l2c_csm : system/stack/l2cap/l2c_csm.cc:1514 l2c_csm_open: Exit chnl_state=CST_OPEN [6], event=L2CEVT_L2CAP_DATA(0x14) [20]
09-26 11:52:01.362 31661 31681 V bt_bta_sys_main: system/bta/sys/bta_sys_main.cc:71 bta_sys_event: Event 0x1704
09-26 11:52:01.362 31661 31681 V bt_bta_hh: system/bta/hh/bta_hh_main.cc:174 bta_hh_sm_execute: State BTA_HH_CONN_ST(3), Event BTA_HH_INT_DATA_EVT(5892) for xx:xx:xx:xx:2b:83[public][BT_TRANSPORT_BR_EDR]
09-26 11:52:01.362 31661 31681 V bluetooth: system/btif/co/bta_hh_co.cc:773 bta_hh_co_data: dev_handle = 0
09-26 11:52:01.362 31661 31681 V bluetooth: system/btif/co/bta_hh_co.cc:653 bta_hh_co_write: UHID write 16
09-26 11:52:01.372 31661 31681 V l2c_csm : system/stack/l2cap/l2c_csm.cc:1335 l2c_csm_open: LCID: 0x004c  st: OPEN  evt: L2CEVT_L2CAP_DATA(0x14) psm: BT_PSM_HIDI(0x0013)
09-26 11:52:01.372 31661 31681 V bluetooth: system/stack/hid/hidh_conn.cc:701 hidh_l2cif_data_ind: HID-Host hidh_l2cif_data_ind [l2cap_cid=0x004c]
09-26 11:52:01.372 31661 31681 V bt_bta_hh: system/bta/hh/bta_hh_act.cc:1144 bta_hh_cback: HID_event [HID_HDEV_EVT_INTR_DATA]
09-26 11:52:01.372 31661 31681 V l2c_csm : system/stack/l2cap/l2c_csm.cc:1514 l2c_csm_open: Exit chnl_state=CST_OPEN [6], event=L2CEVT_L2CAP_DATA(0x14) [20]
09-26 11:52:01.372 31661 31681 V bt_bta_sys_main: system/bta/sys/bta_sys_main.cc:71 bta_sys_event: Event 0x1704
09-26 11:52:01.372 31661 31681 V bt_bta_hh: system/bta/hh/bta_hh_main.cc:174 bta_hh_sm_execute: State BTA_HH_CONN_ST(3), Event BTA_HH_INT_DATA_EVT(5892) for xx:xx:xx:xx:2b:83[public][BT_TRANSPORT_BR_EDR]
09-26 11:52:01.372 31661 31681 V bluetooth: system/btif/co/bta_hh_co.cc:773 bta_hh_co_data: dev_handle = 0
09-26 11:52:01.372 31661 31681 V bluetooth: system/btif/co/bta_hh_co.cc:653 bta_hh_co_write: UHID write 16
09-26 11:52:01.376 14961 23120 D RPCS3   : sys_tty_write(ch=0, buf=*0x58bf20, len=63, pwritelen=*0xd000fde0)
09-26 11:52:01.376 14961 23120 D RPCS3   : sys_tty_write(): “BATCHJOB: AddJob: waiting for room in job list 3 for job 56...“ << endl
09-26 11:52:01.382 31661 31681 V l2c_csm : system/stack/l2cap/l2c_csm.cc:1335 l2c_csm_open: LCID: 0x004c  st: OPEN  evt: L2CEVT_L2CAP_DATA(0x14) psm: BT_PSM_HIDI(0x0013)
09-26 11:52:01.382 31661 31681 V bluetooth: system/stack/hid/hidh_conn.cc:701 hidh_l2cif_data_ind: HID-Host hidh_l2cif_data_ind [l2cap_cid=0x004c]
09-26 11:52:01.382 31661 31681 V bt_bta_hh: system/bta/hh/bta_hh_act.cc:1144 bta_hh_cback: HID_event [HID_HDEV_EVT_INTR_DATA]
09-26 11:52:01.382 31661 31681 V l2c_csm : system/stack/l2cap/l2c_csm.cc:1514 l2c_csm_open: Exit chnl_state=CST_OPEN [6], event=L2CEVT_L2CAP_DATA(0x14) [20]
09-26 11:52:01.382 31661 31681 V bt_bta_sys_main: system/bta/sys/bta_sys_main.cc:71 bta_sys_event: Event 0x1704
09-26 11:52:01.382 31661 31681 V bt_bta_hh: system/bta/hh/bta_hh_main.cc:174 bta_hh_sm_execute: State BTA_HH_CONN_ST(3), Event BTA_HH_INT_DATA_EVT(5892) for xx:xx:xx:xx:2b:83[public][BT_TRANSPORT_BR_EDR]
09-26 11:52:01.382 31661 31681 V bluetooth: system/btif/co/bta_hh_co.cc:773 bta_hh_co_data: dev_handle = 0
09-26 11:52:01.382 31661 31681 V bluetooth: system/btif/co/bta_hh_co.cc:653 bta_hh_co_write: UHID write 16
09-26 11:52:01.392 31661 31681 V l2c_csm : system/stack/l2cap/l2c_csm.cc:1335 l2c_csm_open: LCID: 0x004c  st: OPEN  evt: L2CEVT_L2CAP_DATA(0x14) psm: BT_PSM_HIDI(0x0013)
09-26 11:52:01.392 31661 31681 V bluetooth: system/stack/hid/hidh_conn.cc:701 hidh_l2cif_data_ind: HID-Host hidh_l2cif_data_ind [l2cap_cid=0x004c]
09-26 11:52:01.392 31661 31681 V bt_bta_hh: system/bta/hh/bta_hh_act.cc:1144 bta_hh_cback: HID_event [HID_HDEV_EVT_INTR_DATA]
09-26 11:52:01.392 31661 31681 V l2c_csm : system/stack/l2cap/l2c_csm.cc:1514 l2c_csm_open: Exit chnl_state=CST_OPEN [6], event=L2CEVT_L2CAP_DATA(0x14) [20]
09-26 11:52:01.392 31661 31681 V bt_bta_sys_main: system/bta/sys/bta_sys_main.cc:71 bta_sys_event: Event 0x1704
09-26 11:52:01.392 31661 31681 V bt_bta_hh: system/bta/hh/bta_hh_main.cc:174 bta_hh_sm_execute: State BTA_HH_CONN_ST(3), Event BTA_HH_INT_DATA_EVT(5892) for xx:xx:xx:xx:2b:83[public][BT_TRANSPORT_BR_EDR]
09-26 11:52:01.392 31661 31681 V bluetooth: system/btif/co/bta_hh_co.cc:773 bta_hh_co_data: dev_handle = 0
09-26 11:52:01.392 31661 31681 V bluetooth: system/btif/co/bta_hh_co.cc:653 bta_hh_co_write: UHID write 16
09-26 11:52:01.402 31661 31681 V l2c_csm : system/stack/l2cap/l2c_csm.cc:1335 l2c_csm_open: LCID: 0x004c  st: OPEN  evt: L2CEVT_L2CAP_DATA(0x14) psm: BT_PSM_HIDI(0x0013)
09-26 11:52:01.402 31661 31681 V bluetooth: system/stack/hid/hidh_conn.cc:701 hidh_l2cif_data_ind: HID-Host hidh_l2cif_data_ind [l2cap_cid=0x004c]
09-26 11:52:01.402 31661 31681 V bt_bta_hh: system/bta/hh/bta_hh_act.cc:1144 bta_hh_cback: HID_event [HID_HDEV_EVT_INTR_DATA]
09-26 11:52:01.402 31661 31681 V l2c_csm : system/stack/l2cap/l2c_csm.cc:1514 l2c_csm_open: Exit chnl_state=CST_OPEN [6], event=L2CEVT_L2CAP_DATA(0x14) [20]
09-26 11:52:01.402 31661 31681 V bt_bta_sys_main: system/bta/sys/bta_sys_main.cc:71 bta_sys_event: Event 0x1704
09-26 11:52:01.402 31661 31681 V bt_bta_hh: system/bta/hh/bta_hh_main.cc:174 bta_hh_sm_execute: State BTA_HH_CONN_ST(3), Event BTA_HH_INT_DATA_EVT(5892) for xx:xx:xx:xx:2b:83[public][BT_TRANSPORT_BR_EDR]
09-26 11:52:01.402 31661 31681 V bluetooth: system/btif/co/bta_hh_co.cc:773 bta_hh_co_data: dev_handle = 0
09-26 11:52:01.402 31661 31681 V bluetooth: system/btif/co/bta_hh_co.cc:653 bta_hh_co_write: UHID write 16
09-26 11:52:01.412 31661 31681 V l2c_csm : system/stack/l2cap/l2c_csm.cc:1335 l2c_csm_open: LCID: 0x004c  st: OPEN  evt: L2CEVT_L2CAP_DATA(0x14) psm: BT_PSM_HIDI(0x0013)
09-26 11:52:01.412 31661 31681 V bluetooth: system/stack/hid/hidh_conn.cc:701 hidh_l2cif_data_ind: HID-Host hidh_l2cif_data_ind [l2cap_cid=0x004c]
09-26 11:52:01.412 31661 31681 V bt_bta_hh: system/bta/hh/bta_hh_act.cc:1144 bta_hh_cback: HID_event [HID_HDEV_EVT_INTR_DATA]
09-26 11:52:01.412 31661 31681 V l2c_csm : system/stack/l2cap/l2c_csm.cc:1514 l2c_csm_open: Exit chnl_state=CST_OPEN [6], event=L2CEVT_L2CAP_DATA(0x14) [20]
09-26 11:52:01.412 31661 31681 V bt_bta_sys_main: system/bta/sys/bta_sys_main.cc:71 bta_sys_event: Event 0x1704
09-26 11:52:01.412 31661 31681 V bt_bta_hh: system/bta/hh/bta_hh_main.cc:174 bta_hh_sm_execute: State BTA_HH_CONN_ST(3), Event BTA_HH_INT_DATA_EVT(5892) for xx:xx:xx:xx:2b:83[public][BT_TRANSPORT_BR_EDR]
09-26 11:52:01.412 31661 31681 V bluetooth: system/btif/co/bta_hh_co.cc:773 bta_hh_co_data: dev_handle = 0
09-26 11:52:01.412 31661 31681 V bluetooth: system/btif/co/bta_hh_co.cc:653 bta_hh_co_write: UHID write 16
09-26 11:52:01.422 31661 31681 V l2c_csm : system/stack/l2cap/l2c_csm.cc:1335 l2c_csm_open: LCID: 0x004c  st: OPEN  evt: L2CEVT_L2CAP_DATA(0x14) psm: BT_PSM_HIDI(0x0013)
09-26 11:52:01.422 31661 31681 V bluetooth: system/stack/hid/hidh_conn.cc:701 hidh_l2cif_data_ind: HID-Host hidh_l2cif_data_ind [l2cap_cid=0x004c]
09-26 11:52:01.422 31661 31681 V bt_bta_hh: system/bta/hh/bta_hh_act.cc:1144 bta_hh_cback: HID_event [HID_HDEV_EVT_INTR_DATA]
09-26 11:52:01.422 31661 31681 V l2c_csm : system/stack/l2cap/l2c_csm.cc:1514 l2c_csm_open: Exit chnl_state=CST_OPEN [6], event=L2CEVT_L2CAP_DATA(0x14) [20]
09-26 11:52:01.422 31661 31681 V bt_bta_sys_main: system/bta/sys/bta_sys_main.cc:71 bta_sys_event: Event 0x1704
09-26 11:52:01.422 31661 31681 V bt_bta_hh: system/bta/hh/bta_hh_main.cc:174 bta_hh_sm_execute: State BTA_HH_CONN_ST(3), Event BTA_HH_INT_DATA_EVT(5892) for xx:xx:xx:xx:2b:83[public][BT_TRANSPORT_BR_EDR]
09-26 11:52:01.422 31661 31681 V bluetooth: system/btif/co/bta_hh_co.cc:773 bta_hh_co_data: dev_handle = 0
09-26 11:52:01.422 31661 31681 V bluetooth: system/btif/co/bta_hh_co.cc:653 bta_hh_co_write: UHID write 16
09-26 11:52:01.432 31661 31681 V l2c_csm : system/stack/l2cap/l2c_csm.cc:1335 l2c_csm_open: LCID: 0x004c  st: OPEN  evt: L2CEVT_L2CAP_DATA(0x14) psm: BT_PSM_HIDI(0x0013)
09-26 11:52:01.432 31661 31681 V bluetooth: system/stack/hid/hidh_conn.cc:701 hidh_l2cif_data_ind: HID-Host hidh_l2cif_data_ind [l2cap_cid=0x004c]
09-26 11:52:01.432 31661 31681 V bt_bta_hh: system/bta/hh/bta_hh_act.cc:1144 bta_hh_cback: HID_event [HID_HDEV_EVT_INTR_DATA]
09-26 11:52:01.432 31661 31681 V l2c_csm : system/stack/l2cap/l2c_csm.cc:1514 l2c_csm_open: Exit chnl_state=CST_OPEN [6], event=L2CEVT_L2CAP_DATA(0x14) [20]
09-26 11:52:01.432 31661 31681 V bt_bta_sys_main: system/bta/sys/bta_sys_main.cc:71 bta_sys_event: Event 0x1704
09-26 11:52:01.432 31661 31681 V bt_bta_hh: system/bta/hh/bta_hh_main.cc:174 bta_hh_sm_execute: State BTA_HH_CONN_ST(3), Event BTA_HH_INT_DATA_EVT(5892) for xx:xx:xx:xx:2b:83[public][BT_TRANSPORT_BR_EDR]
09-26 11:52:01.432 31661 31681 V bluetooth: system/btif/co/bta_hh_co.cc:773 bta_hh_co_data: dev_handle = 0
09-26 11:52:01.432 31661 31681 V bluetooth: system/btif/co/bta_hh_co.cc:653 bta_hh_co_write: UHID write 16
09-26 11:52:01.432 14961 15002 D S3PERF  : crosscheck source=surface presented=6580 json_fps=10.3684 json_frametime_ms=70.752
09-26 11:52:01.442 31661 31681 V l2c_csm : system/stack/l2cap/l2c_csm.cc:1335 l2c_csm_open: LCID: 0x004c  st: OPEN  evt: L2CEVT_L2CAP_DATA(0x14) psm: BT_PSM_HIDI(0x0013)
09-26 11:52:01.442 31661 31681 V bluetooth: system/stack/hid/hidh_conn.cc:701 hidh_l2cif_data_ind: HID-Host hidh_l2cif_data_ind [l2cap_cid=0x004c]
09-26 11:52:01.442 31661 31681 V bt_bta_hh: system/bta/hh/bta_hh_act.cc:1144 bta_hh_cback: HID_event [HID_HDEV_EVT_INTR_DATA]
09-26 11:52:01.442 31661 31681 V l2c_csm : system/stack/l2cap/l2c_csm.cc:1514 l2c_csm_open: Exit chnl_state=CST_OPEN [6], event=L2CEVT_L2CAP_DATA(0x14) [20]
09-26 11:52:01.442 31661 31681 V bt_bta_sys_main: system/bta/sys/bta_sys_main.cc:71 bta_sys_event: Event 0x1704
09-26 11:52:01.442 31661 31681 V bt_bta_hh: system/bta/hh/bta_hh_main.cc:174 bta_hh_sm_execute: State BTA_HH_CONN_ST(3), Event BTA_HH_INT_DATA_EVT(5892) for xx:xx:xx:xx:2b:83[public][BT_TRANSPORT_BR_EDR]
09-26 11:52:01.442 31661 31681 V bluetooth: system/btif/co/bta_hh_co.cc:773 bta_hh_co_data: dev_handle = 0
09-26 11:52:01.442 31661 31681 V bluetooth: system/btif/co/bta_hh_co.cc:653 bta_hh_co_write: UHID write 16
09-26 11:52:01.452 31661 31681 V l2c_csm : system/stack/l2cap/l2c_csm.cc:1335 l2c_csm_open: LCID: 0x004c  st: OPEN  evt: L2CEVT_L2CAP_DATA(0x14) psm: BT_PSM_HIDI(0x0013)
09-26 11:52:01.452 31661 31681 V bluetooth: system/stack/hid/hidh_conn.cc:701 hidh_l2cif_data_ind: HID-Host hidh_l2cif_data_ind [l2cap_cid=0x004c]
09-26 11:52:01.452 31661 31681 V bt_bta_hh: system/bta/hh/bta_hh_act.cc:1144 bta_hh_cback: HID_event [HID_HDEV_EVT_INTR_DATA]
09-26 11:52:01.452 31661 31681 V l2c_csm : system/stack/l2cap/l2c_csm.cc:1514 l2c_csm_open: Exit chnl_state=CST_OPEN [6], event=L2CEVT_L2CAP_DATA(0x14) [20]
09-26 11:52:01.452 31661 31681 V bt_bta_sys_main: system/bta/sys/bta_sys_main.cc:71 bta_sys_event: Event 0x1704
09-26 11:52:01.452 31661 31681 V bt_bta_hh: system/bta/hh/bta_hh_main.cc:174 bta_hh_sm_execute: State BTA_HH_CONN_ST(3), Event BTA_HH_INT_DATA_EVT(5892) for xx:xx:xx:xx:2b:83[public][BT_TRANSPORT_BR_EDR]
09-26 11:52:01.452 31661 31681 V bluetooth: system/btif/co/bta_hh_co.cc:773 bta_hh_co_data: dev_handle = 0
09-26 11:52:01.452 31661 31681 V bluetooth: system/btif/co/bta_hh_co.cc:653 bta_hh_co_write: UHID write 16
09-26 11:52:01.457  1570  1606 I android.hardware.thermal-service.qti: sensor: cpu-2-1-0 temperature: 95 old: 0 new: 3
09-26 11:52:01.462 31661 31681 V l2c_csm : system/stack/l2cap/l2c_csm.cc:1335 l2c_csm_open: LCID: 0x004c  st: OPEN  evt: L2CEVT_L2CAP_DATA(0x14) psm: BT_PSM_HIDI(0x0013)
09-26 11:52:01.462 31661 31681 V bluetooth: system/stack/hid/hidh_conn.cc:701 hidh_l2cif_data_ind: HID-Host hidh_l2cif_data_ind [l2cap_cid=0x004c]
09-26 11:52:01.462 31661 31681 V bt_bta_hh: system/bta/hh/bta_hh_act.cc:1144 bta_hh_cback: HID_event [HID_HDEV_EVT_INTR_DATA]
09-26 11:52:01.462 31661 31681 V l2c_csm : system/stack/l2cap/l2c_csm.cc:1514 l2c_csm_open: Exit chnl_state=CST_OPEN [6], event=L2CEVT_L2CAP_DATA(0x14) [20]
09-26 11:52:01.462 31661 31681 V bt_bta_sys_main: system/bta/sys/bta_sys_main.cc:71 bta_sys_event: Event 0x1704
09-26 11:52:01.462 31661 31681 V bt_bta_hh: system/bta/hh/bta_hh_main.cc:174 bta_hh_sm_execute: State BTA_HH_CONN_ST(3), Event BTA_HH_INT_DATA_EVT(5892) for xx:xx:xx:xx:2b:83[public][BT_TRANSPORT_BR_EDR]
09-26 11:52:01.462 31661 31681 V bluetooth: system/btif/co/bta_hh_co.cc:773 bta_hh_co_data: dev_handle = 0
09-26 11:52:01.462 31661 31681 V bluetooth: system/btif/co/bta_hh_co.cc:653 bta_hh_co_write: UHID write 16
09-26 11:52:01.472 31661 31681 V l2c_csm : system/stack/l2cap/l2c_csm.cc:1335 l2c_csm_open: LCID: 0x004c  st: OPEN  evt: L2CEVT_L2CAP_DATA(0x14) psm: BT_PSM_HIDI(0x0013)
09-26 11:52:01.472 31661 31681 V bluetooth: system/stack/hid/hidh_conn.cc:701 hidh_l2cif_data_ind: HID-Host hidh_l2cif_data_ind [l2cap_cid=0x004c]
09-26 11:52:01.472 31661 31681 V bt_bta_hh: system/bta/hh/bta_hh_act.cc:1144 bta_hh_cback: HID_event [HID_HDEV_EVT_INTR_DATA]
09-26 11:52:01.472 31661 31681 V l2c_csm : system/stack/l2cap/l2c_csm.cc:1514 l2c_csm_open: Exit chnl_state=CST_OPEN [6], event=L2CEVT_L2CAP_DATA(0x14) [20]
09-26 11:52:01.472 31661 31681 V bt_bta_sys_main: system/bta/sys/bta_sys_main.cc:71 bta_sys_event: Event 0x1704
09-26 11:52:01.472 31661 31681 V bt_bta_hh: system/bta/hh/bta_hh_main.cc:174 bta_hh_sm_execute: State BTA_HH_CONN_ST(3), Event BTA_HH_INT_DATA_EVT(5892) for xx:xx:xx:xx:2b:83[public][BT_TRANSPORT_BR_EDR]
09-26 11:52:01.472 31661 31681 V bluetooth: system/btif/co/bta_hh_co.cc:773 bta_hh_co_data: dev_handle = 0
09-26 11:52:01.472 31661 31681 V bluetooth: system/btif/co/bta_hh_co.cc:653 bta_hh_co_write: UHID write 16
09-26 11:52:01.482 31661 31681 V l2c_csm : system/stack/l2cap/l2c_csm.cc:1335 l2c_csm_open: LCID: 0x004c  st: OPEN  evt: L2CEVT_L2CAP_DATA(0x14) psm: BT_PSM_HIDI(0x0013)
09-26 11:52:01.482 31661 31681 V bluetooth: system/stack/hid/hidh_conn.cc:701 hidh_l2cif_data_ind: HID-Host hidh_l2cif_data_ind [l2cap_cid=0x004c]
09-26 11:52:01.482 31661 31681 V bt_bta_hh: system/bta/hh/bta_hh_act.cc:1144 bta_hh_cback: HID_event [HID_HDEV_EVT_INTR_DATA]
09-26 11:52:01.482 31661 31681 V l2c_csm : system/stack/l2cap/l2c_csm.cc:1514 l2c_csm_open: Exit chnl_state=CST_OPEN [6], event=L2CEVT_L2CAP_DATA(0x14) [20]
09-26 11:52:01.482 31661 31681 V bt_bta_sys_main: system/bta/sys/bta_sys_main.cc:71 bta_sys_event: Event 0x1704
09-26 11:52:01.482 31661 31681 V bt_bta_hh: system/bta/hh/bta_hh_main.cc:174 bta_hh_sm_execute: State BTA_HH_CONN_ST(3), Event BTA_HH_INT_DATA_EVT(5892) for xx:xx:xx:xx:2b:83[public][BT_TRANSPORT_BR_EDR]
09-26 11:52:01.482 31661 31681 V bluetooth: system/btif/co/bta_hh_co.cc:773 bta_hh_co_data: dev_handle = 0
09-26 11:52:01.482 31661 31681 V bluetooth: system/btif/co/bta_hh_co.cc:653 bta_hh_co_write: UHID write 16
09-26 11:52:01.492 31661 31681 V l2c_csm : system/stack/l2cap/l2c_csm.cc:1335 l2c_csm_open: LCID: 0x004c  st: OPEN  evt: L2CEVT_L2CAP_DATA(0x14) psm: BT_PSM_HIDI(0x0013)
09-26 11:52:01.492 31661 31681 V bluetooth: system/stack/hid/hidh_conn.cc:701 hidh_l2cif_data_ind: HID-Host hidh_l2cif_data_ind [l2cap_cid=0x004c]
09-26 11:52:01.492 31661 31681 V bt_bta_hh: system/bta/hh/bta_hh_act.cc:1144 bta_hh_cback: HID_event [HID_HDEV_EVT_INTR_DATA]
09-26 11:52:01.492 31661 31681 V l2c_csm : system/stack/l2cap/l2c_csm.cc:1514 l2c_csm_open: Exit chnl_state=CST_OPEN [6], event=L2CEVT_L2CAP_DATA(0x14) [20]
09-26 11:52:01.492 31661 31681 V bt_bta_sys_main: system/bta/sys/bta_sys_main.cc:71 bta_sys_event: Event 0x1704
09-26 11:52:01.492 31661 31681 V bt_bta_hh: system/bta/hh/bta_hh_main.cc:174 bta_hh_sm_execute: State BTA_HH_CONN_ST(3), Event BTA_HH_INT_DATA_EVT(5892) for xx:xx:xx:xx:2b:83[public][BT_TRANSPORT_BR_EDR]
09-26 11:52:01.492 31661 31681 V bluetooth: system/btif/co/bta_hh_co.cc:773 bta_hh_co_data: dev_handle = 0
09-26 11:52:01.492 31661 31681 V bluetooth: system/btif/co/bta_hh_co.cc:653 bta_hh_co_write: UHID write 16
09-26 11:52:01.502 31661 31681 V l2c_csm : system/stack/l2cap/l2c_csm.cc:1335 l2c_csm_open: LCID: 0x004c  st: OPEN  evt: L2CEVT_L2CAP_DATA(0x14) psm: BT_PSM_HIDI(0x0013)
09-26 11:52:01.502 31661 31681 V bluetooth: system/stack/hid/hidh_conn.cc:701 hidh_l2cif_data_ind: HID-Host hidh_l2cif_data_ind [l2cap_cid=0x004c]
09-26 11:52:01.502 31661 31681 V bt_bta_hh: system/bta/hh/bta_hh_act.cc:1144 bta_hh_cback: HID_event [HID_HDEV_EVT_INTR_DATA]
09-26 11:52:01.502 31661 31681 V l2c_csm : system/stack/l2cap/l2c_csm.cc:1514 l2c_csm_open: Exit chnl_state=CST_OPEN [6], event=L2CEVT_L2CAP_DATA(0x14) [20]
09-26 11:52:01.502 31661 31681 V bt_bta_sys_main: system/bta/sys/bta_sys_main.cc:71 bta_sys_event: Event 0x1704
09-26 11:52:01.502 31661 31681 V bt_bta_hh: system/bta/hh/bta_hh_main.cc:174 bta_hh_sm_execute: State BTA_HH_CONN_ST(3), Event BTA_HH_INT_DATA_EVT(5892) for xx:xx:xx:xx:2b:83[public][BT_TRANSPORT_BR_EDR]
09-26 11:52:01.502 31661 31681 V bluetooth: system/btif/co/bta_hh_co.cc:773 bta_hh_co_data: dev_handle = 0
09-26 11:52:01.502 31661 31681 V bluetooth: system/btif/co/bta_hh_co.cc:653 bta_hh_co_write: UHID write 16
09-26 11:52:01.505  1570  1606 I android.hardware.thermal-service.qti: sensor: cpu-2-1-0 temperature: 89.9 old: 3 new: 0
09-26 11:52:01.512 31661 31681 V l2c_csm : system/stack/l2cap/l2c_csm.cc:1335 l2c_csm_open: LCID: 0x004c  st: OPEN  evt: L2CEVT_L2CAP_DATA(0x14) psm: BT_PSM_HIDI(0x0013)
09-26 11:52:01.512 31661 31681 V bluetooth: system/stack/hid/hidh_conn.cc:701 hidh_l2cif_data_ind: HID-Host hidh_l2cif_data_ind [l2cap_cid=0x004c]
09-26 11:52:01.512 31661 31681 V bt_bta_hh: system/bta/hh/bta_hh_act.cc:1144 bta_hh_cback: HID_event [HID_HDEV_EVT_INTR_DATA]
09-26 11:52:01.512 31661 31681 V l2c_csm : system/stack/l2cap/l2c_csm.cc:1514 l2c_csm_open: Exit chnl_state=CST_OPEN [6], event=L2CEVT_L2CAP_DATA(0x14) [20]
09-26 11:52:01.512 31661 31681 V bt_bta_sys_main: system/bta/sys/bta_sys_main.cc:71 bta_sys_event: Event 0x1704
09-26 11:52:01.512 31661 31681 V bt_bta_hh: system/bta/hh/bta_hh_main.cc:174 bta_hh_sm_execute: State BTA_HH_CONN_ST(3), Event BTA_HH_INT_DATA_EVT(5892) for xx:xx:xx:xx:2b:83[public][BT_TRANSPORT_BR_EDR]
09-26 11:52:01.512 31661 31681 V bluetooth: system/btif/co/bta_hh_co.cc:773 bta_hh_co_data: dev_handle = 0
09-26 11:52:01.512 31661 31681 V bluetooth: system/btif/co/bta_hh_co.cc:653 bta_hh_co_write: UHID write 16
09-26 11:52:01.522 31661 31681 V l2c_csm : system/stack/l2cap/l2c_csm.cc:1335 l2c_csm_open: LCID: 0x004c  st: OPEN  evt: L2CEVT_L2CAP_DATA(0x14) psm: BT_PSM_HIDI(0x0013)
09-26 11:52:01.522 31661 31681 V bluetooth: system/stack/hid/hidh_conn.cc:701 hidh_l2cif_data_ind: HID-Host hidh_l2cif_data_ind [l2cap_cid=0x004c]
09-26 11:52:01.522 31661 31681 V bt_bta_hh: system/bta/hh/bta_hh_act.cc:1144 bta_hh_cback: HID_event [HID_HDEV_EVT_INTR_DATA]
09-26 11:52:01.522 31661 31681 V l2c_csm : system/stack/l2cap/l2c_csm.cc:1514 l2c_csm_open: Exit chnl_state=CST_OPEN [6], event=L2CEVT_L2CAP_DATA(0x14) [20]
09-26 11:52:01.522 31661 31681 V bt_bta_sys_main: system/bta/sys/bta_sys_main.cc:71 bta_sys_event: Event 0x1704
09-26 11:52:01.522 31661 31681 V bt_bta_hh: system/bta/hh/bta_hh_main.cc:174 bta_hh_sm_execute: State BTA_HH_CONN_ST(3), Event BTA_HH_INT_DATA_EVT(5892) for xx:xx:xx:xx:2b:83[public][BT_TRANSPORT_BR_EDR]
09-26 11:52:01.522 31661 31681 V bluetooth: system/btif/co/bta_hh_co.cc:773 bta_hh_co_data: dev_handle = 0
09-26 11:52:01.522 31661 31681 V bluetooth: system/btif/co/bta_hh_co.cc:653 bta_hh_co_write: UHID write 16
09-26 11:52:01.532 31661 31681 V l2c_csm : system/stack/l2cap/l2c_csm.cc:1335 l2c_csm_open: LCID: 0x004c  st: OPEN  evt: L2CEVT_L2CAP_DATA(0x14) psm: BT_PSM_HIDI(0x0013)
09-26 11:52:01.532 31661 31681 V bluetooth: system/stack/hid/hidh_conn.cc:701 hidh_l2cif_data_ind: HID-Host hidh_l2cif_data_ind [l2cap_cid=0x004c]
09-26 11:52:01.532 31661 31681 V bt_bta_hh: system/bta/hh/bta_hh_act.cc:1144 bta_hh_cback: HID_event [HID_HDEV_EVT_INTR_DATA]
09-26 11:52:01.532 31661 31681 V l2c_csm : system/stack/l2cap/l2c_csm.cc:1514 l2c_csm_open: Exit chnl_state=CST_OPEN [6], event=L2CEVT_L2CAP_DATA(0x14) [20]
09-26 11:52:01.532 31661 31681 V bt_bta_sys_main: system/bta/sys/bta_sys_main.cc:71 bta_sys_event: Event 0x1704
09-26 11:52:01.532 31661 31681 V bt_bta_hh: system/bta/hh/bta_hh_main.cc:174 bta_hh_sm_execute: State BTA_HH_CONN_ST(3), Event BTA_HH_INT_DATA_EVT(5892) for xx:xx:xx:xx:2b:83[public][BT_TRANSPORT_BR_EDR]
09-26 11:52:01.532 31661 31681 V bluetooth: system/btif/co/bta_hh_co.cc:773 bta_hh_co_data: dev_handle = 0
09-26 11:52:01.532 31661 31681 V bluetooth: system/btif/co/bta_hh_co.cc:653 bta_hh_co_write: UHID write 16
09-26 11:52:01.533  1570  1606 I android.hardware.thermal-service.qti: sensor: cpu-2-1-0 temperature: 95 old: 0 new: 3
09-26 11:52:01.542 31661 31681 V l2c_csm : system/stack/l2cap/l2c_csm.cc:1335 l2c_csm_open: LCID: 0x004c  st: OPEN  evt: L2CEVT_L2CAP_DATA(0x14) psm: BT_PSM_HIDI(0x0013)
09-26 11:52:01.542 31661 31681 V bluetooth: system/stack/hid/hidh_conn.cc:701 hidh_l2cif_data_ind: HID-Host hidh_l2cif_data_ind [l2cap_cid=0x004c]
09-26 11:52:01.542 31661 31681 V bt_bta_hh: system/bta/hh/bta_hh_act.cc:1144 bta_hh_cback: HID_event [HID_HDEV_EVT_INTR_DATA]
09-26 11:52:01.542 31661 31681 V l2c_csm : system/stack/l2cap/l2c_csm.cc:1514 l2c_csm_open: Exit chnl_state=CST_OPEN [6], event=L2CEVT_L2CAP_DATA(0x14) [20]
09-26 11:52:01.542 31661 31681 V bt_bta_sys_main: system/bta/sys/bta_sys_main.cc:71 bta_sys_event: Event 0x1704
09-26 11:52:01.542 31661 31681 V bt_bta_hh: system/bta/hh/bta_hh_main.cc:174 bta_hh_sm_execute: State BTA_HH_CONN_ST(3), Event BTA_HH_INT_DATA_EVT(5892) for xx:xx:xx:xx:2b:83[public][BT_TRANSPORT_BR_EDR]
09-26 11:52:01.542 31661 31681 V bluetooth: system/btif/co/bta_hh_co.cc:773 bta_hh_co_data: dev_handle = 0
09-26 11:52:01.542 31661 31681 V bluetooth: system/btif/co/bta_hh_co.cc:653 bta_hh_co_write: UHID write 16
09-26 11:52:01.552 31661 31681 V l2c_csm : system/stack/l2cap/l2c_csm.cc:1335 l2c_csm_open: LCID: 0x004c  st: OPEN  evt: L2CEVT_L2CAP_DATA(0x14) psm: BT_PSM_HIDI(0x0013)
09-26 11:52:01.552 31661 31681 V bluetooth: system/stack/hid/hidh_conn.cc:701 hidh_l2cif_data_ind: HID-Host hidh_l2cif_data_ind [l2cap_cid=0x004c]
09-26 11:52:01.552 31661 31681 V bt_bta_hh: system/bta/hh/bta_hh_act.cc:1144 bta_hh_cback: HID_event [HID_HDEV_EVT_INTR_DATA]
09-26 11:52:01.552 31661 31681 V l2c_csm : system/stack/l2cap/l2c_csm.cc:1514 l2c_csm_open: Exit chnl_state=CST_OPEN [6], event=L2CEVT_L2CAP_DATA(0x14) [20]
09-26 11:52:01.552 31661 31681 V bt_bta_sys_main: system/bta/sys/bta_sys_main.cc:71 bta_sys_event: Event 0x1704
09-26 11:52:01.552 31661 31681 V bt_bta_hh: system/bta/hh/bta_hh_main.cc:174 bta_hh_sm_execute: State BTA_HH_CONN_ST(3), Event BTA_HH_INT_DATA_EVT(5892) for xx:xx:xx:xx:2b:83[public][BT_TRANSPORT_BR_EDR]
09-26 11:52:01.552 31661 31681 V bluetooth: system/btif/co/bta_hh_co.cc:773 bta_hh_co_data: dev_handle = 0
09-26 11:52:01.552 31661 31681 V bluetooth: system/btif/co/bta_hh_co.cc:653 bta_hh_co_write: UHID write 16
09-26 11:52:01.562 31661 31681 V l2c_csm : system/stack/l2cap/l2c_csm.cc:1335 l2c_csm_open: LCID: 0x004c  st: OPEN  evt: L2CEVT_L2CAP_DATA(0x14) psm: BT_PSM_HIDI(0x0013)
09-26 11:52:01.562 31661 31681 V bluetooth: system/stack/hid/hidh_conn.cc:701 hidh_l2cif_data_ind: HID-Host hidh_l2cif_data_ind [l2cap_cid=0x004c]
09-26 11:52:01.562 31661 31681 V bt_bta_hh: system/bta/hh/bta_hh_act.cc:1144 bta_hh_cback: HID_event [HID_HDEV_EVT_INTR_DATA]
09-26 11:52:01.562 31661 31681 V l2c_csm : system/stack/l2cap/l2c_csm.cc:1514 l2c_csm_open: Exit chnl_state=CST_OPEN [6], event=L2CEVT_L2CAP_DATA(0x14) [20]
09-26 11:52:01.562 31661 31681 V bt_bta_sys_main: system/bta/sys/bta_sys_main.cc:71 bta_sys_event: Event 0x1704
09-26 11:52:01.562 31661 31681 V bt_bta_hh: system/bta/hh/bta_hh_main.cc:174 bta_hh_sm_execute: State BTA_HH_CONN_ST(3), Event BTA_HH_INT_DATA_EVT(5892) for xx:xx:xx:xx:2b:83[public][BT_TRANSPORT_BR_EDR]
09-26 11:52:01.562 31661 31681 V bluetooth: system/btif/co/bta_hh_co.cc:773 bta_hh_co_data: dev_handle = 0
09-26 11:52:01.562 31661 31681 V bluetooth: system/btif/co/bta_hh_co.cc:653 bta_hh_co_write: UHID write 16
09-26 11:52:01.572 31661 31681 V l2c_csm : system/stack/l2cap/l2c_csm.cc:1335 l2c_csm_open: LCID: 0x004c  st: OPEN  evt: L2CEVT_L2CAP_DATA(0x14) psm: BT_PSM_HIDI(0x0013)
09-26 11:52:01.572 31661 31681 V bluetooth: system/stack/hid/hidh_conn.cc:701 hidh_l2cif_data_ind: HID-Host hidh_l2cif_data_ind [l2cap_cid=0x004c]
09-26 11:52:01.572 31661 31681 V bt_bta_hh: system/bta/hh/bta_hh_act.cc:1144 bta_hh_cback: HID_event [HID_HDEV_EVT_INTR_DATA]
09-26 11:52:01.572 31661 31681 V l2c_csm : system/stack/l2cap/l2c_csm.cc:1514 l2c_csm_open: Exit chnl_state=CST_OPEN [6], event=L2CEVT_L2CAP_DATA(0x14) [20]
09-26 11:52:01.572 31661 31681 V bt_bta_sys_main: system/bta/sys/bta_sys_main.cc:71 bta_sys_event: Event 0x1704
09-26 11:52:01.572 31661 31681 V bt_bta_hh: system/bta/hh/bta_hh_main.cc:174 bta_hh_sm_execute: State BTA_HH_CONN_ST(3), Event BTA_HH_INT_DATA_EVT(5892) for xx:xx:xx:xx:2b:83[public][BT_TRANSPORT_BR_EDR]
09-26 11:52:01.572 31661 31681 V bluetooth: system/btif/co/bta_hh_co.cc:773 bta_hh_co_data: dev_handle = 0
09-26 11:52:01.572 31661 31681 V bluetooth: system/btif/co/bta_hh_co.cc:653 bta_hh_co_write: UHID write 16
09-26 11:52:01.580 14961 23120 D RPCS3   : sys_tty_write(ch=0, buf=*0x58bf20, len=63, pwritelen=*0xd000fde0)
09-26 11:52:01.580 14961 23120 D RPCS3   : sys_tty_write(): “BATCHJOB: AddJob: waiting for room in job list 3 for job 56...“ << endl
09-26 11:52:01.582 31661 31681 V l2c_csm : system/stack/l2cap/l2c_csm.cc:1335 l2c_csm_open: LCID: 0x004c  st: OPEN  evt: L2CEVT_L2CAP_DATA(0x14) psm: BT_PSM_HIDI(0x0013)
09-26 11:52:01.582 31661 31681 V bluetooth: system/stack/hid/hidh_conn.cc:701 hidh_l2cif_data_ind: HID-Host hidh_l2cif_data_ind [l2cap_cid=0x004c]
09-26 11:52:01.582 31661 31681 V bt_bta_hh: system/bta/hh/bta_hh_act.cc:1144 bta_hh_cback: HID_event [HID_HDEV_EVT_INTR_DATA]
09-26 11:52:01.582 31661 31681 V l2c_csm : system/stack/l2cap/l2c_csm.cc:1514 l2c_csm_open: Exit chnl_state=CST_OPEN [6], event=L2CEVT_L2CAP_DATA(0x14) [20]
09-26 11:52:01.582 31661 31681 V bt_bta_sys_main: system/bta/sys/bta_sys_main.cc:71 bta_sys_event: Event 0x1704
09-26 11:52:01.582 31661 31681 V bt_bta_hh: system/bta/hh/bta_hh_main.cc:174 bta_hh_sm_execute: State BTA_HH_CONN_ST(3), Event BTA_HH_INT_DATA_EVT(5892) for xx:xx:xx:xx:2b:83[public][BT_TRANSPORT_BR_EDR]
09-26 11:52:01.582 31661 31681 V bluetooth: system/btif/co/bta_hh_co.cc:773 bta_hh_co_data: dev_handle = 0
09-26 11:52:01.582 31661 31681 V bluetooth: system/btif/co/bta_hh_co.cc:653 bta_hh_co_write: UHID write 16
09-26 11:52:01.587  1616  1871 I SDM     : DisplayBase::CommitThread: Received idle timeout, panel: cmd, timeout: 70000 us
09-26 11:52:01.592 31661 31681 V l2c_csm : system/stack/l2cap/l2c_csm.cc:1335 l2c_csm_open: LCID: 0x004c  st: OPEN  evt: L2CEVT_L2CAP_DATA(0x14) psm: BT_PSM_HIDI(0x0013)
09-26 11:52:01.592 31661 31681 V bluetooth: system/stack/hid/hidh_conn.cc:701 hidh_l2cif_data_ind: HID-Host hidh_l2cif_data_ind [l2cap_cid=0x004c]
09-26 11:52:01.592 31661 31681 V bt_bta_hh: system/bta/hh/bta_hh_act.cc:1144 bta_hh_cback: HID_event [HID_HDEV_EVT_INTR_DATA]
09-26 11:52:01.592 31661 31681 V l2c_csm : system/stack/l2cap/l2c_csm.cc:1514 l2c_csm_open: Exit chnl_state=CST_OPEN [6], event=L2CEVT_L2CAP_DATA(0x14) [20]
09-26 11:52:01.592 31661 31681 V bt_bta_sys_main: system/bta/sys/bta_sys_main.cc:71 bta_sys_event: Event 0x1704
09-26 11:52:01.592 31661 31681 V bt_bta_hh: system/bta/hh/bta_hh_main.cc:174 bta_hh_sm_execute: State BTA_HH_CONN_ST(3), Event BTA_HH_INT_DATA_EVT(5892) for xx:xx:xx:xx:2b:83[public][BT_TRANSPORT_BR_EDR]
09-26 11:52:01.592 31661 31681 V bluetooth: system/btif/co/bta_hh_co.cc:773 bta_hh_co_data: dev_handle = 0
09-26 11:52:01.592 31661 31681 V bluetooth: system/btif/co/bta_hh_co.cc:653 bta_hh_co_write: UHID write 16
09-26 11:52:01.602 31661 31681 V l2c_csm : system/stack/l2cap/l2c_csm.cc:1335 l2c_csm_open: LCID: 0x004c  st: OPEN  evt: L2CEVT_L2CAP_DATA(0x14) psm: BT_PSM_HIDI(0x0013)
09-26 11:52:01.602 31661 31681 V bluetooth: system/stack/hid/hidh_conn.cc:701 hidh_l2cif_data_ind: HID-Host hidh_l2cif_data_ind [l2cap_cid=0x004c]
09-26 11:52:01.602 31661 31681 V bt_bta_hh: system/bta/hh/bta_hh_act.cc:1144 bta_hh_cback: HID_event [HID_HDEV_EVT_INTR_DATA]
09-26 11:52:01.602 31661 31681 V l2c_csm : system/stack/l2cap/l2c_csm.cc:1514 l2c_csm_open: Exit chnl_state=CST_OPEN [6], event=L2CEVT_L2CAP_DATA(0x14) [20]
09-26 11:52:01.602 31661 31681 V bt_bta_sys_main: system/bta/sys/bta_sys_main.cc:71 bta_sys_event: Event 0x1704
09-26 11:52:01.602 31661 31681 V bt_bta_hh: system/bta/hh/bta_hh_main.cc:174 bta_hh_sm_execute: State BTA_HH_CONN_ST(3), Event BTA_HH_INT_DATA_EVT(5892) for xx:xx:xx:xx:2b:83[public][BT_TRANSPORT_BR_EDR]
09-26 11:52:01.602 31661 31681 V bluetooth: system/btif/co/bta_hh_co.cc:773 bta_hh_co_data: dev_handle = 0
09-26 11:52:01.602 31661 31681 V bluetooth: system/btif/co/bta_hh_co.cc:653 bta_hh_co_write: UHID write 16
09-26 11:52:01.612 31661 31681 V l2c_csm : system/stack/l2cap/l2c_csm.cc:1335 l2c_csm_open: LCID: 0x004c  st: OPEN  evt: L2CEVT_L2CAP_DATA(0x14) psm: BT_PSM_HIDI(0x0013)
09-26 11:52:01.612 31661 31681 V bluetooth: system/stack/hid/hidh_conn.cc:701 hidh_l2cif_data_ind: HID-Host hidh_l2cif_data_ind [l2cap_cid=0x004c]
09-26 11:52:01.612 31661 31681 V bt_bta_hh: system/bta/hh/bta_hh_act.cc:1144 bta_hh_cback: HID_event [HID_HDEV_EVT_INTR_DATA]
09-26 11:52:01.612 31661 31681 V l2c_csm : system/stack/l2cap/l2c_csm.cc:1514 l2c_csm_open: Exit chnl_state=CST_OPEN [6], event=L2CEVT_L2CAP_DATA(0x14) [20]
09-26 11:52:01.612 31661 31681 V bt_bta_sys_main: system/bta/sys/bta_sys_main.cc:71 bta_sys_event: Event 0x1704
09-26 11:52:01.612 31661 31681 V bt_bta_hh: system/bta/hh/bta_hh_main.cc:174 bta_hh_sm_execute: State BTA_HH_CONN_ST(3), Event BTA_HH_INT_DATA_EVT(5892) for xx:xx:xx:xx:2b:83[public][BT_TRANSPORT_BR_EDR]
09-26 11:52:01.612 31661 31681 V bluetooth: system/btif/co/bta_hh_co.cc:773 bta_hh_co_data: dev_handle = 0
09-26 11:52:01.612 31661 31681 V bluetooth: system/btif/co/bta_hh_co.cc:653 bta_hh_co_write: UHID write 16
09-26 11:52:01.622 31661 31681 V l2c_csm : system/stack/l2cap/l2c_csm.cc:1335 l2c_csm_open: LCID: 0x004c  st: OPEN  evt: L2CEVT_L2CAP_DATA(0x14) psm: BT_PSM_HIDI(0x0013)
09-26 11:52:01.622 31661 31681 V bluetooth: system/stack/hid/hidh_conn.cc:701 hidh_l2cif_data_ind: HID-Host hidh_l2cif_data_ind [l2cap_cid=0x004c]
09-26 11:52:01.622 31661 31681 V bt_bta_hh: system/bta/hh/bta_hh_act.cc:1144 bta_hh_cback: HID_event [HID_HDEV_EVT_INTR_DATA]
09-26 11:52:01.622 31661 31681 V l2c_csm : system/stack/l2cap/l2c_csm.cc:1514 l2c_csm_open: Exit chnl_state=CST_OPEN [6], event=L2CEVT_L2CAP_DATA(0x14) [20]
09-26 11:52:01.622 31661 31681 V bt_bta_sys_main: system/bta/sys/bta_sys_main.cc:71 bta_sys_event: Event 0x1704
09-26 11:52:01.622 31661 31681 V bt_bta_hh: system/bta/hh/bta_hh_main.cc:174 bta_hh_sm_execute: State BTA_HH_CONN_ST(3), Event BTA_HH_INT_DATA_EVT(5892) for xx:xx:xx:xx:2b:83[public][BT_TRANSPORT_BR_EDR]
09-26 11:52:01.622 31661 31681 V bluetooth: system/btif/co/bta_hh_co.cc:773 bta_hh_co_data: dev_handle = 0
09-26 11:52:01.623 31661 31681 V bluetooth: system/btif/co/bta_hh_co.cc:653 bta_hh_co_write: UHID write 16
09-26 11:52:01.632 31661 31681 V l2c_csm : system/stack/l2cap/l2c_csm.cc:1335 l2c_csm_open: LCID: 0x004c  st: OPEN  evt: L2CEVT_L2CAP_DATA(0x14) psm: BT_PSM_HIDI(0x0013)
09-26 11:52:01.632 31661 31681 V bluetooth: system/stack/hid/hidh_conn.cc:701 hidh_l2cif_data_ind: HID-Host hidh_l2cif_data_ind [l2cap_cid=0x004c]
09-26 11:52:01.632 31661 31681 V bt_bta_hh: system/bta/hh/bta_hh_act.cc:1144 bta_hh_cback: HID_event [HID_HDEV_EVT_INTR_DATA]
09-26 11:52:01.632 31661 31681 V l2c_csm : system/stack/l2cap/l2c_csm.cc:1514 l2c_csm_open: Exit chnl_state=CST_OPEN [6], event=L2CEVT_L2CAP_DATA(0x14) [20]
09-26 11:52:01.632 31661 31681 V bt_bta_sys_main: system/bta/sys/bta_sys_main.cc:71 bta_sys_event: Event 0x1704
09-26 11:52:01.632 31661 31681 V bt_bta_hh: system/bta/hh/bta_hh_main.cc:174 bta_hh_sm_execute: State BTA_HH_CONN_ST(3), Event BTA_HH_INT_DATA_EVT(5892) for xx:xx:xx:xx:2b:83[public][BT_TRANSPORT_BR_EDR]
09-26 11:52:01.632 31661 31681 V bluetooth: system/btif/co/bta_hh_co.cc:773 bta_hh_co_data: dev_handle = 0
09-26 11:52:01.632 31661 31681 V bluetooth: system/btif/co/bta_hh_co.cc:653 bta_hh_co_write: UHID write 16
09-26 11:52:01.642 31661 31681 V l2c_csm : system/stack/l2cap/l2c_csm.cc:1335 l2c_csm_open: LCID: 0x004c  st: OPEN  evt: L2CEVT_L2CAP_DATA(0x14) psm: BT_PSM_HIDI(0x0013)
09-26 11:52:01.642 31661 31681 V bluetooth: system/stack/hid/hidh_conn.cc:701 hidh_l2cif_data_ind: HID-Host hidh_l2cif_data_ind [l2cap_cid=0x004c]
09-26 11:52:01.642 31661 31681 V bt_bta_hh: system/bta/hh/bta_hh_act.cc:1144 bta_hh_cback: HID_event [HID_HDEV_EVT_INTR_DATA]
09-26 11:52:01.642 31661 31681 V l2c_csm : system/stack/l2cap/l2c_csm.cc:1514 l2c_csm_open: Exit chnl_state=CST_OPEN [6], event=L2CEVT_L2CAP_DATA(0x14) [20]
09-26 11:52:01.642 31661 31681 V bt_bta_sys_main: system/bta/sys/bta_sys_main.cc:71 bta_sys_event: Event 0x1704
09-26 11:52:01.642 31661 31681 V bt_bta_hh: system/bta/hh/bta_hh_main.cc:174 bta_hh_sm_execute: State BTA_HH_CONN_ST(3), Event BTA_HH_INT_DATA_EVT(5892) for xx:xx:xx:xx:2b:83[public][BT_TRANSPORT_BR_EDR]
09-26 11:52:01.642 31661 31681 V bluetooth: system/btif/co/bta_hh_co.cc:773 bta_hh_co_data: dev_handle = 0
09-26 11:52:01.642 31661 31681 V bluetooth: system/btif/co/bta_hh_co.cc:653 bta_hh_co_write: UHID write 16
09-26 11:52:01.652 31661 31681 V l2c_csm : system/stack/l2cap/l2c_csm.cc:1335 l2c_csm_open: LCID: 0x004c  st: OPEN  evt: L2CEVT_L2CAP_DATA(0x14) psm: BT_PSM_HIDI(0x0013)
09-26 11:52:01.652 31661 31681 V bluetooth: system/stack/hid/hidh_conn.cc:701 hidh_l2cif_data_ind: HID-Host hidh_l2cif_data_ind [l2cap_cid=0x004c]
09-26 11:52:01.652 31661 31681 V bt_bta_hh: system/bta/hh/bta_hh_act.cc:1144 bta_hh_cback: HID_event [HID_HDEV_EVT_INTR_DATA]
09-26 11:52:01.652 31661 31681 V l2c_csm : system/stack/l2cap/l2c_csm.cc:1514 l2c_csm_open: Exit chnl_state=CST_OPEN [6], event=L2CEVT_L2CAP_DATA(0x14) [20]
09-26 11:52:01.652 31661 31681 V bt_bta_sys_main: system/bta/sys/bta_sys_main.cc:71 bta_sys_event: Event 0x1704
09-26 11:52:01.652 31661 31681 V bt_bta_hh: system/bta/hh/bta_hh_main.cc:174 bta_hh_sm_execute: State BTA_HH_CONN_ST(3), Event BTA_HH_INT_DATA_EVT(5892) for xx:xx:xx:xx:2b:83[public][BT_TRANSPORT_BR_EDR]
09-26 11:52:01.652 31661 31681 V bluetooth: system/btif/co/bta_hh_co.cc:773 bta_hh_co_data: dev_handle = 0
09-26 11:52:01.652 31661 31681 V bluetooth: system/btif/co/bta_hh_co.cc:653 bta_hh_co_write: UHID write 16
09-26 11:52:01.654  1695  1792 D BatteryChargeControl: bcc get no support from charging protocol
09-26 11:52:01.662 31661 31681 V l2c_csm : system/stack/l2cap/l2c_csm.cc:1335 l2c_csm_open: LCID: 0x004c  st: OPEN  evt: L2CEVT_L2CAP_DATA(0x14) psm: BT_PSM_HIDI(0x0013)
09-26 11:52:01.662 31661 31681 V bluetooth: system/stack/hid/hidh_conn.cc:701 hidh_l2cif_data_ind: HID-Host hidh_l2cif_data_ind [l2cap_cid=0x004c]
09-26 11:52:01.662 31661 31681 V bt_bta_hh: system/bta/hh/bta_hh_act.cc:1144 bta_hh_cback: HID_event [HID_HDEV_EVT_INTR_DATA]
09-26 11:52:01.662 31661 31681 V l2c_csm : system/stack/l2cap/l2c_csm.cc:1514 l2c_csm_open: Exit chnl_state=CST_OPEN [6], event=L2CEVT_L2CAP_DATA(0x14) [20]
09-26 11:52:01.662 31661 31681 V bt_bta_sys_main: system/bta/sys/bta_sys_main.cc:71 bta_sys_event: Event 0x1704
09-26 11:52:01.662 31661 31681 V bt_bta_hh: system/bta/hh/bta_hh_main.cc:174 bta_hh_sm_execute: State BTA_HH_CONN_ST(3), Event BTA_HH_INT_DATA_EVT(5892) for xx:xx:xx:xx:2b:83[public][BT_TRANSPORT_BR_EDR]
09-26 11:52:01.662 31661 31681 V bluetooth: system/btif/co/bta_hh_co.cc:773 bta_hh_co_data: dev_handle = 0
09-26 11:52:01.662 31661 31681 V bluetooth: system/btif/co/bta_hh_co.cc:653 bta_hh_co_write: UHID write 16
09-26 11:52:01.672 31661 31681 V l2c_csm : system/stack/l2cap/l2c_csm.cc:1335 l2c_csm_open: LCID: 0x004c  st: OPEN  evt: L2CEVT_L2CAP_DATA(0x14) psm: BT_PSM_HIDI(0x0013)
09-26 11:52:01.672 31661 31681 V bluetooth: system/stack/hid/hidh_conn.cc:701 hidh_l2cif_data_ind: HID-Host hidh_l2cif_data_ind [l2cap_cid=0x004c]
09-26 11:52:01.672 31661 31681 V bt_bta_hh: system/bta/hh/bta_hh_act.cc:1144 bta_hh_cback: HID_event [HID_HDEV_EVT_INTR_DATA]
09-26 11:52:01.672 31661 31681 V l2c_csm : system/stack/l2cap/l2c_csm.cc:1514 l2c_csm_open: Exit chnl_state=CST_OPEN [6], event=L2CEVT_L2CAP_DATA(0x14) [20]
09-26 11:52:01.672 31661 31681 V bt_bta_sys_main: system/bta/sys/bta_sys_main.cc:71 bta_sys_event: Event 0x1704
09-26 11:52:01.672 31661 31681 V bt_bta_hh: system/bta/hh/bta_hh_main.cc:174 bta_hh_sm_execute: State BTA_HH_CONN_ST(3), Event BTA_HH_INT_DATA_EVT(5892) for xx:xx:xx:xx:2b:83[public][BT_TRANSPORT_BR_EDR]
09-26 11:52:01.672 31661 31681 V bluetooth: system/btif/co/bta_hh_co.cc:773 bta_hh_co_data: dev_handle = 0
09-26 11:52:01.672 31661 31681 V bluetooth: system/btif/co/bta_hh_co.cc:653 bta_hh_co_write: UHID write 16
09-26 11:52:01.682 31661 31681 V l2c_csm : system/stack/l2cap/l2c_csm.cc:1335 l2c_csm_open: LCID: 0x004c  st: OPEN  evt: L2CEVT_L2CAP_DATA(0x14) psm: BT_PSM_HIDI(0x0013)
09-26 11:52:01.682 31661 31681 V bluetooth: system/stack/hid/hidh_conn.cc:701 hidh_l2cif_data_ind: HID-Host hidh_l2cif_data_ind [l2cap_cid=0x004c]
09-26 11:52:01.682 31661 31681 V bt_bta_hh: system/bta/hh/bta_hh_act.cc:1144 bta_hh_cback: HID_event [HID_HDEV_EVT_INTR_DATA]
09-26 11:52:01.682 31661 31681 V l2c_csm : system/stack/l2cap/l2c_csm.cc:1514 l2c_csm_open: Exit chnl_state=CST_OPEN [6], event=L2CEVT_L2CAP_DATA(0x14) [20]
09-26 11:52:01.682 31661 31681 V bt_bta_sys_main: system/bta/sys/bta_sys_main.cc:71 bta_sys_event: Event 0x1704
09-26 11:52:01.682 31661 31681 V bt_bta_hh: system/bta/hh/bta_hh_main.cc:174 bta_hh_sm_execute: State BTA_HH_CONN_ST(3), Event BTA_HH_INT_DATA_EVT(5892) for xx:xx:xx:xx:2b:83[public][BT_TRANSPORT_BR_EDR]
09-26 11:52:01.682 31661 31681 V bluetooth: system/btif/co/bta_hh_co.cc:773 bta_hh_co_data: dev_handle = 0
09-26 11:52:01.683 31661 31681 V bluetooth: system/btif/co/bta_hh_co.cc:653 bta_hh_co_write: UHID write 16
09-26 11:52:01.686  1616  1871 I SDM     : DisplayBase::CommitThread: Received idle timeout, panel: cmd, timeout: 70000 us
09-26 11:52:01.692 31661 31681 V l2c_csm : system/stack/l2cap/l2c_csm.cc:1335 l2c_csm_open: LCID: 0x004c  st: OPEN  evt: L2CEVT_L2CAP_DATA(0x14) psm: BT_PSM_HIDI(0x0013)
09-26 11:52:01.692 31661 31681 V bluetooth: system/stack/hid/hidh_conn.cc:701 hidh_l2cif_data_ind: HID-Host hidh_l2cif_data_ind [l2cap_cid=0x004c]
09-26 11:52:01.692 31661 31681 V bt_bta_hh: system/bta/hh/bta_hh_act.cc:1144 bta_hh_cback: HID_event [HID_HDEV_EVT_INTR_DATA]
09-26 11:52:01.692 31661 31681 V l2c_csm : system/stack/l2cap/l2c_csm.cc:1514 l2c_csm_open: Exit chnl_state=CST_OPEN [6], event=L2CEVT_L2CAP_DATA(0x14) [20]
09-26 11:52:01.692 31661 31681 V bt_bta_sys_main: system/bta/sys/bta_sys_main.cc:71 bta_sys_event: Event 0x1704
09-26 11:52:01.692 31661 31681 V bt_bta_hh: system/bta/hh/bta_hh_main.cc:174 bta_hh_sm_execute: State BTA_HH_CONN_ST(3), Event BTA_HH_INT_DATA_EVT(5892) for xx:xx:xx:xx:2b:83[public][BT_TRANSPORT_BR_EDR]
09-26 11:52:01.692 31661 31681 V bluetooth: system/btif/co/bta_hh_co.cc:773 bta_hh_co_data: dev_handle = 0
09-26 11:52:01.692 31661 31681 V bluetooth: system/btif/co/bta_hh_co.cc:653 bta_hh_co_write: UHID write 16
09-26 11:52:01.702 31661 31681 V l2c_csm : system/stack/l2cap/l2c_csm.cc:1335 l2c_csm_open: LCID: 0x004c  st: OPEN  evt: L2CEVT_L2CAP_DATA(0x14) psm: BT_PSM_HIDI(0x0013)
09-26 11:52:01.702 31661 31681 V bluetooth: system/stack/hid/hidh_conn.cc:701 hidh_l2cif_data_ind: HID-Host hidh_l2cif_data_ind [l2cap_cid=0x004c]
09-26 11:52:01.702 31661 31681 V bt_bta_hh: system/bta/hh/bta_hh_act.cc:1144 bta_hh_cback: HID_event [HID_HDEV_EVT_INTR_DATA]
09-26 11:52:01.702 31661 31681 V l2c_csm : system/stack/l2cap/l2c_csm.cc:1514 l2c_csm_open: Exit chnl_state=CST_OPEN [6], event=L2CEVT_L2CAP_DATA(0x14) [20]
09-26 11:52:01.702 31661 31681 V bt_bta_sys_main: system/bta/sys/bta_sys_main.cc:71 bta_sys_event: Event 0x1704
09-26 11:52:01.702 31661 31681 V bt_bta_hh: system/bta/hh/bta_hh_main.cc:174 bta_hh_sm_execute: State BTA_HH_CONN_ST(3), Event BTA_HH_INT_DATA_EVT(5892) for xx:xx:xx:xx:2b:83[public][BT_TRANSPORT_BR_EDR]
09-26 11:52:01.702 31661 31681 V bluetooth: system/btif/co/bta_hh_co.cc:773 bta_hh_co_data: dev_handle = 0
09-26 11:52:01.702 31661 31681 V bluetooth: system/btif/co/bta_hh_co.cc:653 bta_hh_co_write: UHID write 16
09-26 11:52:01.712 31661 31681 V l2c_csm : system/stack/l2cap/l2c_csm.cc:1335 l2c_csm_open: LCID: 0x004c  st: OPEN  evt: L2CEVT_L2CAP_DATA(0x14) psm: BT_PSM_HIDI(0x0013)
09-26 11:52:01.712 31661 31681 V bluetooth: system/stack/hid/hidh_conn.cc:701 hidh_l2cif_data_ind: HID-Host hidh_l2cif_data_ind [l2cap_cid=0x004c]
09-26 11:52:01.712 31661 31681 V bt_bta_hh: system/bta/hh/bta_hh_act.cc:1144 bta_hh_cback: HID_event [HID_HDEV_EVT_INTR_DATA]
09-26 11:52:01.712 31661 31681 V l2c_csm : system/stack/l2cap/l2c_csm.cc:1514 l2c_csm_open: Exit chnl_state=CST_OPEN [6], event=L2CEVT_L2CAP_DATA(0x14) [20]
09-26 11:52:01.712 31661 31681 V bt_bta_sys_main: system/bta/sys/bta_sys_main.cc:71 bta_sys_event: Event 0x1704
09-26 11:52:01.712 31661 31681 V bt_bta_hh: system/bta/hh/bta_hh_main.cc:174 bta_hh_sm_execute: State BTA_HH_CONN_ST(3), Event BTA_HH_INT_DATA_EVT(5892) for xx:xx:xx:xx:2b:83[public][BT_TRANSPORT_BR_EDR]
09-26 11:52:01.712 31661 31681 V bluetooth: system/btif/co/bta_hh_co.cc:773 bta_hh_co_data: dev_handle = 0
09-26 11:52:01.712 31661 31681 V bluetooth: system/btif/co/bta_hh_co.cc:653 bta_hh_co_write: UHID write 16
09-26 11:52:01.722 31661 31681 V l2c_csm : system/stack/l2cap/l2c_csm.cc:1335 l2c_csm_open: LCID: 0x004c  st: OPEN  evt: L2CEVT_L2CAP_DATA(0x14) psm: BT_PSM_HIDI(0x0013)
09-26 11:52:01.722 31661 31681 V bluetooth: system/stack/hid/hidh_conn.cc:701 hidh_l2cif_data_ind: HID-Host hidh_l2cif_data_ind [l2cap_cid=0x004c]
09-26 11:52:01.722 31661 31681 V bt_bta_hh: system/bta/hh/bta_hh_act.cc:1144 bta_hh_cback: HID_event [HID_HDEV_EVT_INTR_DATA]
09-26 11:52:01.722 31661 31681 V l2c_csm : system/stack/l2cap/l2c_csm.cc:1514 l2c_csm_open: Exit chnl_state=CST_OPEN [6], event=L2CEVT_L2CAP_DATA(0x14) [20]
09-26 11:52:01.722 31661 31681 V bt_bta_sys_main: system/bta/sys/bta_sys_main.cc:71 bta_sys_event: Event 0x1704
09-26 11:52:01.722 31661 31681 V bt_bta_hh: system/bta/hh/bta_hh_main.cc:174 bta_hh_sm_execute: State BTA_HH_CONN_ST(3), Event BTA_HH_INT_DATA_EVT(5892) for xx:xx:xx:xx:2b:83[public][BT_TRANSPORT_BR_EDR]
09-26 11:52:01.722 31661 31681 V bluetooth: system/btif/co/bta_hh_co.cc:773 bta_hh_co_data: dev_handle = 0
09-26 11:52:01.722 31661 31681 V bluetooth: system/btif/co/bta_hh_co.cc:653 bta_hh_co_write: UHID write 16
09-26 11:52:01.732 31661 31681 V l2c_csm : system/stack/l2cap/l2c_csm.cc:1335 l2c_csm_open: LCID: 0x004c  st: OPEN  evt: L2CEVT_L2CAP_DATA(0x14) psm: BT_PSM_HIDI(0x0013)
09-26 11:52:01.732 31661 31681 V bluetooth: system/stack/hid/hidh_conn.cc:701 hidh_l2cif_data_ind: HID-Host hidh_l2cif_data_ind [l2cap_cid=0x004c]
09-26 11:52:01.732 31661 31681 V bt_bta_hh: system/bta/hh/bta_hh_act.cc:1144 bta_hh_cback: HID_event [HID_HDEV_EVT_INTR_DATA]
09-26 11:52:01.732 31661 31681 V l2c_csm : system/stack/l2cap/l2c_csm.cc:1514 l2c_csm_open: Exit chnl_state=CST_OPEN [6], event=L2CEVT_L2CAP_DATA(0x14) [20]
09-26 11:52:01.732 31661 31681 V bt_bta_sys_main: system/bta/sys/bta_sys_main.cc:71 bta_sys_event: Event 0x1704
09-26 11:52:01.732 31661 31681 V bt_bta_hh: system/bta/hh/bta_hh_main.cc:174 bta_hh_sm_execute: State BTA_HH_CONN_ST(3), Event BTA_HH_INT_DATA_EVT(5892) for xx:xx:xx:xx:2b:83[public][BT_TRANSPORT_BR_EDR]
09-26 11:52:01.732 31661 31681 V bluetooth: system/btif/co/bta_hh_co.cc:773 bta_hh_co_data: dev_handle = 0
09-26 11:52:01.732 31661 31681 V bluetooth: system/btif/co/bta_hh_co.cc:653 bta_hh_co_write: UHID write 16
09-26 11:52:01.742 31661 31681 V l2c_csm : system/stack/l2cap/l2c_csm.cc:1335 l2c_csm_open: LCID: 0x004c  st: OPEN  evt: L2CEVT_L2CAP_DATA(0x14) psm: BT_PSM_HIDI(0x0013)
09-26 11:52:01.742 31661 31681 V bluetooth: system/stack/hid/hidh_conn.cc:701 hidh_l2cif_data_ind: HID-Host hidh_l2cif_data_ind [l2cap_cid=0x004c]
09-26 11:52:01.742 31661 31681 V bt_bta_hh: system/bta/hh/bta_hh_act.cc:1144 bta_hh_cback: HID_event [HID_HDEV_EVT_INTR_DATA]
09-26 11:52:01.742 31661 31681 V l2c_csm : system/stack/l2cap/l2c_csm.cc:1514 l2c_csm_open: Exit chnl_state=CST_OPEN [6], event=L2CEVT_L2CAP_DATA(0x14) [20]
09-26 11:52:01.742 31661 31681 V bt_bta_sys_main: system/bta/sys/bta_sys_main.cc:71 bta_sys_event: Event 0x1704
09-26 11:52:01.742 31661 31681 V bt_bta_hh: system/bta/hh/bta_hh_main.cc:174 bta_hh_sm_execute: State BTA_HH_CONN_ST(3), Event BTA_HH_INT_DATA_EVT(5892) for xx:xx:xx:xx:2b:83[public][BT_TRANSPORT_BR_EDR]
09-26 11:52:01.742 31661 31681 V bluetooth: system/btif/co/bta_hh_co.cc:773 bta_hh_co_data: dev_handle = 0
09-26 11:52:01.742 31661 31681 V bluetooth: system/btif/co/bta_hh_co.cc:653 bta_hh_co_write: UHID write 16
09-26 11:52:01.752 31661 31681 V l2c_csm : system/stack/l2cap/l2c_csm.cc:1335 l2c_csm_open: LCID: 0x004c  st: OPEN  evt: L2CEVT_L2CAP_DATA(0x14) psm: BT_PSM_HIDI(0x0013)
09-26 11:52:01.752 31661 31681 V bluetooth: system/stack/hid/hidh_conn.cc:701 hidh_l2cif_data_ind: HID-Host hidh_l2cif_data_ind [l2cap_cid=0x004c]
09-26 11:52:01.752 31661 31681 V bt_bta_hh: system/bta/hh/bta_hh_act.cc:1144 bta_hh_cback: HID_event [HID_HDEV_EVT_INTR_DATA]
09-26 11:52:01.752 31661 31681 V l2c_csm : system/stack/l2cap/l2c_csm.cc:1514 l2c_csm_open: Exit chnl_state=CST_OPEN [6], event=L2CEVT_L2CAP_DATA(0x14) [20]
09-26 11:52:01.752 31661 31681 V bt_bta_sys_main: system/bta/sys/bta_sys_main.cc:71 bta_sys_event: Event 0x1704
09-26 11:52:01.752 31661 31681 V bt_bta_hh: system/bta/hh/bta_hh_main.cc:174 bta_hh_sm_execute: State BTA_HH_CONN_ST(3), Event BTA_HH_INT_DATA_EVT(5892) for xx:xx:xx:xx:2b:83[public][BT_TRANSPORT_BR_EDR]
09-26 11:52:01.752 31661 31681 V bluetooth: system/btif/co/bta_hh_co.cc:773 bta_hh_co_data: dev_handle = 0
09-26 11:52:01.752 31661 31681 V bluetooth: system/btif/co/bta_hh_co.cc:653 bta_hh_co_write: UHID write 16
09-26 11:52:01.762 31661 31681 V l2c_csm : system/stack/l2cap/l2c_csm.cc:1335 l2c_csm_open: LCID: 0x004c  st: OPEN  evt: L2CEVT_L2CAP_DATA(0x14) psm: BT_PSM_HIDI(0x0013)
09-26 11:52:01.762 31661 31681 V bluetooth: system/stack/hid/hidh_conn.cc:701 hidh_l2cif_data_ind: HID-Host hidh_l2cif_data_ind [l2cap_cid=0x004c]
09-26 11:52:01.762 31661 31681 V bt_bta_hh: system/bta/hh/bta_hh_act.cc:1144 bta_hh_cback: HID_event [HID_HDEV_EVT_INTR_DATA]
09-26 11:52:01.762 31661 31681 V l2c_csm : system/stack/l2cap/l2c_csm.cc:1514 l2c_csm_open: Exit chnl_state=CST_OPEN [6], event=L2CEVT_L2CAP_DATA(0x14) [20]
09-26 11:52:01.762 31661 31681 V bt_bta_sys_main: system/bta/sys/bta_sys_main.cc:71 bta_sys_event: Event 0x1704
09-26 11:52:01.762 31661 31681 V bt_bta_hh: system/bta/hh/bta_hh_main.cc:174 bta_hh_sm_execute: State BTA_HH_CONN_ST(3), Event BTA_HH_INT_DATA_EVT(5892) for xx:xx:xx:xx:2b:83[public][BT_TRANSPORT_BR_EDR]
09-26 11:52:01.762 31661 31681 V bluetooth: system/btif/co/bta_hh_co.cc:773 bta_hh_co_data: dev_handle = 0
09-26 11:52:01.762 31661 31681 V bluetooth: system/btif/co/bta_hh_co.cc:653 bta_hh_co_write: UHID write 16
09-26 11:52:01.769  1570  1606 I android.hardware.thermal-service.qti: sensor: cpu-1-0-0 temperature: 89.9 old: 3 new: 0
09-26 11:52:01.772 31661 31681 V l2c_csm : system/stack/l2cap/l2c_csm.cc:1335 l2c_csm_open: LCID: 0x004c  st: OPEN  evt: L2CEVT_L2CAP_DATA(0x14) psm: BT_PSM_HIDI(0x0013)
09-26 11:52:01.772 31661 31681 V bluetooth: system/stack/hid/hidh_conn.cc:701 hidh_l2cif_data_ind: HID-Host hidh_l2cif_data_ind [l2cap_cid=0x004c]
09-26 11:52:01.772 31661 31681 V bt_bta_hh: system/bta/hh/bta_hh_act.cc:1144 bta_hh_cback: HID_event [HID_HDEV_EVT_INTR_DATA]
09-26 11:52:01.772 31661 31681 V l2c_csm : system/stack/l2cap/l2c_csm.cc:1514 l2c_csm_open: Exit chnl_state=CST_OPEN [6], event=L2CEVT_L2CAP_DATA(0x14) [20]
09-26 11:52:01.772 31661 31681 V bt_bta_sys_main: system/bta/sys/bta_sys_main.cc:71 bta_sys_event: Event 0x1704
09-26 11:52:01.772 31661 31681 V bt_bta_hh: system/bta/hh/bta_hh_main.cc:174 bta_hh_sm_execute: State BTA_HH_CONN_ST(3), Event BTA_HH_INT_DATA_EVT(5892) for xx:xx:xx:xx:2b:83[public][BT_TRANSPORT_BR_EDR]
09-26 11:52:01.772 31661 31681 V bluetooth: system/btif/co/bta_hh_co.cc:773 bta_hh_co_data: dev_handle = 0
09-26 11:52:01.772 31661 31681 V bluetooth: system/btif/co/bta_hh_co.cc:653 bta_hh_co_write: UHID write 16
09-26 11:52:01.782 31661 31681 V l2c_csm : system/stack/l2cap/l2c_csm.cc:1335 l2c_csm_open: LCID: 0x004c  st: OPEN  evt: L2CEVT_L2CAP_DATA(0x14) psm: BT_PSM_HIDI(0x0013)
09-26 11:52:01.782 31661 31681 V bluetooth: system/stack/hid/hidh_conn.cc:701 hidh_l2cif_data_ind: HID-Host hidh_l2cif_data_ind [l2cap_cid=0x004c]
09-26 11:52:01.782 31661 31681 V bt_bta_hh: system/bta/hh/bta_hh_act.cc:1144 bta_hh_cback: HID_event [HID_HDEV_EVT_INTR_DATA]
09-26 11:52:01.782 31661 31681 V l2c_csm : system/stack/l2cap/l2c_csm.cc:1514 l2c_csm_open: Exit chnl_state=CST_OPEN [6], event=L2CEVT_L2CAP_DATA(0x14) [20]
09-26 11:52:01.782 31661 31681 V bt_bta_sys_main: system/bta/sys/bta_sys_main.cc:71 bta_sys_event: Event 0x1704
09-26 11:52:01.782 31661 31681 V bt_bta_hh: system/bta/hh/bta_hh_main.cc:174 bta_hh_sm_execute: State BTA_HH_CONN_ST(3), Event BTA_HH_INT_DATA_EVT(5892) for xx:xx:xx:xx:2b:83[public][BT_TRANSPORT_BR_EDR]
09-26 11:52:01.782 31661 31681 V bluetooth: system/btif/co/bta_hh_co.cc:773 bta_hh_co_data: dev_handle = 0
09-26 11:52:01.782 31661 31681 V bluetooth: system/btif/co/bta_hh_co.cc:653 bta_hh_co_write: UHID write 16
09-26 11:52:01.786  1616  1871 I SDM     : DisplayBase::CommitThread: Received idle timeout, panel: cmd, timeout: 70000 us
09-26 11:52:01.792 31661 31681 V l2c_csm : system/stack/l2cap/l2c_csm.cc:1335 l2c_csm_open: LCID: 0x004c  st: OPEN  evt: L2CEVT_L2CAP_DATA(0x14) psm: BT_PSM_HIDI(0x0013)
09-26 11:52:01.792 31661 31681 V bluetooth: system/stack/hid/hidh_conn.cc:701 hidh_l2cif_data_ind: HID-Host hidh_l2cif_data_ind [l2cap_cid=0x004c]
09-26 11:52:01.792 31661 31681 V bt_bta_hh: system/bta/hh/bta_hh_act.cc:1144 bta_hh_cback: HID_event [HID_HDEV_EVT_INTR_DATA]
09-26 11:52:01.792 31661 31681 V l2c_csm : system/stack/l2cap/l2c_csm.cc:1514 l2c_csm_open: Exit chnl_state=CST_OPEN [6], event=L2CEVT_L2CAP_DATA(0x14) [20]
09-26 11:52:01.792 31661 31681 V bt_bta_sys_main: system/bta/sys/bta_sys_main.cc:71 bta_sys_event: Event 0x1704
09-26 11:52:01.792 31661 31681 V bt_bta_hh: system/bta/hh/bta_hh_main.cc:174 bta_hh_sm_execute: State BTA_HH_CONN_ST(3), Event BTA_HH_INT_DATA_EVT(5892) for xx:xx:xx:xx:2b:83[public][BT_TRANSPORT_BR_EDR]
09-26 11:52:01.792 31661 31681 V bluetooth: system/btif/co/bta_hh_co.cc:773 bta_hh_co_data: dev_handle = 0
09-26 11:52:01.792 31661 31681 V bluetooth: system/btif/co/bta_hh_co.cc:653 bta_hh_co_write: UHID write 16
09-26 11:52:01.802 31661 31681 V l2c_csm : system/stack/l2cap/l2c_csm.cc:1335 l2c_csm_open: LCID: 0x004c  st: OPEN  evt: L2CEVT_L2CAP_DATA(0x14) psm: BT_PSM_HIDI(0x0013)
09-26 11:52:01.802 31661 31681 V bluetooth: system/stack/hid/hidh_conn.cc:701 hidh_l2cif_data_ind: HID-Host hidh_l2cif_data_ind [l2cap_cid=0x004c]
09-26 11:52:01.802 31661 31681 V bt_bta_hh: system/bta/hh/bta_hh_act.cc:1144 bta_hh_cback: HID_event [HID_HDEV_EVT_INTR_DATA]
09-26 11:52:01.802 31661 31681 V l2c_csm : system/stack/l2cap/l2c_csm.cc:1514 l2c_csm_open: Exit chnl_state=CST_OPEN [6], event=L2CEVT_L2CAP_DATA(0x14) [20]
09-26 11:52:01.802 31661 31681 V bt_bta_sys_main: system/bta/sys/bta_sys_main.cc:71 bta_sys_event: Event 0x1704
09-26 11:52:01.802 31661 31681 V bt_bta_hh: system/bta/hh/bta_hh_main.cc:174 bta_hh_sm_execute: State BTA_HH_CONN_ST(3), Event BTA_HH_INT_DATA_EVT(5892) for xx:xx:xx:xx:2b:83[public][BT_TRANSPORT_BR_EDR]
09-26 11:52:01.802 31661 31681 V bluetooth: system/btif/co/bta_hh_co.cc:773 bta_hh_co_data: dev_handle = 0
09-26 11:52:01.802 31661 31681 V bluetooth: system/btif/co/bta_hh_co.cc:653 bta_hh_co_write: UHID write 16
09-26 11:52:01.812 31661 31681 V l2c_csm : system/stack/l2cap/l2c_csm.cc:1335 l2c_csm_open: LCID: 0x004c  st: OPEN  evt: L2CEVT_L2CAP_DATA(0x14) psm: BT_PSM_HIDI(0x0013)
09-26 11:52:01.812 31661 31681 V bluetooth: system/stack/hid/hidh_conn.cc:701 hidh_l2cif_data_ind: HID-Host hidh_l2cif_data_ind [l2cap_cid=0x004c]
09-26 11:52:01.812 31661 31681 V bt_bta_hh: system/bta/hh/bta_hh_act.cc:1144 bta_hh_cback: HID_event [HID_HDEV_EVT_INTR_DATA]
09-26 11:52:01.812 31661 31681 V l2c_csm : system/stack/l2cap/l2c_csm.cc:1514 l2c_csm_open: Exit chnl_state=CST_OPEN [6], event=L2CEVT_L2CAP_DATA(0x14) [20]
09-26 11:52:01.812 31661 31681 V bt_bta_sys_main: system/bta/sys/bta_sys_main.cc:71 bta_sys_event: Event 0x1704
09-26 11:52:01.812 31661 31681 V bt_bta_hh: system/bta/hh/bta_hh_main.cc:174 bta_hh_sm_execute: State BTA_HH_CONN_ST(3), Event BTA_HH_INT_DATA_EVT(5892) for xx:xx:xx:xx:2b:83[public][BT_TRANSPORT_BR_EDR]
09-26 11:52:01.812 31661 31681 V bluetooth: system/btif/co/bta_hh_co.cc:773 bta_hh_co_data: dev_handle = 0
09-26 11:52:01.812 31661 31681 V bluetooth: system/btif/co/bta_hh_co.cc:653 bta_hh_co_write: UHID write 16
09-26 11:52:01.822 31661 31681 V l2c_csm : system/stack/l2cap/l2c_csm.cc:1335 l2c_csm_open: LCID: 0x004c  st: OPEN  evt: L2CEVT_L2CAP_DATA(0x14) psm: BT_PSM_HIDI(0x0013)
09-26 11:52:01.822 31661 31681 V bluetooth: system/stack/hid/hidh_conn.cc:701 hidh_l2cif_data_ind: HID-Host hidh_l2cif_data_ind [l2cap_cid=0x004c]
09-26 11:52:01.822 31661 31681 V bt_bta_hh: system/bta/hh/bta_hh_act.cc:1144 bta_hh_cback: HID_event [HID_HDEV_EVT_INTR_DATA]
09-26 11:52:01.822 31661 31681 V l2c_csm : system/stack/l2cap/l2c_csm.cc:1514 l2c_csm_open: Exit chnl_state=CST_OPEN [6], event=L2CEVT_L2CAP_DATA(0x14) [20]
09-26 11:52:01.822 31661 31681 V bt_bta_sys_main: system/bta/sys/bta_sys_main.cc:71 bta_sys_event: Event 0x1704
09-26 11:52:01.822 31661 31681 V bt_bta_hh: system/bta/hh/bta_hh_main.cc:174 bta_hh_sm_execute: State BTA_HH_CONN_ST(3), Event BTA_HH_INT_DATA_EVT(5892) for xx:xx:xx:xx:2b:83[public][BT_TRANSPORT_BR_EDR]
09-26 11:52:01.822 31661 31681 V bluetooth: system/btif/co/bta_hh_co.cc:773 bta_hh_co_data: dev_handle = 0
09-26 11:52:01.822 31661 31681 V bluetooth: system/btif/co/bta_hh_co.cc:653 bta_hh_co_write: UHID write 16
09-26 11:52:01.832 31661 31681 V l2c_csm : system/stack/l2cap/l2c_csm.cc:1335 l2c_csm_open: LCID: 0x004c  st: OPEN  evt: L2CEVT_L2CAP_DATA(0x14) psm: BT_PSM_HIDI(0x0013)
09-26 11:52:01.832 31661 31681 V bluetooth: system/stack/hid/hidh_conn.cc:701 hidh_l2cif_data_ind: HID-Host hidh_l2cif_data_ind [l2cap_cid=0x004c]
09-26 11:52:01.832 31661 31681 V bt_bta_hh: system/bta/hh/bta_hh_act.cc:1144 bta_hh_cback: HID_event [HID_HDEV_EVT_INTR_DATA]
09-26 11:52:01.832 31661 31681 V l2c_csm : system/stack/l2cap/l2c_csm.cc:1514 l2c_csm_open: Exit chnl_state=CST_OPEN [6], event=L2CEVT_L2CAP_DATA(0x14) [20]
09-26 11:52:01.832 31661 31681 V bt_bta_sys_main: system/bta/sys/bta_sys_main.cc:71 bta_sys_event: Event 0x1704
09-26 11:52:01.832 31661 31681 V bt_bta_hh: system/bta/hh/bta_hh_main.cc:174 bta_hh_sm_execute: State BTA_HH_CONN_ST(3), Event BTA_HH_INT_DATA_EVT(5892) for xx:xx:xx:xx:2b:83[public][BT_TRANSPORT_BR_EDR]
09-26 11:52:01.832 31661 31681 V bluetooth: system/btif/co/bta_hh_co.cc:773 bta_hh_co_data: dev_handle = 0
09-26 11:52:01.832 31661 31681 V bluetooth: system/btif/co/bta_hh_co.cc:653 bta_hh_co_write: UHID write 16
09-26 11:52:01.842 31661 31681 V l2c_csm : system/stack/l2cap/l2c_csm.cc:1335 l2c_csm_open: LCID: 0x004c  st: OPEN  evt: L2CEVT_L2CAP_DATA(0x14) psm: BT_PSM_HIDI(0x0013)
09-26 11:52:01.842 31661 31681 V bluetooth: system/stack/hid/hidh_conn.cc:701 hidh_l2cif_data_ind: HID-Host hidh_l2cif_data_ind [l2cap_cid=0x004c]
09-26 11:52:01.842 31661 31681 V bt_bta_hh: system/bta/hh/bta_hh_act.cc:1144 bta_hh_cback: HID_event [HID_HDEV_EVT_INTR_DATA]
09-26 11:52:01.842 31661 31681 V l2c_csm : system/stack/l2cap/l2c_csm.cc:1514 l2c_csm_open: Exit chnl_state=CST_OPEN [6], event=L2CEVT_L2CAP_DATA(0x14) [20]
09-26 11:52:01.842 31661 31681 V bt_bta_sys_main: system/bta/sys/bta_sys_main.cc:71 bta_sys_event: Event 0x1704
09-26 11:52:01.842 31661 31681 V bt_bta_hh: system/bta/hh/bta_hh_main.cc:174 bta_hh_sm_execute: State BTA_HH_CONN_ST(3), Event BTA_HH_INT_DATA_EVT(5892) for xx:xx:xx:xx:2b:83[public][BT_TRANSPORT_BR_EDR]
09-26 11:52:01.842 31661 31681 V bluetooth: system/btif/co/bta_hh_co.cc:773 bta_hh_co_data: dev_handle = 0
09-26 11:52:01.842 31661 31681 V bluetooth: system/btif/co/bta_hh_co.cc:653 bta_hh_co_write: UHID write 16
09-26 11:52:01.852 31661 31681 V l2c_csm : system/stack/l2cap/l2c_csm.cc:1335 l2c_csm_open: LCID: 0x004c  st: OPEN  evt: L2CEVT_L2CAP_DATA(0x14) psm: BT_PSM_HIDI(0x0013)
09-26 11:52:01.852 31661 31681 V bluetooth: system/stack/hid/hidh_conn.cc:701 hidh_l2cif_data_ind: HID-Host hidh_l2cif_data_ind [l2cap_cid=0x004c]
09-26 11:52:01.852 31661 31681 V bt_bta_hh: system/bta/hh/bta_hh_act.cc:1144 bta_hh_cback: HID_event [HID_HDEV_EVT_INTR_DATA]
09-26 11:52:01.852 31661 31681 V l2c_csm : system/stack/l2cap/l2c_csm.cc:1514 l2c_csm_open: Exit chnl_state=CST_OPEN [6], event=L2CEVT_L2CAP_DATA(0x14) [20]
09-26 11:52:01.852 31661 31681 V bt_bta_sys_main: system/bta/sys/bta_sys_main.cc:71 bta_sys_event: Event 0x1704
09-26 11:52:01.852 31661 31681 V bt_bta_hh: system/bta/hh/bta_hh_main.cc:174 bta_hh_sm_execute: State BTA_HH_CONN_ST(3), Event BTA_HH_INT_DATA_EVT(5892) for xx:xx:xx:xx:2b:83[public][BT_TRANSPORT_BR_EDR]
09-26 11:52:01.852 31661 31681 V bluetooth: system/btif/co/bta_hh_co.cc:773 bta_hh_co_data: dev_handle = 0
09-26 11:52:01.852 31661 31681 V bluetooth: system/btif/co/bta_hh_co.cc:653 bta_hh_co_write: UHID write 16
09-26 11:52:01.862 31661 31681 V l2c_csm : system/stack/l2cap/l2c_csm.cc:1335 l2c_csm_open: LCID: 0x004c  st: OPEN  evt: L2CEVT_L2CAP_DATA(0x14) psm: BT_PSM_HIDI(0x0013)
09-26 11:52:01.862 31661 31681 V bluetooth: system/stack/hid/hidh_conn.cc:701 hidh_l2cif_data_ind: HID-Host hidh_l2cif_data_ind [l2cap_cid=0x004c]
09-26 11:52:01.862 31661 31681 V bt_bta_hh: system/bta/hh/bta_hh_act.cc:1144 bta_hh_cback: HID_event [HID_HDEV_EVT_INTR_DATA]
09-26 11:52:01.862 31661 31681 V l2c_csm : system/stack/l2cap/l2c_csm.cc:1514 l2c_csm_open: Exit chnl_state=CST_OPEN [6], event=L2CEVT_L2CAP_DATA(0x14) [20]
09-26 11:52:01.862 31661 31681 V bt_bta_sys_main: system/bta/sys/bta_sys_main.cc:71 bta_sys_event: Event 0x1704
09-26 11:52:01.862 31661 31681 V bt_bta_hh: system/bta/hh/bta_hh_main.cc:174 bta_hh_sm_execute: State BTA_HH_CONN_ST(3), Event BTA_HH_INT_DATA_EVT(5892) for xx:xx:xx:xx:2b:83[public][BT_TRANSPORT_BR_EDR]
09-26 11:52:01.862 31661 31681 V bluetooth: system/btif/co/bta_hh_co.cc:773 bta_hh_co_data: dev_handle = 0
09-26 11:52:01.862 31661 31681 V bluetooth: system/btif/co/bta_hh_co.cc:653 bta_hh_co_write: UHID write 16
09-26 11:52:01.866  2159  3343 D QmiClient: qmiServiceEventCallback recv msg id 47
09-26 11:52:01.866  2159  3343 D QmiClient: enter -mServiceType 10 onQmiServiceEventCallback msgId 47
09-26 11:52:01.866  2159  3343 D QmiClient: onQmiServiceEventCallback - enter. msgId=47
09-26 11:52:01.866  2159  2222 D OttProxy: handleMessage msg is 3001
09-26 11:52:01.866  2159  2159 E RadioServiceIndication: mSubsysRadioIndication null
09-26 11:52:01.868  1616  1871 I SDM     : DisplayBase::CommitThread: Received idle timeout, panel: cmd, timeout: 70000 us
09-26 11:52:01.871  1768  1768 D SurfaceFlinger: initiateModeChange 4630946652107814787 {mode={fps=60.00 Hz, modePtr={id=1, vsyncRate=60.00 Hz, peakRefreshRate=60.00 Hz}}, emitEvent=false, force=false}
09-26 11:52:01.872  1616  2136 I SDM     : HWCDisplay::SetActiveConfigToIrisWrapper: SetActiveConfigToIrisWrapper on id_: 0
09-26 11:52:01.872  1616  2136 W SDM     : HWCDisplay::SetActiveConfigToIrisWrapper: HWC SetActiveConfig [0, 1], switch to [1264x2780@60]
09-26 11:52:01.872 31661 31681 V l2c_csm : system/stack/l2cap/l2c_csm.cc:1335 l2c_csm_open: LCID: 0x004c  st: OPEN  evt: L2CEVT_L2CAP_DATA(0x14) psm: BT_PSM_HIDI(0x0013)
09-26 11:52:01.872 31661 31681 V bluetooth: system/stack/hid/hidh_conn.cc:701 hidh_l2cif_data_ind: HID-Host hidh_l2cif_data_ind [l2cap_cid=0x004c]
09-26 11:52:01.872 31661 31681 V bt_bta_hh: system/bta/hh/bta_hh_act.cc:1144 bta_hh_cback: HID_event [HID_HDEV_EVT_INTR_DATA]
09-26 11:52:01.872 31661 31681 V l2c_csm : system/stack/l2cap/l2c_csm.cc:1514 l2c_csm_open: Exit chnl_state=CST_OPEN [6], event=L2CEVT_L2CAP_DATA(0x14) [20]
09-26 11:52:01.872 31661 31681 V bt_bta_sys_main: system/bta/sys/bta_sys_main.cc:71 bta_sys_event: Event 0x1704
09-26 11:52:01.872 31661 31681 V bt_bta_hh: system/bta/hh/bta_hh_main.cc:174 bta_hh_sm_execute: State BTA_HH_CONN_ST(3), Event BTA_HH_INT_DATA_EVT(5892) for xx:xx:xx:xx:2b:83[public][BT_TRANSPORT_BR_EDR]
09-26 11:52:01.872 31661 31681 V bluetooth: system/btif/co/bta_hh_co.cc:773 bta_hh_co_data: dev_handle = 0
09-26 11:52:01.872 31661 31681 V bluetooth: system/btif/co/bta_hh_co.cc:653 bta_hh_co_write: UHID write 16
09-26 11:52:01.872  1616  2136 W SDM     : HWDeviceDRM::GetSupportedBitClkRate: Requested rate not supported: 1012000000
09-26 11:52:01.872  1616  2136 I SDM     : HWDeviceDRM::UpdateMixerAttributes: Mixer WxH 1264x2780-1 for Peripheral
09-26 11:52:01.872  1616  2136 I CwbService: CwbService::notifyConfigChange: display:0, config:1 size:4, sec.size():0
09-26 11:52:01.872  1616  2136 I SDM     : HWCDisplay::SubmitDisplayConfig: Active configuration changed from config 0 to 1
09-26 11:52:01.882 31661 31681 V l2c_csm : system/stack/l2cap/l2c_csm.cc:1335 l2c_csm_open: LCID: 0x004c  st: OPEN  evt: L2CEVT_L2CAP_DATA(0x14) psm: BT_PSM_HIDI(0x0013)
09-26 11:52:01.882 31661 31681 V bluetooth: system/stack/hid/hidh_conn.cc:701 hidh_l2cif_data_ind: HID-Host hidh_l2cif_data_ind [l2cap_cid=0x004c]
09-26 11:52:01.882 31661 31681 V bt_bta_hh: system/bta/hh/bta_hh_act.cc:1144 bta_hh_cback: HID_event [HID_HDEV_EVT_INTR_DATA]
09-26 11:52:01.882 31661 31681 V l2c_csm : system/stack/l2cap/l2c_csm.cc:1514 l2c_csm_open: Exit chnl_state=CST_OPEN [6], event=L2CEVT_L2CAP_DATA(0x14) [20]
09-26 11:52:01.882 31661 31681 V bt_bta_sys_main: system/bta/sys/bta_sys_main.cc:71 bta_sys_event: Event 0x1704
09-26 11:52:01.882 31661 31681 V bt_bta_hh: system/bta/hh/bta_hh_main.cc:174 bta_hh_sm_execute: State BTA_HH_CONN_ST(3), Event BTA_HH_INT_DATA_EVT(5892) for xx:xx:xx:xx:2b:83[public][BT_TRANSPORT_BR_EDR]
09-26 11:52:01.882 31661 31681 V bluetooth: system/btif/co/bta_hh_co.cc:773 bta_hh_co_data: dev_handle = 0
09-26 11:52:01.882 31661 31681 V bluetooth: system/btif/co/bta_hh_co.cc:653 bta_hh_co_write: UHID write 16
09-26 11:52:01.892 31661 31681 V l2c_csm : system/stack/l2cap/l2c_csm.cc:1335 l2c_csm_open: LCID: 0x004c  st: OPEN  evt: L2CEVT_L2CAP_DATA(0x14) psm: BT_PSM_HIDI(0x0013)
09-26 11:52:01.892 31661 31681 V bluetooth: system/stack/hid/hidh_conn.cc:701 hidh_l2cif_data_ind: HID-Host hidh_l2cif_data_ind [l2cap_cid=0x004c]
09-26 11:52:01.892 31661 31681 V bt_bta_hh: system/bta/hh/bta_hh_act.cc:1144 bta_hh_cback: HID_event [HID_HDEV_EVT_INTR_DATA]
09-26 11:52:01.892 31661 31681 V l2c_csm : system/stack/l2cap/l2c_csm.cc:1514 l2c_csm_open: Exit chnl_state=CST_OPEN [6], event=L2CEVT_L2CAP_DATA(0x14) [20]
09-26 11:52:01.892 31661 31681 V bt_bta_sys_main: system/bta/sys/bta_sys_main.cc:71 bta_sys_event: Event 0x1704
09-26 11:52:01.892 31661 31681 V bt_bta_hh: system/bta/hh/bta_hh_main.cc:174 bta_hh_sm_execute: State BTA_HH_CONN_ST(3), Event BTA_HH_INT_DATA_EVT(5892) for xx:xx:xx:xx:2b:83[public][BT_TRANSPORT_BR_EDR]
09-26 11:52:01.892 31661 31681 V bluetooth: system/btif/co/bta_hh_co.cc:773 bta_hh_co_data: dev_handle = 0
09-26 11:52:01.892 31661 31681 V bluetooth: system/btif/co/bta_hh_co.cc:653 bta_hh_co_write: UHID write 16
09-26 11:52:01.896  1768  1768 D SurfaceFlinger: initiateModeChange 4630946652107814787 {mode={fps=120.00 Hz, modePtr={id=0, vsyncRate=120.00 Hz, peakRefreshRate=120.00 Hz}}, emitEvent=false, force=false}
09-26 11:52:01.899  1616  2136 I SDM     : HWCDisplay::SetActiveConfigToIrisWrapper: SetActiveConfigToIrisWrapper on id_: 0
09-26 11:52:01.899  1616  2136 W SDM     : HWCDisplay::SetActiveConfigToIrisWrapper: HWC SetActiveConfig [1, 0], switch to [1264x2780@120]
09-26 11:52:01.899  1616  2136 W SDM     : HWDeviceDRM::GetSupportedBitClkRate: Requested rate not supported: 1012000000
09-26 11:52:01.899  1616  2136 I SDM     : HWDeviceDRM::UpdateMixerAttributes: Mixer WxH 1264x2780-1 for Peripheral
09-26 11:52:01.899  1616  2136 I CwbService: CwbService::notifyConfigChange: display:0, config:0 size:4, sec.size():0
09-26 11:52:01.899  1616  2136 I SDM     : HWCDisplay::SubmitDisplayConfig: Active configuration changed from config 1 to 0
09-26 11:52:01.900 14961 23120 D RPCS3   : sys_tty_write(ch=0, buf=*0x58bf20, len=63, pwritelen=*0xd000fde0)
09-26 11:52:01.900 14961 23120 D RPCS3   : sys_tty_write(): “BATCHJOB: AddJob: waiting for room in job list 3 for job 56...“ << endl
09-26 11:52:01.902 31661 31681 V l2c_csm : system/stack/l2cap/l2c_csm.cc:1335 l2c_csm_open: LCID: 0x004c  st: OPEN  evt: L2CEVT_L2CAP_DATA(0x14) psm: BT_PSM_HIDI(0x0013)
09-26 11:52:01.902 31661 31681 V bluetooth: system/stack/hid/hidh_conn.cc:701 hidh_l2cif_data_ind: HID-Host hidh_l2cif_data_ind [l2cap_cid=0x004c]
09-26 11:52:01.902 31661 31681 V bt_bta_hh: system/bta/hh/bta_hh_act.cc:1144 bta_hh_cback: HID_event [HID_HDEV_EVT_INTR_DATA]
09-26 11:52:01.902 31661 31681 V l2c_csm : system/stack/l2cap/l2c_csm.cc:1514 l2c_csm_open: Exit chnl_state=CST_OPEN [6], event=L2CEVT_L2CAP_DATA(0x14) [20]
09-26 11:52:01.902 31661 31681 V bt_bta_sys_main: system/bta/sys/bta_sys_main.cc:71 bta_sys_event: Event 0x1704
09-26 11:52:01.902 31661 31681 V bt_bta_hh: system/bta/hh/bta_hh_main.cc:174 bta_hh_sm_execute: State BTA_HH_CONN_ST(3), Event BTA_HH_INT_DATA_EVT(5892) for xx:xx:xx:xx:2b:83[public][BT_TRANSPORT_BR_EDR]
09-26 11:52:01.902 31661 31681 V bluetooth: system/btif/co/bta_hh_co.cc:773 bta_hh_co_data: dev_handle = 0
09-26 11:52:01.902 31661 31681 V bluetooth: system/btif/co/bta_hh_co.cc:653 bta_hh_co_write: UHID write 16
09-26 11:52:01.903  1561  1561 I android.hardware.power-service-qti: Power setBoost: 0, duration: 0
09-26 11:52:01.904  1561  1561 E QTI PowerHAL: Failed to acquire lock.
09-26 11:52:01.904  1561  1561 E QTI PowerHAL: Failed process_boost for boost_handle
09-26 11:52:01.905  1621  1722 E ANDR-PERF-RESOURCEQS: ANDR-PERF-RESOURCEQS: AddAndApply() 125: Resource with major=16, minor=30 not supported
09-26 11:52:01.905  1621  1722 E ANDR-PERF-RESOURCEQS: ANDR-PERF-RESOURCEQS: AddAndApply() 125: Resource with major=16, minor=31 not supported
09-26 11:52:01.912 31661 31681 V l2c_csm : system/stack/l2cap/l2c_csm.cc:1335 l2c_csm_open: LCID: 0x004c  st: OPEN  evt: L2CEVT_L2CAP_DATA(0x14) psm: BT_PSM_HIDI(0x0013)
09-26 11:52:01.912 31661 31681 V bluetooth: system/stack/hid/hidh_conn.cc:701 hidh_l2cif_data_ind: HID-Host hidh_l2cif_data_ind [l2cap_cid=0x004c]
09-26 11:52:01.912 31661 31681 V bt_bta_hh: system/bta/hh/bta_hh_act.cc:1144 bta_hh_cback: HID_event [HID_HDEV_EVT_INTR_DATA]
09-26 11:52:01.912 31661 31681 V l2c_csm : system/stack/l2cap/l2c_csm.cc:1514 l2c_csm_open: Exit chnl_state=CST_OPEN [6], event=L2CEVT_L2CAP_DATA(0x14) [20]
09-26 11:52:01.912 31661 31681 V bt_bta_sys_main: system/bta/sys/bta_sys_main.cc:71 bta_sys_event: Event 0x1704
09-26 11:52:01.912 31661 31681 V bt_bta_hh: system/bta/hh/bta_hh_main.cc:174 bta_hh_sm_execute: State BTA_HH_CONN_ST(3), Event BTA_HH_INT_DATA_EVT(5892) for xx:xx:xx:xx:2b:83[public][BT_TRANSPORT_BR_EDR]
09-26 11:52:01.912 31661 31681 V bluetooth: system/btif/co/bta_hh_co.cc:773 bta_hh_co_data: dev_handle = 0
09-26 11:52:01.912 31661 31681 V bluetooth: system/btif/co/bta_hh_co.cc:653 bta_hh_co_write: UHID write 16
09-26 11:52:01.916 14961 14961 I S3PAD   : classify name='Xbox Wireless Controller' vid=1118 pid=736 sources=16778513 keyboardType=1 -> GAMEPAD/XBOX reason=gamepad-capability-or-identity
09-26 11:52:01.916 14961 14961 D S3PAD   : deviceKey via descriptor
09-26 11:52:01.922 31661 31681 V l2c_csm : system/stack/l2cap/l2c_csm.cc:1335 l2c_csm_open: LCID: 0x004c  st: OPEN  evt: L2CEVT_L2CAP_DATA(0x14) psm: BT_PSM_HIDI(0x0013)
09-26 11:52:01.922 31661 31681 V bluetooth: system/stack/hid/hidh_conn.cc:701 hidh_l2cif_data_ind: HID-Host hidh_l2cif_data_ind [l2cap_cid=0x004c]
09-26 11:52:01.922 31661 31681 V bt_bta_hh: system/bta/hh/bta_hh_act.cc:1144 bta_hh_cback: HID_event [HID_HDEV_EVT_INTR_DATA]
09-26 11:52:01.922 31661 31681 V l2c_csm : system/stack/l2cap/l2c_csm.cc:1514 l2c_csm_open: Exit chnl_state=CST_OPEN [6], event=L2CEVT_L2CAP_DATA(0x14) [20]
09-26 11:52:01.922 31661 31681 V bt_bta_sys_main: system/bta/sys/bta_sys_main.cc:71 bta_sys_event: Event 0x1704
09-26 11:52:01.922 31661 31681 V bt_bta_hh: system/bta/hh/bta_hh_main.cc:174 bta_hh_sm_execute: State BTA_HH_CONN_ST(3), Event BTA_HH_INT_DATA_EVT(5892) for xx:xx:xx:xx:2b:83[public][BT_TRANSPORT_BR_EDR]
09-26 11:52:01.922 31661 31681 V bluetooth: system/btif/co/bta_hh_co.cc:773 bta_hh_co_data: dev_handle = 0
09-26 11:52:01.922 31661 31681 V bluetooth: system/btif/co/bta_hh_co.cc:653 bta_hh_co_write: UHID write 16
09-26 11:52:01.928  1570  1606 I android.hardware.thermal-service.qti: sensor: cpu-1-0-0 temperature: 95 old: 0 new: 3
09-26 11:52:01.932 31661 31681 V l2c_csm : system/stack/l2cap/l2c_csm.cc:1335 l2c_csm_open: LCID: 0x004c  st: OPEN  evt: L2CEVT_L2CAP_DATA(0x14) psm: BT_PSM_HIDI(0x0013)
09-26 11:52:01.932 31661 31681 V bluetooth: system/stack/hid/hidh_conn.cc:701 hidh_l2cif_data_ind: HID-Host hidh_l2cif_data_ind [l2cap_cid=0x004c]
09-26 11:52:01.932 31661 31681 V bt_bta_hh: system/bta/hh/bta_hh_act.cc:1144 bta_hh_cback: HID_event [HID_HDEV_EVT_INTR_DATA]
09-26 11:52:01.932 31661 31681 V l2c_csm : system/stack/l2cap/l2c_csm.cc:1514 l2c_csm_open: Exit chnl_state=CST_OPEN [6], event=L2CEVT_L2CAP_DATA(0x14) [20]
09-26 11:52:01.932 31661 31681 V bt_bta_sys_main: system/bta/sys/bta_sys_main.cc:71 bta_sys_event: Event 0x1704
09-26 11:52:01.932 31661 31681 V bt_bta_hh: system/bta/hh/bta_hh_main.cc:174 bta_hh_sm_execute: State BTA_HH_CONN_ST(3), Event BTA_HH_INT_DATA_EVT(5892) for xx:xx:xx:xx:2b:83[public][BT_TRANSPORT_BR_EDR]
09-26 11:52:01.932 31661 31681 V bluetooth: system/btif/co/bta_hh_co.cc:773 bta_hh_co_data: dev_handle = 0
09-26 11:52:01.932 31661 31681 V bluetooth: system/btif/co/bta_hh_co.cc:653 bta_hh_co_write: UHID write 16
09-26 11:52:01.942 31661 31681 V l2c_csm : system/stack/l2cap/l2c_csm.cc:1335 l2c_csm_open: LCID: 0x004c  st: OPEN  evt: L2CEVT_L2CAP_DATA(0x14) psm: BT_PSM_HIDI(0x0013)
09-26 11:52:01.942 31661 31681 V bluetooth: system/stack/hid/hidh_conn.cc:701 hidh_l2cif_data_ind: HID-Host hidh_l2cif_data_ind [l2cap_cid=0x004c]
09-26 11:52:01.942 31661 31681 V bt_bta_hh: system/bta/hh/bta_hh_act.cc:1144 bta_hh_cback: HID_event [HID_HDEV_EVT_INTR_DATA]
09-26 11:52:01.942 31661 31681 V l2c_csm : system/stack/l2cap/l2c_csm.cc:1514 l2c_csm_open: Exit chnl_state=CST_OPEN [6], event=L2CEVT_L2CAP_DATA(0x14) [20]
09-26 11:52:01.942 31661 31681 V bt_bta_sys_main: system/bta/sys/bta_sys_main.cc:71 bta_sys_event: Event 0x1704
09-26 11:52:01.942 31661 31681 V bt_bta_hh: system/bta/hh/bta_hh_main.cc:174 bta_hh_sm_execute: State BTA_HH_CONN_ST(3), Event BTA_HH_INT_DATA_EVT(5892) for xx:xx:xx:xx:2b:83[public][BT_TRANSPORT_BR_EDR]
09-26 11:52:01.942 31661 31681 V bluetooth: system/btif/co/bta_hh_co.cc:773 bta_hh_co_data: dev_handle = 0
09-26 11:52:01.942 31661 31681 V bluetooth: system/btif/co/bta_hh_co.cc:653 bta_hh_co_write: UHID write 16
09-26 11:52:01.952 31661 31681 V l2c_csm : system/stack/l2cap/l2c_csm.cc:1335 l2c_csm_open: LCID: 0x004c  st: OPEN  evt: L2CEVT_L2CAP_DATA(0x14) psm: BT_PSM_HIDI(0x0013)
09-26 11:52:01.952 31661 31681 V bluetooth: system/stack/hid/hidh_conn.cc:701 hidh_l2cif_data_ind: HID-Host hidh_l2cif_data_ind [l2cap_cid=0x004c]
09-26 11:52:01.952 31661 31681 V bt_bta_hh: system/bta/hh/bta_hh_act.cc:1144 bta_hh_cback: HID_event [HID_HDEV_EVT_INTR_DATA]
09-26 11:52:01.952 31661 31681 V l2c_csm : system/stack/l2cap/l2c_csm.cc:1514 l2c_csm_open: Exit chnl_state=CST_OPEN [6], event=L2CEVT_L2CAP_DATA(0x14) [20]
09-26 11:52:01.952 31661 31681 V bt_bta_sys_main: system/bta/sys/bta_sys_main.cc:71 bta_sys_event: Event 0x1704
09-26 11:52:01.952 31661 31681 V bt_bta_hh: system/bta/hh/bta_hh_main.cc:174 bta_hh_sm_execute: State BTA_HH_CONN_ST(3), Event BTA_HH_INT_DATA_EVT(5892) for xx:xx:xx:xx:2b:83[public][BT_TRANSPORT_BR_EDR]
09-26 11:52:01.952 31661 31681 V bluetooth: system/btif/co/bta_hh_co.cc:773 bta_hh_co_data: dev_handle = 0
09-26 11:52:01.952 31661 31681 V bluetooth: system/btif/co/bta_hh_co.cc:653 bta_hh_co_write: UHID write 16
09-26 11:52:01.962 31661 31681 V l2c_csm : system/stack/l2cap/l2c_csm.cc:1335 l2c_csm_open: LCID: 0x004c  st: OPEN  evt: L2CEVT_L2CAP_DATA(0x14) psm: BT_PSM_HIDI(0x0013)
09-26 11:52:01.962 31661 31681 V bluetooth: system/stack/hid/hidh_conn.cc:701 hidh_l2cif_data_ind: HID-Host hidh_l2cif_data_ind [l2cap_cid=0x004c]
09-26 11:52:01.962 31661 31681 V bt_bta_hh: system/bta/hh/bta_hh_act.cc:1144 bta_hh_cback: HID_event [HID_HDEV_EVT_INTR_DATA]
09-26 11:52:01.962 31661 31681 V l2c_csm : system/stack/l2cap/l2c_csm.cc:1514 l2c_csm_open: Exit chnl_state=CST_OPEN [6], event=L2CEVT_L2CAP_DATA(0x14) [20]
09-26 11:52:01.962 31661 31681 V bt_bta_sys_main: system/bta/sys/bta_sys_main.cc:71 bta_sys_event: Event 0x1704
09-26 11:52:01.962 31661 31681 V bt_bta_hh: system/bta/hh/bta_hh_main.cc:174 bta_hh_sm_execute: State BTA_HH_CONN_ST(3), Event BTA_HH_INT_DATA_EVT(5892) for xx:xx:xx:xx:2b:83[public][BT_TRANSPORT_BR_EDR]
09-26 11:52:01.962 31661 31681 V bluetooth: system/btif/co/bta_hh_co.cc:773 bta_hh_co_data: dev_handle = 0
09-26 11:52:01.962 31661 31681 V bluetooth: system/btif/co/bta_hh_co.cc:653 bta_hh_co_write: UHID write 16
09-26 11:52:01.972 31661 31681 V l2c_csm : system/stack/l2cap/l2c_csm.cc:1335 l2c_csm_open: LCID: 0x004c  st: OPEN  evt: L2CEVT_L2CAP_DATA(0x14) psm: BT_PSM_HIDI(0x0013)
09-26 11:52:01.972 31661 31681 V bluetooth: system/stack/hid/hidh_conn.cc:701 hidh_l2cif_data_ind: HID-Host hidh_l2cif_data_ind [l2cap_cid=0x004c]
09-26 11:52:01.972 31661 31681 V bt_bta_hh: system/bta/hh/bta_hh_act.cc:1144 bta_hh_cback: HID_event [HID_HDEV_EVT_INTR_DATA]
09-26 11:52:01.972 31661 31681 V l2c_csm : system/stack/l2cap/l2c_csm.cc:1514 l2c_csm_open: Exit chnl_state=CST_OPEN [6], event=L2CEVT_L2CAP_DATA(0x14) [20]
09-26 11:52:01.972 31661 31681 V bt_bta_sys_main: system/bta/sys/bta_sys_main.cc:71 bta_sys_event: Event 0x1704
09-26 11:52:01.972 31661 31681 V bt_bta_hh: system/bta/hh/bta_hh_main.cc:174 bta_hh_sm_execute: State BTA_HH_CONN_ST(3), Event BTA_HH_INT_DATA_EVT(5892) for xx:xx:xx:xx:2b:83[public][BT_TRANSPORT_BR_EDR]
09-26 11:52:01.972 31661 31681 V bluetooth: system/btif/co/bta_hh_co.cc:773 bta_hh_co_data: dev_handle = 0
09-26 11:52:01.972 31661 31681 V bluetooth: system/btif/co/bta_hh_co.cc:653 bta_hh_co_write: UHID write 16
09-26 11:52:01.982 31661 31681 V l2c_csm : system/stack/l2cap/l2c_csm.cc:1335 l2c_csm_open: LCID: 0x004c  st: OPEN  evt: L2CEVT_L2CAP_DATA(0x14) psm: BT_PSM_HIDI(0x0013)
09-26 11:52:01.982 31661 31681 V bluetooth: system/stack/hid/hidh_conn.cc:701 hidh_l2cif_data_ind: HID-Host hidh_l2cif_data_ind [l2cap_cid=0x004c]
09-26 11:52:01.982 31661 31681 V bt_bta_hh: system/bta/hh/bta_hh_act.cc:1144 bta_hh_cback: HID_event [HID_HDEV_EVT_INTR_DATA]
09-26 11:52:01.982 31661 31681 V l2c_csm : system/stack/l2cap/l2c_csm.cc:1514 l2c_csm_open: Exit chnl_state=CST_OPEN [6], event=L2CEVT_L2CAP_DATA(0x14) [20]
09-26 11:52:01.982 31661 31681 V bt_bta_sys_main: system/bta/sys/bta_sys_main.cc:71 bta_sys_event: Event 0x1704
09-26 11:52:01.982 31661 31681 V bt_bta_hh: system/bta/hh/bta_hh_main.cc:174 bta_hh_sm_execute: State BTA_HH_CONN_ST(3), Event BTA_HH_INT_DATA_EVT(5892) for xx:xx:xx:xx:2b:83[public][BT_TRANSPORT_BR_EDR]
09-26 11:52:01.982 31661 31681 V bluetooth: system/btif/co/bta_hh_co.cc:773 bta_hh_co_data: dev_handle = 0
09-26 11:52:01.982 31661 31681 V bluetooth: system/btif/co/bta_hh_co.cc:653 bta_hh_co_write: UHID write 16
09-26 11:52:01.992 31661 31681 V l2c_csm : system/stack/l2cap/l2c_csm.cc:1335 l2c_csm_open: LCID: 0x004c  st: OPEN  evt: L2CEVT_L2CAP_DATA(0x14) psm: BT_PSM_HIDI(0x0013)
09-26 11:52:01.992 31661 31681 V bluetooth: system/stack/hid/hidh_conn.cc:701 hidh_l2cif_data_ind: HID-Host hidh_l2cif_data_ind [l2cap_cid=0x004c]
09-26 11:52:01.992 31661 31681 V bt_bta_hh: system/bta/hh/bta_hh_act.cc:1144 bta_hh_cback: HID_event [HID_HDEV_EVT_INTR_DATA]
09-26 11:52:01.992 31661 31681 V l2c_csm : system/stack/l2cap/l2c_csm.cc:1514 l2c_csm_open: Exit chnl_state=CST_OPEN [6], event=L2CEVT_L2CAP_DATA(0x14) [20]
09-26 11:52:01.992 31661 31681 V bt_bta_sys_main: system/bta/sys/bta_sys_main.cc:71 bta_sys_event: Event 0x1704
09-26 11:52:01.992 31661 31681 V bt_bta_hh: system/bta/hh/bta_hh_main.cc:174 bta_hh_sm_execute: State BTA_HH_CONN_ST(3), Event BTA_HH_INT_DATA_EVT(5892) for xx:xx:xx:xx:2b:83[public][BT_TRANSPORT_BR_EDR]
09-26 11:52:01.992 31661 31681 V bluetooth: system/btif/co/bta_hh_co.cc:773 bta_hh_co_data: dev_handle = 0
09-26 11:52:01.992 31661 31681 V bluetooth: system/btif/co/bta_hh_co.cc:653 bta_hh_co_write: UHID write 16
09-26 11:52:02.002 31661 31681 V l2c_csm : system/stack/l2cap/l2c_csm.cc:1335 l2c_csm_open: LCID: 0x004c  st: OPEN  evt: L2CEVT_L2CAP_DATA(0x14) psm: BT_PSM_HIDI(0x0013)
09-26 11:52:02.002 31661 31681 V bluetooth: system/stack/hid/hidh_conn.cc:701 hidh_l2cif_data_ind: HID-Host hidh_l2cif_data_ind [l2cap_cid=0x004c]
09-26 11:52:02.002 31661 31681 V bt_bta_hh: system/bta/hh/bta_hh_act.cc:1144 bta_hh_cback: HID_event [HID_HDEV_EVT_INTR_DATA]
09-26 11:52:02.002 31661 31681 V l2c_csm : system/stack/l2cap/l2c_csm.cc:1514 l2c_csm_open: Exit chnl_state=CST_OPEN [6], event=L2CEVT_L2CAP_DATA(0x14) [20]
09-26 11:52:02.002 31661 31681 V bt_bta_sys_main: system/bta/sys/bta_sys_main.cc:71 bta_sys_event: Event 0x1704
09-26 11:52:02.002 31661 31681 V bt_bta_hh: system/bta/hh/bta_hh_main.cc:174 bta_hh_sm_execute: State BTA_HH_CONN_ST(3), Event BTA_HH_INT_DATA_EVT(5892) for xx:xx:xx:xx:2b:83[public][BT_TRANSPORT_BR_EDR]
09-26 11:52:02.002 31661 31681 V bluetooth: system/btif/co/bta_hh_co.cc:773 bta_hh_co_data: dev_handle = 0
09-26 11:52:02.002 31661 31681 V bluetooth: system/btif/co/bta_hh_co.cc:653 bta_hh_co_write: UHID write 16
09-26 11:52:02.012 31661 31681 V l2c_csm : system/stack/l2cap/l2c_csm.cc:1335 l2c_csm_open: LCID: 0x004c  st: OPEN  evt: L2CEVT_L2CAP_DATA(0x14) psm: BT_PSM_HIDI(0x0013)
09-26 11:52:02.012 31661 31681 V bluetooth: system/stack/hid/hidh_conn.cc:701 hidh_l2cif_data_ind: HID-Host hidh_l2cif_data_ind [l2cap_cid=0x004c]
09-26 11:52:02.012 31661 31681 V bt_bta_hh: system/bta/hh/bta_hh_act.cc:1144 bta_hh_cback: HID_event [HID_HDEV_EVT_INTR_DATA]
09-26 11:52:02.013 31661 31681 V l2c_csm : system/stack/l2cap/l2c_csm.cc:1514 l2c_csm_open: Exit chnl_state=CST_OPEN [6], event=L2CEVT_L2CAP_DATA(0x14) [20]
09-26 11:52:02.013 31661 31681 V bt_bta_sys_main: system/bta/sys/bta_sys_main.cc:71 bta_sys_event: Event 0x1704
09-26 11:52:02.013 31661 31681 V bt_bta_hh: system/bta/hh/bta_hh_main.cc:174 bta_hh_sm_execute: State BTA_HH_CONN_ST(3), Event BTA_HH_INT_DATA_EVT(5892) for xx:xx:xx:xx:2b:83[public][BT_TRANSPORT_BR_EDR]
09-26 11:52:02.013 31661 31681 V bluetooth: system/btif/co/bta_hh_co.cc:773 bta_hh_co_data: dev_handle = 0
09-26 11:52:02.013 31661 31681 V bluetooth: system/btif/co/bta_hh_co.cc:653 bta_hh_co_write: UHID write 16
09-26 11:52:02.022 31661 31681 V l2c_csm : system/stack/l2cap/l2c_csm.cc:1335 l2c_csm_open: LCID: 0x004c  st: OPEN  evt: L2CEVT_L2CAP_DATA(0x14) psm: BT_PSM_HIDI(0x0013)
09-26 11:52:02.022 31661 31681 V bluetooth: system/stack/hid/hidh_conn.cc:701 hidh_l2cif_data_ind: HID-Host hidh_l2cif_data_ind [l2cap_cid=0x004c]
09-26 11:52:02.022 31661 31681 V bt_bta_hh: system/bta/hh/bta_hh_act.cc:1144 bta_hh_cback: HID_event [HID_HDEV_EVT_INTR_DATA]
09-26 11:52:02.022 31661 31681 V l2c_csm : system/stack/l2cap/l2c_csm.cc:1514 l2c_csm_open: Exit chnl_state=CST_OPEN [6], event=L2CEVT_L2CAP_DATA(0x14) [20]
09-26 11:52:02.022 31661 31681 V bt_bta_sys_main: system/bta/sys/bta_sys_main.cc:71 bta_sys_event: Event 0x1704
09-26 11:52:02.023 31661 31681 V bt_bta_hh: system/bta/hh/bta_hh_main.cc:174 bta_hh_sm_execute: State BTA_HH_CONN_ST(3), Event BTA_HH_INT_DATA_EVT(5892) for xx:xx:xx:xx:2b:83[public][BT_TRANSPORT_BR_EDR]
09-26 11:52:02.023 31661 31681 V bluetooth: system/btif/co/bta_hh_co.cc:773 bta_hh_co_data: dev_handle = 0
09-26 11:52:02.023 31661 31681 V bluetooth: system/btif/co/bta_hh_co.cc:653 bta_hh_co_write: UHID write 16
09-26 11:52:02.029  1616  1871 I SDM     : DisplayBase::CommitThread: Received idle timeout, panel: cmd, timeout: 70000 us
09-26 11:52:02.032 31661 31681 V l2c_csm : system/stack/l2cap/l2c_csm.cc:1335 l2c_csm_open: LCID: 0x004c  st: OPEN  evt: L2CEVT_L2CAP_DATA(0x14) psm: BT_PSM_HIDI(0x0013)
09-26 11:52:02.032 31661 31681 V bluetooth: system/stack/hid/hidh_conn.cc:701 hidh_l2cif_data_ind: HID-Host hidh_l2cif_data_ind [l2cap_cid=0x004c]
09-26 11:52:02.033 31661 31681 V bt_bta_hh: system/bta/hh/bta_hh_act.cc:1144 bta_hh_cback: HID_event [HID_HDEV_EVT_INTR_DATA]
09-26 11:52:02.033 31661 31681 V l2c_csm : system/stack/l2cap/l2c_csm.cc:1514 l2c_csm_open: Exit chnl_state=CST_OPEN [6], event=L2CEVT_L2CAP_DATA(0x14) [20]
09-26 11:52:02.033 31661 31681 V bt_bta_sys_main: system/bta/sys/bta_sys_main.cc:71 bta_sys_event: Event 0x1704
09-26 11:52:02.033 31661 31681 V bt_bta_hh: system/bta/hh/bta_hh_main.cc:174 bta_hh_sm_execute: State BTA_HH_CONN_ST(3), Event BTA_HH_INT_DATA_EVT(5892) for xx:xx:xx:xx:2b:83[public][BT_TRANSPORT_BR_EDR]
09-26 11:52:02.033 31661 31681 V bluetooth: system/btif/co/bta_hh_co.cc:773 bta_hh_co_data: dev_handle = 0
09-26 11:52:02.033 31661 31681 V bluetooth: system/btif/co/bta_hh_co.cc:653 bta_hh_co_write: UHID write 16
09-26 11:52:02.043 31661 31681 V l2c_csm : system/stack/l2cap/l2c_csm.cc:1335 l2c_csm_open: LCID: 0x004c  st: OPEN  evt: L2CEVT_L2CAP_DATA(0x14) psm: BT_PSM_HIDI(0x0013)
09-26 11:52:02.043 31661 31681 V bluetooth: system/stack/hid/hidh_conn.cc:701 hidh_l2cif_data_ind: HID-Host hidh_l2cif_data_ind [l2cap_cid=0x004c]
09-26 11:52:02.043 31661 31681 V bt_bta_hh: system/bta/hh/bta_hh_act.cc:1144 bta_hh_cback: HID_event [HID_HDEV_EVT_INTR_DATA]
09-26 11:52:02.043 31661 31681 V l2c_csm : system/stack/l2cap/l2c_csm.cc:1514 l2c_csm_open: Exit chnl_state=CST_OPEN [6], event=L2CEVT_L2CAP_DATA(0x14) [20]
09-26 11:52:02.043 31661 31681 V bt_bta_sys_main: system/bta/sys/bta_sys_main.cc:71 bta_sys_event: Event 0x1704
09-26 11:52:02.043 31661 31681 V bt_bta_hh: system/bta/hh/bta_hh_main.cc:174 bta_hh_sm_execute: State BTA_HH_CONN_ST(3), Event BTA_HH_INT_DATA_EVT(5892) for xx:xx:xx:xx:2b:83[public][BT_TRANSPORT_BR_EDR]
09-26 11:52:02.043 31661 31681 V bluetooth: system/btif/co/bta_hh_co.cc:773 bta_hh_co_data: dev_handle = 0
09-26 11:52:02.043 31661 31681 V bluetooth: system/btif/co/bta_hh_co.cc:653 bta_hh_co_write: UHID write 16
09-26 11:52:02.044  1570  1606 I android.hardware.thermal-service.qti: sensor: cpu-1-0-0 temperature: 89.9 old: 3 new: 0
09-26 11:52:02.057 31661 31681 V l2c_csm : system/stack/l2cap/l2c_csm.cc:1335 l2c_csm_open: LCID: 0x004c  st: OPEN  evt: L2CEVT_L2CAP_DATA(0x14) psm: BT_PSM_HIDI(0x0013)
09-26 11:52:02.057 31661 31681 V bluetooth: system/stack/hid/hidh_conn.cc:701 hidh_l2cif_data_ind: HID-Host hidh_l2cif_data_ind [l2cap_cid=0x004c]
09-26 11:52:02.057 31661 31681 V bt_bta_hh: system/bta/hh/bta_hh_act.cc:1144 bta_hh_cback: HID_event [HID_HDEV_EVT_INTR_DATA]
09-26 11:52:02.057 31661 31681 V l2c_csm : system/stack/l2cap/l2c_csm.cc:1514 l2c_csm_open: Exit chnl_state=CST_OPEN [6], event=L2CEVT_L2CAP_DATA(0x14) [20]
09-26 11:52:02.057 31661 31681 V bt_bta_sys_main: system/bta/sys/bta_sys_main.cc:71 bta_sys_event: Event 0x1704
09-26 11:52:02.057 31661 31681 V bt_bta_hh: system/bta/hh/bta_hh_main.cc:174 bta_hh_sm_execute: State BTA_HH_CONN_ST(3), Event BTA_HH_INT_DATA_EVT(5892) for xx:xx:xx:xx:2b:83[public][BT_TRANSPORT_BR_EDR]
09-26 11:52:02.057 31661 31681 V bluetooth: system/btif/co/bta_hh_co.cc:773 bta_hh_co_data: dev_handle = 0
09-26 11:52:02.057 31661 31681 V bluetooth: system/btif/co/bta_hh_co.cc:653 bta_hh_co_write: UHID write 16
09-26 11:52:02.062 31661 31681 V l2c_csm : system/stack/l2cap/l2c_csm.cc:1335 l2c_csm_open: LCID: 0x004c  st: OPEN  evt: L2CEVT_L2CAP_DATA(0x14) psm: BT_PSM_HIDI(0x0013)
09-26 11:52:02.062 31661 31681 V bluetooth: system/stack/hid/hidh_conn.cc:701 hidh_l2cif_data_ind: HID-Host hidh_l2cif_data_ind [l2cap_cid=0x004c]
09-26 11:52:02.062 31661 31681 V bt_bta_hh: system/bta/hh/bta_hh_act.cc:1144 bta_hh_cback: HID_event [HID_HDEV_EVT_INTR_DATA]
09-26 11:52:02.062 31661 31681 V l2c_csm : system/stack/l2cap/l2c_csm.cc:1514 l2c_csm_open: Exit chnl_state=CST_OPEN [6], event=L2CEVT_L2CAP_DATA(0x14) [20]
09-26 11:52:02.062 31661 31681 V bt_bta_sys_main: system/bta/sys/bta_sys_main.cc:71 bta_sys_event: Event 0x1704
09-26 11:52:02.062 31661 31681 V bt_bta_hh: system/bta/hh/bta_hh_main.cc:174 bta_hh_sm_execute: State BTA_HH_CONN_ST(3), Event BTA_HH_INT_DATA_EVT(5892) for xx:xx:xx:xx:2b:83[public][BT_TRANSPORT_BR_EDR]
09-26 11:52:02.062 31661 31681 V bluetooth: system/btif/co/bta_hh_co.cc:773 bta_hh_co_data: dev_handle = 0
09-26 11:52:02.062 31661 31681 V bluetooth: system/btif/co/bta_hh_co.cc:653 bta_hh_co_write: UHID write 16
09-26 11:52:02.072 31661 31681 V l2c_csm : system/stack/l2cap/l2c_csm.cc:1335 l2c_csm_open: LCID: 0x004c  st: OPEN  evt: L2CEVT_L2CAP_DATA(0x14) psm: BT_PSM_HIDI(0x0013)
09-26 11:52:02.072 31661 31681 V bluetooth: system/stack/hid/hidh_conn.cc:701 hidh_l2cif_data_ind: HID-Host hidh_l2cif_data_ind [l2cap_cid=0x004c]
09-26 11:52:02.072 31661 31681 V bt_bta_hh: system/bta/hh/bta_hh_act.cc:1144 bta_hh_cback: HID_event [HID_HDEV_EVT_INTR_DATA]
09-26 11:52:02.072 31661 31681 V l2c_csm : system/stack/l2cap/l2c_csm.cc:1514 l2c_csm_open: Exit chnl_state=CST_OPEN [6], event=L2CEVT_L2CAP_DATA(0x14) [20]
09-26 11:52:02.072 31661 31681 V bt_bta_sys_main: system/bta/sys/bta_sys_main.cc:71 bta_sys_event: Event 0x1704
09-26 11:52:02.072 31661 31681 V bt_bta_hh: system/bta/hh/bta_hh_main.cc:174 bta_hh_sm_execute: State BTA_HH_CONN_ST(3), Event BTA_HH_INT_DATA_EVT(5892) for xx:xx:xx:xx:2b:83[public][BT_TRANSPORT_BR_EDR]
09-26 11:52:02.072 31661 31681 V bluetooth: system/btif/co/bta_hh_co.cc:773 bta_hh_co_data: dev_handle = 0
09-26 11:52:02.072 31661 31681 V bluetooth: system/btif/co/bta_hh_co.cc:653 bta_hh_co_write: UHID write 16
09-26 11:52:02.082 31661 31681 V l2c_csm : system/stack/l2cap/l2c_csm.cc:1335 l2c_csm_open: LCID: 0x004c  st: OPEN  evt: L2CEVT_L2CAP_DATA(0x14) psm: BT_PSM_HIDI(0x0013)
09-26 11:52:02.082 31661 31681 V bluetooth: system/stack/hid/hidh_conn.cc:701 hidh_l2cif_data_ind: HID-Host hidh_l2cif_data_ind [l2cap_cid=0x004c]
09-26 11:52:02.082 31661 31681 V bt_bta_hh: system/bta/hh/bta_hh_act.cc:1144 bta_hh_cback: HID_event [HID_HDEV_EVT_INTR_DATA]
09-26 11:52:02.082 31661 31681 V l2c_csm : system/stack/l2cap/l2c_csm.cc:1514 l2c_csm_open: Exit chnl_state=CST_OPEN [6], event=L2CEVT_L2CAP_DATA(0x14) [20]
09-26 11:52:02.082 31661 31681 V bt_bta_sys_main: system/bta/sys/bta_sys_main.cc:71 bta_sys_event: Event 0x1704
09-26 11:52:02.082 31661 31681 V bt_bta_hh: system/bta/hh/bta_hh_main.cc:174 bta_hh_sm_execute: State BTA_HH_CONN_ST(3), Event BTA_HH_INT_DATA_EVT(5892) for xx:xx:xx:xx:2b:83[public][BT_TRANSPORT_BR_EDR]
09-26 11:52:02.082 31661 31681 V bluetooth: system/btif/co/bta_hh_co.cc:773 bta_hh_co_data: dev_handle = 0
09-26 11:52:02.082 31661 31681 V bluetooth: system/btif/co/bta_hh_co.cc:653 bta_hh_co_write: UHID write 16
09-26 11:52:02.087  1570  1606 I android.hardware.thermal-service.qti: sensor: cpu-1-0-0 temperature: 95 old: 0 new: 3
09-26 11:52:02.092 31661 31681 V l2c_csm : system/stack/l2cap/l2c_csm.cc:1335 l2c_csm_open: LCID: 0x004c  st: OPEN  evt: L2CEVT_L2CAP_DATA(0x14) psm: BT_PSM_HIDI(0x0013)
09-26 11:52:02.092 31661 31681 V bluetooth: system/stack/hid/hidh_conn.cc:701 hidh_l2cif_data_ind: HID-Host hidh_l2cif_data_ind [l2cap_cid=0x004c]
09-26 11:52:02.092 31661 31681 V bt_bta_hh: system/bta/hh/bta_hh_act.cc:1144 bta_hh_cback: HID_event [HID_HDEV_EVT_INTR_DATA]
09-26 11:52:02.092 31661 31681 V l2c_csm : system/stack/l2cap/l2c_csm.cc:1514 l2c_csm_open: Exit chnl_state=CST_OPEN [6], event=L2CEVT_L2CAP_DATA(0x14) [20]
09-26 11:52:02.092 31661 31681 V bt_bta_sys_main: system/bta/sys/bta_sys_main.cc:71 bta_sys_event: Event 0x1704
09-26 11:52:02.092 31661 31681 V bt_bta_hh: system/bta/hh/bta_hh_main.cc:174 bta_hh_sm_execute: State BTA_HH_CONN_ST(3), Event BTA_HH_INT_DATA_EVT(5892) for xx:xx:xx:xx:2b:83[public][BT_TRANSPORT_BR_EDR]
09-26 11:52:02.092 31661 31681 V bluetooth: system/btif/co/bta_hh_co.cc:773 bta_hh_co_data: dev_handle = 0
09-26 11:52:02.092 31661 31681 V bluetooth: system/btif/co/bta_hh_co.cc:653 bta_hh_co_write: UHID write 16
09-26 11:52:02.102 31661 31681 V l2c_csm : system/stack/l2cap/l2c_csm.cc:1335 l2c_csm_open: LCID: 0x004c  st: OPEN  evt: L2CEVT_L2CAP_DATA(0x14) psm: BT_PSM_HIDI(0x0013)
09-26 11:52:02.102 31661 31681 V bluetooth: system/stack/hid/hidh_conn.cc:701 hidh_l2cif_data_ind: HID-Host hidh_l2cif_data_ind [l2cap_cid=0x004c]
09-26 11:52:02.102 31661 31681 V bt_bta_hh: system/bta/hh/bta_hh_act.cc:1144 bta_hh_cback: HID_event [HID_HDEV_EVT_INTR_DATA]
09-26 11:52:02.102 31661 31681 V l2c_csm : system/stack/l2cap/l2c_csm.cc:1514 l2c_csm_open: Exit chnl_state=CST_OPEN [6], event=L2CEVT_L2CAP_DATA(0x14) [20]
09-26 11:52:02.102 31661 31681 V bt_bta_sys_main: system/bta/sys/bta_sys_main.cc:71 bta_sys_event: Event 0x1704
09-26 11:52:02.102 31661 31681 V bt_bta_hh: system/bta/hh/bta_hh_main.cc:174 bta_hh_sm_execute: State BTA_HH_CONN_ST(3), Event BTA_HH_INT_DATA_EVT(5892) for xx:xx:xx:xx:2b:83[public][BT_TRANSPORT_BR_EDR]
09-26 11:52:02.102 31661 31681 V bluetooth: system/btif/co/bta_hh_co.cc:773 bta_hh_co_data: dev_handle = 0
09-26 11:52:02.102 31661 31681 V bluetooth: system/btif/co/bta_hh_co.cc:653 bta_hh_co_write: UHID write 16
09-26 11:52:02.112 31661 31681 V l2c_csm : system/stack/l2cap/l2c_csm.cc:1335 l2c_csm_open: LCID: 0x004c  st: OPEN  evt: L2CEVT_L2CAP_DATA(0x14) psm: BT_PSM_HIDI(0x0013)
09-26 11:52:02.112 31661 31681 V bluetooth: system/stack/hid/hidh_conn.cc:701 hidh_l2cif_data_ind: HID-Host hidh_l2cif_data_ind [l2cap_cid=0x004c]
09-26 11:52:02.112 31661 31681 V bt_bta_hh: system/bta/hh/bta_hh_act.cc:1144 bta_hh_cback: HID_event [HID_HDEV_EVT_INTR_DATA]
09-26 11:52:02.112 31661 31681 V l2c_csm : system/stack/l2cap/l2c_csm.cc:1514 l2c_csm_open: Exit chnl_state=CST_OPEN [6], event=L2CEVT_L2CAP_DATA(0x14) [20]
09-26 11:52:02.112 31661 31681 V bt_bta_sys_main: system/bta/sys/bta_sys_main.cc:71 bta_sys_event: Event 0x1704
09-26 11:52:02.112 31661 31681 V bt_bta_hh: system/bta/hh/bta_hh_main.cc:174 bta_hh_sm_execute: State BTA_HH_CONN_ST(3), Event BTA_HH_INT_DATA_EVT(5892) for xx:xx:xx:xx:2b:83[public][BT_TRANSPORT_BR_EDR]
09-26 11:52:02.112 31661 31681 V bluetooth: system/btif/co/bta_hh_co.cc:773 bta_hh_co_data: dev_handle = 0
09-26 11:52:02.112 31661 31681 V bluetooth: system/btif/co/bta_hh_co.cc:653 bta_hh_co_write: UHID write 16
09-26 11:52:02.122 31661 31681 V l2c_csm : system/stack/l2cap/l2c_csm.cc:1335 l2c_csm_open: LCID: 0x004c  st: OPEN  evt: L2CEVT_L2CAP_DATA(0x14) psm: BT_PSM_HIDI(0x0013)
09-26 11:52:02.122 31661 31681 V bluetooth: system/stack/hid/hidh_conn.cc:701 hidh_l2cif_data_ind: HID-Host hidh_l2cif_data_ind [l2cap_cid=0x004c]
09-26 11:52:02.122 31661 31681 V bt_bta_hh: system/bta/hh/bta_hh_act.cc:1144 bta_hh_cback: HID_event [HID_HDEV_EVT_INTR_DATA]
09-26 11:52:02.122 31661 31681 V l2c_csm : system/stack/l2cap/l2c_csm.cc:1514 l2c_csm_open: Exit chnl_state=CST_OPEN [6], event=L2CEVT_L2CAP_DATA(0x14) [20]
09-26 11:52:02.122 31661 31681 V bt_bta_sys_main: system/bta/sys/bta_sys_main.cc:71 bta_sys_event: Event 0x1704
09-26 11:52:02.122 31661 31681 V bt_bta_hh: system/bta/hh/bta_hh_main.cc:174 bta_hh_sm_execute: State BTA_HH_CONN_ST(3), Event BTA_HH_INT_DATA_EVT(5892) for xx:xx:xx:xx:2b:83[public][BT_TRANSPORT_BR_EDR]
09-26 11:52:02.122 31661 31681 V bluetooth: system/btif/co/bta_hh_co.cc:773 bta_hh_co_data: dev_handle = 0
09-26 11:52:02.122 31661 31681 V bluetooth: system/btif/co/bta_hh_co.cc:653 bta_hh_co_write: UHID write 16
09-26 11:52:02.132 31661 31681 V l2c_csm : system/stack/l2cap/l2c_csm.cc:1335 l2c_csm_open: LCID: 0x004c  st: OPEN  evt: L2CEVT_L2CAP_DATA(0x14) psm: BT_PSM_HIDI(0x0013)
09-26 11:52:02.132 31661 31681 V bluetooth: system/stack/hid/hidh_conn.cc:701 hidh_l2cif_data_ind: HID-Host hidh_l2cif_data_ind [l2cap_cid=0x004c]
09-26 11:52:02.132 31661 31681 V bt_bta_hh: system/bta/hh/bta_hh_act.cc:1144 bta_hh_cback: HID_event [HID_HDEV_EVT_INTR_DATA]
09-26 11:52:02.132 31661 31681 V l2c_csm : system/stack/l2cap/l2c_csm.cc:1514 l2c_csm_open: Exit chnl_state=CST_OPEN [6], event=L2CEVT_L2CAP_DATA(0x14) [20]
09-26 11:52:02.132 31661 31681 V bt_bta_sys_main: system/bta/sys/bta_sys_main.cc:71 bta_sys_event: Event 0x1704
09-26 11:52:02.132 31661 31681 V bt_bta_hh: system/bta/hh/bta_hh_main.cc:174 bta_hh_sm_execute: State BTA_HH_CONN_ST(3), Event BTA_HH_INT_DATA_EVT(5892) for xx:xx:xx:xx:2b:83[public][BT_TRANSPORT_BR_EDR]
09-26 11:52:02.132 31661 31681 V bluetooth: system/btif/co/bta_hh_co.cc:773 bta_hh_co_data: dev_handle = 0
09-26 11:52:02.132 31661 31681 V bluetooth: system/btif/co/bta_hh_co.cc:653 bta_hh_co_write: UHID write 16
09-26 11:52:02.142 31661 31681 V l2c_csm : system/stack/l2cap/l2c_csm.cc:1335 l2c_csm_open: LCID: 0x004c  st: OPEN  evt: L2CEVT_L2CAP_DATA(0x14) psm: BT_PSM_HIDI(0x0013)
09-26 11:52:02.142 31661 31681 V bluetooth: system/stack/hid/hidh_conn.cc:701 hidh_l2cif_data_ind: HID-Host hidh_l2cif_data_ind [l2cap_cid=0x004c]
09-26 11:52:02.142 31661 31681 V bt_bta_hh: system/bta/hh/bta_hh_act.cc:1144 bta_hh_cback: HID_event [HID_HDEV_EVT_INTR_DATA]
09-26 11:52:02.142 31661 31681 V l2c_csm : system/stack/l2cap/l2c_csm.cc:1514 l2c_csm_open: Exit chnl_state=CST_OPEN [6], event=L2CEVT_L2CAP_DATA(0x14) [20]
09-26 11:52:02.142 31661 31681 V bt_bta_sys_main: system/bta/sys/bta_sys_main.cc:71 bta_sys_event: Event 0x1704
09-26 11:52:02.142 31661 31681 V bt_bta_hh: system/bta/hh/bta_hh_main.cc:174 bta_hh_sm_execute: State BTA_HH_CONN_ST(3), Event BTA_HH_INT_DATA_EVT(5892) for xx:xx:xx:xx:2b:83[public][BT_TRANSPORT_BR_EDR]
09-26 11:52:02.142 31661 31681 V bluetooth: system/btif/co/bta_hh_co.cc:773 bta_hh_co_data: dev_handle = 0
09-26 11:52:02.142 31661 31681 V bluetooth: system/btif/co/bta_hh_co.cc:653 bta_hh_co_write: UHID write 16
09-26 11:52:02.143  1561  1561 I android.hardware.power-service-qti: Power setBoost: 0, duration: 0
09-26 11:52:02.149 14961 14961 I S3PAD   : classify name='Xbox Wireless Controller' vid=1118 pid=736 sources=16778513 keyboardType=1 -> GAMEPAD/XBOX reason=gamepad-capability-or-identity
09-26 11:52:02.149 14961 14961 D S3PAD   : deviceKey via descriptor
09-26 11:52:02.152 31661 31681 V l2c_csm : system/stack/l2cap/l2c_csm.cc:1335 l2c_csm_open: LCID: 0x004c  st: OPEN  evt: L2CEVT_L2CAP_DATA(0x14) psm: BT_PSM_HIDI(0x0013)
09-26 11:52:02.152 31661 31681 V bluetooth: system/stack/hid/hidh_conn.cc:701 hidh_l2cif_data_ind: HID-Host hidh_l2cif_data_ind [l2cap_cid=0x004c]
09-26 11:52:02.152 31661 31681 V bt_bta_hh: system/bta/hh/bta_hh_act.cc:1144 bta_hh_cback: HID_event [HID_HDEV_EVT_INTR_DATA]
09-26 11:52:02.152 31661 31681 V l2c_csm : system/stack/l2cap/l2c_csm.cc:1514 l2c_csm_open: Exit chnl_state=CST_OPEN [6], event=L2CEVT_L2CAP_DATA(0x14) [20]
09-26 11:52:02.152 31661 31681 V bt_bta_sys_main: system/bta/sys/bta_sys_main.cc:71 bta_sys_event: Event 0x1704
09-26 11:52:02.152 31661 31681 V bt_bta_hh: system/bta/hh/bta_hh_main.cc:174 bta_hh_sm_execute: State BTA_HH_CONN_ST(3), Event BTA_HH_INT_DATA_EVT(5892) for xx:xx:xx:xx:2b:83[public][BT_TRANSPORT_BR_EDR]
09-26 11:52:02.152 31661 31681 V bluetooth: system/btif/co/bta_hh_co.cc:773 bta_hh_co_data: dev_handle = 0
09-26 11:52:02.152 31661 31681 V bluetooth: system/btif/co/bta_hh_co.cc:653 bta_hh_co_write: UHID write 16
09-26 11:52:02.152  1616  1871 I SDM     : DisplayBase::CommitThread: Received idle timeout, panel: cmd, timeout: 70000 us
09-26 11:52:02.162 31661 31681 V l2c_csm : system/stack/l2cap/l2c_csm.cc:1335 l2c_csm_open: LCID: 0x004c  st: OPEN  evt: L2CEVT_L2CAP_DATA(0x14) psm: BT_PSM_HIDI(0x0013)
09-26 11:52:02.162 31661 31681 V bluetooth: system/stack/hid/hidh_conn.cc:701 hidh_l2cif_data_ind: HID-Host hidh_l2cif_data_ind [l2cap_cid=0x004c]
09-26 11:52:02.162 31661 31681 V bt_bta_hh: system/bta/hh/bta_hh_act.cc:1144 bta_hh_cback: HID_event [HID_HDEV_EVT_INTR_DATA]
09-26 11:52:02.162 31661 31681 V l2c_csm : system/stack/l2cap/l2c_csm.cc:1514 l2c_csm_open: Exit chnl_state=CST_OPEN [6], event=L2CEVT_L2CAP_DATA(0x14) [20]
09-26 11:52:02.162 31661 31681 V bt_bta_sys_main: system/bta/sys/bta_sys_main.cc:71 bta_sys_event: Event 0x1704
09-26 11:52:02.162  1550 31699 I vendor.qti.bluetooth@1.1-ibs_handler: DeviceSleep: TX Awake, Sending SLEEP_IND
09-26 11:52:02.162 31661 31681 V bt_bta_hh: system/bta/hh/bta_hh_main.cc:174 bta_hh_sm_execute: State BTA_HH_CONN_ST(3), Event BTA_HH_INT_DATA_EVT(5892) for xx:xx:xx:xx:2b:83[public][BT_TRANSPORT_BR_EDR]
09-26 11:52:02.162 31661 31681 V bluetooth: system/btif/co/bta_hh_co.cc:773 bta_hh_co_data: dev_handle = 0
09-26 11:52:02.162 31661 31681 V bluetooth: system/btif/co/bta_hh_co.cc:653 bta_hh_co_write: UHID write 16
09-26 11:52:02.172 31661 31681 V l2c_csm : system/stack/l2cap/l2c_csm.cc:1335 l2c_csm_open: LCID: 0x004c  st: OPEN  evt: L2CEVT_L2CAP_DATA(0x14) psm: BT_PSM_HIDI(0x0013)
09-26 11:52:02.172 31661 31681 V bluetooth: system/stack/hid/hidh_conn.cc:701 hidh_l2cif_data_ind: HID-Host hidh_l2cif_data_ind [l2cap_cid=0x004c]
09-26 11:52:02.172 31661 31681 V bt_bta_hh: system/bta/hh/bta_hh_act.cc:1144 bta_hh_cback: HID_event [HID_HDEV_EVT_INTR_DATA]
09-26 11:52:02.172 31661 31681 V l2c_csm : system/stack/l2cap/l2c_csm.cc:1514 l2c_csm_open: Exit chnl_state=CST_OPEN [6], event=L2CEVT_L2CAP_DATA(0x14) [20]
09-26 11:52:02.172 31661 31681 V bt_bta_sys_main: system/bta/sys/bta_sys_main.cc:71 bta_sys_event: Event 0x1704
09-26 11:52:02.172 31661 31681 V bt_bta_hh: system/bta/hh/bta_hh_main.cc:174 bta_hh_sm_execute: State BTA_HH_CONN_ST(3), Event BTA_HH_INT_DATA_EVT(5892) for xx:xx:xx:xx:2b:83[public][BT_TRANSPORT_BR_EDR]
09-26 11:52:02.172 31661 31681 V bluetooth: system/btif/co/bta_hh_co.cc:773 bta_hh_co_data: dev_handle = 0
09-26 11:52:02.172 31661 31681 V bluetooth: system/btif/co/bta_hh_co.cc:653 bta_hh_co_write: UHID write 16
09-26 11:52:02.182 31661 31681 V l2c_csm : system/stack/l2cap/l2c_csm.cc:1335 l2c_csm_open: LCID: 0x004c  st: OPEN  evt: L2CEVT_L2CAP_DATA(0x14) psm: BT_PSM_HIDI(0x0013)
09-26 11:52:02.182 31661 31681 V bluetooth: system/stack/hid/hidh_conn.cc:701 hidh_l2cif_data_ind: HID-Host hidh_l2cif_data_ind [l2cap_cid=0x004c]
09-26 11:52:02.182 31661 31681 V bt_bta_hh: system/bta/hh/bta_hh_act.cc:1144 bta_hh_cback: HID_event [HID_HDEV_EVT_INTR_DATA]
09-26 11:52:02.182 31661 31681 V l2c_csm : system/stack/l2cap/l2c_csm.cc:1514 l2c_csm_open: Exit chnl_state=CST_OPEN [6], event=L2CEVT_L2CAP_DATA(0x14) [20]
09-26 11:52:02.182 31661 31681 V bt_bta_sys_main: system/bta/sys/bta_sys_main.cc:71 bta_sys_event: Event 0x1704
09-26 11:52:02.182 31661 31681 V bt_bta_hh: system/bta/hh/bta_hh_main.cc:174 bta_hh_sm_execute: State BTA_HH_CONN_ST(3), Event BTA_HH_INT_DATA_EVT(5892) for xx:xx:xx:xx:2b:83[public][BT_TRANSPORT_BR_EDR]
09-26 11:52:02.182 31661 31681 V bluetooth: system/btif/co/bta_hh_co.cc:773 bta_hh_co_data: dev_handle = 0
09-26 11:52:02.182 31661 31681 V bluetooth: system/btif/co/bta_hh_co.cc:653 bta_hh_co_write: UHID write 16
09-26 11:52:02.190  1621  5332 E ANDR-PERF-LM: SilkyScrolls: emptyContentDetection() 762: empty Content found
09-26 11:52:02.192 31661 31681 V l2c_csm : system/stack/l2cap/l2c_csm.cc:1335 l2c_csm_open: LCID: 0x004c  st: OPEN  evt: L2CEVT_L2CAP_DATA(0x14) psm: BT_PSM_HIDI(0x0013)
09-26 11:52:02.192 31661 31681 V bluetooth: system/stack/hid/hidh_conn.cc:701 hidh_l2cif_data_ind: HID-Host hidh_l2cif_data_ind [l2cap_cid=0x004c]
09-26 11:52:02.192 31661 31681 V bt_bta_hh: system/bta/hh/bta_hh_act.cc:1144 bta_hh_cback: HID_event [HID_HDEV_EVT_INTR_DATA]
09-26 11:52:02.192 31661 31681 V l2c_csm : system/stack/l2cap/l2c_csm.cc:1514 l2c_csm_open: Exit chnl_state=CST_OPEN [6], event=L2CEVT_L2CAP_DATA(0x14) [20]
09-26 11:52:02.192 31661 31681 V bt_bta_sys_main: system/bta/sys/bta_sys_main.cc:71 bta_sys_event: Event 0x1704
09-26 11:52:02.192 31661 31681 V bt_bta_hh: system/bta/hh/bta_hh_main.cc:174 bta_hh_sm_execute: State BTA_HH_CONN_ST(3), Event BTA_HH_INT_DATA_EVT(5892) for xx:xx:xx:xx:2b:83[public][BT_TRANSPORT_BR_EDR]
09-26 11:52:02.192 31661 31681 V bluetooth: system/btif/co/bta_hh_co.cc:773 bta_hh_co_data: dev_handle = 0
09-26 11:52:02.192 31661 31681 V bluetooth: system/btif/co/bta_hh_co.cc:653 bta_hh_co_write: UHID write 16
09-26 11:52:02.202 31661 31681 V l2c_csm : system/stack/l2cap/l2c_csm.cc:1335 l2c_csm_open: LCID: 0x004c  st: OPEN  evt: L2CEVT_L2CAP_DATA(0x14) psm: BT_PSM_HIDI(0x0013)
09-26 11:52:02.202 31661 31681 V bluetooth: system/stack/hid/hidh_conn.cc:701 hidh_l2cif_data_ind: HID-Host hidh_l2cif_data_ind [l2cap_cid=0x004c]
09-26 11:52:02.202 31661 31681 V bt_bta_hh: system/bta/hh/bta_hh_act.cc:1144 bta_hh_cback: HID_event [HID_HDEV_EVT_INTR_DATA]
09-26 11:52:02.202 31661 31681 V l2c_csm : system/stack/l2cap/l2c_csm.cc:1514 l2c_csm_open: Exit chnl_state=CST_OPEN [6], event=L2CEVT_L2CAP_DATA(0x14) [20]
09-26 11:52:02.202 31661 31681 V bt_bta_sys_main: system/bta/sys/bta_sys_main.cc:71 bta_sys_event: Event 0x1704
09-26 11:52:02.202 31661 31681 V bt_bta_hh: system/bta/hh/bta_hh_main.cc:174 bta_hh_sm_execute: State BTA_HH_CONN_ST(3), Event BTA_HH_INT_DATA_EVT(5892) for xx:xx:xx:xx:2b:83[public][BT_TRANSPORT_BR_EDR]
09-26 11:52:02.202 31661 31681 V bluetooth: system/btif/co/bta_hh_co.cc:773 bta_hh_co_data: dev_handle = 0
09-26 11:52:02.202 31661 31681 V bluetooth: system/btif/co/bta_hh_co.cc:653 bta_hh_co_write: UHID write 16
09-26 11:52:02.212 31661 31681 V l2c_csm : system/stack/l2cap/l2c_csm.cc:1335 l2c_csm_open: LCID: 0x004c  st: OPEN  evt: L2CEVT_L2CAP_DATA(0x14) psm: BT_PSM_HIDI(0x0013)
09-26 11:52:02.212 31661 31681 V bluetooth: system/stack/hid/hidh_conn.cc:701 hidh_l2cif_data_ind: HID-Host hidh_l2cif_data_ind [l2cap_cid=0x004c]
09-26 11:52:02.212 31661 31681 V bt_bta_hh: system/bta/hh/bta_hh_act.cc:1144 bta_hh_cback: HID_event [HID_HDEV_EVT_INTR_DATA]
09-26 11:52:02.212 31661 31681 V l2c_csm : system/stack/l2cap/l2c_csm.cc:1514 l2c_csm_open: Exit chnl_state=CST_OPEN [6], event=L2CEVT_L2CAP_DATA(0x14) [20]
09-26 11:52:02.212 31661 31681 V bt_bta_sys_main: system/bta/sys/bta_sys_main.cc:71 bta_sys_event: Event 0x1704
09-26 11:52:02.212 31661 31681 V bt_bta_hh: system/bta/hh/bta_hh_main.cc:174 bta_hh_sm_execute: State BTA_HH_CONN_ST(3), Event BTA_HH_INT_DATA_EVT(5892) for xx:xx:xx:xx:2b:83[public][BT_TRANSPORT_BR_EDR]
09-26 11:52:02.212 31661 31681 V bluetooth: system/btif/co/bta_hh_co.cc:773 bta_hh_co_data: dev_handle = 0
09-26 11:52:02.212 31661 31681 V bluetooth: system/btif/co/bta_hh_co.cc:653 bta_hh_co_write: UHID write 16
09-26 11:52:02.222 31661 31681 V l2c_csm : system/stack/l2cap/l2c_csm.cc:1335 l2c_csm_open: LCID: 0x004c  st: OPEN  evt: L2CEVT_L2CAP_DATA(0x14) psm: BT_PSM_HIDI(0x0013)
09-26 11:52:02.222 31661 31681 V bluetooth: system/stack/hid/hidh_conn.cc:701 hidh_l2cif_data_ind: HID-Host hidh_l2cif_data_ind [l2cap_cid=0x004c]
09-26 11:52:02.222 31661 31681 V bt_bta_hh: system/bta/hh/bta_hh_act.cc:1144 bta_hh_cback: HID_event [HID_HDEV_EVT_INTR_DATA]
09-26 11:52:02.222 31661 31681 V l2c_csm : system/stack/l2cap/l2c_csm.cc:1514 l2c_csm_open: Exit chnl_state=CST_OPEN [6], event=L2CEVT_L2CAP_DATA(0x14) [20]
09-26 11:52:02.222 31661 31681 V bt_bta_sys_main: system/bta/sys/bta_sys_main.cc:71 bta_sys_event: Event 0x1704
09-26 11:52:02.222 31661 31681 V bt_bta_hh: system/bta/hh/bta_hh_main.cc:174 bta_hh_sm_execute: State BTA_HH_CONN_ST(3), Event BTA_HH_INT_DATA_EVT(5892) for xx:xx:xx:xx:2b:83[public][BT_TRANSPORT_BR_EDR]
09-26 11:52:02.222 31661 31681 V bluetooth: system/btif/co/bta_hh_co.cc:773 bta_hh_co_data: dev_handle = 0
09-26 11:52:02.222 31661 31681 V bluetooth: system/btif/co/bta_hh_co.cc:653 bta_hh_co_write: UHID write 16
09-26 11:52:02.232 31661 31681 V l2c_csm : system/stack/l2cap/l2c_csm.cc:1335 l2c_csm_open: LCID: 0x004c  st: OPEN  evt: L2CEVT_L2CAP_DATA(0x14) psm: BT_PSM_HIDI(0x0013)
09-26 11:52:02.232 31661 31681 V bluetooth: system/stack/hid/hidh_conn.cc:701 hidh_l2cif_data_ind: HID-Host hidh_l2cif_data_ind [l2cap_cid=0x004c]
09-26 11:52:02.232 31661 31681 V bt_bta_hh: system/bta/hh/bta_hh_act.cc:1144 bta_hh_cback: HID_event [HID_HDEV_EVT_INTR_DATA]
09-26 11:52:02.232 31661 31681 V l2c_csm : system/stack/l2cap/l2c_csm.cc:1514 l2c_csm_open: Exit chnl_state=CST_OPEN [6], event=L2CEVT_L2CAP_DATA(0x14) [20]
09-26 11:52:02.232 31661 31681 V bt_bta_sys_main: system/bta/sys/bta_sys_main.cc:71 bta_sys_event: Event 0x1704
09-26 11:52:02.232 31661 31681 V bt_bta_hh: system/bta/hh/bta_hh_main.cc:174 bta_hh_sm_execute: State BTA_HH_CONN_ST(3), Event BTA_HH_INT_DATA_EVT(5892) for xx:xx:xx:xx:2b:83[public][BT_TRANSPORT_BR_EDR]
09-26 11:52:02.232 31661 31681 V bluetooth: system/btif/co/bta_hh_co.cc:773 bta_hh_co_data: dev_handle = 0
09-26 11:52:02.232 31661 31681 V bluetooth: system/btif/co/bta_hh_co.cc:653 bta_hh_co_write: UHID write 16
09-26 11:52:02.242 31661 31681 V l2c_csm : system/stack/l2cap/l2c_csm.cc:1335 l2c_csm_open: LCID: 0x004c  st: OPEN  evt: L2CEVT_L2CAP_DATA(0x14) psm: BT_PSM_HIDI(0x0013)
09-26 11:52:02.242 31661 31681 V bluetooth: system/stack/hid/hidh_conn.cc:701 hidh_l2cif_data_ind: HID-Host hidh_l2cif_data_ind [l2cap_cid=0x004c]
09-26 11:52:02.242 31661 31681 V bt_bta_hh: system/bta/hh/bta_hh_act.cc:1144 bta_hh_cback: HID_event [HID_HDEV_EVT_INTR_DATA]
09-26 11:52:02.242 31661 31681 V l2c_csm : system/stack/l2cap/l2c_csm.cc:1514 l2c_csm_open: Exit chnl_state=CST_OPEN [6], event=L2CEVT_L2CAP_DATA(0x14) [20]
09-26 11:52:02.242 31661 31681 V bt_bta_sys_main: system/bta/sys/bta_sys_main.cc:71 bta_sys_event: Event 0x1704
09-26 11:52:02.242 31661 31681 V bt_bta_hh: system/bta/hh/bta_hh_main.cc:174 bta_hh_sm_execute: State BTA_HH_CONN_ST(3), Event BTA_HH_INT_DATA_EVT(5892) for xx:xx:xx:xx:2b:83[public][BT_TRANSPORT_BR_EDR]
09-26 11:52:02.242 31661 31681 V bluetooth: system/btif/co/bta_hh_co.cc:773 bta_hh_co_data: dev_handle = 0
09-26 11:52:02.242 31661 31681 V bluetooth: system/btif/co/bta_hh_co.cc:653 bta_hh_co_write: UHID write 16
09-26 11:52:02.252 31661 31681 V l2c_csm : system/stack/l2cap/l2c_csm.cc:1335 l2c_csm_open: LCID: 0x004c  st: OPEN  evt: L2CEVT_L2CAP_DATA(0x14) psm: BT_PSM_HIDI(0x0013)
09-26 11:52:02.252 31661 31681 V bluetooth: system/stack/hid/hidh_conn.cc:701 hidh_l2cif_data_ind: HID-Host hidh_l2cif_data_ind [l2cap_cid=0x004c]
09-26 11:52:02.252 31661 31681 V bt_bta_hh: system/bta/hh/bta_hh_act.cc:1144 bta_hh_cback: HID_event [HID_HDEV_EVT_INTR_DATA]
09-26 11:52:02.252 31661 31681 V l2c_csm : system/stack/l2cap/l2c_csm.cc:1514 l2c_csm_open: Exit chnl_state=CST_OPEN [6], event=L2CEVT_L2CAP_DATA(0x14) [20]
09-26 11:52:02.252 31661 31681 V bt_bta_sys_main: system/bta/sys/bta_sys_main.cc:71 bta_sys_event: Event 0x1704
09-26 11:52:02.252 31661 31681 V bt_bta_hh: system/bta/hh/bta_hh_main.cc:174 bta_hh_sm_execute: State BTA_HH_CONN_ST(3), Event BTA_HH_INT_DATA_EVT(5892) for xx:xx:xx:xx:2b:83[public][BT_TRANSPORT_BR_EDR]
09-26 11:52:02.252 31661 31681 V bluetooth: system/btif/co/bta_hh_co.cc:773 bta_hh_co_data: dev_handle = 0
09-26 11:52:02.252 31661 31681 V bluetooth: system/btif/co/bta_hh_co.cc:653 bta_hh_co_write: UHID write 16
09-26 11:52:02.262 31661 31681 V l2c_csm : system/stack/l2cap/l2c_csm.cc:1335 l2c_csm_open: LCID: 0x004c  st: OPEN  evt: L2CEVT_L2CAP_DATA(0x14) psm: BT_PSM_HIDI(0x0013)
09-26 11:52:02.262 31661 31681 V bluetooth: system/stack/hid/hidh_conn.cc:701 hidh_l2cif_data_ind: HID-Host hidh_l2cif_data_ind [l2cap_cid=0x004c]
09-26 11:52:02.262 31661 31681 V bt_bta_hh: system/bta/hh/bta_hh_act.cc:1144 bta_hh_cback: HID_event [HID_HDEV_EVT_INTR_DATA]
09-26 11:52:02.262 31661 31681 V l2c_csm : system/stack/l2cap/l2c_csm.cc:1514 l2c_csm_open: Exit chnl_state=CST_OPEN [6], event=L2CEVT_L2CAP_DATA(0x14) [20]
09-26 11:52:02.262 31661 31681 V bt_bta_sys_main: system/bta/sys/bta_sys_main.cc:71 bta_sys_event: Event 0x1704
09-26 11:52:02.262 31661 31681 V bt_bta_hh: system/bta/hh/bta_hh_main.cc:174 bta_hh_sm_execute: State BTA_HH_CONN_ST(3), Event BTA_HH_INT_DATA_EVT(5892) for xx:xx:xx:xx:2b:83[public][BT_TRANSPORT_BR_EDR]
09-26 11:52:02.262 31661 31681 V bluetooth: system/btif/co/bta_hh_co.cc:773 bta_hh_co_data: dev_handle = 0
09-26 11:52:02.262 31661 31681 V bluetooth: system/btif/co/bta_hh_co.cc:653 bta_hh_co_write: UHID write 16
09-26 11:52:02.272 31661 31681 V l2c_csm : system/stack/l2cap/l2c_csm.cc:1335 l2c_csm_open: LCID: 0x004c  st: OPEN  evt: L2CEVT_L2CAP_DATA(0x14) psm: BT_PSM_HIDI(0x0013)
09-26 11:52:02.272 31661 31681 V bluetooth: system/stack/hid/hidh_conn.cc:701 hidh_l2cif_data_ind: HID-Host hidh_l2cif_data_ind [l2cap_cid=0x004c]
09-26 11:52:02.272 31661 31681 V bt_bta_hh: system/bta/hh/bta_hh_act.cc:1144 bta_hh_cback: HID_event [HID_HDEV_EVT_INTR_DATA]
09-26 11:52:02.272 31661 31681 V l2c_csm : system/stack/l2cap/l2c_csm.cc:1514 l2c_csm_open: Exit chnl_state=CST_OPEN [6], event=L2CEVT_L2CAP_DATA(0x14) [20]
09-26 11:52:02.272 31661 31681 V bt_bta_sys_main: system/bta/sys/bta_sys_main.cc:71 bta_sys_event: Event 0x1704
09-26 11:52:02.272 31661 31681 V bt_bta_hh: system/bta/hh/bta_hh_main.cc:174 bta_hh_sm_execute: State BTA_HH_CONN_ST(3), Event BTA_HH_INT_DATA_EVT(5892) for xx:xx:xx:xx:2b:83[public][BT_TRANSPORT_BR_EDR]
09-26 11:52:02.272 31661 31681 V bluetooth: system/btif/co/bta_hh_co.cc:773 bta_hh_co_data: dev_handle = 0
09-26 11:52:02.272 31661 31681 V bluetooth: system/btif/co/bta_hh_co.cc:653 bta_hh_co_write: UHID write 16
09-26 11:52:02.279  1616  1871 I SDM     : DisplayBase::CommitThread: Received idle timeout, panel: cmd, timeout: 70000 us
09-26 11:52:02.282 31661 31681 V l2c_csm : system/stack/l2cap/l2c_csm.cc:1335 l2c_csm_open: LCID: 0x004c  st: OPEN  evt: L2CEVT_L2CAP_DATA(0x14) psm: BT_PSM_HIDI(0x0013)
09-26 11:52:02.282 31661 31681 V bluetooth: system/stack/hid/hidh_conn.cc:701 hidh_l2cif_data_ind: HID-Host hidh_l2cif_data_ind [l2cap_cid=0x004c]
09-26 11:52:02.282 31661 31681 V bt_bta_hh: system/bta/hh/bta_hh_act.cc:1144 bta_hh_cback: HID_event [HID_HDEV_EVT_INTR_DATA]
09-26 11:52:02.282 31661 31681 V l2c_csm : system/stack/l2cap/l2c_csm.cc:1514 l2c_csm_open: Exit chnl_state=CST_OPEN [6], event=L2CEVT_L2CAP_DATA(0x14) [20]
09-26 11:52:02.282 31661 31681 V bt_bta_sys_main: system/bta/sys/bta_sys_main.cc:71 bta_sys_event: Event 0x1704
09-26 11:52:02.282 31661 31681 V bt_bta_hh: system/bta/hh/bta_hh_main.cc:174 bta_hh_sm_execute: State BTA_HH_CONN_ST(3), Event BTA_HH_INT_DATA_EVT(5892) for xx:xx:xx:xx:2b:83[public][BT_TRANSPORT_BR_EDR]
09-26 11:52:02.282 31661 31681 V bluetooth: system/btif/co/bta_hh_co.cc:773 bta_hh_co_data: dev_handle = 0
09-26 11:52:02.282 31661 31681 V bluetooth: system/btif/co/bta_hh_co.cc:653 bta_hh_co_write: UHID write 16
09-26 11:52:02.292 31661 31681 V l2c_csm : system/stack/l2cap/l2c_csm.cc:1335 l2c_csm_open: LCID: 0x004c  st: OPEN  evt: L2CEVT_L2CAP_DATA(0x14) psm: BT_PSM_HIDI(0x0013)
09-26 11:52:02.292 31661 31681 V bluetooth: system/stack/hid/hidh_conn.cc:701 hidh_l2cif_data_ind: HID-Host hidh_l2cif_data_ind [l2cap_cid=0x004c]
09-26 11:52:02.292 31661 31681 V bt_bta_hh: system/bta/hh/bta_hh_act.cc:1144 bta_hh_cback: HID_event [HID_HDEV_EVT_INTR_DATA]
09-26 11:52:02.292 31661 31681 V l2c_csm : system/stack/l2cap/l2c_csm.cc:1514 l2c_csm_open: Exit chnl_state=CST_OPEN [6], event=L2CEVT_L2CAP_DATA(0x14) [20]
09-26 11:52:02.292 31661 31681 V bt_bta_sys_main: system/bta/sys/bta_sys_main.cc:71 bta_sys_event: Event 0x1704
09-26 11:52:02.292 31661 31681 V bt_bta_hh: system/bta/hh/bta_hh_main.cc:174 bta_hh_sm_execute: State BTA_HH_CONN_ST(3), Event BTA_HH_INT_DATA_EVT(5892) for xx:xx:xx:xx:2b:83[public][BT_TRANSPORT_BR_EDR]
09-26 11:52:02.292 31661 31681 V bluetooth: system/btif/co/bta_hh_co.cc:773 bta_hh_co_data: dev_handle = 0
09-26 11:52:02.292 31661 31681 V bluetooth: system/btif/co/bta_hh_co.cc:653 bta_hh_co_write: UHID write 16
09-26 11:52:02.302 31661 31681 V l2c_csm : system/stack/l2cap/l2c_csm.cc:1335 l2c_csm_open: LCID: 0x004c  st: OPEN  evt: L2CEVT_L2CAP_DATA(0x14) psm: BT_PSM_HIDI(0x0013)
09-26 11:52:02.302 31661 31681 V bluetooth: system/stack/hid/hidh_conn.cc:701 hidh_l2cif_data_ind: HID-Host hidh_l2cif_data_ind [l2cap_cid=0x004c]
09-26 11:52:02.302 31661 31681 V bt_bta_hh: system/bta/hh/bta_hh_act.cc:1144 bta_hh_cback: HID_event [HID_HDEV_EVT_INTR_DATA]
09-26 11:52:02.302 31661 31681 V l2c_csm : system/stack/l2cap/l2c_csm.cc:1514 l2c_csm_open: Exit chnl_state=CST_OPEN [6], event=L2CEVT_L2CAP_DATA(0x14) [20]
09-26 11:52:02.302 31661 31681 V bt_bta_sys_main: system/bta/sys/bta_sys_main.cc:71 bta_sys_event: Event 0x1704
09-26 11:52:02.302 31661 31681 V bt_bta_hh: system/bta/hh/bta_hh_main.cc:174 bta_hh_sm_execute: State BTA_HH_CONN_ST(3), Event BTA_HH_INT_DATA_EVT(5892) for xx:xx:xx:xx:2b:83[public][BT_TRANSPORT_BR_EDR]
09-26 11:52:02.302 31661 31681 V bluetooth: system/btif/co/bta_hh_co.cc:773 bta_hh_co_data: dev_handle = 0
09-26 11:52:02.302 31661 31681 V bluetooth: system/btif/co/bta_hh_co.cc:653 bta_hh_co_write: UHID write 16
09-26 11:52:02.312 31661 31681 V l2c_csm : system/stack/l2cap/l2c_csm.cc:1335 l2c_csm_open: LCID: 0x004c  st: OPEN  evt: L2CEVT_L2CAP_DATA(0x14) psm: BT_PSM_HIDI(0x0013)
09-26 11:52:02.312 31661 31681 V bluetooth: system/stack/hid/hidh_conn.cc:701 hidh_l2cif_data_ind: HID-Host hidh_l2cif_data_ind [l2cap_cid=0x004c]
09-26 11:52:02.312 31661 31681 V bt_bta_hh: system/bta/hh/bta_hh_act.cc:1144 bta_hh_cback: HID_event [HID_HDEV_EVT_INTR_DATA]
09-26 11:52:02.312 31661 31681 V l2c_csm : system/stack/l2cap/l2c_csm.cc:1514 l2c_csm_open: Exit chnl_state=CST_OPEN [6], event=L2CEVT_L2CAP_DATA(0x14) [20]
09-26 11:52:02.312 31661 31681 V bt_bta_sys_main: system/bta/sys/bta_sys_main.cc:71 bta_sys_event: Event 0x1704
09-26 11:52:02.312 31661 31681 V bt_bta_hh: system/bta/hh/bta_hh_main.cc:174 bta_hh_sm_execute: State BTA_HH_CONN_ST(3), Event BTA_HH_INT_DATA_EVT(5892) for xx:xx:xx:xx:2b:83[public][BT_TRANSPORT_BR_EDR]
09-26 11:52:02.312 31661 31681 V bluetooth: system/btif/co/bta_hh_co.cc:773 bta_hh_co_data: dev_handle = 0
09-26 11:52:02.312 31661 31681 V bluetooth: system/btif/co/bta_hh_co.cc:653 bta_hh_co_write: UHID write 16
09-26 11:52:02.322 31661 31681 V l2c_csm : system/stack/l2cap/l2c_csm.cc:1335 l2c_csm_open: LCID: 0x004c  st: OPEN  evt: L2CEVT_L2CAP_DATA(0x14) psm: BT_PSM_HIDI(0x0013)
09-26 11:52:02.322 31661 31681 V bluetooth: system/stack/hid/hidh_conn.cc:701 hidh_l2cif_data_ind: HID-Host hidh_l2cif_data_ind [l2cap_cid=0x004c]
09-26 11:52:02.322 31661 31681 V bt_bta_hh: system/bta/hh/bta_hh_act.cc:1144 bta_hh_cback: HID_event [HID_HDEV_EVT_INTR_DATA]
09-26 11:52:02.322 31661 31681 V l2c_csm : system/stack/l2cap/l2c_csm.cc:1514 l2c_csm_open: Exit chnl_state=CST_OPEN [6], event=L2CEVT_L2CAP_DATA(0x14) [20]
09-26 11:52:02.322 31661 31681 V bt_bta_sys_main: system/bta/sys/bta_sys_main.cc:71 bta_sys_event: Event 0x1704
09-26 11:52:02.322 31661 31681 V bt_bta_hh: system/bta/hh/bta_hh_main.cc:174 bta_hh_sm_execute: State BTA_HH_CONN_ST(3), Event BTA_HH_INT_DATA_EVT(5892) for xx:xx:xx:xx:2b:83[public][BT_TRANSPORT_BR_EDR]
09-26 11:52:02.322 31661 31681 V bluetooth: system/btif/co/bta_hh_co.cc:773 bta_hh_co_data: dev_handle = 0
09-26 11:52:02.322 31661 31681 V bluetooth: system/btif/co/bta_hh_co.cc:653 bta_hh_co_write: UHID write 16
09-26 11:52:02.332 31661 31681 V l2c_csm : system/stack/l2cap/l2c_csm.cc:1335 l2c_csm_open: LCID: 0x004c  st: OPEN  evt: L2CEVT_L2CAP_DATA(0x14) psm: BT_PSM_HIDI(0x0013)
09-26 11:52:02.332 31661 31681 V bluetooth: system/stack/hid/hidh_conn.cc:701 hidh_l2cif_data_ind: HID-Host hidh_l2cif_data_ind [l2cap_cid=0x004c]
09-26 11:52:02.332 31661 31681 V bt_bta_hh: system/bta/hh/bta_hh_act.cc:1144 bta_hh_cback: HID_event [HID_HDEV_EVT_INTR_DATA]
09-26 11:52:02.332 31661 31681 V l2c_csm : system/stack/l2cap/l2c_csm.cc:1514 l2c_csm_open: Exit chnl_state=CST_OPEN [6], event=L2CEVT_L2CAP_DATA(0x14) [20]
09-26 11:52:02.332 31661 31681 V bt_bta_sys_main: system/bta/sys/bta_sys_main.cc:71 bta_sys_event: Event 0x1704
09-26 11:52:02.332 31661 31681 V bt_bta_hh: system/bta/hh/bta_hh_main.cc:174 bta_hh_sm_execute: State BTA_HH_CONN_ST(3), Event BTA_HH_INT_DATA_EVT(5892) for xx:xx:xx:xx:2b:83[public][BT_TRANSPORT_BR_EDR]
09-26 11:52:02.333 31661 31681 V bluetooth: system/btif/co/bta_hh_co.cc:773 bta_hh_co_data: dev_handle = 0
09-26 11:52:02.333 31661 31681 V bluetooth: system/btif/co/bta_hh_co.cc:653 bta_hh_co_write: UHID write 16
09-26 11:52:02.342 31661 31681 V l2c_csm : system/stack/l2cap/l2c_csm.cc:1335 l2c_csm_open: LCID: 0x004c  st: OPEN  evt: L2CEVT_L2CAP_DATA(0x14) psm: BT_PSM_HIDI(0x0013)
09-26 11:52:02.342 31661 31681 V bluetooth: system/stack/hid/hidh_conn.cc:701 hidh_l2cif_data_ind: HID-Host hidh_l2cif_data_ind [l2cap_cid=0x004c]
09-26 11:52:02.342 31661 31681 V bt_bta_hh: system/bta/hh/bta_hh_act.cc:1144 bta_hh_cback: HID_event [HID_HDEV_EVT_INTR_DATA]
09-26 11:52:02.342 31661 31681 V l2c_csm : system/stack/l2cap/l2c_csm.cc:1514 l2c_csm_open: Exit chnl_state=CST_OPEN [6], event=L2CEVT_L2CAP_DATA(0x14) [20]
09-26 11:52:02.342 31661 31681 V bt_bta_sys_main: system/bta/sys/bta_sys_main.cc:71 bta_sys_event: Event 0x1704
09-26 11:52:02.342 31661 31681 V bt_bta_hh: system/bta/hh/bta_hh_main.cc:174 bta_hh_sm_execute: State BTA_HH_CONN_ST(3), Event BTA_HH_INT_DATA_EVT(5892) for xx:xx:xx:xx:2b:83[public][BT_TRANSPORT_BR_EDR]
09-26 11:52:02.342 31661 31681 V bluetooth: system/btif/co/bta_hh_co.cc:773 bta_hh_co_data: dev_handle = 0
09-26 11:52:02.342 31661 31681 V bluetooth: system/btif/co/bta_hh_co.cc:653 bta_hh_co_write: UHID write 16
09-26 11:52:02.352 31661 31681 V l2c_csm : system/stack/l2cap/l2c_csm.cc:1335 l2c_csm_open: LCID: 0x004c  st: OPEN  evt: L2CEVT_L2CAP_DATA(0x14) psm: BT_PSM_HIDI(0x0013)
09-26 11:52:02.352 31661 31681 V bluetooth: system/stack/hid/hidh_conn.cc:701 hidh_l2cif_data_ind: HID-Host hidh_l2cif_data_ind [l2cap_cid=0x004c]
09-26 11:52:02.352 31661 31681 V bt_bta_hh: system/bta/hh/bta_hh_act.cc:1144 bta_hh_cback: HID_event [HID_HDEV_EVT_INTR_DATA]
09-26 11:52:02.352 31661 31681 V l2c_csm : system/stack/l2cap/l2c_csm.cc:1514 l2c_csm_open: Exit chnl_state=CST_OPEN [6], event=L2CEVT_L2CAP_DATA(0x14) [20]
09-26 11:52:02.352 31661 31681 V bt_bta_sys_main: system/bta/sys/bta_sys_main.cc:71 bta_sys_event: Event 0x1704
09-26 11:52:02.352 31661 31681 V bt_bta_hh: system/bta/hh/bta_hh_main.cc:174 bta_hh_sm_execute: State BTA_HH_CONN_ST(3), Event BTA_HH_INT_DATA_EVT(5892) for xx:xx:xx:xx:2b:83[public][BT_TRANSPORT_BR_EDR]
09-26 11:52:02.352 31661 31681 V bluetooth: system/btif/co/bta_hh_co.cc:773 bta_hh_co_data: dev_handle = 0
09-26 11:52:02.352 31661 31681 V bluetooth: system/btif/co/bta_hh_co.cc:653 bta_hh_co_write: UHID write 16
09-26 11:52:02.362 31661 31681 V l2c_csm : system/stack/l2cap/l2c_csm.cc:1335 l2c_csm_open: LCID: 0x004c  st: OPEN  evt: L2CEVT_L2CAP_DATA(0x14) psm: BT_PSM_HIDI(0x0013)
09-26 11:52:02.362 31661 31681 V bluetooth: system/stack/hid/hidh_conn.cc:701 hidh_l2cif_data_ind: HID-Host hidh_l2cif_data_ind [l2cap_cid=0x004c]
09-26 11:52:02.362 31661 31681 V bt_bta_hh: system/bta/hh/bta_hh_act.cc:1144 bta_hh_cback: HID_event [HID_HDEV_EVT_INTR_DATA]
09-26 11:52:02.362 31661 31681 V l2c_csm : system/stack/l2cap/l2c_csm.cc:1514 l2c_csm_open: Exit chnl_state=CST_OPEN [6], event=L2CEVT_L2CAP_DATA(0x14) [20]
09-26 11:52:02.362 31661 31681 V bt_bta_sys_main: system/bta/sys/bta_sys_main.cc:71 bta_sys_event: Event 0x1704
09-26 11:52:02.362 31661 31681 V bt_bta_hh: system/bta/hh/bta_hh_main.cc:174 bta_hh_sm_execute: State BTA_HH_CONN_ST(3), Event BTA_HH_INT_DATA_EVT(5892) for xx:xx:xx:xx:2b:83[public][BT_TRANSPORT_BR_EDR]
09-26 11:52:02.362 31661 31681 V bluetooth: system/btif/co/bta_hh_co.cc:773 bta_hh_co_data: dev_handle = 0
09-26 11:52:02.362 31661 31681 V bluetooth: system/btif/co/bta_hh_co.cc:653 bta_hh_co_write: UHID write 16
09-26 11:52:02.367 14961 15002 D S3PERF  : crosscheck ui_snapshot_fps=9.19886 ui_snapshot_frametime_ms=68.358
09-26 11:52:02.372 31661 31681 V l2c_csm : system/stack/l2cap/l2c_csm.cc:1335 l2c_csm_open: LCID: 0x004c  st: OPEN  evt: L2CEVT_L2CAP_DATA(0x14) psm: BT_PSM_HIDI(0x0013)
09-26 11:52:02.372 31661 31681 V bluetooth: system/stack/hid/hidh_conn.cc:701 hidh_l2cif_data_ind: HID-Host hidh_l2cif_data_ind [l2cap_cid=0x004c]
09-26 11:52:02.372 31661 31681 V bt_bta_hh: system/bta/hh/bta_hh_act.cc:1144 bta_hh_cback: HID_event [HID_HDEV_EVT_INTR_DATA]
09-26 11:52:02.372 31661 31681 V l2c_csm : system/stack/l2cap/l2c_csm.cc:1514 l2c_csm_open: Exit chnl_state=CST_OPEN [6], event=L2CEVT_L2CAP_DATA(0x14) [20]
09-26 11:52:02.372 31661 31681 V bt_bta_sys_main: system/bta/sys/bta_sys_main.cc:71 bta_sys_event: Event 0x1704
09-26 11:52:02.372 31661 31681 V bt_bta_hh: system/bta/hh/bta_hh_main.cc:174 bta_hh_sm_execute: State BTA_HH_CONN_ST(3), Event BTA_HH_INT_DATA_EVT(5892) for xx:xx:xx:xx:2b:83[public][BT_TRANSPORT_BR_EDR]
09-26 11:52:02.372 31661 31681 V bluetooth: system/btif/co/bta_hh_co.cc:773 bta_hh_co_data: dev_handle = 0
09-26 11:52:02.372 31661 31681 V bluetooth: system/btif/co/bta_hh_co.cc:653 bta_hh_co_write: UHID write 16
09-26 11:52:02.379 14961 23120 D RPCS3   : sys_tty_write(ch=0, buf=*0x58bf20, len=63, pwritelen=*0xd000fde0)
09-26 11:52:02.380 14961 23120 D RPCS3   : sys_tty_write(): “BATCHJOB: AddJob: waiting for room in job list 3 for job 56...“ << endl
09-26 11:52:02.383 31661 31681 V l2c_csm : system/stack/l2cap/l2c_csm.cc:1335 l2c_csm_open: LCID: 0x004c  st: OPEN  evt: L2CEVT_L2CAP_DATA(0x14) psm: BT_PSM_HIDI(0x0013)
09-26 11:52:02.383 31661 31681 V bluetooth: system/stack/hid/hidh_conn.cc:701 hidh_l2cif_data_ind: HID-Host hidh_l2cif_data_ind [l2cap_cid=0x004c]
09-26 11:52:02.383 31661 31681 V bt_bta_hh: system/bta/hh/bta_hh_act.cc:1144 bta_hh_cback: HID_event [HID_HDEV_EVT_INTR_DATA]
09-26 11:52:02.383 31661 31681 V l2c_csm : system/stack/l2cap/l2c_csm.cc:1514 l2c_csm_open: Exit chnl_state=CST_OPEN [6], event=L2CEVT_L2CAP_DATA(0x14) [20]
09-26 11:52:02.383 31661 31681 V bt_bta_sys_main: system/bta/sys/bta_sys_main.cc:71 bta_sys_event: Event 0x1704
09-26 11:52:02.383 31661 31681 V bt_bta_hh: system/bta/hh/bta_hh_main.cc:174 bta_hh_sm_execute: State BTA_HH_CONN_ST(3), Event BTA_HH_INT_DATA_EVT(5892) for xx:xx:xx:xx:2b:83[public][BT_TRANSPORT_BR_EDR]
09-26 11:52:02.383 31661 31681 V bluetooth: system/btif/co/bta_hh_co.cc:773 bta_hh_co_data: dev_handle = 0
09-26 11:52:02.383 31661 31681 V bluetooth: system/btif/co/bta_hh_co.cc:653 bta_hh_co_write: UHID write 16
09-26 11:52:02.392 31661 31681 V l2c_csm : system/stack/l2cap/l2c_csm.cc:1335 l2c_csm_open: LCID: 0x004c  st: OPEN  evt: L2CEVT_L2CAP_DATA(0x14) psm: BT_PSM_HIDI(0x0013)
09-26 11:52:02.392 31661 31681 V bluetooth: system/stack/hid/hidh_conn.cc:701 hidh_l2cif_data_ind: HID-Host hidh_l2cif_data_ind [l2cap_cid=0x004c]
09-26 11:52:02.392 31661 31681 V bt_bta_hh: system/bta/hh/bta_hh_act.cc:1144 bta_hh_cback: HID_event [HID_HDEV_EVT_INTR_DATA]
09-26 11:52:02.392 31661 31681 V l2c_csm : system/stack/l2cap/l2c_csm.cc:1514 l2c_csm_open: Exit chnl_state=CST_OPEN [6], event=L2CEVT_L2CAP_DATA(0x14) [20]
09-26 11:52:02.392 31661 31681 V bt_bta_sys_main: system/bta/sys/bta_sys_main.cc:71 bta_sys_event: Event 0x1704
09-26 11:52:02.392 31661 31681 V bt_bta_hh: system/bta/hh/bta_hh_main.cc:174 bta_hh_sm_execute: State BTA_HH_CONN_ST(3), Event BTA_HH_INT_DATA_EVT(5892) for xx:xx:xx:xx:2b:83[public][BT_TRANSPORT_BR_EDR]
09-26 11:52:02.392 31661 31681 V bluetooth: system/btif/co/bta_hh_co.cc:773 bta_hh_co_data: dev_handle = 0
09-26 11:52:02.392 31661 31681 V bluetooth: system/btif/co/bta_hh_co.cc:653 bta_hh_co_write: UHID write 16
09-26 11:52:02.402 31661 31681 V l2c_csm : system/stack/l2cap/l2c_csm.cc:1335 l2c_csm_open: LCID: 0x004c  st: OPEN  evt: L2CEVT_L2CAP_DATA(0x14) psm: BT_PSM_HIDI(0x0013)
09-26 11:52:02.402 31661 31681 V bluetooth: system/stack/hid/hidh_conn.cc:701 hidh_l2cif_data_ind: HID-Host hidh_l2cif_data_ind [l2cap_cid=0x004c]
09-26 11:52:02.402 31661 31681 V bt_bta_hh: system/bta/hh/bta_hh_act.cc:1144 bta_hh_cback: HID_event [HID_HDEV_EVT_INTR_DATA]
09-26 11:52:02.402 31661 31681 V l2c_csm : system/stack/l2cap/l2c_csm.cc:1514 l2c_csm_open: Exit chnl_state=CST_OPEN [6], event=L2CEVT_L2CAP_DATA(0x14) [20]
09-26 11:52:02.402 31661 31681 V bt_bta_sys_main: system/bta/sys/bta_sys_main.cc:71 bta_sys_event: Event 0x1704
09-26 11:52:02.402 31661 31681 V bt_bta_hh: system/bta/hh/bta_hh_main.cc:174 bta_hh_sm_execute: State BTA_HH_CONN_ST(3), Event BTA_HH_INT_DATA_EVT(5892) for xx:xx:xx:xx:2b:83[public][BT_TRANSPORT_BR_EDR]
09-26 11:52:02.402 31661 31681 V bluetooth: system/btif/co/bta_hh_co.cc:773 bta_hh_co_data: dev_handle = 0
09-26 11:52:02.402 31661 31681 V bluetooth: system/btif/co/bta_hh_co.cc:653 bta_hh_co_write: UHID write 16
09-26 11:52:02.412 31661 31681 V l2c_csm : system/stack/l2cap/l2c_csm.cc:1335 l2c_csm_open: LCID: 0x004c  st: OPEN  evt: L2CEVT_L2CAP_DATA(0x14) psm: BT_PSM_HIDI(0x0013)
09-26 11:52:02.412 31661 31681 V bluetooth: system/stack/hid/hidh_conn.cc:701 hidh_l2cif_data_ind: HID-Host hidh_l2cif_data_ind [l2cap_cid=0x004c]
09-26 11:52:02.412 31661 31681 V bt_bta_hh: system/bta/hh/bta_hh_act.cc:1144 bta_hh_cback: HID_event [HID_HDEV_EVT_INTR_DATA]
09-26 11:52:02.412 31661 31681 V l2c_csm : system/stack/l2cap/l2c_csm.cc:1514 l2c_csm_open: Exit chnl_state=CST_OPEN [6], event=L2CEVT_L2CAP_DATA(0x14) [20]
09-26 11:52:02.412 31661 31681 V bt_bta_sys_main: system/bta/sys/bta_sys_main.cc:71 bta_sys_event: Event 0x1704
09-26 11:52:02.412 31661 31681 V bt_bta_hh: system/bta/hh/bta_hh_main.cc:174 bta_hh_sm_execute: State BTA_HH_CONN_ST(3), Event BTA_HH_INT_DATA_EVT(5892) for xx:xx:xx:xx:2b:83[public][BT_TRANSPORT_BR_EDR]
09-26 11:52:02.412 31661 31681 V bluetooth: system/btif/co/bta_hh_co.cc:773 bta_hh_co_data: dev_handle = 0
09-26 11:52:02.412 31661 31681 V bluetooth: system/btif/co/bta_hh_co.cc:653 bta_hh_co_write: UHID write 16
09-26 11:52:02.422 31661 31681 V l2c_csm : system/stack/l2cap/l2c_csm.cc:1335 l2c_csm_open: LCID: 0x004c  st: OPEN  evt: L2CEVT_L2CAP_DATA(0x14) psm: BT_PSM_HIDI(0x0013)
09-26 11:52:02.422 31661 31681 V bluetooth: system/stack/hid/hidh_conn.cc:701 hidh_l2cif_data_ind: HID-Host hidh_l2cif_data_ind [l2cap_cid=0x004c]
09-26 11:52:02.422 31661 31681 V bt_bta_hh: system/bta/hh/bta_hh_act.cc:1144 bta_hh_cback: HID_event [HID_HDEV_EVT_INTR_DATA]
09-26 11:52:02.422 31661 31681 V l2c_csm : system/stack/l2cap/l2c_csm.cc:1514 l2c_csm_open: Exit chnl_state=CST_OPEN [6], event=L2CEVT_L2CAP_DATA(0x14) [20]
09-26 11:52:02.422 31661 31681 V bt_bta_sys_main: system/bta/sys/bta_sys_main.cc:71 bta_sys_event: Event 0x1704
09-26 11:52:02.422 31661 31681 V bt_bta_hh: system/bta/hh/bta_hh_main.cc:174 bta_hh_sm_execute: State BTA_HH_CONN_ST(3), Event BTA_HH_INT_DATA_EVT(5892) for xx:xx:xx:xx:2b:83[public][BT_TRANSPORT_BR_EDR]
09-26 11:52:02.422 31661 31681 V bluetooth: system/btif/co/bta_hh_co.cc:773 bta_hh_co_data: dev_handle = 0
09-26 11:52:02.422 31661 31681 V bluetooth: system/btif/co/bta_hh_co.cc:653 bta_hh_co_write: UHID write 16
09-26 11:52:02.432 31661 31681 V l2c_csm : system/stack/l2cap/l2c_csm.cc:1335 l2c_csm_open: LCID: 0x004c  st: OPEN  evt: L2CEVT_L2CAP_DATA(0x14) psm: BT_PSM_HIDI(0x0013)
09-26 11:52:02.432 31661 31681 V bluetooth: system/stack/hid/hidh_conn.cc:701 hidh_l2cif_data_ind: HID-Host hidh_l2cif_data_ind [l2cap_cid=0x004c]
09-26 11:52:02.432 31661 31681 V bt_bta_hh: system/bta/hh/bta_hh_act.cc:1144 bta_hh_cback: HID_event [HID_HDEV_EVT_INTR_DATA]
09-26 11:52:02.432 31661 31681 V l2c_csm : system/stack/l2cap/l2c_csm.cc:1514 l2c_csm_open: Exit chnl_state=CST_OPEN [6], event=L2CEVT_L2CAP_DATA(0x14) [20]
09-26 11:52:02.432 31661 31681 V bt_bta_sys_main: system/bta/sys/bta_sys_main.cc:71 bta_sys_event: Event 0x1704
09-26 11:52:02.432 31661 31681 V bt_bta_hh: system/bta/hh/bta_hh_main.cc:174 bta_hh_sm_execute: State BTA_HH_CONN_ST(3), Event BTA_HH_INT_DATA_EVT(5892) for xx:xx:xx:xx:2b:83[public][BT_TRANSPORT_BR_EDR]
09-26 11:52:02.432 31661 31681 V bluetooth: system/btif/co/bta_hh_co.cc:773 bta_hh_co_data: dev_handle = 0
09-26 11:52:02.432 31661 31681 V bluetooth: system/btif/co/bta_hh_co.cc:653 bta_hh_co_write: UHID write 16
09-26 11:52:02.442 31661 31681 V l2c_csm : system/stack/l2cap/l2c_csm.cc:1335 l2c_csm_open: LCID: 0x004c  st: OPEN  evt: L2CEVT_L2CAP_DATA(0x14) psm: BT_PSM_HIDI(0x0013)
09-26 11:52:02.442 31661 31681 V bluetooth: system/stack/hid/hidh_conn.cc:701 hidh_l2cif_data_ind: HID-Host hidh_l2cif_data_ind [l2cap_cid=0x004c]
09-26 11:52:02.442 31661 31681 V bt_bta_hh: system/bta/hh/bta_hh_act.cc:1144 bta_hh_cback: HID_event [HID_HDEV_EVT_INTR_DATA]
09-26 11:52:02.442 31661 31681 V l2c_csm : system/stack/l2cap/l2c_csm.cc:1514 l2c_csm_open: Exit chnl_state=CST_OPEN [6], event=L2CEVT_L2CAP_DATA(0x14) [20]
09-26 11:52:02.442 31661 31681 V bt_bta_sys_main: system/bta/sys/bta_sys_main.cc:71 bta_sys_event: Event 0x1704
09-26 11:52:02.442 31661 31681 V bt_bta_hh: system/bta/hh/bta_hh_main.cc:174 bta_hh_sm_execute: State BTA_HH_CONN_ST(3), Event BTA_HH_INT_DATA_EVT(5892) for xx:xx:xx:xx:2b:83[public][BT_TRANSPORT_BR_EDR]
09-26 11:52:02.442 31661 31681 V bluetooth: system/btif/co/bta_hh_co.cc:773 bta_hh_co_data: dev_handle = 0
09-26 11:52:02.442 31661 31681 V bluetooth: system/btif/co/bta_hh_co.cc:653 bta_hh_co_write: UHID write 16
09-26 11:52:02.452 31661 31681 V l2c_csm : system/stack/l2cap/l2c_csm.cc:1335 l2c_csm_open: LCID: 0x004c  st: OPEN  evt: L2CEVT_L2CAP_DATA(0x14) psm: BT_PSM_HIDI(0x0013)
09-26 11:52:02.452 31661 31681 V bluetooth: system/stack/hid/hidh_conn.cc:701 hidh_l2cif_data_ind: HID-Host hidh_l2cif_data_ind [l2cap_cid=0x004c]
09-26 11:52:02.452 31661 31681 V bt_bta_hh: system/bta/hh/bta_hh_act.cc:1144 bta_hh_cback: HID_event [HID_HDEV_EVT_INTR_DATA]
09-26 11:52:02.452 31661 31681 V l2c_csm : system/stack/l2cap/l2c_csm.cc:1514 l2c_csm_open: Exit chnl_state=CST_OPEN [6], event=L2CEVT_L2CAP_DATA(0x14) [20]
09-26 11:52:02.452 31661 31681 V bt_bta_sys_main: system/bta/sys/bta_sys_main.cc:71 bta_sys_event: Event 0x1704
09-26 11:52:02.452 31661 31681 V bt_bta_hh: system/bta/hh/bta_hh_main.cc:174 bta_hh_sm_execute: State BTA_HH_CONN_ST(3), Event BTA_HH_INT_DATA_EVT(5892) for xx:xx:xx:xx:2b:83[public][BT_TRANSPORT_BR_EDR]
09-26 11:52:02.452 31661 31681 V bluetooth: system/btif/co/bta_hh_co.cc:773 bta_hh_co_data: dev_handle = 0
09-26 11:52:02.452 31661 31681 V bluetooth: system/btif/co/bta_hh_co.cc:653 bta_hh_co_write: UHID write 16
09-26 11:52:02.462 31661 31681 V l2c_csm : system/stack/l2cap/l2c_csm.cc:1335 l2c_csm_open: LCID: 0x004c  st: OPEN  evt: L2CEVT_L2CAP_DATA(0x14) psm: BT_PSM_HIDI(0x0013)
09-26 11:52:02.462 31661 31681 V bluetooth: system/stack/hid/hidh_conn.cc:701 hidh_l2cif_data_ind: HID-Host hidh_l2cif_data_ind [l2cap_cid=0x004c]
09-26 11:52:02.462 31661 31681 V bt_bta_hh: system/bta/hh/bta_hh_act.cc:1144 bta_hh_cback: HID_event [HID_HDEV_EVT_INTR_DATA]
09-26 11:52:02.462 31661 31681 V l2c_csm : system/stack/l2cap/l2c_csm.cc:1514 l2c_csm_open: Exit chnl_state=CST_OPEN [6], event=L2CEVT_L2CAP_DATA(0x14) [20]
09-26 11:52:02.462 31661 31681 V bt_bta_sys_main: system/bta/sys/bta_sys_main.cc:71 bta_sys_event: Event 0x1704
09-26 11:52:02.462 31661 31681 V bt_bta_hh: system/bta/hh/bta_hh_main.cc:174 bta_hh_sm_execute: State BTA_HH_CONN_ST(3), Event BTA_HH_INT_DATA_EVT(5892) for xx:xx:xx:xx:2b:83[public][BT_TRANSPORT_BR_EDR]
09-26 11:52:02.462 31661 31681 V bluetooth: system/btif/co/bta_hh_co.cc:773 bta_hh_co_data: dev_handle = 0
09-26 11:52:02.462 31661 31681 V bluetooth: system/btif/co/bta_hh_co.cc:653 bta_hh_co_write: UHID write 16
09-26 11:52:02.463  1561  1561 I android.hardware.power-service-qti: Power setBoost: 0, duration: 0
09-26 11:52:02.464  1561  1561 E QTI PowerHAL: Failed to acquire lock.
09-26 11:52:02.464  1561  1561 E QTI PowerHAL: Failed process_boost for boost_handle
09-26 11:52:02.464  1621  1722 E ANDR-PERF-RESOURCEQS: ANDR-PERF-RESOURCEQS: AddAndApply() 125: Resource with major=16, minor=30 not supported
09-26 11:52:02.464  1621  1722 E ANDR-PERF-RESOURCEQS: ANDR-PERF-RESOURCEQS: AddAndApply() 125: Resource with major=16, minor=31 not supported
09-26 11:52:02.466 14961 14961 I S3PAD   : classify name='Xbox Wireless Controller' vid=1118 pid=736 sources=16778513 keyboardType=1 -> GAMEPAD/XBOX reason=gamepad-capability-or-identity
09-26 11:52:02.466 14961 14961 D S3PAD   : deviceKey via descriptor
09-26 11:52:02.466 14961 14961 I S3PAD   : classify name='Xbox Wireless Controller' vid=1118 pid=736 sources=16778513 keyboardType=1 -> GAMEPAD/XBOX reason=gamepad-capability-or-identity
09-26 11:52:02.466 14961 14961 D S3PAD   : deviceKey via descriptor
09-26 11:52:02.466 14961 14961 I S3PAD   : classify name='Xbox Wireless Controller' vid=1118 pid=736 sources=16778513 keyboardType=1 -> GAMEPAD/XBOX reason=gamepad-capability-or-identity
09-26 11:52:02.466 14961 14961 D S3PAD   : deviceKey via descriptor
09-26 11:52:02.467 14961 14961 I S3PAD   : classify name='Xbox Wireless Controller' vid=1118 pid=736 sources=16778513 keyboardType=1 -> GAMEPAD/XBOX reason=gamepad-capability-or-identity
09-26 11:52:02.467 14961 14961 D S3PAD   : deviceKey via descriptor
09-26 11:52:02.472 31661 31681 V l2c_csm : system/stack/l2cap/l2c_csm.cc:1335 l2c_csm_open: LCID: 0x004c  st: OPEN  evt: L2CEVT_L2CAP_DATA(0x14) psm: BT_PSM_HIDI(0x0013)
09-26 11:52:02.472 31661 31681 V bluetooth: system/stack/hid/hidh_conn.cc:701 hidh_l2cif_data_ind: HID-Host hidh_l2cif_data_ind [l2cap_cid=0x004c]
09-26 11:52:02.472 31661 31681 V bt_bta_hh: system/bta/hh/bta_hh_act.cc:1144 bta_hh_cback: HID_event [HID_HDEV_EVT_INTR_DATA]
09-26 11:52:02.472 31661 31681 V l2c_csm : system/stack/l2cap/l2c_csm.cc:1514 l2c_csm_open: Exit chnl_state=CST_OPEN [6], event=L2CEVT_L2CAP_DATA(0x14) [20]
09-26 11:52:02.472 31661 31681 V bt_bta_sys_main: system/bta/sys/bta_sys_main.cc:71 bta_sys_event: Event 0x1704
09-26 11:52:02.472 31661 31681 V bt_bta_hh: system/bta/hh/bta_hh_main.cc:174 bta_hh_sm_execute: State BTA_HH_CONN_ST(3), Event BTA_HH_INT_DATA_EVT(5892) for xx:xx:xx:xx:2b:83[public][BT_TRANSPORT_BR_EDR]
09-26 11:52:02.472 31661 31681 V bluetooth: system/btif/co/bta_hh_co.cc:773 bta_hh_co_data: dev_handle = 0
09-26 11:52:02.472 31661 31681 V bluetooth: system/btif/co/bta_hh_co.cc:653 bta_hh_co_write: UHID write 16
09-26 11:52:02.482 31661 31681 V l2c_csm : system/stack/l2cap/l2c_csm.cc:1335 l2c_csm_open: LCID: 0x004c  st: OPEN  evt: L2CEVT_L2CAP_DATA(0x14) psm: BT_PSM_HIDI(0x0013)
09-26 11:52:02.482 31661 31681 V bluetooth: system/stack/hid/hidh_conn.cc:701 hidh_l2cif_data_ind: HID-Host hidh_l2cif_data_ind [l2cap_cid=0x004c]
09-26 11:52:02.482 31661 31681 V bt_bta_hh: system/bta/hh/bta_hh_act.cc:1144 bta_hh_cback: HID_event [HID_HDEV_EVT_INTR_DATA]
09-26 11:52:02.482 31661 31681 V l2c_csm : system/stack/l2cap/l2c_csm.cc:1514 l2c_csm_open: Exit chnl_state=CST_OPEN [6], event=L2CEVT_L2CAP_DATA(0x14) [20]
09-26 11:52:02.482 31661 31681 V bt_bta_sys_main: system/bta/sys/bta_sys_main.cc:71 bta_sys_event: Event 0x1704
09-26 11:52:02.482 31661 31681 V bt_bta_hh: system/bta/hh/bta_hh_main.cc:174 bta_hh_sm_execute: State BTA_HH_CONN_ST(3), Event BTA_HH_INT_DATA_EVT(5892) for xx:xx:xx:xx:2b:83[public][BT_TRANSPORT_BR_EDR]
09-26 11:52:02.482 31661 31681 V bluetooth: system/btif/co/bta_hh_co.cc:773 bta_hh_co_data: dev_handle = 0
09-26 11:52:02.482 31661 31681 V bluetooth: system/btif/co/bta_hh_co.cc:653 bta_hh_co_write: UHID write 16
09-26 11:52:02.492 31661 31681 V l2c_csm : system/stack/l2cap/l2c_csm.cc:1335 l2c_csm_open: LCID: 0x004c  st: OPEN  evt: L2CEVT_L2CAP_DATA(0x14) psm: BT_PSM_HIDI(0x0013)
09-26 11:52:02.492 31661 31681 V bluetooth: system/stack/hid/hidh_conn.cc:701 hidh_l2cif_data_ind: HID-Host hidh_l2cif_data_ind [l2cap_cid=0x004c]
09-26 11:52:02.492 31661 31681 V bt_bta_hh: system/bta/hh/bta_hh_act.cc:1144 bta_hh_cback: HID_event [HID_HDEV_EVT_INTR_DATA]
09-26 11:52:02.492 31661 31681 V l2c_csm : system/stack/l2cap/l2c_csm.cc:1514 l2c_csm_open: Exit chnl_state=CST_OPEN [6], event=L2CEVT_L2CAP_DATA(0x14) [20]
09-26 11:52:02.492 31661 31681 V bt_bta_sys_main: system/bta/sys/bta_sys_main.cc:71 bta_sys_event: Event 0x1704
09-26 11:52:02.492 31661 31681 V bt_bta_hh: system/bta/hh/bta_hh_main.cc:174 bta_hh_sm_execute: State BTA_HH_CONN_ST(3), Event BTA_HH_INT_DATA_EVT(5892) for xx:xx:xx:xx:2b:83[public][BT_TRANSPORT_BR_EDR]
09-26 11:52:02.492 31661 31681 V bluetooth: system/btif/co/bta_hh_co.cc:773 bta_hh_co_data: dev_handle = 0
09-26 11:52:02.492 31661 31681 V bluetooth: system/btif/co/bta_hh_co.cc:653 bta_hh_co_write: UHID write 16
09-26 11:52:02.501  1616  1871 I SDM     : DisplayBase::CommitThread: Received idle timeout, panel: cmd, timeout: 70000 us
09-26 11:52:02.502 31661 31681 V l2c_csm : system/stack/l2cap/l2c_csm.cc:1335 l2c_csm_open: LCID: 0x004c  st: OPEN  evt: L2CEVT_L2CAP_DATA(0x14) psm: BT_PSM_HIDI(0x0013)
09-26 11:52:02.502 31661 31681 V bluetooth: system/stack/hid/hidh_conn.cc:701 hidh_l2cif_data_ind: HID-Host hidh_l2cif_data_ind [l2cap_cid=0x004c]
09-26 11:52:02.502 31661 31681 V bt_bta_hh: system/bta/hh/bta_hh_act.cc:1144 bta_hh_cback: HID_event [HID_HDEV_EVT_INTR_DATA]
09-26 11:52:02.502 31661 31681 V l2c_csm : system/stack/l2cap/l2c_csm.cc:1514 l2c_csm_open: Exit chnl_state=CST_OPEN [6], event=L2CEVT_L2CAP_DATA(0x14) [20]
09-26 11:52:02.502 31661 31681 V bt_bta_sys_main: system/bta/sys/bta_sys_main.cc:71 bta_sys_event: Event 0x1704
09-26 11:52:02.502 31661 31681 V bt_bta_hh: system/bta/hh/bta_hh_main.cc:174 bta_hh_sm_execute: State BTA_HH_CONN_ST(3), Event BTA_HH_INT_DATA_EVT(5892) for xx:xx:xx:xx:2b:83[public][BT_TRANSPORT_BR_EDR]
09-26 11:52:02.502 31661 31681 V bluetooth: system/btif/co/bta_hh_co.cc:773 bta_hh_co_data: dev_handle = 0
09-26 11:52:02.502 31661 31681 V bluetooth: system/btif/co/bta_hh_co.cc:653 bta_hh_co_write: UHID write 16
09-26 11:52:02.512 31661 31681 V l2c_csm : system/stack/l2cap/l2c_csm.cc:1335 l2c_csm_open: LCID: 0x004c  st: OPEN  evt: L2CEVT_L2CAP_DATA(0x14) psm: BT_PSM_HIDI(0x0013)
09-26 11:52:02.512 31661 31681 V bluetooth: system/stack/hid/hidh_conn.cc:701 hidh_l2cif_data_ind: HID-Host hidh_l2cif_data_ind [l2cap_cid=0x004c]
09-26 11:52:02.512 31661 31681 V bt_bta_hh: system/bta/hh/bta_hh_act.cc:1144 bta_hh_cback: HID_event [HID_HDEV_EVT_INTR_DATA]
09-26 11:52:02.512 31661 31681 V l2c_csm : system/stack/l2cap/l2c_csm.cc:1514 l2c_csm_open: Exit chnl_state=CST_OPEN [6], event=L2CEVT_L2CAP_DATA(0x14) [20]
09-26 11:52:02.512 31661 31681 V bt_bta_sys_main: system/bta/sys/bta_sys_main.cc:71 bta_sys_event: Event 0x1704
09-26 11:52:02.512 31661 31681 V bt_bta_hh: system/bta/hh/bta_hh_main.cc:174 bta_hh_sm_execute: State BTA_HH_CONN_ST(3), Event BTA_HH_INT_DATA_EVT(5892) for xx:xx:xx:xx:2b:83[public][BT_TRANSPORT_BR_EDR]
09-26 11:52:02.512 31661 31681 V bluetooth: system/btif/co/bta_hh_co.cc:773 bta_hh_co_data: dev_handle = 0
09-26 11:52:02.512 31661 31681 V bluetooth: system/btif/co/bta_hh_co.cc:653 bta_hh_co_write: UHID write 16
09-26 11:52:02.522 31661 31681 V l2c_csm : system/stack/l2cap/l2c_csm.cc:1335 l2c_csm_open: LCID: 0x004c  st: OPEN  evt: L2CEVT_L2CAP_DATA(0x14) psm: BT_PSM_HIDI(0x0013)
09-26 11:52:02.522 31661 31681 V bluetooth: system/stack/hid/hidh_conn.cc:701 hidh_l2cif_data_ind: HID-Host hidh_l2cif_data_ind [l2cap_cid=0x004c]
09-26 11:52:02.522 31661 31681 V bt_bta_hh: system/bta/hh/bta_hh_act.cc:1144 bta_hh_cback: HID_event [HID_HDEV_EVT_INTR_DATA]
09-26 11:52:02.522 31661 31681 V l2c_csm : system/stack/l2cap/l2c_csm.cc:1514 l2c_csm_open: Exit chnl_state=CST_OPEN [6], event=L2CEVT_L2CAP_DATA(0x14) [20]
09-26 11:52:02.522 31661 31681 V bt_bta_sys_main: system/bta/sys/bta_sys_main.cc:71 bta_sys_event: Event 0x1704
09-26 11:52:02.522 31661 31681 V bt_bta_hh: system/bta/hh/bta_hh_main.cc:174 bta_hh_sm_execute: State BTA_HH_CONN_ST(3), Event BTA_HH_INT_DATA_EVT(5892) for xx:xx:xx:xx:2b:83[public][BT_TRANSPORT_BR_EDR]
09-26 11:52:02.522 31661 31681 V bluetooth: system/btif/co/bta_hh_co.cc:773 bta_hh_co_data: dev_handle = 0
09-26 11:52:02.522 31661 31681 V bluetooth: system/btif/co/bta_hh_co.cc:653 bta_hh_co_write: UHID write 16
09-26 11:52:02.532 31661 31681 V l2c_csm : system/stack/l2cap/l2c_csm.cc:1335 l2c_csm_open: LCID: 0x004c  st: OPEN  evt: L2CEVT_L2CAP_DATA(0x14) psm: BT_PSM_HIDI(0x0013)
09-26 11:52:02.532 31661 31681 V bluetooth: system/stack/hid/hidh_conn.cc:701 hidh_l2cif_data_ind: HID-Host hidh_l2cif_data_ind [l2cap_cid=0x004c]
09-26 11:52:02.532 31661 31681 V bt_bta_hh: system/bta/hh/bta_hh_act.cc:1144 bta_hh_cback: HID_event [HID_HDEV_EVT_INTR_DATA]
09-26 11:52:02.532 31661 31681 V l2c_csm : system/stack/l2cap/l2c_csm.cc:1514 l2c_csm_open: Exit chnl_state=CST_OPEN [6], event=L2CEVT_L2CAP_DATA(0x14) [20]
09-26 11:52:02.532 31661 31681 V bt_bta_sys_main: system/bta/sys/bta_sys_main.cc:71 bta_sys_event: Event 0x1704
09-26 11:52:02.532 31661 31681 V bt_bta_hh: system/bta/hh/bta_hh_main.cc:174 bta_hh_sm_execute: State BTA_HH_CONN_ST(3), Event BTA_HH_INT_DATA_EVT(5892) for xx:xx:xx:xx:2b:83[public][BT_TRANSPORT_BR_EDR]
09-26 11:52:02.532 31661 31681 V bluetooth: system/btif/co/bta_hh_co.cc:773 bta_hh_co_data: dev_handle = 0
09-26 11:52:02.532 31661 31681 V bluetooth: system/btif/co/bta_hh_co.cc:653 bta_hh_co_write: UHID write 16
09-26 11:52:02.542 31661 31681 V l2c_csm : system/stack/l2cap/l2c_csm.cc:1335 l2c_csm_open: LCID: 0x004c  st: OPEN  evt: L2CEVT_L2CAP_DATA(0x14) psm: BT_PSM_HIDI(0x0013)
09-26 11:52:02.542 31661 31681 V bluetooth: system/stack/hid/hidh_conn.cc:701 hidh_l2cif_data_ind: HID-Host hidh_l2cif_data_ind [l2cap_cid=0x004c]
09-26 11:52:02.542 31661 31681 V bt_bta_hh: system/bta/hh/bta_hh_act.cc:1144 bta_hh_cback: HID_event [HID_HDEV_EVT_INTR_DATA]
09-26 11:52:02.542 31661 31681 V l2c_csm : system/stack/l2cap/l2c_csm.cc:1514 l2c_csm_open: Exit chnl_state=CST_OPEN [6], event=L2CEVT_L2CAP_DATA(0x14) [20]
09-26 11:52:02.542 31661 31681 V bt_bta_sys_main: system/bta/sys/bta_sys_main.cc:71 bta_sys_event: Event 0x1704
09-26 11:52:02.542 31661 31681 V bt_bta_hh: system/bta/hh/bta_hh_main.cc:174 bta_hh_sm_execute: State BTA_HH_CONN_ST(3), Event BTA_HH_INT_DATA_EVT(5892) for xx:xx:xx:xx:2b:83[public][BT_TRANSPORT_BR_EDR]
09-26 11:52:02.542 31661 31681 V bluetooth: system/btif/co/bta_hh_co.cc:773 bta_hh_co_data: dev_handle = 0
09-26 11:52:02.542 31661 31681 V bluetooth: system/btif/co/bta_hh_co.cc:653 bta_hh_co_write: UHID write 16
09-26 11:52:02.553 31661 31681 V l2c_csm : system/stack/l2cap/l2c_csm.cc:1335 l2c_csm_open: LCID: 0x004c  st: OPEN  evt: L2CEVT_L2CAP_DATA(0x14) psm: BT_PSM_HIDI(0x0013)
09-26 11:52:02.553 31661 31681 V bluetooth: system/stack/hid/hidh_conn.cc:701 hidh_l2cif_data_ind: HID-Host hidh_l2cif_data_ind [l2cap_cid=0x004c]
09-26 11:52:02.553 31661 31681 V bt_bta_hh: system/bta/hh/bta_hh_act.cc:1144 bta_hh_cback: HID_event [HID_HDEV_EVT_INTR_DATA]
09-26 11:52:02.553 31661 31681 V l2c_csm : system/stack/l2cap/l2c_csm.cc:1514 l2c_csm_open: Exit chnl_state=CST_OPEN [6], event=L2CEVT_L2CAP_DATA(0x14) [20]
09-26 11:52:02.553 31661 31681 V bt_bta_sys_main: system/bta/sys/bta_sys_main.cc:71 bta_sys_event: Event 0x1704
09-26 11:52:02.553 31661 31681 V bt_bta_hh: system/bta/hh/bta_hh_main.cc:174 bta_hh_sm_execute: State BTA_HH_CONN_ST(3), Event BTA_HH_INT_DATA_EVT(5892) for xx:xx:xx:xx:2b:83[public][BT_TRANSPORT_BR_EDR]
09-26 11:52:02.553 31661 31681 V bluetooth: system/btif/co/bta_hh_co.cc:773 bta_hh_co_data: dev_handle = 0
09-26 11:52:02.553 31661 31681 V bluetooth: system/btif/co/bta_hh_co.cc:653 bta_hh_co_write: UHID write 16
09-26 11:52:02.562 31661 31681 V l2c_csm : system/stack/l2cap/l2c_csm.cc:1335 l2c_csm_open: LCID: 0x004c  st: OPEN  evt: L2CEVT_L2CAP_DATA(0x14) psm: BT_PSM_HIDI(0x0013)
09-26 11:52:02.562 31661 31681 V bluetooth: system/stack/hid/hidh_conn.cc:701 hidh_l2cif_data_ind: HID-Host hidh_l2cif_data_ind [l2cap_cid=0x004c]
09-26 11:52:02.562 31661 31681 V bt_bta_hh: system/bta/hh/bta_hh_act.cc:1144 bta_hh_cback: HID_event [HID_HDEV_EVT_INTR_DATA]
09-26 11:52:02.562 31661 31681 V l2c_csm : system/stack/l2cap/l2c_csm.cc:1514 l2c_csm_open: Exit chnl_state=CST_OPEN [6], event=L2CEVT_L2CAP_DATA(0x14) [20]
09-26 11:52:02.562 31661 31681 V bt_bta_sys_main: system/bta/sys/bta_sys_main.cc:71 bta_sys_event: Event 0x1704
09-26 11:52:02.562 31661 31681 V bt_bta_hh: system/bta/hh/bta_hh_main.cc:174 bta_hh_sm_execute: State BTA_HH_CONN_ST(3), Event BTA_HH_INT_DATA_EVT(5892) for xx:xx:xx:xx:2b:83[public][BT_TRANSPORT_BR_EDR]
09-26 11:52:02.562 31661 31681 V bluetooth: system/btif/co/bta_hh_co.cc:773 bta_hh_co_data: dev_handle = 0
09-26 11:52:02.562 31661 31681 V bluetooth: system/btif/co/bta_hh_co.cc:653 bta_hh_co_write: UHID write 16
09-26 11:52:02.573 31661 31681 V l2c_csm : system/stack/l2cap/l2c_csm.cc:1335 l2c_csm_open: LCID: 0x004c  st: OPEN  evt: L2CEVT_L2CAP_DATA(0x14) psm: BT_PSM_HIDI(0x0013)
09-26 11:52:02.573 31661 31681 V bluetooth: system/stack/hid/hidh_conn.cc:701 hidh_l2cif_data_ind: HID-Host hidh_l2cif_data_ind [l2cap_cid=0x004c]
09-26 11:52:02.573 31661 31681 V bt_bta_hh: system/bta/hh/bta_hh_act.cc:1144 bta_hh_cback: HID_event [HID_HDEV_EVT_INTR_DATA]
09-26 11:52:02.573 31661 31681 V l2c_csm : system/stack/l2cap/l2c_csm.cc:1514 l2c_csm_open: Exit chnl_state=CST_OPEN [6], event=L2CEVT_L2CAP_DATA(0x14) [20]
09-26 11:52:02.573 31661 31681 V bt_bta_sys_main: system/bta/sys/bta_sys_main.cc:71 bta_sys_event: Event 0x1704
09-26 11:52:02.573 31661 31681 V bt_bta_hh: system/bta/hh/bta_hh_main.cc:174 bta_hh_sm_execute: State BTA_HH_CONN_ST(3), Event BTA_HH_INT_DATA_EVT(5892) for xx:xx:xx:xx:2b:83[public][BT_TRANSPORT_BR_EDR]
09-26 11:52:02.573 31661 31681 V bluetooth: system/btif/co/bta_hh_co.cc:773 bta_hh_co_data: dev_handle = 0
09-26 11:52:02.573 31661 31681 V bluetooth: system/btif/co/bta_hh_co.cc:653 bta_hh_co_write: UHID write 16
09-26 11:52:02.582 31661 31681 V l2c_csm : system/stack/l2cap/l2c_csm.cc:1335 l2c_csm_open: LCID: 0x004c  st: OPEN  evt: L2CEVT_L2CAP_DATA(0x14) psm: BT_PSM_HIDI(0x0013)
09-26 11:52:02.582 31661 31681 V bluetooth: system/stack/hid/hidh_conn.cc:701 hidh_l2cif_data_ind: HID-Host hidh_l2cif_data_ind [l2cap_cid=0x004c]
09-26 11:52:02.582 31661 31681 V bt_bta_hh: system/bta/hh/bta_hh_act.cc:1144 bta_hh_cback: HID_event [HID_HDEV_EVT_INTR_DATA]
09-26 11:52:02.582 31661 31681 V l2c_csm : system/stack/l2cap/l2c_csm.cc:1514 l2c_csm_open: Exit chnl_state=CST_OPEN [6], event=L2CEVT_L2CAP_DATA(0x14) [20]
09-26 11:52:02.582 31661 31681 V bt_bta_sys_main: system/bta/sys/bta_sys_main.cc:71 bta_sys_event: Event 0x1704
09-26 11:52:02.582 31661 31681 V bt_bta_hh: system/bta/hh/bta_hh_main.cc:174 bta_hh_sm_execute: State BTA_HH_CONN_ST(3), Event BTA_HH_INT_DATA_EVT(5892) for xx:xx:xx:xx:2b:83[public][BT_TRANSPORT_BR_EDR]
09-26 11:52:02.582 31661 31681 V bluetooth: system/btif/co/bta_hh_co.cc:773 bta_hh_co_data: dev_handle = 0
09-26 11:52:02.582 31661 31681 V bluetooth: system/btif/co/bta_hh_co.cc:653 bta_hh_co_write: UHID write 16
09-26 11:52:02.592 31661 31681 V l2c_csm : system/stack/l2cap/l2c_csm.cc:1335 l2c_csm_open: LCID: 0x004c  st: OPEN  evt: L2CEVT_L2CAP_DATA(0x14) psm: BT_PSM_HIDI(0x0013)
09-26 11:52:02.592 31661 31681 V bluetooth: system/stack/hid/hidh_conn.cc:701 hidh_l2cif_data_ind: HID-Host hidh_l2cif_data_ind [l2cap_cid=0x004c]
09-26 11:52:02.592 31661 31681 V bt_bta_hh: system/bta/hh/bta_hh_act.cc:1144 bta_hh_cback: HID_event [HID_HDEV_EVT_INTR_DATA]
09-26 11:52:02.592 31661 31681 V l2c_csm : system/stack/l2cap/l2c_csm.cc:1514 l2c_csm_open: Exit chnl_state=CST_OPEN [6], event=L2CEVT_L2CAP_DATA(0x14) [20]
09-26 11:52:02.592 31661 31681 V bt_bta_sys_main: system/bta/sys/bta_sys_main.cc:71 bta_sys_event: Event 0x1704
09-26 11:52:02.592 31661 31681 V bt_bta_hh: system/bta/hh/bta_hh_main.cc:174 bta_hh_sm_execute: State BTA_HH_CONN_ST(3), Event BTA_HH_INT_DATA_EVT(5892) for xx:xx:xx:xx:2b:83[public][BT_TRANSPORT_BR_EDR]
09-26 11:52:02.592 31661 31681 V bluetooth: system/btif/co/bta_hh_co.cc:773 bta_hh_co_data: dev_handle = 0
09-26 11:52:02.592 31661 31681 V bluetooth: system/btif/co/bta_hh_co.cc:653 bta_hh_co_write: UHID write 16
09-26 11:52:02.593  1616  1871 I SDM     : DisplayBase::CommitThread: Received idle timeout, panel: cmd, timeout: 70000 us
09-26 11:52:02.602 31661 31681 V l2c_csm : system/stack/l2cap/l2c_csm.cc:1335 l2c_csm_open: LCID: 0x004c  st: OPEN  evt: L2CEVT_L2CAP_DATA(0x14) psm: BT_PSM_HIDI(0x0013)
09-26 11:52:02.602 31661 31681 V bluetooth: system/stack/hid/hidh_conn.cc:701 hidh_l2cif_data_ind: HID-Host hidh_l2cif_data_ind [l2cap_cid=0x004c]
09-26 11:52:02.602 31661 31681 V bt_bta_hh: system/bta/hh/bta_hh_act.cc:1144 bta_hh_cback: HID_event [HID_HDEV_EVT_INTR_DATA]
09-26 11:52:02.602 31661 31681 V l2c_csm : system/stack/l2cap/l2c_csm.cc:1514 l2c_csm_open: Exit chnl_state=CST_OPEN [6], event=L2CEVT_L2CAP_DATA(0x14) [20]
09-26 11:52:02.602 31661 31681 V bt_bta_sys_main: system/bta/sys/bta_sys_main.cc:71 bta_sys_event: Event 0x1704
09-26 11:52:02.602 31661 31681 V bt_bta_hh: system/bta/hh/bta_hh_main.cc:174 bta_hh_sm_execute: State BTA_HH_CONN_ST(3), Event BTA_HH_INT_DATA_EVT(5892) for xx:xx:xx:xx:2b:83[public][BT_TRANSPORT_BR_EDR]
09-26 11:52:02.602 31661 31681 V bluetooth: system/btif/co/bta_hh_co.cc:773 bta_hh_co_data: dev_handle = 0
09-26 11:52:02.602 31661 31681 V bluetooth: system/btif/co/bta_hh_co.cc:653 bta_hh_co_write: UHID write 16
09-26 11:52:02.612 31661 31681 V l2c_csm : system/stack/l2cap/l2c_csm.cc:1335 l2c_csm_open: LCID: 0x004c  st: OPEN  evt: L2CEVT_L2CAP_DATA(0x14) psm: BT_PSM_HIDI(0x0013)
09-26 11:52:02.612 31661 31681 V bluetooth: system/stack/hid/hidh_conn.cc:701 hidh_l2cif_data_ind: HID-Host hidh_l2cif_data_ind [l2cap_cid=0x004c]
09-26 11:52:02.612 31661 31681 V bt_bta_hh: system/bta/hh/bta_hh_act.cc:1144 bta_hh_cback: HID_event [HID_HDEV_EVT_INTR_DATA]
09-26 11:52:02.612 31661 31681 V l2c_csm : system/stack/l2cap/l2c_csm.cc:1514 l2c_csm_open: Exit chnl_state=CST_OPEN [6], event=L2CEVT_L2CAP_DATA(0x14) [20]
09-26 11:52:02.612 31661 31681 V bt_bta_sys_main: system/bta/sys/bta_sys_main.cc:71 bta_sys_event: Event 0x1704
09-26 11:52:02.612 31661 31681 V bt_bta_hh: system/bta/hh/bta_hh_main.cc:174 bta_hh_sm_execute: State BTA_HH_CONN_ST(3), Event BTA_HH_INT_DATA_EVT(5892) for xx:xx:xx:xx:2b:83[public][BT_TRANSPORT_BR_EDR]
09-26 11:52:02.612 31661 31681 V bluetooth: system/btif/co/bta_hh_co.cc:773 bta_hh_co_data: dev_handle = 0
09-26 11:52:02.612 31661 31681 V bluetooth: system/btif/co/bta_hh_co.cc:653 bta_hh_co_write: UHID write 16
09-26 11:52:02.622 31661 31681 V l2c_csm : system/stack/l2cap/l2c_csm.cc:1335 l2c_csm_open: LCID: 0x004c  st: OPEN  evt: L2CEVT_L2CAP_DATA(0x14) psm: BT_PSM_HIDI(0x0013)
09-26 11:52:02.622 31661 31681 V bluetooth: system/stack/hid/hidh_conn.cc:701 hidh_l2cif_data_ind: HID-Host hidh_l2cif_data_ind [l2cap_cid=0x004c]
09-26 11:52:02.622 31661 31681 V bt_bta_hh: system/bta/hh/bta_hh_act.cc:1144 bta_hh_cback: HID_event [HID_HDEV_EVT_INTR_DATA]
09-26 11:52:02.622 31661 31681 V l2c_csm : system/stack/l2cap/l2c_csm.cc:1514 l2c_csm_open: Exit chnl_state=CST_OPEN [6], event=L2CEVT_L2CAP_DATA(0x14) [20]
09-26 11:52:02.622 31661 31681 V bt_bta_sys_main: system/bta/sys/bta_sys_main.cc:71 bta_sys_event: Event 0x1704
09-26 11:52:02.622 31661 31681 V bt_bta_hh: system/bta/hh/bta_hh_main.cc:174 bta_hh_sm_execute: State BTA_HH_CONN_ST(3), Event BTA_HH_INT_DATA_EVT(5892) for xx:xx:xx:xx:2b:83[public][BT_TRANSPORT_BR_EDR]
09-26 11:52:02.622 31661 31681 V bluetooth: system/btif/co/bta_hh_co.cc:773 bta_hh_co_data: dev_handle = 0
09-26 11:52:02.622 31661 31681 V bluetooth: system/btif/co/bta_hh_co.cc:653 bta_hh_co_write: UHID write 16
09-26 11:52:02.632 31661 31681 V l2c_csm : system/stack/l2cap/l2c_csm.cc:1335 l2c_csm_open: LCID: 0x004c  st: OPEN  evt: L2CEVT_L2CAP_DATA(0x14) psm: BT_PSM_HIDI(0x0013)
09-26 11:52:02.632 31661 31681 V bluetooth: system/stack/hid/hidh_conn.cc:701 hidh_l2cif_data_ind: HID-Host hidh_l2cif_data_ind [l2cap_cid=0x004c]
09-26 11:52:02.632 31661 31681 V bt_bta_hh: system/bta/hh/bta_hh_act.cc:1144 bta_hh_cback: HID_event [HID_HDEV_EVT_INTR_DATA]
09-26 11:52:02.632 31661 31681 V l2c_csm : system/stack/l2cap/l2c_csm.cc:1514 l2c_csm_open: Exit chnl_state=CST_OPEN [6], event=L2CEVT_L2CAP_DATA(0x14) [20]
09-26 11:52:02.632 31661 31681 V bt_bta_sys_main: system/bta/sys/bta_sys_main.cc:71 bta_sys_event: Event 0x1704
09-26 11:52:02.632 31661 31681 V bt_bta_hh: system/bta/hh/bta_hh_main.cc:174 bta_hh_sm_execute: State BTA_HH_CONN_ST(3), Event BTA_HH_INT_DATA_EVT(5892) for xx:xx:xx:xx:2b:83[public][BT_TRANSPORT_BR_EDR]
09-26 11:52:02.632 31661 31681 V bluetooth: system/btif/co/bta_hh_co.cc:773 bta_hh_co_data: dev_handle = 0
09-26 11:52:02.632 31661 31681 V bluetooth: system/btif/co/bta_hh_co.cc:653 bta_hh_co_write: UHID write 16
09-26 11:52:02.642 31661 31681 V l2c_csm : system/stack/l2cap/l2c_csm.cc:1335 l2c_csm_open: LCID: 0x004c  st: OPEN  evt: L2CEVT_L2CAP_DATA(0x14) psm: BT_PSM_HIDI(0x0013)
09-26 11:52:02.642 31661 31681 V bluetooth: system/stack/hid/hidh_conn.cc:701 hidh_l2cif_data_ind: HID-Host hidh_l2cif_data_ind [l2cap_cid=0x004c]
09-26 11:52:02.642 31661 31681 V bt_bta_hh: system/bta/hh/bta_hh_act.cc:1144 bta_hh_cback: HID_event [HID_HDEV_EVT_INTR_DATA]
09-26 11:52:02.642 31661 31681 V l2c_csm : system/stack/l2cap/l2c_csm.cc:1514 l2c_csm_open: Exit chnl_state=CST_OPEN [6], event=L2CEVT_L2CAP_DATA(0x14) [20]
09-26 11:52:02.642 31661 31681 V bt_bta_sys_main: system/bta/sys/bta_sys_main.cc:71 bta_sys_event: Event 0x1704
09-26 11:52:02.642 31661 31681 V bt_bta_hh: system/bta/hh/bta_hh_main.cc:174 bta_hh_sm_execute: State BTA_HH_CONN_ST(3), Event BTA_HH_INT_DATA_EVT(5892) for xx:xx:xx:xx:2b:83[public][BT_TRANSPORT_BR_EDR]
09-26 11:52:02.642 31661 31681 V bluetooth: system/btif/co/bta_hh_co.cc:773 bta_hh_co_data: dev_handle = 0
09-26 11:52:02.642 31661 31681 V bluetooth: system/btif/co/bta_hh_co.cc:653 bta_hh_co_write: UHID write 16
09-26 11:52:02.648 14961 23120 D RPCS3   : sys_tty_write(ch=0, buf=*0x58bf20, len=63, pwritelen=*0xd000fde0)
09-26 11:52:02.649 14961 23120 D RPCS3   : sys_tty_write(): “BATCHJOB: AddJob: waiting for room in job list 3 for job 56...“ << endl
09-26 11:52:02.654  1621  5332 E ANDR-PERF-LM: SilkyScrolls: emptyContentDetection() 762: empty Content found
09-26 11:52:02.655 31661 31681 V l2c_csm : system/stack/l2cap/l2c_csm.cc:1335 l2c_csm_open: LCID: 0x004c  st: OPEN  evt: L2CEVT_L2CAP_DATA(0x14) psm: BT_PSM_HIDI(0x0013)
09-26 11:52:02.655 31661 31681 V bluetooth: system/stack/hid/hidh_conn.cc:701 hidh_l2cif_data_ind: HID-Host hidh_l2cif_data_ind [l2cap_cid=0x004c]
09-26 11:52:02.655 31661 31681 V bt_bta_hh: system/bta/hh/bta_hh_act.cc:1144 bta_hh_cback: HID_event [HID_HDEV_EVT_INTR_DATA]
09-26 11:52:02.655 31661 31681 V l2c_csm : system/stack/l2cap/l2c_csm.cc:1514 l2c_csm_open: Exit chnl_state=CST_OPEN [6], event=L2CEVT_L2CAP_DATA(0x14) [20]
09-26 11:52:02.655 31661 31681 V bt_bta_sys_main: system/bta/sys/bta_sys_main.cc:71 bta_sys_event: Event 0x1704
09-26 11:52:02.655 31661 31681 V bt_bta_hh: system/bta/hh/bta_hh_main.cc:174 bta_hh_sm_execute: State BTA_HH_CONN_ST(3), Event BTA_HH_INT_DATA_EVT(5892) for xx:xx:xx:xx:2b:83[public][BT_TRANSPORT_BR_EDR]
09-26 11:52:02.655 31661 31681 V bluetooth: system/btif/co/bta_hh_co.cc:773 bta_hh_co_data: dev_handle = 0
09-26 11:52:02.655 31661 31681 V bluetooth: system/btif/co/bta_hh_co.cc:653 bta_hh_co_write: UHID write 16
09-26 11:52:02.655 14741 14741 D BoundBrokerSvc: onUnbind: Intent { act=com.google.android.gms.libs.gmscorelogger.service.START dat=chimera-action:/... xflg=0x4 cmp=com.google.android.gms/.chimera.PersistentDirectBootAwareApiService }
09-26 11:52:02.656  1695  1792 D BatteryChargeControl: bcc get no support from charging protocol
09-26 11:52:02.662 31661 31681 V l2c_csm : system/stack/l2cap/l2c_csm.cc:1335 l2c_csm_open: LCID: 0x004c  st: OPEN  evt: L2CEVT_L2CAP_DATA(0x14) psm: BT_PSM_HIDI(0x0013)
09-26 11:52:02.662 31661 31681 V bluetooth: system/stack/hid/hidh_conn.cc:701 hidh_l2cif_data_ind: HID-Host hidh_l2cif_data_ind [l2cap_cid=0x004c]
09-26 11:52:02.662 31661 31681 V bt_bta_hh: system/bta/hh/bta_hh_act.cc:1144 bta_hh_cback: HID_event [HID_HDEV_EVT_INTR_DATA]
09-26 11:52:02.662 31661 31681 V l2c_csm : system/stack/l2cap/l2c_csm.cc:1514 l2c_csm_open: Exit chnl_state=CST_OPEN [6], event=L2CEVT_L2CAP_DATA(0x14) [20]
09-26 11:52:02.662 31661 31681 V bt_bta_sys_main: system/bta/sys/bta_sys_main.cc:71 bta_sys_event: Event 0x1704
09-26 11:52:02.662 31661 31681 V bt_bta_hh: system/bta/hh/bta_hh_main.cc:174 bta_hh_sm_execute: State BTA_HH_CONN_ST(3), Event BTA_HH_INT_DATA_EVT(5892) for xx:xx:xx:xx:2b:83[public][BT_TRANSPORT_BR_EDR]
09-26 11:52:02.662 31661 31681 V bluetooth: system/btif/co/bta_hh_co.cc:773 bta_hh_co_data: dev_handle = 0
09-26 11:52:02.662 31661 31681 V bluetooth: system/btif/co/bta_hh_co.cc:653 bta_hh_co_write: UHID write 16
09-26 11:52:02.672 14961 15002 D S3PERF  : crosscheck source=surface presented=6591 json_fps=8.60473 json_frametime_ms=132.893
09-26 11:52:02.672 31661 31681 V l2c_csm : system/stack/l2cap/l2c_csm.cc:1335 l2c_csm_open: LCID: 0x004c  st: OPEN  evt: L2CEVT_L2CAP_DATA(0x14) psm: BT_PSM_HIDI(0x0013)
09-26 11:52:02.672 31661 31681 V bluetooth: system/stack/hid/hidh_conn.cc:701 hidh_l2cif_data_ind: HID-Host hidh_l2cif_data_ind [l2cap_cid=0x004c]
09-26 11:52:02.672 31661 31681 V bt_bta_hh: system/bta/hh/bta_hh_act.cc:1144 bta_hh_cback: HID_event [HID_HDEV_EVT_INTR_DATA]
09-26 11:52:02.672 31661 31681 V l2c_csm : system/stack/l2cap/l2c_csm.cc:1514 l2c_csm_open: Exit chnl_state=CST_OPEN [6], event=L2CEVT_L2CAP_DATA(0x14) [20]
09-26 11:52:02.672 31661 31681 V bt_bta_sys_main: system/bta/sys/bta_sys_main.cc:71 bta_sys_event: Event 0x1704
09-26 11:52:02.672 31661 31681 V bt_bta_hh: system/bta/hh/bta_hh_main.cc:174 bta_hh_sm_execute: State BTA_HH_CONN_ST(3), Event BTA_HH_INT_DATA_EVT(5892) for xx:xx:xx:xx:2b:83[public][BT_TRANSPORT_BR_EDR]
09-26 11:52:02.672 31661 31681 V bluetooth: system/btif/co/bta_hh_co.cc:773 bta_hh_co_data: dev_handle = 0
09-26 11:52:02.672 31661 31681 V bluetooth: system/btif/co/bta_hh_co.cc:653 bta_hh_co_write: UHID write 16
09-26 11:52:02.682 31661 31681 V l2c_csm : system/stack/l2cap/l2c_csm.cc:1335 l2c_csm_open: LCID: 0x004c  st: OPEN  evt: L2CEVT_L2CAP_DATA(0x14) psm: BT_PSM_HIDI(0x0013)
09-26 11:52:02.682 31661 31681 V bluetooth: system/stack/hid/hidh_conn.cc:701 hidh_l2cif_data_ind: HID-Host hidh_l2cif_data_ind [l2cap_cid=0x004c]
09-26 11:52:02.682 31661 31681 V bt_bta_hh: system/bta/hh/bta_hh_act.cc:1144 bta_hh_cback: HID_event [HID_HDEV_EVT_INTR_DATA]
09-26 11:52:02.682 31661 31681 V l2c_csm : system/stack/l2cap/l2c_csm.cc:1514 l2c_csm_open: Exit chnl_state=CST_OPEN [6], event=L2CEVT_L2CAP_DATA(0x14) [20]
09-26 11:52:02.682 31661 31681 V bt_bta_sys_main: system/bta/sys/bta_sys_main.cc:71 bta_sys_event: Event 0x1704
09-26 11:52:02.682 31661 31681 V bt_bta_hh: system/bta/hh/bta_hh_main.cc:174 bta_hh_sm_execute: State BTA_HH_CONN_ST(3), Event BTA_HH_INT_DATA_EVT(5892) for xx:xx:xx:xx:2b:83[public][BT_TRANSPORT_BR_EDR]
09-26 11:52:02.682 31661 31681 V bluetooth: system/btif/co/bta_hh_co.cc:773 bta_hh_co_data: dev_handle = 0
09-26 11:52:02.682 31661 31681 V bluetooth: system/btif/co/bta_hh_co.cc:653 bta_hh_co_write: UHID write 16
09-26 11:52:02.683  1561  1561 I android.hardware.power-service-qti: Power setBoost: 0, duration: 0
09-26 11:52:02.685 14961 14961 I S3PAD   : classify name='Xbox Wireless Controller' vid=1118 pid=736 sources=16778513 keyboardType=1 -> GAMEPAD/XBOX reason=gamepad-capability-or-identity
09-26 11:52:02.685 14961 14961 D S3PAD   : deviceKey via descriptor
09-26 11:52:02.685 14961 14961 I S3PAD   : classify name='Xbox Wireless Controller' vid=1118 pid=736 sources=16778513 keyboardType=1 -> GAMEPAD/XBOX reason=gamepad-capability-or-identity
09-26 11:52:02.685 14961 14961 D S3PAD   : deviceKey via descriptor
09-26 11:52:02.685 14961 14961 I S3PAD   : classify name='Xbox Wireless Controller' vid=1118 pid=736 sources=16778513 keyboardType=1 -> GAMEPAD/XBOX reason=gamepad-capability-or-identity
09-26 11:52:02.685 14961 14961 D S3PAD   : deviceKey via descriptor
09-26 11:52:02.685 14961 14961 I S3PAD   : classify name='Xbox Wireless Controller' vid=1118 pid=736 sources=16778513 keyboardType=1 -> GAMEPAD/XBOX reason=gamepad-capability-or-identity
09-26 11:52:02.685 14961 14961 D S3PAD   : deviceKey via descriptor
09-26 11:52:02.692 31661 31681 V l2c_csm : system/stack/l2cap/l2c_csm.cc:1335 l2c_csm_open: LCID: 0x004c  st: OPEN  evt: L2CEVT_L2CAP_DATA(0x14) psm: BT_PSM_HIDI(0x0013)
09-26 11:52:02.692 31661 31681 V bluetooth: system/stack/hid/hidh_conn.cc:701 hidh_l2cif_data_ind: HID-Host hidh_l2cif_data_ind [l2cap_cid=0x004c]
09-26 11:52:02.692 31661 31681 V bt_bta_hh: system/bta/hh/bta_hh_act.cc:1144 bta_hh_cback: HID_event [HID_HDEV_EVT_INTR_DATA]
09-26 11:52:02.692 31661 31681 V l2c_csm : system/stack/l2cap/l2c_csm.cc:1514 l2c_csm_open: Exit chnl_state=CST_OPEN [6], event=L2CEVT_L2CAP_DATA(0x14) [20]
09-26 11:52:02.692 31661 31681 V bt_bta_sys_main: system/bta/sys/bta_sys_main.cc:71 bta_sys_event: Event 0x1704
09-26 11:52:02.692 31661 31681 V bt_bta_hh: system/bta/hh/bta_hh_main.cc:174 bta_hh_sm_execute: State BTA_HH_CONN_ST(3), Event BTA_HH_INT_DATA_EVT(5892) for xx:xx:xx:xx:2b:83[public][BT_TRANSPORT_BR_EDR]
09-26 11:52:02.692 31661 31681 V bluetooth: system/btif/co/bta_hh_co.cc:773 bta_hh_co_data: dev_handle = 0
09-26 11:52:02.692 31661 31681 V bluetooth: system/btif/co/bta_hh_co.cc:653 bta_hh_co_write: UHID write 16
09-26 11:52:02.702 31661 31681 V l2c_csm : system/stack/l2cap/l2c_csm.cc:1335 l2c_csm_open: LCID: 0x004c  st: OPEN  evt: L2CEVT_L2CAP_DATA(0x14) psm: BT_PSM_HIDI(0x0013)
09-26 11:52:02.702 31661 31681 V bluetooth: system/stack/hid/hidh_conn.cc:701 hidh_l2cif_data_ind: HID-Host hidh_l2cif_data_ind [l2cap_cid=0x004c]
09-26 11:52:02.702 31661 31681 V bt_bta_hh: system/bta/hh/bta_hh_act.cc:1144 bta_hh_cback: HID_event [HID_HDEV_EVT_INTR_DATA]
09-26 11:52:02.702 31661 31681 V l2c_csm : system/stack/l2cap/l2c_csm.cc:1514 l2c_csm_open: Exit chnl_state=CST_OPEN [6], event=L2CEVT_L2CAP_DATA(0x14) [20]
09-26 11:52:02.702 31661 31681 V bt_bta_sys_main: system/bta/sys/bta_sys_main.cc:71 bta_sys_event: Event 0x1704
09-26 11:52:02.702 31661 31681 V bt_bta_hh: system/bta/hh/bta_hh_main.cc:174 bta_hh_sm_execute: State BTA_HH_CONN_ST(3), Event BTA_HH_INT_DATA_EVT(5892) for xx:xx:xx:xx:2b:83[public][BT_TRANSPORT_BR_EDR]
09-26 11:52:02.702 31661 31681 V bluetooth: system/btif/co/bta_hh_co.cc:773 bta_hh_co_data: dev_handle = 0
09-26 11:52:02.702 31661 31681 V bluetooth: system/btif/co/bta_hh_co.cc:653 bta_hh_co_write: UHID write 16
09-26 11:52:02.712 31661 31681 V l2c_csm : system/stack/l2cap/l2c_csm.cc:1335 l2c_csm_open: LCID: 0x004c  st: OPEN  evt: L2CEVT_L2CAP_DATA(0x14) psm: BT_PSM_HIDI(0x0013)
09-26 11:52:02.712 31661 31681 V bluetooth: system/stack/hid/hidh_conn.cc:701 hidh_l2cif_data_ind: HID-Host hidh_l2cif_data_ind [l2cap_cid=0x004c]
09-26 11:52:02.712 31661 31681 V bt_bta_hh: system/bta/hh/bta_hh_act.cc:1144 bta_hh_cback: HID_event [HID_HDEV_EVT_INTR_DATA]
09-26 11:52:02.712 31661 31681 V l2c_csm : system/stack/l2cap/l2c_csm.cc:1514 l2c_csm_open: Exit chnl_state=CST_OPEN [6], event=L2CEVT_L2CAP_DATA(0x14) [20]
09-26 11:52:02.712 31661 31681 V bt_bta_sys_main: system/bta/sys/bta_sys_main.cc:71 bta_sys_event: Event 0x1704
09-26 11:52:02.712 31661 31681 V bt_bta_hh: system/bta/hh/bta_hh_main.cc:174 bta_hh_sm_execute: State BTA_HH_CONN_ST(3), Event BTA_HH_INT_DATA_EVT(5892) for xx:xx:xx:xx:2b:83[public][BT_TRANSPORT_BR_EDR]
09-26 11:52:02.712 31661 31681 V bluetooth: system/btif/co/bta_hh_co.cc:773 bta_hh_co_data: dev_handle = 0
09-26 11:52:02.712 31661 31681 V bluetooth: system/btif/co/bta_hh_co.cc:653 bta_hh_co_write: UHID write 16
09-26 11:52:02.722 31661 31681 V l2c_csm : system/stack/l2cap/l2c_csm.cc:1335 l2c_csm_open: LCID: 0x004c  st: OPEN  evt: L2CEVT_L2CAP_DATA(0x14) psm: BT_PSM_HIDI(0x0013)
09-26 11:52:02.722 31661 31681 V bluetooth: system/stack/hid/hidh_conn.cc:701 hidh_l2cif_data_ind: HID-Host hidh_l2cif_data_ind [l2cap_cid=0x004c]
09-26 11:52:02.722 31661 31681 V bt_bta_hh: system/bta/hh/bta_hh_act.cc:1144 bta_hh_cback: HID_event [HID_HDEV_EVT_INTR_DATA]
09-26 11:52:02.722 31661 31681 V l2c_csm : system/stack/l2cap/l2c_csm.cc:1514 l2c_csm_open: Exit chnl_state=CST_OPEN [6], event=L2CEVT_L2CAP_DATA(0x14) [20]
09-26 11:52:02.722 31661 31681 V bt_bta_sys_main: system/bta/sys/bta_sys_main.cc:71 bta_sys_event: Event 0x1704
09-26 11:52:02.722 31661 31681 V bt_bta_hh: system/bta/hh/bta_hh_main.cc:174 bta_hh_sm_execute: State BTA_HH_CONN_ST(3), Event BTA_HH_INT_DATA_EVT(5892) for xx:xx:xx:xx:2b:83[public][BT_TRANSPORT_BR_EDR]
09-26 11:52:02.722 31661 31681 V bluetooth: system/btif/co/bta_hh_co.cc:773 bta_hh_co_data: dev_handle = 0
09-26 11:52:02.722 31661 31681 V bluetooth: system/btif/co/bta_hh_co.cc:653 bta_hh_co_write: UHID write 16
09-26 11:52:02.732 31661 31681 V l2c_csm : system/stack/l2cap/l2c_csm.cc:1335 l2c_csm_open: LCID: 0x004c  st: OPEN  evt: L2CEVT_L2CAP_DATA(0x14) psm: BT_PSM_HIDI(0x0013)
09-26 11:52:02.732 31661 31681 V bluetooth: system/stack/hid/hidh_conn.cc:701 hidh_l2cif_data_ind: HID-Host hidh_l2cif_data_ind [l2cap_cid=0x004c]
09-26 11:52:02.732 31661 31681 V bt_bta_hh: system/bta/hh/bta_hh_act.cc:1144 bta_hh_cback: HID_event [HID_HDEV_EVT_INTR_DATA]
09-26 11:52:02.732 31661 31681 V l2c_csm : system/stack/l2cap/l2c_csm.cc:1514 l2c_csm_open: Exit chnl_state=CST_OPEN [6], event=L2CEVT_L2CAP_DATA(0x14) [20]
09-26 11:52:02.732 31661 31681 V bt_bta_sys_main: system/bta/sys/bta_sys_main.cc:71 bta_sys_event: Event 0x1704
09-26 11:52:02.732 31661 31681 V bt_bta_hh: system/bta/hh/bta_hh_main.cc:174 bta_hh_sm_execute: State BTA_HH_CONN_ST(3), Event BTA_HH_INT_DATA_EVT(5892) for xx:xx:xx:xx:2b:83[public][BT_TRANSPORT_BR_EDR]
09-26 11:52:02.732 31661 31681 V bluetooth: system/btif/co/bta_hh_co.cc:773 bta_hh_co_data: dev_handle = 0
09-26 11:52:02.732 31661 31681 V bluetooth: system/btif/co/bta_hh_co.cc:653 bta_hh_co_write: UHID write 16
09-26 11:52:02.740  1570  1606 I android.hardware.thermal-service.qti: sensor: cpu-1-0-0 temperature: 89.9 old: 3 new: 0
09-26 11:52:02.742 31661 31681 V l2c_csm : system/stack/l2cap/l2c_csm.cc:1335 l2c_csm_open: LCID: 0x004c  st: OPEN  evt: L2CEVT_L2CAP_DATA(0x14) psm: BT_PSM_HIDI(0x0013)
09-26 11:52:02.742 31661 31681 V bluetooth: system/stack/hid/hidh_conn.cc:701 hidh_l2cif_data_ind: HID-Host hidh_l2cif_data_ind [l2cap_cid=0x004c]
09-26 11:52:02.742 31661 31681 V bt_bta_hh: system/bta/hh/bta_hh_act.cc:1144 bta_hh_cback: HID_event [HID_HDEV_EVT_INTR_DATA]
09-26 11:52:02.742 31661 31681 V l2c_csm : system/stack/l2cap/l2c_csm.cc:1514 l2c_csm_open: Exit chnl_state=CST_OPEN [6], event=L2CEVT_L2CAP_DATA(0x14) [20]
09-26 11:52:02.742 31661 31681 V bt_bta_sys_main: system/bta/sys/bta_sys_main.cc:71 bta_sys_event: Event 0x1704
09-26 11:52:02.742 31661 31681 V bt_bta_hh: system/bta/hh/bta_hh_main.cc:174 bta_hh_sm_execute: State BTA_HH_CONN_ST(3), Event BTA_HH_INT_DATA_EVT(5892) for xx:xx:xx:xx:2b:83[public][BT_TRANSPORT_BR_EDR]
09-26 11:52:02.742 31661 31681 V bluetooth: system/btif/co/bta_hh_co.cc:773 bta_hh_co_data: dev_handle = 0
09-26 11:52:02.742 31661 31681 V bluetooth: system/btif/co/bta_hh_co.cc:653 bta_hh_co_write: UHID write 16
09-26 11:52:02.752 31661 31681 V l2c_csm : system/stack/l2cap/l2c_csm.cc:1335 l2c_csm_open: LCID: 0x004c  st: OPEN  evt: L2CEVT_L2CAP_DATA(0x14) psm: BT_PSM_HIDI(0x0013)
09-26 11:52:02.752 31661 31681 V bluetooth: system/stack/hid/hidh_conn.cc:701 hidh_l2cif_data_ind: HID-Host hidh_l2cif_data_ind [l2cap_cid=0x004c]
09-26 11:52:02.752 31661 31681 V bt_bta_hh: system/bta/hh/bta_hh_act.cc:1144 bta_hh_cback: HID_event [HID_HDEV_EVT_INTR_DATA]
09-26 11:52:02.752 31661 31681 V l2c_csm : system/stack/l2cap/l2c_csm.cc:1514 l2c_csm_open: Exit chnl_state=CST_OPEN [6], event=L2CEVT_L2CAP_DATA(0x14) [20]
09-26 11:52:02.752 31661 31681 V bt_bta_sys_main: system/bta/sys/bta_sys_main.cc:71 bta_sys_event: Event 0x1704
09-26 11:52:02.752 31661 31681 V bt_bta_hh: system/bta/hh/bta_hh_main.cc:174 bta_hh_sm_execute: State BTA_HH_CONN_ST(3), Event BTA_HH_INT_DATA_EVT(5892) for xx:xx:xx:xx:2b:83[public][BT_TRANSPORT_BR_EDR]
09-26 11:52:02.752 31661 31681 V bluetooth: system/btif/co/bta_hh_co.cc:773 bta_hh_co_data: dev_handle = 0
09-26 11:52:02.752 31661 31681 V bluetooth: system/btif/co/bta_hh_co.cc:653 bta_hh_co_write: UHID write 16
09-26 11:52:02.762 31661 31681 V l2c_csm : system/stack/l2cap/l2c_csm.cc:1335 l2c_csm_open: LCID: 0x004c  st: OPEN  evt: L2CEVT_L2CAP_DATA(0x14) psm: BT_PSM_HIDI(0x0013)
09-26 11:52:02.762 31661 31681 V bluetooth: system/stack/hid/hidh_conn.cc:701 hidh_l2cif_data_ind: HID-Host hidh_l2cif_data_ind [l2cap_cid=0x004c]
09-26 11:52:02.762 31661 31681 V bt_bta_hh: system/bta/hh/bta_hh_act.cc:1144 bta_hh_cback: HID_event [HID_HDEV_EVT_INTR_DATA]
09-26 11:52:02.762 31661 31681 V l2c_csm : system/stack/l2cap/l2c_csm.cc:1514 l2c_csm_open: Exit chnl_state=CST_OPEN [6], event=L2CEVT_L2CAP_DATA(0x14) [20]
09-26 11:52:02.762 31661 31681 V bt_bta_sys_main: system/bta/sys/bta_sys_main.cc:71 bta_sys_event: Event 0x1704
09-26 11:52:02.762 31661 31681 V bt_bta_hh: system/bta/hh/bta_hh_main.cc:174 bta_hh_sm_execute: State BTA_HH_CONN_ST(3), Event BTA_HH_INT_DATA_EVT(5892) for xx:xx:xx:xx:2b:83[public][BT_TRANSPORT_BR_EDR]
09-26 11:52:02.762 31661 31681 V bluetooth: system/btif/co/bta_hh_co.cc:773 bta_hh_co_data: dev_handle = 0
09-26 11:52:02.762 31661 31681 V bluetooth: system/btif/co/bta_hh_co.cc:653 bta_hh_co_write: UHID write 16
09-26 11:52:02.764  1570  1606 I android.hardware.thermal-service.qti: sensor: cpu-1-0-0 temperature: 95.4 old: 0 new: 3
09-26 11:52:02.772 31661 31681 V l2c_csm : system/stack/l2cap/l2c_csm.cc:1335 l2c_csm_open: LCID: 0x004c  st: OPEN  evt: L2CEVT_L2CAP_DATA(0x14) psm: BT_PSM_HIDI(0x0013)
09-26 11:52:02.772 31661 31681 V bluetooth: system/stack/hid/hidh_conn.cc:701 hidh_l2cif_data_ind: HID-Host hidh_l2cif_data_ind [l2cap_cid=0x004c]
09-26 11:52:02.772 31661 31681 V bt_bta_hh: system/bta/hh/bta_hh_act.cc:1144 bta_hh_cback: HID_event [HID_HDEV_EVT_INTR_DATA]
09-26 11:52:02.772 31661 31681 V l2c_csm : system/stack/l2cap/l2c_csm.cc:1514 l2c_csm_open: Exit chnl_state=CST_OPEN [6], event=L2CEVT_L2CAP_DATA(0x14) [20]
09-26 11:52:02.772 31661 31681 V bt_bta_sys_main: system/bta/sys/bta_sys_main.cc:71 bta_sys_event: Event 0x1704
09-26 11:52:02.772 31661 31681 V bt_bta_hh: system/bta/hh/bta_hh_main.cc:174 bta_hh_sm_execute: State BTA_HH_CONN_ST(3), Event BTA_HH_INT_DATA_EVT(5892) for xx:xx:xx:xx:2b:83[public][BT_TRANSPORT_BR_EDR]
09-26 11:52:02.772 31661 31681 V bluetooth: system/btif/co/bta_hh_co.cc:773 bta_hh_co_data: dev_handle = 0
09-26 11:52:02.772 31661 31681 V bluetooth: system/btif/co/bta_hh_co.cc:653 bta_hh_co_write: UHID write 16
09-26 11:52:02.782 31661 31681 V l2c_csm : system/stack/l2cap/l2c_csm.cc:1335 l2c_csm_open: LCID: 0x004c  st: OPEN  evt: L2CEVT_L2CAP_DATA(0x14) psm: BT_PSM_HIDI(0x0013)
09-26 11:52:02.782 31661 31681 V bluetooth: system/stack/hid/hidh_conn.cc:701 hidh_l2cif_data_ind: HID-Host hidh_l2cif_data_ind [l2cap_cid=0x004c]
09-26 11:52:02.782 31661 31681 V bt_bta_hh: system/bta/hh/bta_hh_act.cc:1144 bta_hh_cback: HID_event [HID_HDEV_EVT_INTR_DATA]
09-26 11:52:02.782 31661 31681 V l2c_csm : system/stack/l2cap/l2c_csm.cc:1514 l2c_csm_open: Exit chnl_state=CST_OPEN [6], event=L2CEVT_L2CAP_DATA(0x14) [20]
09-26 11:52:02.782 31661 31681 V bt_bta_sys_main: system/bta/sys/bta_sys_main.cc:71 bta_sys_event: Event 0x1704
09-26 11:52:02.782 31661 31681 V bt_bta_hh: system/bta/hh/bta_hh_main.cc:174 bta_hh_sm_execute: State BTA_HH_CONN_ST(3), Event BTA_HH_INT_DATA_EVT(5892) for xx:xx:xx:xx:2b:83[public][BT_TRANSPORT_BR_EDR]
09-26 11:52:02.782 31661 31681 V bluetooth: system/btif/co/bta_hh_co.cc:773 bta_hh_co_data: dev_handle = 0
09-26 11:52:02.782 31661 31681 V bluetooth: system/btif/co/bta_hh_co.cc:653 bta_hh_co_write: UHID write 16
09-26 11:52:02.785  1616  1871 I SDM     : DisplayBase::CommitThread: Received idle timeout, panel: cmd, timeout: 70000 us
09-26 11:52:02.792 31661 31681 V l2c_csm : system/stack/l2cap/l2c_csm.cc:1335 l2c_csm_open: LCID: 0x004c  st: OPEN  evt: L2CEVT_L2CAP_DATA(0x14) psm: BT_PSM_HIDI(0x0013)
09-26 11:52:02.792 31661 31681 V bluetooth: system/stack/hid/hidh_conn.cc:701 hidh_l2cif_data_ind: HID-Host hidh_l2cif_data_ind [l2cap_cid=0x004c]
09-26 11:52:02.792 31661 31681 V bt_bta_hh: system/bta/hh/bta_hh_act.cc:1144 bta_hh_cback: HID_event [HID_HDEV_EVT_INTR_DATA]
09-26 11:52:02.792 31661 31681 V l2c_csm : system/stack/l2cap/l2c_csm.cc:1514 l2c_csm_open: Exit chnl_state=CST_OPEN [6], event=L2CEVT_L2CAP_DATA(0x14) [20]
09-26 11:52:02.792 31661 31681 V bt_bta_sys_main: system/bta/sys/bta_sys_main.cc:71 bta_sys_event: Event 0x1704
09-26 11:52:02.792 31661 31681 V bt_bta_hh: system/bta/hh/bta_hh_main.cc:174 bta_hh_sm_execute: State BTA_HH_CONN_ST(3), Event BTA_HH_INT_DATA_EVT(5892) for xx:xx:xx:xx:2b:83[public][BT_TRANSPORT_BR_EDR]
09-26 11:52:02.792 31661 31681 V bluetooth: system/btif/co/bta_hh_co.cc:773 bta_hh_co_data: dev_handle = 0
09-26 11:52:02.792 31661 31681 V bluetooth: system/btif/co/bta_hh_co.cc:653 bta_hh_co_write: UHID write 16
09-26 11:52:02.796 14961 23120 D RPCS3   : sys_tty_write(ch=0, buf=*0x58bf20, len=63, pwritelen=*0xd000fde0)
09-26 11:52:02.796 14961 23120 D RPCS3   : sys_tty_write(): “BATCHJOB: AddJob: waiting for room in job list 3 for job 56...“ << endl
09-26 11:52:02.802 31661 31681 V l2c_csm : system/stack/l2cap/l2c_csm.cc:1335 l2c_csm_open: LCID: 0x004c  st: OPEN  evt: L2CEVT_L2CAP_DATA(0x14) psm: BT_PSM_HIDI(0x0013)
09-26 11:52:02.802 31661 31681 V bluetooth: system/stack/hid/hidh_conn.cc:701 hidh_l2cif_data_ind: HID-Host hidh_l2cif_data_ind [l2cap_cid=0x004c]
09-26 11:52:02.802 31661 31681 V bt_bta_hh: system/bta/hh/bta_hh_act.cc:1144 bta_hh_cback: HID_event [HID_HDEV_EVT_INTR_DATA]
09-26 11:52:02.802 31661 31681 V l2c_csm : system/stack/l2cap/l2c_csm.cc:1514 l2c_csm_open: Exit chnl_state=CST_OPEN [6], event=L2CEVT_L2CAP_DATA(0x14) [20]
09-26 11:52:02.802 31661 31681 V bt_bta_sys_main: system/bta/sys/bta_sys_main.cc:71 bta_sys_event: Event 0x1704
09-26 11:52:02.802 31661 31681 V bt_bta_hh: system/bta/hh/bta_hh_main.cc:174 bta_hh_sm_execute: State BTA_HH_CONN_ST(3), Event BTA_HH_INT_DATA_EVT(5892) for xx:xx:xx:xx:2b:83[public][BT_TRANSPORT_BR_EDR]
09-26 11:52:02.802 31661 31681 V bluetooth: system/btif/co/bta_hh_co.cc:773 bta_hh_co_data: dev_handle = 0
09-26 11:52:02.802 31661 31681 V bluetooth: system/btif/co/bta_hh_co.cc:653 bta_hh_co_write: UHID write 16
09-26 11:52:02.812 31661 31681 V l2c_csm : system/stack/l2cap/l2c_csm.cc:1335 l2c_csm_open: LCID: 0x004c  st: OPEN  evt: L2CEVT_L2CAP_DATA(0x14) psm: BT_PSM_HIDI(0x0013)
09-26 11:52:02.812 31661 31681 V bluetooth: system/stack/hid/hidh_conn.cc:701 hidh_l2cif_data_ind: HID-Host hidh_l2cif_data_ind [l2cap_cid=0x004c]
09-26 11:52:02.812 31661 31681 V bt_bta_hh: system/bta/hh/bta_hh_act.cc:1144 bta_hh_cback: HID_event [HID_HDEV_EVT_INTR_DATA]
09-26 11:52:02.812 31661 31681 V l2c_csm : system/stack/l2cap/l2c_csm.cc:1514 l2c_csm_open: Exit chnl_state=CST_OPEN [6], event=L2CEVT_L2CAP_DATA(0x14) [20]
09-26 11:52:02.812 31661 31681 V bt_bta_sys_main: system/bta/sys/bta_sys_main.cc:71 bta_sys_event: Event 0x1704
09-26 11:52:02.812 31661 31681 V bt_bta_hh: system/bta/hh/bta_hh_main.cc:174 bta_hh_sm_execute: State BTA_HH_CONN_ST(3), Event BTA_HH_INT_DATA_EVT(5892) for xx:xx:xx:xx:2b:83[public][BT_TRANSPORT_BR_EDR]
09-26 11:52:02.812 31661 31681 V bluetooth: system/btif/co/bta_hh_co.cc:773 bta_hh_co_data: dev_handle = 0
09-26 11:52:02.812 31661 31681 V bluetooth: system/btif/co/bta_hh_co.cc:653 bta_hh_co_write: UHID write 16
09-26 11:52:02.822 31661 31681 V l2c_csm : system/stack/l2cap/l2c_csm.cc:1335 l2c_csm_open: LCID: 0x004c  st: OPEN  evt: L2CEVT_L2CAP_DATA(0x14) psm: BT_PSM_HIDI(0x0013)
09-26 11:52:02.822 31661 31681 V bluetooth: system/stack/hid/hidh_conn.cc:701 hidh_l2cif_data_ind: HID-Host hidh_l2cif_data_ind [l2cap_cid=0x004c]
09-26 11:52:02.822 31661 31681 V bt_bta_hh: system/bta/hh/bta_hh_act.cc:1144 bta_hh_cback: HID_event [HID_HDEV_EVT_INTR_DATA]
09-26 11:52:02.822 31661 31681 V l2c_csm : system/stack/l2cap/l2c_csm.cc:1514 l2c_csm_open: Exit chnl_state=CST_OPEN [6], event=L2CEVT_L2CAP_DATA(0x14) [20]
09-26 11:52:02.822 31661 31681 V bt_bta_sys_main: system/bta/sys/bta_sys_main.cc:71 bta_sys_event: Event 0x1704
09-26 11:52:02.822 31661 31681 V bt_bta_hh: system/bta/hh/bta_hh_main.cc:174 bta_hh_sm_execute: State BTA_HH_CONN_ST(3), Event BTA_HH_INT_DATA_EVT(5892) for xx:xx:xx:xx:2b:83[public][BT_TRANSPORT_BR_EDR]
09-26 11:52:02.822 31661 31681 V bluetooth: system/btif/co/bta_hh_co.cc:773 bta_hh_co_data: dev_handle = 0
09-26 11:52:02.822 31661 31681 V bluetooth: system/btif/co/bta_hh_co.cc:653 bta_hh_co_write: UHID write 16
09-26 11:52:02.823  1561  1561 I android.hardware.power-service-qti: Power setBoost: 0, duration: 0
09-26 11:52:02.823  1561  1561 E QTI PowerHAL: Failed to acquire lock.
09-26 11:52:02.823  1561  1561 E QTI PowerHAL: Failed process_boost for boost_handle
09-26 11:52:02.824  1621  1722 E ANDR-PERF-RESOURCEQS: ANDR-PERF-RESOURCEQS: AddAndApply() 125: Resource with major=16, minor=30 not supported
09-26 11:52:02.824  1621  1722 E ANDR-PERF-RESOURCEQS: ANDR-PERF-RESOURCEQS: AddAndApply() 125: Resource with major=16, minor=31 not supported
09-26 11:52:02.832 31661 31681 V l2c_csm : system/stack/l2cap/l2c_csm.cc:1335 l2c_csm_open: LCID: 0x004c  st: OPEN  evt: L2CEVT_L2CAP_DATA(0x14) psm: BT_PSM_HIDI(0x0013)
09-26 11:52:02.832 31661 31681 V bluetooth: system/stack/hid/hidh_conn.cc:701 hidh_l2cif_data_ind: HID-Host hidh_l2cif_data_ind [l2cap_cid=0x004c]
09-26 11:52:02.832 31661 31681 V bt_bta_hh: system/bta/hh/bta_hh_act.cc:1144 bta_hh_cback: HID_event [HID_HDEV_EVT_INTR_DATA]
09-26 11:52:02.832 31661 31681 V l2c_csm : system/stack/l2cap/l2c_csm.cc:1514 l2c_csm_open: Exit chnl_state=CST_OPEN [6], event=L2CEVT_L2CAP_DATA(0x14) [20]
09-26 11:52:02.832 31661 31681 V bt_bta_sys_main: system/bta/sys/bta_sys_main.cc:71 bta_sys_event: Event 0x1704
09-26 11:52:02.832 31661 31681 V bt_bta_hh: system/bta/hh/bta_hh_main.cc:174 bta_hh_sm_execute: State BTA_HH_CONN_ST(3), Event BTA_HH_INT_DATA_EVT(5892) for xx:xx:xx:xx:2b:83[public][BT_TRANSPORT_BR_EDR]
09-26 11:52:02.832 31661 31681 V bluetooth: system/btif/co/bta_hh_co.cc:773 bta_hh_co_data: dev_handle = 0
09-26 11:52:02.832 31661 31681 V bluetooth: system/btif/co/bta_hh_co.cc:653 bta_hh_co_write: UHID write 16
09-26 11:52:02.833 14961 14961 I S3PAD   : classify name='Xbox Wireless Controller' vid=1118 pid=736 sources=16778513 keyboardType=1 -> GAMEPAD/XBOX reason=gamepad-capability-or-identity
09-26 11:52:02.833 14961 14961 D S3PAD   : deviceKey via descriptor
09-26 11:52:02.842 31661 31681 V l2c_csm : system/stack/l2cap/l2c_csm.cc:1335 l2c_csm_open: LCID: 0x004c  st: OPEN  evt: L2CEVT_L2CAP_DATA(0x14) psm: BT_PSM_HIDI(0x0013)
09-26 11:52:02.842 31661 31681 V bluetooth: system/stack/hid/hidh_conn.cc:701 hidh_l2cif_data_ind: HID-Host hidh_l2cif_data_ind [l2cap_cid=0x004c]
09-26 11:52:02.842 31661 31681 V bt_bta_hh: system/bta/hh/bta_hh_act.cc:1144 bta_hh_cback: HID_event [HID_HDEV_EVT_INTR_DATA]
09-26 11:52:02.842 31661 31681 V l2c_csm : system/stack/l2cap/l2c_csm.cc:1514 l2c_csm_open: Exit chnl_state=CST_OPEN [6], event=L2CEVT_L2CAP_DATA(0x14) [20]
09-26 11:52:02.842 31661 31681 V bt_bta_sys_main: system/bta/sys/bta_sys_main.cc:71 bta_sys_event: Event 0x1704
09-26 11:52:02.842 31661 31681 V bt_bta_hh: system/bta/hh/bta_hh_main.cc:174 bta_hh_sm_execute: State BTA_HH_CONN_ST(3), Event BTA_HH_INT_DATA_EVT(5892) for xx:xx:xx:xx:2b:83[public][BT_TRANSPORT_BR_EDR]
09-26 11:52:02.842 31661 31681 V bluetooth: system/btif/co/bta_hh_co.cc:773 bta_hh_co_data: dev_handle = 0
09-26 11:52:02.842 31661 31681 V bluetooth: system/btif/co/bta_hh_co.cc:653 bta_hh_co_write: UHID write 16
09-26 11:52:02.852 31661 31681 V l2c_csm : system/stack/l2cap/l2c_csm.cc:1335 l2c_csm_open: LCID: 0x004c  st: OPEN  evt: L2CEVT_L2CAP_DATA(0x14) psm: BT_PSM_HIDI(0x0013)
09-26 11:52:02.852 31661 31681 V bluetooth: system/stack/hid/hidh_conn.cc:701 hidh_l2cif_data_ind: HID-Host hidh_l2cif_data_ind [l2cap_cid=0x004c]
09-26 11:52:02.852 31661 31681 V bt_bta_hh: system/bta/hh/bta_hh_act.cc:1144 bta_hh_cback: HID_event [HID_HDEV_EVT_INTR_DATA]
09-26 11:52:02.852 31661 31681 V l2c_csm : system/stack/l2cap/l2c_csm.cc:1514 l2c_csm_open: Exit chnl_state=CST_OPEN [6], event=L2CEVT_L2CAP_DATA(0x14) [20]
09-26 11:52:02.852 31661 31681 V bt_bta_sys_main: system/bta/sys/bta_sys_main.cc:71 bta_sys_event: Event 0x1704
09-26 11:52:02.852 31661 31681 V bt_bta_hh: system/bta/hh/bta_hh_main.cc:174 bta_hh_sm_execute: State BTA_HH_CONN_ST(3), Event BTA_HH_INT_DATA_EVT(5892) for xx:xx:xx:xx:2b:83[public][BT_TRANSPORT_BR_EDR]
09-26 11:52:02.852 31661 31681 V bluetooth: system/btif/co/bta_hh_co.cc:773 bta_hh_co_data: dev_handle = 0
09-26 11:52:02.852 31661 31681 V bluetooth: system/btif/co/bta_hh_co.cc:653 bta_hh_co_write: UHID write 16
09-26 11:52:02.862 31661 31681 V l2c_csm : system/stack/l2cap/l2c_csm.cc:1335 l2c_csm_open: LCID: 0x004c  st: OPEN  evt: L2CEVT_L2CAP_DATA(0x14) psm: BT_PSM_HIDI(0x0013)
09-26 11:52:02.862 31661 31681 V bluetooth: system/stack/hid/hidh_conn.cc:701 hidh_l2cif_data_ind: HID-Host hidh_l2cif_data_ind [l2cap_cid=0x004c]
09-26 11:52:02.862 31661 31681 V bt_bta_hh: system/bta/hh/bta_hh_act.cc:1144 bta_hh_cback: HID_event [HID_HDEV_EVT_INTR_DATA]
09-26 11:52:02.862 31661 31681 V l2c_csm : system/stack/l2cap/l2c_csm.cc:1514 l2c_csm_open: Exit chnl_state=CST_OPEN [6], event=L2CEVT_L2CAP_DATA(0x14) [20]
09-26 11:52:02.862 31661 31681 V bt_bta_sys_main: system/bta/sys/bta_sys_main.cc:71 bta_sys_event: Event 0x1704
09-26 11:52:02.862 31661 31681 V bt_bta_hh: system/bta/hh/bta_hh_main.cc:174 bta_hh_sm_execute: State BTA_HH_CONN_ST(3), Event BTA_HH_INT_DATA_EVT(5892) for xx:xx:xx:xx:2b:83[public][BT_TRANSPORT_BR_EDR]
09-26 11:52:02.862 31661 31681 V bluetooth: system/btif/co/bta_hh_co.cc:773 bta_hh_co_data: dev_handle = 0
09-26 11:52:02.862 31661 31681 V bluetooth: system/btif/co/bta_hh_co.cc:653 bta_hh_co_write: UHID write 16
09-26 11:52:02.868  1616  1871 I SDM     : DisplayBase::CommitThread: Received idle timeout, panel: cmd, timeout: 70000 us
09-26 11:52:02.872 31661 31681 V l2c_csm : system/stack/l2cap/l2c_csm.cc:1335 l2c_csm_open: LCID: 0x004c  st: OPEN  evt: L2CEVT_L2CAP_DATA(0x14) psm: BT_PSM_HIDI(0x0013)
09-26 11:52:02.872 31661 31681 V bluetooth: system/stack/hid/hidh_conn.cc:701 hidh_l2cif_data_ind: HID-Host hidh_l2cif_data_ind [l2cap_cid=0x004c]
09-26 11:52:02.872 31661 31681 V bt_bta_hh: system/bta/hh/bta_hh_act.cc:1144 bta_hh_cback: HID_event [HID_HDEV_EVT_INTR_DATA]
09-26 11:52:02.872 31661 31681 V l2c_csm : system/stack/l2cap/l2c_csm.cc:1514 l2c_csm_open: Exit chnl_state=CST_OPEN [6], event=L2CEVT_L2CAP_DATA(0x14) [20]
09-26 11:52:02.872 31661 31681 V bt_bta_sys_main: system/bta/sys/bta_sys_main.cc:71 bta_sys_event: Event 0x1704
09-26 11:52:02.872 31661 31681 V bt_bta_hh: system/bta/hh/bta_hh_main.cc:174 bta_hh_sm_execute: State BTA_HH_CONN_ST(3), Event BTA_HH_INT_DATA_EVT(5892) for xx:xx:xx:xx:2b:83[public][BT_TRANSPORT_BR_EDR]
09-26 11:52:02.872 31661 31681 V bluetooth: system/btif/co/bta_hh_co.cc:773 bta_hh_co_data: dev_handle = 0
09-26 11:52:02.872 31661 31681 V bluetooth: system/btif/co/bta_hh_co.cc:653 bta_hh_co_write: UHID write 16
09-26 11:52:02.882 31661 31681 V l2c_csm : system/stack/l2cap/l2c_csm.cc:1335 l2c_csm_open: LCID: 0x004c  st: OPEN  evt: L2CEVT_L2CAP_DATA(0x14) psm: BT_PSM_HIDI(0x0013)
09-26 11:52:02.882 31661 31681 V bluetooth: system/stack/hid/hidh_conn.cc:701 hidh_l2cif_data_ind: HID-Host hidh_l2cif_data_ind [l2cap_cid=0x004c]
09-26 11:52:02.882 31661 31681 V bt_bta_hh: system/bta/hh/bta_hh_act.cc:1144 bta_hh_cback: HID_event [HID_HDEV_EVT_INTR_DATA]
09-26 11:52:02.882 31661 31681 V l2c_csm : system/stack/l2cap/l2c_csm.cc:1514 l2c_csm_open: Exit chnl_state=CST_OPEN [6], event=L2CEVT_L2CAP_DATA(0x14) [20]
09-26 11:52:02.882 31661 31681 V bt_bta_sys_main: system/bta/sys/bta_sys_main.cc:71 bta_sys_event: Event 0x1704
09-26 11:52:02.882 31661 31681 V bt_bta_hh: system/bta/hh/bta_hh_main.cc:174 bta_hh_sm_execute: State BTA_HH_CONN_ST(3), Event BTA_HH_INT_DATA_EVT(5892) for xx:xx:xx:xx:2b:83[public][BT_TRANSPORT_BR_EDR]
09-26 11:52:02.882 31661 31681 V bluetooth: system/btif/co/bta_hh_co.cc:773 bta_hh_co_data: dev_handle = 0
09-26 11:52:02.882 31661 31681 V bluetooth: system/btif/co/bta_hh_co.cc:653 bta_hh_co_write: UHID write 16
09-26 11:52:02.892 31661 31681 V l2c_csm : system/stack/l2cap/l2c_csm.cc:1335 l2c_csm_open: LCID: 0x004c  st: OPEN  evt: L2CEVT_L2CAP_DATA(0x14) psm: BT_PSM_HIDI(0x0013)
09-26 11:52:02.892 31661 31681 V bluetooth: system/stack/hid/hidh_conn.cc:701 hidh_l2cif_data_ind: HID-Host hidh_l2cif_data_ind [l2cap_cid=0x004c]
09-26 11:52:02.892 31661 31681 V bt_bta_hh: system/bta/hh/bta_hh_act.cc:1144 bta_hh_cback: HID_event [HID_HDEV_EVT_INTR_DATA]
09-26 11:52:02.892 31661 31681 V l2c_csm : system/stack/l2cap/l2c_csm.cc:1514 l2c_csm_open: Exit chnl_state=CST_OPEN [6], event=L2CEVT_L2CAP_DATA(0x14) [20]
09-26 11:52:02.892 31661 31681 V bt_bta_sys_main: system/bta/sys/bta_sys_main.cc:71 bta_sys_event: Event 0x1704
09-26 11:52:02.892 31661 31681 V bt_bta_hh: system/bta/hh/bta_hh_main.cc:174 bta_hh_sm_execute: State BTA_HH_CONN_ST(3), Event BTA_HH_INT_DATA_EVT(5892) for xx:xx:xx:xx:2b:83[public][BT_TRANSPORT_BR_EDR]
09-26 11:52:02.892 31661 31681 V bluetooth: system/btif/co/bta_hh_co.cc:773 bta_hh_co_data: dev_handle = 0
09-26 11:52:02.892 31661 31681 V bluetooth: system/btif/co/bta_hh_co.cc:653 bta_hh_co_write: UHID write 16
09-26 11:52:02.902 31661 31681 V l2c_csm : system/stack/l2cap/l2c_csm.cc:1335 l2c_csm_open: LCID: 0x004c  st: OPEN  evt: L2CEVT_L2CAP_DATA(0x14) psm: BT_PSM_HIDI(0x0013)
09-26 11:52:02.902 31661 31681 V bluetooth: system/stack/hid/hidh_conn.cc:701 hidh_l2cif_data_ind: HID-Host hidh_l2cif_data_ind [l2cap_cid=0x004c]
09-26 11:52:02.902 31661 31681 V bt_bta_hh: system/bta/hh/bta_hh_act.cc:1144 bta_hh_cback: HID_event [HID_HDEV_EVT_INTR_DATA]
09-26 11:52:02.902 31661 31681 V l2c_csm : system/stack/l2cap/l2c_csm.cc:1514 l2c_csm_open: Exit chnl_state=CST_OPEN [6], event=L2CEVT_L2CAP_DATA(0x14) [20]
09-26 11:52:02.902 31661 31681 V bt_bta_sys_main: system/bta/sys/bta_sys_main.cc:71 bta_sys_event: Event 0x1704
09-26 11:52:02.902 31661 31681 V bt_bta_hh: system/bta/hh/bta_hh_main.cc:174 bta_hh_sm_execute: State BTA_HH_CONN_ST(3), Event BTA_HH_INT_DATA_EVT(5892) for xx:xx:xx:xx:2b:83[public][BT_TRANSPORT_BR_EDR]
09-26 11:52:02.902 31661 31681 V bluetooth: system/btif/co/bta_hh_co.cc:773 bta_hh_co_data: dev_handle = 0
09-26 11:52:02.902 31661 31681 V bluetooth: system/btif/co/bta_hh_co.cc:653 bta_hh_co_write: UHID write 16
09-26 11:52:02.912 31661 31681 V l2c_csm : system/stack/l2cap/l2c_csm.cc:1335 l2c_csm_open: LCID: 0x004c  st: OPEN  evt: L2CEVT_L2CAP_DATA(0x14) psm: BT_PSM_HIDI(0x0013)
09-26 11:52:02.912 31661 31681 V bluetooth: system/stack/hid/hidh_conn.cc:701 hidh_l2cif_data_ind: HID-Host hidh_l2cif_data_ind [l2cap_cid=0x004c]
09-26 11:52:02.912 31661 31681 V bt_bta_hh: system/bta/hh/bta_hh_act.cc:1144 bta_hh_cback: HID_event [HID_HDEV_EVT_INTR_DATA]
09-26 11:52:02.912 31661 31681 V l2c_csm : system/stack/l2cap/l2c_csm.cc:1514 l2c_csm_open: Exit chnl_state=CST_OPEN [6], event=L2CEVT_L2CAP_DATA(0x14) [20]
09-26 11:52:02.912 31661 31681 V bt_bta_sys_main: system/bta/sys/bta_sys_main.cc:71 bta_sys_event: Event 0x1704
09-26 11:52:02.912 31661 31681 V bt_bta_hh: system/bta/hh/bta_hh_main.cc:174 bta_hh_sm_execute: State BTA_HH_CONN_ST(3), Event BTA_HH_INT_DATA_EVT(5892) for xx:xx:xx:xx:2b:83[public][BT_TRANSPORT_BR_EDR]
09-26 11:52:02.912 31661 31681 V bluetooth: system/btif/co/bta_hh_co.cc:773 bta_hh_co_data: dev_handle = 0
09-26 11:52:02.912 31661 31681 V bluetooth: system/btif/co/bta_hh_co.cc:653 bta_hh_co_write: UHID write 16
09-26 11:52:02.922 31661 31681 V l2c_csm : system/stack/l2cap/l2c_csm.cc:1335 l2c_csm_open: LCID: 0x004c  st: OPEN  evt: L2CEVT_L2CAP_DATA(0x14) psm: BT_PSM_HIDI(0x0013)
09-26 11:52:02.922 31661 31681 V bluetooth: system/stack/hid/hidh_conn.cc:701 hidh_l2cif_data_ind: HID-Host hidh_l2cif_data_ind [l2cap_cid=0x004c]
09-26 11:52:02.922 31661 31681 V bt_bta_hh: system/bta/hh/bta_hh_act.cc:1144 bta_hh_cback: HID_event [HID_HDEV_EVT_INTR_DATA]
09-26 11:52:02.922 31661 31681 V l2c_csm : system/stack/l2cap/l2c_csm.cc:1514 l2c_csm_open: Exit chnl_state=CST_OPEN [6], event=L2CEVT_L2CAP_DATA(0x14) [20]
09-26 11:52:02.922 31661 31681 V bt_bta_sys_main: system/bta/sys/bta_sys_main.cc:71 bta_sys_event: Event 0x1704
09-26 11:52:02.922 31661 31681 V bt_bta_hh: system/bta/hh/bta_hh_main.cc:174 bta_hh_sm_execute: State BTA_HH_CONN_ST(3), Event BTA_HH_INT_DATA_EVT(5892) for xx:xx:xx:xx:2b:83[public][BT_TRANSPORT_BR_EDR]
09-26 11:52:02.922 31661 31681 V bluetooth: system/btif/co/bta_hh_co.cc:773 bta_hh_co_data: dev_handle = 0
09-26 11:52:02.922 31661 31681 V bluetooth: system/btif/co/bta_hh_co.cc:653 bta_hh_co_write: UHID write 16
09-26 11:52:02.932 31661 31681 V l2c_csm : system/stack/l2cap/l2c_csm.cc:1335 l2c_csm_open: LCID: 0x004c  st: OPEN  evt: L2CEVT_L2CAP_DATA(0x14) psm: BT_PSM_HIDI(0x0013)
09-26 11:52:02.932 31661 31681 V bluetooth: system/stack/hid/hidh_conn.cc:701 hidh_l2cif_data_ind: HID-Host hidh_l2cif_data_ind [l2cap_cid=0x004c]
09-26 11:52:02.932 31661 31681 V bt_bta_hh: system/bta/hh/bta_hh_act.cc:1144 bta_hh_cback: HID_event [HID_HDEV_EVT_INTR_DATA]
09-26 11:52:02.932 31661 31681 V l2c_csm : system/stack/l2cap/l2c_csm.cc:1514 l2c_csm_open: Exit chnl_state=CST_OPEN [6], event=L2CEVT_L2CAP_DATA(0x14) [20]
09-26 11:52:02.932 31661 31681 V bt_bta_sys_main: system/bta/sys/bta_sys_main.cc:71 bta_sys_event: Event 0x1704
09-26 11:52:02.932 31661 31681 V bt_bta_hh: system/bta/hh/bta_hh_main.cc:174 bta_hh_sm_execute: State BTA_HH_CONN_ST(3), Event BTA_HH_INT_DATA_EVT(5892) for xx:xx:xx:xx:2b:83[public][BT_TRANSPORT_BR_EDR]
09-26 11:52:02.932 31661 31681 V bluetooth: system/btif/co/bta_hh_co.cc:773 bta_hh_co_data: dev_handle = 0
09-26 11:52:02.932 31661 31681 V bluetooth: system/btif/co/bta_hh_co.cc:653 bta_hh_co_write: UHID write 16
09-26 11:52:02.942 31661 31681 V l2c_csm : system/stack/l2cap/l2c_csm.cc:1335 l2c_csm_open: LCID: 0x004c  st: OPEN  evt: L2CEVT_L2CAP_DATA(0x14) psm: BT_PSM_HIDI(0x0013)
09-26 11:52:02.942 31661 31681 V bluetooth: system/stack/hid/hidh_conn.cc:701 hidh_l2cif_data_ind: HID-Host hidh_l2cif_data_ind [l2cap_cid=0x004c]
09-26 11:52:02.942 31661 31681 V bt_bta_hh: system/bta/hh/bta_hh_act.cc:1144 bta_hh_cback: HID_event [HID_HDEV_EVT_INTR_DATA]
09-26 11:52:02.942 31661 31681 V l2c_csm : system/stack/l2cap/l2c_csm.cc:1514 l2c_csm_open: Exit chnl_state=CST_OPEN [6], event=L2CEVT_L2CAP_DATA(0x14) [20]
09-26 11:52:02.942 31661 31681 V bt_bta_sys_main: system/bta/sys/bta_sys_main.cc:71 bta_sys_event: Event 0x1704
09-26 11:52:02.942 31661 31681 V bt_bta_hh: system/bta/hh/bta_hh_main.cc:174 bta_hh_sm_execute: State BTA_HH_CONN_ST(3), Event BTA_HH_INT_DATA_EVT(5892) for xx:xx:xx:xx:2b:83[public][BT_TRANSPORT_BR_EDR]
09-26 11:52:02.942 31661 31681 V bluetooth: system/btif/co/bta_hh_co.cc:773 bta_hh_co_data: dev_handle = 0
09-26 11:52:02.942 31661 31681 V bluetooth: system/btif/co/bta_hh_co.cc:653 bta_hh_co_write: UHID write 16
09-26 11:52:02.952 31661 31681 V l2c_csm : system/stack/l2cap/l2c_csm.cc:1335 l2c_csm_open: LCID: 0x004c  st: OPEN  evt: L2CEVT_L2CAP_DATA(0x14) psm: BT_PSM_HIDI(0x0013)
09-26 11:52:02.952 31661 31681 V bluetooth: system/stack/hid/hidh_conn.cc:701 hidh_l2cif_data_ind: HID-Host hidh_l2cif_data_ind [l2cap_cid=0x004c]
09-26 11:52:02.952 31661 31681 V bt_bta_hh: system/bta/hh/bta_hh_act.cc:1144 bta_hh_cback: HID_event [HID_HDEV_EVT_INTR_DATA]
09-26 11:52:02.952 31661 31681 V l2c_csm : system/stack/l2cap/l2c_csm.cc:1514 l2c_csm_open: Exit chnl_state=CST_OPEN [6], event=L2CEVT_L2CAP_DATA(0x14) [20]
09-26 11:52:02.952 31661 31681 V bt_bta_sys_main: system/bta/sys/bta_sys_main.cc:71 bta_sys_event: Event 0x1704
09-26 11:52:02.952 31661 31681 V bt_bta_hh: system/bta/hh/bta_hh_main.cc:174 bta_hh_sm_execute: State BTA_HH_CONN_ST(3), Event BTA_HH_INT_DATA_EVT(5892) for xx:xx:xx:xx:2b:83[public][BT_TRANSPORT_BR_EDR]
09-26 11:52:02.952 31661 31681 V bluetooth: system/btif/co/bta_hh_co.cc:773 bta_hh_co_data: dev_handle = 0
09-26 11:52:02.952 31661 31681 V bluetooth: system/btif/co/bta_hh_co.cc:653 bta_hh_co_write: UHID write 16
09-26 11:52:02.962 31661 31681 V l2c_csm : system/stack/l2cap/l2c_csm.cc:1335 l2c_csm_open: LCID: 0x004c  st: OPEN  evt: L2CEVT_L2CAP_DATA(0x14) psm: BT_PSM_HIDI(0x0013)
09-26 11:52:02.962 31661 31681 V bluetooth: system/stack/hid/hidh_conn.cc:701 hidh_l2cif_data_ind: HID-Host hidh_l2cif_data_ind [l2cap_cid=0x004c]
09-26 11:52:02.962 31661 31681 V bt_bta_hh: system/bta/hh/bta_hh_act.cc:1144 bta_hh_cback: HID_event [HID_HDEV_EVT_INTR_DATA]
09-26 11:52:02.962 31661 31681 V l2c_csm : system/stack/l2cap/l2c_csm.cc:1514 l2c_csm_open: Exit chnl_state=CST_OPEN [6], event=L2CEVT_L2CAP_DATA(0x14) [20]
09-26 11:52:02.962 31661 31681 V bt_bta_sys_main: system/bta/sys/bta_sys_main.cc:71 bta_sys_event: Event 0x1704
09-26 11:52:02.962 31661 31681 V bt_bta_hh: system/bta/hh/bta_hh_main.cc:174 bta_hh_sm_execute: State BTA_HH_CONN_ST(3), Event BTA_HH_INT_DATA_EVT(5892) for xx:xx:xx:xx:2b:83[public][BT_TRANSPORT_BR_EDR]
09-26 11:52:02.962 31661 31681 V bluetooth: system/btif/co/bta_hh_co.cc:773 bta_hh_co_data: dev_handle = 0
09-26 11:52:02.962 31661 31681 V bluetooth: system/btif/co/bta_hh_co.cc:653 bta_hh_co_write: UHID write 16
09-26 11:52:02.962  2159  3343 D QmiClient: qmiServiceEventCallback recv msg id 47
09-26 11:52:02.962  2159  3343 D QmiClient: enter -mServiceType 10 onQmiServiceEventCallback msgId 47
09-26 11:52:02.962  2159  3343 D QmiClient: onQmiServiceEventCallback - enter. msgId=47
09-26 11:52:02.963  2159  2222 D OttProxy: handleMessage msg is 3001
09-26 11:52:02.963  2159  2159 E RadioServiceIndication: mSubsysRadioIndication null
09-26 11:52:02.972 31661 31681 V l2c_csm : system/stack/l2cap/l2c_csm.cc:1335 l2c_csm_open: LCID: 0x004c  st: OPEN  evt: L2CEVT_L2CAP_DATA(0x14) psm: BT_PSM_HIDI(0x0013)
09-26 11:52:02.972 31661 31681 V bluetooth: system/stack/hid/hidh_conn.cc:701 hidh_l2cif_data_ind: HID-Host hidh_l2cif_data_ind [l2cap_cid=0x004c]
09-26 11:52:02.972 31661 31681 V bt_bta_hh: system/bta/hh/bta_hh_act.cc:1144 bta_hh_cback: HID_event [HID_HDEV_EVT_INTR_DATA]
09-26 11:52:02.972 31661 31681 V l2c_csm : system/stack/l2cap/l2c_csm.cc:1514 l2c_csm_open: Exit chnl_state=CST_OPEN [6], event=L2CEVT_L2CAP_DATA(0x14) [20]
09-26 11:52:02.972 31661 31681 V bt_bta_sys_main: system/bta/sys/bta_sys_main.cc:71 bta_sys_event: Event 0x1704
09-26 11:52:02.972 31661 31681 V bt_bta_hh: system/bta/hh/bta_hh_main.cc:174 bta_hh_sm_execute: State BTA_HH_CONN_ST(3), Event BTA_HH_INT_DATA_EVT(5892) for xx:xx:xx:xx:2b:83[public][BT_TRANSPORT_BR_EDR]
09-26 11:52:02.972 31661 31681 V bluetooth: system/btif/co/bta_hh_co.cc:773 bta_hh_co_data: dev_handle = 0
09-26 11:52:02.972 31661 31681 V bluetooth: system/btif/co/bta_hh_co.cc:653 bta_hh_co_write: UHID write 16
09-26 11:52:02.982 31661 31681 V l2c_csm : system/stack/l2cap/l2c_csm.cc:1335 l2c_csm_open: LCID: 0x004c  st: OPEN  evt: L2CEVT_L2CAP_DATA(0x14) psm: BT_PSM_HIDI(0x0013)
09-26 11:52:02.982 31661 31681 V bluetooth: system/stack/hid/hidh_conn.cc:701 hidh_l2cif_data_ind: HID-Host hidh_l2cif_data_ind [l2cap_cid=0x004c]
09-26 11:52:02.982 31661 31681 V bt_bta_hh: system/bta/hh/bta_hh_act.cc:1144 bta_hh_cback: HID_event [HID_HDEV_EVT_INTR_DATA]
09-26 11:52:02.982 31661 31681 V l2c_csm : system/stack/l2cap/l2c_csm.cc:1514 l2c_csm_open: Exit chnl_state=CST_OPEN [6], event=L2CEVT_L2CAP_DATA(0x14) [20]
09-26 11:52:02.982 31661 31681 V bt_bta_sys_main: system/bta/sys/bta_sys_main.cc:71 bta_sys_event: Event 0x1704
09-26 11:52:02.982 31661 31681 V bt_bta_hh: system/bta/hh/bta_hh_main.cc:174 bta_hh_sm_execute: State BTA_HH_CONN_ST(3), Event BTA_HH_INT_DATA_EVT(5892) for xx:xx:xx:xx:2b:83[public][BT_TRANSPORT_BR_EDR]
09-26 11:52:02.983 31661 31681 V bluetooth: system/btif/co/bta_hh_co.cc:773 bta_hh_co_data: dev_handle = 0
09-26 11:52:02.983 31661 31681 V bluetooth: system/btif/co/bta_hh_co.cc:653 bta_hh_co_write: UHID write 16
09-26 11:52:02.992 31661 31681 V l2c_csm : system/stack/l2cap/l2c_csm.cc:1335 l2c_csm_open: LCID: 0x004c  st: OPEN  evt: L2CEVT_L2CAP_DATA(0x14) psm: BT_PSM_HIDI(0x0013)
09-26 11:52:02.992 31661 31681 V bluetooth: system/stack/hid/hidh_conn.cc:701 hidh_l2cif_data_ind: HID-Host hidh_l2cif_data_ind [l2cap_cid=0x004c]
09-26 11:52:02.992 31661 31681 V bt_bta_hh: system/bta/hh/bta_hh_act.cc:1144 bta_hh_cback: HID_event [HID_HDEV_EVT_INTR_DATA]
09-26 11:52:02.992 31661 31681 V l2c_csm : system/stack/l2cap/l2c_csm.cc:1514 l2c_csm_open: Exit chnl_state=CST_OPEN [6], event=L2CEVT_L2CAP_DATA(0x14) [20]
09-26 11:52:02.992 31661 31681 V bt_bta_sys_main: system/bta/sys/bta_sys_main.cc:71 bta_sys_event: Event 0x1704
09-26 11:52:02.992 31661 31681 V bt_bta_hh: system/bta/hh/bta_hh_main.cc:174 bta_hh_sm_execute: State BTA_HH_CONN_ST(3), Event BTA_HH_INT_DATA_EVT(5892) for xx:xx:xx:xx:2b:83[public][BT_TRANSPORT_BR_EDR]
09-26 11:52:02.992 31661 31681 V bluetooth: system/btif/co/bta_hh_co.cc:773 bta_hh_co_data: dev_handle = 0
09-26 11:52:02.992 31661 31681 V bluetooth: system/btif/co/bta_hh_co.cc:653 bta_hh_co_write: UHID write 16
09-26 11:52:02.993  1616  1871 I SDM     : DisplayBase::CommitThread: Received idle timeout, panel: cmd, timeout: 70000 us
09-26 11:52:03.002 31661 31681 V l2c_csm : system/stack/l2cap/l2c_csm.cc:1335 l2c_csm_open: LCID: 0x004c  st: OPEN  evt: L2CEVT_L2CAP_DATA(0x14) psm: BT_PSM_HIDI(0x0013)
09-26 11:52:03.002 31661 31681 V bluetooth: system/stack/hid/hidh_conn.cc:701 hidh_l2cif_data_ind: HID-Host hidh_l2cif_data_ind [l2cap_cid=0x004c]
09-26 11:52:03.002 31661 31681 V bt_bta_hh: system/bta/hh/bta_hh_act.cc:1144 bta_hh_cback: HID_event [HID_HDEV_EVT_INTR_DATA]
09-26 11:52:03.002 31661 31681 V l2c_csm : system/stack/l2cap/l2c_csm.cc:1514 l2c_csm_open: Exit chnl_state=CST_OPEN [6], event=L2CEVT_L2CAP_DATA(0x14) [20]
09-26 11:52:03.002 31661 31681 V bt_bta_sys_main: system/bta/sys/bta_sys_main.cc:71 bta_sys_event: Event 0x1704
09-26 11:52:03.002 31661 31681 V bt_bta_hh: system/bta/hh/bta_hh_main.cc:174 bta_hh_sm_execute: State BTA_HH_CONN_ST(3), Event BTA_HH_INT_DATA_EVT(5892) for xx:xx:xx:xx:2b:83[public][BT_TRANSPORT_BR_EDR]
09-26 11:52:03.002 31661 31681 V bluetooth: system/btif/co/bta_hh_co.cc:773 bta_hh_co_data: dev_handle = 0
09-26 11:52:03.002 31661 31681 V bluetooth: system/btif/co/bta_hh_co.cc:653 bta_hh_co_write: UHID write 16
09-26 11:52:03.013 31661 31681 V l2c_csm : system/stack/l2cap/l2c_csm.cc:1335 l2c_csm_open: LCID: 0x004c  st: OPEN  evt: L2CEVT_L2CAP_DATA(0x14) psm: BT_PSM_HIDI(0x0013)
09-26 11:52:03.013 31661 31681 V bluetooth: system/stack/hid/hidh_conn.cc:701 hidh_l2cif_data_ind: HID-Host hidh_l2cif_data_ind [l2cap_cid=0x004c]
09-26 11:52:03.013 31661 31681 V bt_bta_hh: system/bta/hh/bta_hh_act.cc:1144 bta_hh_cback: HID_event [HID_HDEV_EVT_INTR_DATA]
09-26 11:52:03.013 31661 31681 V l2c_csm : system/stack/l2cap/l2c_csm.cc:1514 l2c_csm_open: Exit chnl_state=CST_OPEN [6], event=L2CEVT_L2CAP_DATA(0x14) [20]
09-26 11:52:03.013 31661 31681 V bt_bta_sys_main: system/bta/sys/bta_sys_main.cc:71 bta_sys_event: Event 0x1704
09-26 11:52:03.013 31661 31681 V bt_bta_hh: system/bta/hh/bta_hh_main.cc:174 bta_hh_sm_execute: State BTA_HH_CONN_ST(3), Event BTA_HH_INT_DATA_EVT(5892) for xx:xx:xx:xx:2b:83[public][BT_TRANSPORT_BR_EDR]
09-26 11:52:03.013 31661 31681 V bluetooth: system/btif/co/bta_hh_co.cc:773 bta_hh_co_data: dev_handle = 0
09-26 11:52:03.013 31661 31681 V bluetooth: system/btif/co/bta_hh_co.cc:653 bta_hh_co_write: UHID write 16
09-26 11:52:03.014  1561  1561 I android.hardware.power-service-qti: Power setBoost: 0, duration: 0
09-26 11:52:03.022 31661 31681 V l2c_csm : system/stack/l2cap/l2c_csm.cc:1335 l2c_csm_open: LCID: 0x004c  st: OPEN  evt: L2CEVT_L2CAP_DATA(0x14) psm: BT_PSM_HIDI(0x0013)
09-26 11:52:03.022 31661 31681 V bluetooth: system/stack/hid/hidh_conn.cc:701 hidh_l2cif_data_ind: HID-Host hidh_l2cif_data_ind [l2cap_cid=0x004c]
09-26 11:52:03.022 31661 31681 V bt_bta_hh: system/bta/hh/bta_hh_act.cc:1144 bta_hh_cback: HID_event [HID_HDEV_EVT_INTR_DATA]
09-26 11:52:03.022 31661 31681 V l2c_csm : system/stack/l2cap/l2c_csm.cc:1514 l2c_csm_open: Exit chnl_state=CST_OPEN [6], event=L2CEVT_L2CAP_DATA(0x14) [20]
09-26 11:52:03.022 31661 31681 V bt_bta_sys_main: system/bta/sys/bta_sys_main.cc:71 bta_sys_event: Event 0x1704
09-26 11:52:03.022 31661 31681 V bt_bta_hh: system/bta/hh/bta_hh_main.cc:174 bta_hh_sm_execute: State BTA_HH_CONN_ST(3), Event BTA_HH_INT_DATA_EVT(5892) for xx:xx:xx:xx:2b:83[public][BT_TRANSPORT_BR_EDR]
09-26 11:52:03.022 31661 31681 V bluetooth: system/btif/co/bta_hh_co.cc:773 bta_hh_co_data: dev_handle = 0
09-26 11:52:03.022 31661 31681 V bluetooth: system/btif/co/bta_hh_co.cc:653 bta_hh_co_write: UHID write 16
09-26 11:52:03.024 14961 14961 I S3PAD   : classify name='Xbox Wireless Controller' vid=1118 pid=736 sources=16778513 keyboardType=1 -> GAMEPAD/XBOX reason=gamepad-capability-or-identity
09-26 11:52:03.025 14961 14961 D S3PAD   : deviceKey via descriptor
09-26 11:52:03.032 31661 31681 V l2c_csm : system/stack/l2cap/l2c_csm.cc:1335 l2c_csm_open: LCID: 0x004c  st: OPEN  evt: L2CEVT_L2CAP_DATA(0x14) psm: BT_PSM_HIDI(0x0013)
09-26 11:52:03.032 31661 31681 V bluetooth: system/stack/hid/hidh_conn.cc:701 hidh_l2cif_data_ind: HID-Host hidh_l2cif_data_ind [l2cap_cid=0x004c]
09-26 11:52:03.032 31661 31681 V bt_bta_hh: system/bta/hh/bta_hh_act.cc:1144 bta_hh_cback: HID_event [HID_HDEV_EVT_INTR_DATA]
09-26 11:52:03.032 31661 31681 V l2c_csm : system/stack/l2cap/l2c_csm.cc:1514 l2c_csm_open: Exit chnl_state=CST_OPEN [6], event=L2CEVT_L2CAP_DATA(0x14) [20]
09-26 11:52:03.032 31661 31681 V bt_bta_sys_main: system/bta/sys/bta_sys_main.cc:71 bta_sys_event: Event 0x1704
09-26 11:52:03.032 31661 31681 V bt_bta_hh: system/bta/hh/bta_hh_main.cc:174 bta_hh_sm_execute: State BTA_HH_CONN_ST(3), Event BTA_HH_INT_DATA_EVT(5892) for xx:xx:xx:xx:2b:83[public][BT_TRANSPORT_BR_EDR]
09-26 11:52:03.032 31661 31681 V bluetooth: system/btif/co/bta_hh_co.cc:773 bta_hh_co_data: dev_handle = 0
09-26 11:52:03.032 31661 31681 V bluetooth: system/btif/co/bta_hh_co.cc:653 bta_hh_co_write: UHID write 16
09-26 11:52:03.042 31661 31681 V l2c_csm : system/stack/l2cap/l2c_csm.cc:1335 l2c_csm_open: LCID: 0x004c  st: OPEN  evt: L2CEVT_L2CAP_DATA(0x14) psm: BT_PSM_HIDI(0x0013)
09-26 11:52:03.042 31661 31681 V bluetooth: system/stack/hid/hidh_conn.cc:701 hidh_l2cif_data_ind: HID-Host hidh_l2cif_data_ind [l2cap_cid=0x004c]
09-26 11:52:03.042 31661 31681 V bt_bta_hh: system/bta/hh/bta_hh_act.cc:1144 bta_hh_cback: HID_event [HID_HDEV_EVT_INTR_DATA]
09-26 11:52:03.042 31661 31681 V l2c_csm : system/stack/l2cap/l2c_csm.cc:1514 l2c_csm_open: Exit chnl_state=CST_OPEN [6], event=L2CEVT_L2CAP_DATA(0x14) [20]
09-26 11:52:03.042 31661 31681 V bt_bta_sys_main: system/bta/sys/bta_sys_main.cc:71 bta_sys_event: Event 0x1704
09-26 11:52:03.042 31661 31681 V bt_bta_hh: system/bta/hh/bta_hh_main.cc:174 bta_hh_sm_execute: State BTA_HH_CONN_ST(3), Event BTA_HH_INT_DATA_EVT(5892) for xx:xx:xx:xx:2b:83[public][BT_TRANSPORT_BR_EDR]
09-26 11:52:03.042 31661 31681 V bluetooth: system/btif/co/bta_hh_co.cc:773 bta_hh_co_data: dev_handle = 0
09-26 11:52:03.042 31661 31681 V bluetooth: system/btif/co/bta_hh_co.cc:653 bta_hh_co_write: UHID write 16
09-26 11:52:03.052 31661 31681 V l2c_csm : system/stack/l2cap/l2c_csm.cc:1335 l2c_csm_open: LCID: 0x004c  st: OPEN  evt: L2CEVT_L2CAP_DATA(0x14) psm: BT_PSM_HIDI(0x0013)
09-26 11:52:03.052 31661 31681 V bluetooth: system/stack/hid/hidh_conn.cc:701 hidh_l2cif_data_ind: HID-Host hidh_l2cif_data_ind [l2cap_cid=0x004c]
09-26 11:52:03.052 31661 31681 V bt_bta_hh: system/bta/hh/bta_hh_act.cc:1144 bta_hh_cback: HID_event [HID_HDEV_EVT_INTR_DATA]
09-26 11:52:03.052 31661 31681 V l2c_csm : system/stack/l2cap/l2c_csm.cc:1514 l2c_csm_open: Exit chnl_state=CST_OPEN [6], event=L2CEVT_L2CAP_DATA(0x14) [20]
09-26 11:52:03.052 31661 31681 V bt_bta_sys_main: system/bta/sys/bta_sys_main.cc:71 bta_sys_event: Event 0x1704
09-26 11:52:03.052 31661 31681 V bt_bta_hh: system/bta/hh/bta_hh_main.cc:174 bta_hh_sm_execute: State BTA_HH_CONN_ST(3), Event BTA_HH_INT_DATA_EVT(5892) for xx:xx:xx:xx:2b:83[public][BT_TRANSPORT_BR_EDR]
09-26 11:52:03.052 31661 31681 V bluetooth: system/btif/co/bta_hh_co.cc:773 bta_hh_co_data: dev_handle = 0
09-26 11:52:03.052 31661 31681 V bluetooth: system/btif/co/bta_hh_co.cc:653 bta_hh_co_write: UHID write 16
09-26 11:52:03.062 31661 31681 V l2c_csm : system/stack/l2cap/l2c_csm.cc:1335 l2c_csm_open: LCID: 0x004c  st: OPEN  evt: L2CEVT_L2CAP_DATA(0x14) psm: BT_PSM_HIDI(0x0013)
09-26 11:52:03.062 31661 31681 V bluetooth: system/stack/hid/hidh_conn.cc:701 hidh_l2cif_data_ind: HID-Host hidh_l2cif_data_ind [l2cap_cid=0x004c]
09-26 11:52:03.062 31661 31681 V bt_bta_hh: system/bta/hh/bta_hh_act.cc:1144 bta_hh_cback: HID_event [HID_HDEV_EVT_INTR_DATA]
09-26 11:52:03.062 31661 31681 V l2c_csm : system/stack/l2cap/l2c_csm.cc:1514 l2c_csm_open: Exit chnl_state=CST_OPEN [6], event=L2CEVT_L2CAP_DATA(0x14) [20]
09-26 11:52:03.062 31661 31681 V bt_bta_sys_main: system/bta/sys/bta_sys_main.cc:71 bta_sys_event: Event 0x1704
09-26 11:52:03.062 31661 31681 V bt_bta_hh: system/bta/hh/bta_hh_main.cc:174 bta_hh_sm_execute: State BTA_HH_CONN_ST(3), Event BTA_HH_INT_DATA_EVT(5892) for xx:xx:xx:xx:2b:83[public][BT_TRANSPORT_BR_EDR]
09-26 11:52:03.062 31661 31681 V bluetooth: system/btif/co/bta_hh_co.cc:773 bta_hh_co_data: dev_handle = 0
09-26 11:52:03.062 31661 31681 V bluetooth: system/btif/co/bta_hh_co.cc:653 bta_hh_co_write: UHID write 16
09-26 11:52:03.072 31661 31681 V l2c_csm : system/stack/l2cap/l2c_csm.cc:1335 l2c_csm_open: LCID: 0x004c  st: OPEN  evt: L2CEVT_L2CAP_DATA(0x14) psm: BT_PSM_HIDI(0x0013)
09-26 11:52:03.072 31661 31681 V bluetooth: system/stack/hid/hidh_conn.cc:701 hidh_l2cif_data_ind: HID-Host hidh_l2cif_data_ind [l2cap_cid=0x004c]
09-26 11:52:03.072 31661 31681 V bt_bta_hh: system/bta/hh/bta_hh_act.cc:1144 bta_hh_cback: HID_event [HID_HDEV_EVT_INTR_DATA]
09-26 11:52:03.072 31661 31681 V l2c_csm : system/stack/l2cap/l2c_csm.cc:1514 l2c_csm_open: Exit chnl_state=CST_OPEN [6], event=L2CEVT_L2CAP_DATA(0x14) [20]
09-26 11:52:03.072 31661 31681 V bt_bta_sys_main: system/bta/sys/bta_sys_main.cc:71 bta_sys_event: Event 0x1704
09-26 11:52:03.072 31661 31681 V bt_bta_hh: system/bta/hh/bta_hh_main.cc:174 bta_hh_sm_execute: State BTA_HH_CONN_ST(3), Event BTA_HH_INT_DATA_EVT(5892) for xx:xx:xx:xx:2b:83[public][BT_TRANSPORT_BR_EDR]
09-26 11:52:03.072 31661 31681 V bluetooth: system/btif/co/bta_hh_co.cc:773 bta_hh_co_data: dev_handle = 0
09-26 11:52:03.072 31661 31681 V bluetooth: system/btif/co/bta_hh_co.cc:653 bta_hh_co_write: UHID write 16
09-26 11:52:03.082 31661 31681 V l2c_csm : system/stack/l2cap/l2c_csm.cc:1335 l2c_csm_open: LCID: 0x004c  st: OPEN  evt: L2CEVT_L2CAP_DATA(0x14) psm: BT_PSM_HIDI(0x0013)
09-26 11:52:03.082 31661 31681 V bluetooth: system/stack/hid/hidh_conn.cc:701 hidh_l2cif_data_ind: HID-Host hidh_l2cif_data_ind [l2cap_cid=0x004c]
09-26 11:52:03.082 31661 31681 V bt_bta_hh: system/bta/hh/bta_hh_act.cc:1144 bta_hh_cback: HID_event [HID_HDEV_EVT_INTR_DATA]
09-26 11:52:03.082 31661 31681 V l2c_csm : system/stack/l2cap/l2c_csm.cc:1514 l2c_csm_open: Exit chnl_state=CST_OPEN [6], event=L2CEVT_L2CAP_DATA(0x14) [20]
09-26 11:52:03.082 31661 31681 V bt_bta_sys_main: system/bta/sys/bta_sys_main.cc:71 bta_sys_event: Event 0x1704
09-26 11:52:03.082 31661 31681 V bt_bta_hh: system/bta/hh/bta_hh_main.cc:174 bta_hh_sm_execute: State BTA_HH_CONN_ST(3), Event BTA_HH_INT_DATA_EVT(5892) for xx:xx:xx:xx:2b:83[public][BT_TRANSPORT_BR_EDR]
09-26 11:52:03.082 31661 31681 V bluetooth: system/btif/co/bta_hh_co.cc:773 bta_hh_co_data: dev_handle = 0
09-26 11:52:03.082 31661 31681 V bluetooth: system/btif/co/bta_hh_co.cc:653 bta_hh_co_write: UHID write 16
09-26 11:52:03.092 31661 31681 V l2c_csm : system/stack/l2cap/l2c_csm.cc:1335 l2c_csm_open: LCID: 0x004c  st: OPEN  evt: L2CEVT_L2CAP_DATA(0x14) psm: BT_PSM_HIDI(0x0013)
09-26 11:52:03.092 31661 31681 V bluetooth: system/stack/hid/hidh_conn.cc:701 hidh_l2cif_data_ind: HID-Host hidh_l2cif_data_ind [l2cap_cid=0x004c]
09-26 11:52:03.092 31661 31681 V bt_bta_hh: system/bta/hh/bta_hh_act.cc:1144 bta_hh_cback: HID_event [HID_HDEV_EVT_INTR_DATA]
09-26 11:52:03.092 31661 31681 V l2c_csm : system/stack/l2cap/l2c_csm.cc:1514 l2c_csm_open: Exit chnl_state=CST_OPEN [6], event=L2CEVT_L2CAP_DATA(0x14) [20]
09-26 11:52:03.092 31661 31681 V bt_bta_sys_main: system/bta/sys/bta_sys_main.cc:71 bta_sys_event: Event 0x1704
09-26 11:52:03.092 31661 31681 V bt_bta_hh: system/bta/hh/bta_hh_main.cc:174 bta_hh_sm_execute: State BTA_HH_CONN_ST(3), Event BTA_HH_INT_DATA_EVT(5892) for xx:xx:xx:xx:2b:83[public][BT_TRANSPORT_BR_EDR]
09-26 11:52:03.092 31661 31681 V bluetooth: system/btif/co/bta_hh_co.cc:773 bta_hh_co_data: dev_handle = 0
09-26 11:52:03.092 31661 31681 V bluetooth: system/btif/co/bta_hh_co.cc:653 bta_hh_co_write: UHID write 16
09-26 11:52:03.094  1616  1871 I SDM     : DisplayBase::CommitThread: Received idle timeout, panel: cmd, timeout: 70000 us
09-26 11:52:03.102 31661 31681 V l2c_csm : system/stack/l2cap/l2c_csm.cc:1335 l2c_csm_open: LCID: 0x004c  st: OPEN  evt: L2CEVT_L2CAP_DATA(0x14) psm: BT_PSM_HIDI(0x0013)
09-26 11:52:03.102 31661 31681 V bluetooth: system/stack/hid/hidh_conn.cc:701 hidh_l2cif_data_ind: HID-Host hidh_l2cif_data_ind [l2cap_cid=0x004c]
09-26 11:52:03.102 31661 31681 V bt_bta_hh: system/bta/hh/bta_hh_act.cc:1144 bta_hh_cback: HID_event [HID_HDEV_EVT_INTR_DATA]
09-26 11:52:03.102 31661 31681 V l2c_csm : system/stack/l2cap/l2c_csm.cc:1514 l2c_csm_open: Exit chnl_state=CST_OPEN [6], event=L2CEVT_L2CAP_DATA(0x14) [20]
09-26 11:52:03.102 31661 31681 V bt_bta_sys_main: system/bta/sys/bta_sys_main.cc:71 bta_sys_event: Event 0x1704
09-26 11:52:03.102 31661 31681 V bt_bta_hh: system/bta/hh/bta_hh_main.cc:174 bta_hh_sm_execute: State BTA_HH_CONN_ST(3), Event BTA_HH_INT_DATA_EVT(5892) for xx:xx:xx:xx:2b:83[public][BT_TRANSPORT_BR_EDR]
09-26 11:52:03.102 31661 31681 V bluetooth: system/btif/co/bta_hh_co.cc:773 bta_hh_co_data: dev_handle = 0
09-26 11:52:03.102 31661 31681 V bluetooth: system/btif/co/bta_hh_co.cc:653 bta_hh_co_write: UHID write 16
09-26 11:52:03.112 31661 31681 V l2c_csm : system/stack/l2cap/l2c_csm.cc:1335 l2c_csm_open: LCID: 0x004c  st: OPEN  evt: L2CEVT_L2CAP_DATA(0x14) psm: BT_PSM_HIDI(0x0013)
09-26 11:52:03.112 31661 31681 V bluetooth: system/stack/hid/hidh_conn.cc:701 hidh_l2cif_data_ind: HID-Host hidh_l2cif_data_ind [l2cap_cid=0x004c]
09-26 11:52:03.112 31661 31681 V bt_bta_hh: system/bta/hh/bta_hh_act.cc:1144 bta_hh_cback: HID_event [HID_HDEV_EVT_INTR_DATA]
09-26 11:52:03.112 31661 31681 V l2c_csm : system/stack/l2cap/l2c_csm.cc:1514 l2c_csm_open: Exit chnl_state=CST_OPEN [6], event=L2CEVT_L2CAP_DATA(0x14) [20]
09-26 11:52:03.112 31661 31681 V bt_bta_sys_main: system/bta/sys/bta_sys_main.cc:71 bta_sys_event: Event 0x1704
09-26 11:52:03.112 31661 31681 V bt_bta_hh: system/bta/hh/bta_hh_main.cc:174 bta_hh_sm_execute: State BTA_HH_CONN_ST(3), Event BTA_HH_INT_DATA_EVT(5892) for xx:xx:xx:xx:2b:83[public][BT_TRANSPORT_BR_EDR]
09-26 11:52:03.112 31661 31681 V bluetooth: system/btif/co/bta_hh_co.cc:773 bta_hh_co_data: dev_handle = 0
09-26 11:52:03.112 31661 31681 V bluetooth: system/btif/co/bta_hh_co.cc:653 bta_hh_co_write: UHID write 16
09-26 11:52:03.123 31661 31681 V l2c_csm : system/stack/l2cap/l2c_csm.cc:1335 l2c_csm_open: LCID: 0x004c  st: OPEN  evt: L2CEVT_L2CAP_DATA(0x14) psm: BT_PSM_HIDI(0x0013)
09-26 11:52:03.123 31661 31681 V bluetooth: system/stack/hid/hidh_conn.cc:701 hidh_l2cif_data_ind: HID-Host hidh_l2cif_data_ind [l2cap_cid=0x004c]
09-26 11:52:03.123 31661 31681 V bt_bta_hh: system/bta/hh/bta_hh_act.cc:1144 bta_hh_cback: HID_event [HID_HDEV_EVT_INTR_DATA]
09-26 11:52:03.123 31661 31681 V l2c_csm : system/stack/l2cap/l2c_csm.cc:1514 l2c_csm_open: Exit chnl_state=CST_OPEN [6], event=L2CEVT_L2CAP_DATA(0x14) [20]
09-26 11:52:03.123 31661 31681 V bt_bta_sys_main: system/bta/sys/bta_sys_main.cc:71 bta_sys_event: Event 0x1704
09-26 11:52:03.123 31661 31681 V bt_bta_hh: system/bta/hh/bta_hh_main.cc:174 bta_hh_sm_execute: State BTA_HH_CONN_ST(3), Event BTA_HH_INT_DATA_EVT(5892) for xx:xx:xx:xx:2b:83[public][BT_TRANSPORT_BR_EDR]
09-26 11:52:03.123 31661 31681 V bluetooth: system/btif/co/bta_hh_co.cc:773 bta_hh_co_data: dev_handle = 0
09-26 11:52:03.123 31661 31681 V bluetooth: system/btif/co/bta_hh_co.cc:653 bta_hh_co_write: UHID write 16
09-26 11:52:03.132 31661 31681 V l2c_csm : system/stack/l2cap/l2c_csm.cc:1335 l2c_csm_open: LCID: 0x004c  st: OPEN  evt: L2CEVT_L2CAP_DATA(0x14) psm: BT_PSM_HIDI(0x0013)
09-26 11:52:03.132 31661 31681 V bluetooth: system/stack/hid/hidh_conn.cc:701 hidh_l2cif_data_ind: HID-Host hidh_l2cif_data_ind [l2cap_cid=0x004c]
09-26 11:52:03.132 31661 31681 V bt_bta_hh: system/bta/hh/bta_hh_act.cc:1144 bta_hh_cback: HID_event [HID_HDEV_EVT_INTR_DATA]
09-26 11:52:03.132 31661 31681 V l2c_csm : system/stack/l2cap/l2c_csm.cc:1514 l2c_csm_open: Exit chnl_state=CST_OPEN [6], event=L2CEVT_L2CAP_DATA(0x14) [20]
09-26 11:52:03.132 31661 31681 V bt_bta_sys_main: system/bta/sys/bta_sys_main.cc:71 bta_sys_event: Event 0x1704
09-26 11:52:03.132 31661 31681 V bt_bta_hh: system/bta/hh/bta_hh_main.cc:174 bta_hh_sm_execute: State BTA_HH_CONN_ST(3), Event BTA_HH_INT_DATA_EVT(5892) for xx:xx:xx:xx:2b:83[public][BT_TRANSPORT_BR_EDR]
09-26 11:52:03.132 31661 31681 V bluetooth: system/btif/co/bta_hh_co.cc:773 bta_hh_co_data: dev_handle = 0
09-26 11:52:03.132 31661 31681 V bluetooth: system/btif/co/bta_hh_co.cc:653 bta_hh_co_write: UHID write 16
09-26 11:52:03.134  1570  1606 I android.hardware.thermal-service.qti: sensor: cpu-2-1-0 temperature: 89.9 old: 3 new: 0
09-26 11:52:03.143 31661 31681 V l2c_csm : system/stack/l2cap/l2c_csm.cc:1335 l2c_csm_open: LCID: 0x004c  st: OPEN  evt: L2CEVT_L2CAP_DATA(0x14) psm: BT_PSM_HIDI(0x0013)
09-26 11:52:03.143 31661 31681 V bluetooth: system/stack/hid/hidh_conn.cc:701 hidh_l2cif_data_ind: HID-Host hidh_l2cif_data_ind [l2cap_cid=0x004c]
09-26 11:52:03.143 31661 31681 V bt_bta_hh: system/bta/hh/bta_hh_act.cc:1144 bta_hh_cback: HID_event [HID_HDEV_EVT_INTR_DATA]
09-26 11:52:03.143 31661 31681 V l2c_csm : system/stack/l2cap/l2c_csm.cc:1514 l2c_csm_open: Exit chnl_state=CST_OPEN [6], event=L2CEVT_L2CAP_DATA(0x14) [20]
09-26 11:52:03.143 31661 31681 V bt_bta_sys_main: system/bta/sys/bta_sys_main.cc:71 bta_sys_event: Event 0x1704
09-26 11:52:03.143 31661 31681 V bt_bta_hh: system/bta/hh/bta_hh_main.cc:174 bta_hh_sm_execute: State BTA_HH_CONN_ST(3), Event BTA_HH_INT_DATA_EVT(5892) for xx:xx:xx:xx:2b:83[public][BT_TRANSPORT_BR_EDR]
09-26 11:52:03.143 31661 31681 V bluetooth: system/btif/co/bta_hh_co.cc:773 bta_hh_co_data: dev_handle = 0
09-26 11:52:03.143 31661 31681 V bluetooth: system/btif/co/bta_hh_co.cc:653 bta_hh_co_write: UHID write 16
09-26 11:52:03.143  1570  1606 I android.hardware.thermal-service.qti: sensor: cpu-2-1-0 temperature: 95 old: 0 new: 3
09-26 11:52:03.150  1621  5332 E ANDR-PERF-LM: SilkyScrolls: emptyContentDetection() 762: empty Content found
09-26 11:52:03.152 31661 31681 V l2c_csm : system/stack/l2cap/l2c_csm.cc:1335 l2c_csm_open: LCID: 0x004c  st: OPEN  evt: L2CEVT_L2CAP_DATA(0x14) psm: BT_PSM_HIDI(0x0013)
09-26 11:52:03.152 31661 31681 V bluetooth: system/stack/hid/hidh_conn.cc:701 hidh_l2cif_data_ind: HID-Host hidh_l2cif_data_ind [l2cap_cid=0x004c]
09-26 11:52:03.152 31661 31681 V bt_bta_hh: system/bta/hh/bta_hh_act.cc:1144 bta_hh_cback: HID_event [HID_HDEV_EVT_INTR_DATA]
09-26 11:52:03.152 31661 31681 V l2c_csm : system/stack/l2cap/l2c_csm.cc:1514 l2c_csm_open: Exit chnl_state=CST_OPEN [6], event=L2CEVT_L2CAP_DATA(0x14) [20]
09-26 11:52:03.152 31661 31681 V bt_bta_sys_main: system/bta/sys/bta_sys_main.cc:71 bta_sys_event: Event 0x1704
09-26 11:52:03.152 31661 31681 V bt_bta_hh: system/bta/hh/bta_hh_main.cc:174 bta_hh_sm_execute: State BTA_HH_CONN_ST(3), Event BTA_HH_INT_DATA_EVT(5892) for xx:xx:xx:xx:2b:83[public][BT_TRANSPORT_BR_EDR]
09-26 11:52:03.152 31661 31681 V bluetooth: system/btif/co/bta_hh_co.cc:773 bta_hh_co_data: dev_handle = 0
09-26 11:52:03.152 31661 31681 V bluetooth: system/btif/co/bta_hh_co.cc:653 bta_hh_co_write: UHID write 16
09-26 11:52:03.162 31661 31681 V l2c_csm : system/stack/l2cap/l2c_csm.cc:1335 l2c_csm_open: LCID: 0x004c  st: OPEN  evt: L2CEVT_L2CAP_DATA(0x14) psm: BT_PSM_HIDI(0x0013)
09-26 11:52:03.162 31661 31681 V bluetooth: system/stack/hid/hidh_conn.cc:701 hidh_l2cif_data_ind: HID-Host hidh_l2cif_data_ind [l2cap_cid=0x004c]
09-26 11:52:03.162 31661 31681 V bt_bta_hh: system/bta/hh/bta_hh_act.cc:1144 bta_hh_cback: HID_event [HID_HDEV_EVT_INTR_DATA]
09-26 11:52:03.162 31661 31681 V l2c_csm : system/stack/l2cap/l2c_csm.cc:1514 l2c_csm_open: Exit chnl_state=CST_OPEN [6], event=L2CEVT_L2CAP_DATA(0x14) [20]
09-26 11:52:03.162 31661 31681 V bt_bta_sys_main: system/bta/sys/bta_sys_main.cc:71 bta_sys_event: Event 0x1704
09-26 11:52:03.162 31661 31681 V bt_bta_hh: system/bta/hh/bta_hh_main.cc:174 bta_hh_sm_execute: State BTA_HH_CONN_ST(3), Event BTA_HH_INT_DATA_EVT(5892) for xx:xx:xx:xx:2b:83[public][BT_TRANSPORT_BR_EDR]
09-26 11:52:03.162 31661 31681 V bluetooth: system/btif/co/bta_hh_co.cc:773 bta_hh_co_data: dev_handle = 0
09-26 11:52:03.162 31661 31681 V bluetooth: system/btif/co/bta_hh_co.cc:653 bta_hh_co_write: UHID write 16
09-26 11:52:03.172 31661 31681 V l2c_csm : system/stack/l2cap/l2c_csm.cc:1335 l2c_csm_open: LCID: 0x004c  st: OPEN  evt: L2CEVT_L2CAP_DATA(0x14) psm: BT_PSM_HIDI(0x0013)
09-26 11:52:03.172 31661 31681 V bluetooth: system/stack/hid/hidh_conn.cc:701 hidh_l2cif_data_ind: HID-Host hidh_l2cif_data_ind [l2cap_cid=0x004c]
09-26 11:52:03.172 31661 31681 V bt_bta_hh: system/bta/hh/bta_hh_act.cc:1144 bta_hh_cback: HID_event [HID_HDEV_EVT_INTR_DATA]
09-26 11:52:03.172 31661 31681 V l2c_csm : system/stack/l2cap/l2c_csm.cc:1514 l2c_csm_open: Exit chnl_state=CST_OPEN [6], event=L2CEVT_L2CAP_DATA(0x14) [20]
09-26 11:52:03.172 31661 31681 V bt_bta_sys_main: system/bta/sys/bta_sys_main.cc:71 bta_sys_event: Event 0x1704
09-26 11:52:03.172 31661 31681 V bt_bta_hh: system/bta/hh/bta_hh_main.cc:174 bta_hh_sm_execute: State BTA_HH_CONN_ST(3), Event BTA_HH_INT_DATA_EVT(5892) for xx:xx:xx:xx:2b:83[public][BT_TRANSPORT_BR_EDR]
09-26 11:52:03.172 31661 31681 V bluetooth: system/btif/co/bta_hh_co.cc:773 bta_hh_co_data: dev_handle = 0
09-26 11:52:03.172 31661 31681 V bluetooth: system/btif/co/bta_hh_co.cc:653 bta_hh_co_write: UHID write 16
09-26 11:52:03.182 31661 31681 V l2c_csm : system/stack/l2cap/l2c_csm.cc:1335 l2c_csm_open: LCID: 0x004c  st: OPEN  evt: L2CEVT_L2CAP_DATA(0x14) psm: BT_PSM_HIDI(0x0013)
09-26 11:52:03.182 31661 31681 V bluetooth: system/stack/hid/hidh_conn.cc:701 hidh_l2cif_data_ind: HID-Host hidh_l2cif_data_ind [l2cap_cid=0x004c]
09-26 11:52:03.182 31661 31681 V bt_bta_hh: system/bta/hh/bta_hh_act.cc:1144 bta_hh_cback: HID_event [HID_HDEV_EVT_INTR_DATA]
09-26 11:52:03.182 31661 31681 V l2c_csm : system/stack/l2cap/l2c_csm.cc:1514 l2c_csm_open: Exit chnl_state=CST_OPEN [6], event=L2CEVT_L2CAP_DATA(0x14) [20]
09-26 11:52:03.182 31661 31681 V bt_bta_sys_main: system/bta/sys/bta_sys_main.cc:71 bta_sys_event: Event 0x1704
09-26 11:52:03.182 31661 31681 V bt_bta_hh: system/bta/hh/bta_hh_main.cc:174 bta_hh_sm_execute: State BTA_HH_CONN_ST(3), Event BTA_HH_INT_DATA_EVT(5892) for xx:xx:xx:xx:2b:83[public][BT_TRANSPORT_BR_EDR]
09-26 11:52:03.182 31661 31681 V bluetooth: system/btif/co/bta_hh_co.cc:773 bta_hh_co_data: dev_handle = 0
09-26 11:52:03.182 31661 31681 V bluetooth: system/btif/co/bta_hh_co.cc:653 bta_hh_co_write: UHID write 16
09-26 11:52:03.192 31661 31681 V l2c_csm : system/stack/l2cap/l2c_csm.cc:1335 l2c_csm_open: LCID: 0x004c  st: OPEN  evt: L2CEVT_L2CAP_DATA(0x14) psm: BT_PSM_HIDI(0x0013)
09-26 11:52:03.192 31661 31681 V bluetooth: system/stack/hid/hidh_conn.cc:701 hidh_l2cif_data_ind: HID-Host hidh_l2cif_data_ind [l2cap_cid=0x004c]
09-26 11:52:03.192 31661 31681 V bt_bta_hh: system/bta/hh/bta_hh_act.cc:1144 bta_hh_cback: HID_event [HID_HDEV_EVT_INTR_DATA]
09-26 11:52:03.192 31661 31681 V l2c_csm : system/stack/l2cap/l2c_csm.cc:1514 l2c_csm_open: Exit chnl_state=CST_OPEN [6], event=L2CEVT_L2CAP_DATA(0x14) [20]
09-26 11:52:03.192 31661 31681 V bt_bta_sys_main: system/bta/sys/bta_sys_main.cc:71 bta_sys_event: Event 0x1704
09-26 11:52:03.192 31661 31681 V bt_bta_hh: system/bta/hh/bta_hh_main.cc:174 bta_hh_sm_execute: State BTA_HH_CONN_ST(3), Event BTA_HH_INT_DATA_EVT(5892) for xx:xx:xx:xx:2b:83[public][BT_TRANSPORT_BR_EDR]
09-26 11:52:03.192 31661 31681 V bluetooth: system/btif/co/bta_hh_co.cc:773 bta_hh_co_data: dev_handle = 0
09-26 11:52:03.192 31661 31681 V bluetooth: system/btif/co/bta_hh_co.cc:653 bta_hh_co_write: UHID write 16
09-26 11:52:03.202 31661 31681 V l2c_csm : system/stack/l2cap/l2c_csm.cc:1335 l2c_csm_open: LCID: 0x004c  st: OPEN  evt: L2CEVT_L2CAP_DATA(0x14) psm: BT_PSM_HIDI(0x0013)
09-26 11:52:03.202 31661 31681 V bluetooth: system/stack/hid/hidh_conn.cc:701 hidh_l2cif_data_ind: HID-Host hidh_l2cif_data_ind [l2cap_cid=0x004c]
09-26 11:52:03.202 31661 31681 V bt_bta_hh: system/bta/hh/bta_hh_act.cc:1144 bta_hh_cback: HID_event [HID_HDEV_EVT_INTR_DATA]
09-26 11:52:03.202 31661 31681 V l2c_csm : system/stack/l2cap/l2c_csm.cc:1514 l2c_csm_open: Exit chnl_state=CST_OPEN [6], event=L2CEVT_L2CAP_DATA(0x14) [20]
09-26 11:52:03.202 31661 31681 V bt_bta_sys_main: system/bta/sys/bta_sys_main.cc:71 bta_sys_event: Event 0x1704
09-26 11:52:03.202 31661 31681 V bt_bta_hh: system/bta/hh/bta_hh_main.cc:174 bta_hh_sm_execute: State BTA_HH_CONN_ST(3), Event BTA_HH_INT_DATA_EVT(5892) for xx:xx:xx:xx:2b:83[public][BT_TRANSPORT_BR_EDR]
09-26 11:52:03.202 31661 31681 V bluetooth: system/btif/co/bta_hh_co.cc:773 bta_hh_co_data: dev_handle = 0
09-26 11:52:03.202 31661 31681 V bluetooth: system/btif/co/bta_hh_co.cc:653 bta_hh_co_write: UHID write 16
09-26 11:52:03.211  1616  1871 I SDM     : DisplayBase::CommitThread: Received idle timeout, panel: cmd, timeout: 69999 us
09-26 11:52:03.212 31661 31681 V l2c_csm : system/stack/l2cap/l2c_csm.cc:1335 l2c_csm_open: LCID: 0x004c  st: OPEN  evt: L2CEVT_L2CAP_DATA(0x14) psm: BT_PSM_HIDI(0x0013)
09-26 11:52:03.212 31661 31681 V bluetooth: system/stack/hid/hidh_conn.cc:701 hidh_l2cif_data_ind: HID-Host hidh_l2cif_data_ind [l2cap_cid=0x004c]
09-26 11:52:03.212 31661 31681 V bt_bta_hh: system/bta/hh/bta_hh_act.cc:1144 bta_hh_cback: HID_event [HID_HDEV_EVT_INTR_DATA]
09-26 11:52:03.212 31661 31681 V l2c_csm : system/stack/l2cap/l2c_csm.cc:1514 l2c_csm_open: Exit chnl_state=CST_OPEN [6], event=L2CEVT_L2CAP_DATA(0x14) [20]
09-26 11:52:03.212 31661 31681 V bt_bta_sys_main: system/bta/sys/bta_sys_main.cc:71 bta_sys_event: Event 0x1704
09-26 11:52:03.212 31661 31681 V bt_bta_hh: system/bta/hh/bta_hh_main.cc:174 bta_hh_sm_execute: State BTA_HH_CONN_ST(3), Event BTA_HH_INT_DATA_EVT(5892) for xx:xx:xx:xx:2b:83[public][BT_TRANSPORT_BR_EDR]
09-26 11:52:03.212 31661 31681 V bluetooth: system/btif/co/bta_hh_co.cc:773 bta_hh_co_data: dev_handle = 0
09-26 11:52:03.212 31661 31681 V bluetooth: system/btif/co/bta_hh_co.cc:653 bta_hh_co_write: UHID write 16
09-26 11:52:03.219  1768  1768 D SurfaceFlinger: initiateModeChange 4630946652107814787 {mode={fps=60.00 Hz, modePtr={id=1, vsyncRate=60.00 Hz, peakRefreshRate=60.00 Hz}}, emitEvent=false, force=false}
09-26 11:52:03.219  1616  2136 I SDM     : HWCDisplay::SetActiveConfigToIrisWrapper: SetActiveConfigToIrisWrapper on id_: 0
09-26 11:52:03.219  1616  2136 W SDM     : HWCDisplay::SetActiveConfigToIrisWrapper: HWC SetActiveConfig [0, 1], switch to [1264x2780@60]
09-26 11:52:03.219  1616  2136 W SDM     : HWDeviceDRM::GetSupportedBitClkRate: Requested rate not supported: 1012000000
09-26 11:52:03.219  1616  2136 I SDM     : HWDeviceDRM::UpdateMixerAttributes: Mixer WxH 1264x2780-1 for Peripheral
09-26 11:52:03.220  1616  2136 I CwbService: CwbService::notifyConfigChange: display:0, config:1 size:4, sec.size():0
09-26 11:52:03.220  1616  2136 I SDM     : HWCDisplay::SubmitDisplayConfig: Active configuration changed from config 0 to 1
09-26 11:52:03.222 31661 31681 V l2c_csm : system/stack/l2cap/l2c_csm.cc:1335 l2c_csm_open: LCID: 0x004c  st: OPEN  evt: L2CEVT_L2CAP_DATA(0x14) psm: BT_PSM_HIDI(0x0013)
09-26 11:52:03.222 31661 31681 V bluetooth: system/stack/hid/hidh_conn.cc:701 hidh_l2cif_data_ind: HID-Host hidh_l2cif_data_ind [l2cap_cid=0x004c]
09-26 11:52:03.222 31661 31681 V bt_bta_hh: system/bta/hh/bta_hh_act.cc:1144 bta_hh_cback: HID_event [HID_HDEV_EVT_INTR_DATA]
09-26 11:52:03.222 31661 31681 V l2c_csm : system/stack/l2cap/l2c_csm.cc:1514 l2c_csm_open: Exit chnl_state=CST_OPEN [6], event=L2CEVT_L2CAP_DATA(0x14) [20]
09-26 11:52:03.222 31661 31681 V bt_bta_sys_main: system/bta/sys/bta_sys_main.cc:71 bta_sys_event: Event 0x1704
09-26 11:52:03.222 31661 31681 V bt_bta_hh: system/bta/hh/bta_hh_main.cc:174 bta_hh_sm_execute: State BTA_HH_CONN_ST(3), Event BTA_HH_INT_DATA_EVT(5892) for xx:xx:xx:xx:2b:83[public][BT_TRANSPORT_BR_EDR]
09-26 11:52:03.222 31661 31681 V bluetooth: system/btif/co/bta_hh_co.cc:773 bta_hh_co_data: dev_handle = 0
09-26 11:52:03.222 31661 31681 V bluetooth: system/btif/co/bta_hh_co.cc:653 bta_hh_co_write: UHID write 16
09-26 11:52:03.232 31661 31681 V l2c_csm : system/stack/l2cap/l2c_csm.cc:1335 l2c_csm_open: LCID: 0x004c  st: OPEN  evt: L2CEVT_L2CAP_DATA(0x14) psm: BT_PSM_HIDI(0x0013)
09-26 11:52:03.232 31661 31681 V bluetooth: system/stack/hid/hidh_conn.cc:701 hidh_l2cif_data_ind: HID-Host hidh_l2cif_data_ind [l2cap_cid=0x004c]
09-26 11:52:03.232 31661 31681 V bt_bta_hh: system/bta/hh/bta_hh_act.cc:1144 bta_hh_cback: HID_event [HID_HDEV_EVT_INTR_DATA]
09-26 11:52:03.232 31661 31681 V l2c_csm : system/stack/l2cap/l2c_csm.cc:1514 l2c_csm_open: Exit chnl_state=CST_OPEN [6], event=L2CEVT_L2CAP_DATA(0x14) [20]
09-26 11:52:03.232 31661 31681 V bt_bta_sys_main: system/bta/sys/bta_sys_main.cc:71 bta_sys_event: Event 0x1704
09-26 11:52:03.232 31661 31681 V bt_bta_hh: system/bta/hh/bta_hh_main.cc:174 bta_hh_sm_execute: State BTA_HH_CONN_ST(3), Event BTA_HH_INT_DATA_EVT(5892) for xx:xx:xx:xx:2b:83[public][BT_TRANSPORT_BR_EDR]
09-26 11:52:03.232 31661 31681 V bluetooth: system/btif/co/bta_hh_co.cc:773 bta_hh_co_data: dev_handle = 0
09-26 11:52:03.232 31661 31681 V bluetooth: system/btif/co/bta_hh_co.cc:653 bta_hh_co_write: UHID write 16
09-26 11:52:03.242 31661 31681 V l2c_csm : system/stack/l2cap/l2c_csm.cc:1335 l2c_csm_open: LCID: 0x004c  st: OPEN  evt: L2CEVT_L2CAP_DATA(0x14) psm: BT_PSM_HIDI(0x0013)
09-26 11:52:03.242 31661 31681 V bluetooth: system/stack/hid/hidh_conn.cc:701 hidh_l2cif_data_ind: HID-Host hidh_l2cif_data_ind [l2cap_cid=0x004c]
09-26 11:52:03.242 31661 31681 V bt_bta_hh: system/bta/hh/bta_hh_act.cc:1144 bta_hh_cback: HID_event [HID_HDEV_EVT_INTR_DATA]
09-26 11:52:03.242 31661 31681 V l2c_csm : system/stack/l2cap/l2c_csm.cc:1514 l2c_csm_open: Exit chnl_state=CST_OPEN [6], event=L2CEVT_L2CAP_DATA(0x14) [20]
09-26 11:52:03.242 31661 31681 V bt_bta_sys_main: system/bta/sys/bta_sys_main.cc:71 bta_sys_event: Event 0x1704
09-26 11:52:03.242 31661 31681 V bt_bta_hh: system/bta/hh/bta_hh_main.cc:174 bta_hh_sm_execute: State BTA_HH_CONN_ST(3), Event BTA_HH_INT_DATA_EVT(5892) for xx:xx:xx:xx:2b:83[public][BT_TRANSPORT_BR_EDR]
09-26 11:52:03.242 31661 31681 V bluetooth: system/btif/co/bta_hh_co.cc:773 bta_hh_co_data: dev_handle = 0
09-26 11:52:03.242 31661 31681 V bluetooth: system/btif/co/bta_hh_co.cc:653 bta_hh_co_write: UHID write 16
09-26 11:52:03.244  1768  1768 D SurfaceFlinger: initiateModeChange 4630946652107814787 {mode={fps=120.00 Hz, modePtr={id=0, vsyncRate=120.00 Hz, peakRefreshRate=120.00 Hz}}, emitEvent=false, force=false}
09-26 11:52:03.247  1616  2136 I SDM     : HWCDisplay::SetActiveConfigToIrisWrapper: SetActiveConfigToIrisWrapper on id_: 0
09-26 11:52:03.247  1616  2136 W SDM     : HWCDisplay::SetActiveConfigToIrisWrapper: HWC SetActiveConfig [1, 0], switch to [1264x2780@120]
09-26 11:52:03.247  1616  2136 W SDM     : HWDeviceDRM::GetSupportedBitClkRate: Requested rate not supported: 1012000000
09-26 11:52:03.247  1616  2136 I SDM     : HWDeviceDRM::UpdateMixerAttributes: Mixer WxH 1264x2780-1 for Peripheral
09-26 11:52:03.247  1616  2136 I CwbService: CwbService::notifyConfigChange: display:0, config:0 size:4, sec.size():0
09-26 11:52:03.247  1616  2136 I SDM     : HWCDisplay::SubmitDisplayConfig: Active configuration changed from config 1 to 0
09-26 11:52:03.252 31661 31681 V l2c_csm : system/stack/l2cap/l2c_csm.cc:1335 l2c_csm_open: LCID: 0x004c  st: OPEN  evt: L2CEVT_L2CAP_DATA(0x14) psm: BT_PSM_HIDI(0x0013)
09-26 11:52:03.252 31661 31681 V bluetooth: system/stack/hid/hidh_conn.cc:701 hidh_l2cif_data_ind: HID-Host hidh_l2cif_data_ind [l2cap_cid=0x004c]
09-26 11:52:03.252 31661 31681 V bt_bta_hh: system/bta/hh/bta_hh_act.cc:1144 bta_hh_cback: HID_event [HID_HDEV_EVT_INTR_DATA]
09-26 11:52:03.252 31661 31681 V l2c_csm : system/stack/l2cap/l2c_csm.cc:1514 l2c_csm_open: Exit chnl_state=CST_OPEN [6], event=L2CEVT_L2CAP_DATA(0x14) [20]
09-26 11:52:03.252 31661 31681 V bt_bta_sys_main: system/bta/sys/bta_sys_main.cc:71 bta_sys_event: Event 0x1704
09-26 11:52:03.252 31661 31681 V bt_bta_hh: system/bta/hh/bta_hh_main.cc:174 bta_hh_sm_execute: State BTA_HH_CONN_ST(3), Event BTA_HH_INT_DATA_EVT(5892) for xx:xx:xx:xx:2b:83[public][BT_TRANSPORT_BR_EDR]
09-26 11:52:03.252 31661 31681 V bluetooth: system/btif/co/bta_hh_co.cc:773 bta_hh_co_data: dev_handle = 0
09-26 11:52:03.252 31661 31681 V bluetooth: system/btif/co/bta_hh_co.cc:653 bta_hh_co_write: UHID write 16
09-26 11:52:03.262 31661 31681 V l2c_csm : system/stack/l2cap/l2c_csm.cc:1335 l2c_csm_open: LCID: 0x004c  st: OPEN  evt: L2CEVT_L2CAP_DATA(0x14) psm: BT_PSM_HIDI(0x0013)
09-26 11:52:03.262 31661 31681 V bluetooth: system/stack/hid/hidh_conn.cc:701 hidh_l2cif_data_ind: HID-Host hidh_l2cif_data_ind [l2cap_cid=0x004c]
09-26 11:52:03.262 31661 31681 V bt_bta_hh: system/bta/hh/bta_hh_act.cc:1144 bta_hh_cback: HID_event [HID_HDEV_EVT_INTR_DATA]
09-26 11:52:03.262 31661 31681 V l2c_csm : system/stack/l2cap/l2c_csm.cc:1514 l2c_csm_open: Exit chnl_state=CST_OPEN [6], event=L2CEVT_L2CAP_DATA(0x14) [20]
09-26 11:52:03.262 31661 31681 V bt_bta_sys_main: system/bta/sys/bta_sys_main.cc:71 bta_sys_event: Event 0x1704
09-26 11:52:03.262 31661 31681 V bt_bta_hh: system/bta/hh/bta_hh_main.cc:174 bta_hh_sm_execute: State BTA_HH_CONN_ST(3), Event BTA_HH_INT_DATA_EVT(5892) for xx:xx:xx:xx:2b:83[public][BT_TRANSPORT_BR_EDR]
09-26 11:52:03.262 31661 31681 V bluetooth: system/btif/co/bta_hh_co.cc:773 bta_hh_co_data: dev_handle = 0
09-26 11:52:03.262 31661 31681 V bluetooth: system/btif/co/bta_hh_co.cc:653 bta_hh_co_write: UHID write 16
09-26 11:52:03.270  1570  1606 I android.hardware.thermal-service.qti: sensor: cpu-2-0-0 temperature: 95 old: 0 new: 3
09-26 11:52:03.272 31661 31681 V l2c_csm : system/stack/l2cap/l2c_csm.cc:1335 l2c_csm_open: LCID: 0x004c  st: OPEN  evt: L2CEVT_L2CAP_DATA(0x14) psm: BT_PSM_HIDI(0x0013)
09-26 11:52:03.272 31661 31681 V bluetooth: system/stack/hid/hidh_conn.cc:701 hidh_l2cif_data_ind: HID-Host hidh_l2cif_data_ind [l2cap_cid=0x004c]
09-26 11:52:03.272 31661 31681 V bt_bta_hh: system/bta/hh/bta_hh_act.cc:1144 bta_hh_cback: HID_event [HID_HDEV_EVT_INTR_DATA]
09-26 11:52:03.272 31661 31681 V l2c_csm : system/stack/l2cap/l2c_csm.cc:1514 l2c_csm_open: Exit chnl_state=CST_OPEN [6], event=L2CEVT_L2CAP_DATA(0x14) [20]
09-26 11:52:03.272 31661 31681 V bt_bta_sys_main: system/bta/sys/bta_sys_main.cc:71 bta_sys_event: Event 0x1704
09-26 11:52:03.272 31661 31681 V bt_bta_hh: system/bta/hh/bta_hh_main.cc:174 bta_hh_sm_execute: State BTA_HH_CONN_ST(3), Event BTA_HH_INT_DATA_EVT(5892) for xx:xx:xx:xx:2b:83[public][BT_TRANSPORT_BR_EDR]
09-26 11:52:03.272 31661 31681 V bluetooth: system/btif/co/bta_hh_co.cc:773 bta_hh_co_data: dev_handle = 0
09-26 11:52:03.272 31661 31681 V bluetooth: system/btif/co/bta_hh_co.cc:653 bta_hh_co_write: UHID write 16
09-26 11:52:03.282 31661 31681 V l2c_csm : system/stack/l2cap/l2c_csm.cc:1335 l2c_csm_open: LCID: 0x004c  st: OPEN  evt: L2CEVT_L2CAP_DATA(0x14) psm: BT_PSM_HIDI(0x0013)
09-26 11:52:03.282 31661 31681 V bluetooth: system/stack/hid/hidh_conn.cc:701 hidh_l2cif_data_ind: HID-Host hidh_l2cif_data_ind [l2cap_cid=0x004c]
09-26 11:52:03.282 31661 31681 V bt_bta_hh: system/bta/hh/bta_hh_act.cc:1144 bta_hh_cback: HID_event [HID_HDEV_EVT_INTR_DATA]
09-26 11:52:03.282 31661 31681 V l2c_csm : system/stack/l2cap/l2c_csm.cc:1514 l2c_csm_open: Exit chnl_state=CST_OPEN [6], event=L2CEVT_L2CAP_DATA(0x14) [20]
09-26 11:52:03.282 31661 31681 V bt_bta_sys_main: system/bta/sys/bta_sys_main.cc:71 bta_sys_event: Event 0x1704
09-26 11:52:03.282 31661 31681 V bt_bta_hh: system/bta/hh/bta_hh_main.cc:174 bta_hh_sm_execute: State BTA_HH_CONN_ST(3), Event BTA_HH_INT_DATA_EVT(5892) for xx:xx:xx:xx:2b:83[public][BT_TRANSPORT_BR_EDR]
09-26 11:52:03.282 31661 31681 V bluetooth: system/btif/co/bta_hh_co.cc:773 bta_hh_co_data: dev_handle = 0
09-26 11:52:03.282 31661 31681 V bluetooth: system/btif/co/bta_hh_co.cc:653 bta_hh_co_write: UHID write 16
09-26 11:52:03.283  1561  1561 I android.hardware.power-service-qti: Power setBoost: 0, duration: 0
09-26 11:52:03.283  1561  1561 E QTI PowerHAL: Failed to acquire lock.
09-26 11:52:03.283  1561  1561 E QTI PowerHAL: Failed process_boost for boost_handle
09-26 11:52:03.284  1621  1722 E ANDR-PERF-RESOURCEQS: ANDR-PERF-RESOURCEQS: AddAndApply() 125: Resource with major=16, minor=30 not supported
09-26 11:52:03.284  1621  1722 E ANDR-PERF-RESOURCEQS: ANDR-PERF-RESOURCEQS: AddAndApply() 125: Resource with major=16, minor=31 not supported
09-26 11:52:03.292 31661 31681 V l2c_csm : system/stack/l2cap/l2c_csm.cc:1335 l2c_csm_open: LCID: 0x004c  st: OPEN  evt: L2CEVT_L2CAP_DATA(0x14) psm: BT_PSM_HIDI(0x0013)
09-26 11:52:03.292 31661 31681 V bluetooth: system/stack/hid/hidh_conn.cc:701 hidh_l2cif_data_ind: HID-Host hidh_l2cif_data_ind [l2cap_cid=0x004c]
09-26 11:52:03.292 31661 31681 V bt_bta_hh: system/bta/hh/bta_hh_act.cc:1144 bta_hh_cback: HID_event [HID_HDEV_EVT_INTR_DATA]
09-26 11:52:03.292 31661 31681 V l2c_csm : system/stack/l2cap/l2c_csm.cc:1514 l2c_csm_open: Exit chnl_state=CST_OPEN [6], event=L2CEVT_L2CAP_DATA(0x14) [20]
09-26 11:52:03.292 31661 31681 V bt_bta_sys_main: system/bta/sys/bta_sys_main.cc:71 bta_sys_event: Event 0x1704
09-26 11:52:03.292 31661 31681 V bt_bta_hh: system/bta/hh/bta_hh_main.cc:174 bta_hh_sm_execute: State BTA_HH_CONN_ST(3), Event BTA_HH_INT_DATA_EVT(5892) for xx:xx:xx:xx:2b:83[public][BT_TRANSPORT_BR_EDR]
09-26 11:52:03.292 31661 31681 V bluetooth: system/btif/co/bta_hh_co.cc:773 bta_hh_co_data: dev_handle = 0
09-26 11:52:03.292 31661 31681 V bluetooth: system/btif/co/bta_hh_co.cc:653 bta_hh_co_write: UHID write 16
09-26 11:52:03.300 14961 14961 I S3PAD   : classify name='Xbox Wireless Controller' vid=1118 pid=736 sources=16778513 keyboardType=1 -> GAMEPAD/XBOX reason=gamepad-capability-or-identity
09-26 11:52:03.300 14961 14961 D S3PAD   : deviceKey via descriptor
09-26 11:52:03.302 31661 31681 V l2c_csm : system/stack/l2cap/l2c_csm.cc:1335 l2c_csm_open: LCID: 0x004c  st: OPEN  evt: L2CEVT_L2CAP_DATA(0x14) psm: BT_PSM_HIDI(0x0013)
09-26 11:52:03.302 31661 31681 V bluetooth: system/stack/hid/hidh_conn.cc:701 hidh_l2cif_data_ind: HID-Host hidh_l2cif_data_ind [l2cap_cid=0x004c]
09-26 11:52:03.302 31661 31681 V bt_bta_hh: system/bta/hh/bta_hh_act.cc:1144 bta_hh_cback: HID_event [HID_HDEV_EVT_INTR_DATA]
09-26 11:52:03.302 31661 31681 V l2c_csm : system/stack/l2cap/l2c_csm.cc:1514 l2c_csm_open: Exit chnl_state=CST_OPEN [6], event=L2CEVT_L2CAP_DATA(0x14) [20]
09-26 11:52:03.302 31661 31681 V bt_bta_sys_main: system/bta/sys/bta_sys_main.cc:71 bta_sys_event: Event 0x1704
09-26 11:52:03.302 31661 31681 V bt_bta_hh: system/bta/hh/bta_hh_main.cc:174 bta_hh_sm_execute: State BTA_HH_CONN_ST(3), Event BTA_HH_INT_DATA_EVT(5892) for xx:xx:xx:xx:2b:83[public][BT_TRANSPORT_BR_EDR]
09-26 11:52:03.302 31661 31681 V bluetooth: system/btif/co/bta_hh_co.cc:773 bta_hh_co_data: dev_handle = 0
09-26 11:52:03.302 31661 31681 V bluetooth: system/btif/co/bta_hh_co.cc:653 bta_hh_co_write: UHID write 16
09-26 11:52:03.306 14961 14961 I S3PAD   : classify name='Xbox Wireless Controller' vid=1118 pid=736 sources=16778513 keyboardType=1 -> GAMEPAD/XBOX reason=gamepad-capability-or-identity
09-26 11:52:03.306 14961 14961 D S3PAD   : deviceKey via descriptor
09-26 11:52:03.312 31661 31681 V l2c_csm : system/stack/l2cap/l2c_csm.cc:1335 l2c_csm_open: LCID: 0x004c  st: OPEN  evt: L2CEVT_L2CAP_DATA(0x14) psm: BT_PSM_HIDI(0x0013)
09-26 11:52:03.312 31661 31681 V bluetooth: system/stack/hid/hidh_conn.cc:701 hidh_l2cif_data_ind: HID-Host hidh_l2cif_data_ind [l2cap_cid=0x004c]
09-26 11:52:03.312 31661 31681 V bt_bta_hh: system/bta/hh/bta_hh_act.cc:1144 bta_hh_cback: HID_event [HID_HDEV_EVT_INTR_DATA]
09-26 11:52:03.312 31661 31681 V l2c_csm : system/stack/l2cap/l2c_csm.cc:1514 l2c_csm_open: Exit chnl_state=CST_OPEN [6], event=L2CEVT_L2CAP_DATA(0x14) [20]
09-26 11:52:03.312 31661 31681 V bt_bta_sys_main: system/bta/sys/bta_sys_main.cc:71 bta_sys_event: Event 0x1704
09-26 11:52:03.312 31661 31681 V bt_bta_hh: system/bta/hh/bta_hh_main.cc:174 bta_hh_sm_execute: State BTA_HH_CONN_ST(3), Event BTA_HH_INT_DATA_EVT(5892) for xx:xx:xx:xx:2b:83[public][BT_TRANSPORT_BR_EDR]
09-26 11:52:03.312 31661 31681 V bluetooth: system/btif/co/bta_hh_co.cc:773 bta_hh_co_data: dev_handle = 0
09-26 11:52:03.312 31661 31681 V bluetooth: system/btif/co/bta_hh_co.cc:653 bta_hh_co_write: UHID write 16
09-26 11:52:03.314 14961 14961 I S3PAD   : classify name='Xbox Wireless Controller' vid=1118 pid=736 sources=16778513 keyboardType=1 -> GAMEPAD/XBOX reason=gamepad-capability-or-identity
09-26 11:52:03.314 14961 14961 D S3PAD   : deviceKey via descriptor
09-26 11:52:03.322 31661 31681 V l2c_csm : system/stack/l2cap/l2c_csm.cc:1335 l2c_csm_open: LCID: 0x004c  st: OPEN  evt: L2CEVT_L2CAP_DATA(0x14) psm: BT_PSM_HIDI(0x0013)
09-26 11:52:03.322 31661 31681 V bluetooth: system/stack/hid/hidh_conn.cc:701 hidh_l2cif_data_ind: HID-Host hidh_l2cif_data_ind [l2cap_cid=0x004c]
09-26 11:52:03.322 31661 31681 V bt_bta_hh: system/bta/hh/bta_hh_act.cc:1144 bta_hh_cback: HID_event [HID_HDEV_EVT_INTR_DATA]
09-26 11:52:03.322 31661 31681 V l2c_csm : system/stack/l2cap/l2c_csm.cc:1514 l2c_csm_open: Exit chnl_state=CST_OPEN [6], event=L2CEVT_L2CAP_DATA(0x14) [20]
09-26 11:52:03.322 31661 31681 V bt_bta_sys_main: system/bta/sys/bta_sys_main.cc:71 bta_sys_event: Event 0x1704
09-26 11:52:03.322 31661 31681 V bt_bta_hh: system/bta/hh/bta_hh_main.cc:174 bta_hh_sm_execute: State BTA_HH_CONN_ST(3), Event BTA_HH_INT_DATA_EVT(5892) for xx:xx:xx:xx:2b:83[public][BT_TRANSPORT_BR_EDR]
09-26 11:52:03.322 31661 31681 V bluetooth: system/btif/co/bta_hh_co.cc:773 bta_hh_co_data: dev_handle = 0
09-26 11:52:03.322 31661 31681 V bluetooth: system/btif/co/bta_hh_co.cc:653 bta_hh_co_write: UHID write 16
09-26 11:52:03.323  1570  1606 I android.hardware.thermal-service.qti: sensor: cpu-2-0-0 temperature: 89.9 old: 3 new: 0
09-26 11:52:03.324 14961 14961 I S3PAD   : classify name='Xbox Wireless Controller' vid=1118 pid=736 sources=16778513 keyboardType=1 -> GAMEPAD/XBOX reason=gamepad-capability-or-identity
09-26 11:52:03.324 14961 14961 D S3PAD   : deviceKey via descriptor
09-26 11:52:03.330 14961 14961 I S3PAD   : classify name='Xbox Wireless Controller' vid=1118 pid=736 sources=16778513 keyboardType=1 -> GAMEPAD/XBOX reason=gamepad-capability-or-identity
09-26 11:52:03.330 14961 14961 D S3PAD   : deviceKey via descriptor
09-26 11:52:03.332 31661 31681 V l2c_csm : system/stack/l2cap/l2c_csm.cc:1335 l2c_csm_open: LCID: 0x004c  st: OPEN  evt: L2CEVT_L2CAP_DATA(0x14) psm: BT_PSM_HIDI(0x0013)
09-26 11:52:03.332 31661 31681 V bluetooth: system/stack/hid/hidh_conn.cc:701 hidh_l2cif_data_ind: HID-Host hidh_l2cif_data_ind [l2cap_cid=0x004c]
09-26 11:52:03.332 31661 31681 V bt_bta_hh: system/bta/hh/bta_hh_act.cc:1144 bta_hh_cback: HID_event [HID_HDEV_EVT_INTR_DATA]
09-26 11:52:03.332 31661 31681 V l2c_csm : system/stack/l2cap/l2c_csm.cc:1514 l2c_csm_open: Exit chnl_state=CST_OPEN [6], event=L2CEVT_L2CAP_DATA(0x14) [20]
09-26 11:52:03.332 31661 31681 V bt_bta_sys_main: system/bta/sys/bta_sys_main.cc:71 bta_sys_event: Event 0x1704
09-26 11:52:03.332 31661 31681 V bt_bta_hh: system/bta/hh/bta_hh_main.cc:174 bta_hh_sm_execute: State BTA_HH_CONN_ST(3), Event BTA_HH_INT_DATA_EVT(5892) for xx:xx:xx:xx:2b:83[public][BT_TRANSPORT_BR_EDR]
09-26 11:52:03.332 31661 31681 V bluetooth: system/btif/co/bta_hh_co.cc:773 bta_hh_co_data: dev_handle = 0
09-26 11:52:03.332 31661 31681 V bluetooth: system/btif/co/bta_hh_co.cc:653 bta_hh_co_write: UHID write 16
09-26 11:52:03.342 31661 31681 V l2c_csm : system/stack/l2cap/l2c_csm.cc:1335 l2c_csm_open: LCID: 0x004c  st: OPEN  evt: L2CEVT_L2CAP_DATA(0x14) psm: BT_PSM_HIDI(0x0013)
09-26 11:52:03.342 31661 31681 V bluetooth: system/stack/hid/hidh_conn.cc:701 hidh_l2cif_data_ind: HID-Host hidh_l2cif_data_ind [l2cap_cid=0x004c]
09-26 11:52:03.342 31661 31681 V bt_bta_hh: system/bta/hh/bta_hh_act.cc:1144 bta_hh_cback: HID_event [HID_HDEV_EVT_INTR_DATA]
09-26 11:52:03.342 31661 31681 V l2c_csm : system/stack/l2cap/l2c_csm.cc:1514 l2c_csm_open: Exit chnl_state=CST_OPEN [6], event=L2CEVT_L2CAP_DATA(0x14) [20]
09-26 11:52:03.342 31661 31681 V bt_bta_sys_main: system/bta/sys/bta_sys_main.cc:71 bta_sys_event: Event 0x1704
09-26 11:52:03.342 31661 31681 V bt_bta_hh: system/bta/hh/bta_hh_main.cc:174 bta_hh_sm_execute: State BTA_HH_CONN_ST(3), Event BTA_HH_INT_DATA_EVT(5892) for xx:xx:xx:xx:2b:83[public][BT_TRANSPORT_BR_EDR]
09-26 11:52:03.342 31661 31681 V bluetooth: system/btif/co/bta_hh_co.cc:773 bta_hh_co_data: dev_handle = 0
09-26 11:52:03.342 31661 31681 V bluetooth: system/btif/co/bta_hh_co.cc:653 bta_hh_co_write: UHID write 16
09-26 11:52:03.352 31661 31681 V l2c_csm : system/stack/l2cap/l2c_csm.cc:1335 l2c_csm_open: LCID: 0x004c  st: OPEN  evt: L2CEVT_L2CAP_DATA(0x14) psm: BT_PSM_HIDI(0x0013)
09-26 11:52:03.352 31661 31681 V bluetooth: system/stack/hid/hidh_conn.cc:701 hidh_l2cif_data_ind: HID-Host hidh_l2cif_data_ind [l2cap_cid=0x004c]
09-26 11:52:03.352 31661 31681 V bt_bta_hh: system/bta/hh/bta_hh_act.cc:1144 bta_hh_cback: HID_event [HID_HDEV_EVT_INTR_DATA]
09-26 11:52:03.352 31661 31681 V l2c_csm : system/stack/l2cap/l2c_csm.cc:1514 l2c_csm_open: Exit chnl_state=CST_OPEN [6], event=L2CEVT_L2CAP_DATA(0x14) [20]
09-26 11:52:03.352 31661 31681 V bt_bta_sys_main: system/bta/sys/bta_sys_main.cc:71 bta_sys_event: Event 0x1704
09-26 11:52:03.352 31661 31681 V bt_bta_hh: system/bta/hh/bta_hh_main.cc:174 bta_hh_sm_execute: State BTA_HH_CONN_ST(3), Event BTA_HH_INT_DATA_EVT(5892) for xx:xx:xx:xx:2b:83[public][BT_TRANSPORT_BR_EDR]
09-26 11:52:03.352 31661 31681 V bluetooth: system/btif/co/bta_hh_co.cc:773 bta_hh_co_data: dev_handle = 0
09-26 11:52:03.352 31661 31681 V bluetooth: system/btif/co/bta_hh_co.cc:653 bta_hh_co_write: UHID write 16
09-26 11:52:03.352  1570  1606 I android.hardware.thermal-service.qti: sensor: cpu-2-1-0 temperature: 89.9 old: 3 new: 0
09-26 11:52:03.362 31661 31681 V l2c_csm : system/stack/l2cap/l2c_csm.cc:1335 l2c_csm_open: LCID: 0x004c  st: OPEN  evt: L2CEVT_L2CAP_DATA(0x14) psm: BT_PSM_HIDI(0x0013)
09-26 11:52:03.362 31661 31681 V bluetooth: system/stack/hid/hidh_conn.cc:701 hidh_l2cif_data_ind: HID-Host hidh_l2cif_data_ind [l2cap_cid=0x004c]
09-26 11:52:03.362 31661 31681 V bt_bta_hh: system/bta/hh/bta_hh_act.cc:1144 bta_hh_cback: HID_event [HID_HDEV_EVT_INTR_DATA]
09-26 11:52:03.362 31661 31681 V l2c_csm : system/stack/l2cap/l2c_csm.cc:1514 l2c_csm_open: Exit chnl_state=CST_OPEN [6], event=L2CEVT_L2CAP_DATA(0x14) [20]
09-26 11:52:03.362 31661 31681 V bt_bta_sys_main: system/bta/sys/bta_sys_main.cc:71 bta_sys_event: Event 0x1704
09-26 11:52:03.362 31661 31681 V bt_bta_hh: system/bta/hh/bta_hh_main.cc:174 bta_hh_sm_execute: State BTA_HH_CONN_ST(3), Event BTA_HH_INT_DATA_EVT(5892) for xx:xx:xx:xx:2b:83[public][BT_TRANSPORT_BR_EDR]
09-26 11:52:03.362 31661 31681 V bluetooth: system/btif/co/bta_hh_co.cc:773 bta_hh_co_data: dev_handle = 0
09-26 11:52:03.362 31661 31681 V bluetooth: system/btif/co/bta_hh_co.cc:653 bta_hh_co_write: UHID write 16
09-26 11:52:03.364  1570  1606 I android.hardware.thermal-service.qti: sensor: cpu-2-1-0 temperature: 95 old: 0 new: 3
09-26 11:52:03.367  1616  1871 I SDM     : DisplayBase::CommitThread: Received idle timeout, panel: cmd, timeout: 70000 us
09-26 11:52:03.372 31661 31681 V l2c_csm : system/stack/l2cap/l2c_csm.cc:1335 l2c_csm_open: LCID: 0x004c  st: OPEN  evt: L2CEVT_L2CAP_DATA(0x14) psm: BT_PSM_HIDI(0x0013)
09-26 11:52:03.372 31661 31681 V bluetooth: system/stack/hid/hidh_conn.cc:701 hidh_l2cif_data_ind: HID-Host hidh_l2cif_data_ind [l2cap_cid=0x004c]
09-26 11:52:03.372 31661 31681 V bt_bta_hh: system/bta/hh/bta_hh_act.cc:1144 bta_hh_cback: HID_event [HID_HDEV_EVT_INTR_DATA]
09-26 11:52:03.372 31661 31681 V l2c_csm : system/stack/l2cap/l2c_csm.cc:1514 l2c_csm_open: Exit chnl_state=CST_OPEN [6], event=L2CEVT_L2CAP_DATA(0x14) [20]
09-26 11:52:03.372 31661 31681 V bt_bta_sys_main: system/bta/sys/bta_sys_main.cc:71 bta_sys_event: Event 0x1704
09-26 11:52:03.372 31661 31681 V bt_bta_hh: system/bta/hh/bta_hh_main.cc:174 bta_hh_sm_execute: State BTA_HH_CONN_ST(3), Event BTA_HH_INT_DATA_EVT(5892) for xx:xx:xx:xx:2b:83[public][BT_TRANSPORT_BR_EDR]
09-26 11:52:03.372 31661 31681 V bluetooth: system/btif/co/bta_hh_co.cc:773 bta_hh_co_data: dev_handle = 0
09-26 11:52:03.372 31661 31681 V bluetooth: system/btif/co/bta_hh_co.cc:653 bta_hh_co_write: UHID write 16
09-26 11:52:03.382 31661 31681 V l2c_csm : system/stack/l2cap/l2c_csm.cc:1335 l2c_csm_open: LCID: 0x004c  st: OPEN  evt: L2CEVT_L2CAP_DATA(0x14) psm: BT_PSM_HIDI(0x0013)
09-26 11:52:03.382 31661 31681 V bluetooth: system/stack/hid/hidh_conn.cc:701 hidh_l2cif_data_ind: HID-Host hidh_l2cif_data_ind [l2cap_cid=0x004c]
09-26 11:52:03.382 31661 31681 V bt_bta_hh: system/bta/hh/bta_hh_act.cc:1144 bta_hh_cback: HID_event [HID_HDEV_EVT_INTR_DATA]
09-26 11:52:03.382 31661 31681 V l2c_csm : system/stack/l2cap/l2c_csm.cc:1514 l2c_csm_open: Exit chnl_state=CST_OPEN [6], event=L2CEVT_L2CAP_DATA(0x14) [20]
09-26 11:52:03.382 31661 31681 V bt_bta_sys_main: system/bta/sys/bta_sys_main.cc:71 bta_sys_event: Event 0x1704
09-26 11:52:03.382 31661 31681 V bt_bta_hh: system/bta/hh/bta_hh_main.cc:174 bta_hh_sm_execute: State BTA_HH_CONN_ST(3), Event BTA_HH_INT_DATA_EVT(5892) for xx:xx:xx:xx:2b:83[public][BT_TRANSPORT_BR_EDR]
09-26 11:52:03.382 31661 31681 V bluetooth: system/btif/co/bta_hh_co.cc:773 bta_hh_co_data: dev_handle = 0
09-26 11:52:03.382 31661 31681 V bluetooth: system/btif/co/bta_hh_co.cc:653 bta_hh_co_write: UHID write 16
09-26 11:52:03.392 31661 31681 V l2c_csm : system/stack/l2cap/l2c_csm.cc:1335 l2c_csm_open: LCID: 0x004c  st: OPEN  evt: L2CEVT_L2CAP_DATA(0x14) psm: BT_PSM_HIDI(0x0013)
09-26 11:52:03.392 31661 31681 V bluetooth: system/stack/hid/hidh_conn.cc:701 hidh_l2cif_data_ind: HID-Host hidh_l2cif_data_ind [l2cap_cid=0x004c]
09-26 11:52:03.392 31661 31681 V bt_bta_hh: system/bta/hh/bta_hh_act.cc:1144 bta_hh_cback: HID_event [HID_HDEV_EVT_INTR_DATA]
09-26 11:52:03.392 31661 31681 V l2c_csm : system/stack/l2cap/l2c_csm.cc:1514 l2c_csm_open: Exit chnl_state=CST_OPEN [6], event=L2CEVT_L2CAP_DATA(0x14) [20]
09-26 11:52:03.392 31661 31681 V bt_bta_sys_main: system/bta/sys/bta_sys_main.cc:71 bta_sys_event: Event 0x1704
09-26 11:52:03.392 31661 31681 V bt_bta_hh: system/bta/hh/bta_hh_main.cc:174 bta_hh_sm_execute: State BTA_HH_CONN_ST(3), Event BTA_HH_INT_DATA_EVT(5892) for xx:xx:xx:xx:2b:83[public][BT_TRANSPORT_BR_EDR]
09-26 11:52:03.392 31661 31681 V bluetooth: system/btif/co/bta_hh_co.cc:773 bta_hh_co_data: dev_handle = 0
09-26 11:52:03.392 31661 31681 V bluetooth: system/btif/co/bta_hh_co.cc:653 bta_hh_co_write: UHID write 16
09-26 11:52:03.402 31661 31681 V l2c_csm : system/stack/l2cap/l2c_csm.cc:1335 l2c_csm_open: LCID: 0x004c  st: OPEN  evt: L2CEVT_L2CAP_DATA(0x14) psm: BT_PSM_HIDI(0x0013)
09-26 11:52:03.402 31661 31681 V bluetooth: system/stack/hid/hidh_conn.cc:701 hidh_l2cif_data_ind: HID-Host hidh_l2cif_data_ind [l2cap_cid=0x004c]
09-26 11:52:03.402 31661 31681 V bt_bta_hh: system/bta/hh/bta_hh_act.cc:1144 bta_hh_cback: HID_event [HID_HDEV_EVT_INTR_DATA]
09-26 11:52:03.402 31661 31681 V l2c_csm : system/stack/l2cap/l2c_csm.cc:1514 l2c_csm_open: Exit chnl_state=CST_OPEN [6], event=L2CEVT_L2CAP_DATA(0x14) [20]
09-26 11:52:03.402 31661 31681 V bt_bta_sys_main: system/bta/sys/bta_sys_main.cc:71 bta_sys_event: Event 0x1704
09-26 11:52:03.402 31661 31681 V bt_bta_hh: system/bta/hh/bta_hh_main.cc:174 bta_hh_sm_execute: State BTA_HH_CONN_ST(3), Event BTA_HH_INT_DATA_EVT(5892) for xx:xx:xx:xx:2b:83[public][BT_TRANSPORT_BR_EDR]
09-26 11:52:03.402 31661 31681 V bluetooth: system/btif/co/bta_hh_co.cc:773 bta_hh_co_data: dev_handle = 0
09-26 11:52:03.402 31661 31681 V bluetooth: system/btif/co/bta_hh_co.cc:653 bta_hh_co_write: UHID write 16
09-26 11:52:03.412 31661 31681 V l2c_csm : system/stack/l2cap/l2c_csm.cc:1335 l2c_csm_open: LCID: 0x004c  st: OPEN  evt: L2CEVT_L2CAP_DATA(0x14) psm: BT_PSM_HIDI(0x0013)
09-26 11:52:03.412 31661 31681 V bluetooth: system/stack/hid/hidh_conn.cc:701 hidh_l2cif_data_ind: HID-Host hidh_l2cif_data_ind [l2cap_cid=0x004c]
09-26 11:52:03.412 31661 31681 V bt_bta_hh: system/bta/hh/bta_hh_act.cc:1144 bta_hh_cback: HID_event [HID_HDEV_EVT_INTR_DATA]
09-26 11:52:03.412 31661 31681 V l2c_csm : system/stack/l2cap/l2c_csm.cc:1514 l2c_csm_open: Exit chnl_state=CST_OPEN [6], event=L2CEVT_L2CAP_DATA(0x14) [20]
09-26 11:52:03.412 31661 31681 V bt_bta_sys_main: system/bta/sys/bta_sys_main.cc:71 bta_sys_event: Event 0x1704
09-26 11:52:03.412 31661 31681 V bt_bta_hh: system/bta/hh/bta_hh_main.cc:174 bta_hh_sm_execute: State BTA_HH_CONN_ST(3), Event BTA_HH_INT_DATA_EVT(5892) for xx:xx:xx:xx:2b:83[public][BT_TRANSPORT_BR_EDR]
09-26 11:52:03.412 31661 31681 V bluetooth: system/btif/co/bta_hh_co.cc:773 bta_hh_co_data: dev_handle = 0
09-26 11:52:03.412 31661 31681 V bluetooth: system/btif/co/bta_hh_co.cc:653 bta_hh_co_write: UHID write 16
09-26 11:52:03.422 31661 31681 V l2c_csm : system/stack/l2cap/l2c_csm.cc:1335 l2c_csm_open: LCID: 0x004c  st: OPEN  evt: L2CEVT_L2CAP_DATA(0x14) psm: BT_PSM_HIDI(0x0013)
09-26 11:52:03.422 31661 31681 V bluetooth: system/stack/hid/hidh_conn.cc:701 hidh_l2cif_data_ind: HID-Host hidh_l2cif_data_ind [l2cap_cid=0x004c]
09-26 11:52:03.422 31661 31681 V bt_bta_hh: system/bta/hh/bta_hh_act.cc:1144 bta_hh_cback: HID_event [HID_HDEV_EVT_INTR_DATA]
09-26 11:52:03.422 31661 31681 V l2c_csm : system/stack/l2cap/l2c_csm.cc:1514 l2c_csm_open: Exit chnl_state=CST_OPEN [6], event=L2CEVT_L2CAP_DATA(0x14) [20]
09-26 11:52:03.422 31661 31681 V bt_bta_sys_main: system/bta/sys/bta_sys_main.cc:71 bta_sys_event: Event 0x1704
09-26 11:52:03.422 31661 31681 V bt_bta_hh: system/bta/hh/bta_hh_main.cc:174 bta_hh_sm_execute: State BTA_HH_CONN_ST(3), Event BTA_HH_INT_DATA_EVT(5892) for xx:xx:xx:xx:2b:83[public][BT_TRANSPORT_BR_EDR]
09-26 11:52:03.422 31661 31681 V bluetooth: system/btif/co/bta_hh_co.cc:773 bta_hh_co_data: dev_handle = 0
09-26 11:52:03.422 31661 31681 V bluetooth: system/btif/co/bta_hh_co.cc:653 bta_hh_co_write: UHID write 16
09-26 11:52:03.432 31661 31681 V l2c_csm : system/stack/l2cap/l2c_csm.cc:1335 l2c_csm_open: LCID: 0x004c  st: OPEN  evt: L2CEVT_L2CAP_DATA(0x14) psm: BT_PSM_HIDI(0x0013)
09-26 11:52:03.432 31661 31681 V bluetooth: system/stack/hid/hidh_conn.cc:701 hidh_l2cif_data_ind: HID-Host hidh_l2cif_data_ind [l2cap_cid=0x004c]
09-26 11:52:03.432 31661 31681 V bt_bta_hh: system/bta/hh/bta_hh_act.cc:1144 bta_hh_cback: HID_event [HID_HDEV_EVT_INTR_DATA]
09-26 11:52:03.432 31661 31681 V l2c_csm : system/stack/l2cap/l2c_csm.cc:1514 l2c_csm_open: Exit chnl_state=CST_OPEN [6], event=L2CEVT_L2CAP_DATA(0x14) [20]
09-26 11:52:03.432 31661 31681 V bt_bta_sys_main: system/bta/sys/bta_sys_main.cc:71 bta_sys_event: Event 0x1704
09-26 11:52:03.432 31661 31681 V bt_bta_hh: system/bta/hh/bta_hh_main.cc:174 bta_hh_sm_execute: State BTA_HH_CONN_ST(3), Event BTA_HH_INT_DATA_EVT(5892) for xx:xx:xx:xx:2b:83[public][BT_TRANSPORT_BR_EDR]
09-26 11:52:03.432 31661 31681 V bluetooth: system/btif/co/bta_hh_co.cc:773 bta_hh_co_data: dev_handle = 0
09-26 11:52:03.432 31661 31681 V bluetooth: system/btif/co/bta_hh_co.cc:653 bta_hh_co_write: UHID write 16
09-26 11:52:03.442 31661 31681 V l2c_csm : system/stack/l2cap/l2c_csm.cc:1335 l2c_csm_open: LCID: 0x004c  st: OPEN  evt: L2CEVT_L2CAP_DATA(0x14) psm: BT_PSM_HIDI(0x0013)
09-26 11:52:03.442 31661 31681 V bluetooth: system/stack/hid/hidh_conn.cc:701 hidh_l2cif_data_ind: HID-Host hidh_l2cif_data_ind [l2cap_cid=0x004c]
09-26 11:52:03.442 31661 31681 V bt_bta_hh: system/bta/hh/bta_hh_act.cc:1144 bta_hh_cback: HID_event [HID_HDEV_EVT_INTR_DATA]
09-26 11:52:03.442 31661 31681 V l2c_csm : system/stack/l2cap/l2c_csm.cc:1514 l2c_csm_open: Exit chnl_state=CST_OPEN [6], event=L2CEVT_L2CAP_DATA(0x14) [20]
09-26 11:52:03.442 31661 31681 V bt_bta_sys_main: system/bta/sys/bta_sys_main.cc:71 bta_sys_event: Event 0x1704
09-26 11:52:03.442 31661 31681 V bt_bta_hh: system/bta/hh/bta_hh_main.cc:174 bta_hh_sm_execute: State BTA_HH_CONN_ST(3), Event BTA_HH_INT_DATA_EVT(5892) for xx:xx:xx:xx:2b:83[public][BT_TRANSPORT_BR_EDR]
09-26 11:52:03.442 31661 31681 V bluetooth: system/btif/co/bta_hh_co.cc:773 bta_hh_co_data: dev_handle = 0
09-26 11:52:03.442 31661 31681 V bluetooth: system/btif/co/bta_hh_co.cc:653 bta_hh_co_write: UHID write 16
09-26 11:52:03.450  1616  1871 I SDM     : DisplayBase::CommitThread: Received idle timeout, panel: cmd, timeout: 70000 us
09-26 11:52:03.452 31661 31681 V l2c_csm : system/stack/l2cap/l2c_csm.cc:1335 l2c_csm_open: LCID: 0x004c  st: OPEN  evt: L2CEVT_L2CAP_DATA(0x14) psm: BT_PSM_HIDI(0x0013)
09-26 11:52:03.452 31661 31681 V bluetooth: system/stack/hid/hidh_conn.cc:701 hidh_l2cif_data_ind: HID-Host hidh_l2cif_data_ind [l2cap_cid=0x004c]
09-26 11:52:03.452 31661 31681 V bt_bta_hh: system/bta/hh/bta_hh_act.cc:1144 bta_hh_cback: HID_event [HID_HDEV_EVT_INTR_DATA]
09-26 11:52:03.452 31661 31681 V l2c_csm : system/stack/l2cap/l2c_csm.cc:1514 l2c_csm_open: Exit chnl_state=CST_OPEN [6], event=L2CEVT_L2CAP_DATA(0x14) [20]
09-26 11:52:03.452 31661 31681 V bt_bta_sys_main: system/bta/sys/bta_sys_main.cc:71 bta_sys_event: Event 0x1704
09-26 11:52:03.452 31661 31681 V bt_bta_hh: system/bta/hh/bta_hh_main.cc:174 bta_hh_sm_execute: State BTA_HH_CONN_ST(3), Event BTA_HH_INT_DATA_EVT(5892) for xx:xx:xx:xx:2b:83[public][BT_TRANSPORT_BR_EDR]
09-26 11:52:03.452 31661 31681 V bluetooth: system/btif/co/bta_hh_co.cc:773 bta_hh_co_data: dev_handle = 0
09-26 11:52:03.452 31661 31681 V bluetooth: system/btif/co/bta_hh_co.cc:653 bta_hh_co_write: UHID write 16
09-26 11:52:03.462 31661 31681 V l2c_csm : system/stack/l2cap/l2c_csm.cc:1335 l2c_csm_open: LCID: 0x004c  st: OPEN  evt: L2CEVT_L2CAP_DATA(0x14) psm: BT_PSM_HIDI(0x0013)
09-26 11:52:03.462 31661 31681 V bluetooth: system/stack/hid/hidh_conn.cc:701 hidh_l2cif_data_ind: HID-Host hidh_l2cif_data_ind [l2cap_cid=0x004c]
09-26 11:52:03.462 31661 31681 V bt_bta_hh: system/bta/hh/bta_hh_act.cc:1144 bta_hh_cback: HID_event [HID_HDEV_EVT_INTR_DATA]
09-26 11:52:03.462 31661 31681 V l2c_csm : system/stack/l2cap/l2c_csm.cc:1514 l2c_csm_open: Exit chnl_state=CST_OPEN [6], event=L2CEVT_L2CAP_DATA(0x14) [20]
09-26 11:52:03.462 31661 31681 V bt_bta_sys_main: system/bta/sys/bta_sys_main.cc:71 bta_sys_event: Event 0x1704
09-26 11:52:03.462 31661 31681 V bt_bta_hh: system/bta/hh/bta_hh_main.cc:174 bta_hh_sm_execute: State BTA_HH_CONN_ST(3), Event BTA_HH_INT_DATA_EVT(5892) for xx:xx:xx:xx:2b:83[public][BT_TRANSPORT_BR_EDR]
09-26 11:52:03.462 31661 31681 V bluetooth: system/btif/co/bta_hh_co.cc:773 bta_hh_co_data: dev_handle = 0
09-26 11:52:03.462 31661 31681 V bluetooth: system/btif/co/bta_hh_co.cc:653 bta_hh_co_write: UHID write 16
09-26 11:52:03.473 31661 31681 V l2c_csm : system/stack/l2cap/l2c_csm.cc:1335 l2c_csm_open: LCID: 0x004c  st: OPEN  evt: L2CEVT_L2CAP_DATA(0x14) psm: BT_PSM_HIDI(0x0013)
09-26 11:52:03.473 31661 31681 V bluetooth: system/stack/hid/hidh_conn.cc:701 hidh_l2cif_data_ind: HID-Host hidh_l2cif_data_ind [l2cap_cid=0x004c]
09-26 11:52:03.473 31661 31681 V bt_bta_hh: system/bta/hh/bta_hh_act.cc:1144 bta_hh_cback: HID_event [HID_HDEV_EVT_INTR_DATA]
09-26 11:52:03.473 31661 31681 V l2c_csm : system/stack/l2cap/l2c_csm.cc:1514 l2c_csm_open: Exit chnl_state=CST_OPEN [6], event=L2CEVT_L2CAP_DATA(0x14) [20]
09-26 11:52:03.473 31661 31681 V bt_bta_sys_main: system/bta/sys/bta_sys_main.cc:71 bta_sys_event: Event 0x1704
09-26 11:52:03.473 31661 31681 V bt_bta_hh: system/bta/hh/bta_hh_main.cc:174 bta_hh_sm_execute: State BTA_HH_CONN_ST(3), Event BTA_HH_INT_DATA_EVT(5892) for xx:xx:xx:xx:2b:83[public][BT_TRANSPORT_BR_EDR]
09-26 11:52:03.473 31661 31681 V bluetooth: system/btif/co/bta_hh_co.cc:773 bta_hh_co_data: dev_handle = 0
09-26 11:52:03.473 31661 31681 V bluetooth: system/btif/co/bta_hh_co.cc:653 bta_hh_co_write: UHID write 16
09-26 11:52:03.485 31661 31681 V l2c_csm : system/stack/l2cap/l2c_csm.cc:1335 l2c_csm_open: LCID: 0x004c  st: OPEN  evt: L2CEVT_L2CAP_DATA(0x14) psm: BT_PSM_HIDI(0x0013)
09-26 11:52:03.485 31661 31681 V bluetooth: system/stack/hid/hidh_conn.cc:701 hidh_l2cif_data_ind: HID-Host hidh_l2cif_data_ind [l2cap_cid=0x004c]
09-26 11:52:03.485 31661 31681 V bt_bta_hh: system/bta/hh/bta_hh_act.cc:1144 bta_hh_cback: HID_event [HID_HDEV_EVT_INTR_DATA]
09-26 11:52:03.485 31661 31681 V l2c_csm : system/stack/l2cap/l2c_csm.cc:1514 l2c_csm_open: Exit chnl_state=CST_OPEN [6], event=L2CEVT_L2CAP_DATA(0x14) [20]
09-26 11:52:03.485 31661 31681 V bt_bta_sys_main: system/bta/sys/bta_sys_main.cc:71 bta_sys_event: Event 0x1704
09-26 11:52:03.485 31661 31681 V bt_bta_hh: system/bta/hh/bta_hh_main.cc:174 bta_hh_sm_execute: State BTA_HH_CONN_ST(3), Event BTA_HH_INT_DATA_EVT(5892) for xx:xx:xx:xx:2b:83[public][BT_TRANSPORT_BR_EDR]
09-26 11:52:03.485 31661 31681 V bluetooth: system/btif/co/bta_hh_co.cc:773 bta_hh_co_data: dev_handle = 0
09-26 11:52:03.485 31661 31681 V bluetooth: system/btif/co/bta_hh_co.cc:653 bta_hh_co_write: UHID write 16
09-26 11:52:03.492 31661 31681 V l2c_csm : system/stack/l2cap/l2c_csm.cc:1335 l2c_csm_open: LCID: 0x004c  st: OPEN  evt: L2CEVT_L2CAP_DATA(0x14) psm: BT_PSM_HIDI(0x0013)
09-26 11:52:03.492 31661 31681 V bluetooth: system/stack/hid/hidh_conn.cc:701 hidh_l2cif_data_ind: HID-Host hidh_l2cif_data_ind [l2cap_cid=0x004c]
09-26 11:52:03.492 31661 31681 V bt_bta_hh: system/bta/hh/bta_hh_act.cc:1144 bta_hh_cback: HID_event [HID_HDEV_EVT_INTR_DATA]
09-26 11:52:03.492 31661 31681 V l2c_csm : system/stack/l2cap/l2c_csm.cc:1514 l2c_csm_open: Exit chnl_state=CST_OPEN [6], event=L2CEVT_L2CAP_DATA(0x14) [20]
09-26 11:52:03.492 31661 31681 V bt_bta_sys_main: system/bta/sys/bta_sys_main.cc:71 bta_sys_event: Event 0x1704
09-26 11:52:03.492 31661 31681 V bt_bta_hh: system/bta/hh/bta_hh_main.cc:174 bta_hh_sm_execute: State BTA_HH_CONN_ST(3), Event BTA_HH_INT_DATA_EVT(5892) for xx:xx:xx:xx:2b:83[public][BT_TRANSPORT_BR_EDR]
09-26 11:52:03.492 31661 31681 V bluetooth: system/btif/co/bta_hh_co.cc:773 bta_hh_co_data: dev_handle = 0
09-26 11:52:03.492 31661 31681 V bluetooth: system/btif/co/bta_hh_co.cc:653 bta_hh_co_write: UHID write 16
09-26 11:52:03.502 31661 31681 V l2c_csm : system/stack/l2cap/l2c_csm.cc:1335 l2c_csm_open: LCID: 0x004c  st: OPEN  evt: L2CEVT_L2CAP_DATA(0x14) psm: BT_PSM_HIDI(0x0013)
09-26 11:52:03.502 31661 31681 V bluetooth: system/stack/hid/hidh_conn.cc:701 hidh_l2cif_data_ind: HID-Host hidh_l2cif_data_ind [l2cap_cid=0x004c]
09-26 11:52:03.502 31661 31681 V bt_bta_hh: system/bta/hh/bta_hh_act.cc:1144 bta_hh_cback: HID_event [HID_HDEV_EVT_INTR_DATA]
09-26 11:52:03.502 31661 31681 V l2c_csm : system/stack/l2cap/l2c_csm.cc:1514 l2c_csm_open: Exit chnl_state=CST_OPEN [6], event=L2CEVT_L2CAP_DATA(0x14) [20]
09-26 11:52:03.502 31661 31681 V bt_bta_sys_main: system/bta/sys/bta_sys_main.cc:71 bta_sys_event: Event 0x1704
09-26 11:52:03.502 31661 31681 V bt_bta_hh: system/bta/hh/bta_hh_main.cc:174 bta_hh_sm_execute: State BTA_HH_CONN_ST(3), Event BTA_HH_INT_DATA_EVT(5892) for xx:xx:xx:xx:2b:83[public][BT_TRANSPORT_BR_EDR]
09-26 11:52:03.502 31661 31681 V bluetooth: system/btif/co/bta_hh_co.cc:773 bta_hh_co_data: dev_handle = 0
09-26 11:52:03.502 31661 31681 V bluetooth: system/btif/co/bta_hh_co.cc:653 bta_hh_co_write: UHID write 16
09-26 11:52:03.512 31661 31681 V l2c_csm : system/stack/l2cap/l2c_csm.cc:1335 l2c_csm_open: LCID: 0x004c  st: OPEN  evt: L2CEVT_L2CAP_DATA(0x14) psm: BT_PSM_HIDI(0x0013)
09-26 11:52:03.513 31661 31681 V bluetooth: system/stack/hid/hidh_conn.cc:701 hidh_l2cif_data_ind: HID-Host hidh_l2cif_data_ind [l2cap_cid=0x004c]
09-26 11:52:03.513 31661 31681 V bt_bta_hh: system/bta/hh/bta_hh_act.cc:1144 bta_hh_cback: HID_event [HID_HDEV_EVT_INTR_DATA]
09-26 11:52:03.513 31661 31681 V l2c_csm : system/stack/l2cap/l2c_csm.cc:1514 l2c_csm_open: Exit chnl_state=CST_OPEN [6], event=L2CEVT_L2CAP_DATA(0x14) [20]
09-26 11:52:03.513 31661 31681 V bt_bta_sys_main: system/bta/sys/bta_sys_main.cc:71 bta_sys_event: Event 0x1704
09-26 11:52:03.513 31661 31681 V bt_bta_hh: system/bta/hh/bta_hh_main.cc:174 bta_hh_sm_execute: State BTA_HH_CONN_ST(3), Event BTA_HH_INT_DATA_EVT(5892) for xx:xx:xx:xx:2b:83[public][BT_TRANSPORT_BR_EDR]
09-26 11:52:03.513 31661 31681 V bluetooth: system/btif/co/bta_hh_co.cc:773 bta_hh_co_data: dev_handle = 0
09-26 11:52:03.513 31661 31681 V bluetooth: system/btif/co/bta_hh_co.cc:653 bta_hh_co_write: UHID write 16
09-26 11:52:03.522 31661 31681 V l2c_csm : system/stack/l2cap/l2c_csm.cc:1335 l2c_csm_open: LCID: 0x004c  st: OPEN  evt: L2CEVT_L2CAP_DATA(0x14) psm: BT_PSM_HIDI(0x0013)
09-26 11:52:03.522 31661 31681 V bluetooth: system/stack/hid/hidh_conn.cc:701 hidh_l2cif_data_ind: HID-Host hidh_l2cif_data_ind [l2cap_cid=0x004c]
09-26 11:52:03.522 31661 31681 V bt_bta_hh: system/bta/hh/bta_hh_act.cc:1144 bta_hh_cback: HID_event [HID_HDEV_EVT_INTR_DATA]
09-26 11:52:03.522 31661 31681 V l2c_csm : system/stack/l2cap/l2c_csm.cc:1514 l2c_csm_open: Exit chnl_state=CST_OPEN [6], event=L2CEVT_L2CAP_DATA(0x14) [20]
09-26 11:52:03.522 31661 31681 V bt_bta_sys_main: system/bta/sys/bta_sys_main.cc:71 bta_sys_event: Event 0x1704
09-26 11:52:03.522 31661 31681 V bt_bta_hh: system/bta/hh/bta_hh_main.cc:174 bta_hh_sm_execute: State BTA_HH_CONN_ST(3), Event BTA_HH_INT_DATA_EVT(5892) for xx:xx:xx:xx:2b:83[public][BT_TRANSPORT_BR_EDR]
09-26 11:52:03.522 31661 31681 V bluetooth: system/btif/co/bta_hh_co.cc:773 bta_hh_co_data: dev_handle = 0
09-26 11:52:03.522 31661 31681 V bluetooth: system/btif/co/bta_hh_co.cc:653 bta_hh_co_write: UHID write 16
09-26 11:52:03.533 31661 31681 V l2c_csm : system/stack/l2cap/l2c_csm.cc:1335 l2c_csm_open: LCID: 0x004c  st: OPEN  evt: L2CEVT_L2CAP_DATA(0x14) psm: BT_PSM_HIDI(0x0013)
09-26 11:52:03.533 31661 31681 V bluetooth: system/stack/hid/hidh_conn.cc:701 hidh_l2cif_data_ind: HID-Host hidh_l2cif_data_ind [l2cap_cid=0x004c]
09-26 11:52:03.533 31661 31681 V bt_bta_hh: system/bta/hh/bta_hh_act.cc:1144 bta_hh_cback: HID_event [HID_HDEV_EVT_INTR_DATA]
09-26 11:52:03.533 31661 31681 V l2c_csm : system/stack/l2cap/l2c_csm.cc:1514 l2c_csm_open: Exit chnl_state=CST_OPEN [6], event=L2CEVT_L2CAP_DATA(0x14) [20]
09-26 11:52:03.533 31661 31681 V bt_bta_sys_main: system/bta/sys/bta_sys_main.cc:71 bta_sys_event: Event 0x1704
09-26 11:52:03.533 31661 31681 V bt_bta_hh: system/bta/hh/bta_hh_main.cc:174 bta_hh_sm_execute: State BTA_HH_CONN_ST(3), Event BTA_HH_INT_DATA_EVT(5892) for xx:xx:xx:xx:2b:83[public][BT_TRANSPORT_BR_EDR]
09-26 11:52:03.533 31661 31681 V bluetooth: system/btif/co/bta_hh_co.cc:773 bta_hh_co_data: dev_handle = 0
09-26 11:52:03.533 31661 31681 V bluetooth: system/btif/co/bta_hh_co.cc:653 bta_hh_co_write: UHID write 16
09-26 11:52:03.536  1570  1606 I android.hardware.thermal-service.qti: sensor: cpu-2-1-0 temperature: 89.9 old: 3 new: 0
09-26 11:52:03.542 31661 31681 V l2c_csm : system/stack/l2cap/l2c_csm.cc:1335 l2c_csm_open: LCID: 0x004c  st: OPEN  evt: L2CEVT_L2CAP_DATA(0x14) psm: BT_PSM_HIDI(0x0013)
09-26 11:52:03.542 31661 31681 V bluetooth: system/stack/hid/hidh_conn.cc:701 hidh_l2cif_data_ind: HID-Host hidh_l2cif_data_ind [l2cap_cid=0x004c]
09-26 11:52:03.543 31661 31681 V bt_bta_hh: system/bta/hh/bta_hh_act.cc:1144 bta_hh_cback: HID_event [HID_HDEV_EVT_INTR_DATA]
09-26 11:52:03.543 31661 31681 V l2c_csm : system/stack/l2cap/l2c_csm.cc:1514 l2c_csm_open: Exit chnl_state=CST_OPEN [6], event=L2CEVT_L2CAP_DATA(0x14) [20]
09-26 11:52:03.543 31661 31681 V bt_bta_sys_main: system/bta/sys/bta_sys_main.cc:71 bta_sys_event: Event 0x1704
09-26 11:52:03.543 31661 31681 V bt_bta_hh: system/bta/hh/bta_hh_main.cc:174 bta_hh_sm_execute: State BTA_HH_CONN_ST(3), Event BTA_HH_INT_DATA_EVT(5892) for xx:xx:xx:xx:2b:83[public][BT_TRANSPORT_BR_EDR]
09-26 11:52:03.543 31661 31681 V bluetooth: system/btif/co/bta_hh_co.cc:773 bta_hh_co_data: dev_handle = 0
09-26 11:52:03.543 31661 31681 V bluetooth: system/btif/co/bta_hh_co.cc:653 bta_hh_co_write: UHID write 16
09-26 11:52:03.550  1616  1871 I SDM     : DisplayBase::CommitThread: Received idle timeout, panel: cmd, timeout: 70000 us
09-26 11:52:03.552 31661 31681 V l2c_csm : system/stack/l2cap/l2c_csm.cc:1335 l2c_csm_open: LCID: 0x004c  st: OPEN  evt: L2CEVT_L2CAP_DATA(0x14) psm: BT_PSM_HIDI(0x0013)
09-26 11:52:03.552 31661 31681 V bluetooth: system/stack/hid/hidh_conn.cc:701 hidh_l2cif_data_ind: HID-Host hidh_l2cif_data_ind [l2cap_cid=0x004c]
09-26 11:52:03.552 31661 31681 V bt_bta_hh: system/bta/hh/bta_hh_act.cc:1144 bta_hh_cback: HID_event [HID_HDEV_EVT_INTR_DATA]
09-26 11:52:03.552 31661 31681 V l2c_csm : system/stack/l2cap/l2c_csm.cc:1514 l2c_csm_open: Exit chnl_state=CST_OPEN [6], event=L2CEVT_L2CAP_DATA(0x14) [20]
09-26 11:52:03.552 31661 31681 V bt_bta_sys_main: system/bta/sys/bta_sys_main.cc:71 bta_sys_event: Event 0x1704
09-26 11:52:03.552 31661 31681 V bt_bta_hh: system/bta/hh/bta_hh_main.cc:174 bta_hh_sm_execute: State BTA_HH_CONN_ST(3), Event BTA_HH_INT_DATA_EVT(5892) for xx:xx:xx:xx:2b:83[public][BT_TRANSPORT_BR_EDR]
09-26 11:52:03.552 31661 31681 V bluetooth: system/btif/co/bta_hh_co.cc:773 bta_hh_co_data: dev_handle = 0
09-26 11:52:03.552 14961 23120 D RPCS3   : sys_tty_write(ch=0, buf=*0x58bf20, len=63, pwritelen=*0xd000fde0)
09-26 11:52:03.552 31661 31681 V bluetooth: system/btif/co/bta_hh_co.cc:653 bta_hh_co_write: UHID write 16
09-26 11:52:03.552 14961 23120 D RPCS3   : sys_tty_write(): “BATCHJOB: AddJob: waiting for room in job list 3 for job 56...“ << endl
09-26 11:52:03.562 31661 31681 V l2c_csm : system/stack/l2cap/l2c_csm.cc:1335 l2c_csm_open: LCID: 0x004c  st: OPEN  evt: L2CEVT_L2CAP_DATA(0x14) psm: BT_PSM_HIDI(0x0013)
09-26 11:52:03.562 31661 31681 V bluetooth: system/stack/hid/hidh_conn.cc:701 hidh_l2cif_data_ind: HID-Host hidh_l2cif_data_ind [l2cap_cid=0x004c]
09-26 11:52:03.562 31661 31681 V bt_bta_hh: system/bta/hh/bta_hh_act.cc:1144 bta_hh_cback: HID_event [HID_HDEV_EVT_INTR_DATA]
09-26 11:52:03.562 31661 31681 V l2c_csm : system/stack/l2cap/l2c_csm.cc:1514 l2c_csm_open: Exit chnl_state=CST_OPEN [6], event=L2CEVT_L2CAP_DATA(0x14) [20]
09-26 11:52:03.562 31661 31681 V bt_bta_sys_main: system/bta/sys/bta_sys_main.cc:71 bta_sys_event: Event 0x1704
09-26 11:52:03.562 31661 31681 V bt_bta_hh: system/bta/hh/bta_hh_main.cc:174 bta_hh_sm_execute: State BTA_HH_CONN_ST(3), Event BTA_HH_INT_DATA_EVT(5892) for xx:xx:xx:xx:2b:83[public][BT_TRANSPORT_BR_EDR]
09-26 11:52:03.562 31661 31681 V bluetooth: system/btif/co/bta_hh_co.cc:773 bta_hh_co_data: dev_handle = 0
09-26 11:52:03.562 31661 31681 V bluetooth: system/btif/co/bta_hh_co.cc:653 bta_hh_co_write: UHID write 16
09-26 11:52:03.572 31661 31681 V l2c_csm : system/stack/l2cap/l2c_csm.cc:1335 l2c_csm_open: LCID: 0x004c  st: OPEN  evt: L2CEVT_L2CAP_DATA(0x14) psm: BT_PSM_HIDI(0x0013)
09-26 11:52:03.572 31661 31681 V bluetooth: system/stack/hid/hidh_conn.cc:701 hidh_l2cif_data_ind: HID-Host hidh_l2cif_data_ind [l2cap_cid=0x004c]
09-26 11:52:03.572 31661 31681 V bt_bta_hh: system/bta/hh/bta_hh_act.cc:1144 bta_hh_cback: HID_event [HID_HDEV_EVT_INTR_DATA]
09-26 11:52:03.572 31661 31681 V l2c_csm : system/stack/l2cap/l2c_csm.cc:1514 l2c_csm_open: Exit chnl_state=CST_OPEN [6], event=L2CEVT_L2CAP_DATA(0x14) [20]
09-26 11:52:03.572 31661 31681 V bt_bta_sys_main: system/bta/sys/bta_sys_main.cc:71 bta_sys_event: Event 0x1704
09-26 11:52:03.572 31661 31681 V bt_bta_hh: system/bta/hh/bta_hh_main.cc:174 bta_hh_sm_execute: State BTA_HH_CONN_ST(3), Event BTA_HH_INT_DATA_EVT(5892) for xx:xx:xx:xx:2b:83[public][BT_TRANSPORT_BR_EDR]
09-26 11:52:03.572 31661 31681 V bluetooth: system/btif/co/bta_hh_co.cc:773 bta_hh_co_data: dev_handle = 0
09-26 11:52:03.573 31661 31681 V bluetooth: system/btif/co/bta_hh_co.cc:653 bta_hh_co_write: UHID write 16
09-26 11:52:03.582 31661 31681 V l2c_csm : system/stack/l2cap/l2c_csm.cc:1335 l2c_csm_open: LCID: 0x004c  st: OPEN  evt: L2CEVT_L2CAP_DATA(0x14) psm: BT_PSM_HIDI(0x0013)
09-26 11:52:03.582 31661 31681 V bluetooth: system/stack/hid/hidh_conn.cc:701 hidh_l2cif_data_ind: HID-Host hidh_l2cif_data_ind [l2cap_cid=0x004c]
09-26 11:52:03.582 31661 31681 V bt_bta_hh: system/bta/hh/bta_hh_act.cc:1144 bta_hh_cback: HID_event [HID_HDEV_EVT_INTR_DATA]
09-26 11:52:03.582 31661 31681 V l2c_csm : system/stack/l2cap/l2c_csm.cc:1514 l2c_csm_open: Exit chnl_state=CST_OPEN [6], event=L2CEVT_L2CAP_DATA(0x14) [20]
09-26 11:52:03.582 31661 31681 V bt_bta_sys_main: system/bta/sys/bta_sys_main.cc:71 bta_sys_event: Event 0x1704
09-26 11:52:03.582 31661 31681 V bt_bta_hh: system/bta/hh/bta_hh_main.cc:174 bta_hh_sm_execute: State BTA_HH_CONN_ST(3), Event BTA_HH_INT_DATA_EVT(5892) for xx:xx:xx:xx:2b:83[public][BT_TRANSPORT_BR_EDR]
09-26 11:52:03.582 31661 31681 V bluetooth: system/btif/co/bta_hh_co.cc:773 bta_hh_co_data: dev_handle = 0
09-26 11:52:03.582 31661 31681 V bluetooth: system/btif/co/bta_hh_co.cc:653 bta_hh_co_write: UHID write 16
09-26 11:52:03.592 31661 31681 V l2c_csm : system/stack/l2cap/l2c_csm.cc:1335 l2c_csm_open: LCID: 0x004c  st: OPEN  evt: L2CEVT_L2CAP_DATA(0x14) psm: BT_PSM_HIDI(0x0013)
09-26 11:52:03.592 31661 31681 V bluetooth: system/stack/hid/hidh_conn.cc:701 hidh_l2cif_data_ind: HID-Host hidh_l2cif_data_ind [l2cap_cid=0x004c]
09-26 11:52:03.592 31661 31681 V bt_bta_hh: system/bta/hh/bta_hh_act.cc:1144 bta_hh_cback: HID_event [HID_HDEV_EVT_INTR_DATA]
09-26 11:52:03.592 31661 31681 V l2c_csm : system/stack/l2cap/l2c_csm.cc:1514 l2c_csm_open: Exit chnl_state=CST_OPEN [6], event=L2CEVT_L2CAP_DATA(0x14) [20]
09-26 11:52:03.592 31661 31681 V bt_bta_sys_main: system/bta/sys/bta_sys_main.cc:71 bta_sys_event: Event 0x1704
09-26 11:52:03.592 31661 31681 V bt_bta_hh: system/bta/hh/bta_hh_main.cc:174 bta_hh_sm_execute: State BTA_HH_CONN_ST(3), Event BTA_HH_INT_DATA_EVT(5892) for xx:xx:xx:xx:2b:83[public][BT_TRANSPORT_BR_EDR]
09-26 11:52:03.592 31661 31681 V bluetooth: system/btif/co/bta_hh_co.cc:773 bta_hh_co_data: dev_handle = 0
09-26 11:52:03.592 31661 31681 V bluetooth: system/btif/co/bta_hh_co.cc:653 bta_hh_co_write: UHID write 16
09-26 11:52:03.593  1561  1561 I android.hardware.power-service-qti: Power setBoost: 0, duration: 0
09-26 11:52:03.594  1561  1561 E QTI PowerHAL: Failed to acquire lock.
09-26 11:52:03.594  1561  1561 E QTI PowerHAL: Failed process_boost for boost_handle
09-26 11:52:03.595  1621  1722 E ANDR-PERF-RESOURCEQS: ANDR-PERF-RESOURCEQS: AddAndApply() 125: Resource with major=16, minor=30 not supported
09-26 11:52:03.595  1621  1722 E ANDR-PERF-RESOURCEQS: ANDR-PERF-RESOURCEQS: AddAndApply() 125: Resource with major=16, minor=31 not supported
09-26 11:52:03.602 31661 31681 V l2c_csm : system/stack/l2cap/l2c_csm.cc:1335 l2c_csm_open: LCID: 0x004c  st: OPEN  evt: L2CEVT_L2CAP_DATA(0x14) psm: BT_PSM_HIDI(0x0013)
09-26 11:52:03.602 31661 31681 V bluetooth: system/stack/hid/hidh_conn.cc:701 hidh_l2cif_data_ind: HID-Host hidh_l2cif_data_ind [l2cap_cid=0x004c]
09-26 11:52:03.602 31661 31681 V bt_bta_hh: system/bta/hh/bta_hh_act.cc:1144 bta_hh_cback: HID_event [HID_HDEV_EVT_INTR_DATA]
09-26 11:52:03.602 31661 31681 V l2c_csm : system/stack/l2cap/l2c_csm.cc:1514 l2c_csm_open: Exit chnl_state=CST_OPEN [6], event=L2CEVT_L2CAP_DATA(0x14) [20]
09-26 11:52:03.602 31661 31681 V bt_bta_sys_main: system/bta/sys/bta_sys_main.cc:71 bta_sys_event: Event 0x1704
09-26 11:52:03.602 31661 31681 V bt_bta_hh: system/bta/hh/bta_hh_main.cc:174 bta_hh_sm_execute: State BTA_HH_CONN_ST(3), Event BTA_HH_INT_DATA_EVT(5892) for xx:xx:xx:xx:2b:83[public][BT_TRANSPORT_BR_EDR]
09-26 11:52:03.602 31661 31681 V bluetooth: system/btif/co/bta_hh_co.cc:773 bta_hh_co_data: dev_handle = 0
09-26 11:52:03.602 31661 31681 V bluetooth: system/btif/co/bta_hh_co.cc:653 bta_hh_co_write: UHID write 16
09-26 11:52:03.605 14961 14961 I S3PAD   : classify name='Xbox Wireless Controller' vid=1118 pid=736 sources=16778513 keyboardType=1 -> GAMEPAD/XBOX reason=gamepad-capability-or-identity
09-26 11:52:03.605 14961 14961 D S3PAD   : deviceKey via descriptor
09-26 11:52:03.612 31661 31681 V l2c_csm : system/stack/l2cap/l2c_csm.cc:1335 l2c_csm_open: LCID: 0x004c  st: OPEN  evt: L2CEVT_L2CAP_DATA(0x14) psm: BT_PSM_HIDI(0x0013)
09-26 11:52:03.612 31661 31681 V bluetooth: system/stack/hid/hidh_conn.cc:701 hidh_l2cif_data_ind: HID-Host hidh_l2cif_data_ind [l2cap_cid=0x004c]
09-26 11:52:03.612 31661 31681 V bt_bta_hh: system/bta/hh/bta_hh_act.cc:1144 bta_hh_cback: HID_event [HID_HDEV_EVT_INTR_DATA]
09-26 11:52:03.612 31661 31681 V l2c_csm : system/stack/l2cap/l2c_csm.cc:1514 l2c_csm_open: Exit chnl_state=CST_OPEN [6], event=L2CEVT_L2CAP_DATA(0x14) [20]
09-26 11:52:03.612 31661 31681 V bt_bta_sys_main: system/bta/sys/bta_sys_main.cc:71 bta_sys_event: Event 0x1704
09-26 11:52:03.612 31661 31681 V bt_bta_hh: system/bta/hh/bta_hh_main.cc:174 bta_hh_sm_execute: State BTA_HH_CONN_ST(3), Event BTA_HH_INT_DATA_EVT(5892) for xx:xx:xx:xx:2b:83[public][BT_TRANSPORT_BR_EDR]
09-26 11:52:03.612 31661 31681 V bluetooth: system/btif/co/bta_hh_co.cc:773 bta_hh_co_data: dev_handle = 0
09-26 11:52:03.612 31661 31681 V bluetooth: system/btif/co/bta_hh_co.cc:653 bta_hh_co_write: UHID write 16
09-26 11:52:03.614 14961 14961 I S3PAD   : classify name='Xbox Wireless Controller' vid=1118 pid=736 sources=16778513 keyboardType=1 -> GAMEPAD/XBOX reason=gamepad-capability-or-identity
09-26 11:52:03.614 14961 14961 D S3PAD   : deviceKey via descriptor
09-26 11:52:03.621 14961 14961 I S3PAD   : classify name='Xbox Wireless Controller' vid=1118 pid=736 sources=16778513 keyboardType=1 -> GAMEPAD/XBOX reason=gamepad-capability-or-identity
09-26 11:52:03.622 14961 14961 D S3PAD   : deviceKey via descriptor
09-26 11:52:03.622 31661 31681 V l2c_csm : system/stack/l2cap/l2c_csm.cc:1335 l2c_csm_open: LCID: 0x004c  st: OPEN  evt: L2CEVT_L2CAP_DATA(0x14) psm: BT_PSM_HIDI(0x0013)
09-26 11:52:03.622 31661 31681 V bluetooth: system/stack/hid/hidh_conn.cc:701 hidh_l2cif_data_ind: HID-Host hidh_l2cif_data_ind [l2cap_cid=0x004c]
09-26 11:52:03.622 31661 31681 V bt_bta_hh: system/bta/hh/bta_hh_act.cc:1144 bta_hh_cback: HID_event [HID_HDEV_EVT_INTR_DATA]
09-26 11:52:03.622 31661 31681 V l2c_csm : system/stack/l2cap/l2c_csm.cc:1514 l2c_csm_open: Exit chnl_state=CST_OPEN [6], event=L2CEVT_L2CAP_DATA(0x14) [20]
09-26 11:52:03.622 31661 31681 V bt_bta_sys_main: system/bta/sys/bta_sys_main.cc:71 bta_sys_event: Event 0x1704
09-26 11:52:03.622 31661 31681 V bt_bta_hh: system/bta/hh/bta_hh_main.cc:174 bta_hh_sm_execute: State BTA_HH_CONN_ST(3), Event BTA_HH_INT_DATA_EVT(5892) for xx:xx:xx:xx:2b:83[public][BT_TRANSPORT_BR_EDR]
09-26 11:52:03.622 31661 31681 V bluetooth: system/btif/co/bta_hh_co.cc:773 bta_hh_co_data: dev_handle = 0
09-26 11:52:03.622 31661 31681 V bluetooth: system/btif/co/bta_hh_co.cc:653 bta_hh_co_write: UHID write 16
09-26 11:52:03.626 14961 15002 D S3PERF  : crosscheck ui_snapshot_fps=9.8393 ui_snapshot_frametime_ms=96.569
09-26 11:52:03.632 31661 31681 V l2c_csm : system/stack/l2cap/l2c_csm.cc:1335 l2c_csm_open: LCID: 0x004c  st: OPEN  evt: L2CEVT_L2CAP_DATA(0x14) psm: BT_PSM_HIDI(0x0013)
09-26 11:52:03.632 31661 31681 V bluetooth: system/stack/hid/hidh_conn.cc:701 hidh_l2cif_data_ind: HID-Host hidh_l2cif_data_ind [l2cap_cid=0x004c]
09-26 11:52:03.632 31661 31681 V bt_bta_hh: system/bta/hh/bta_hh_act.cc:1144 bta_hh_cback: HID_event [HID_HDEV_EVT_INTR_DATA]
09-26 11:52:03.632 31661 31681 V l2c_csm : system/stack/l2cap/l2c_csm.cc:1514 l2c_csm_open: Exit chnl_state=CST_OPEN [6], event=L2CEVT_L2CAP_DATA(0x14) [20]
09-26 11:52:03.632 31661 31681 V bt_bta_sys_main: system/bta/sys/bta_sys_main.cc:71 bta_sys_event: Event 0x1704
09-26 11:52:03.632 31661 31681 V bt_bta_hh: system/bta/hh/bta_hh_main.cc:174 bta_hh_sm_execute: State BTA_HH_CONN_ST(3), Event BTA_HH_INT_DATA_EVT(5892) for xx:xx:xx:xx:2b:83[public][BT_TRANSPORT_BR_EDR]
09-26 11:52:03.632 31661 31681 V bluetooth: system/btif/co/bta_hh_co.cc:773 bta_hh_co_data: dev_handle = 0
09-26 11:52:03.632 31661 31681 V bluetooth: system/btif/co/bta_hh_co.cc:653 bta_hh_co_write: UHID write 16
09-26 11:52:03.632 14961 14961 I S3PAD   : classify name='Xbox Wireless Controller' vid=1118 pid=736 sources=16778513 keyboardType=1 -> GAMEPAD/XBOX reason=gamepad-capability-or-identity
09-26 11:52:03.632 14961 14961 D S3PAD   : deviceKey via descriptor
09-26 11:52:03.638 14961 14961 I S3PAD   : classify name='Xbox Wireless Controller' vid=1118 pid=736 sources=16778513 keyboardType=1 -> GAMEPAD/XBOX reason=gamepad-capability-or-identity
09-26 11:52:03.638 14961 14961 D S3PAD   : deviceKey via descriptor
09-26 11:52:03.641  1570  1606 I android.hardware.thermal-service.qti: sensor: cpu-2-1-0 temperature: 95 old: 0 new: 3
09-26 11:52:03.643 31661 31681 V l2c_csm : system/stack/l2cap/l2c_csm.cc:1335 l2c_csm_open: LCID: 0x004c  st: OPEN  evt: L2CEVT_L2CAP_DATA(0x14) psm: BT_PSM_HIDI(0x0013)
09-26 11:52:03.643 31661 31681 V bluetooth: system/stack/hid/hidh_conn.cc:701 hidh_l2cif_data_ind: HID-Host hidh_l2cif_data_ind [l2cap_cid=0x004c]
09-26 11:52:03.643 31661 31681 V bt_bta_hh: system/bta/hh/bta_hh_act.cc:1144 bta_hh_cback: HID_event [HID_HDEV_EVT_INTR_DATA]
09-26 11:52:03.643 31661 31681 V l2c_csm : system/stack/l2cap/l2c_csm.cc:1514 l2c_csm_open: Exit chnl_state=CST_OPEN [6], event=L2CEVT_L2CAP_DATA(0x14) [20]
09-26 11:52:03.643 31661 31681 V bt_bta_sys_main: system/bta/sys/bta_sys_main.cc:71 bta_sys_event: Event 0x1704
09-26 11:52:03.643 31661 31681 V bt_bta_hh: system/bta/hh/bta_hh_main.cc:174 bta_hh_sm_execute: State BTA_HH_CONN_ST(3), Event BTA_HH_INT_DATA_EVT(5892) for xx:xx:xx:xx:2b:83[public][BT_TRANSPORT_BR_EDR]
09-26 11:52:03.643 31661 31681 V bluetooth: system/btif/co/bta_hh_co.cc:773 bta_hh_co_data: dev_handle = 0
09-26 11:52:03.643 31661 31681 V bluetooth: system/btif/co/bta_hh_co.cc:653 bta_hh_co_write: UHID write 16
09-26 11:52:03.644  1616  1871 I SDM     : DisplayBase::CommitThread: Received idle timeout, panel: cmd, timeout: 69999 us
09-26 11:52:03.652 31661 31681 V l2c_csm : system/stack/l2cap/l2c_csm.cc:1335 l2c_csm_open: LCID: 0x004c  st: OPEN  evt: L2CEVT_L2CAP_DATA(0x14) psm: BT_PSM_HIDI(0x0013)
09-26 11:52:03.652 31661 31681 V bluetooth: system/stack/hid/hidh_conn.cc:701 hidh_l2cif_data_ind: HID-Host hidh_l2cif_data_ind [l2cap_cid=0x004c]
09-26 11:52:03.652 31661 31681 V bt_bta_hh: system/bta/hh/bta_hh_act.cc:1144 bta_hh_cback: HID_event [HID_HDEV_EVT_INTR_DATA]
09-26 11:52:03.652 31661 31681 V l2c_csm : system/stack/l2cap/l2c_csm.cc:1514 l2c_csm_open: Exit chnl_state=CST_OPEN [6], event=L2CEVT_L2CAP_DATA(0x14) [20]
09-26 11:52:03.652 31661 31681 V bt_bta_sys_main: system/bta/sys/bta_sys_main.cc:71 bta_sys_event: Event 0x1704
09-26 11:52:03.652 31661 31681 V bt_bta_hh: system/bta/hh/bta_hh_main.cc:174 bta_hh_sm_execute: State BTA_HH_CONN_ST(3), Event BTA_HH_INT_DATA_EVT(5892) for xx:xx:xx:xx:2b:83[public][BT_TRANSPORT_BR_EDR]
09-26 11:52:03.652 31661 31681 V bluetooth: system/btif/co/bta_hh_co.cc:773 bta_hh_co_data: dev_handle = 0
09-26 11:52:03.652 31661 31681 V bluetooth: system/btif/co/bta_hh_co.cc:653 bta_hh_co_write: UHID write 16
09-26 11:52:03.656  1695  1792 D BatteryChargeControl: bcc get no support from charging protocol
09-26 11:52:03.662 31661 31681 V l2c_csm : system/stack/l2cap/l2c_csm.cc:1335 l2c_csm_open: LCID: 0x004c  st: OPEN  evt: L2CEVT_L2CAP_DATA(0x14) psm: BT_PSM_HIDI(0x0013)
09-26 11:52:03.662 31661 31681 V bluetooth: system/stack/hid/hidh_conn.cc:701 hidh_l2cif_data_ind: HID-Host hidh_l2cif_data_ind [l2cap_cid=0x004c]
09-26 11:52:03.662 31661 31681 V bt_bta_hh: system/bta/hh/bta_hh_act.cc:1144 bta_hh_cback: HID_event [HID_HDEV_EVT_INTR_DATA]
09-26 11:52:03.662 31661 31681 V l2c_csm : system/stack/l2cap/l2c_csm.cc:1514 l2c_csm_open: Exit chnl_state=CST_OPEN [6], event=L2CEVT_L2CAP_DATA(0x14) [20]
09-26 11:52:03.662 31661 31681 V bt_bta_sys_main: system/bta/sys/bta_sys_main.cc:71 bta_sys_event: Event 0x1704
09-26 11:52:03.662 31661 31681 V bt_bta_hh: system/bta/hh/bta_hh_main.cc:174 bta_hh_sm_execute: State BTA_HH_CONN_ST(3), Event BTA_HH_INT_DATA_EVT(5892) for xx:xx:xx:xx:2b:83[public][BT_TRANSPORT_BR_EDR]
09-26 11:52:03.662 31661 31681 V bluetooth: system/btif/co/bta_hh_co.cc:773 bta_hh_co_data: dev_handle = 0
09-26 11:52:03.662 31661 31681 V bluetooth: system/btif/co/bta_hh_co.cc:653 bta_hh_co_write: UHID write 16
09-26 11:52:03.663 14961 14961 I S3PAD   : classify name='Xbox Wireless Controller' vid=1118 pid=736 sources=16778513 keyboardType=1 -> GAMEPAD/XBOX reason=gamepad-capability-or-identity
09-26 11:52:03.664 14961 14961 D S3PAD   : deviceKey via descriptor
09-26 11:52:03.671 14961 14961 I S3PAD   : classify name='Xbox Wireless Controller' vid=1118 pid=736 sources=16778513 keyboardType=1 -> GAMEPAD/XBOX reason=gamepad-capability-or-identity
09-26 11:52:03.671 14961 14961 D S3PAD   : deviceKey via descriptor
09-26 11:52:03.672 31661 31681 V l2c_csm : system/stack/l2cap/l2c_csm.cc:1335 l2c_csm_open: LCID: 0x004c  st: OPEN  evt: L2CEVT_L2CAP_DATA(0x14) psm: BT_PSM_HIDI(0x0013)
09-26 11:52:03.672 31661 31681 V bluetooth: system/stack/hid/hidh_conn.cc:701 hidh_l2cif_data_ind: HID-Host hidh_l2cif_data_ind [l2cap_cid=0x004c]
09-26 11:52:03.672 31661 31681 V bt_bta_hh: system/bta/hh/bta_hh_act.cc:1144 bta_hh_cback: HID_event [HID_HDEV_EVT_INTR_DATA]
09-26 11:52:03.672 31661 31681 V l2c_csm : system/stack/l2cap/l2c_csm.cc:1514 l2c_csm_open: Exit chnl_state=CST_OPEN [6], event=L2CEVT_L2CAP_DATA(0x14) [20]
09-26 11:52:03.672 31661 31681 V bt_bta_sys_main: system/bta/sys/bta_sys_main.cc:71 bta_sys_event: Event 0x1704
09-26 11:52:03.672 31661 31681 V bt_bta_hh: system/bta/hh/bta_hh_main.cc:174 bta_hh_sm_execute: State BTA_HH_CONN_ST(3), Event BTA_HH_INT_DATA_EVT(5892) for xx:xx:xx:xx:2b:83[public][BT_TRANSPORT_BR_EDR]
09-26 11:52:03.672 31661 31681 V bluetooth: system/btif/co/bta_hh_co.cc:773 bta_hh_co_data: dev_handle = 0
09-26 11:52:03.672 31661 31681 V bluetooth: system/btif/co/bta_hh_co.cc:653 bta_hh_co_write: UHID write 16
09-26 11:52:03.680 14961 14961 I S3PAD   : classify name='Xbox Wireless Controller' vid=1118 pid=736 sources=16778513 keyboardType=1 -> GAMEPAD/XBOX reason=gamepad-capability-or-identity
09-26 11:52:03.681 14961 14961 D S3PAD   : deviceKey via descriptor
09-26 11:52:03.682 31661 31681 V l2c_csm : system/stack/l2cap/l2c_csm.cc:1335 l2c_csm_open: LCID: 0x004c  st: OPEN  evt: L2CEVT_L2CAP_DATA(0x14) psm: BT_PSM_HIDI(0x0013)
09-26 11:52:03.682 31661 31681 V bluetooth: system/stack/hid/hidh_conn.cc:701 hidh_l2cif_data_ind: HID-Host hidh_l2cif_data_ind [l2cap_cid=0x004c]
09-26 11:52:03.682 31661 31681 V bt_bta_hh: system/bta/hh/bta_hh_act.cc:1144 bta_hh_cback: HID_event [HID_HDEV_EVT_INTR_DATA]
09-26 11:52:03.682 31661 31681 V l2c_csm : system/stack/l2cap/l2c_csm.cc:1514 l2c_csm_open: Exit chnl_state=CST_OPEN [6], event=L2CEVT_L2CAP_DATA(0x14) [20]
09-26 11:52:03.682 31661 31681 V bt_bta_sys_main: system/bta/sys/bta_sys_main.cc:71 bta_sys_event: Event 0x1704
09-26 11:52:03.682 31661 31681 V bt_bta_hh: system/bta/hh/bta_hh_main.cc:174 bta_hh_sm_execute: State BTA_HH_CONN_ST(3), Event BTA_HH_INT_DATA_EVT(5892) for xx:xx:xx:xx:2b:83[public][BT_TRANSPORT_BR_EDR]
09-26 11:52:03.682 31661 31681 V bluetooth: system/btif/co/bta_hh_co.cc:773 bta_hh_co_data: dev_handle = 0
09-26 11:52:03.682 31661 31681 V bluetooth: system/btif/co/bta_hh_co.cc:653 bta_hh_co_write: UHID write 16
09-26 11:52:03.692 31661 31681 V l2c_csm : system/stack/l2cap/l2c_csm.cc:1335 l2c_csm_open: LCID: 0x004c  st: OPEN  evt: L2CEVT_L2CAP_DATA(0x14) psm: BT_PSM_HIDI(0x0013)
09-26 11:52:03.692 31661 31681 V bluetooth: system/stack/hid/hidh_conn.cc:701 hidh_l2cif_data_ind: HID-Host hidh_l2cif_data_ind [l2cap_cid=0x004c]
09-26 11:52:03.692 31661 31681 V bt_bta_hh: system/bta/hh/bta_hh_act.cc:1144 bta_hh_cback: HID_event [HID_HDEV_EVT_INTR_DATA]
09-26 11:52:03.692 31661 31681 V l2c_csm : system/stack/l2cap/l2c_csm.cc:1514 l2c_csm_open: Exit chnl_state=CST_OPEN [6], event=L2CEVT_L2CAP_DATA(0x14) [20]
09-26 11:52:03.692 31661 31681 V bt_bta_sys_main: system/bta/sys/bta_sys_main.cc:71 bta_sys_event: Event 0x1704
09-26 11:52:03.692 31661 31681 V bt_bta_hh: system/bta/hh/bta_hh_main.cc:174 bta_hh_sm_execute: State BTA_HH_CONN_ST(3), Event BTA_HH_INT_DATA_EVT(5892) for xx:xx:xx:xx:2b:83[public][BT_TRANSPORT_BR_EDR]
09-26 11:52:03.692 31661 31681 V bluetooth: system/btif/co/bta_hh_co.cc:773 bta_hh_co_data: dev_handle = 0
09-26 11:52:03.692 31661 31681 V bluetooth: system/btif/co/bta_hh_co.cc:653 bta_hh_co_write: UHID write 16
09-26 11:52:03.696 14961 14961 I S3PAD   : classify name='Xbox Wireless Controller' vid=1118 pid=736 sources=16778513 keyboardType=1 -> GAMEPAD/XBOX reason=gamepad-capability-or-identity
09-26 11:52:03.697 14961 14961 D S3PAD   : deviceKey via descriptor
09-26 11:52:03.702 31661 31681 V l2c_csm : system/stack/l2cap/l2c_csm.cc:1335 l2c_csm_open: LCID: 0x004c  st: OPEN  evt: L2CEVT_L2CAP_DATA(0x14) psm: BT_PSM_HIDI(0x0013)
09-26 11:52:03.702 31661 31681 V bluetooth: system/stack/hid/hidh_conn.cc:701 hidh_l2cif_data_ind: HID-Host hidh_l2cif_data_ind [l2cap_cid=0x004c]
09-26 11:52:03.702 31661 31681 V bt_bta_hh: system/bta/hh/bta_hh_act.cc:1144 bta_hh_cback: HID_event [HID_HDEV_EVT_INTR_DATA]
09-26 11:52:03.702 31661 31681 V l2c_csm : system/stack/l2cap/l2c_csm.cc:1514 l2c_csm_open: Exit chnl_state=CST_OPEN [6], event=L2CEVT_L2CAP_DATA(0x14) [20]
09-26 11:52:03.702 31661 31681 V bt_bta_sys_main: system/bta/sys/bta_sys_main.cc:71 bta_sys_event: Event 0x1704
09-26 11:52:03.702 31661 31681 V bt_bta_hh: system/bta/hh/bta_hh_main.cc:174 bta_hh_sm_execute: State BTA_HH_CONN_ST(3), Event BTA_HH_INT_DATA_EVT(5892) for xx:xx:xx:xx:2b:83[public][BT_TRANSPORT_BR_EDR]
09-26 11:52:03.702 31661 31681 V bluetooth: system/btif/co/bta_hh_co.cc:773 bta_hh_co_data: dev_handle = 0
09-26 11:52:03.702 31661 31681 V bluetooth: system/btif/co/bta_hh_co.cc:653 bta_hh_co_write: UHID write 16
09-26 11:52:03.704 14961 23120 D RPCS3   : sys_tty_write(ch=0, buf=*0x58bf20, len=63, pwritelen=*0xd000fde0)
09-26 11:52:03.704 14961 23120 D RPCS3   : sys_tty_write(): “BATCHJOB: AddJob: waiting for room in job list 3 for job 56...“ << endl
09-26 11:52:03.705  1561  1561 I android.hardware.power-service-qti: Power setBoost: 0, duration: 0
09-26 11:52:03.707 14961 14961 I S3PAD   : classify name='Xbox Wireless Controller' vid=1118 pid=736 sources=16778513 keyboardType=1 -> GAMEPAD/XBOX reason=gamepad-capability-or-identity
09-26 11:52:03.707 14961 14961 D S3PAD   : deviceKey via descriptor
09-26 11:52:03.712 31661 31681 V l2c_csm : system/stack/l2cap/l2c_csm.cc:1335 l2c_csm_open: LCID: 0x004c  st: OPEN  evt: L2CEVT_L2CAP_DATA(0x14) psm: BT_PSM_HIDI(0x0013)
09-26 11:52:03.712 31661 31681 V bluetooth: system/stack/hid/hidh_conn.cc:701 hidh_l2cif_data_ind: HID-Host hidh_l2cif_data_ind [l2cap_cid=0x004c]
09-26 11:52:03.712 31661 31681 V bt_bta_hh: system/bta/hh/bta_hh_act.cc:1144 bta_hh_cback: HID_event [HID_HDEV_EVT_INTR_DATA]
09-26 11:52:03.712 31661 31681 V l2c_csm : system/stack/l2cap/l2c_csm.cc:1514 l2c_csm_open: Exit chnl_state=CST_OPEN [6], event=L2CEVT_L2CAP_DATA(0x14) [20]
09-26 11:52:03.712 31661 31681 V bt_bta_sys_main: system/bta/sys/bta_sys_main.cc:71 bta_sys_event: Event 0x1704
09-26 11:52:03.712 31661 31681 V bt_bta_hh: system/bta/hh/bta_hh_main.cc:174 bta_hh_sm_execute: State BTA_HH_CONN_ST(3), Event BTA_HH_INT_DATA_EVT(5892) for xx:xx:xx:xx:2b:83[public][BT_TRANSPORT_BR_EDR]
09-26 11:52:03.712 31661 31681 V bluetooth: system/btif/co/bta_hh_co.cc:773 bta_hh_co_data: dev_handle = 0
09-26 11:52:03.712 31661 31681 V bluetooth: system/btif/co/bta_hh_co.cc:653 bta_hh_co_write: UHID write 16
09-26 11:52:03.715 14961 14961 I S3PAD   : classify name='Xbox Wireless Controller' vid=1118 pid=736 sources=16778513 keyboardType=1 -> GAMEPAD/XBOX reason=gamepad-capability-or-identity
09-26 11:52:03.715 14961 14961 D S3PAD   : deviceKey via descriptor
09-26 11:52:03.722 31661 31681 V l2c_csm : system/stack/l2cap/l2c_csm.cc:1335 l2c_csm_open: LCID: 0x004c  st: OPEN  evt: L2CEVT_L2CAP_DATA(0x14) psm: BT_PSM_HIDI(0x0013)
09-26 11:52:03.722 31661 31681 V bluetooth: system/stack/hid/hidh_conn.cc:701 hidh_l2cif_data_ind: HID-Host hidh_l2cif_data_ind [l2cap_cid=0x004c]
09-26 11:52:03.722 31661 31681 V bt_bta_hh: system/bta/hh/bta_hh_act.cc:1144 bta_hh_cback: HID_event [HID_HDEV_EVT_INTR_DATA]
09-26 11:52:03.722 31661 31681 V l2c_csm : system/stack/l2cap/l2c_csm.cc:1514 l2c_csm_open: Exit chnl_state=CST_OPEN [6], event=L2CEVT_L2CAP_DATA(0x14) [20]
09-26 11:52:03.722 31661 31681 V bt_bta_sys_main: system/bta/sys/bta_sys_main.cc:71 bta_sys_event: Event 0x1704
09-26 11:52:03.722 31661 31681 V bt_bta_hh: system/bta/hh/bta_hh_main.cc:174 bta_hh_sm_execute: State BTA_HH_CONN_ST(3), Event BTA_HH_INT_DATA_EVT(5892) for xx:xx:xx:xx:2b:83[public][BT_TRANSPORT_BR_EDR]
09-26 11:52:03.722 31661 31681 V bluetooth: system/btif/co/bta_hh_co.cc:773 bta_hh_co_data: dev_handle = 0
09-26 11:52:03.722 31661 31681 V bluetooth: system/btif/co/bta_hh_co.cc:653 bta_hh_co_write: UHID write 16
09-26 11:52:03.722 14961 14961 I S3PAD   : classify name='Xbox Wireless Controller' vid=1118 pid=736 sources=16778513 keyboardType=1 -> GAMEPAD/XBOX reason=gamepad-capability-or-identity
09-26 11:52:03.722 14961 14961 D S3PAD   : deviceKey via descriptor
09-26 11:52:03.730 14961 14961 I S3PAD   : classify name='Xbox Wireless Controller' vid=1118 pid=736 sources=16778513 keyboardType=1 -> GAMEPAD/XBOX reason=gamepad-capability-or-identity
09-26 11:52:03.730 14961 14961 D S3PAD   : deviceKey via descriptor
09-26 11:52:03.732 31661 31681 V l2c_csm : system/stack/l2cap/l2c_csm.cc:1335 l2c_csm_open: LCID: 0x004c  st: OPEN  evt: L2CEVT_L2CAP_DATA(0x14) psm: BT_PSM_HIDI(0x0013)
09-26 11:52:03.732 31661 31681 V bluetooth: system/stack/hid/hidh_conn.cc:701 hidh_l2cif_data_ind: HID-Host hidh_l2cif_data_ind [l2cap_cid=0x004c]
09-26 11:52:03.732 31661 31681 V bt_bta_hh: system/bta/hh/bta_hh_act.cc:1144 bta_hh_cback: HID_event [HID_HDEV_EVT_INTR_DATA]
09-26 11:52:03.732 31661 31681 V l2c_csm : system/stack/l2cap/l2c_csm.cc:1514 l2c_csm_open: Exit chnl_state=CST_OPEN [6], event=L2CEVT_L2CAP_DATA(0x14) [20]
09-26 11:52:03.732 31661 31681 V bt_bta_sys_main: system/bta/sys/bta_sys_main.cc:71 bta_sys_event: Event 0x1704
09-26 11:52:03.732 31661 31681 V bt_bta_hh: system/bta/hh/bta_hh_main.cc:174 bta_hh_sm_execute: State BTA_HH_CONN_ST(3), Event BTA_HH_INT_DATA_EVT(5892) for xx:xx:xx:xx:2b:83[public][BT_TRANSPORT_BR_EDR]
09-26 11:52:03.732 31661 31681 V bluetooth: system/btif/co/bta_hh_co.cc:773 bta_hh_co_data: dev_handle = 0
09-26 11:52:03.732 31661 31681 V bluetooth: system/btif/co/bta_hh_co.cc:653 bta_hh_co_write: UHID write 16
09-26 11:52:03.733  4851  4882 E horae   : 0: target_temp:36500, back:36500,frame:36500,front:36500, 4, +(0), 1 ,36500, algo:0
09-26 11:52:03.739 14961 14961 I S3PAD   : classify name='Xbox Wireless Controller' vid=1118 pid=736 sources=16778513 keyboardType=1 -> GAMEPAD/XBOX reason=gamepad-capability-or-identity
09-26 11:52:03.739 14961 14961 D S3PAD   : deviceKey via descriptor
09-26 11:52:03.743 31661 31681 V l2c_csm : system/stack/l2cap/l2c_csm.cc:1335 l2c_csm_open: LCID: 0x004c  st: OPEN  evt: L2CEVT_L2CAP_DATA(0x14) psm: BT_PSM_HIDI(0x0013)
09-26 11:52:03.743 31661 31681 V bluetooth: system/stack/hid/hidh_conn.cc:701 hidh_l2cif_data_ind: HID-Host hidh_l2cif_data_ind [l2cap_cid=0x004c]
09-26 11:52:03.743 31661 31681 V bt_bta_hh: system/bta/hh/bta_hh_act.cc:1144 bta_hh_cback: HID_event [HID_HDEV_EVT_INTR_DATA]
09-26 11:52:03.743 31661 31681 V l2c_csm : system/stack/l2cap/l2c_csm.cc:1514 l2c_csm_open: Exit chnl_state=CST_OPEN [6], event=L2CEVT_L2CAP_DATA(0x14) [20]
09-26 11:52:03.743 31661 31681 V bt_bta_sys_main: system/bta/sys/bta_sys_main.cc:71 bta_sys_event: Event 0x1704
09-26 11:52:03.743 31661 31681 V bt_bta_hh: system/bta/hh/bta_hh_main.cc:174 bta_hh_sm_execute: State BTA_HH_CONN_ST(3), Event BTA_HH_INT_DATA_EVT(5892) for xx:xx:xx:xx:2b:83[public][BT_TRANSPORT_BR_EDR]
09-26 11:52:03.743 31661 31681 V bluetooth: system/btif/co/bta_hh_co.cc:773 bta_hh_co_data: dev_handle = 0
09-26 11:52:03.743 31661 31681 V bluetooth: system/btif/co/bta_hh_co.cc:653 bta_hh_co_write: UHID write 16
09-26 11:52:03.752 31661 31681 V l2c_csm : system/stack/l2cap/l2c_csm.cc:1335 l2c_csm_open: LCID: 0x004c  st: OPEN  evt: L2CEVT_L2CAP_DATA(0x14) psm: BT_PSM_HIDI(0x0013)
09-26 11:52:03.752 31661 31681 V bluetooth: system/stack/hid/hidh_conn.cc:701 hidh_l2cif_data_ind: HID-Host hidh_l2cif_data_ind [l2cap_cid=0x004c]
09-26 11:52:03.752 31661 31681 V bt_bta_hh: system/bta/hh/bta_hh_act.cc:1144 bta_hh_cback: HID_event [HID_HDEV_EVT_INTR_DATA]
09-26 11:52:03.752 31661 31681 V l2c_csm : system/stack/l2cap/l2c_csm.cc:1514 l2c_csm_open: Exit chnl_state=CST_OPEN [6], event=L2CEVT_L2CAP_DATA(0x14) [20]
09-26 11:52:03.752 31661 31681 V bt_bta_sys_main: system/bta/sys/bta_sys_main.cc:71 bta_sys_event: Event 0x1704
09-26 11:52:03.752 31661 31681 V bt_bta_hh: system/bta/hh/bta_hh_main.cc:174 bta_hh_sm_execute: State BTA_HH_CONN_ST(3), Event BTA_HH_INT_DATA_EVT(5892) for xx:xx:xx:xx:2b:83[public][BT_TRANSPORT_BR_EDR]
09-26 11:52:03.752 31661 31681 V bluetooth: system/btif/co/bta_hh_co.cc:773 bta_hh_co_data: dev_handle = 0
09-26 11:52:03.752 31661 31681 V bluetooth: system/btif/co/bta_hh_co.cc:653 bta_hh_co_write: UHID write 16
09-26 11:52:03.755 14961 14961 I S3PAD   : classify name='Xbox Wireless Controller' vid=1118 pid=736 sources=16778513 keyboardType=1 -> GAMEPAD/XBOX reason=gamepad-capability-or-identity
09-26 11:52:03.755 14961 14961 D S3PAD   : deviceKey via descriptor
09-26 11:52:03.763 31661 31681 V l2c_csm : system/stack/l2cap/l2c_csm.cc:1335 l2c_csm_open: LCID: 0x004c  st: OPEN  evt: L2CEVT_L2CAP_DATA(0x14) psm: BT_PSM_HIDI(0x0013)
09-26 11:52:03.763 31661 31681 V bluetooth: system/stack/hid/hidh_conn.cc:701 hidh_l2cif_data_ind: HID-Host hidh_l2cif_data_ind [l2cap_cid=0x004c]
09-26 11:52:03.763 31661 31681 V bt_bta_hh: system/bta/hh/bta_hh_act.cc:1144 bta_hh_cback: HID_event [HID_HDEV_EVT_INTR_DATA]
09-26 11:52:03.763 31661 31681 V l2c_csm : system/stack/l2cap/l2c_csm.cc:1514 l2c_csm_open: Exit chnl_state=CST_OPEN [6], event=L2CEVT_L2CAP_DATA(0x14) [20]
09-26 11:52:03.763 31661 31681 V bt_bta_sys_main: system/bta/sys/bta_sys_main.cc:71 bta_sys_event: Event 0x1704
09-26 11:52:03.763 31661 31681 V bt_bta_hh: system/bta/hh/bta_hh_main.cc:174 bta_hh_sm_execute: State BTA_HH_CONN_ST(3), Event BTA_HH_INT_DATA_EVT(5892) for xx:xx:xx:xx:2b:83[public][BT_TRANSPORT_BR_EDR]
09-26 11:52:03.763 31661 31681 V bluetooth: system/btif/co/bta_hh_co.cc:773 bta_hh_co_data: dev_handle = 0
09-26 11:52:03.763 31661 31681 V bluetooth: system/btif/co/bta_hh_co.cc:653 bta_hh_co_write: UHID write 16
09-26 11:52:03.763 14961 14961 I S3PAD   : classify name='Xbox Wireless Controller' vid=1118 pid=736 sources=16778513 keyboardType=1 -> GAMEPAD/XBOX reason=gamepad-capability-or-identity
09-26 11:52:03.763 14961 14961 D S3PAD   : deviceKey via descriptor
09-26 11:52:03.772 31661 31681 V l2c_csm : system/stack/l2cap/l2c_csm.cc:1335 l2c_csm_open: LCID: 0x004c  st: OPEN  evt: L2CEVT_L2CAP_DATA(0x14) psm: BT_PSM_HIDI(0x0013)
09-26 11:52:03.772 31661 31681 V bluetooth: system/stack/hid/hidh_conn.cc:701 hidh_l2cif_data_ind: HID-Host hidh_l2cif_data_ind [l2cap_cid=0x004c]
09-26 11:52:03.772 31661 31681 V bt_bta_hh: system/bta/hh/bta_hh_act.cc:1144 bta_hh_cback: HID_event [HID_HDEV_EVT_INTR_DATA]
09-26 11:52:03.772 31661 31681 V l2c_csm : system/stack/l2cap/l2c_csm.cc:1514 l2c_csm_open: Exit chnl_state=CST_OPEN [6], event=L2CEVT_L2CAP_DATA(0x14) [20]
09-26 11:52:03.772 31661 31681 V bt_bta_sys_main: system/bta/sys/bta_sys_main.cc:71 bta_sys_event: Event 0x1704
09-26 11:52:03.772 31661 31681 V bt_bta_hh: system/bta/hh/bta_hh_main.cc:174 bta_hh_sm_execute: State BTA_HH_CONN_ST(3), Event BTA_HH_INT_DATA_EVT(5892) for xx:xx:xx:xx:2b:83[public][BT_TRANSPORT_BR_EDR]
09-26 11:52:03.772 31661 31681 V bluetooth: system/btif/co/bta_hh_co.cc:773 bta_hh_co_data: dev_handle = 0
09-26 11:52:03.772 31661 31681 V bluetooth: system/btif/co/bta_hh_co.cc:653 bta_hh_co_write: UHID write 16
09-26 11:52:03.773 14961 14961 I S3PAD   : classify name='Xbox Wireless Controller' vid=1118 pid=736 sources=16778513 keyboardType=1 -> GAMEPAD/XBOX reason=gamepad-capability-or-identity
09-26 11:52:03.774 14961 14961 D S3PAD   : deviceKey via descriptor
09-26 11:52:03.774  1616  1871 I SDM     : DisplayBase::CommitThread: Received idle timeout, panel: cmd, timeout: 70000 us
09-26 11:52:03.782 31661 31681 V l2c_csm : system/stack/l2cap/l2c_csm.cc:1335 l2c_csm_open: LCID: 0x004c  st: OPEN  evt: L2CEVT_L2CAP_DATA(0x14) psm: BT_PSM_HIDI(0x0013)
09-26 11:52:03.782 31661 31681 V bluetooth: system/stack/hid/hidh_conn.cc:701 hidh_l2cif_data_ind: HID-Host hidh_l2cif_data_ind [l2cap_cid=0x004c]
09-26 11:52:03.782 31661 31681 V bt_bta_hh: system/bta/hh/bta_hh_act.cc:1144 bta_hh_cback: HID_event [HID_HDEV_EVT_INTR_DATA]
09-26 11:52:03.782 31661 31681 V l2c_csm : system/stack/l2cap/l2c_csm.cc:1514 l2c_csm_open: Exit chnl_state=CST_OPEN [6], event=L2CEVT_L2CAP_DATA(0x14) [20]
09-26 11:52:03.782 31661 31681 V bt_bta_sys_main: system/bta/sys/bta_sys_main.cc:71 bta_sys_event: Event 0x1704
09-26 11:52:03.782 31661 31681 V bt_bta_hh: system/bta/hh/bta_hh_main.cc:174 bta_hh_sm_execute: State BTA_HH_CONN_ST(3), Event BTA_HH_INT_DATA_EVT(5892) for xx:xx:xx:xx:2b:83[public][BT_TRANSPORT_BR_EDR]
09-26 11:52:03.782 31661 31681 V bluetooth: system/btif/co/bta_hh_co.cc:773 bta_hh_co_data: dev_handle = 0
09-26 11:52:03.782 31661 31681 V bluetooth: system/btif/co/bta_hh_co.cc:653 bta_hh_co_write: UHID write 16
09-26 11:52:03.783 14961 14961 I S3PAD   : classify name='Xbox Wireless Controller' vid=1118 pid=736 sources=16778513 keyboardType=1 -> GAMEPAD/XBOX reason=gamepad-capability-or-identity
09-26 11:52:03.783 14961 14961 D S3PAD   : deviceKey via descriptor
09-26 11:52:03.792 31661 31681 V l2c_csm : system/stack/l2cap/l2c_csm.cc:1335 l2c_csm_open: LCID: 0x004c  st: OPEN  evt: L2CEVT_L2CAP_DATA(0x14) psm: BT_PSM_HIDI(0x0013)
09-26 11:52:03.792 31661 31681 V bluetooth: system/stack/hid/hidh_conn.cc:701 hidh_l2cif_data_ind: HID-Host hidh_l2cif_data_ind [l2cap_cid=0x004c]
09-26 11:52:03.792 31661 31681 V bt_bta_hh: system/bta/hh/bta_hh_act.cc:1144 bta_hh_cback: HID_event [HID_HDEV_EVT_INTR_DATA]
09-26 11:52:03.792 31661 31681 V l2c_csm : system/stack/l2cap/l2c_csm.cc:1514 l2c_csm_open: Exit chnl_state=CST_OPEN [6], event=L2CEVT_L2CAP_DATA(0x14) [20]
09-26 11:52:03.792 31661 31681 V bt_bta_sys_main: system/bta/sys/bta_sys_main.cc:71 bta_sys_event: Event 0x1704
09-26 11:52:03.792 31661 31681 V bt_bta_hh: system/bta/hh/bta_hh_main.cc:174 bta_hh_sm_execute: State BTA_HH_CONN_ST(3), Event BTA_HH_INT_DATA_EVT(5892) for xx:xx:xx:xx:2b:83[public][BT_TRANSPORT_BR_EDR]
09-26 11:52:03.792 31661 31681 V bluetooth: system/btif/co/bta_hh_co.cc:773 bta_hh_co_data: dev_handle = 0
09-26 11:52:03.792 31661 31681 V bluetooth: system/btif/co/bta_hh_co.cc:653 bta_hh_co_write: UHID write 16
09-26 11:52:03.797 14961 14961 I S3PAD   : classify name='Xbox Wireless Controller' vid=1118 pid=736 sources=16778513 keyboardType=1 -> GAMEPAD/XBOX reason=gamepad-capability-or-identity
09-26 11:52:03.797 14961 14961 D S3PAD   : deviceKey via descriptor
09-26 11:52:03.802 31661 31681 V l2c_csm : system/stack/l2cap/l2c_csm.cc:1335 l2c_csm_open: LCID: 0x004c  st: OPEN  evt: L2CEVT_L2CAP_DATA(0x14) psm: BT_PSM_HIDI(0x0013)
09-26 11:52:03.802 31661 31681 V bluetooth: system/stack/hid/hidh_conn.cc:701 hidh_l2cif_data_ind: HID-Host hidh_l2cif_data_ind [l2cap_cid=0x004c]
09-26 11:52:03.802 31661 31681 V bt_bta_hh: system/bta/hh/bta_hh_act.cc:1144 bta_hh_cback: HID_event [HID_HDEV_EVT_INTR_DATA]
09-26 11:52:03.802 31661 31681 V l2c_csm : system/stack/l2cap/l2c_csm.cc:1514 l2c_csm_open: Exit chnl_state=CST_OPEN [6], event=L2CEVT_L2CAP_DATA(0x14) [20]
09-26 11:52:03.802 31661 31681 V bt_bta_sys_main: system/bta/sys/bta_sys_main.cc:71 bta_sys_event: Event 0x1704
09-26 11:52:03.802 31661 31681 V bt_bta_hh: system/bta/hh/bta_hh_main.cc:174 bta_hh_sm_execute: State BTA_HH_CONN_ST(3), Event BTA_HH_INT_DATA_EVT(5892) for xx:xx:xx:xx:2b:83[public][BT_TRANSPORT_BR_EDR]
09-26 11:52:03.802 31661 31681 V bluetooth: system/btif/co/bta_hh_co.cc:773 bta_hh_co_data: dev_handle = 0
09-26 11:52:03.802 31661 31681 V bluetooth: system/btif/co/bta_hh_co.cc:653 bta_hh_co_write: UHID write 16
09-26 11:52:03.805 14961 14961 I S3PAD   : classify name='Xbox Wireless Controller' vid=1118 pid=736 sources=16778513 keyboardType=1 -> GAMEPAD/XBOX reason=gamepad-capability-or-identity
09-26 11:52:03.805 14961 14961 D S3PAD   : deviceKey via descriptor
09-26 11:52:03.812 31661 31681 V l2c_csm : system/stack/l2cap/l2c_csm.cc:1335 l2c_csm_open: LCID: 0x004c  st: OPEN  evt: L2CEVT_L2CAP_DATA(0x14) psm: BT_PSM_HIDI(0x0013)
09-26 11:52:03.812 31661 31681 V bluetooth: system/stack/hid/hidh_conn.cc:701 hidh_l2cif_data_ind: HID-Host hidh_l2cif_data_ind [l2cap_cid=0x004c]
09-26 11:52:03.812 31661 31681 V bt_bta_hh: system/bta/hh/bta_hh_act.cc:1144 bta_hh_cback: HID_event [HID_HDEV_EVT_INTR_DATA]
09-26 11:52:03.812 31661 31681 V l2c_csm : system/stack/l2cap/l2c_csm.cc:1514 l2c_csm_open: Exit chnl_state=CST_OPEN [6], event=L2CEVT_L2CAP_DATA(0x14) [20]
09-26 11:52:03.812 31661 31681 V bt_bta_sys_main: system/bta/sys/bta_sys_main.cc:71 bta_sys_event: Event 0x1704
09-26 11:52:03.812 31661 31681 V bt_bta_hh: system/bta/hh/bta_hh_main.cc:174 bta_hh_sm_execute: State BTA_HH_CONN_ST(3), Event BTA_HH_INT_DATA_EVT(5892) for xx:xx:xx:xx:2b:83[public][BT_TRANSPORT_BR_EDR]
09-26 11:52:03.812 31661 31681 V bluetooth: system/btif/co/bta_hh_co.cc:773 bta_hh_co_data: dev_handle = 0
09-26 11:52:03.812 31661 31681 V bluetooth: system/btif/co/bta_hh_co.cc:653 bta_hh_co_write: UHID write 16
09-26 11:52:03.814 14961 14961 I S3PAD   : classify name='Xbox Wireless Controller' vid=1118 pid=736 sources=16778513 keyboardType=1 -> GAMEPAD/XBOX reason=gamepad-capability-or-identity
09-26 11:52:03.814 14961 14961 D S3PAD   : deviceKey via descriptor
09-26 11:52:03.814  1621  5332 E ANDR-PERF-LM: SilkyScrolls: emptyContentDetection() 762: empty Content found
09-26 11:52:03.822 31661 31681 V l2c_csm : system/stack/l2cap/l2c_csm.cc:1335 l2c_csm_open: LCID: 0x004c  st: OPEN  evt: L2CEVT_L2CAP_DATA(0x14) psm: BT_PSM_HIDI(0x0013)
09-26 11:52:03.822 31661 31681 V bluetooth: system/stack/hid/hidh_conn.cc:701 hidh_l2cif_data_ind: HID-Host hidh_l2cif_data_ind [l2cap_cid=0x004c]
09-26 11:52:03.822 31661 31681 V bt_bta_hh: system/bta/hh/bta_hh_act.cc:1144 bta_hh_cback: HID_event [HID_HDEV_EVT_INTR_DATA]
09-26 11:52:03.822 31661 31681 V l2c_csm : system/stack/l2cap/l2c_csm.cc:1514 l2c_csm_open: Exit chnl_state=CST_OPEN [6], event=L2CEVT_L2CAP_DATA(0x14) [20]
09-26 11:52:03.822 31661 31681 V bt_bta_sys_main: system/bta/sys/bta_sys_main.cc:71 bta_sys_event: Event 0x1704
09-26 11:52:03.822 31661 31681 V bt_bta_hh: system/bta/hh/bta_hh_main.cc:174 bta_hh_sm_execute: State BTA_HH_CONN_ST(3), Event BTA_HH_INT_DATA_EVT(5892) for xx:xx:xx:xx:2b:83[public][BT_TRANSPORT_BR_EDR]
09-26 11:52:03.822 31661 31681 V bluetooth: system/btif/co/bta_hh_co.cc:773 bta_hh_co_data: dev_handle = 0
09-26 11:52:03.822 31661 31681 V bluetooth: system/btif/co/bta_hh_co.cc:653 bta_hh_co_write: UHID write 16
09-26 11:52:03.832 31661 31681 V l2c_csm : system/stack/l2cap/l2c_csm.cc:1335 l2c_csm_open: LCID: 0x004c  st: OPEN  evt: L2CEVT_L2CAP_DATA(0x14) psm: BT_PSM_HIDI(0x0013)
09-26 11:52:03.832 31661 31681 V bluetooth: system/stack/hid/hidh_conn.cc:701 hidh_l2cif_data_ind: HID-Host hidh_l2cif_data_ind [l2cap_cid=0x004c]
09-26 11:52:03.832 31661 31681 V bt_bta_hh: system/bta/hh/bta_hh_act.cc:1144 bta_hh_cback: HID_event [HID_HDEV_EVT_INTR_DATA]
09-26 11:52:03.832 31661 31681 V l2c_csm : system/stack/l2cap/l2c_csm.cc:1514 l2c_csm_open: Exit chnl_state=CST_OPEN [6], event=L2CEVT_L2CAP_DATA(0x14) [20]
09-26 11:52:03.832 31661 31681 V bt_bta_sys_main: system/bta/sys/bta_sys_main.cc:71 bta_sys_event: Event 0x1704
09-26 11:52:03.832 31661 31681 V bt_bta_hh: system/bta/hh/bta_hh_main.cc:174 bta_hh_sm_execute: State BTA_HH_CONN_ST(3), Event BTA_HH_INT_DATA_EVT(5892) for xx:xx:xx:xx:2b:83[public][BT_TRANSPORT_BR_EDR]
09-26 11:52:03.832 31661 31681 V bluetooth: system/btif/co/bta_hh_co.cc:773 bta_hh_co_data: dev_handle = 0
09-26 11:52:03.832 31661 31681 V bluetooth: system/btif/co/bta_hh_co.cc:653 bta_hh_co_write: UHID write 16
09-26 11:52:03.833  1561  1561 I android.hardware.power-service-qti: Power setBoost: 0, duration: 0
09-26 11:52:03.838 14961 14961 I S3PAD   : classify name='Xbox Wireless Controller' vid=1118 pid=736 sources=16778513 keyboardType=1 -> GAMEPAD/XBOX reason=gamepad-capability-or-identity
09-26 11:52:03.838 14961 14961 D S3PAD   : deviceKey via descriptor
09-26 11:52:03.842 31661 31681 V l2c_csm : system/stack/l2cap/l2c_csm.cc:1335 l2c_csm_open: LCID: 0x004c  st: OPEN  evt: L2CEVT_L2CAP_DATA(0x14) psm: BT_PSM_HIDI(0x0013)
09-26 11:52:03.842 31661 31681 V bluetooth: system/stack/hid/hidh_conn.cc:701 hidh_l2cif_data_ind: HID-Host hidh_l2cif_data_ind [l2cap_cid=0x004c]
09-26 11:52:03.842 31661 31681 V bt_bta_hh: system/bta/hh/bta_hh_act.cc:1144 bta_hh_cback: HID_event [HID_HDEV_EVT_INTR_DATA]
09-26 11:52:03.842 31661 31681 V l2c_csm : system/stack/l2cap/l2c_csm.cc:1514 l2c_csm_open: Exit chnl_state=CST_OPEN [6], event=L2CEVT_L2CAP_DATA(0x14) [20]
09-26 11:52:03.842 31661 31681 V bt_bta_sys_main: system/bta/sys/bta_sys_main.cc:71 bta_sys_event: Event 0x1704
09-26 11:52:03.842 31661 31681 V bt_bta_hh: system/bta/hh/bta_hh_main.cc:174 bta_hh_sm_execute: State BTA_HH_CONN_ST(3), Event BTA_HH_INT_DATA_EVT(5892) for xx:xx:xx:xx:2b:83[public][BT_TRANSPORT_BR_EDR]
09-26 11:52:03.842 31661 31681 V bluetooth: system/btif/co/bta_hh_co.cc:773 bta_hh_co_data: dev_handle = 0
09-26 11:52:03.842 31661 31681 V bluetooth: system/btif/co/bta_hh_co.cc:653 bta_hh_co_write: UHID write 16
09-26 11:52:03.852 31661 31681 V l2c_csm : system/stack/l2cap/l2c_csm.cc:1335 l2c_csm_open: LCID: 0x004c  st: OPEN  evt: L2CEVT_L2CAP_DATA(0x14) psm: BT_PSM_HIDI(0x0013)
09-26 11:52:03.852 31661 31681 V bluetooth: system/stack/hid/hidh_conn.cc:701 hidh_l2cif_data_ind: HID-Host hidh_l2cif_data_ind [l2cap_cid=0x004c]
09-26 11:52:03.852 31661 31681 V bt_bta_hh: system/bta/hh/bta_hh_act.cc:1144 bta_hh_cback: HID_event [HID_HDEV_EVT_INTR_DATA]
09-26 11:52:03.852 31661 31681 V l2c_csm : system/stack/l2cap/l2c_csm.cc:1514 l2c_csm_open: Exit chnl_state=CST_OPEN [6], event=L2CEVT_L2CAP_DATA(0x14) [20]
09-26 11:52:03.852 31661 31681 V bt_bta_sys_main: system/bta/sys/bta_sys_main.cc:71 bta_sys_event: Event 0x1704
09-26 11:52:03.852 31661 31681 V bt_bta_hh: system/bta/hh/bta_hh_main.cc:174 bta_hh_sm_execute: State BTA_HH_CONN_ST(3), Event BTA_HH_INT_DATA_EVT(5892) for xx:xx:xx:xx:2b:83[public][BT_TRANSPORT_BR_EDR]
09-26 11:52:03.852 31661 31681 V bluetooth: system/btif/co/bta_hh_co.cc:773 bta_hh_co_data: dev_handle = 0
09-26 11:52:03.852 31661 31681 V bluetooth: system/btif/co/bta_hh_co.cc:653 bta_hh_co_write: UHID write 16
09-26 11:52:03.862 31661 31681 V l2c_csm : system/stack/l2cap/l2c_csm.cc:1335 l2c_csm_open: LCID: 0x004c  st: OPEN  evt: L2CEVT_L2CAP_DATA(0x14) psm: BT_PSM_HIDI(0x0013)
09-26 11:52:03.862 31661 31681 V bluetooth: system/stack/hid/hidh_conn.cc:701 hidh_l2cif_data_ind: HID-Host hidh_l2cif_data_ind [l2cap_cid=0x004c]
09-26 11:52:03.862 31661 31681 V bt_bta_hh: system/bta/hh/bta_hh_act.cc:1144 bta_hh_cback: HID_event [HID_HDEV_EVT_INTR_DATA]
09-26 11:52:03.862 31661 31681 V l2c_csm : system/stack/l2cap/l2c_csm.cc:1514 l2c_csm_open: Exit chnl_state=CST_OPEN [6], event=L2CEVT_L2CAP_DATA(0x14) [20]
09-26 11:52:03.862 31661 31681 V bt_bta_sys_main: system/bta/sys/bta_sys_main.cc:71 bta_sys_event: Event 0x1704
09-26 11:52:03.862 31661 31681 V bt_bta_hh: system/bta/hh/bta_hh_main.cc:174 bta_hh_sm_execute: State BTA_HH_CONN_ST(3), Event BTA_HH_INT_DATA_EVT(5892) for xx:xx:xx:xx:2b:83[public][BT_TRANSPORT_BR_EDR]
09-26 11:52:03.862 31661 31681 V bluetooth: system/btif/co/bta_hh_co.cc:773 bta_hh_co_data: dev_handle = 0
09-26 11:52:03.862 31661 31681 V bluetooth: system/btif/co/bta_hh_co.cc:653 bta_hh_co_write: UHID write 16
09-26 11:52:03.872 31661 31681 V l2c_csm : system/stack/l2cap/l2c_csm.cc:1335 l2c_csm_open: LCID: 0x004c  st: OPEN  evt: L2CEVT_L2CAP_DATA(0x14) psm: BT_PSM_HIDI(0x0013)
09-26 11:52:03.872 31661 31681 V bluetooth: system/stack/hid/hidh_conn.cc:701 hidh_l2cif_data_ind: HID-Host hidh_l2cif_data_ind [l2cap_cid=0x004c]
09-26 11:52:03.872 31661 31681 V bt_bta_hh: system/bta/hh/bta_hh_act.cc:1144 bta_hh_cback: HID_event [HID_HDEV_EVT_INTR_DATA]
09-26 11:52:03.872 31661 31681 V l2c_csm : system/stack/l2cap/l2c_csm.cc:1514 l2c_csm_open: Exit chnl_state=CST_OPEN [6], event=L2CEVT_L2CAP_DATA(0x14) [20]
09-26 11:52:03.872 31661 31681 V bt_bta_sys_main: system/bta/sys/bta_sys_main.cc:71 bta_sys_event: Event 0x1704
09-26 11:52:03.872 31661 31681 V bt_bta_hh: system/bta/hh/bta_hh_main.cc:174 bta_hh_sm_execute: State BTA_HH_CONN_ST(3), Event BTA_HH_INT_DATA_EVT(5892) for xx:xx:xx:xx:2b:83[public][BT_TRANSPORT_BR_EDR]
09-26 11:52:03.872 31661 31681 V bluetooth: system/btif/co/bta_hh_co.cc:773 bta_hh_co_data: dev_handle = 0
09-26 11:52:03.872 31661 31681 V bluetooth: system/btif/co/bta_hh_co.cc:653 bta_hh_co_write: UHID write 16
09-26 11:52:03.882 31661 31681 V l2c_csm : system/stack/l2cap/l2c_csm.cc:1335 l2c_csm_open: LCID: 0x004c  st: OPEN  evt: L2CEVT_L2CAP_DATA(0x14) psm: BT_PSM_HIDI(0x0013)
09-26 11:52:03.882 31661 31681 V bluetooth: system/stack/hid/hidh_conn.cc:701 hidh_l2cif_data_ind: HID-Host hidh_l2cif_data_ind [l2cap_cid=0x004c]
09-26 11:52:03.882 31661 31681 V bt_bta_hh: system/bta/hh/bta_hh_act.cc:1144 bta_hh_cback: HID_event [HID_HDEV_EVT_INTR_DATA]
09-26 11:52:03.882 31661 31681 V l2c_csm : system/stack/l2cap/l2c_csm.cc:1514 l2c_csm_open: Exit chnl_state=CST_OPEN [6], event=L2CEVT_L2CAP_DATA(0x14) [20]
09-26 11:52:03.882 31661 31681 V bt_bta_sys_main: system/bta/sys/bta_sys_main.cc:71 bta_sys_event: Event 0x1704
09-26 11:52:03.882 31661 31681 V bt_bta_hh: system/bta/hh/bta_hh_main.cc:174 bta_hh_sm_execute: State BTA_HH_CONN_ST(3), Event BTA_HH_INT_DATA_EVT(5892) for xx:xx:xx:xx:2b:83[public][BT_TRANSPORT_BR_EDR]
09-26 11:52:03.882 31661 31681 V bluetooth: system/btif/co/bta_hh_co.cc:773 bta_hh_co_data: dev_handle = 0
09-26 11:52:03.882 31661 31681 V bluetooth: system/btif/co/bta_hh_co.cc:653 bta_hh_co_write: UHID write 16
09-26 11:52:03.892 31661 31681 V l2c_csm : system/stack/l2cap/l2c_csm.cc:1335 l2c_csm_open: LCID: 0x004c  st: OPEN  evt: L2CEVT_L2CAP_DATA(0x14) psm: BT_PSM_HIDI(0x0013)
09-26 11:52:03.892 31661 31681 V bluetooth: system/stack/hid/hidh_conn.cc:701 hidh_l2cif_data_ind: HID-Host hidh_l2cif_data_ind [l2cap_cid=0x004c]
09-26 11:52:03.892 31661 31681 V bt_bta_hh: system/bta/hh/bta_hh_act.cc:1144 bta_hh_cback: HID_event [HID_HDEV_EVT_INTR_DATA]
09-26 11:52:03.892 31661 31681 V l2c_csm : system/stack/l2cap/l2c_csm.cc:1514 l2c_csm_open: Exit chnl_state=CST_OPEN [6], event=L2CEVT_L2CAP_DATA(0x14) [20]
09-26 11:52:03.892 31661 31681 V bt_bta_sys_main: system/bta/sys/bta_sys_main.cc:71 bta_sys_event: Event 0x1704
09-26 11:52:03.892 31661 31681 V bt_bta_hh: system/bta/hh/bta_hh_main.cc:174 bta_hh_sm_execute: State BTA_HH_CONN_ST(3), Event BTA_HH_INT_DATA_EVT(5892) for xx:xx:xx:xx:2b:83[public][BT_TRANSPORT_BR_EDR]
09-26 11:52:03.892 31661 31681 V bluetooth: system/btif/co/bta_hh_co.cc:773 bta_hh_co_data: dev_handle = 0
09-26 11:52:03.892 31661 31681 V bluetooth: system/btif/co/bta_hh_co.cc:653 bta_hh_co_write: UHID write 16
09-26 11:52:03.901  1616  1871 I SDM     : DisplayBase::CommitThread: Received idle timeout, panel: cmd, timeout: 70000 us
09-26 11:52:03.903 31661 31681 V l2c_csm : system/stack/l2cap/l2c_csm.cc:1335 l2c_csm_open: LCID: 0x004c  st: OPEN  evt: L2CEVT_L2CAP_DATA(0x14) psm: BT_PSM_HIDI(0x0013)
09-26 11:52:03.903 31661 31681 V bluetooth: system/stack/hid/hidh_conn.cc:701 hidh_l2cif_data_ind: HID-Host hidh_l2cif_data_ind [l2cap_cid=0x004c]
09-26 11:52:03.903 31661 31681 V bt_bta_hh: system/bta/hh/bta_hh_act.cc:1144 bta_hh_cback: HID_event [HID_HDEV_EVT_INTR_DATA]
09-26 11:52:03.903 31661 31681 V l2c_csm : system/stack/l2cap/l2c_csm.cc:1514 l2c_csm_open: Exit chnl_state=CST_OPEN [6], event=L2CEVT_L2CAP_DATA(0x14) [20]
09-26 11:52:03.903 31661 31681 V bt_bta_sys_main: system/bta/sys/bta_sys_main.cc:71 bta_sys_event: Event 0x1704
09-26 11:52:03.903 31661 31681 V bt_bta_hh: system/bta/hh/bta_hh_main.cc:174 bta_hh_sm_execute: State BTA_HH_CONN_ST(3), Event BTA_HH_INT_DATA_EVT(5892) for xx:xx:xx:xx:2b:83[public][BT_TRANSPORT_BR_EDR]
09-26 11:52:03.903 31661 31681 V bluetooth: system/btif/co/bta_hh_co.cc:773 bta_hh_co_data: dev_handle = 0
09-26 11:52:03.903 31661 31681 V bluetooth: system/btif/co/bta_hh_co.cc:653 bta_hh_co_write: UHID write 16
09-26 11:52:03.912 31661 31681 V l2c_csm : system/stack/l2cap/l2c_csm.cc:1335 l2c_csm_open: LCID: 0x004c  st: OPEN  evt: L2CEVT_L2CAP_DATA(0x14) psm: BT_PSM_HIDI(0x0013)
09-26 11:52:03.912 31661 31681 V bluetooth: system/stack/hid/hidh_conn.cc:701 hidh_l2cif_data_ind: HID-Host hidh_l2cif_data_ind [l2cap_cid=0x004c]
09-26 11:52:03.912 31661 31681 V bt_bta_hh: system/bta/hh/bta_hh_act.cc:1144 bta_hh_cback: HID_event [HID_HDEV_EVT_INTR_DATA]
09-26 11:52:03.912 31661 31681 V l2c_csm : system/stack/l2cap/l2c_csm.cc:1514 l2c_csm_open: Exit chnl_state=CST_OPEN [6], event=L2CEVT_L2CAP_DATA(0x14) [20]
09-26 11:52:03.912 31661 31681 V bt_bta_sys_main: system/bta/sys/bta_sys_main.cc:71 bta_sys_event: Event 0x1704
09-26 11:52:03.912 31661 31681 V bt_bta_hh: system/bta/hh/bta_hh_main.cc:174 bta_hh_sm_execute: State BTA_HH_CONN_ST(3), Event BTA_HH_INT_DATA_EVT(5892) for xx:xx:xx:xx:2b:83[public][BT_TRANSPORT_BR_EDR]
09-26 11:52:03.912 31661 31681 V bluetooth: system/btif/co/bta_hh_co.cc:773 bta_hh_co_data: dev_handle = 0
09-26 11:52:03.912 31661 31681 V bluetooth: system/btif/co/bta_hh_co.cc:653 bta_hh_co_write: UHID write 16
09-26 11:52:03.922 31661 31681 V l2c_csm : system/stack/l2cap/l2c_csm.cc:1335 l2c_csm_open: LCID: 0x004c  st: OPEN  evt: L2CEVT_L2CAP_DATA(0x14) psm: BT_PSM_HIDI(0x0013)
09-26 11:52:03.922 31661 31681 V bluetooth: system/stack/hid/hidh_conn.cc:701 hidh_l2cif_data_ind: HID-Host hidh_l2cif_data_ind [l2cap_cid=0x004c]
09-26 11:52:03.922 31661 31681 V bt_bta_hh: system/bta/hh/bta_hh_act.cc:1144 bta_hh_cback: HID_event [HID_HDEV_EVT_INTR_DATA]
09-26 11:52:03.922 31661 31681 V l2c_csm : system/stack/l2cap/l2c_csm.cc:1514 l2c_csm_open: Exit chnl_state=CST_OPEN [6], event=L2CEVT_L2CAP_DATA(0x14) [20]
09-26 11:52:03.922 31661 31681 V bt_bta_sys_main: system/bta/sys/bta_sys_main.cc:71 bta_sys_event: Event 0x1704
09-26 11:52:03.922 31661 31681 V bt_bta_hh: system/bta/hh/bta_hh_main.cc:174 bta_hh_sm_execute: State BTA_HH_CONN_ST(3), Event BTA_HH_INT_DATA_EVT(5892) for xx:xx:xx:xx:2b:83[public][BT_TRANSPORT_BR_EDR]
09-26 11:52:03.922 31661 31681 V bluetooth: system/btif/co/bta_hh_co.cc:773 bta_hh_co_data: dev_handle = 0
09-26 11:52:03.922 31661 31681 V bluetooth: system/btif/co/bta_hh_co.cc:653 bta_hh_co_write: UHID write 16
09-26 11:52:03.923  2159  3343 D QmiClient: qmiServiceEventCallback recv msg id 47
09-26 11:52:03.923  2159  3343 D QmiClient: enter -mServiceType 10 onQmiServiceEventCallback msgId 47
09-26 11:52:03.923  2159  3343 D QmiClient: onQmiServiceEventCallback - enter. msgId=47
09-26 11:52:03.923  2159  2222 D OttProxy: handleMessage msg is 3001
09-26 11:52:03.923  2159  2159 E RadioServiceIndication: mSubsysRadioIndication null
09-26 11:52:03.930 14961 14961 I S3PAD   : classify name='Xbox Wireless Controller' vid=1118 pid=736 sources=16778513 keyboardType=1 -> GAMEPAD/XBOX reason=gamepad-capability-or-identity
09-26 11:52:03.930 14961 14961 D S3PAD   : deviceKey via descriptor
09-26 11:52:03.932 31661 31681 V l2c_csm : system/stack/l2cap/l2c_csm.cc:1335 l2c_csm_open: LCID: 0x004c  st: OPEN  evt: L2CEVT_L2CAP_DATA(0x14) psm: BT_PSM_HIDI(0x0013)
09-26 11:52:03.932 31661 31681 V bluetooth: system/stack/hid/hidh_conn.cc:701 hidh_l2cif_data_ind: HID-Host hidh_l2cif_data_ind [l2cap_cid=0x004c]
09-26 11:52:03.932 31661 31681 V bt_bta_hh: system/bta/hh/bta_hh_act.cc:1144 bta_hh_cback: HID_event [HID_HDEV_EVT_INTR_DATA]
09-26 11:52:03.932 31661 31681 V l2c_csm : system/stack/l2cap/l2c_csm.cc:1514 l2c_csm_open: Exit chnl_state=CST_OPEN [6], event=L2CEVT_L2CAP_DATA(0x14) [20]
09-26 11:52:03.932 31661 31681 V bt_bta_sys_main: system/bta/sys/bta_sys_main.cc:71 bta_sys_event: Event 0x1704
09-26 11:52:03.932 31661 31681 V bt_bta_hh: system/bta/hh/bta_hh_main.cc:174 bta_hh_sm_execute: State BTA_HH_CONN_ST(3), Event BTA_HH_INT_DATA_EVT(5892) for xx:xx:xx:xx:2b:83[public][BT_TRANSPORT_BR_EDR]
09-26 11:52:03.932 31661 31681 V bluetooth: system/btif/co/bta_hh_co.cc:773 bta_hh_co_data: dev_handle = 0
09-26 11:52:03.932 31661 31681 V bluetooth: system/btif/co/bta_hh_co.cc:653 bta_hh_co_write: UHID write 16
09-26 11:52:03.940 14961 15002 D S3PERF  : crosscheck source=surface presented=6603 json_fps=9.05037 json_frametime_ms=86.897
09-26 11:52:03.942 31661 31681 V l2c_csm : system/stack/l2cap/l2c_csm.cc:1335 l2c_csm_open: LCID: 0x004c  st: OPEN  evt: L2CEVT_L2CAP_DATA(0x14) psm: BT_PSM_HIDI(0x0013)
09-26 11:52:03.942 31661 31681 V bluetooth: system/stack/hid/hidh_conn.cc:701 hidh_l2cif_data_ind: HID-Host hidh_l2cif_data_ind [l2cap_cid=0x004c]
09-26 11:52:03.942 31661 31681 V bt_bta_hh: system/bta/hh/bta_hh_act.cc:1144 bta_hh_cback: HID_event [HID_HDEV_EVT_INTR_DATA]
09-26 11:52:03.942 31661 31681 V l2c_csm : system/stack/l2cap/l2c_csm.cc:1514 l2c_csm_open: Exit chnl_state=CST_OPEN [6], event=L2CEVT_L2CAP_DATA(0x14) [20]
09-26 11:52:03.942 31661 31681 V bt_bta_sys_main: system/bta/sys/bta_sys_main.cc:71 bta_sys_event: Event 0x1704
09-26 11:52:03.942 31661 31681 V bt_bta_hh: system/bta/hh/bta_hh_main.cc:174 bta_hh_sm_execute: State BTA_HH_CONN_ST(3), Event BTA_HH_INT_DATA_EVT(5892) for xx:xx:xx:xx:2b:83[public][BT_TRANSPORT_BR_EDR]
09-26 11:52:03.942 31661 31681 V bluetooth: system/btif/co/bta_hh_co.cc:773 bta_hh_co_data: dev_handle = 0
09-26 11:52:03.942 31661 31681 V bluetooth: system/btif/co/bta_hh_co.cc:653 bta_hh_co_write: UHID write 16
09-26 11:52:03.952 31661 31681 V l2c_csm : system/stack/l2cap/l2c_csm.cc:1335 l2c_csm_open: LCID: 0x004c  st: OPEN  evt: L2CEVT_L2CAP_DATA(0x14) psm: BT_PSM_HIDI(0x0013)
09-26 11:52:03.952 31661 31681 V bluetooth: system/stack/hid/hidh_conn.cc:701 hidh_l2cif_data_ind: HID-Host hidh_l2cif_data_ind [l2cap_cid=0x004c]
09-26 11:52:03.952 31661 31681 V bt_bta_hh: system/bta/hh/bta_hh_act.cc:1144 bta_hh_cback: HID_event [HID_HDEV_EVT_INTR_DATA]
09-26 11:52:03.952 31661 31681 V l2c_csm : system/stack/l2cap/l2c_csm.cc:1514 l2c_csm_open: Exit chnl_state=CST_OPEN [6], event=L2CEVT_L2CAP_DATA(0x14) [20]
09-26 11:52:03.952 31661 31681 V bt_bta_sys_main: system/bta/sys/bta_sys_main.cc:71 bta_sys_event: Event 0x1704
09-26 11:52:03.952 31661 31681 V bt_bta_hh: system/bta/hh/bta_hh_main.cc:174 bta_hh_sm_execute: State BTA_HH_CONN_ST(3), Event BTA_HH_INT_DATA_EVT(5892) for xx:xx:xx:xx:2b:83[public][BT_TRANSPORT_BR_EDR]
09-26 11:52:03.952 31661 31681 V bluetooth: system/btif/co/bta_hh_co.cc:773 bta_hh_co_data: dev_handle = 0
09-26 11:52:03.952 31661 31681 V bluetooth: system/btif/co/bta_hh_co.cc:653 bta_hh_co_write: UHID write 16
09-26 11:52:03.962 31661 31681 V l2c_csm : system/stack/l2cap/l2c_csm.cc:1335 l2c_csm_open: LCID: 0x004c  st: OPEN  evt: L2CEVT_L2CAP_DATA(0x14) psm: BT_PSM_HIDI(0x0013)
09-26 11:52:03.962 31661 31681 V bluetooth: system/stack/hid/hidh_conn.cc:701 hidh_l2cif_data_ind: HID-Host hidh_l2cif_data_ind [l2cap_cid=0x004c]
09-26 11:52:03.962 31661 31681 V bt_bta_hh: system/bta/hh/bta_hh_act.cc:1144 bta_hh_cback: HID_event [HID_HDEV_EVT_INTR_DATA]
09-26 11:52:03.962 31661 31681 V l2c_csm : system/stack/l2cap/l2c_csm.cc:1514 l2c_csm_open: Exit chnl_state=CST_OPEN [6], event=L2CEVT_L2CAP_DATA(0x14) [20]
09-26 11:52:03.962 31661 31681 V bt_bta_sys_main: system/bta/sys/bta_sys_main.cc:71 bta_sys_event: Event 0x1704
09-26 11:52:03.962 31661 31681 V bt_bta_hh: system/bta/hh/bta_hh_main.cc:174 bta_hh_sm_execute: State BTA_HH_CONN_ST(3), Event BTA_HH_INT_DATA_EVT(5892) for xx:xx:xx:xx:2b:83[public][BT_TRANSPORT_BR_EDR]
09-26 11:52:03.962 31661 31681 V bluetooth: system/btif/co/bta_hh_co.cc:773 bta_hh_co_data: dev_handle = 0
09-26 11:52:03.962 31661 31681 V bluetooth: system/btif/co/bta_hh_co.cc:653 bta_hh_co_write: UHID write 16
09-26 11:52:03.973 31661 31681 V l2c_csm : system/stack/l2cap/l2c_csm.cc:1335 l2c_csm_open: LCID: 0x004c  st: OPEN  evt: L2CEVT_L2CAP_DATA(0x14) psm: BT_PSM_HIDI(0x0013)
09-26 11:52:03.973 31661 31681 V bluetooth: system/stack/hid/hidh_conn.cc:701 hidh_l2cif_data_ind: HID-Host hidh_l2cif_data_ind [l2cap_cid=0x004c]
09-26 11:52:03.973 31661 31681 V bt_bta_hh: system/bta/hh/bta_hh_act.cc:1144 bta_hh_cback: HID_event [HID_HDEV_EVT_INTR_DATA]
09-26 11:52:03.973 31661 31681 V l2c_csm : system/stack/l2cap/l2c_csm.cc:1514 l2c_csm_open: Exit chnl_state=CST_OPEN [6], event=L2CEVT_L2CAP_DATA(0x14) [20]
09-26 11:52:03.973 31661 31681 V bt_bta_sys_main: system/bta/sys/bta_sys_main.cc:71 bta_sys_event: Event 0x1704
09-26 11:52:03.973 31661 31681 V bt_bta_hh: system/bta/hh/bta_hh_main.cc:174 bta_hh_sm_execute: State BTA_HH_CONN_ST(3), Event BTA_HH_INT_DATA_EVT(5892) for xx:xx:xx:xx:2b:83[public][BT_TRANSPORT_BR_EDR]
09-26 11:52:03.973 31661 31681 V bluetooth: system/btif/co/bta_hh_co.cc:773 bta_hh_co_data: dev_handle = 0
09-26 11:52:03.973 31661 31681 V bluetooth: system/btif/co/bta_hh_co.cc:653 bta_hh_co_write: UHID write 16
09-26 11:52:03.982 31661 31681 V l2c_csm : system/stack/l2cap/l2c_csm.cc:1335 l2c_csm_open: LCID: 0x004c  st: OPEN  evt: L2CEVT_L2CAP_DATA(0x14) psm: BT_PSM_HIDI(0x0013)
09-26 11:52:03.982 31661 31681 V bluetooth: system/stack/hid/hidh_conn.cc:701 hidh_l2cif_data_ind: HID-Host hidh_l2cif_data_ind [l2cap_cid=0x004c]
09-26 11:52:03.982 31661 31681 V bt_bta_hh: system/bta/hh/bta_hh_act.cc:1144 bta_hh_cback: HID_event [HID_HDEV_EVT_INTR_DATA]
09-26 11:52:03.982 31661 31681 V l2c_csm : system/stack/l2cap/l2c_csm.cc:1514 l2c_csm_open: Exit chnl_state=CST_OPEN [6], event=L2CEVT_L2CAP_DATA(0x14) [20]
09-26 11:52:03.982 31661 31681 V bt_bta_sys_main: system/bta/sys/bta_sys_main.cc:71 bta_sys_event: Event 0x1704
09-26 11:52:03.982 31661 31681 V bt_bta_hh: system/bta/hh/bta_hh_main.cc:174 bta_hh_sm_execute: State BTA_HH_CONN_ST(3), Event BTA_HH_INT_DATA_EVT(5892) for xx:xx:xx:xx:2b:83[public][BT_TRANSPORT_BR_EDR]
09-26 11:52:03.982 31661 31681 V bluetooth: system/btif/co/bta_hh_co.cc:773 bta_hh_co_data: dev_handle = 0
09-26 11:52:03.982 31661 31681 V bluetooth: system/btif/co/bta_hh_co.cc:653 bta_hh_co_write: UHID write 16
09-26 11:52:03.992 31661 31681 V l2c_csm : system/stack/l2cap/l2c_csm.cc:1335 l2c_csm_open: LCID: 0x004c  st: OPEN  evt: L2CEVT_L2CAP_DATA(0x14) psm: BT_PSM_HIDI(0x0013)
09-26 11:52:03.992 31661 31681 V bluetooth: system/stack/hid/hidh_conn.cc:701 hidh_l2cif_data_ind: HID-Host hidh_l2cif_data_ind [l2cap_cid=0x004c]
09-26 11:52:03.992 31661 31681 V bt_bta_hh: system/bta/hh/bta_hh_act.cc:1144 bta_hh_cback: HID_event [HID_HDEV_EVT_INTR_DATA]
09-26 11:52:03.992 31661 31681 V l2c_csm : system/stack/l2cap/l2c_csm.cc:1514 l2c_csm_open: Exit chnl_state=CST_OPEN [6], event=L2CEVT_L2CAP_DATA(0x14) [20]
09-26 11:52:03.992 31661 31681 V bt_bta_sys_main: system/bta/sys/bta_sys_main.cc:71 bta_sys_event: Event 0x1704
09-26 11:52:03.992 31661 31681 V bt_bta_hh: system/bta/hh/bta_hh_main.cc:174 bta_hh_sm_execute: State BTA_HH_CONN_ST(3), Event BTA_HH_INT_DATA_EVT(5892) for xx:xx:xx:xx:2b:83[public][BT_TRANSPORT_BR_EDR]
09-26 11:52:03.992 31661 31681 V bluetooth: system/btif/co/bta_hh_co.cc:773 bta_hh_co_data: dev_handle = 0
09-26 11:52:03.992 31661 31681 V bluetooth: system/btif/co/bta_hh_co.cc:653 bta_hh_co_write: UHID write 16
09-26 11:52:04.002 31661 31681 V l2c_csm : system/stack/l2cap/l2c_csm.cc:1335 l2c_csm_open: LCID: 0x004c  st: OPEN  evt: L2CEVT_L2CAP_DATA(0x14) psm: BT_PSM_HIDI(0x0013)
09-26 11:52:04.002 31661 31681 V bluetooth: system/stack/hid/hidh_conn.cc:701 hidh_l2cif_data_ind: HID-Host hidh_l2cif_data_ind [l2cap_cid=0x004c]
09-26 11:52:04.002 31661 31681 V bt_bta_hh: system/bta/hh/bta_hh_act.cc:1144 bta_hh_cback: HID_event [HID_HDEV_EVT_INTR_DATA]
09-26 11:52:04.002 31661 31681 V l2c_csm : system/stack/l2cap/l2c_csm.cc:1514 l2c_csm_open: Exit chnl_state=CST_OPEN [6], event=L2CEVT_L2CAP_DATA(0x14) [20]
09-26 11:52:04.002 31661 31681 V bt_bta_sys_main: system/bta/sys/bta_sys_main.cc:71 bta_sys_event: Event 0x1704
09-26 11:52:04.002 31661 31681 V bt_bta_hh: system/bta/hh/bta_hh_main.cc:174 bta_hh_sm_execute: State BTA_HH_CONN_ST(3), Event BTA_HH_INT_DATA_EVT(5892) for xx:xx:xx:xx:2b:83[public][BT_TRANSPORT_BR_EDR]
09-26 11:52:04.002 31661 31681 V bluetooth: system/btif/co/bta_hh_co.cc:773 bta_hh_co_data: dev_handle = 0
09-26 11:52:04.002 31661 31681 V bluetooth: system/btif/co/bta_hh_co.cc:653 bta_hh_co_write: UHID write 16
09-26 11:52:04.012 31661 31681 V l2c_csm : system/stack/l2cap/l2c_csm.cc:1335 l2c_csm_open: LCID: 0x004c  st: OPEN  evt: L2CEVT_L2CAP_DATA(0x14) psm: BT_PSM_HIDI(0x0013)
09-26 11:52:04.012 31661 31681 V bluetooth: system/stack/hid/hidh_conn.cc:701 hidh_l2cif_data_ind: HID-Host hidh_l2cif_data_ind [l2cap_cid=0x004c]
09-26 11:52:04.012 31661 31681 V bt_bta_hh: system/bta/hh/bta_hh_act.cc:1144 bta_hh_cback: HID_event [HID_HDEV_EVT_INTR_DATA]
09-26 11:52:04.012 31661 31681 V l2c_csm : system/stack/l2cap/l2c_csm.cc:1514 l2c_csm_open: Exit chnl_state=CST_OPEN [6], event=L2CEVT_L2CAP_DATA(0x14) [20]
09-26 11:52:04.012 31661 31681 V bt_bta_sys_main: system/bta/sys/bta_sys_main.cc:71 bta_sys_event: Event 0x1704
09-26 11:52:04.012 31661 31681 V bt_bta_hh: system/bta/hh/bta_hh_main.cc:174 bta_hh_sm_execute: State BTA_HH_CONN_ST(3), Event BTA_HH_INT_DATA_EVT(5892) for xx:xx:xx:xx:2b:83[public][BT_TRANSPORT_BR_EDR]
09-26 11:52:04.012 31661 31681 V bluetooth: system/btif/co/bta_hh_co.cc:773 bta_hh_co_data: dev_handle = 0
09-26 11:52:04.012 31661 31681 V bluetooth: system/btif/co/bta_hh_co.cc:653 bta_hh_co_write: UHID write 16
09-26 11:52:04.022 31661 31681 V l2c_csm : system/stack/l2cap/l2c_csm.cc:1335 l2c_csm_open: LCID: 0x004c  st: OPEN  evt: L2CEVT_L2CAP_DATA(0x14) psm: BT_PSM_HIDI(0x0013)
09-26 11:52:04.022 31661 31681 V bluetooth: system/stack/hid/hidh_conn.cc:701 hidh_l2cif_data_ind: HID-Host hidh_l2cif_data_ind [l2cap_cid=0x004c]
09-26 11:52:04.022 31661 31681 V bt_bta_hh: system/bta/hh/bta_hh_act.cc:1144 bta_hh_cback: HID_event [HID_HDEV_EVT_INTR_DATA]
09-26 11:52:04.022 31661 31681 V l2c_csm : system/stack/l2cap/l2c_csm.cc:1514 l2c_csm_open: Exit chnl_state=CST_OPEN [6], event=L2CEVT_L2CAP_DATA(0x14) [20]
09-26 11:52:04.022 31661 31681 V bt_bta_sys_main: system/bta/sys/bta_sys_main.cc:71 bta_sys_event: Event 0x1704
09-26 11:52:04.022 31661 31681 V bt_bta_hh: system/bta/hh/bta_hh_main.cc:174 bta_hh_sm_execute: State BTA_HH_CONN_ST(3), Event BTA_HH_INT_DATA_EVT(5892) for xx:xx:xx:xx:2b:83[public][BT_TRANSPORT_BR_EDR]
09-26 11:52:04.022 31661 31681 V bluetooth: system/btif/co/bta_hh_co.cc:773 bta_hh_co_data: dev_handle = 0
09-26 11:52:04.022 31661 31681 V bluetooth: system/btif/co/bta_hh_co.cc:653 bta_hh_co_write: UHID write 16
09-26 11:52:04.032 31661 31681 V l2c_csm : system/stack/l2cap/l2c_csm.cc:1335 l2c_csm_open: LCID: 0x004c  st: OPEN  evt: L2CEVT_L2CAP_DATA(0x14) psm: BT_PSM_HIDI(0x0013)
09-26 11:52:04.032 31661 31681 V bluetooth: system/stack/hid/hidh_conn.cc:701 hidh_l2cif_data_ind: HID-Host hidh_l2cif_data_ind [l2cap_cid=0x004c]
09-26 11:52:04.032 31661 31681 V bt_bta_hh: system/bta/hh/bta_hh_act.cc:1144 bta_hh_cback: HID_event [HID_HDEV_EVT_INTR_DATA]
09-26 11:52:04.032 31661 31681 V l2c_csm : system/stack/l2cap/l2c_csm.cc:1514 l2c_csm_open: Exit chnl_state=CST_OPEN [6], event=L2CEVT_L2CAP_DATA(0x14) [20]
09-26 11:52:04.032 31661 31681 V bt_bta_sys_main: system/bta/sys/bta_sys_main.cc:71 bta_sys_event: Event 0x1704
09-26 11:52:04.032 31661 31681 V bt_bta_hh: system/bta/hh/bta_hh_main.cc:174 bta_hh_sm_execute: State BTA_HH_CONN_ST(3), Event BTA_HH_INT_DATA_EVT(5892) for xx:xx:xx:xx:2b:83[public][BT_TRANSPORT_BR_EDR]
09-26 11:52:04.032 31661 31681 V bluetooth: system/btif/co/bta_hh_co.cc:773 bta_hh_co_data: dev_handle = 0
09-26 11:52:04.032 31661 31681 V bluetooth: system/btif/co/bta_hh_co.cc:653 bta_hh_co_write: UHID write 16
09-26 11:52:04.042 31661 31681 V l2c_csm : system/stack/l2cap/l2c_csm.cc:1335 l2c_csm_open: LCID: 0x004c  st: OPEN  evt: L2CEVT_L2CAP_DATA(0x14) psm: BT_PSM_HIDI(0x0013)
09-26 11:52:04.042 31661 31681 V bluetooth: system/stack/hid/hidh_conn.cc:701 hidh_l2cif_data_ind: HID-Host hidh_l2cif_data_ind [l2cap_cid=0x004c]
09-26 11:52:04.042 31661 31681 V bt_bta_hh: system/bta/hh/bta_hh_act.cc:1144 bta_hh_cback: HID_event [HID_HDEV_EVT_INTR_DATA]
09-26 11:52:04.042 31661 31681 V l2c_csm : system/stack/l2cap/l2c_csm.cc:1514 l2c_csm_open: Exit chnl_state=CST_OPEN [6], event=L2CEVT_L2CAP_DATA(0x14) [20]
09-26 11:52:04.042 31661 31681 V bt_bta_sys_main: system/bta/sys/bta_sys_main.cc:71 bta_sys_event: Event 0x1704
09-26 11:52:04.042 31661 31681 V bt_bta_hh: system/bta/hh/bta_hh_main.cc:174 bta_hh_sm_execute: State BTA_HH_CONN_ST(3), Event BTA_HH_INT_DATA_EVT(5892) for xx:xx:xx:xx:2b:83[public][BT_TRANSPORT_BR_EDR]
09-26 11:52:04.042 31661 31681 V bluetooth: system/btif/co/bta_hh_co.cc:773 bta_hh_co_data: dev_handle = 0
09-26 11:52:04.042 31661 31681 V bluetooth: system/btif/co/bta_hh_co.cc:653 bta_hh_co_write: UHID write 16
09-26 11:52:04.052 31661 31681 V l2c_csm : system/stack/l2cap/l2c_csm.cc:1335 l2c_csm_open: LCID: 0x004c  st: OPEN  evt: L2CEVT_L2CAP_DATA(0x14) psm: BT_PSM_HIDI(0x0013)
09-26 11:52:04.052 31661 31681 V bluetooth: system/stack/hid/hidh_conn.cc:701 hidh_l2cif_data_ind: HID-Host hidh_l2cif_data_ind [l2cap_cid=0x004c]
09-26 11:52:04.052 31661 31681 V bt_bta_hh: system/bta/hh/bta_hh_act.cc:1144 bta_hh_cback: HID_event [HID_HDEV_EVT_INTR_DATA]
09-26 11:52:04.052 31661 31681 V l2c_csm : system/stack/l2cap/l2c_csm.cc:1514 l2c_csm_open: Exit chnl_state=CST_OPEN [6], event=L2CEVT_L2CAP_DATA(0x14) [20]
09-26 11:52:04.052 31661 31681 V bt_bta_sys_main: system/bta/sys/bta_sys_main.cc:71 bta_sys_event: Event 0x1704
09-26 11:52:04.052 31661 31681 V bt_bta_hh: system/bta/hh/bta_hh_main.cc:174 bta_hh_sm_execute: State BTA_HH_CONN_ST(3), Event BTA_HH_INT_DATA_EVT(5892) for xx:xx:xx:xx:2b:83[public][BT_TRANSPORT_BR_EDR]
09-26 11:52:04.052 31661 31681 V bluetooth: system/btif/co/bta_hh_co.cc:773 bta_hh_co_data: dev_handle = 0
09-26 11:52:04.052 31661 31681 V bluetooth: system/btif/co/bta_hh_co.cc:653 bta_hh_co_write: UHID write 16
09-26 11:52:04.053  1561  1561 I android.hardware.power-service-qti: Power setBoost: 0, duration: 0
09-26 11:52:04.054  1561  1561 E QTI PowerHAL: Failed to acquire lock.
09-26 11:52:04.054  1561  1561 E QTI PowerHAL: Failed process_boost for boost_handle
09-26 11:52:04.054  1621  1722 E ANDR-PERF-RESOURCEQS: ANDR-PERF-RESOURCEQS: AddAndApply() 125: Resource with major=16, minor=30 not supported
09-26 11:52:04.054  1621  1722 E ANDR-PERF-RESOURCEQS: ANDR-PERF-RESOURCEQS: AddAndApply() 125: Resource with major=16, minor=31 not supported
09-26 11:52:04.062 31661 31681 V l2c_csm : system/stack/l2cap/l2c_csm.cc:1335 l2c_csm_open: LCID: 0x004c  st: OPEN  evt: L2CEVT_L2CAP_DATA(0x14) psm: BT_PSM_HIDI(0x0013)
09-26 11:52:04.062 31661 31681 V bluetooth: system/stack/hid/hidh_conn.cc:701 hidh_l2cif_data_ind: HID-Host hidh_l2cif_data_ind [l2cap_cid=0x004c]
09-26 11:52:04.062 31661 31681 V bt_bta_hh: system/bta/hh/bta_hh_act.cc:1144 bta_hh_cback: HID_event [HID_HDEV_EVT_INTR_DATA]
09-26 11:52:04.062 31661 31681 V l2c_csm : system/stack/l2cap/l2c_csm.cc:1514 l2c_csm_open: Exit chnl_state=CST_OPEN [6], event=L2CEVT_L2CAP_DATA(0x14) [20]
09-26 11:52:04.062 31661 31681 V bt_bta_sys_main: system/bta/sys/bta_sys_main.cc:71 bta_sys_event: Event 0x1704
09-26 11:52:04.062 31661 31681 V bt_bta_hh: system/bta/hh/bta_hh_main.cc:174 bta_hh_sm_execute: State BTA_HH_CONN_ST(3), Event BTA_HH_INT_DATA_EVT(5892) for xx:xx:xx:xx:2b:83[public][BT_TRANSPORT_BR_EDR]
09-26 11:52:04.062 31661 31681 V bluetooth: system/btif/co/bta_hh_co.cc:773 bta_hh_co_data: dev_handle = 0
09-26 11:52:04.062 31661 31681 V bluetooth: system/btif/co/bta_hh_co.cc:653 bta_hh_co_write: UHID write 16
09-26 11:52:04.064 14961 14961 I S3PAD   : classify name='Xbox Wireless Controller' vid=1118 pid=736 sources=16778513 keyboardType=1 -> GAMEPAD/XBOX reason=gamepad-capability-or-identity
09-26 11:52:04.064 14961 14961 D S3PAD   : deviceKey via descriptor
09-26 11:52:04.072 14961 14961 I S3PAD   : classify name='Xbox Wireless Controller' vid=1118 pid=736 sources=16778513 keyboardType=1 -> GAMEPAD/XBOX reason=gamepad-capability-or-identity
09-26 11:52:04.072 31661 31681 V l2c_csm : system/stack/l2cap/l2c_csm.cc:1335 l2c_csm_open: LCID: 0x004c  st: OPEN  evt: L2CEVT_L2CAP_DATA(0x14) psm: BT_PSM_HIDI(0x0013)
09-26 11:52:04.072 31661 31681 V bluetooth: system/stack/hid/hidh_conn.cc:701 hidh_l2cif_data_ind: HID-Host hidh_l2cif_data_ind [l2cap_cid=0x004c]
09-26 11:52:04.072 31661 31681 V bt_bta_hh: system/bta/hh/bta_hh_act.cc:1144 bta_hh_cback: HID_event [HID_HDEV_EVT_INTR_DATA]
09-26 11:52:04.072 31661 31681 V l2c_csm : system/stack/l2cap/l2c_csm.cc:1514 l2c_csm_open: Exit chnl_state=CST_OPEN [6], event=L2CEVT_L2CAP_DATA(0x14) [20]
09-26 11:52:04.072 31661 31681 V bt_bta_sys_main: system/bta/sys/bta_sys_main.cc:71 bta_sys_event: Event 0x1704
09-26 11:52:04.072 31661 31681 V bt_bta_hh: system/bta/hh/bta_hh_main.cc:174 bta_hh_sm_execute: State BTA_HH_CONN_ST(3), Event BTA_HH_INT_DATA_EVT(5892) for xx:xx:xx:xx:2b:83[public][BT_TRANSPORT_BR_EDR]
09-26 11:52:04.072 31661 31681 V bluetooth: system/btif/co/bta_hh_co.cc:773 bta_hh_co_data: dev_handle = 0
09-26 11:52:04.072 31661 31681 V bluetooth: system/btif/co/bta_hh_co.cc:653 bta_hh_co_write: UHID write 16
09-26 11:52:04.074 14961 14961 D S3PAD   : deviceKey via descriptor
09-26 11:52:04.077 14961 23120 D RPCS3   : sys_tty_write(ch=0, buf=*0x58bf20, len=63, pwritelen=*0xd000fde0)
09-26 11:52:04.077 14961 23120 D RPCS3   : sys_tty_write(): “BATCHJOB: AddJob: waiting for room in job list 3 for job 56...“ << endl
09-26 11:52:04.079 14961 14961 I S3PAD   : classify name='Xbox Wireless Controller' vid=1118 pid=736 sources=16778513 keyboardType=1 -> GAMEPAD/XBOX reason=gamepad-capability-or-identity
09-26 11:52:04.080 14961 14961 D S3PAD   : deviceKey via descriptor
09-26 11:52:04.082 31661 31681 V l2c_csm : system/stack/l2cap/l2c_csm.cc:1335 l2c_csm_open: LCID: 0x004c  st: OPEN  evt: L2CEVT_L2CAP_DATA(0x14) psm: BT_PSM_HIDI(0x0013)
09-26 11:52:04.082 31661 31681 V bluetooth: system/stack/hid/hidh_conn.cc:701 hidh_l2cif_data_ind: HID-Host hidh_l2cif_data_ind [l2cap_cid=0x004c]
09-26 11:52:04.082 31661 31681 V bt_bta_hh: system/bta/hh/bta_hh_act.cc:1144 bta_hh_cback: HID_event [HID_HDEV_EVT_INTR_DATA]
09-26 11:52:04.082 31661 31681 V l2c_csm : system/stack/l2cap/l2c_csm.cc:1514 l2c_csm_open: Exit chnl_state=CST_OPEN [6], event=L2CEVT_L2CAP_DATA(0x14) [20]
09-26 11:52:04.082 31661 31681 V bt_bta_sys_main: system/bta/sys/bta_sys_main.cc:71 bta_sys_event: Event 0x1704
09-26 11:52:04.082 31661 31681 V bt_bta_hh: system/bta/hh/bta_hh_main.cc:174 bta_hh_sm_execute: State BTA_HH_CONN_ST(3), Event BTA_HH_INT_DATA_EVT(5892) for xx:xx:xx:xx:2b:83[public][BT_TRANSPORT_BR_EDR]
09-26 11:52:04.082 31661 31681 V bluetooth: system/btif/co/bta_hh_co.cc:773 bta_hh_co_data: dev_handle = 0
09-26 11:52:04.082 31661 31681 V bluetooth: system/btif/co/bta_hh_co.cc:653 bta_hh_co_write: UHID write 16
09-26 11:52:04.092 31661 31681 V l2c_csm : system/stack/l2cap/l2c_csm.cc:1335 l2c_csm_open: LCID: 0x004c  st: OPEN  evt: L2CEVT_L2CAP_DATA(0x14) psm: BT_PSM_HIDI(0x0013)
09-26 11:52:04.092 31661 31681 V bluetooth: system/stack/hid/hidh_conn.cc:701 hidh_l2cif_data_ind: HID-Host hidh_l2cif_data_ind [l2cap_cid=0x004c]
09-26 11:52:04.092 31661 31681 V bt_bta_hh: system/bta/hh/bta_hh_act.cc:1144 bta_hh_cback: HID_event [HID_HDEV_EVT_INTR_DATA]
09-26 11:52:04.092 31661 31681 V l2c_csm : system/stack/l2cap/l2c_csm.cc:1514 l2c_csm_open: Exit chnl_state=CST_OPEN [6], event=L2CEVT_L2CAP_DATA(0x14) [20]
09-26 11:52:04.092 31661 31681 V bt_bta_sys_main: system/bta/sys/bta_sys_main.cc:71 bta_sys_event: Event 0x1704
09-26 11:52:04.092 31661 31681 V bt_bta_hh: system/bta/hh/bta_hh_main.cc:174 bta_hh_sm_execute: State BTA_HH_CONN_ST(3), Event BTA_HH_INT_DATA_EVT(5892) for xx:xx:xx:xx:2b:83[public][BT_TRANSPORT_BR_EDR]
09-26 11:52:04.092 31661 31681 V bluetooth: system/btif/co/bta_hh_co.cc:773 bta_hh_co_data: dev_handle = 0
09-26 11:52:04.092 31661 31681 V bluetooth: system/btif/co/bta_hh_co.cc:653 bta_hh_co_write: UHID write 16
09-26 11:52:04.096 14961 14961 I S3PAD   : classify name='Xbox Wireless Controller' vid=1118 pid=736 sources=16778513 keyboardType=1 -> GAMEPAD/XBOX reason=gamepad-capability-or-identity
09-26 11:52:04.096 14961 14961 D S3PAD   : deviceKey via descriptor
09-26 11:52:04.102 31661 31681 V l2c_csm : system/stack/l2cap/l2c_csm.cc:1335 l2c_csm_open: LCID: 0x004c  st: OPEN  evt: L2CEVT_L2CAP_DATA(0x14) psm: BT_PSM_HIDI(0x0013)
09-26 11:52:04.102 31661 31681 V bluetooth: system/stack/hid/hidh_conn.cc:701 hidh_l2cif_data_ind: HID-Host hidh_l2cif_data_ind [l2cap_cid=0x004c]
09-26 11:52:04.102 31661 31681 V bt_bta_hh: system/bta/hh/bta_hh_act.cc:1144 bta_hh_cback: HID_event [HID_HDEV_EVT_INTR_DATA]
09-26 11:52:04.102 31661 31681 V l2c_csm : system/stack/l2cap/l2c_csm.cc:1514 l2c_csm_open: Exit chnl_state=CST_OPEN [6], event=L2CEVT_L2CAP_DATA(0x14) [20]
09-26 11:52:04.102 31661 31681 V bt_bta_sys_main: system/bta/sys/bta_sys_main.cc:71 bta_sys_event: Event 0x1704
09-26 11:52:04.102 31661 31681 V bt_bta_hh: system/bta/hh/bta_hh_main.cc:174 bta_hh_sm_execute: State BTA_HH_CONN_ST(3), Event BTA_HH_INT_DATA_EVT(5892) for xx:xx:xx:xx:2b:83[public][BT_TRANSPORT_BR_EDR]
09-26 11:52:04.102 31661 31681 V bluetooth: system/btif/co/bta_hh_co.cc:773 bta_hh_co_data: dev_handle = 0
09-26 11:52:04.102 31661 31681 V bluetooth: system/btif/co/bta_hh_co.cc:653 bta_hh_co_write: UHID write 16
09-26 11:52:04.105 14961 14961 I S3PAD   : classify name='Xbox Wireless Controller' vid=1118 pid=736 sources=16778513 keyboardType=1 -> GAMEPAD/XBOX reason=gamepad-capability-or-identity
09-26 11:52:04.105 14961 14961 D S3PAD   : deviceKey via descriptor
09-26 11:52:04.109  1616  1871 I SDM     : DisplayBase::CommitThread: Received idle timeout, panel: cmd, timeout: 70000 us
09-26 11:52:04.112 31661 31681 V l2c_csm : system/stack/l2cap/l2c_csm.cc:1335 l2c_csm_open: LCID: 0x004c  st: OPEN  evt: L2CEVT_L2CAP_DATA(0x14) psm: BT_PSM_HIDI(0x0013)
09-26 11:52:04.112 31661 31681 V bluetooth: system/stack/hid/hidh_conn.cc:701 hidh_l2cif_data_ind: HID-Host hidh_l2cif_data_ind [l2cap_cid=0x004c]
09-26 11:52:04.112 31661 31681 V bt_bta_hh: system/bta/hh/bta_hh_act.cc:1144 bta_hh_cback: HID_event [HID_HDEV_EVT_INTR_DATA]
09-26 11:52:04.112 31661 31681 V l2c_csm : system/stack/l2cap/l2c_csm.cc:1514 l2c_csm_open: Exit chnl_state=CST_OPEN [6], event=L2CEVT_L2CAP_DATA(0x14) [20]
09-26 11:52:04.112 31661 31681 V bt_bta_sys_main: system/bta/sys/bta_sys_main.cc:71 bta_sys_event: Event 0x1704
09-26 11:52:04.112 31661 31681 V bt_bta_hh: system/bta/hh/bta_hh_main.cc:174 bta_hh_sm_execute: State BTA_HH_CONN_ST(3), Event BTA_HH_INT_DATA_EVT(5892) for xx:xx:xx:xx:2b:83[public][BT_TRANSPORT_BR_EDR]
09-26 11:52:04.112 31661 31681 V bluetooth: system/btif/co/bta_hh_co.cc:773 bta_hh_co_data: dev_handle = 0
09-26 11:52:04.112 31661 31681 V bluetooth: system/btif/co/bta_hh_co.cc:653 bta_hh_co_write: UHID write 16
09-26 11:52:04.116 14961 14961 I S3PAD   : classify name='Xbox Wireless Controller' vid=1118 pid=736 sources=16778513 keyboardType=1 -> GAMEPAD/XBOX reason=gamepad-capability-or-identity
09-26 11:52:04.116 14961 14961 D S3PAD   : deviceKey via descriptor
09-26 11:52:04.119  1570  1606 I android.hardware.thermal-service.qti: sensor: cpu-2-1-0 temperature: 89.9 old: 3 new: 0
09-26 11:52:04.121 14961 14961 I S3PAD   : classify name='Xbox Wireless Controller' vid=1118 pid=736 sources=16778513 keyboardType=1 -> GAMEPAD/XBOX reason=gamepad-capability-or-identity
09-26 11:52:04.121 14961 14961 D S3PAD   : deviceKey via descriptor
09-26 11:52:04.122 31661 31681 V l2c_csm : system/stack/l2cap/l2c_csm.cc:1335 l2c_csm_open: LCID: 0x004c  st: OPEN  evt: L2CEVT_L2CAP_DATA(0x14) psm: BT_PSM_HIDI(0x0013)
09-26 11:52:04.122 31661 31681 V bluetooth: system/stack/hid/hidh_conn.cc:701 hidh_l2cif_data_ind: HID-Host hidh_l2cif_data_ind [l2cap_cid=0x004c]
09-26 11:52:04.122 31661 31681 V bt_bta_hh: system/bta/hh/bta_hh_act.cc:1144 bta_hh_cback: HID_event [HID_HDEV_EVT_INTR_DATA]
09-26 11:52:04.122 31661 31681 V l2c_csm : system/stack/l2cap/l2c_csm.cc:1514 l2c_csm_open: Exit chnl_state=CST_OPEN [6], event=L2CEVT_L2CAP_DATA(0x14) [20]
09-26 11:52:04.122 31661 31681 V bt_bta_sys_main: system/bta/sys/bta_sys_main.cc:71 bta_sys_event: Event 0x1704
09-26 11:52:04.122 31661 31681 V bt_bta_hh: system/bta/hh/bta_hh_main.cc:174 bta_hh_sm_execute: State BTA_HH_CONN_ST(3), Event BTA_HH_INT_DATA_EVT(5892) for xx:xx:xx:xx:2b:83[public][BT_TRANSPORT_BR_EDR]
09-26 11:52:04.122 31661 31681 V bluetooth: system/btif/co/bta_hh_co.cc:773 bta_hh_co_data: dev_handle = 0
09-26 11:52:04.122 31661 31681 V bluetooth: system/btif/co/bta_hh_co.cc:653 bta_hh_co_write: UHID write 16
09-26 11:52:04.132 31661 31681 V l2c_csm : system/stack/l2cap/l2c_csm.cc:1335 l2c_csm_open: LCID: 0x004c  st: OPEN  evt: L2CEVT_L2CAP_DATA(0x14) psm: BT_PSM_HIDI(0x0013)
09-26 11:52:04.132 31661 31681 V bluetooth: system/stack/hid/hidh_conn.cc:701 hidh_l2cif_data_ind: HID-Host hidh_l2cif_data_ind [l2cap_cid=0x004c]
09-26 11:52:04.132 31661 31681 V bt_bta_hh: system/bta/hh/bta_hh_act.cc:1144 bta_hh_cback: HID_event [HID_HDEV_EVT_INTR_DATA]
09-26 11:52:04.132 31661 31681 V l2c_csm : system/stack/l2cap/l2c_csm.cc:1514 l2c_csm_open: Exit chnl_state=CST_OPEN [6], event=L2CEVT_L2CAP_DATA(0x14) [20]
09-26 11:52:04.132 31661 31681 V bt_bta_sys_main: system/bta/sys/bta_sys_main.cc:71 bta_sys_event: Event 0x1704
09-26 11:52:04.132 31661 31681 V bt_bta_hh: system/bta/hh/bta_hh_main.cc:174 bta_hh_sm_execute: State BTA_HH_CONN_ST(3), Event BTA_HH_INT_DATA_EVT(5892) for xx:xx:xx:xx:2b:83[public][BT_TRANSPORT_BR_EDR]
09-26 11:52:04.132 31661 31681 V bluetooth: system/btif/co/bta_hh_co.cc:773 bta_hh_co_data: dev_handle = 0
09-26 11:52:04.132 31661 31681 V bluetooth: system/btif/co/bta_hh_co.cc:653 bta_hh_co_write: UHID write 16
09-26 11:52:04.142 31661 31681 V l2c_csm : system/stack/l2cap/l2c_csm.cc:1335 l2c_csm_open: LCID: 0x004c  st: OPEN  evt: L2CEVT_L2CAP_DATA(0x14) psm: BT_PSM_HIDI(0x0013)
09-26 11:52:04.142 31661 31681 V bluetooth: system/stack/hid/hidh_conn.cc:701 hidh_l2cif_data_ind: HID-Host hidh_l2cif_data_ind [l2cap_cid=0x004c]
09-26 11:52:04.142 31661 31681 V bt_bta_hh: system/bta/hh/bta_hh_act.cc:1144 bta_hh_cback: HID_event [HID_HDEV_EVT_INTR_DATA]
09-26 11:52:04.142 31661 31681 V l2c_csm : system/stack/l2cap/l2c_csm.cc:1514 l2c_csm_open: Exit chnl_state=CST_OPEN [6], event=L2CEVT_L2CAP_DATA(0x14) [20]
09-26 11:52:04.142 31661 31681 V bt_bta_sys_main: system/bta/sys/bta_sys_main.cc:71 bta_sys_event: Event 0x1704
09-26 11:52:04.142 31661 31681 V bt_bta_hh: system/bta/hh/bta_hh_main.cc:174 bta_hh_sm_execute: State BTA_HH_CONN_ST(3), Event BTA_HH_INT_DATA_EVT(5892) for xx:xx:xx:xx:2b:83[public][BT_TRANSPORT_BR_EDR]
09-26 11:52:04.142 31661 31681 V bluetooth: system/btif/co/bta_hh_co.cc:773 bta_hh_co_data: dev_handle = 0
09-26 11:52:04.142 31661 31681 V bluetooth: system/btif/co/bta_hh_co.cc:653 bta_hh_co_write: UHID write 16
09-26 11:52:04.152 31661 31681 V l2c_csm : system/stack/l2cap/l2c_csm.cc:1335 l2c_csm_open: LCID: 0x004c  st: OPEN  evt: L2CEVT_L2CAP_DATA(0x14) psm: BT_PSM_HIDI(0x0013)
09-26 11:52:04.152 31661 31681 V bluetooth: system/stack/hid/hidh_conn.cc:701 hidh_l2cif_data_ind: HID-Host hidh_l2cif_data_ind [l2cap_cid=0x004c]
09-26 11:52:04.152 31661 31681 V bt_bta_hh: system/bta/hh/bta_hh_act.cc:1144 bta_hh_cback: HID_event [HID_HDEV_EVT_INTR_DATA]
09-26 11:52:04.152 31661 31681 V l2c_csm : system/stack/l2cap/l2c_csm.cc:1514 l2c_csm_open: Exit chnl_state=CST_OPEN [6], event=L2CEVT_L2CAP_DATA(0x14) [20]
09-26 11:52:04.152 31661 31681 V bt_bta_sys_main: system/bta/sys/bta_sys_main.cc:71 bta_sys_event: Event 0x1704
09-26 11:52:04.152 31661 31681 V bt_bta_hh: system/bta/hh/bta_hh_main.cc:174 bta_hh_sm_execute: State BTA_HH_CONN_ST(3), Event BTA_HH_INT_DATA_EVT(5892) for xx:xx:xx:xx:2b:83[public][BT_TRANSPORT_BR_EDR]
09-26 11:52:04.152 31661 31681 V bluetooth: system/btif/co/bta_hh_co.cc:773 bta_hh_co_data: dev_handle = 0
09-26 11:52:04.152 31661 31681 V bluetooth: system/btif/co/bta_hh_co.cc:653 bta_hh_co_write: UHID write 16
09-26 11:52:04.162 31661 31681 V l2c_csm : system/stack/l2cap/l2c_csm.cc:1335 l2c_csm_open: LCID: 0x004c  st: OPEN  evt: L2CEVT_L2CAP_DATA(0x14) psm: BT_PSM_HIDI(0x0013)
09-26 11:52:04.162 31661 31681 V bluetooth: system/stack/hid/hidh_conn.cc:701 hidh_l2cif_data_ind: HID-Host hidh_l2cif_data_ind [l2cap_cid=0x004c]
09-26 11:52:04.162 31661 31681 V bt_bta_hh: system/bta/hh/bta_hh_act.cc:1144 bta_hh_cback: HID_event [HID_HDEV_EVT_INTR_DATA]
09-26 11:52:04.162 31661 31681 V l2c_csm : system/stack/l2cap/l2c_csm.cc:1514 l2c_csm_open: Exit chnl_state=CST_OPEN [6], event=L2CEVT_L2CAP_DATA(0x14) [20]
09-26 11:52:04.162 31661 31681 V bt_bta_sys_main: system/bta/sys/bta_sys_main.cc:71 bta_sys_event: Event 0x1704
09-26 11:52:04.162 31661 31681 V bt_bta_hh: system/bta/hh/bta_hh_main.cc:174 bta_hh_sm_execute: State BTA_HH_CONN_ST(3), Event BTA_HH_INT_DATA_EVT(5892) for xx:xx:xx:xx:2b:83[public][BT_TRANSPORT_BR_EDR]
09-26 11:52:04.162 31661 31681 V bluetooth: system/btif/co/bta_hh_co.cc:773 bta_hh_co_data: dev_handle = 0
09-26 11:52:04.162 31661 31681 V bluetooth: system/btif/co/bta_hh_co.cc:653 bta_hh_co_write: UHID write 16
09-26 11:52:04.172 31661 31681 V l2c_csm : system/stack/l2cap/l2c_csm.cc:1335 l2c_csm_open: LCID: 0x004c  st: OPEN  evt: L2CEVT_L2CAP_DATA(0x14) psm: BT_PSM_HIDI(0x0013)
09-26 11:52:04.172 31661 31681 V bluetooth: system/stack/hid/hidh_conn.cc:701 hidh_l2cif_data_ind: HID-Host hidh_l2cif_data_ind [l2cap_cid=0x004c]
09-26 11:52:04.172 31661 31681 V bt_bta_hh: system/bta/hh/bta_hh_act.cc:1144 bta_hh_cback: HID_event [HID_HDEV_EVT_INTR_DATA]
09-26 11:52:04.172 31661 31681 V l2c_csm : system/stack/l2cap/l2c_csm.cc:1514 l2c_csm_open: Exit chnl_state=CST_OPEN [6], event=L2CEVT_L2CAP_DATA(0x14) [20]
09-26 11:52:04.172 31661 31681 V bt_bta_sys_main: system/bta/sys/bta_sys_main.cc:71 bta_sys_event: Event 0x1704
09-26 11:52:04.172 31661 31681 V bt_bta_hh: system/bta/hh/bta_hh_main.cc:174 bta_hh_sm_execute: State BTA_HH_CONN_ST(3), Event BTA_HH_INT_DATA_EVT(5892) for xx:xx:xx:xx:2b:83[public][BT_TRANSPORT_BR_EDR]
09-26 11:52:04.172 31661 31681 V bluetooth: system/btif/co/bta_hh_co.cc:773 bta_hh_co_data: dev_handle = 0
09-26 11:52:04.172 31661 31681 V bluetooth: system/btif/co/bta_hh_co.cc:653 bta_hh_co_write: UHID write 16
09-26 11:52:04.182 31661 31681 V l2c_csm : system/stack/l2cap/l2c_csm.cc:1335 l2c_csm_open: LCID: 0x004c  st: OPEN  evt: L2CEVT_L2CAP_DATA(0x14) psm: BT_PSM_HIDI(0x0013)
09-26 11:52:04.182 31661 31681 V bluetooth: system/stack/hid/hidh_conn.cc:701 hidh_l2cif_data_ind: HID-Host hidh_l2cif_data_ind [l2cap_cid=0x004c]
09-26 11:52:04.182 31661 31681 V bt_bta_hh: system/bta/hh/bta_hh_act.cc:1144 bta_hh_cback: HID_event [HID_HDEV_EVT_INTR_DATA]
09-26 11:52:04.182 31661 31681 V l2c_csm : system/stack/l2cap/l2c_csm.cc:1514 l2c_csm_open: Exit chnl_state=CST_OPEN [6], event=L2CEVT_L2CAP_DATA(0x14) [20]
09-26 11:52:04.182 31661 31681 V bt_bta_sys_main: system/bta/sys/bta_sys_main.cc:71 bta_sys_event: Event 0x1704
09-26 11:52:04.182 31661 31681 V bt_bta_hh: system/bta/hh/bta_hh_main.cc:174 bta_hh_sm_execute: State BTA_HH_CONN_ST(3), Event BTA_HH_INT_DATA_EVT(5892) for xx:xx:xx:xx:2b:83[public][BT_TRANSPORT_BR_EDR]
09-26 11:52:04.182 31661 31681 V bluetooth: system/btif/co/bta_hh_co.cc:773 bta_hh_co_data: dev_handle = 0
09-26 11:52:04.182 31661 31681 V bluetooth: system/btif/co/bta_hh_co.cc:653 bta_hh_co_write: UHID write 16
09-26 11:52:04.184  1616  1871 I SDM     : DisplayBase::CommitThread: Received idle timeout, panel: cmd, timeout: 70000 us
09-26 11:52:04.192 31661 31681 V l2c_csm : system/stack/l2cap/l2c_csm.cc:1335 l2c_csm_open: LCID: 0x004c  st: OPEN  evt: L2CEVT_L2CAP_DATA(0x14) psm: BT_PSM_HIDI(0x0013)
09-26 11:52:04.192 31661 31681 V bluetooth: system/stack/hid/hidh_conn.cc:701 hidh_l2cif_data_ind: HID-Host hidh_l2cif_data_ind [l2cap_cid=0x004c]
09-26 11:52:04.192 31661 31681 V bt_bta_hh: system/bta/hh/bta_hh_act.cc:1144 bta_hh_cback: HID_event [HID_HDEV_EVT_INTR_DATA]
09-26 11:52:04.192 31661 31681 V l2c_csm : system/stack/l2cap/l2c_csm.cc:1514 l2c_csm_open: Exit chnl_state=CST_OPEN [6], event=L2CEVT_L2CAP_DATA(0x14) [20]
09-26 11:52:04.192 31661 31681 V bt_bta_sys_main: system/bta/sys/bta_sys_main.cc:71 bta_sys_event: Event 0x1704
09-26 11:52:04.192 31661 31681 V bt_bta_hh: system/bta/hh/bta_hh_main.cc:174 bta_hh_sm_execute: State BTA_HH_CONN_ST(3), Event BTA_HH_INT_DATA_EVT(5892) for xx:xx:xx:xx:2b:83[public][BT_TRANSPORT_BR_EDR]
09-26 11:52:04.192 31661 31681 V bluetooth: system/btif/co/bta_hh_co.cc:773 bta_hh_co_data: dev_handle = 0
09-26 11:52:04.192 31661 31681 V bluetooth: system/btif/co/bta_hh_co.cc:653 bta_hh_co_write: UHID write 16
09-26 11:52:04.202 31661 31681 V l2c_csm : system/stack/l2cap/l2c_csm.cc:1335 l2c_csm_open: LCID: 0x004c  st: OPEN  evt: L2CEVT_L2CAP_DATA(0x14) psm: BT_PSM_HIDI(0x0013)
09-26 11:52:04.202 31661 31681 V bluetooth: system/stack/hid/hidh_conn.cc:701 hidh_l2cif_data_ind: HID-Host hidh_l2cif_data_ind [l2cap_cid=0x004c]
09-26 11:52:04.202 31661 31681 V bt_bta_hh: system/bta/hh/bta_hh_act.cc:1144 bta_hh_cback: HID_event [HID_HDEV_EVT_INTR_DATA]
09-26 11:52:04.202 31661 31681 V l2c_csm : system/stack/l2cap/l2c_csm.cc:1514 l2c_csm_open: Exit chnl_state=CST_OPEN [6], event=L2CEVT_L2CAP_DATA(0x14) [20]
09-26 11:52:04.202 31661 31681 V bt_bta_sys_main: system/bta/sys/bta_sys_main.cc:71 bta_sys_event: Event 0x1704
09-26 11:52:04.202 31661 31681 V bt_bta_hh: system/bta/hh/bta_hh_main.cc:174 bta_hh_sm_execute: State BTA_HH_CONN_ST(3), Event BTA_HH_INT_DATA_EVT(5892) for xx:xx:xx:xx:2b:83[public][BT_TRANSPORT_BR_EDR]
09-26 11:52:04.202 31661 31681 V bluetooth: system/btif/co/bta_hh_co.cc:773 bta_hh_co_data: dev_handle = 0
09-26 11:52:04.202 31661 31681 V bluetooth: system/btif/co/bta_hh_co.cc:653 bta_hh_co_write: UHID write 16
09-26 11:52:04.213 31661 31681 V l2c_csm : system/stack/l2cap/l2c_csm.cc:1335 l2c_csm_open: LCID: 0x004c  st: OPEN  evt: L2CEVT_L2CAP_DATA(0x14) psm: BT_PSM_HIDI(0x0013)
09-26 11:52:04.213 31661 31681 V bluetooth: system/stack/hid/hidh_conn.cc:701 hidh_l2cif_data_ind: HID-Host hidh_l2cif_data_ind [l2cap_cid=0x004c]
09-26 11:52:04.213 31661 31681 V bt_bta_hh: system/bta/hh/bta_hh_act.cc:1144 bta_hh_cback: HID_event [HID_HDEV_EVT_INTR_DATA]
09-26 11:52:04.213 31661 31681 V l2c_csm : system/stack/l2cap/l2c_csm.cc:1514 l2c_csm_open: Exit chnl_state=CST_OPEN [6], event=L2CEVT_L2CAP_DATA(0x14) [20]
09-26 11:52:04.213 31661 31681 V bt_bta_sys_main: system/bta/sys/bta_sys_main.cc:71 bta_sys_event: Event 0x1704
09-26 11:52:04.213 31661 31681 V bt_bta_hh: system/bta/hh/bta_hh_main.cc:174 bta_hh_sm_execute: State BTA_HH_CONN_ST(3), Event BTA_HH_INT_DATA_EVT(5892) for xx:xx:xx:xx:2b:83[public][BT_TRANSPORT_BR_EDR]
09-26 11:52:04.213 31661 31681 V bluetooth: system/btif/co/bta_hh_co.cc:773 bta_hh_co_data: dev_handle = 0
09-26 11:52:04.213 31661 31681 V bluetooth: system/btif/co/bta_hh_co.cc:653 bta_hh_co_write: UHID write 16
09-26 11:52:04.214  1570  1606 I android.hardware.thermal-service.qti: sensor: cpu-2-1-0 temperature: 95 old: 0 new: 3
09-26 11:52:04.222 31661 31681 V l2c_csm : system/stack/l2cap/l2c_csm.cc:1335 l2c_csm_open: LCID: 0x004c  st: OPEN  evt: L2CEVT_L2CAP_DATA(0x14) psm: BT_PSM_HIDI(0x0013)
09-26 11:52:04.222 31661 31681 V bluetooth: system/stack/hid/hidh_conn.cc:701 hidh_l2cif_data_ind: HID-Host hidh_l2cif_data_ind [l2cap_cid=0x004c]
09-26 11:52:04.222 31661 31681 V bt_bta_hh: system/bta/hh/bta_hh_act.cc:1144 bta_hh_cback: HID_event [HID_HDEV_EVT_INTR_DATA]
09-26 11:52:04.222 31661 31681 V l2c_csm : system/stack/l2cap/l2c_csm.cc:1514 l2c_csm_open: Exit chnl_state=CST_OPEN [6], event=L2CEVT_L2CAP_DATA(0x14) [20]
09-26 11:52:04.222 31661 31681 V bt_bta_sys_main: system/bta/sys/bta_sys_main.cc:71 bta_sys_event: Event 0x1704
09-26 11:52:04.222 31661 31681 V bt_bta_hh: system/bta/hh/bta_hh_main.cc:174 bta_hh_sm_execute: State BTA_HH_CONN_ST(3), Event BTA_HH_INT_DATA_EVT(5892) for xx:xx:xx:xx:2b:83[public][BT_TRANSPORT_BR_EDR]
09-26 11:52:04.222 31661 31681 V bluetooth: system/btif/co/bta_hh_co.cc:773 bta_hh_co_data: dev_handle = 0
09-26 11:52:04.222 31661 31681 V bluetooth: system/btif/co/bta_hh_co.cc:653 bta_hh_co_write: UHID write 16
09-26 11:52:04.232 31661 31681 V l2c_csm : system/stack/l2cap/l2c_csm.cc:1335 l2c_csm_open: LCID: 0x004c  st: OPEN  evt: L2CEVT_L2CAP_DATA(0x14) psm: BT_PSM_HIDI(0x0013)
09-26 11:52:04.232 31661 31681 V bluetooth: system/stack/hid/hidh_conn.cc:701 hidh_l2cif_data_ind: HID-Host hidh_l2cif_data_ind [l2cap_cid=0x004c]
09-26 11:52:04.232 31661 31681 V bt_bta_hh: system/bta/hh/bta_hh_act.cc:1144 bta_hh_cback: HID_event [HID_HDEV_EVT_INTR_DATA]
09-26 11:52:04.232 31661 31681 V l2c_csm : system/stack/l2cap/l2c_csm.cc:1514 l2c_csm_open: Exit chnl_state=CST_OPEN [6], event=L2CEVT_L2CAP_DATA(0x14) [20]
09-26 11:52:04.232 31661 31681 V bt_bta_sys_main: system/bta/sys/bta_sys_main.cc:71 bta_sys_event: Event 0x1704
09-26 11:52:04.232 31661 31681 V bt_bta_hh: system/bta/hh/bta_hh_main.cc:174 bta_hh_sm_execute: State BTA_HH_CONN_ST(3), Event BTA_HH_INT_DATA_EVT(5892) for xx:xx:xx:xx:2b:83[public][BT_TRANSPORT_BR_EDR]
09-26 11:52:04.232 31661 31681 V bluetooth: system/btif/co/bta_hh_co.cc:773 bta_hh_co_data: dev_handle = 0
09-26 11:52:04.232 31661 31681 V bluetooth: system/btif/co/bta_hh_co.cc:653 bta_hh_co_write: UHID write 16
09-26 11:52:04.233  1561  1561 I android.hardware.power-service-qti: Power setBoost: 0, duration: 0
09-26 11:52:04.242 31661 31681 V l2c_csm : system/stack/l2cap/l2c_csm.cc:1335 l2c_csm_open: LCID: 0x004c  st: OPEN  evt: L2CEVT_L2CAP_DATA(0x14) psm: BT_PSM_HIDI(0x0013)
09-26 11:52:04.242 31661 31681 V bluetooth: system/stack/hid/hidh_conn.cc:701 hidh_l2cif_data_ind: HID-Host hidh_l2cif_data_ind [l2cap_cid=0x004c]
09-26 11:52:04.242 31661 31681 V bt_bta_hh: system/bta/hh/bta_hh_act.cc:1144 bta_hh_cback: HID_event [HID_HDEV_EVT_INTR_DATA]
09-26 11:52:04.242 31661 31681 V l2c_csm : system/stack/l2cap/l2c_csm.cc:1514 l2c_csm_open: Exit chnl_state=CST_OPEN [6], event=L2CEVT_L2CAP_DATA(0x14) [20]
09-26 11:52:04.242 31661 31681 V bt_bta_sys_main: system/bta/sys/bta_sys_main.cc:71 bta_sys_event: Event 0x1704
09-26 11:52:04.242 31661 31681 V bt_bta_hh: system/bta/hh/bta_hh_main.cc:174 bta_hh_sm_execute: State BTA_HH_CONN_ST(3), Event BTA_HH_INT_DATA_EVT(5892) for xx:xx:xx:xx:2b:83[public][BT_TRANSPORT_BR_EDR]
09-26 11:52:04.242 31661 31681 V bluetooth: system/btif/co/bta_hh_co.cc:773 bta_hh_co_data: dev_handle = 0
09-26 11:52:04.242 31661 31681 V bluetooth: system/btif/co/bta_hh_co.cc:653 bta_hh_co_write: UHID write 16
09-26 11:52:04.248 14961 14961 I S3PAD   : classify name='Xbox Wireless Controller' vid=1118 pid=736 sources=16778513 keyboardType=1 -> GAMEPAD/XBOX reason=gamepad-capability-or-identity
09-26 11:52:04.248 14961 14961 D S3PAD   : deviceKey via descriptor
09-26 11:52:04.254 31661 31681 V l2c_csm : system/stack/l2cap/l2c_csm.cc:1335 l2c_csm_open: LCID: 0x004c  st: OPEN  evt: L2CEVT_L2CAP_DATA(0x14) psm: BT_PSM_HIDI(0x0013)
09-26 11:52:04.254 31661 31681 V bluetooth: system/stack/hid/hidh_conn.cc:701 hidh_l2cif_data_ind: HID-Host hidh_l2cif_data_ind [l2cap_cid=0x004c]
09-26 11:52:04.254 31661 31681 V bt_bta_hh: system/bta/hh/bta_hh_act.cc:1144 bta_hh_cback: HID_event [HID_HDEV_EVT_INTR_DATA]
09-26 11:52:04.254 31661 31681 V l2c_csm : system/stack/l2cap/l2c_csm.cc:1514 l2c_csm_open: Exit chnl_state=CST_OPEN [6], event=L2CEVT_L2CAP_DATA(0x14) [20]
09-26 11:52:04.254 31661 31681 V bt_bta_sys_main: system/bta/sys/bta_sys_main.cc:71 bta_sys_event: Event 0x1704
09-26 11:52:04.254 31661 31681 V bt_bta_hh: system/bta/hh/bta_hh_main.cc:174 bta_hh_sm_execute: State BTA_HH_CONN_ST(3), Event BTA_HH_INT_DATA_EVT(5892) for xx:xx:xx:xx:2b:83[public][BT_TRANSPORT_BR_EDR]
09-26 11:52:04.254 31661 31681 V bluetooth: system/btif/co/bta_hh_co.cc:773 bta_hh_co_data: dev_handle = 0
09-26 11:52:04.254 31661 31681 V bluetooth: system/btif/co/bta_hh_co.cc:653 bta_hh_co_write: UHID write 16
09-26 11:52:04.262 31661 31681 V l2c_csm : system/stack/l2cap/l2c_csm.cc:1335 l2c_csm_open: LCID: 0x004c  st: OPEN  evt: L2CEVT_L2CAP_DATA(0x14) psm: BT_PSM_HIDI(0x0013)
09-26 11:52:04.262 31661 31681 V bluetooth: system/stack/hid/hidh_conn.cc:701 hidh_l2cif_data_ind: HID-Host hidh_l2cif_data_ind [l2cap_cid=0x004c]
09-26 11:52:04.262 31661 31681 V bt_bta_hh: system/bta/hh/bta_hh_act.cc:1144 bta_hh_cback: HID_event [HID_HDEV_EVT_INTR_DATA]
09-26 11:52:04.262 31661 31681 V l2c_csm : system/stack/l2cap/l2c_csm.cc:1514 l2c_csm_open: Exit chnl_state=CST_OPEN [6], event=L2CEVT_L2CAP_DATA(0x14) [20]
09-26 11:52:04.262 31661 31681 V bt_bta_sys_main: system/bta/sys/bta_sys_main.cc:71 bta_sys_event: Event 0x1704
09-26 11:52:04.262 31661 31681 V bt_bta_hh: system/bta/hh/bta_hh_main.cc:174 bta_hh_sm_execute: State BTA_HH_CONN_ST(3), Event BTA_HH_INT_DATA_EVT(5892) for xx:xx:xx:xx:2b:83[public][BT_TRANSPORT_BR_EDR]
09-26 11:52:04.262 31661 31681 V bluetooth: system/btif/co/bta_hh_co.cc:773 bta_hh_co_data: dev_handle = 0
09-26 11:52:04.262 31661 31681 V bluetooth: system/btif/co/bta_hh_co.cc:653 bta_hh_co_write: UHID write 16
09-26 11:52:04.272 31661 31681 V l2c_csm : system/stack/l2cap/l2c_csm.cc:1335 l2c_csm_open: LCID: 0x004c  st: OPEN  evt: L2CEVT_L2CAP_DATA(0x14) psm: BT_PSM_HIDI(0x0013)
09-26 11:52:04.272 31661 31681 V bluetooth: system/stack/hid/hidh_conn.cc:701 hidh_l2cif_data_ind: HID-Host hidh_l2cif_data_ind [l2cap_cid=0x004c]
09-26 11:52:04.272 31661 31681 V bt_bta_hh: system/bta/hh/bta_hh_act.cc:1144 bta_hh_cback: HID_event [HID_HDEV_EVT_INTR_DATA]
09-26 11:52:04.272 31661 31681 V l2c_csm : system/stack/l2cap/l2c_csm.cc:1514 l2c_csm_open: Exit chnl_state=CST_OPEN [6], event=L2CEVT_L2CAP_DATA(0x14) [20]
09-26 11:52:04.272 31661 31681 V bt_bta_sys_main: system/bta/sys/bta_sys_main.cc:71 bta_sys_event: Event 0x1704
09-26 11:52:04.272 31661 31681 V bt_bta_hh: system/bta/hh/bta_hh_main.cc:174 bta_hh_sm_execute: State BTA_HH_CONN_ST(3), Event BTA_HH_INT_DATA_EVT(5892) for xx:xx:xx:xx:2b:83[public][BT_TRANSPORT_BR_EDR]
09-26 11:52:04.272 31661 31681 V bluetooth: system/btif/co/bta_hh_co.cc:773 bta_hh_co_data: dev_handle = 0
09-26 11:52:04.272 31661 31681 V bluetooth: system/btif/co/bta_hh_co.cc:653 bta_hh_co_write: UHID write 16
09-26 11:52:04.282 31661 31681 V l2c_csm : system/stack/l2cap/l2c_csm.cc:1335 l2c_csm_open: LCID: 0x004c  st: OPEN  evt: L2CEVT_L2CAP_DATA(0x14) psm: BT_PSM_HIDI(0x0013)
09-26 11:52:04.282 31661 31681 V bluetooth: system/stack/hid/hidh_conn.cc:701 hidh_l2cif_data_ind: HID-Host hidh_l2cif_data_ind [l2cap_cid=0x004c]
09-26 11:52:04.282 31661 31681 V bt_bta_hh: system/bta/hh/bta_hh_act.cc:1144 bta_hh_cback: HID_event [HID_HDEV_EVT_INTR_DATA]
09-26 11:52:04.282 31661 31681 V l2c_csm : system/stack/l2cap/l2c_csm.cc:1514 l2c_csm_open: Exit chnl_state=CST_OPEN [6], event=L2CEVT_L2CAP_DATA(0x14) [20]
09-26 11:52:04.282 31661 31681 V bt_bta_sys_main: system/bta/sys/bta_sys_main.cc:71 bta_sys_event: Event 0x1704
09-26 11:52:04.282 31661 31681 V bt_bta_hh: system/bta/hh/bta_hh_main.cc:174 bta_hh_sm_execute: State BTA_HH_CONN_ST(3), Event BTA_HH_INT_DATA_EVT(5892) for xx:xx:xx:xx:2b:83[public][BT_TRANSPORT_BR_EDR]
09-26 11:52:04.282 31661 31681 V bluetooth: system/btif/co/bta_hh_co.cc:773 bta_hh_co_data: dev_handle = 0
09-26 11:52:04.282 31661 31681 V bluetooth: system/btif/co/bta_hh_co.cc:653 bta_hh_co_write: UHID write 16
09-26 11:52:04.285  1616  1871 I SDM     : DisplayBase::CommitThread: Received idle timeout, panel: cmd, timeout: 70000 us
09-26 11:52:04.292 31661 31681 V l2c_csm : system/stack/l2cap/l2c_csm.cc:1335 l2c_csm_open: LCID: 0x004c  st: OPEN  evt: L2CEVT_L2CAP_DATA(0x14) psm: BT_PSM_HIDI(0x0013)
09-26 11:52:04.292 31661 31681 V bluetooth: system/stack/hid/hidh_conn.cc:701 hidh_l2cif_data_ind: HID-Host hidh_l2cif_data_ind [l2cap_cid=0x004c]
09-26 11:52:04.292 31661 31681 V bt_bta_hh: system/bta/hh/bta_hh_act.cc:1144 bta_hh_cback: HID_event [HID_HDEV_EVT_INTR_DATA]
09-26 11:52:04.292 31661 31681 V l2c_csm : system/stack/l2cap/l2c_csm.cc:1514 l2c_csm_open: Exit chnl_state=CST_OPEN [6], event=L2CEVT_L2CAP_DATA(0x14) [20]
09-26 11:52:04.292 31661 31681 V bt_bta_sys_main: system/bta/sys/bta_sys_main.cc:71 bta_sys_event: Event 0x1704
09-26 11:52:04.292 31661 31681 V bt_bta_hh: system/bta/hh/bta_hh_main.cc:174 bta_hh_sm_execute: State BTA_HH_CONN_ST(3), Event BTA_HH_INT_DATA_EVT(5892) for xx:xx:xx:xx:2b:83[public][BT_TRANSPORT_BR_EDR]
09-26 11:52:04.292 31661 31681 V bluetooth: system/btif/co/bta_hh_co.cc:773 bta_hh_co_data: dev_handle = 0
09-26 11:52:04.292 31661 31681 V bluetooth: system/btif/co/bta_hh_co.cc:653 bta_hh_co_write: UHID write 16
09-26 11:52:04.302 31661 31681 V l2c_csm : system/stack/l2cap/l2c_csm.cc:1335 l2c_csm_open: LCID: 0x004c  st: OPEN  evt: L2CEVT_L2CAP_DATA(0x14) psm: BT_PSM_HIDI(0x0013)
09-26 11:52:04.302 31661 31681 V bluetooth: system/stack/hid/hidh_conn.cc:701 hidh_l2cif_data_ind: HID-Host hidh_l2cif_data_ind [l2cap_cid=0x004c]
09-26 11:52:04.302 31661 31681 V bt_bta_hh: system/bta/hh/bta_hh_act.cc:1144 bta_hh_cback: HID_event [HID_HDEV_EVT_INTR_DATA]
09-26 11:52:04.302 31661 31681 V l2c_csm : system/stack/l2cap/l2c_csm.cc:1514 l2c_csm_open: Exit chnl_state=CST_OPEN [6], event=L2CEVT_L2CAP_DATA(0x14) [20]
09-26 11:52:04.302 31661 31681 V bt_bta_sys_main: system/bta/sys/bta_sys_main.cc:71 bta_sys_event: Event 0x1704
09-26 11:52:04.302 31661 31681 V bt_bta_hh: system/bta/hh/bta_hh_main.cc:174 bta_hh_sm_execute: State BTA_HH_CONN_ST(3), Event BTA_HH_INT_DATA_EVT(5892) for xx:xx:xx:xx:2b:83[public][BT_TRANSPORT_BR_EDR]
09-26 11:52:04.302 31661 31681 V bluetooth: system/btif/co/bta_hh_co.cc:773 bta_hh_co_data: dev_handle = 0
09-26 11:52:04.302 31661 31681 V bluetooth: system/btif/co/bta_hh_co.cc:653 bta_hh_co_write: UHID write 16
09-26 11:52:04.312 31661 31681 V l2c_csm : system/stack/l2cap/l2c_csm.cc:1335 l2c_csm_open: LCID: 0x004c  st: OPEN  evt: L2CEVT_L2CAP_DATA(0x14) psm: BT_PSM_HIDI(0x0013)
09-26 11:52:04.312 31661 31681 V bluetooth: system/stack/hid/hidh_conn.cc:701 hidh_l2cif_data_ind: HID-Host hidh_l2cif_data_ind [l2cap_cid=0x004c]
09-26 11:52:04.312 31661 31681 V bt_bta_hh: system/bta/hh/bta_hh_act.cc:1144 bta_hh_cback: HID_event [HID_HDEV_EVT_INTR_DATA]
09-26 11:52:04.312 31661 31681 V l2c_csm : system/stack/l2cap/l2c_csm.cc:1514 l2c_csm_open: Exit chnl_state=CST_OPEN [6], event=L2CEVT_L2CAP_DATA(0x14) [20]
09-26 11:52:04.312 31661 31681 V bt_bta_sys_main: system/bta/sys/bta_sys_main.cc:71 bta_sys_event: Event 0x1704
09-26 11:52:04.312 31661 31681 V bt_bta_hh: system/bta/hh/bta_hh_main.cc:174 bta_hh_sm_execute: State BTA_HH_CONN_ST(3), Event BTA_HH_INT_DATA_EVT(5892) for xx:xx:xx:xx:2b:83[public][BT_TRANSPORT_BR_EDR]
09-26 11:52:04.312 31661 31681 V bluetooth: system/btif/co/bta_hh_co.cc:773 bta_hh_co_data: dev_handle = 0
09-26 11:52:04.312 31661 31681 V bluetooth: system/btif/co/bta_hh_co.cc:653 bta_hh_co_write: UHID write 16
09-26 11:52:04.322 31661 31681 V l2c_csm : system/stack/l2cap/l2c_csm.cc:1335 l2c_csm_open: LCID: 0x004c  st: OPEN  evt: L2CEVT_L2CAP_DATA(0x14) psm: BT_PSM_HIDI(0x0013)
09-26 11:52:04.322 31661 31681 V bluetooth: system/stack/hid/hidh_conn.cc:701 hidh_l2cif_data_ind: HID-Host hidh_l2cif_data_ind [l2cap_cid=0x004c]
09-26 11:52:04.322 31661 31681 V bt_bta_hh: system/bta/hh/bta_hh_act.cc:1144 bta_hh_cback: HID_event [HID_HDEV_EVT_INTR_DATA]
09-26 11:52:04.322 31661 31681 V l2c_csm : system/stack/l2cap/l2c_csm.cc:1514 l2c_csm_open: Exit chnl_state=CST_OPEN [6], event=L2CEVT_L2CAP_DATA(0x14) [20]
09-26 11:52:04.322 31661 31681 V bt_bta_sys_main: system/bta/sys/bta_sys_main.cc:71 bta_sys_event: Event 0x1704
09-26 11:52:04.322 31661 31681 V bt_bta_hh: system/bta/hh/bta_hh_main.cc:174 bta_hh_sm_execute: State BTA_HH_CONN_ST(3), Event BTA_HH_INT_DATA_EVT(5892) for xx:xx:xx:xx:2b:83[public][BT_TRANSPORT_BR_EDR]
09-26 11:52:04.322 31661 31681 V bluetooth: system/btif/co/bta_hh_co.cc:773 bta_hh_co_data: dev_handle = 0
09-26 11:52:04.322 31661 31681 V bluetooth: system/btif/co/bta_hh_co.cc:653 bta_hh_co_write: UHID write 16
09-26 11:52:04.326 24158 24158 W libbinder.BackendUnifiedServiceManager: Thread Pool max thread count is 0. Cannot cache binder as linkToDeath cannot be implemented. serviceName: package
09-26 11:52:04.328  1621  5332 E ANDR-PERF-LM: SilkyScrolls: emptyContentDetection() 762: empty Content found
09-26 11:52:04.336 31661 31681 V l2c_csm : system/stack/l2cap/l2c_csm.cc:1335 l2c_csm_open: LCID: 0x004c  st: OPEN  evt: L2CEVT_L2CAP_DATA(0x14) psm: BT_PSM_HIDI(0x0013)
09-26 11:52:04.336 31661 31681 V bluetooth: system/stack/hid/hidh_conn.cc:701 hidh_l2cif_data_ind: HID-Host hidh_l2cif_data_ind [l2cap_cid=0x004c]
09-26 11:52:04.336 31661 31681 V bt_bta_hh: system/bta/hh/bta_hh_act.cc:1144 bta_hh_cback: HID_event [HID_HDEV_EVT_INTR_DATA]
09-26 11:52:04.336 31661 31681 V l2c_csm : system/stack/l2cap/l2c_csm.cc:1514 l2c_csm_open: Exit chnl_state=CST_OPEN [6], event=L2CEVT_L2CAP_DATA(0x14) [20]
09-26 11:52:04.336 31661 31681 V bt_bta_sys_main: system/bta/sys/bta_sys_main.cc:71 bta_sys_event: Event 0x1704
09-26 11:52:04.336 31661 31681 V bt_bta_hh: system/bta/hh/bta_hh_main.cc:174 bta_hh_sm_execute: State BTA_HH_CONN_ST(3), Event BTA_HH_INT_DATA_EVT(5892) for xx:xx:xx:xx:2b:83[public][BT_TRANSPORT_BR_EDR]
09-26 11:52:04.336 31661 31681 V bluetooth: system/btif/co/bta_hh_co.cc:773 bta_hh_co_data: dev_handle = 0
09-26 11:52:04.336 31661 31681 V bluetooth: system/btif/co/bta_hh_co.cc:653 bta_hh_co_write: UHID write 16
09-26 11:52:04.344 14961 23120 D RPCS3   : sys_tty_write(ch=0, buf=*0x58bf20, len=63, pwritelen=*0xd000fde0)
09-26 11:52:04.344 14961 23120 D RPCS3   : sys_tty_write(): “BATCHJOB: AddJob: waiting for room in job list 3 for job 56...“ << endl
09-26 11:52:04.345 31661 31681 V l2c_csm : system/stack/l2cap/l2c_csm.cc:1335 l2c_csm_open: LCID: 0x004c  st: OPEN  evt: L2CEVT_L2CAP_DATA(0x14) psm: BT_PSM_HIDI(0x0013)
09-26 11:52:04.345 31661 31681 V bluetooth: system/stack/hid/hidh_conn.cc:701 hidh_l2cif_data_ind: HID-Host hidh_l2cif_data_ind [l2cap_cid=0x004c]
09-26 11:52:04.345 31661 31681 V bt_bta_hh: system/bta/hh/bta_hh_act.cc:1144 bta_hh_cback: HID_event [HID_HDEV_EVT_INTR_DATA]
09-26 11:52:04.345 31661 31681 V l2c_csm : system/stack/l2cap/l2c_csm.cc:1514 l2c_csm_open: Exit chnl_state=CST_OPEN [6], event=L2CEVT_L2CAP_DATA(0x14) [20]
09-26 11:52:04.345 31661 31681 V bt_bta_sys_main: system/bta/sys/bta_sys_main.cc:71 bta_sys_event: Event 0x1704
09-26 11:52:04.345 31661 31681 V bt_bta_hh: system/bta/hh/bta_hh_main.cc:174 bta_hh_sm_execute: State BTA_HH_CONN_ST(3), Event BTA_HH_INT_DATA_EVT(5892) for xx:xx:xx:xx:2b:83[public][BT_TRANSPORT_BR_EDR]
09-26 11:52:04.345 31661 31681 V bluetooth: system/btif/co/bta_hh_co.cc:773 bta_hh_co_data: dev_handle = 0
09-26 11:52:04.345 31661 31681 V bluetooth: system/btif/co/bta_hh_co.cc:653 bta_hh_co_write: UHID write 16
09-26 11:52:04.347 23009 23011 I artd    : GetBestInfo: odex next to the dex file (/data/app/~~BY8i6AxNVQ-Jtu5h7jAOtQ==/com.zenithblue.sambas3-nLXm1OuR6GA5xicYW3JuTg==/oat/arm64/base.odex) is kOatUpToDate with filter 'verify' executable 'false'
09-26 11:52:04.352 31661 31681 V l2c_csm : system/stack/l2cap/l2c_csm.cc:1335 l2c_csm_open: LCID: 0x004c  st: OPEN  evt: L2CEVT_L2CAP_DATA(0x14) psm: BT_PSM_HIDI(0x0013)
09-26 11:52:04.352 31661 31681 V bluetooth: system/stack/hid/hidh_conn.cc:701 hidh_l2cif_data_ind: HID-Host hidh_l2cif_data_ind [l2cap_cid=0x004c]
09-26 11:52:04.352 31661 31681 V bt_bta_hh: system/bta/hh/bta_hh_act.cc:1144 bta_hh_cback: HID_event [HID_HDEV_EVT_INTR_DATA]
09-26 11:52:04.352 31661 31681 V l2c_csm : system/stack/l2cap/l2c_csm.cc:1514 l2c_csm_open: Exit chnl_state=CST_OPEN [6], event=L2CEVT_L2CAP_DATA(0x14) [20]
09-26 11:52:04.352 31661 31681 V bt_bta_sys_main: system/bta/sys/bta_sys_main.cc:71 bta_sys_event: Event 0x1704
09-26 11:52:04.352 31661 31681 V bt_bta_hh: system/bta/hh/bta_hh_main.cc:174 bta_hh_sm_execute: State BTA_HH_CONN_ST(3), Event BTA_HH_INT_DATA_EVT(5892) for xx:xx:xx:xx:2b:83[public][BT_TRANSPORT_BR_EDR]
09-26 11:52:04.352 31661 31681 V bluetooth: system/btif/co/bta_hh_co.cc:773 bta_hh_co_data: dev_handle = 0
09-26 11:52:04.352 31661 31681 V bluetooth: system/btif/co/bta_hh_co.cc:653 bta_hh_co_write: UHID write 16
09-26 11:52:04.362 31661 31681 V l2c_csm : system/stack/l2cap/l2c_csm.cc:1335 l2c_csm_open: LCID: 0x004c  st: OPEN  evt: L2CEVT_L2CAP_DATA(0x14) psm: BT_PSM_HIDI(0x0013)
09-26 11:52:04.362 31661 31681 V bluetooth: system/stack/hid/hidh_conn.cc:701 hidh_l2cif_data_ind: HID-Host hidh_l2cif_data_ind [l2cap_cid=0x004c]
09-26 11:52:04.362 31661 31681 V bt_bta_hh: system/bta/hh/bta_hh_act.cc:1144 bta_hh_cback: HID_event [HID_HDEV_EVT_INTR_DATA]
09-26 11:52:04.362 31661 31681 V l2c_csm : system/stack/l2cap/l2c_csm.cc:1514 l2c_csm_open: Exit chnl_state=CST_OPEN [6], event=L2CEVT_L2CAP_DATA(0x14) [20]
09-26 11:52:04.362 31661 31681 V bt_bta_sys_main: system/bta/sys/bta_sys_main.cc:71 bta_sys_event: Event 0x1704
09-26 11:52:04.362 31661 31681 V bt_bta_hh: system/bta/hh/bta_hh_main.cc:174 bta_hh_sm_execute: State BTA_HH_CONN_ST(3), Event BTA_HH_INT_DATA_EVT(5892) for xx:xx:xx:xx:2b:83[public][BT_TRANSPORT_BR_EDR]
09-26 11:52:04.362 31661 31681 V bluetooth: system/btif/co/bta_hh_co.cc:773 bta_hh_co_data: dev_handle = 0
09-26 11:52:04.362 31661 31681 V bluetooth: system/btif/co/bta_hh_co.cc:653 bta_hh_co_write: UHID write 16
09-26 11:52:04.372 31661 31681 V l2c_csm : system/stack/l2cap/l2c_csm.cc:1335 l2c_csm_open: LCID: 0x004c  st: OPEN  evt: L2CEVT_L2CAP_DATA(0x14) psm: BT_PSM_HIDI(0x0013)
09-26 11:52:04.372 31661 31681 V bluetooth: system/stack/hid/hidh_conn.cc:701 hidh_l2cif_data_ind: HID-Host hidh_l2cif_data_ind [l2cap_cid=0x004c]
09-26 11:52:04.372 31661 31681 V bt_bta_hh: system/bta/hh/bta_hh_act.cc:1144 bta_hh_cback: HID_event [HID_HDEV_EVT_INTR_DATA]
09-26 11:52:04.372 31661 31681 V l2c_csm : system/stack/l2cap/l2c_csm.cc:1514 l2c_csm_open: Exit chnl_state=CST_OPEN [6], event=L2CEVT_L2CAP_DATA(0x14) [20]
09-26 11:52:04.372 31661 31681 V bt_bta_sys_main: system/bta/sys/bta_sys_main.cc:71 bta_sys_event: Event 0x1704
09-26 11:52:04.372 31661 31681 V bt_bta_hh: system/bta/hh/bta_hh_main.cc:174 bta_hh_sm_execute: State BTA_HH_CONN_ST(3), Event BTA_HH_INT_DATA_EVT(5892) for xx:xx:xx:xx:2b:83[public][BT_TRANSPORT_BR_EDR]
09-26 11:52:04.372 31661 31681 V bluetooth: system/btif/co/bta_hh_co.cc:773 bta_hh_co_data: dev_handle = 0
09-26 11:52:04.372 31661 31681 V bluetooth: system/btif/co/bta_hh_co.cc:653 bta_hh_co_write: UHID write 16
09-26 11:52:04.382 31661 31681 V l2c_csm : system/stack/l2cap/l2c_csm.cc:1335 l2c_csm_open: LCID: 0x004c  st: OPEN  evt: L2CEVT_L2CAP_DATA(0x14) psm: BT_PSM_HIDI(0x0013)
09-26 11:52:04.382 31661 31681 V bluetooth: system/stack/hid/hidh_conn.cc:701 hidh_l2cif_data_ind: HID-Host hidh_l2cif_data_ind [l2cap_cid=0x004c]
09-26 11:52:04.382 31661 31681 V bt_bta_hh: system/bta/hh/bta_hh_act.cc:1144 bta_hh_cback: HID_event [HID_HDEV_EVT_INTR_DATA]
09-26 11:52:04.382 31661 31681 V l2c_csm : system/stack/l2cap/l2c_csm.cc:1514 l2c_csm_open: Exit chnl_state=CST_OPEN [6], event=L2CEVT_L2CAP_DATA(0x14) [20]
09-26 11:52:04.382 31661 31681 V bt_bta_sys_main: system/bta/sys/bta_sys_main.cc:71 bta_sys_event: Event 0x1704
09-26 11:52:04.382 31661 31681 V bt_bta_hh: system/bta/hh/bta_hh_main.cc:174 bta_hh_sm_execute: State BTA_HH_CONN_ST(3), Event BTA_HH_INT_DATA_EVT(5892) for xx:xx:xx:xx:2b:83[public][BT_TRANSPORT_BR_EDR]
09-26 11:52:04.382 31661 31681 V bluetooth: system/btif/co/bta_hh_co.cc:773 bta_hh_co_data: dev_handle = 0
09-26 11:52:04.382 31661 31681 V bluetooth: system/btif/co/bta_hh_co.cc:653 bta_hh_co_write: UHID write 16
09-26 11:52:04.388  1570  1606 I android.hardware.thermal-service.qti: sensor: cpu-1-0-0 temperature: 89.9 old: 3 new: 0
09-26 11:52:04.392 31661 31681 V l2c_csm : system/stack/l2cap/l2c_csm.cc:1335 l2c_csm_open: LCID: 0x004c  st: OPEN  evt: L2CEVT_L2CAP_DATA(0x14) psm: BT_PSM_HIDI(0x0013)
09-26 11:52:04.392 31661 31681 V bluetooth: system/stack/hid/hidh_conn.cc:701 hidh_l2cif_data_ind: HID-Host hidh_l2cif_data_ind [l2cap_cid=0x004c]
09-26 11:52:04.392 31661 31681 V bt_bta_hh: system/bta/hh/bta_hh_act.cc:1144 bta_hh_cback: HID_event [HID_HDEV_EVT_INTR_DATA]
09-26 11:52:04.392 31661 31681 V l2c_csm : system/stack/l2cap/l2c_csm.cc:1514 l2c_csm_open: Exit chnl_state=CST_OPEN [6], event=L2CEVT_L2CAP_DATA(0x14) [20]
09-26 11:52:04.392 31661 31681 V bt_bta_sys_main: system/bta/sys/bta_sys_main.cc:71 bta_sys_event: Event 0x1704
09-26 11:52:04.392 31661 31681 V bt_bta_hh: system/bta/hh/bta_hh_main.cc:174 bta_hh_sm_execute: State BTA_HH_CONN_ST(3), Event BTA_HH_INT_DATA_EVT(5892) for xx:xx:xx:xx:2b:83[public][BT_TRANSPORT_BR_EDR]
09-26 11:52:04.392 31661 31681 V bluetooth: system/btif/co/bta_hh_co.cc:773 bta_hh_co_data: dev_handle = 0
09-26 11:52:04.392 31661 31681 V bluetooth: system/btif/co/bta_hh_co.cc:653 bta_hh_co_write: UHID write 16
09-26 11:52:04.401  1616  1871 I SDM     : DisplayBase::CommitThread: Received idle timeout, panel: cmd, timeout: 70000 us
09-26 11:52:04.402 31661 31681 V l2c_csm : system/stack/l2cap/l2c_csm.cc:1335 l2c_csm_open: LCID: 0x004c  st: OPEN  evt: L2CEVT_L2CAP_DATA(0x14) psm: BT_PSM_HIDI(0x0013)
09-26 11:52:04.402 31661 31681 V bluetooth: system/stack/hid/hidh_conn.cc:701 hidh_l2cif_data_ind: HID-Host hidh_l2cif_data_ind [l2cap_cid=0x004c]
09-26 11:52:04.402 31661 31681 V bt_bta_hh: system/bta/hh/bta_hh_act.cc:1144 bta_hh_cback: HID_event [HID_HDEV_EVT_INTR_DATA]
09-26 11:52:04.402 31661 31681 V l2c_csm : system/stack/l2cap/l2c_csm.cc:1514 l2c_csm_open: Exit chnl_state=CST_OPEN [6], event=L2CEVT_L2CAP_DATA(0x14) [20]
09-26 11:52:04.402 31661 31681 V bt_bta_sys_main: system/bta/sys/bta_sys_main.cc:71 bta_sys_event: Event 0x1704
09-26 11:52:04.402 31661 31681 V bt_bta_hh: system/bta/hh/bta_hh_main.cc:174 bta_hh_sm_execute: State BTA_HH_CONN_ST(3), Event BTA_HH_INT_DATA_EVT(5892) for xx:xx:xx:xx:2b:83[public][BT_TRANSPORT_BR_EDR]
09-26 11:52:04.402 31661 31681 V bluetooth: system/btif/co/bta_hh_co.cc:773 bta_hh_co_data: dev_handle = 0
09-26 11:52:04.402 31661 31681 V bluetooth: system/btif/co/bta_hh_co.cc:653 bta_hh_co_write: UHID write 16
09-26 11:52:04.412 31661 31681 V l2c_csm : system/stack/l2cap/l2c_csm.cc:1335 l2c_csm_open: LCID: 0x004c  st: OPEN  evt: L2CEVT_L2CAP_DATA(0x14) psm: BT_PSM_HIDI(0x0013)
09-26 11:52:04.412 31661 31681 V bluetooth: system/stack/hid/hidh_conn.cc:701 hidh_l2cif_data_ind: HID-Host hidh_l2cif_data_ind [l2cap_cid=0x004c]
09-26 11:52:04.412 31661 31681 V bt_bta_hh: system/bta/hh/bta_hh_act.cc:1144 bta_hh_cback: HID_event [HID_HDEV_EVT_INTR_DATA]
09-26 11:52:04.412 31661 31681 V l2c_csm : system/stack/l2cap/l2c_csm.cc:1514 l2c_csm_open: Exit chnl_state=CST_OPEN [6], event=L2CEVT_L2CAP_DATA(0x14) [20]
09-26 11:52:04.412 31661 31681 V bt_bta_sys_main: system/bta/sys/bta_sys_main.cc:71 bta_sys_event: Event 0x1704
09-26 11:52:04.412 31661 31681 V bt_bta_hh: system/bta/hh/bta_hh_main.cc:174 bta_hh_sm_execute: State BTA_HH_CONN_ST(3), Event BTA_HH_INT_DATA_EVT(5892) for xx:xx:xx:xx:2b:83[public][BT_TRANSPORT_BR_EDR]
09-26 11:52:04.412 31661 31681 V bluetooth: system/btif/co/bta_hh_co.cc:773 bta_hh_co_data: dev_handle = 0
09-26 11:52:04.412 31661 31681 V bluetooth: system/btif/co/bta_hh_co.cc:653 bta_hh_co_write: UHID write 16
09-26 11:52:04.413  1561  1561 I android.hardware.power-service-qti: Power setBoost: 0, duration: 0
09-26 11:52:04.414  1561  1561 E QTI PowerHAL: Failed to acquire lock.
09-26 11:52:04.414  1561  1561 E QTI PowerHAL: Failed process_boost for boost_handle
09-26 11:52:04.417  1621  1722 E ANDR-PERF-RESOURCEQS: ANDR-PERF-RESOURCEQS: AddAndApply() 125: Resource with major=16, minor=30 not supported
09-26 11:52:04.417  1621  1722 E ANDR-PERF-RESOURCEQS: ANDR-PERF-RESOURCEQS: AddAndApply() 125: Resource with major=16, minor=31 not supported
09-26 11:52:04.421 14961 14961 I S3PAD   : classify name='Xbox Wireless Controller' vid=1118 pid=736 sources=16778513 keyboardType=1 -> GAMEPAD/XBOX reason=gamepad-capability-or-identity
09-26 11:52:04.421 14961 14961 D S3PAD   : deviceKey via descriptor
09-26 11:52:04.422 31661 31681 V l2c_csm : system/stack/l2cap/l2c_csm.cc:1335 l2c_csm_open: LCID: 0x004c  st: OPEN  evt: L2CEVT_L2CAP_DATA(0x14) psm: BT_PSM_HIDI(0x0013)
09-26 11:52:04.422 31661 31681 V bluetooth: system/stack/hid/hidh_conn.cc:701 hidh_l2cif_data_ind: HID-Host hidh_l2cif_data_ind [l2cap_cid=0x004c]
09-26 11:52:04.422 31661 31681 V bt_bta_hh: system/bta/hh/bta_hh_act.cc:1144 bta_hh_cback: HID_event [HID_HDEV_EVT_INTR_DATA]
09-26 11:52:04.422 31661 31681 V l2c_csm : system/stack/l2cap/l2c_csm.cc:1514 l2c_csm_open: Exit chnl_state=CST_OPEN [6], event=L2CEVT_L2CAP_DATA(0x14) [20]
09-26 11:52:04.422 31661 31681 V bt_bta_sys_main: system/bta/sys/bta_sys_main.cc:71 bta_sys_event: Event 0x1704
09-26 11:52:04.422 31661 31681 V bt_bta_hh: system/bta/hh/bta_hh_main.cc:174 bta_hh_sm_execute: State BTA_HH_CONN_ST(3), Event BTA_HH_INT_DATA_EVT(5892) for xx:xx:xx:xx:2b:83[public][BT_TRANSPORT_BR_EDR]
09-26 11:52:04.422 31661 31681 V bluetooth: system/btif/co/bta_hh_co.cc:773 bta_hh_co_data: dev_handle = 0
09-26 11:52:04.422 31661 31681 V bluetooth: system/btif/co/bta_hh_co.cc:653 bta_hh_co_write: UHID write 16
09-26 11:52:04.425 14961 23120 D RPCS3   : sys_tty_write(ch=0, buf=*0x58bf20, len=63, pwritelen=*0xd000fde0)
09-26 11:52:04.425 14961 23120 D RPCS3   : sys_tty_write(): “BATCHJOB: AddJob: waiting for room in job list 3 for job 56...“ << endl
09-26 11:52:04.432 31661 31681 V l2c_csm : system/stack/l2cap/l2c_csm.cc:1335 l2c_csm_open: LCID: 0x004c  st: OPEN  evt: L2CEVT_L2CAP_DATA(0x14) psm: BT_PSM_HIDI(0x0013)
09-26 11:52:04.432 31661 31681 V bluetooth: system/stack/hid/hidh_conn.cc:701 hidh_l2cif_data_ind: HID-Host hidh_l2cif_data_ind [l2cap_cid=0x004c]
09-26 11:52:04.432 31661 31681 V bt_bta_hh: system/bta/hh/bta_hh_act.cc:1144 bta_hh_cback: HID_event [HID_HDEV_EVT_INTR_DATA]
09-26 11:52:04.432 31661 31681 V l2c_csm : system/stack/l2cap/l2c_csm.cc:1514 l2c_csm_open: Exit chnl_state=CST_OPEN [6], event=L2CEVT_L2CAP_DATA(0x14) [20]
09-26 11:52:04.432 31661 31681 V bt_bta_sys_main: system/bta/sys/bta_sys_main.cc:71 bta_sys_event: Event 0x1704
09-26 11:52:04.432 31661 31681 V bt_bta_hh: system/bta/hh/bta_hh_main.cc:174 bta_hh_sm_execute: State BTA_HH_CONN_ST(3), Event BTA_HH_INT_DATA_EVT(5892) for xx:xx:xx:xx:2b:83[public][BT_TRANSPORT_BR_EDR]
09-26 11:52:04.432 31661 31681 V bluetooth: system/btif/co/bta_hh_co.cc:773 bta_hh_co_data: dev_handle = 0
09-26 11:52:04.432 31661 31681 V bluetooth: system/btif/co/bta_hh_co.cc:653 bta_hh_co_write: UHID write 16
09-26 11:52:04.442 31661 31681 V l2c_csm : system/stack/l2cap/l2c_csm.cc:1335 l2c_csm_open: LCID: 0x004c  st: OPEN  evt: L2CEVT_L2CAP_DATA(0x14) psm: BT_PSM_HIDI(0x0013)
09-26 11:52:04.442 31661 31681 V bluetooth: system/stack/hid/hidh_conn.cc:701 hidh_l2cif_data_ind: HID-Host hidh_l2cif_data_ind [l2cap_cid=0x004c]
09-26 11:52:04.442 31661 31681 V bt_bta_hh: system/bta/hh/bta_hh_act.cc:1144 bta_hh_cback: HID_event [HID_HDEV_EVT_INTR_DATA]
09-26 11:52:04.442 31661 31681 V l2c_csm : system/stack/l2cap/l2c_csm.cc:1514 l2c_csm_open: Exit chnl_state=CST_OPEN [6], event=L2CEVT_L2CAP_DATA(0x14) [20]
09-26 11:52:04.442 31661 31681 V bt_bta_sys_main: system/bta/sys/bta_sys_main.cc:71 bta_sys_event: Event 0x1704
09-26 11:52:04.442 31661 31681 V bt_bta_hh: system/bta/hh/bta_hh_main.cc:174 bta_hh_sm_execute: State BTA_HH_CONN_ST(3), Event BTA_HH_INT_DATA_EVT(5892) for xx:xx:xx:xx:2b:83[public][BT_TRANSPORT_BR_EDR]
09-26 11:52:04.442 31661 31681 V bluetooth: system/btif/co/bta_hh_co.cc:773 bta_hh_co_data: dev_handle = 0
09-26 11:52:04.442 31661 31681 V bluetooth: system/btif/co/bta_hh_co.cc:653 bta_hh_co_write: UHID write 16
09-26 11:52:04.452 31661 31681 V l2c_csm : system/stack/l2cap/l2c_csm.cc:1335 l2c_csm_open: LCID: 0x004c  st: OPEN  evt: L2CEVT_L2CAP_DATA(0x14) psm: BT_PSM_HIDI(0x0013)
09-26 11:52:04.452 31661 31681 V bluetooth: system/stack/hid/hidh_conn.cc:701 hidh_l2cif_data_ind: HID-Host hidh_l2cif_data_ind [l2cap_cid=0x004c]
09-26 11:52:04.452 31661 31681 V bt_bta_hh: system/bta/hh/bta_hh_act.cc:1144 bta_hh_cback: HID_event [HID_HDEV_EVT_INTR_DATA]
09-26 11:52:04.452 31661 31681 V l2c_csm : system/stack/l2cap/l2c_csm.cc:1514 l2c_csm_open: Exit chnl_state=CST_OPEN [6], event=L2CEVT_L2CAP_DATA(0x14) [20]
09-26 11:52:04.452 31661 31681 V bt_bta_sys_main: system/bta/sys/bta_sys_main.cc:71 bta_sys_event: Event 0x1704
09-26 11:52:04.452 31661 31681 V bt_bta_hh: system/bta/hh/bta_hh_main.cc:174 bta_hh_sm_execute: State BTA_HH_CONN_ST(3), Event BTA_HH_INT_DATA_EVT(5892) for xx:xx:xx:xx:2b:83[public][BT_TRANSPORT_BR_EDR]
09-26 11:52:04.452 31661 31681 V bluetooth: system/btif/co/bta_hh_co.cc:773 bta_hh_co_data: dev_handle = 0
09-26 11:52:04.452 31661 31681 V bluetooth: system/btif/co/bta_hh_co.cc:653 bta_hh_co_write: UHID write 16
09-26 11:52:04.462 31661 31681 V l2c_csm : system/stack/l2cap/l2c_csm.cc:1335 l2c_csm_open: LCID: 0x004c  st: OPEN  evt: L2CEVT_L2CAP_DATA(0x14) psm: BT_PSM_HIDI(0x0013)
09-26 11:52:04.462 31661 31681 V bluetooth: system/stack/hid/hidh_conn.cc:701 hidh_l2cif_data_ind: HID-Host hidh_l2cif_data_ind [l2cap_cid=0x004c]
09-26 11:52:04.462 31661 31681 V bt_bta_hh: system/bta/hh/bta_hh_act.cc:1144 bta_hh_cback: HID_event [HID_HDEV_EVT_INTR_DATA]
09-26 11:52:04.462 31661 31681 V l2c_csm : system/stack/l2cap/l2c_csm.cc:1514 l2c_csm_open: Exit chnl_state=CST_OPEN [6], event=L2CEVT_L2CAP_DATA(0x14) [20]
09-26 11:52:04.462 31661 31681 V bt_bta_sys_main: system/bta/sys/bta_sys_main.cc:71 bta_sys_event: Event 0x1704
09-26 11:52:04.462 31661 31681 V bt_bta_hh: system/bta/hh/bta_hh_main.cc:174 bta_hh_sm_execute: State BTA_HH_CONN_ST(3), Event BTA_HH_INT_DATA_EVT(5892) for xx:xx:xx:xx:2b:83[public][BT_TRANSPORT_BR_EDR]
09-26 11:52:04.462 31661 31681 V bluetooth: system/btif/co/bta_hh_co.cc:773 bta_hh_co_data: dev_handle = 0
09-26 11:52:04.462 31661 31681 V bluetooth: system/btif/co/bta_hh_co.cc:653 bta_hh_co_write: UHID write 16
09-26 11:52:04.468  1570  1606 I android.hardware.thermal-service.qti: sensor: cpu-2-1-0 temperature: 89.9 old: 3 new: 0
09-26 11:52:04.472 31661 31681 V l2c_csm : system/stack/l2cap/l2c_csm.cc:1335 l2c_csm_open: LCID: 0x004c  st: OPEN  evt: L2CEVT_L2CAP_DATA(0x14) psm: BT_PSM_HIDI(0x0013)
09-26 11:52:04.472 31661 31681 V bluetooth: system/stack/hid/hidh_conn.cc:701 hidh_l2cif_data_ind: HID-Host hidh_l2cif_data_ind [l2cap_cid=0x004c]
09-26 11:52:04.472 31661 31681 V bt_bta_hh: system/bta/hh/bta_hh_act.cc:1144 bta_hh_cback: HID_event [HID_HDEV_EVT_INTR_DATA]
09-26 11:52:04.472 31661 31681 V l2c_csm : system/stack/l2cap/l2c_csm.cc:1514 l2c_csm_open: Exit chnl_state=CST_OPEN [6], event=L2CEVT_L2CAP_DATA(0x14) [20]
09-26 11:52:04.472 31661 31681 V bt_bta_sys_main: system/bta/sys/bta_sys_main.cc:71 bta_sys_event: Event 0x1704
09-26 11:52:04.472 31661 31681 V bt_bta_hh: system/bta/hh/bta_hh_main.cc:174 bta_hh_sm_execute: State BTA_HH_CONN_ST(3), Event BTA_HH_INT_DATA_EVT(5892) for xx:xx:xx:xx:2b:83[public][BT_TRANSPORT_BR_EDR]
09-26 11:52:04.472 31661 31681 V bluetooth: system/btif/co/bta_hh_co.cc:773 bta_hh_co_data: dev_handle = 0
09-26 11:52:04.472 31661 31681 V bluetooth: system/btif/co/bta_hh_co.cc:653 bta_hh_co_write: UHID write 16
09-26 11:52:04.482 31661 31681 V l2c_csm : system/stack/l2cap/l2c_csm.cc:1335 l2c_csm_open: LCID: 0x004c  st: OPEN  evt: L2CEVT_L2CAP_DATA(0x14) psm: BT_PSM_HIDI(0x0013)
09-26 11:52:04.482 31661 31681 V bluetooth: system/stack/hid/hidh_conn.cc:701 hidh_l2cif_data_ind: HID-Host hidh_l2cif_data_ind [l2cap_cid=0x004c]
09-26 11:52:04.482 31661 31681 V bt_bta_hh: system/bta/hh/bta_hh_act.cc:1144 bta_hh_cback: HID_event [HID_HDEV_EVT_INTR_DATA]
09-26 11:52:04.482 31661 31681 V l2c_csm : system/stack/l2cap/l2c_csm.cc:1514 l2c_csm_open: Exit chnl_state=CST_OPEN [6], event=L2CEVT_L2CAP_DATA(0x14) [20]
09-26 11:52:04.482 31661 31681 V bt_bta_sys_main: system/bta/sys/bta_sys_main.cc:71 bta_sys_event: Event 0x1704
09-26 11:52:04.482 31661 31681 V bt_bta_hh: system/bta/hh/bta_hh_main.cc:174 bta_hh_sm_execute: State BTA_HH_CONN_ST(3), Event BTA_HH_INT_DATA_EVT(5892) for xx:xx:xx:xx:2b:83[public][BT_TRANSPORT_BR_EDR]
09-26 11:52:04.482 31661 31681 V bluetooth: system/btif/co/bta_hh_co.cc:773 bta_hh_co_data: dev_handle = 0
09-26 11:52:04.482 31661 31681 V bluetooth: system/btif/co/bta_hh_co.cc:653 bta_hh_co_write: UHID write 16
09-26 11:52:04.492 31661 31681 V l2c_csm : system/stack/l2cap/l2c_csm.cc:1335 l2c_csm_open: LCID: 0x004c  st: OPEN  evt: L2CEVT_L2CAP_DATA(0x14) psm: BT_PSM_HIDI(0x0013)
09-26 11:52:04.492 31661 31681 V bluetooth: system/stack/hid/hidh_conn.cc:701 hidh_l2cif_data_ind: HID-Host hidh_l2cif_data_ind [l2cap_cid=0x004c]
09-26 11:52:04.492 31661 31681 V bt_bta_hh: system/bta/hh/bta_hh_act.cc:1144 bta_hh_cback: HID_event [HID_HDEV_EVT_INTR_DATA]
09-26 11:52:04.492 31661 31681 V l2c_csm : system/stack/l2cap/l2c_csm.cc:1514 l2c_csm_open: Exit chnl_state=CST_OPEN [6], event=L2CEVT_L2CAP_DATA(0x14) [20]
09-26 11:52:04.492 31661 31681 V bt_bta_sys_main: system/bta/sys/bta_sys_main.cc:71 bta_sys_event: Event 0x1704
09-26 11:52:04.492 31661 31681 V bt_bta_hh: system/bta/hh/bta_hh_main.cc:174 bta_hh_sm_execute: State BTA_HH_CONN_ST(3), Event BTA_HH_INT_DATA_EVT(5892) for xx:xx:xx:xx:2b:83[public][BT_TRANSPORT_BR_EDR]
09-26 11:52:04.492 31661 31681 V bluetooth: system/btif/co/bta_hh_co.cc:773 bta_hh_co_data: dev_handle = 0
09-26 11:52:04.492 31661 31681 V bluetooth: system/btif/co/bta_hh_co.cc:653 bta_hh_co_write: UHID write 16
09-26 11:52:04.493 14961 23120 D RPCS3   : sys_tty_write(ch=0, buf=*0x58bf20, len=63, pwritelen=*0xd000fde0)
09-26 11:52:04.493 14961 23120 D RPCS3   : sys_tty_write(): “BATCHJOB: AddJob: waiting for room in job list 3 for job 56...“ << endl
09-26 11:52:04.502 31661 31681 V l2c_csm : system/stack/l2cap/l2c_csm.cc:1335 l2c_csm_open: LCID: 0x004c  st: OPEN  evt: L2CEVT_L2CAP_DATA(0x14) psm: BT_PSM_HIDI(0x0013)
09-26 11:52:04.502 31661 31681 V bluetooth: system/stack/hid/hidh_conn.cc:701 hidh_l2cif_data_ind: HID-Host hidh_l2cif_data_ind [l2cap_cid=0x004c]
09-26 11:52:04.502 31661 31681 V bt_bta_hh: system/bta/hh/bta_hh_act.cc:1144 bta_hh_cback: HID_event [HID_HDEV_EVT_INTR_DATA]
09-26 11:52:04.502 31661 31681 V l2c_csm : system/stack/l2cap/l2c_csm.cc:1514 l2c_csm_open: Exit chnl_state=CST_OPEN [6], event=L2CEVT_L2CAP_DATA(0x14) [20]
09-26 11:52:04.502 31661 31681 V bt_bta_sys_main: system/bta/sys/bta_sys_main.cc:71 bta_sys_event: Event 0x1704
09-26 11:52:04.502 31661 31681 V bt_bta_hh: system/bta/hh/bta_hh_main.cc:174 bta_hh_sm_execute: State BTA_HH_CONN_ST(3), Event BTA_HH_INT_DATA_EVT(5892) for xx:xx:xx:xx:2b:83[public][BT_TRANSPORT_BR_EDR]
09-26 11:52:04.502 31661 31681 V bluetooth: system/btif/co/bta_hh_co.cc:773 bta_hh_co_data: dev_handle = 0
09-26 11:52:04.502 31661 31681 V bluetooth: system/btif/co/bta_hh_co.cc:653 bta_hh_co_write: UHID write 16
09-26 11:52:04.512 31661 31681 V l2c_csm : system/stack/l2cap/l2c_csm.cc:1335 l2c_csm_open: LCID: 0x004c  st: OPEN  evt: L2CEVT_L2CAP_DATA(0x14) psm: BT_PSM_HIDI(0x0013)
09-26 11:52:04.512 31661 31681 V bluetooth: system/stack/hid/hidh_conn.cc:701 hidh_l2cif_data_ind: HID-Host hidh_l2cif_data_ind [l2cap_cid=0x004c]
09-26 11:52:04.512 31661 31681 V bt_bta_hh: system/bta/hh/bta_hh_act.cc:1144 bta_hh_cback: HID_event [HID_HDEV_EVT_INTR_DATA]
09-26 11:52:04.512 31661 31681 V l2c_csm : system/stack/l2cap/l2c_csm.cc:1514 l2c_csm_open: Exit chnl_state=CST_OPEN [6], event=L2CEVT_L2CAP_DATA(0x14) [20]
09-26 11:52:04.512 31661 31681 V bt_bta_sys_main: system/bta/sys/bta_sys_main.cc:71 bta_sys_event: Event 0x1704
09-26 11:52:04.512 31661 31681 V bt_bta_hh: system/bta/hh/bta_hh_main.cc:174 bta_hh_sm_execute: State BTA_HH_CONN_ST(3), Event BTA_HH_INT_DATA_EVT(5892) for xx:xx:xx:xx:2b:83[public][BT_TRANSPORT_BR_EDR]
09-26 11:52:04.512 31661 31681 V bluetooth: system/btif/co/bta_hh_co.cc:773 bta_hh_co_data: dev_handle = 0
09-26 11:52:04.512 31661 31681 V bluetooth: system/btif/co/bta_hh_co.cc:653 bta_hh_co_write: UHID write 16
09-26 11:52:04.522 31661 31681 V l2c_csm : system/stack/l2cap/l2c_csm.cc:1335 l2c_csm_open: LCID: 0x004c  st: OPEN  evt: L2CEVT_L2CAP_DATA(0x14) psm: BT_PSM_HIDI(0x0013)
09-26 11:52:04.522 31661 31681 V bluetooth: system/stack/hid/hidh_conn.cc:701 hidh_l2cif_data_ind: HID-Host hidh_l2cif_data_ind [l2cap_cid=0x004c]
09-26 11:52:04.522 31661 31681 V bt_bta_hh: system/bta/hh/bta_hh_act.cc:1144 bta_hh_cback: HID_event [HID_HDEV_EVT_INTR_DATA]
09-26 11:52:04.522 31661 31681 V l2c_csm : system/stack/l2cap/l2c_csm.cc:1514 l2c_csm_open: Exit chnl_state=CST_OPEN [6], event=L2CEVT_L2CAP_DATA(0x14) [20]
09-26 11:52:04.522 31661 31681 V bt_bta_sys_main: system/bta/sys/bta_sys_main.cc:71 bta_sys_event: Event 0x1704
09-26 11:52:04.522 31661 31681 V bt_bta_hh: system/bta/hh/bta_hh_main.cc:174 bta_hh_sm_execute: State BTA_HH_CONN_ST(3), Event BTA_HH_INT_DATA_EVT(5892) for xx:xx:xx:xx:2b:83[public][BT_TRANSPORT_BR_EDR]
09-26 11:52:04.522 31661 31681 V bluetooth: system/btif/co/bta_hh_co.cc:773 bta_hh_co_data: dev_handle = 0
09-26 11:52:04.522 31661 31681 V bluetooth: system/btif/co/bta_hh_co.cc:653 bta_hh_co_write: UHID write 16
09-26 11:52:04.532 31661 31681 V l2c_csm : system/stack/l2cap/l2c_csm.cc:1335 l2c_csm_open: LCID: 0x004c  st: OPEN  evt: L2CEVT_L2CAP_DATA(0x14) psm: BT_PSM_HIDI(0x0013)
09-26 11:52:04.532 31661 31681 V bluetooth: system/stack/hid/hidh_conn.cc:701 hidh_l2cif_data_ind: HID-Host hidh_l2cif_data_ind [l2cap_cid=0x004c]
09-26 11:52:04.532 31661 31681 V bt_bta_hh: system/bta/hh/bta_hh_act.cc:1144 bta_hh_cback: HID_event [HID_HDEV_EVT_INTR_DATA]
09-26 11:52:04.532 31661 31681 V l2c_csm : system/stack/l2cap/l2c_csm.cc:1514 l2c_csm_open: Exit chnl_state=CST_OPEN [6], event=L2CEVT_L2CAP_DATA(0x14) [20]
09-26 11:52:04.532 31661 31681 V bt_bta_sys_main: system/bta/sys/bta_sys_main.cc:71 bta_sys_event: Event 0x1704
09-26 11:52:04.532 31661 31681 V bt_bta_hh: system/bta/hh/bta_hh_main.cc:174 bta_hh_sm_execute: State BTA_HH_CONN_ST(3), Event BTA_HH_INT_DATA_EVT(5892) for xx:xx:xx:xx:2b:83[public][BT_TRANSPORT_BR_EDR]
09-26 11:52:04.532 31661 31681 V bluetooth: system/btif/co/bta_hh_co.cc:773 bta_hh_co_data: dev_handle = 0
09-26 11:52:04.532 31661 31681 V bluetooth: system/btif/co/bta_hh_co.cc:653 bta_hh_co_write: UHID write 16
09-26 11:52:04.542 31661 31681 V l2c_csm : system/stack/l2cap/l2c_csm.cc:1335 l2c_csm_open: LCID: 0x004c  st: OPEN  evt: L2CEVT_L2CAP_DATA(0x14) psm: BT_PSM_HIDI(0x0013)
09-26 11:52:04.542 31661 31681 V bluetooth: system/stack/hid/hidh_conn.cc:701 hidh_l2cif_data_ind: HID-Host hidh_l2cif_data_ind [l2cap_cid=0x004c]
09-26 11:52:04.542 31661 31681 V bt_bta_hh: system/bta/hh/bta_hh_act.cc:1144 bta_hh_cback: HID_event [HID_HDEV_EVT_INTR_DATA]
09-26 11:52:04.542 31661 31681 V l2c_csm : system/stack/l2cap/l2c_csm.cc:1514 l2c_csm_open: Exit chnl_state=CST_OPEN [6], event=L2CEVT_L2CAP_DATA(0x14) [20]
09-26 11:52:04.542 31661 31681 V bt_bta_sys_main: system/bta/sys/bta_sys_main.cc:71 bta_sys_event: Event 0x1704
09-26 11:52:04.542 31661 31681 V bt_bta_hh: system/bta/hh/bta_hh_main.cc:174 bta_hh_sm_execute: State BTA_HH_CONN_ST(3), Event BTA_HH_INT_DATA_EVT(5892) for xx:xx:xx:xx:2b:83[public][BT_TRANSPORT_BR_EDR]
09-26 11:52:04.542 31661 31681 V bluetooth: system/btif/co/bta_hh_co.cc:773 bta_hh_co_data: dev_handle = 0
09-26 11:52:04.542 31661 31681 V bluetooth: system/btif/co/bta_hh_co.cc:653 bta_hh_co_write: UHID write 16
09-26 11:52:04.552 31661 31681 V l2c_csm : system/stack/l2cap/l2c_csm.cc:1335 l2c_csm_open: LCID: 0x004c  st: OPEN  evt: L2CEVT_L2CAP_DATA(0x14) psm: BT_PSM_HIDI(0x0013)
09-26 11:52:04.552 31661 31681 V bluetooth: system/stack/hid/hidh_conn.cc:701 hidh_l2cif_data_ind: HID-Host hidh_l2cif_data_ind [l2cap_cid=0x004c]
09-26 11:52:04.552 31661 31681 V bt_bta_hh: system/bta/hh/bta_hh_act.cc:1144 bta_hh_cback: HID_event [HID_HDEV_EVT_INTR_DATA]
09-26 11:52:04.552 31661 31681 V l2c_csm : system/stack/l2cap/l2c_csm.cc:1514 l2c_csm_open: Exit chnl_state=CST_OPEN [6], event=L2CEVT_L2CAP_DATA(0x14) [20]
09-26 11:52:04.552 31661 31681 V bt_bta_sys_main: system/bta/sys/bta_sys_main.cc:71 bta_sys_event: Event 0x1704
09-26 11:52:04.552 31661 31681 V bt_bta_hh: system/bta/hh/bta_hh_main.cc:174 bta_hh_sm_execute: State BTA_HH_CONN_ST(3), Event BTA_HH_INT_DATA_EVT(5892) for xx:xx:xx:xx:2b:83[public][BT_TRANSPORT_BR_EDR]
09-26 11:52:04.552 31661 31681 V bluetooth: system/btif/co/bta_hh_co.cc:773 bta_hh_co_data: dev_handle = 0
09-26 11:52:04.552 31661 31681 V bluetooth: system/btif/co/bta_hh_co.cc:653 bta_hh_co_write: UHID write 16
09-26 11:52:04.555  1561  1561 I android.hardware.power-service-qti: Power setBoost: 0, duration: 0
09-26 11:52:04.555 14961 14961 I S3PAD   : classify name='Xbox Wireless Controller' vid=1118 pid=736 sources=16778513 keyboardType=1 -> GAMEPAD/XBOX reason=gamepad-capability-or-identity
09-26 11:52:04.555 14961 14961 D S3PAD   : deviceKey via descriptor
09-26 11:52:04.555 14961 14961 I S3PAD   : classify name='Xbox Wireless Controller' vid=1118 pid=736 sources=16778513 keyboardType=1 -> GAMEPAD/XBOX reason=gamepad-capability-or-identity
09-26 11:52:04.556 14961 14961 D S3PAD   : deviceKey via descriptor
09-26 11:52:04.556 14961 14961 I S3PAD   : classify name='Xbox Wireless Controller' vid=1118 pid=736 sources=16778513 keyboardType=1 -> GAMEPAD/XBOX reason=gamepad-capability-or-identity
09-26 11:52:04.556 14961 14961 D S3PAD   : deviceKey via descriptor
09-26 11:52:04.556 14961 14961 I S3PAD   : classify name='Xbox Wireless Controller' vid=1118 pid=736 sources=16778513 keyboardType=1 -> GAMEPAD/XBOX reason=gamepad-capability-or-identity
09-26 11:52:04.556 14961 14961 D S3PAD   : deviceKey via descriptor
09-26 11:52:04.562 31661 31681 V l2c_csm : system/stack/l2cap/l2c_csm.cc:1335 l2c_csm_open: LCID: 0x004c  st: OPEN  evt: L2CEVT_L2CAP_DATA(0x14) psm: BT_PSM_HIDI(0x0013)
09-26 11:52:04.562 31661 31681 V bluetooth: system/stack/hid/hidh_conn.cc:701 hidh_l2cif_data_ind: HID-Host hidh_l2cif_data_ind [l2cap_cid=0x004c]
09-26 11:52:04.562 31661 31681 V bt_bta_hh: system/bta/hh/bta_hh_act.cc:1144 bta_hh_cback: HID_event [HID_HDEV_EVT_INTR_DATA]
09-26 11:52:04.562 31661 31681 V l2c_csm : system/stack/l2cap/l2c_csm.cc:1514 l2c_csm_open: Exit chnl_state=CST_OPEN [6], event=L2CEVT_L2CAP_DATA(0x14) [20]
09-26 11:52:04.562 31661 31681 V bt_bta_sys_main: system/bta/sys/bta_sys_main.cc:71 bta_sys_event: Event 0x1704
09-26 11:52:04.562 31661 31681 V bt_bta_hh: system/bta/hh/bta_hh_main.cc:174 bta_hh_sm_execute: State BTA_HH_CONN_ST(3), Event BTA_HH_INT_DATA_EVT(5892) for xx:xx:xx:xx:2b:83[public][BT_TRANSPORT_BR_EDR]
09-26 11:52:04.562 31661 31681 V bluetooth: system/btif/co/bta_hh_co.cc:773 bta_hh_co_data: dev_handle = 0
09-26 11:52:04.562 31661 31681 V bluetooth: system/btif/co/bta_hh_co.cc:653 bta_hh_co_write: UHID write 16
09-26 11:52:04.572 31661 31681 V l2c_csm : system/stack/l2cap/l2c_csm.cc:1335 l2c_csm_open: LCID: 0x004c  st: OPEN  evt: L2CEVT_L2CAP_DATA(0x14) psm: BT_PSM_HIDI(0x0013)
09-26 11:52:04.572 31661 31681 V bluetooth: system/stack/hid/hidh_conn.cc:701 hidh_l2cif_data_ind: HID-Host hidh_l2cif_data_ind [l2cap_cid=0x004c]
09-26 11:52:04.572 31661 31681 V bt_bta_hh: system/bta/hh/bta_hh_act.cc:1144 bta_hh_cback: HID_event [HID_HDEV_EVT_INTR_DATA]
09-26 11:52:04.572 31661 31681 V l2c_csm : system/stack/l2cap/l2c_csm.cc:1514 l2c_csm_open: Exit chnl_state=CST_OPEN [6], event=L2CEVT_L2CAP_DATA(0x14) [20]
09-26 11:52:04.572 31661 31681 V bt_bta_sys_main: system/bta/sys/bta_sys_main.cc:71 bta_sys_event: Event 0x1704
09-26 11:52:04.572 31661 31681 V bt_bta_hh: system/bta/hh/bta_hh_main.cc:174 bta_hh_sm_execute: State BTA_HH_CONN_ST(3), Event BTA_HH_INT_DATA_EVT(5892) for xx:xx:xx:xx:2b:83[public][BT_TRANSPORT_BR_EDR]
09-26 11:52:04.572 31661 31681 V bluetooth: system/btif/co/bta_hh_co.cc:773 bta_hh_co_data: dev_handle = 0
09-26 11:52:04.572 31661 31681 V bluetooth: system/btif/co/bta_hh_co.cc:653 bta_hh_co_write: UHID write 16
09-26 11:52:04.572  1570  1606 I android.hardware.thermal-service.qti: sensor: cpu-1-0-0 temperature: 95 old: 0 new: 3
09-26 11:52:04.582 31661 31681 V l2c_csm : system/stack/l2cap/l2c_csm.cc:1335 l2c_csm_open: LCID: 0x004c  st: OPEN  evt: L2CEVT_L2CAP_DATA(0x14) psm: BT_PSM_HIDI(0x0013)
09-26 11:52:04.582 31661 31681 V bluetooth: system/stack/hid/hidh_conn.cc:701 hidh_l2cif_data_ind: HID-Host hidh_l2cif_data_ind [l2cap_cid=0x004c]
09-26 11:52:04.582 31661 31681 V bt_bta_hh: system/bta/hh/bta_hh_act.cc:1144 bta_hh_cback: HID_event [HID_HDEV_EVT_INTR_DATA]
09-26 11:52:04.582 31661 31681 V l2c_csm : system/stack/l2cap/l2c_csm.cc:1514 l2c_csm_open: Exit chnl_state=CST_OPEN [6], event=L2CEVT_L2CAP_DATA(0x14) [20]
09-26 11:52:04.582 31661 31681 V bt_bta_sys_main: system/bta/sys/bta_sys_main.cc:71 bta_sys_event: Event 0x1704
09-26 11:52:04.583 31661 31681 V bt_bta_hh: system/bta/hh/bta_hh_main.cc:174 bta_hh_sm_execute: State BTA_HH_CONN_ST(3), Event BTA_HH_INT_DATA_EVT(5892) for xx:xx:xx:xx:2b:83[public][BT_TRANSPORT_BR_EDR]
09-26 11:52:04.583 31661 31681 V bluetooth: system/btif/co/bta_hh_co.cc:773 bta_hh_co_data: dev_handle = 0
09-26 11:52:04.583 31661 31681 V bluetooth: system/btif/co/bta_hh_co.cc:653 bta_hh_co_write: UHID write 16
09-26 11:52:04.590 14961 23120 D RPCS3   : sys_tty_write(ch=0, buf=*0x58bf20, len=63, pwritelen=*0xd000fde0)
09-26 11:52:04.590 14961 23120 D RPCS3   : sys_tty_write(): “BATCHJOB: AddJob: waiting for room in job list 3 for job 56...“ << endl
09-26 11:52:04.592 31661 31681 V l2c_csm : system/stack/l2cap/l2c_csm.cc:1335 l2c_csm_open: LCID: 0x004c  st: OPEN  evt: L2CEVT_L2CAP_DATA(0x14) psm: BT_PSM_HIDI(0x0013)
09-26 11:52:04.592 31661 31681 V bluetooth: system/stack/hid/hidh_conn.cc:701 hidh_l2cif_data_ind: HID-Host hidh_l2cif_data_ind [l2cap_cid=0x004c]
09-26 11:52:04.592 31661 31681 V bt_bta_hh: system/bta/hh/bta_hh_act.cc:1144 bta_hh_cback: HID_event [HID_HDEV_EVT_INTR_DATA]
09-26 11:52:04.592 31661 31681 V l2c_csm : system/stack/l2cap/l2c_csm.cc:1514 l2c_csm_open: Exit chnl_state=CST_OPEN [6], event=L2CEVT_L2CAP_DATA(0x14) [20]
09-26 11:52:04.592 31661 31681 V bt_bta_sys_main: system/bta/sys/bta_sys_main.cc:71 bta_sys_event: Event 0x1704
09-26 11:52:04.592 31661 31681 V bt_bta_hh: system/bta/hh/bta_hh_main.cc:174 bta_hh_sm_execute: State BTA_HH_CONN_ST(3), Event BTA_HH_INT_DATA_EVT(5892) for xx:xx:xx:xx:2b:83[public][BT_TRANSPORT_BR_EDR]
09-26 11:52:04.592 31661 31681 V bluetooth: system/btif/co/bta_hh_co.cc:773 bta_hh_co_data: dev_handle = 0
09-26 11:52:04.592 31661 31681 V bluetooth: system/btif/co/bta_hh_co.cc:653 bta_hh_co_write: UHID write 16
09-26 11:52:04.602 31661 31681 V l2c_csm : system/stack/l2cap/l2c_csm.cc:1335 l2c_csm_open: LCID: 0x004c  st: OPEN  evt: L2CEVT_L2CAP_DATA(0x14) psm: BT_PSM_HIDI(0x0013)
09-26 11:52:04.602 31661 31681 V bluetooth: system/stack/hid/hidh_conn.cc:701 hidh_l2cif_data_ind: HID-Host hidh_l2cif_data_ind [l2cap_cid=0x004c]
09-26 11:52:04.602 31661 31681 V bt_bta_hh: system/bta/hh/bta_hh_act.cc:1144 bta_hh_cback: HID_event [HID_HDEV_EVT_INTR_DATA]
09-26 11:52:04.602 31661 31681 V l2c_csm : system/stack/l2cap/l2c_csm.cc:1514 l2c_csm_open: Exit chnl_state=CST_OPEN [6], event=L2CEVT_L2CAP_DATA(0x14) [20]
09-26 11:52:04.602 31661 31681 V bt_bta_sys_main: system/bta/sys/bta_sys_main.cc:71 bta_sys_event: Event 0x1704
09-26 11:52:04.602 31661 31681 V bt_bta_hh: system/bta/hh/bta_hh_main.cc:174 bta_hh_sm_execute: State BTA_HH_CONN_ST(3), Event BTA_HH_INT_DATA_EVT(5892) for xx:xx:xx:xx:2b:83[public][BT_TRANSPORT_BR_EDR]
09-26 11:52:04.602 31661 31681 V bluetooth: system/btif/co/bta_hh_co.cc:773 bta_hh_co_data: dev_handle = 0
09-26 11:52:04.602 31661 31681 V bluetooth: system/btif/co/bta_hh_co.cc:653 bta_hh_co_write: UHID write 16
09-26 11:52:04.612 31661 31681 V l2c_csm : system/stack/l2cap/l2c_csm.cc:1335 l2c_csm_open: LCID: 0x004c  st: OPEN  evt: L2CEVT_L2CAP_DATA(0x14) psm: BT_PSM_HIDI(0x0013)
09-26 11:52:04.612 31661 31681 V bluetooth: system/stack/hid/hidh_conn.cc:701 hidh_l2cif_data_ind: HID-Host hidh_l2cif_data_ind [l2cap_cid=0x004c]
09-26 11:52:04.612 31661 31681 V bt_bta_hh: system/bta/hh/bta_hh_act.cc:1144 bta_hh_cback: HID_event [HID_HDEV_EVT_INTR_DATA]
09-26 11:52:04.612 31661 31681 V l2c_csm : system/stack/l2cap/l2c_csm.cc:1514 l2c_csm_open: Exit chnl_state=CST_OPEN [6], event=L2CEVT_L2CAP_DATA(0x14) [20]
09-26 11:52:04.612 31661 31681 V bt_bta_sys_main: system/bta/sys/bta_sys_main.cc:71 bta_sys_event: Event 0x1704
09-26 11:52:04.612 31661 31681 V bt_bta_hh: system/bta/hh/bta_hh_main.cc:174 bta_hh_sm_execute: State BTA_HH_CONN_ST(3), Event BTA_HH_INT_DATA_EVT(5892) for xx:xx:xx:xx:2b:83[public][BT_TRANSPORT_BR_EDR]
09-26 11:52:04.612 31661 31681 V bluetooth: system/btif/co/bta_hh_co.cc:773 bta_hh_co_data: dev_handle = 0
09-26 11:52:04.612 31661 31681 V bluetooth: system/btif/co/bta_hh_co.cc:653 bta_hh_co_write: UHID write 16
09-26 11:52:04.622 31661 31681 V l2c_csm : system/stack/l2cap/l2c_csm.cc:1335 l2c_csm_open: LCID: 0x004c  st: OPEN  evt: L2CEVT_L2CAP_DATA(0x14) psm: BT_PSM_HIDI(0x0013)
09-26 11:52:04.622 31661 31681 V bluetooth: system/stack/hid/hidh_conn.cc:701 hidh_l2cif_data_ind: HID-Host hidh_l2cif_data_ind [l2cap_cid=0x004c]
09-26 11:52:04.622 31661 31681 V bt_bta_hh: system/bta/hh/bta_hh_act.cc:1144 bta_hh_cback: HID_event [HID_HDEV_EVT_INTR_DATA]
09-26 11:52:04.622 31661 31681 V l2c_csm : system/stack/l2cap/l2c_csm.cc:1514 l2c_csm_open: Exit chnl_state=CST_OPEN [6], event=L2CEVT_L2CAP_DATA(0x14) [20]
09-26 11:52:04.622 31661 31681 V bt_bta_sys_main: system/bta/sys/bta_sys_main.cc:71 bta_sys_event: Event 0x1704
09-26 11:52:04.622 31661 31681 V bt_bta_hh: system/bta/hh/bta_hh_main.cc:174 bta_hh_sm_execute: State BTA_HH_CONN_ST(3), Event BTA_HH_INT_DATA_EVT(5892) for xx:xx:xx:xx:2b:83[public][BT_TRANSPORT_BR_EDR]
09-26 11:52:04.622 31661 31681 V bluetooth: system/btif/co/bta_hh_co.cc:773 bta_hh_co_data: dev_handle = 0
09-26 11:52:04.622 31661 31681 V bluetooth: system/btif/co/bta_hh_co.cc:653 bta_hh_co_write: UHID write 16
09-26 11:52:04.624  1616  1871 I SDM     : DisplayBase::CommitThread: Received idle timeout, panel: cmd, timeout: 69999 us
09-26 11:52:04.632 31661 31681 V l2c_csm : system/stack/l2cap/l2c_csm.cc:1335 l2c_csm_open: LCID: 0x004c  st: OPEN  evt: L2CEVT_L2CAP_DATA(0x14) psm: BT_PSM_HIDI(0x0013)
09-26 11:52:04.632 31661 31681 V bluetooth: system/stack/hid/hidh_conn.cc:701 hidh_l2cif_data_ind: HID-Host hidh_l2cif_data_ind [l2cap_cid=0x004c]
09-26 11:52:04.632 31661 31681 V bt_bta_hh: system/bta/hh/bta_hh_act.cc:1144 bta_hh_cback: HID_event [HID_HDEV_EVT_INTR_DATA]
09-26 11:52:04.632 31661 31681 V l2c_csm : system/stack/l2cap/l2c_csm.cc:1514 l2c_csm_open: Exit chnl_state=CST_OPEN [6], event=L2CEVT_L2CAP_DATA(0x14) [20]
09-26 11:52:04.632 31661 31681 V bt_bta_sys_main: system/bta/sys/bta_sys_main.cc:71 bta_sys_event: Event 0x1704
09-26 11:52:04.632 31661 31681 V bt_bta_hh: system/bta/hh/bta_hh_main.cc:174 bta_hh_sm_execute: State BTA_HH_CONN_ST(3), Event BTA_HH_INT_DATA_EVT(5892) for xx:xx:xx:xx:2b:83[public][BT_TRANSPORT_BR_EDR]
09-26 11:52:04.632 31661 31681 V bluetooth: system/btif/co/bta_hh_co.cc:773 bta_hh_co_data: dev_handle = 0
09-26 11:52:04.632 31661 31681 V bluetooth: system/btif/co/bta_hh_co.cc:653 bta_hh_co_write: UHID write 16
09-26 11:52:04.642 31661 31681 V l2c_csm : system/stack/l2cap/l2c_csm.cc:1335 l2c_csm_open: LCID: 0x004c  st: OPEN  evt: L2CEVT_L2CAP_DATA(0x14) psm: BT_PSM_HIDI(0x0013)
09-26 11:52:04.642 31661 31681 V bluetooth: system/stack/hid/hidh_conn.cc:701 hidh_l2cif_data_ind: HID-Host hidh_l2cif_data_ind [l2cap_cid=0x004c]
09-26 11:52:04.642 31661 31681 V bt_bta_hh: system/bta/hh/bta_hh_act.cc:1144 bta_hh_cback: HID_event [HID_HDEV_EVT_INTR_DATA]
09-26 11:52:04.642 31661 31681 V l2c_csm : system/stack/l2cap/l2c_csm.cc:1514 l2c_csm_open: Exit chnl_state=CST_OPEN [6], event=L2CEVT_L2CAP_DATA(0x14) [20]
09-26 11:52:04.642 31661 31681 V bt_bta_sys_main: system/bta/sys/bta_sys_main.cc:71 bta_sys_event: Event 0x1704
09-26 11:52:04.642 31661 31681 V bt_bta_hh: system/bta/hh/bta_hh_main.cc:174 bta_hh_sm_execute: State BTA_HH_CONN_ST(3), Event BTA_HH_INT_DATA_EVT(5892) for xx:xx:xx:xx:2b:83[public][BT_TRANSPORT_BR_EDR]
09-26 11:52:04.642 31661 31681 V bluetooth: system/btif/co/bta_hh_co.cc:773 bta_hh_co_data: dev_handle = 0
09-26 11:52:04.642 31661 31681 V bluetooth: system/btif/co/bta_hh_co.cc:653 bta_hh_co_write: UHID write 16
09-26 11:52:04.652 31661 31681 V l2c_csm : system/stack/l2cap/l2c_csm.cc:1335 l2c_csm_open: LCID: 0x004c  st: OPEN  evt: L2CEVT_L2CAP_DATA(0x14) psm: BT_PSM_HIDI(0x0013)
09-26 11:52:04.652 31661 31681 V bluetooth: system/stack/hid/hidh_conn.cc:701 hidh_l2cif_data_ind: HID-Host hidh_l2cif_data_ind [l2cap_cid=0x004c]
09-26 11:52:04.652 31661 31681 V bt_bta_hh: system/bta/hh/bta_hh_act.cc:1144 bta_hh_cback: HID_event [HID_HDEV_EVT_INTR_DATA]
09-26 11:52:04.652 31661 31681 V l2c_csm : system/stack/l2cap/l2c_csm.cc:1514 l2c_csm_open: Exit chnl_state=CST_OPEN [6], event=L2CEVT_L2CAP_DATA(0x14) [20]
09-26 11:52:04.652 31661 31681 V bt_bta_sys_main: system/bta/sys/bta_sys_main.cc:71 bta_sys_event: Event 0x1704
09-26 11:52:04.652 31661 31681 V bt_bta_hh: system/bta/hh/bta_hh_main.cc:174 bta_hh_sm_execute: State BTA_HH_CONN_ST(3), Event BTA_HH_INT_DATA_EVT(5892) for xx:xx:xx:xx:2b:83[public][BT_TRANSPORT_BR_EDR]
09-26 11:52:04.652 31661 31681 V bluetooth: system/btif/co/bta_hh_co.cc:773 bta_hh_co_data: dev_handle = 0
09-26 11:52:04.652 31661 31681 V bluetooth: system/btif/co/bta_hh_co.cc:653 bta_hh_co_write: UHID write 16
09-26 11:52:04.657  1695  1792 D BatteryChargeControl: bcc get no support from charging protocol
09-26 11:52:04.662 31661 31681 V l2c_csm : system/stack/l2cap/l2c_csm.cc:1335 l2c_csm_open: LCID: 0x004c  st: OPEN  evt: L2CEVT_L2CAP_DATA(0x14) psm: BT_PSM_HIDI(0x0013)
09-26 11:52:04.662 31661 31681 V bluetooth: system/stack/hid/hidh_conn.cc:701 hidh_l2cif_data_ind: HID-Host hidh_l2cif_data_ind [l2cap_cid=0x004c]
09-26 11:52:04.662 31661 31681 V bt_bta_hh: system/bta/hh/bta_hh_act.cc:1144 bta_hh_cback: HID_event [HID_HDEV_EVT_INTR_DATA]
09-26 11:52:04.662 31661 31681 V l2c_csm : system/stack/l2cap/l2c_csm.cc:1514 l2c_csm_open: Exit chnl_state=CST_OPEN [6], event=L2CEVT_L2CAP_DATA(0x14) [20]
09-26 11:52:04.662 31661 31681 V bt_bta_sys_main: system/bta/sys/bta_sys_main.cc:71 bta_sys_event: Event 0x1704
09-26 11:52:04.662 31661 31681 V bt_bta_hh: system/bta/hh/bta_hh_main.cc:174 bta_hh_sm_execute: State BTA_HH_CONN_ST(3), Event BTA_HH_INT_DATA_EVT(5892) for xx:xx:xx:xx:2b:83[public][BT_TRANSPORT_BR_EDR]
09-26 11:52:04.662 31661 31681 V bluetooth: system/btif/co/bta_hh_co.cc:773 bta_hh_co_data: dev_handle = 0
09-26 11:52:04.662 31661 31681 V bluetooth: system/btif/co/bta_hh_co.cc:653 bta_hh_co_write: UHID write 16
09-26 11:52:04.672 31661 31681 V l2c_csm : system/stack/l2cap/l2c_csm.cc:1335 l2c_csm_open: LCID: 0x004c  st: OPEN  evt: L2CEVT_L2CAP_DATA(0x14) psm: BT_PSM_HIDI(0x0013)
09-26 11:52:04.672 31661 31681 V bluetooth: system/stack/hid/hidh_conn.cc:701 hidh_l2cif_data_ind: HID-Host hidh_l2cif_data_ind [l2cap_cid=0x004c]
09-26 11:52:04.672 31661 31681 V bt_bta_hh: system/bta/hh/bta_hh_act.cc:1144 bta_hh_cback: HID_event [HID_HDEV_EVT_INTR_DATA]
09-26 11:52:04.672 31661 31681 V l2c_csm : system/stack/l2cap/l2c_csm.cc:1514 l2c_csm_open: Exit chnl_state=CST_OPEN [6], event=L2CEVT_L2CAP_DATA(0x14) [20]
09-26 11:52:04.672 31661 31681 V bt_bta_sys_main: system/bta/sys/bta_sys_main.cc:71 bta_sys_event: Event 0x1704
09-26 11:52:04.672 31661 31681 V bt_bta_hh: system/bta/hh/bta_hh_main.cc:174 bta_hh_sm_execute: State BTA_HH_CONN_ST(3), Event BTA_HH_INT_DATA_EVT(5892) for xx:xx:xx:xx:2b:83[public][BT_TRANSPORT_BR_EDR]
09-26 11:52:04.672 31661 31681 V bluetooth: system/btif/co/bta_hh_co.cc:773 bta_hh_co_data: dev_handle = 0
09-26 11:52:04.672 31661 31681 V bluetooth: system/btif/co/bta_hh_co.cc:653 bta_hh_co_write: UHID write 16
09-26 11:52:04.682 31661 31681 V l2c_csm : system/stack/l2cap/l2c_csm.cc:1335 l2c_csm_open: LCID: 0x004c  st: OPEN  evt: L2CEVT_L2CAP_DATA(0x14) psm: BT_PSM_HIDI(0x0013)
09-26 11:52:04.682 31661 31681 V bluetooth: system/stack/hid/hidh_conn.cc:701 hidh_l2cif_data_ind: HID-Host hidh_l2cif_data_ind [l2cap_cid=0x004c]
09-26 11:52:04.682 31661 31681 V bt_bta_hh: system/bta/hh/bta_hh_act.cc:1144 bta_hh_cback: HID_event [HID_HDEV_EVT_INTR_DATA]
09-26 11:52:04.682 31661 31681 V l2c_csm : system/stack/l2cap/l2c_csm.cc:1514 l2c_csm_open: Exit chnl_state=CST_OPEN [6], event=L2CEVT_L2CAP_DATA(0x14) [20]
09-26 11:52:04.682 31661 31681 V bt_bta_sys_main: system/bta/sys/bta_sys_main.cc:71 bta_sys_event: Event 0x1704
09-26 11:52:04.682 31661 31681 V bt_bta_hh: system/bta/hh/bta_hh_main.cc:174 bta_hh_sm_execute: State BTA_HH_CONN_ST(3), Event BTA_HH_INT_DATA_EVT(5892) for xx:xx:xx:xx:2b:83[public][BT_TRANSPORT_BR_EDR]
09-26 11:52:04.682 31661 31681 V bluetooth: system/btif/co/bta_hh_co.cc:773 bta_hh_co_data: dev_handle = 0
09-26 11:52:04.682 31661 31681 V bluetooth: system/btif/co/bta_hh_co.cc:653 bta_hh_co_write: UHID write 16
09-26 11:52:04.687 14741 23235 I NearbyMediums: No BLE Fast/GATT advertisements found in the latest cycle.
09-26 11:52:04.687 14741 23235 I NearbyMediums: Current Tracked Scanning Clients are : {NearbyConnections.EnvironmentMonitor, NearbySharing, NearbyConnections.TxAdvertisement}
09-26 11:52:04.692 31661 31681 V l2c_csm : system/stack/l2cap/l2c_csm.cc:1335 l2c_csm_open: LCID: 0x004c  st: OPEN  evt: L2CEVT_L2CAP_DATA(0x14) psm: BT_PSM_HIDI(0x0013)
09-26 11:52:04.692 31661 31681 V bluetooth: system/stack/hid/hidh_conn.cc:701 hidh_l2cif_data_ind: HID-Host hidh_l2cif_data_ind [l2cap_cid=0x004c]
09-26 11:52:04.692 31661 31681 V bt_bta_hh: system/bta/hh/bta_hh_act.cc:1144 bta_hh_cback: HID_event [HID_HDEV_EVT_INTR_DATA]
09-26 11:52:04.692 31661 31681 V l2c_csm : system/stack/l2cap/l2c_csm.cc:1514 l2c_csm_open: Exit chnl_state=CST_OPEN [6], event=L2CEVT_L2CAP_DATA(0x14) [20]
09-26 11:52:04.692 31661 31681 V bt_bta_sys_main: system/bta/sys/bta_sys_main.cc:71 bta_sys_event: Event 0x1704
09-26 11:52:04.692 31661 31681 V bt_bta_hh: system/bta/hh/bta_hh_main.cc:174 bta_hh_sm_execute: State BTA_HH_CONN_ST(3), Event BTA_HH_INT_DATA_EVT(5892) for xx:xx:xx:xx:2b:83[public][BT_TRANSPORT_BR_EDR]
09-26 11:52:04.692 31661 31681 V bluetooth: system/btif/co/bta_hh_co.cc:773 bta_hh_co_data: dev_handle = 0
09-26 11:52:04.692 31661 31681 V bluetooth: system/btif/co/bta_hh_co.cc:653 bta_hh_co_write: UHID write 16
09-26 11:52:04.701  1616  1871 I SDM     : DisplayBase::CommitThread: Received idle timeout, panel: cmd, timeout: 70000 us
09-26 11:52:04.702 31661 31681 V l2c_csm : system/stack/l2cap/l2c_csm.cc:1335 l2c_csm_open: LCID: 0x004c  st: OPEN  evt: L2CEVT_L2CAP_DATA(0x14) psm: BT_PSM_HIDI(0x0013)
09-26 11:52:04.702 31661 31681 V bluetooth: system/stack/hid/hidh_conn.cc:701 hidh_l2cif_data_ind: HID-Host hidh_l2cif_data_ind [l2cap_cid=0x004c]
09-26 11:52:04.702 31661 31681 V bt_bta_hh: system/bta/hh/bta_hh_act.cc:1144 bta_hh_cback: HID_event [HID_HDEV_EVT_INTR_DATA]
09-26 11:52:04.702 31661 31681 V l2c_csm : system/stack/l2cap/l2c_csm.cc:1514 l2c_csm_open: Exit chnl_state=CST_OPEN [6], event=L2CEVT_L2CAP_DATA(0x14) [20]
09-26 11:52:04.702 31661 31681 V bt_bta_sys_main: system/bta/sys/bta_sys_main.cc:71 bta_sys_event: Event 0x1704
09-26 11:52:04.702 31661 31681 V bt_bta_hh: system/bta/hh/bta_hh_main.cc:174 bta_hh_sm_execute: State BTA_HH_CONN_ST(3), Event BTA_HH_INT_DATA_EVT(5892) for xx:xx:xx:xx:2b:83[public][BT_TRANSPORT_BR_EDR]
09-26 11:52:04.702 31661 31681 V bluetooth: system/btif/co/bta_hh_co.cc:773 bta_hh_co_data: dev_handle = 0
09-26 11:52:04.702 31661 31681 V bluetooth: system/btif/co/bta_hh_co.cc:653 bta_hh_co_write: UHID write 16
09-26 11:52:04.712 31661 31681 V l2c_csm : system/stack/l2cap/l2c_csm.cc:1335 l2c_csm_open: LCID: 0x004c  st: OPEN  evt: L2CEVT_L2CAP_DATA(0x14) psm: BT_PSM_HIDI(0x0013)
09-26 11:52:04.712 31661 31681 V bluetooth: system/stack/hid/hidh_conn.cc:701 hidh_l2cif_data_ind: HID-Host hidh_l2cif_data_ind [l2cap_cid=0x004c]
09-26 11:52:04.712 31661 31681 V bt_bta_hh: system/bta/hh/bta_hh_act.cc:1144 bta_hh_cback: HID_event [HID_HDEV_EVT_INTR_DATA]
09-26 11:52:04.712 31661 31681 V l2c_csm : system/stack/l2cap/l2c_csm.cc:1514 l2c_csm_open: Exit chnl_state=CST_OPEN [6], event=L2CEVT_L2CAP_DATA(0x14) [20]
09-26 11:52:04.712 31661 31681 V bt_bta_sys_main: system/bta/sys/bta_sys_main.cc:71 bta_sys_event: Event 0x1704
09-26 11:52:04.712 31661 31681 V bt_bta_hh: system/bta/hh/bta_hh_main.cc:174 bta_hh_sm_execute: State BTA_HH_CONN_ST(3), Event BTA_HH_INT_DATA_EVT(5892) for xx:xx:xx:xx:2b:83[public][BT_TRANSPORT_BR_EDR]
09-26 11:52:04.712 31661 31681 V bluetooth: system/btif/co/bta_hh_co.cc:773 bta_hh_co_data: dev_handle = 0
09-26 11:52:04.712 31661 31681 V bluetooth: system/btif/co/bta_hh_co.cc:653 bta_hh_co_write: UHID write 16
09-26 11:52:04.722 31661 31681 V l2c_csm : system/stack/l2cap/l2c_csm.cc:1335 l2c_csm_open: LCID: 0x004c  st: OPEN  evt: L2CEVT_L2CAP_DATA(0x14) psm: BT_PSM_HIDI(0x0013)
09-26 11:52:04.722 31661 31681 V bluetooth: system/stack/hid/hidh_conn.cc:701 hidh_l2cif_data_ind: HID-Host hidh_l2cif_data_ind [l2cap_cid=0x004c]
09-26 11:52:04.723 31661 31681 V bt_bta_hh: system/bta/hh/bta_hh_act.cc:1144 bta_hh_cback: HID_event [HID_HDEV_EVT_INTR_DATA]
09-26 11:52:04.723 31661 31681 V l2c_csm : system/stack/l2cap/l2c_csm.cc:1514 l2c_csm_open: Exit chnl_state=CST_OPEN [6], event=L2CEVT_L2CAP_DATA(0x14) [20]
09-26 11:52:04.723 31661 31681 V bt_bta_sys_main: system/bta/sys/bta_sys_main.cc:71 bta_sys_event: Event 0x1704
09-26 11:52:04.723 31661 31681 V bt_bta_hh: system/bta/hh/bta_hh_main.cc:174 bta_hh_sm_execute: State BTA_HH_CONN_ST(3), Event BTA_HH_INT_DATA_EVT(5892) for xx:xx:xx:xx:2b:83[public][BT_TRANSPORT_BR_EDR]
09-26 11:52:04.723 31661 31681 V bluetooth: system/btif/co/bta_hh_co.cc:773 bta_hh_co_data: dev_handle = 0
09-26 11:52:04.723 31661 31681 V bluetooth: system/btif/co/bta_hh_co.cc:653 bta_hh_co_write: UHID write 16
09-26 11:52:04.732 31661 31681 V l2c_csm : system/stack/l2cap/l2c_csm.cc:1335 l2c_csm_open: LCID: 0x004c  st: OPEN  evt: L2CEVT_L2CAP_DATA(0x14) psm: BT_PSM_HIDI(0x0013)
09-26 11:52:04.732 31661 31681 V bluetooth: system/stack/hid/hidh_conn.cc:701 hidh_l2cif_data_ind: HID-Host hidh_l2cif_data_ind [l2cap_cid=0x004c]
09-26 11:52:04.732 31661 31681 V bt_bta_hh: system/bta/hh/bta_hh_act.cc:1144 bta_hh_cback: HID_event [HID_HDEV_EVT_INTR_DATA]
09-26 11:52:04.732 31661 31681 V l2c_csm : system/stack/l2cap/l2c_csm.cc:1514 l2c_csm_open: Exit chnl_state=CST_OPEN [6], event=L2CEVT_L2CAP_DATA(0x14) [20]
09-26 11:52:04.732 31661 31681 V bt_bta_sys_main: system/bta/sys/bta_sys_main.cc:71 bta_sys_event: Event 0x1704
09-26 11:52:04.732 31661 31681 V bt_bta_hh: system/bta/hh/bta_hh_main.cc:174 bta_hh_sm_execute: State BTA_HH_CONN_ST(3), Event BTA_HH_INT_DATA_EVT(5892) for xx:xx:xx:xx:2b:83[public][BT_TRANSPORT_BR_EDR]
09-26 11:52:04.732 31661 31681 V bluetooth: system/btif/co/bta_hh_co.cc:773 bta_hh_co_data: dev_handle = 0
09-26 11:52:04.732 31661 31681 V bluetooth: system/btif/co/bta_hh_co.cc:653 bta_hh_co_write: UHID write 16
09-26 11:52:04.733  1561  1561 I android.hardware.power-service-qti: Power setBoost: 0, duration: 0
09-26 11:52:04.735  1561  1561 E QTI PowerHAL: Failed to acquire lock.
09-26 11:52:04.735  1561  1561 E QTI PowerHAL: Failed process_boost for boost_handle
09-26 11:52:04.735  1621  1722 E ANDR-PERF-RESOURCEQS: ANDR-PERF-RESOURCEQS: AddAndApply() 125: Resource with major=16, minor=30 not supported
09-26 11:52:04.735  1621  1722 E ANDR-PERF-RESOURCEQS: ANDR-PERF-RESOURCEQS: AddAndApply() 125: Resource with major=16, minor=31 not supported
09-26 11:52:04.736 14961 14961 I S3PAD   : classify name='Xbox Wireless Controller' vid=1118 pid=736 sources=16778513 keyboardType=1 -> GAMEPAD/XBOX reason=gamepad-capability-or-identity
09-26 11:52:04.736 14961 14961 D S3PAD   : deviceKey via descriptor
09-26 11:52:04.736 14961 14961 I S3PAD   : classify name='Xbox Wireless Controller' vid=1118 pid=736 sources=16778513 keyboardType=1 -> GAMEPAD/XBOX reason=gamepad-capability-or-identity
09-26 11:52:04.736 14961 14961 D S3PAD   : deviceKey via descriptor
09-26 11:52:04.737 14961 14961 I S3PAD   : classify name='Xbox Wireless Controller' vid=1118 pid=736 sources=16778513 keyboardType=1 -> GAMEPAD/XBOX reason=gamepad-capability-or-identity
09-26 11:52:04.737 14961 14961 D S3PAD   : deviceKey via descriptor
09-26 11:52:04.737 14961 14961 I S3PAD   : classify name='Xbox Wireless Controller' vid=1118 pid=736 sources=16778513 keyboardType=1 -> GAMEPAD/XBOX reason=gamepad-capability-or-identity
09-26 11:52:04.737 14961 14961 D S3PAD   : deviceKey via descriptor
09-26 11:52:04.742 31661 31681 V l2c_csm : system/stack/l2cap/l2c_csm.cc:1335 l2c_csm_open: LCID: 0x004c  st: OPEN  evt: L2CEVT_L2CAP_DATA(0x14) psm: BT_PSM_HIDI(0x0013)
09-26 11:52:04.742 31661 31681 V bluetooth: system/stack/hid/hidh_conn.cc:701 hidh_l2cif_data_ind: HID-Host hidh_l2cif_data_ind [l2cap_cid=0x004c]
09-26 11:52:04.742 31661 31681 V bt_bta_hh: system/bta/hh/bta_hh_act.cc:1144 bta_hh_cback: HID_event [HID_HDEV_EVT_INTR_DATA]
09-26 11:52:04.742 31661 31681 V l2c_csm : system/stack/l2cap/l2c_csm.cc:1514 l2c_csm_open: Exit chnl_state=CST_OPEN [6], event=L2CEVT_L2CAP_DATA(0x14) [20]
09-26 11:52:04.742 31661 31681 V bt_bta_sys_main: system/bta/sys/bta_sys_main.cc:71 bta_sys_event: Event 0x1704
09-26 11:52:04.742 31661 31681 V bt_bta_hh: system/bta/hh/bta_hh_main.cc:174 bta_hh_sm_execute: State BTA_HH_CONN_ST(3), Event BTA_HH_INT_DATA_EVT(5892) for xx:xx:xx:xx:2b:83[public][BT_TRANSPORT_BR_EDR]
09-26 11:52:04.742 31661 31681 V bluetooth: system/btif/co/bta_hh_co.cc:773 bta_hh_co_data: dev_handle = 0
09-26 11:52:04.742 31661 31681 V bluetooth: system/btif/co/bta_hh_co.cc:653 bta_hh_co_write: UHID write 16
09-26 11:52:04.752 31661 31681 V l2c_csm : system/stack/l2cap/l2c_csm.cc:1335 l2c_csm_open: LCID: 0x004c  st: OPEN  evt: L2CEVT_L2CAP_DATA(0x14) psm: BT_PSM_HIDI(0x0013)
09-26 11:52:04.752 31661 31681 V bluetooth: system/stack/hid/hidh_conn.cc:701 hidh_l2cif_data_ind: HID-Host hidh_l2cif_data_ind [l2cap_cid=0x004c]
09-26 11:52:04.752 31661 31681 V bt_bta_hh: system/bta/hh/bta_hh_act.cc:1144 bta_hh_cback: HID_event [HID_HDEV_EVT_INTR_DATA]
09-26 11:52:04.752 31661 31681 V l2c_csm : system/stack/l2cap/l2c_csm.cc:1514 l2c_csm_open: Exit chnl_state=CST_OPEN [6], event=L2CEVT_L2CAP_DATA(0x14) [20]
09-26 11:52:04.752 31661 31681 V bt_bta_sys_main: system/bta/sys/bta_sys_main.cc:71 bta_sys_event: Event 0x1704
09-26 11:52:04.752 31661 31681 V bt_bta_hh: system/bta/hh/bta_hh_main.cc:174 bta_hh_sm_execute: State BTA_HH_CONN_ST(3), Event BTA_HH_INT_DATA_EVT(5892) for xx:xx:xx:xx:2b:83[public][BT_TRANSPORT_BR_EDR]
09-26 11:52:04.752 31661 31681 V bluetooth: system/btif/co/bta_hh_co.cc:773 bta_hh_co_data: dev_handle = 0
09-26 11:52:04.753 31661 31681 V bluetooth: system/btif/co/bta_hh_co.cc:653 bta_hh_co_write: UHID write 16
09-26 11:52:04.762 31661 31681 V l2c_csm : system/stack/l2cap/l2c_csm.cc:1335 l2c_csm_open: LCID: 0x004c  st: OPEN  evt: L2CEVT_L2CAP_DATA(0x14) psm: BT_PSM_HIDI(0x0013)
09-26 11:52:04.762 31661 31681 V bluetooth: system/stack/hid/hidh_conn.cc:701 hidh_l2cif_data_ind: HID-Host hidh_l2cif_data_ind [l2cap_cid=0x004c]
09-26 11:52:04.762 31661 31681 V bt_bta_hh: system/bta/hh/bta_hh_act.cc:1144 bta_hh_cback: HID_event [HID_HDEV_EVT_INTR_DATA]
09-26 11:52:04.762 31661 31681 V l2c_csm : system/stack/l2cap/l2c_csm.cc:1514 l2c_csm_open: Exit chnl_state=CST_OPEN [6], event=L2CEVT_L2CAP_DATA(0x14) [20]
09-26 11:52:04.762 31661 31681 V bt_bta_sys_main: system/bta/sys/bta_sys_main.cc:71 bta_sys_event: Event 0x1704
09-26 11:52:04.762 31661 31681 V bt_bta_hh: system/bta/hh/bta_hh_main.cc:174 bta_hh_sm_execute: State BTA_HH_CONN_ST(3), Event BTA_HH_INT_DATA_EVT(5892) for xx:xx:xx:xx:2b:83[public][BT_TRANSPORT_BR_EDR]
09-26 11:52:04.762 31661 31681 V bluetooth: system/btif/co/bta_hh_co.cc:773 bta_hh_co_data: dev_handle = 0
09-26 11:52:04.762 31661 31681 V bluetooth: system/btif/co/bta_hh_co.cc:653 bta_hh_co_write: UHID write 16
09-26 11:52:04.772 31661 31681 V l2c_csm : system/stack/l2cap/l2c_csm.cc:1335 l2c_csm_open: LCID: 0x004c  st: OPEN  evt: L2CEVT_L2CAP_DATA(0x14) psm: BT_PSM_HIDI(0x0013)
09-26 11:52:04.772 31661 31681 V bluetooth: system/stack/hid/hidh_conn.cc:701 hidh_l2cif_data_ind: HID-Host hidh_l2cif_data_ind [l2cap_cid=0x004c]
09-26 11:52:04.772 31661 31681 V bt_bta_hh: system/bta/hh/bta_hh_act.cc:1144 bta_hh_cback: HID_event [HID_HDEV_EVT_INTR_DATA]
09-26 11:52:04.772 31661 31681 V l2c_csm : system/stack/l2cap/l2c_csm.cc:1514 l2c_csm_open: Exit chnl_state=CST_OPEN [6], event=L2CEVT_L2CAP_DATA(0x14) [20]
09-26 11:52:04.772 31661 31681 V bt_bta_sys_main: system/bta/sys/bta_sys_main.cc:71 bta_sys_event: Event 0x1704
09-26 11:52:04.772 31661 31681 V bt_bta_hh: system/bta/hh/bta_hh_main.cc:174 bta_hh_sm_execute: State BTA_HH_CONN_ST(3), Event BTA_HH_INT_DATA_EVT(5892) for xx:xx:xx:xx:2b:83[public][BT_TRANSPORT_BR_EDR]
09-26 11:52:04.772 31661 31681 V bluetooth: system/btif/co/bta_hh_co.cc:773 bta_hh_co_data: dev_handle = 0
09-26 11:52:04.772 31661 31681 V bluetooth: system/btif/co/bta_hh_co.cc:653 bta_hh_co_write: UHID write 16
09-26 11:52:04.781  1570  1606 I android.hardware.thermal-service.qti: sensor: cpu-2-1-0 temperature: 95 old: 0 new: 3
09-26 11:52:04.782 31661 31681 V l2c_csm : system/stack/l2cap/l2c_csm.cc:1335 l2c_csm_open: LCID: 0x004c  st: OPEN  evt: L2CEVT_L2CAP_DATA(0x14) psm: BT_PSM_HIDI(0x0013)
09-26 11:52:04.782 31661 31681 V bluetooth: system/stack/hid/hidh_conn.cc:701 hidh_l2cif_data_ind: HID-Host hidh_l2cif_data_ind [l2cap_cid=0x004c]
09-26 11:52:04.782 31661 31681 V bt_bta_hh: system/bta/hh/bta_hh_act.cc:1144 bta_hh_cback: HID_event [HID_HDEV_EVT_INTR_DATA]
09-26 11:52:04.782 31661 31681 V l2c_csm : system/stack/l2cap/l2c_csm.cc:1514 l2c_csm_open: Exit chnl_state=CST_OPEN [6], event=L2CEVT_L2CAP_DATA(0x14) [20]
09-26 11:52:04.782 31661 31681 V bt_bta_sys_main: system/bta/sys/bta_sys_main.cc:71 bta_sys_event: Event 0x1704
09-26 11:52:04.782 31661 31681 V bt_bta_hh: system/bta/hh/bta_hh_main.cc:174 bta_hh_sm_execute: State BTA_HH_CONN_ST(3), Event BTA_HH_INT_DATA_EVT(5892) for xx:xx:xx:xx:2b:83[public][BT_TRANSPORT_BR_EDR]
09-26 11:52:04.782 31661 31681 V bluetooth: system/btif/co/bta_hh_co.cc:773 bta_hh_co_data: dev_handle = 0
09-26 11:52:04.782 31661 31681 V bluetooth: system/btif/co/bta_hh_co.cc:653 bta_hh_co_write: UHID write 16
09-26 11:52:04.792 31661 31681 V l2c_csm : system/stack/l2cap/l2c_csm.cc:1335 l2c_csm_open: LCID: 0x004c  st: OPEN  evt: L2CEVT_L2CAP_DATA(0x14) psm: BT_PSM_HIDI(0x0013)
09-26 11:52:04.792 31661 31681 V bluetooth: system/stack/hid/hidh_conn.cc:701 hidh_l2cif_data_ind: HID-Host hidh_l2cif_data_ind [l2cap_cid=0x004c]
09-26 11:52:04.792 31661 31681 V bt_bta_hh: system/bta/hh/bta_hh_act.cc:1144 bta_hh_cback: HID_event [HID_HDEV_EVT_INTR_DATA]
09-26 11:52:04.792 31661 31681 V l2c_csm : system/stack/l2cap/l2c_csm.cc:1514 l2c_csm_open: Exit chnl_state=CST_OPEN [6], event=L2CEVT_L2CAP_DATA(0x14) [20]
09-26 11:52:04.792 31661 31681 V bt_bta_sys_main: system/bta/sys/bta_sys_main.cc:71 bta_sys_event: Event 0x1704
09-26 11:52:04.792 31661 31681 V bt_bta_hh: system/bta/hh/bta_hh_main.cc:174 bta_hh_sm_execute: State BTA_HH_CONN_ST(3), Event BTA_HH_INT_DATA_EVT(5892) for xx:xx:xx:xx:2b:83[public][BT_TRANSPORT_BR_EDR]
09-26 11:52:04.792 31661 31681 V bluetooth: system/btif/co/bta_hh_co.cc:773 bta_hh_co_data: dev_handle = 0
09-26 11:52:04.792 31661 31681 V bluetooth: system/btif/co/bta_hh_co.cc:653 bta_hh_co_write: UHID write 16
09-26 11:52:04.800  1616  1871 I SDM     : DisplayBase::CommitThread: Received idle timeout, panel: cmd, timeout: 70000 us
09-26 11:52:04.802  1570  1606 I android.hardware.thermal-service.qti: sensor: cpu-1-0-0 temperature: 89.9 old: 3 new: 0
09-26 11:52:04.802 31661 31681 V l2c_csm : system/stack/l2cap/l2c_csm.cc:1335 l2c_csm_open: LCID: 0x004c  st: OPEN  evt: L2CEVT_L2CAP_DATA(0x14) psm: BT_PSM_HIDI(0x0013)
09-26 11:52:04.802 31661 31681 V bluetooth: system/stack/hid/hidh_conn.cc:701 hidh_l2cif_data_ind: HID-Host hidh_l2cif_data_ind [l2cap_cid=0x004c]
09-26 11:52:04.802 31661 31681 V bt_bta_hh: system/bta/hh/bta_hh_act.cc:1144 bta_hh_cback: HID_event [HID_HDEV_EVT_INTR_DATA]
09-26 11:52:04.802 31661 31681 V l2c_csm : system/stack/l2cap/l2c_csm.cc:1514 l2c_csm_open: Exit chnl_state=CST_OPEN [6], event=L2CEVT_L2CAP_DATA(0x14) [20]
09-26 11:52:04.802 31661 31681 V bt_bta_sys_main: system/bta/sys/bta_sys_main.cc:71 bta_sys_event: Event 0x1704
09-26 11:52:04.802 31661 31681 V bt_bta_hh: system/bta/hh/bta_hh_main.cc:174 bta_hh_sm_execute: State BTA_HH_CONN_ST(3), Event BTA_HH_INT_DATA_EVT(5892) for xx:xx:xx:xx:2b:83[public][BT_TRANSPORT_BR_EDR]
09-26 11:52:04.802 31661 31681 V bluetooth: system/btif/co/bta_hh_co.cc:773 bta_hh_co_data: dev_handle = 0
09-26 11:52:04.802 31661 31681 V bluetooth: system/btif/co/bta_hh_co.cc:653 bta_hh_co_write: UHID write 16
09-26 11:52:04.812 31661 31681 V l2c_csm : system/stack/l2cap/l2c_csm.cc:1335 l2c_csm_open: LCID: 0x004c  st: OPEN  evt: L2CEVT_L2CAP_DATA(0x14) psm: BT_PSM_HIDI(0x0013)
09-26 11:52:04.812 31661 31681 V bluetooth: system/stack/hid/hidh_conn.cc:701 hidh_l2cif_data_ind: HID-Host hidh_l2cif_data_ind [l2cap_cid=0x004c]
09-26 11:52:04.812 31661 31681 V bt_bta_hh: system/bta/hh/bta_hh_act.cc:1144 bta_hh_cback: HID_event [HID_HDEV_EVT_INTR_DATA]
09-26 11:52:04.812 31661 31681 V l2c_csm : system/stack/l2cap/l2c_csm.cc:1514 l2c_csm_open: Exit chnl_state=CST_OPEN [6], event=L2CEVT_L2CAP_DATA(0x14) [20]
09-26 11:52:04.813 31661 31681 V bt_bta_sys_main: system/bta/sys/bta_sys_main.cc:71 bta_sys_event: Event 0x1704
09-26 11:52:04.813 31661 31681 V bt_bta_hh: system/bta/hh/bta_hh_main.cc:174 bta_hh_sm_execute: State BTA_HH_CONN_ST(3), Event BTA_HH_INT_DATA_EVT(5892) for xx:xx:xx:xx:2b:83[public][BT_TRANSPORT_BR_EDR]
09-26 11:52:04.813 31661 31681 V bluetooth: system/btif/co/bta_hh_co.cc:773 bta_hh_co_data: dev_handle = 0
09-26 11:52:04.813 31661 31681 V bluetooth: system/btif/co/bta_hh_co.cc:653 bta_hh_co_write: UHID write 16
09-26 11:52:04.817  1695  1756 D vendor.oplus.hardware.charger-V10-service: parallel fold conf file parse fail parallel_fold_state 2
09-26 11:52:04.817  1695  1756 D vendor.oplus.hardware.charger-V10-service: scale_chg Start!!!
09-26 11:52:04.817  1695  1756 D vendor.oplus.hardware.charger-V10-service: [0, 0, 3]
09-26 11:52:04.818  1695  1756 D vendor.oplus.hardware.charger-V10-service: [0, 2, 11]
09-26 11:52:04.818  1695  1756 D vendor.oplus.hardware.charger-V10-service: [0, 1, 4]
09-26 11:52:04.818  1695  1756 D vendor.oplus.hardware.charger-V10-service: [0, 3, 3]
09-26 11:52:04.818  1695  1756 D vendor.oplus.hardware.charger-V10-service: [0, 4, 3]
09-26 11:52:04.818  1695  1756 D vendor.oplus.hardware.charger-V10-service: [0, 5, 8]
09-26 11:52:04.819  1695  1756 D vendor.oplus.hardware.charger-V10-service: [0, 6, 8]
09-26 11:52:04.819  1695  1756 D vendor.oplus.hardware.charger-V10-service: scale_chg Start!!!
09-26 11:52:04.819  1695  1756 D vendor.oplus.hardware.charger-V10-service: [0, 0, 3]
09-26 11:52:04.819  1695  1756 D vendor.oplus.hardware.charger-V10-service: [0, 2, 11]
09-26 11:52:04.819  1695  1756 D vendor.oplus.hardware.charger-V10-service: [0, 1, 4]
09-26 11:52:04.819  1695  1756 D vendor.oplus.hardware.charger-V10-service: [0, 3, 3]
09-26 11:52:04.820  1695  1756 D vendor.oplus.hardware.charger-V10-service: [0, 4, 3]
09-26 11:52:04.820  1695  1756 D vendor.oplus.hardware.charger-V10-service: [0, 5, 8]
09-26 11:52:04.820  1695  1756 D vendor.oplus.hardware.charger-V10-service: [0, 6, 8]
09-26 11:52:04.822 31661 31681 V l2c_csm : system/stack/l2cap/l2c_csm.cc:1335 l2c_csm_open: LCID: 0x004c  st: OPEN  evt: L2CEVT_L2CAP_DATA(0x14) psm: BT_PSM_HIDI(0x0013)
09-26 11:52:04.822 31661 31681 V bluetooth: system/stack/hid/hidh_conn.cc:701 hidh_l2cif_data_ind: HID-Host hidh_l2cif_data_ind [l2cap_cid=0x004c]
09-26 11:52:04.822 31661 31681 V bt_bta_hh: system/bta/hh/bta_hh_act.cc:1144 bta_hh_cback: HID_event [HID_HDEV_EVT_INTR_DATA]
09-26 11:52:04.822 31661 31681 V l2c_csm : system/stack/l2cap/l2c_csm.cc:1514 l2c_csm_open: Exit chnl_state=CST_OPEN [6], event=L2CEVT_L2CAP_DATA(0x14) [20]
09-26 11:52:04.822 31661 31681 V bt_bta_sys_main: system/bta/sys/bta_sys_main.cc:71 bta_sys_event: Event 0x1704
09-26 11:52:04.822 31661 31681 V bt_bta_hh: system/bta/hh/bta_hh_main.cc:174 bta_hh_sm_execute: State BTA_HH_CONN_ST(3), Event BTA_HH_INT_DATA_EVT(5892) for xx:xx:xx:xx:2b:83[public][BT_TRANSPORT_BR_EDR]
09-26 11:52:04.822 31661 31681 V bluetooth: system/btif/co/bta_hh_co.cc:773 bta_hh_co_data: dev_handle = 0
09-26 11:52:04.822 31661 31681 V bluetooth: system/btif/co/bta_hh_co.cc:653 bta_hh_co_write: UHID write 16
09-26 11:52:04.832 31661 31681 V l2c_csm : system/stack/l2cap/l2c_csm.cc:1335 l2c_csm_open: LCID: 0x004c  st: OPEN  evt: L2CEVT_L2CAP_DATA(0x14) psm: BT_PSM_HIDI(0x0013)
09-26 11:52:04.832 31661 31681 V bluetooth: system/stack/hid/hidh_conn.cc:701 hidh_l2cif_data_ind: HID-Host hidh_l2cif_data_ind [l2cap_cid=0x004c]
09-26 11:52:04.832 31661 31681 V bt_bta_hh: system/bta/hh/bta_hh_act.cc:1144 bta_hh_cback: HID_event [HID_HDEV_EVT_INTR_DATA]
09-26 11:52:04.832 31661 31681 V l2c_csm : system/stack/l2cap/l2c_csm.cc:1514 l2c_csm_open: Exit chnl_state=CST_OPEN [6], event=L2CEVT_L2CAP_DATA(0x14) [20]
09-26 11:52:04.832 31661 31681 V bt_bta_sys_main: system/bta/sys/bta_sys_main.cc:71 bta_sys_event: Event 0x1704
09-26 11:52:04.832 31661 31681 V bt_bta_hh: system/bta/hh/bta_hh_main.cc:174 bta_hh_sm_execute: State BTA_HH_CONN_ST(3), Event BTA_HH_INT_DATA_EVT(5892) for xx:xx:xx:xx:2b:83[public][BT_TRANSPORT_BR_EDR]
09-26 11:52:04.832 31661 31681 V bluetooth: system/btif/co/bta_hh_co.cc:773 bta_hh_co_data: dev_handle = 0
09-26 11:52:04.832 31661 31681 V bluetooth: system/btif/co/bta_hh_co.cc:653 bta_hh_co_write: UHID write 16
09-26 11:52:04.842 31661 31681 V l2c_csm : system/stack/l2cap/l2c_csm.cc:1335 l2c_csm_open: LCID: 0x004c  st: OPEN  evt: L2CEVT_L2CAP_DATA(0x14) psm: BT_PSM_HIDI(0x0013)
09-26 11:52:04.842 31661 31681 V bluetooth: system/stack/hid/hidh_conn.cc:701 hidh_l2cif_data_ind: HID-Host hidh_l2cif_data_ind [l2cap_cid=0x004c]
09-26 11:52:04.842 31661 31681 V bt_bta_hh: system/bta/hh/bta_hh_act.cc:1144 bta_hh_cback: HID_event [HID_HDEV_EVT_INTR_DATA]
09-26 11:52:04.842 31661 31681 V l2c_csm : system/stack/l2cap/l2c_csm.cc:1514 l2c_csm_open: Exit chnl_state=CST_OPEN [6], event=L2CEVT_L2CAP_DATA(0x14) [20]
09-26 11:52:04.842 31661 31681 V bt_bta_sys_main: system/bta/sys/bta_sys_main.cc:71 bta_sys_event: Event 0x1704
09-26 11:52:04.842 31661 31681 V bt_bta_hh: system/bta/hh/bta_hh_main.cc:174 bta_hh_sm_execute: State BTA_HH_CONN_ST(3), Event BTA_HH_INT_DATA_EVT(5892) for xx:xx:xx:xx:2b:83[public][BT_TRANSPORT_BR_EDR]
09-26 11:52:04.842 31661 31681 V bluetooth: system/btif/co/bta_hh_co.cc:773 bta_hh_co_data: dev_handle = 0
09-26 11:52:04.842 31661 31681 V bluetooth: system/btif/co/bta_hh_co.cc:653 bta_hh_co_write: UHID write 16
09-26 11:52:04.852 31661 31681 V l2c_csm : system/stack/l2cap/l2c_csm.cc:1335 l2c_csm_open: LCID: 0x004c  st: OPEN  evt: L2CEVT_L2CAP_DATA(0x14) psm: BT_PSM_HIDI(0x0013)
09-26 11:52:04.852 31661 31681 V bluetooth: system/stack/hid/hidh_conn.cc:701 hidh_l2cif_data_ind: HID-Host hidh_l2cif_data_ind [l2cap_cid=0x004c]
09-26 11:52:04.852 31661 31681 V bt_bta_hh: system/bta/hh/bta_hh_act.cc:1144 bta_hh_cback: HID_event [HID_HDEV_EVT_INTR_DATA]
09-26 11:52:04.852 31661 31681 V l2c_csm : system/stack/l2cap/l2c_csm.cc:1514 l2c_csm_open: Exit chnl_state=CST_OPEN [6], event=L2CEVT_L2CAP_DATA(0x14) [20]
09-26 11:52:04.852 31661 31681 V bt_bta_sys_main: system/bta/sys/bta_sys_main.cc:71 bta_sys_event: Event 0x1704
09-26 11:52:04.852 31661 31681 V bt_bta_hh: system/bta/hh/bta_hh_main.cc:174 bta_hh_sm_execute: State BTA_HH_CONN_ST(3), Event BTA_HH_INT_DATA_EVT(5892) for xx:xx:xx:xx:2b:83[public][BT_TRANSPORT_BR_EDR]
09-26 11:52:04.852 31661 31681 V bluetooth: system/btif/co/bta_hh_co.cc:773 bta_hh_co_data: dev_handle = 0
09-26 11:52:04.852 31661 31681 V bluetooth: system/btif/co/bta_hh_co.cc:653 bta_hh_co_write: UHID write 16
09-26 11:52:04.862 31661 31681 V l2c_csm : system/stack/l2cap/l2c_csm.cc:1335 l2c_csm_open: LCID: 0x004c  st: OPEN  evt: L2CEVT_L2CAP_DATA(0x14) psm: BT_PSM_HIDI(0x0013)
09-26 11:52:04.862 31661 31681 V bluetooth: system/stack/hid/hidh_conn.cc:701 hidh_l2cif_data_ind: HID-Host hidh_l2cif_data_ind [l2cap_cid=0x004c]
09-26 11:52:04.862 31661 31681 V bt_bta_hh: system/bta/hh/bta_hh_act.cc:1144 bta_hh_cback: HID_event [HID_HDEV_EVT_INTR_DATA]
09-26 11:52:04.862 31661 31681 V l2c_csm : system/stack/l2cap/l2c_csm.cc:1514 l2c_csm_open: Exit chnl_state=CST_OPEN [6], event=L2CEVT_L2CAP_DATA(0x14) [20]
09-26 11:52:04.862 31661 31681 V bt_bta_sys_main: system/bta/sys/bta_sys_main.cc:71 bta_sys_event: Event 0x1704
09-26 11:52:04.862 31661 31681 V bt_bta_hh: system/bta/hh/bta_hh_main.cc:174 bta_hh_sm_execute: State BTA_HH_CONN_ST(3), Event BTA_HH_INT_DATA_EVT(5892) for xx:xx:xx:xx:2b:83[public][BT_TRANSPORT_BR_EDR]
09-26 11:52:04.862 31661 31681 V bluetooth: system/btif/co/bta_hh_co.cc:773 bta_hh_co_data: dev_handle = 0
09-26 11:52:04.862 31661 31681 V bluetooth: system/btif/co/bta_hh_co.cc:653 bta_hh_co_write: UHID write 16
09-26 11:52:04.872 31661 31681 V l2c_csm : system/stack/l2cap/l2c_csm.cc:1335 l2c_csm_open: LCID: 0x004c  st: OPEN  evt: L2CEVT_L2CAP_DATA(0x14) psm: BT_PSM_HIDI(0x0013)
09-26 11:52:04.872 31661 31681 V bluetooth: system/stack/hid/hidh_conn.cc:701 hidh_l2cif_data_ind: HID-Host hidh_l2cif_data_ind [l2cap_cid=0x004c]
09-26 11:52:04.872 31661 31681 V bt_bta_hh: system/bta/hh/bta_hh_act.cc:1144 bta_hh_cback: HID_event [HID_HDEV_EVT_INTR_DATA]
09-26 11:52:04.872 31661 31681 V l2c_csm : system/stack/l2cap/l2c_csm.cc:1514 l2c_csm_open: Exit chnl_state=CST_OPEN [6], event=L2CEVT_L2CAP_DATA(0x14) [20]
09-26 11:52:04.872 31661 31681 V bt_bta_sys_main: system/bta/sys/bta_sys_main.cc:71 bta_sys_event: Event 0x1704
09-26 11:52:04.872 31661 31681 V bt_bta_hh: system/bta/hh/bta_hh_main.cc:174 bta_hh_sm_execute: State BTA_HH_CONN_ST(3), Event BTA_HH_INT_DATA_EVT(5892) for xx:xx:xx:xx:2b:83[public][BT_TRANSPORT_BR_EDR]
09-26 11:52:04.872 31661 31681 V bluetooth: system/btif/co/bta_hh_co.cc:773 bta_hh_co_data: dev_handle = 0
09-26 11:52:04.872 31661 31681 V bluetooth: system/btif/co/bta_hh_co.cc:653 bta_hh_co_write: UHID write 16
09-26 11:52:04.882 31661 31681 V l2c_csm : system/stack/l2cap/l2c_csm.cc:1335 l2c_csm_open: LCID: 0x004c  st: OPEN  evt: L2CEVT_L2CAP_DATA(0x14) psm: BT_PSM_HIDI(0x0013)
09-26 11:52:04.883 31661 31681 V bluetooth: system/stack/hid/hidh_conn.cc:701 hidh_l2cif_data_ind: HID-Host hidh_l2cif_data_ind [l2cap_cid=0x004c]
09-26 11:52:04.883 31661 31681 V bt_bta_hh: system/bta/hh/bta_hh_act.cc:1144 bta_hh_cback: HID_event [HID_HDEV_EVT_INTR_DATA]
09-26 11:52:04.883 31661 31681 V l2c_csm : system/stack/l2cap/l2c_csm.cc:1514 l2c_csm_open: Exit chnl_state=CST_OPEN [6], event=L2CEVT_L2CAP_DATA(0x14) [20]
09-26 11:52:04.883 31661 31681 V bt_bta_sys_main: system/bta/sys/bta_sys_main.cc:71 bta_sys_event: Event 0x1704
09-26 11:52:04.883 31661 31681 V bt_bta_hh: system/bta/hh/bta_hh_main.cc:174 bta_hh_sm_execute: State BTA_HH_CONN_ST(3), Event BTA_HH_INT_DATA_EVT(5892) for xx:xx:xx:xx:2b:83[public][BT_TRANSPORT_BR_EDR]
09-26 11:52:04.883 31661 31681 V bluetooth: system/btif/co/bta_hh_co.cc:773 bta_hh_co_data: dev_handle = 0
09-26 11:52:04.883 31661 31681 V bluetooth: system/btif/co/bta_hh_co.cc:653 bta_hh_co_write: UHID write 16
09-26 11:52:04.883  2159  3343 D QmiClient: qmiServiceEventCallback recv msg id 47
09-26 11:52:04.883  2159  3343 D QmiClient: enter -mServiceType 10 onQmiServiceEventCallback msgId 47
09-26 11:52:04.883  2159  3343 D QmiClient: onQmiServiceEventCallback - enter. msgId=47
09-26 11:52:04.883  2159  2222 D OttProxy: handleMessage msg is 3001
09-26 11:52:04.883  2159  2159 E RadioServiceIndication: mSubsysRadioIndication null
09-26 11:52:04.888 14961 15002 D S3PERF  : crosscheck ui_snapshot_fps=11.0113 ui_snapshot_frametime_ms=82.907
09-26 11:52:04.892  1616  1871 I SDM     : DisplayBase::CommitThread: Received idle timeout, panel: cmd, timeout: 70000 us
09-26 11:52:04.892 31661 31681 V l2c_csm : system/stack/l2cap/l2c_csm.cc:1335 l2c_csm_open: LCID: 0x004c  st: OPEN  evt: L2CEVT_L2CAP_DATA(0x14) psm: BT_PSM_HIDI(0x0013)
09-26 11:52:04.892 31661 31681 V bluetooth: system/stack/hid/hidh_conn.cc:701 hidh_l2cif_data_ind: HID-Host hidh_l2cif_data_ind [l2cap_cid=0x004c]
09-26 11:52:04.892 31661 31681 V bt_bta_hh: system/bta/hh/bta_hh_act.cc:1144 bta_hh_cback: HID_event [HID_HDEV_EVT_INTR_DATA]
09-26 11:52:04.892 31661 31681 V l2c_csm : system/stack/l2cap/l2c_csm.cc:1514 l2c_csm_open: Exit chnl_state=CST_OPEN [6], event=L2CEVT_L2CAP_DATA(0x14) [20]
09-26 11:52:04.892 31661 31681 V bt_bta_sys_main: system/bta/sys/bta_sys_main.cc:71 bta_sys_event: Event 0x1704
09-26 11:52:04.892 31661 31681 V bt_bta_hh: system/bta/hh/bta_hh_main.cc:174 bta_hh_sm_execute: State BTA_HH_CONN_ST(3), Event BTA_HH_INT_DATA_EVT(5892) for xx:xx:xx:xx:2b:83[public][BT_TRANSPORT_BR_EDR]
09-26 11:52:04.892 31661 31681 V bluetooth: system/btif/co/bta_hh_co.cc:773 bta_hh_co_data: dev_handle = 0
09-26 11:52:04.892 31661 31681 V bluetooth: system/btif/co/bta_hh_co.cc:653 bta_hh_co_write: UHID write 16
09-26 11:52:04.902 31661 31681 V l2c_csm : system/stack/l2cap/l2c_csm.cc:1335 l2c_csm_open: LCID: 0x004c  st: OPEN  evt: L2CEVT_L2CAP_DATA(0x14) psm: BT_PSM_HIDI(0x0013)
09-26 11:52:04.902 31661 31681 V bluetooth: system/stack/hid/hidh_conn.cc:701 hidh_l2cif_data_ind: HID-Host hidh_l2cif_data_ind [l2cap_cid=0x004c]
09-26 11:52:04.902 31661 31681 V bt_bta_hh: system/bta/hh/bta_hh_act.cc:1144 bta_hh_cback: HID_event [HID_HDEV_EVT_INTR_DATA]
09-26 11:52:04.902 31661 31681 V l2c_csm : system/stack/l2cap/l2c_csm.cc:1514 l2c_csm_open: Exit chnl_state=CST_OPEN [6], event=L2CEVT_L2CAP_DATA(0x14) [20]
09-26 11:52:04.902 31661 31681 V bt_bta_sys_main: system/bta/sys/bta_sys_main.cc:71 bta_sys_event: Event 0x1704
09-26 11:52:04.902 31661 31681 V bt_bta_hh: system/bta/hh/bta_hh_main.cc:174 bta_hh_sm_execute: State BTA_HH_CONN_ST(3), Event BTA_HH_INT_DATA_EVT(5892) for xx:xx:xx:xx:2b:83[public][BT_TRANSPORT_BR_EDR]
09-26 11:52:04.902 31661 31681 V bluetooth: system/btif/co/bta_hh_co.cc:773 bta_hh_co_data: dev_handle = 0
09-26 11:52:04.902 31661 31681 V bluetooth: system/btif/co/bta_hh_co.cc:653 bta_hh_co_write: UHID write 16
09-26 11:52:04.911 14961 23120 D RPCS3   : sys_tty_write(ch=0, buf=*0x58bf20, len=63, pwritelen=*0xd000fde0)
09-26 11:52:04.911 14961 23120 D RPCS3   : sys_tty_write(): “BATCHJOB: AddJob: waiting for room in job list 3 for job 56...“ << endl
09-26 11:52:04.912 31661 31681 V l2c_csm : system/stack/l2cap/l2c_csm.cc:1335 l2c_csm_open: LCID: 0x004c  st: OPEN  evt: L2CEVT_L2CAP_DATA(0x14) psm: BT_PSM_HIDI(0x0013)
09-26 11:52:04.912 31661 31681 V bluetooth: system/stack/hid/hidh_conn.cc:701 hidh_l2cif_data_ind: HID-Host hidh_l2cif_data_ind [l2cap_cid=0x004c]
09-26 11:52:04.912 31661 31681 V bt_bta_hh: system/bta/hh/bta_hh_act.cc:1144 bta_hh_cback: HID_event [HID_HDEV_EVT_INTR_DATA]
09-26 11:52:04.912 31661 31681 V l2c_csm : system/stack/l2cap/l2c_csm.cc:1514 l2c_csm_open: Exit chnl_state=CST_OPEN [6], event=L2CEVT_L2CAP_DATA(0x14) [20]
09-26 11:52:04.912 31661 31681 V bt_bta_sys_main: system/bta/sys/bta_sys_main.cc:71 bta_sys_event: Event 0x1704
09-26 11:52:04.912 31661 31681 V bt_bta_hh: system/bta/hh/bta_hh_main.cc:174 bta_hh_sm_execute: State BTA_HH_CONN_ST(3), Event BTA_HH_INT_DATA_EVT(5892) for xx:xx:xx:xx:2b:83[public][BT_TRANSPORT_BR_EDR]
09-26 11:52:04.912 31661 31681 V bluetooth: system/btif/co/bta_hh_co.cc:773 bta_hh_co_data: dev_handle = 0
09-26 11:52:04.912 31661 31681 V bluetooth: system/btif/co/bta_hh_co.cc:653 bta_hh_co_write: UHID write 16
09-26 11:52:04.922 31661 31681 V l2c_csm : system/stack/l2cap/l2c_csm.cc:1335 l2c_csm_open: LCID: 0x004c  st: OPEN  evt: L2CEVT_L2CAP_DATA(0x14) psm: BT_PSM_HIDI(0x0013)
09-26 11:52:04.922 31661 31681 V bluetooth: system/stack/hid/hidh_conn.cc:701 hidh_l2cif_data_ind: HID-Host hidh_l2cif_data_ind [l2cap_cid=0x004c]
09-26 11:52:04.922 31661 31681 V bt_bta_hh: system/bta/hh/bta_hh_act.cc:1144 bta_hh_cback: HID_event [HID_HDEV_EVT_INTR_DATA]
09-26 11:52:04.922 31661 31681 V l2c_csm : system/stack/l2cap/l2c_csm.cc:1514 l2c_csm_open: Exit chnl_state=CST_OPEN [6], event=L2CEVT_L2CAP_DATA(0x14) [20]
09-26 11:52:04.922 31661 31681 V bt_bta_sys_main: system/bta/sys/bta_sys_main.cc:71 bta_sys_event: Event 0x1704
09-26 11:52:04.922 31661 31681 V bt_bta_hh: system/bta/hh/bta_hh_main.cc:174 bta_hh_sm_execute: State BTA_HH_CONN_ST(3), Event BTA_HH_INT_DATA_EVT(5892) for xx:xx:xx:xx:2b:83[public][BT_TRANSPORT_BR_EDR]
09-26 11:52:04.922 31661 31681 V bluetooth: system/btif/co/bta_hh_co.cc:773 bta_hh_co_data: dev_handle = 0
09-26 11:52:04.922 31661 31681 V bluetooth: system/btif/co/bta_hh_co.cc:653 bta_hh_co_write: UHID write 16
09-26 11:52:04.923  1561  1561 I android.hardware.power-service-qti: Power setBoost: 0, duration: 0
09-26 11:52:04.928 14961 14961 I S3PAD   : classify name='Xbox Wireless Controller' vid=1118 pid=736 sources=16778513 keyboardType=1 -> GAMEPAD/XBOX reason=gamepad-capability-or-identity
09-26 11:52:04.929 14961 14961 D S3PAD   : deviceKey via descriptor
09-26 11:52:04.932 31661 31681 V l2c_csm : system/stack/l2cap/l2c_csm.cc:1335 l2c_csm_open: LCID: 0x004c  st: OPEN  evt: L2CEVT_L2CAP_DATA(0x14) psm: BT_PSM_HIDI(0x0013)
09-26 11:52:04.932 31661 31681 V bluetooth: system/stack/hid/hidh_conn.cc:701 hidh_l2cif_data_ind: HID-Host hidh_l2cif_data_ind [l2cap_cid=0x004c]
09-26 11:52:04.932 31661 31681 V bt_bta_hh: system/bta/hh/bta_hh_act.cc:1144 bta_hh_cback: HID_event [HID_HDEV_EVT_INTR_DATA]
09-26 11:52:04.932 31661 31681 V l2c_csm : system/stack/l2cap/l2c_csm.cc:1514 l2c_csm_open: Exit chnl_state=CST_OPEN [6], event=L2CEVT_L2CAP_DATA(0x14) [20]
09-26 11:52:04.932 31661 31681 V bt_bta_sys_main: system/bta/sys/bta_sys_main.cc:71 bta_sys_event: Event 0x1704
09-26 11:52:04.932 31661 31681 V bt_bta_hh: system/bta/hh/bta_hh_main.cc:174 bta_hh_sm_execute: State BTA_HH_CONN_ST(3), Event BTA_HH_INT_DATA_EVT(5892) for xx:xx:xx:xx:2b:83[public][BT_TRANSPORT_BR_EDR]
09-26 11:52:04.932 31661 31681 V bluetooth: system/btif/co/bta_hh_co.cc:773 bta_hh_co_data: dev_handle = 0
09-26 11:52:04.932 31661 31681 V bluetooth: system/btif/co/bta_hh_co.cc:653 bta_hh_co_write: UHID write 16
09-26 11:52:04.942 31661 31681 V l2c_csm : system/stack/l2cap/l2c_csm.cc:1335 l2c_csm_open: LCID: 0x004c  st: OPEN  evt: L2CEVT_L2CAP_DATA(0x14) psm: BT_PSM_HIDI(0x0013)
09-26 11:52:04.942 31661 31681 V bluetooth: system/stack/hid/hidh_conn.cc:701 hidh_l2cif_data_ind: HID-Host hidh_l2cif_data_ind [l2cap_cid=0x004c]
09-26 11:52:04.942 31661 31681 V bt_bta_hh: system/bta/hh/bta_hh_act.cc:1144 bta_hh_cback: HID_event [HID_HDEV_EVT_INTR_DATA]
09-26 11:52:04.942 31661 31681 V l2c_csm : system/stack/l2cap/l2c_csm.cc:1514 l2c_csm_open: Exit chnl_state=CST_OPEN [6], event=L2CEVT_L2CAP_DATA(0x14) [20]
09-26 11:52:04.942 31661 31681 V bt_bta_sys_main: system/bta/sys/bta_sys_main.cc:71 bta_sys_event: Event 0x1704
09-26 11:52:04.942 31661 31681 V bt_bta_hh: system/bta/hh/bta_hh_main.cc:174 bta_hh_sm_execute: State BTA_HH_CONN_ST(3), Event BTA_HH_INT_DATA_EVT(5892) for xx:xx:xx:xx:2b:83[public][BT_TRANSPORT_BR_EDR]
09-26 11:52:04.942 31661 31681 V bluetooth: system/btif/co/bta_hh_co.cc:773 bta_hh_co_data: dev_handle = 0
09-26 11:52:04.942 31661 31681 V bluetooth: system/btif/co/bta_hh_co.cc:653 bta_hh_co_write: UHID write 16
09-26 11:52:04.952 31661 31681 V l2c_csm : system/stack/l2cap/l2c_csm.cc:1335 l2c_csm_open: LCID: 0x004c  st: OPEN  evt: L2CEVT_L2CAP_DATA(0x14) psm: BT_PSM_HIDI(0x0013)
09-26 11:52:04.952 31661 31681 V bluetooth: system/stack/hid/hidh_conn.cc:701 hidh_l2cif_data_ind: HID-Host hidh_l2cif_data_ind [l2cap_cid=0x004c]
09-26 11:52:04.952 31661 31681 V bt_bta_hh: system/bta/hh/bta_hh_act.cc:1144 bta_hh_cback: HID_event [HID_HDEV_EVT_INTR_DATA]
09-26 11:52:04.952 31661 31681 V l2c_csm : system/stack/l2cap/l2c_csm.cc:1514 l2c_csm_open: Exit chnl_state=CST_OPEN [6], event=L2CEVT_L2CAP_DATA(0x14) [20]
09-26 11:52:04.952 31661 31681 V bt_bta_sys_main: system/bta/sys/bta_sys_main.cc:71 bta_sys_event: Event 0x1704
09-26 11:52:04.952 31661 31681 V bt_bta_hh: system/bta/hh/bta_hh_main.cc:174 bta_hh_sm_execute: State BTA_HH_CONN_ST(3), Event BTA_HH_INT_DATA_EVT(5892) for xx:xx:xx:xx:2b:83[public][BT_TRANSPORT_BR_EDR]
09-26 11:52:04.952 31661 31681 V bluetooth: system/btif/co/bta_hh_co.cc:773 bta_hh_co_data: dev_handle = 0
09-26 11:52:04.952 31661 31681 V bluetooth: system/btif/co/bta_hh_co.cc:653 bta_hh_co_write: UHID write 16
09-26 11:52:04.962 31661 31681 V l2c_csm : system/stack/l2cap/l2c_csm.cc:1335 l2c_csm_open: LCID: 0x004c  st: OPEN  evt: L2CEVT_L2CAP_DATA(0x14) psm: BT_PSM_HIDI(0x0013)
09-26 11:52:04.962 31661 31681 V bluetooth: system/stack/hid/hidh_conn.cc:701 hidh_l2cif_data_ind: HID-Host hidh_l2cif_data_ind [l2cap_cid=0x004c]
09-26 11:52:04.962 31661 31681 V bt_bta_hh: system/bta/hh/bta_hh_act.cc:1144 bta_hh_cback: HID_event [HID_HDEV_EVT_INTR_DATA]
09-26 11:52:04.962 31661 31681 V l2c_csm : system/stack/l2cap/l2c_csm.cc:1514 l2c_csm_open: Exit chnl_state=CST_OPEN [6], event=L2CEVT_L2CAP_DATA(0x14) [20]
09-26 11:52:04.962 31661 31681 V bt_bta_sys_main: system/bta/sys/bta_sys_main.cc:71 bta_sys_event: Event 0x1704
09-26 11:52:04.962 31661 31681 V bt_bta_hh: system/bta/hh/bta_hh_main.cc:174 bta_hh_sm_execute: State BTA_HH_CONN_ST(3), Event BTA_HH_INT_DATA_EVT(5892) for xx:xx:xx:xx:2b:83[public][BT_TRANSPORT_BR_EDR]
09-26 11:52:04.962 31661 31681 V bluetooth: system/btif/co/bta_hh_co.cc:773 bta_hh_co_data: dev_handle = 0
09-26 11:52:04.962 31661 31681 V bluetooth: system/btif/co/bta_hh_co.cc:653 bta_hh_co_write: UHID write 16
09-26 11:52:04.967  1570  1606 I android.hardware.thermal-service.qti: sensor: cpu-1-0-0 temperature: 95 old: 0 new: 3
09-26 11:52:04.968  1570  1606 I android.hardware.thermal-service.qti: sensor: cpu-2-0-0 temperature: 95 old: 0 new: 3
09-26 11:52:04.972 31661 31681 V l2c_csm : system/stack/l2cap/l2c_csm.cc:1335 l2c_csm_open: LCID: 0x004c  st: OPEN  evt: L2CEVT_L2CAP_DATA(0x14) psm: BT_PSM_HIDI(0x0013)
09-26 11:52:04.972 31661 31681 V bluetooth: system/stack/hid/hidh_conn.cc:701 hidh_l2cif_data_ind: HID-Host hidh_l2cif_data_ind [l2cap_cid=0x004c]
09-26 11:52:04.972 31661 31681 V bt_bta_hh: system/bta/hh/bta_hh_act.cc:1144 bta_hh_cback: HID_event [HID_HDEV_EVT_INTR_DATA]
09-26 11:52:04.972 31661 31681 V l2c_csm : system/stack/l2cap/l2c_csm.cc:1514 l2c_csm_open: Exit chnl_state=CST_OPEN [6], event=L2CEVT_L2CAP_DATA(0x14) [20]
09-26 11:52:04.972 31661 31681 V bt_bta_sys_main: system/bta/sys/bta_sys_main.cc:71 bta_sys_event: Event 0x1704
09-26 11:52:04.972 31661 31681 V bt_bta_hh: system/bta/hh/bta_hh_main.cc:174 bta_hh_sm_execute: State BTA_HH_CONN_ST(3), Event BTA_HH_INT_DATA_EVT(5892) for xx:xx:xx:xx:2b:83[public][BT_TRANSPORT_BR_EDR]
09-26 11:52:04.972 31661 31681 V bluetooth: system/btif/co/bta_hh_co.cc:773 bta_hh_co_data: dev_handle = 0
09-26 11:52:04.972 31661 31681 V bluetooth: system/btif/co/bta_hh_co.cc:653 bta_hh_co_write: UHID write 16
09-26 11:52:04.982 31661 31681 V l2c_csm : system/stack/l2cap/l2c_csm.cc:1335 l2c_csm_open: LCID: 0x004c  st: OPEN  evt: L2CEVT_L2CAP_DATA(0x14) psm: BT_PSM_HIDI(0x0013)
09-26 11:52:04.982 31661 31681 V bluetooth: system/stack/hid/hidh_conn.cc:701 hidh_l2cif_data_ind: HID-Host hidh_l2cif_data_ind [l2cap_cid=0x004c]
09-26 11:52:04.982 31661 31681 V bt_bta_hh: system/bta/hh/bta_hh_act.cc:1144 bta_hh_cback: HID_event [HID_HDEV_EVT_INTR_DATA]
09-26 11:52:04.982 31661 31681 V l2c_csm : system/stack/l2cap/l2c_csm.cc:1514 l2c_csm_open: Exit chnl_state=CST_OPEN [6], event=L2CEVT_L2CAP_DATA(0x14) [20]
09-26 11:52:04.982 31661 31681 V bt_bta_sys_main: system/bta/sys/bta_sys_main.cc:71 bta_sys_event: Event 0x1704
09-26 11:52:04.982 31661 31681 V bt_bta_hh: system/bta/hh/bta_hh_main.cc:174 bta_hh_sm_execute: State BTA_HH_CONN_ST(3), Event BTA_HH_INT_DATA_EVT(5892) for xx:xx:xx:xx:2b:83[public][BT_TRANSPORT_BR_EDR]
09-26 11:52:04.982 31661 31681 V bluetooth: system/btif/co/bta_hh_co.cc:773 bta_hh_co_data: dev_handle = 0
09-26 11:52:04.982 31661 31681 V bluetooth: system/btif/co/bta_hh_co.cc:653 bta_hh_co_write: UHID write 16
09-26 11:52:04.991  1616  1871 I SDM     : DisplayBase::CommitThread: Received idle timeout, panel: cmd, timeout: 70000 us
09-26 11:52:04.992 31661 31681 V l2c_csm : system/stack/l2cap/l2c_csm.cc:1335 l2c_csm_open: LCID: 0x004c  st: OPEN  evt: L2CEVT_L2CAP_DATA(0x14) psm: BT_PSM_HIDI(0x0013)
09-26 11:52:04.992 31661 31681 V bluetooth: system/stack/hid/hidh_conn.cc:701 hidh_l2cif_data_ind: HID-Host hidh_l2cif_data_ind [l2cap_cid=0x004c]
09-26 11:52:04.992 31661 31681 V bt_bta_hh: system/bta/hh/bta_hh_act.cc:1144 bta_hh_cback: HID_event [HID_HDEV_EVT_INTR_DATA]
09-26 11:52:04.992 31661 31681 V l2c_csm : system/stack/l2cap/l2c_csm.cc:1514 l2c_csm_open: Exit chnl_state=CST_OPEN [6], event=L2CEVT_L2CAP_DATA(0x14) [20]
09-26 11:52:04.992 31661 31681 V bt_bta_sys_main: system/bta/sys/bta_sys_main.cc:71 bta_sys_event: Event 0x1704
09-26 11:52:04.992 31661 31681 V bt_bta_hh: system/bta/hh/bta_hh_main.cc:174 bta_hh_sm_execute: State BTA_HH_CONN_ST(3), Event BTA_HH_INT_DATA_EVT(5892) for xx:xx:xx:xx:2b:83[public][BT_TRANSPORT_BR_EDR]
09-26 11:52:04.992 31661 31681 V bluetooth: system/btif/co/bta_hh_co.cc:773 bta_hh_co_data: dev_handle = 0
09-26 11:52:04.992 31661 31681 V bluetooth: system/btif/co/bta_hh_co.cc:653 bta_hh_co_write: UHID write 16
09-26 11:52:05.002 31661 31681 V l2c_csm : system/stack/l2cap/l2c_csm.cc:1335 l2c_csm_open: LCID: 0x004c  st: OPEN  evt: L2CEVT_L2CAP_DATA(0x14) psm: BT_PSM_HIDI(0x0013)
09-26 11:52:05.002 31661 31681 V bluetooth: system/stack/hid/hidh_conn.cc:701 hidh_l2cif_data_ind: HID-Host hidh_l2cif_data_ind [l2cap_cid=0x004c]
09-26 11:52:05.002 31661 31681 V bt_bta_hh: system/bta/hh/bta_hh_act.cc:1144 bta_hh_cback: HID_event [HID_HDEV_EVT_INTR_DATA]
09-26 11:52:05.002 31661 31681 V l2c_csm : system/stack/l2cap/l2c_csm.cc:1514 l2c_csm_open: Exit chnl_state=CST_OPEN [6], event=L2CEVT_L2CAP_DATA(0x14) [20]
09-26 11:52:05.002 31661 31681 V bt_bta_sys_main: system/bta/sys/bta_sys_main.cc:71 bta_sys_event: Event 0x1704
09-26 11:52:05.002 31661 31681 V bt_bta_hh: system/bta/hh/bta_hh_main.cc:174 bta_hh_sm_execute: State BTA_HH_CONN_ST(3), Event BTA_HH_INT_DATA_EVT(5892) for xx:xx:xx:xx:2b:83[public][BT_TRANSPORT_BR_EDR]
09-26 11:52:05.002 31661 31681 V bluetooth: system/btif/co/bta_hh_co.cc:773 bta_hh_co_data: dev_handle = 0
09-26 11:52:05.002 31661 31681 V bluetooth: system/btif/co/bta_hh_co.cc:653 bta_hh_co_write: UHID write 16
09-26 11:52:05.012 31661 31681 V l2c_csm : system/stack/l2cap/l2c_csm.cc:1335 l2c_csm_open: LCID: 0x004c  st: OPEN  evt: L2CEVT_L2CAP_DATA(0x14) psm: BT_PSM_HIDI(0x0013)
09-26 11:52:05.012 31661 31681 V bluetooth: system/stack/hid/hidh_conn.cc:701 hidh_l2cif_data_ind: HID-Host hidh_l2cif_data_ind [l2cap_cid=0x004c]
09-26 11:52:05.012 31661 31681 V bt_bta_hh: system/bta/hh/bta_hh_act.cc:1144 bta_hh_cback: HID_event [HID_HDEV_EVT_INTR_DATA]
09-26 11:52:05.012 31661 31681 V l2c_csm : system/stack/l2cap/l2c_csm.cc:1514 l2c_csm_open: Exit chnl_state=CST_OPEN [6], event=L2CEVT_L2CAP_DATA(0x14) [20]
09-26 11:52:05.012 31661 31681 V bt_bta_sys_main: system/bta/sys/bta_sys_main.cc:71 bta_sys_event: Event 0x1704
09-26 11:52:05.012 31661 31681 V bt_bta_hh: system/bta/hh/bta_hh_main.cc:174 bta_hh_sm_execute: State BTA_HH_CONN_ST(3), Event BTA_HH_INT_DATA_EVT(5892) for xx:xx:xx:xx:2b:83[public][BT_TRANSPORT_BR_EDR]
09-26 11:52:05.012 31661 31681 V bluetooth: system/btif/co/bta_hh_co.cc:773 bta_hh_co_data: dev_handle = 0
09-26 11:52:05.012 31661 31681 V bluetooth: system/btif/co/bta_hh_co.cc:653 bta_hh_co_write: UHID write 16
09-26 11:52:05.023 31661 31681 V l2c_csm : system/stack/l2cap/l2c_csm.cc:1335 l2c_csm_open: LCID: 0x004c  st: OPEN  evt: L2CEVT_L2CAP_DATA(0x14) psm: BT_PSM_HIDI(0x0013)
09-26 11:52:05.023 31661 31681 V bluetooth: system/stack/hid/hidh_conn.cc:701 hidh_l2cif_data_ind: HID-Host hidh_l2cif_data_ind [l2cap_cid=0x004c]
09-26 11:52:05.023 31661 31681 V bt_bta_hh: system/bta/hh/bta_hh_act.cc:1144 bta_hh_cback: HID_event [HID_HDEV_EVT_INTR_DATA]
09-26 11:52:05.023 31661 31681 V l2c_csm : system/stack/l2cap/l2c_csm.cc:1514 l2c_csm_open: Exit chnl_state=CST_OPEN [6], event=L2CEVT_L2CAP_DATA(0x14) [20]
09-26 11:52:05.023 31661 31681 V bt_bta_sys_main: system/bta/sys/bta_sys_main.cc:71 bta_sys_event: Event 0x1704
09-26 11:52:05.023 31661 31681 V bt_bta_hh: system/bta/hh/bta_hh_main.cc:174 bta_hh_sm_execute: State BTA_HH_CONN_ST(3), Event BTA_HH_INT_DATA_EVT(5892) for xx:xx:xx:xx:2b:83[public][BT_TRANSPORT_BR_EDR]
09-26 11:52:05.024 31661 31681 V bluetooth: system/btif/co/bta_hh_co.cc:773 bta_hh_co_data: dev_handle = 0
09-26 11:52:05.024 31661 31681 V bluetooth: system/btif/co/bta_hh_co.cc:653 bta_hh_co_write: UHID write 16
09-26 11:52:05.032 31661 31681 V l2c_csm : system/stack/l2cap/l2c_csm.cc:1335 l2c_csm_open: LCID: 0x004c  st: OPEN  evt: L2CEVT_L2CAP_DATA(0x14) psm: BT_PSM_HIDI(0x0013)
09-26 11:52:05.032 31661 31681 V bluetooth: system/stack/hid/hidh_conn.cc:701 hidh_l2cif_data_ind: HID-Host hidh_l2cif_data_ind [l2cap_cid=0x004c]
09-26 11:52:05.032 31661 31681 V bt_bta_hh: system/bta/hh/bta_hh_act.cc:1144 bta_hh_cback: HID_event [HID_HDEV_EVT_INTR_DATA]
09-26 11:52:05.032 31661 31681 V l2c_csm : system/stack/l2cap/l2c_csm.cc:1514 l2c_csm_open: Exit chnl_state=CST_OPEN [6], event=L2CEVT_L2CAP_DATA(0x14) [20]
09-26 11:52:05.032 31661 31681 V bt_bta_sys_main: system/bta/sys/bta_sys_main.cc:71 bta_sys_event: Event 0x1704
09-26 11:52:05.032 31661 31681 V bt_bta_hh: system/bta/hh/bta_hh_main.cc:174 bta_hh_sm_execute: State BTA_HH_CONN_ST(3), Event BTA_HH_INT_DATA_EVT(5892) for xx:xx:xx:xx:2b:83[public][BT_TRANSPORT_BR_EDR]
09-26 11:52:05.032 31661 31681 V bluetooth: system/btif/co/bta_hh_co.cc:773 bta_hh_co_data: dev_handle = 0
09-26 11:52:05.032 31661 31681 V bluetooth: system/btif/co/bta_hh_co.cc:653 bta_hh_co_write: UHID write 16
09-26 11:52:05.036  1570  1606 I android.hardware.thermal-service.qti: sensor: cpu-2-0-0 temperature: 89.9 old: 3 new: 0
09-26 11:52:05.042 31661 31681 V l2c_csm : system/stack/l2cap/l2c_csm.cc:1335 l2c_csm_open: LCID: 0x004c  st: OPEN  evt: L2CEVT_L2CAP_DATA(0x14) psm: BT_PSM_HIDI(0x0013)
09-26 11:52:05.042 31661 31681 V bluetooth: system/stack/hid/hidh_conn.cc:701 hidh_l2cif_data_ind: HID-Host hidh_l2cif_data_ind [l2cap_cid=0x004c]
09-26 11:52:05.042 31661 31681 V bt_bta_hh: system/bta/hh/bta_hh_act.cc:1144 bta_hh_cback: HID_event [HID_HDEV_EVT_INTR_DATA]
09-26 11:52:05.042 31661 31681 V l2c_csm : system/stack/l2cap/l2c_csm.cc:1514 l2c_csm_open: Exit chnl_state=CST_OPEN [6], event=L2CEVT_L2CAP_DATA(0x14) [20]
09-26 11:52:05.042 31661 31681 V bt_bta_sys_main: system/bta/sys/bta_sys_main.cc:71 bta_sys_event: Event 0x1704
09-26 11:52:05.042 31661 31681 V bt_bta_hh: system/bta/hh/bta_hh_main.cc:174 bta_hh_sm_execute: State BTA_HH_CONN_ST(3), Event BTA_HH_INT_DATA_EVT(5892) for xx:xx:xx:xx:2b:83[public][BT_TRANSPORT_BR_EDR]
09-26 11:52:05.042 31661 31681 V bluetooth: system/btif/co/bta_hh_co.cc:773 bta_hh_co_data: dev_handle = 0
09-26 11:52:05.042 31661 31681 V bluetooth: system/btif/co/bta_hh_co.cc:653 bta_hh_co_write: UHID write 16
09-26 11:52:05.049  1570  1606 I android.hardware.thermal-service.qti: sensor: cpu-2-1-0 temperature: 89.9 old: 3 new: 0
09-26 11:52:05.052 31661 31681 V l2c_csm : system/stack/l2cap/l2c_csm.cc:1335 l2c_csm_open: LCID: 0x004c  st: OPEN  evt: L2CEVT_L2CAP_DATA(0x14) psm: BT_PSM_HIDI(0x0013)
09-26 11:52:05.052 31661 31681 V bluetooth: system/stack/hid/hidh_conn.cc:701 hidh_l2cif_data_ind: HID-Host hidh_l2cif_data_ind [l2cap_cid=0x004c]
09-26 11:52:05.052 31661 31681 V bt_bta_hh: system/bta/hh/bta_hh_act.cc:1144 bta_hh_cback: HID_event [HID_HDEV_EVT_INTR_DATA]
09-26 11:52:05.052 31661 31681 V l2c_csm : system/stack/l2cap/l2c_csm.cc:1514 l2c_csm_open: Exit chnl_state=CST_OPEN [6], event=L2CEVT_L2CAP_DATA(0x14) [20]
09-26 11:52:05.052 31661 31681 V bt_bta_sys_main: system/bta/sys/bta_sys_main.cc:71 bta_sys_event: Event 0x1704
09-26 11:52:05.052 31661 31681 V bt_bta_hh: system/bta/hh/bta_hh_main.cc:174 bta_hh_sm_execute: State BTA_HH_CONN_ST(3), Event BTA_HH_INT_DATA_EVT(5892) for xx:xx:xx:xx:2b:83[public][BT_TRANSPORT_BR_EDR]
09-26 11:52:05.052 31661 31681 V bluetooth: system/btif/co/bta_hh_co.cc:773 bta_hh_co_data: dev_handle = 0
09-26 11:52:05.052 31661 31681 V bluetooth: system/btif/co/bta_hh_co.cc:653 bta_hh_co_write: UHID write 16
09-26 11:52:05.062 31661 31681 V l2c_csm : system/stack/l2cap/l2c_csm.cc:1335 l2c_csm_open: LCID: 0x004c  st: OPEN  evt: L2CEVT_L2CAP_DATA(0x14) psm: BT_PSM_HIDI(0x0013)
09-26 11:52:05.062 31661 31681 V bluetooth: system/stack/hid/hidh_conn.cc:701 hidh_l2cif_data_ind: HID-Host hidh_l2cif_data_ind [l2cap_cid=0x004c]
09-26 11:52:05.062 31661 31681 V bt_bta_hh: system/bta/hh/bta_hh_act.cc:1144 bta_hh_cback: HID_event [HID_HDEV_EVT_INTR_DATA]
09-26 11:52:05.062 31661 31681 V l2c_csm : system/stack/l2cap/l2c_csm.cc:1514 l2c_csm_open: Exit chnl_state=CST_OPEN [6], event=L2CEVT_L2CAP_DATA(0x14) [20]
09-26 11:52:05.062 31661 31681 V bt_bta_sys_main: system/bta/sys/bta_sys_main.cc:71 bta_sys_event: Event 0x1704
09-26 11:52:05.062 31661 31681 V bt_bta_hh: system/bta/hh/bta_hh_main.cc:174 bta_hh_sm_execute: State BTA_HH_CONN_ST(3), Event BTA_HH_INT_DATA_EVT(5892) for xx:xx:xx:xx:2b:83[public][BT_TRANSPORT_BR_EDR]
09-26 11:52:05.062 31661 31681 V bluetooth: system/btif/co/bta_hh_co.cc:773 bta_hh_co_data: dev_handle = 0
09-26 11:52:05.062 31661 31681 V bluetooth: system/btif/co/bta_hh_co.cc:653 bta_hh_co_write: UHID write 16
09-26 11:52:05.072 31661 31681 V l2c_csm : system/stack/l2cap/l2c_csm.cc:1335 l2c_csm_open: LCID: 0x004c  st: OPEN  evt: L2CEVT_L2CAP_DATA(0x14) psm: BT_PSM_HIDI(0x0013)
09-26 11:52:05.072 31661 31681 V bluetooth: system/stack/hid/hidh_conn.cc:701 hidh_l2cif_data_ind: HID-Host hidh_l2cif_data_ind [l2cap_cid=0x004c]
09-26 11:52:05.072 31661 31681 V bt_bta_hh: system/bta/hh/bta_hh_act.cc:1144 bta_hh_cback: HID_event [HID_HDEV_EVT_INTR_DATA]
09-26 11:52:05.072 31661 31681 V l2c_csm : system/stack/l2cap/l2c_csm.cc:1514 l2c_csm_open: Exit chnl_state=CST_OPEN [6], event=L2CEVT_L2CAP_DATA(0x14) [20]
09-26 11:52:05.072 31661 31681 V bt_bta_sys_main: system/bta/sys/bta_sys_main.cc:71 bta_sys_event: Event 0x1704
09-26 11:52:05.072 31661 31681 V bt_bta_hh: system/bta/hh/bta_hh_main.cc:174 bta_hh_sm_execute: State BTA_HH_CONN_ST(3), Event BTA_HH_INT_DATA_EVT(5892) for xx:xx:xx:xx:2b:83[public][BT_TRANSPORT_BR_EDR]
09-26 11:52:05.073 31661 31681 V bluetooth: system/btif/co/bta_hh_co.cc:773 bta_hh_co_data: dev_handle = 0
09-26 11:52:05.073 31661 31681 V bluetooth: system/btif/co/bta_hh_co.cc:653 bta_hh_co_write: UHID write 16
09-26 11:52:05.082 31661 31681 V l2c_csm : system/stack/l2cap/l2c_csm.cc:1335 l2c_csm_open: LCID: 0x004c  st: OPEN  evt: L2CEVT_L2CAP_DATA(0x14) psm: BT_PSM_HIDI(0x0013)
09-26 11:52:05.082 31661 31681 V bluetooth: system/stack/hid/hidh_conn.cc:701 hidh_l2cif_data_ind: HID-Host hidh_l2cif_data_ind [l2cap_cid=0x004c]
09-26 11:52:05.082 31661 31681 V bt_bta_hh: system/bta/hh/bta_hh_act.cc:1144 bta_hh_cback: HID_event [HID_HDEV_EVT_INTR_DATA]
09-26 11:52:05.082 31661 31681 V l2c_csm : system/stack/l2cap/l2c_csm.cc:1514 l2c_csm_open: Exit chnl_state=CST_OPEN [6], event=L2CEVT_L2CAP_DATA(0x14) [20]
09-26 11:52:05.082 31661 31681 V bt_bta_sys_main: system/bta/sys/bta_sys_main.cc:71 bta_sys_event: Event 0x1704
09-26 11:52:05.082 31661 31681 V bt_bta_hh: system/bta/hh/bta_hh_main.cc:174 bta_hh_sm_execute: State BTA_HH_CONN_ST(3), Event BTA_HH_INT_DATA_EVT(5892) for xx:xx:xx:xx:2b:83[public][BT_TRANSPORT_BR_EDR]
09-26 11:52:05.082 31661 31681 V bluetooth: system/btif/co/bta_hh_co.cc:773 bta_hh_co_data: dev_handle = 0
09-26 11:52:05.082 31661 31681 V bluetooth: system/btif/co/bta_hh_co.cc:653 bta_hh_co_write: UHID write 16
09-26 11:52:05.092 31661 31681 V l2c_csm : system/stack/l2cap/l2c_csm.cc:1335 l2c_csm_open: LCID: 0x004c  st: OPEN  evt: L2CEVT_L2CAP_DATA(0x14) psm: BT_PSM_HIDI(0x0013)
09-26 11:52:05.092 31661 31681 V bluetooth: system/stack/hid/hidh_conn.cc:701 hidh_l2cif_data_ind: HID-Host hidh_l2cif_data_ind [l2cap_cid=0x004c]
09-26 11:52:05.092 31661 31681 V bt_bta_hh: system/bta/hh/bta_hh_act.cc:1144 bta_hh_cback: HID_event [HID_HDEV_EVT_INTR_DATA]
09-26 11:52:05.092 31661 31681 V l2c_csm : system/stack/l2cap/l2c_csm.cc:1514 l2c_csm_open: Exit chnl_state=CST_OPEN [6], event=L2CEVT_L2CAP_DATA(0x14) [20]
09-26 11:52:05.092 31661 31681 V bt_bta_sys_main: system/bta/sys/bta_sys_main.cc:71 bta_sys_event: Event 0x1704
09-26 11:52:05.092 31661 31681 V bt_bta_hh: system/bta/hh/bta_hh_main.cc:174 bta_hh_sm_execute: State BTA_HH_CONN_ST(3), Event BTA_HH_INT_DATA_EVT(5892) for xx:xx:xx:xx:2b:83[public][BT_TRANSPORT_BR_EDR]
09-26 11:52:05.092 31661 31681 V bluetooth: system/btif/co/bta_hh_co.cc:773 bta_hh_co_data: dev_handle = 0
09-26 11:52:05.092 31661 31681 V bluetooth: system/btif/co/bta_hh_co.cc:653 bta_hh_co_write: UHID write 16
09-26 11:52:05.102 31661 31681 V l2c_csm : system/stack/l2cap/l2c_csm.cc:1335 l2c_csm_open: LCID: 0x004c  st: OPEN  evt: L2CEVT_L2CAP_DATA(0x14) psm: BT_PSM_HIDI(0x0013)
09-26 11:52:05.102 31661 31681 V bluetooth: system/stack/hid/hidh_conn.cc:701 hidh_l2cif_data_ind: HID-Host hidh_l2cif_data_ind [l2cap_cid=0x004c]
09-26 11:52:05.102 31661 31681 V bt_bta_hh: system/bta/hh/bta_hh_act.cc:1144 bta_hh_cback: HID_event [HID_HDEV_EVT_INTR_DATA]
09-26 11:52:05.102 31661 31681 V l2c_csm : system/stack/l2cap/l2c_csm.cc:1514 l2c_csm_open: Exit chnl_state=CST_OPEN [6], event=L2CEVT_L2CAP_DATA(0x14) [20]
09-26 11:52:05.102 31661 31681 V bt_bta_sys_main: system/bta/sys/bta_sys_main.cc:71 bta_sys_event: Event 0x1704
09-26 11:52:05.102 31661 31681 V bt_bta_hh: system/bta/hh/bta_hh_main.cc:174 bta_hh_sm_execute: State BTA_HH_CONN_ST(3), Event BTA_HH_INT_DATA_EVT(5892) for xx:xx:xx:xx:2b:83[public][BT_TRANSPORT_BR_EDR]
09-26 11:52:05.102 31661 31681 V bluetooth: system/btif/co/bta_hh_co.cc:773 bta_hh_co_data: dev_handle = 0
09-26 11:52:05.103 31661 31681 V bluetooth: system/btif/co/bta_hh_co.cc:653 bta_hh_co_write: UHID write 16
09-26 11:52:05.112 31661 31681 V l2c_csm : system/stack/l2cap/l2c_csm.cc:1335 l2c_csm_open: LCID: 0x004c  st: OPEN  evt: L2CEVT_L2CAP_DATA(0x14) psm: BT_PSM_HIDI(0x0013)
09-26 11:52:05.112 31661 31681 V bluetooth: system/stack/hid/hidh_conn.cc:701 hidh_l2cif_data_ind: HID-Host hidh_l2cif_data_ind [l2cap_cid=0x004c]
09-26 11:52:05.112 31661 31681 V bt_bta_hh: system/bta/hh/bta_hh_act.cc:1144 bta_hh_cback: HID_event [HID_HDEV_EVT_INTR_DATA]
09-26 11:52:05.112 31661 31681 V l2c_csm : system/stack/l2cap/l2c_csm.cc:1514 l2c_csm_open: Exit chnl_state=CST_OPEN [6], event=L2CEVT_L2CAP_DATA(0x14) [20]
09-26 11:52:05.112 31661 31681 V bt_bta_sys_main: system/bta/sys/bta_sys_main.cc:71 bta_sys_event: Event 0x1704
09-26 11:52:05.113 31661 31681 V bt_bta_hh: system/bta/hh/bta_hh_main.cc:174 bta_hh_sm_execute: State BTA_HH_CONN_ST(3), Event BTA_HH_INT_DATA_EVT(5892) for xx:xx:xx:xx:2b:83[public][BT_TRANSPORT_BR_EDR]
09-26 11:52:05.113 31661 31681 V bluetooth: system/btif/co/bta_hh_co.cc:773 bta_hh_co_data: dev_handle = 0
09-26 11:52:05.113 31661 31681 V bluetooth: system/btif/co/bta_hh_co.cc:653 bta_hh_co_write: UHID write 16
09-26 11:52:05.123 31661 31681 V l2c_csm : system/stack/l2cap/l2c_csm.cc:1335 l2c_csm_open: LCID: 0x004c  st: OPEN  evt: L2CEVT_L2CAP_DATA(0x14) psm: BT_PSM_HIDI(0x0013)
09-26 11:52:05.123 31661 31681 V bluetooth: system/stack/hid/hidh_conn.cc:701 hidh_l2cif_data_ind: HID-Host hidh_l2cif_data_ind [l2cap_cid=0x004c]
09-26 11:52:05.123 31661 31681 V bt_bta_hh: system/bta/hh/bta_hh_act.cc:1144 bta_hh_cback: HID_event [HID_HDEV_EVT_INTR_DATA]
09-26 11:52:05.123 31661 31681 V l2c_csm : system/stack/l2cap/l2c_csm.cc:1514 l2c_csm_open: Exit chnl_state=CST_OPEN [6], event=L2CEVT_L2CAP_DATA(0x14) [20]
09-26 11:52:05.123 31661 31681 V bt_bta_sys_main: system/bta/sys/bta_sys_main.cc:71 bta_sys_event: Event 0x1704
09-26 11:52:05.123 31661 31681 V bt_bta_hh: system/bta/hh/bta_hh_main.cc:174 bta_hh_sm_execute: State BTA_HH_CONN_ST(3), Event BTA_HH_INT_DATA_EVT(5892) for xx:xx:xx:xx:2b:83[public][BT_TRANSPORT_BR_EDR]
09-26 11:52:05.123 31661 31681 V bluetooth: system/btif/co/bta_hh_co.cc:773 bta_hh_co_data: dev_handle = 0
09-26 11:52:05.123 31661 31681 V bluetooth: system/btif/co/bta_hh_co.cc:653 bta_hh_co_write: UHID write 16
09-26 11:52:05.132 31661 31681 V l2c_csm : system/stack/l2cap/l2c_csm.cc:1335 l2c_csm_open: LCID: 0x004c  st: OPEN  evt: L2CEVT_L2CAP_DATA(0x14) psm: BT_PSM_HIDI(0x0013)
09-26 11:52:05.132 31661 31681 V bluetooth: system/stack/hid/hidh_conn.cc:701 hidh_l2cif_data_ind: HID-Host hidh_l2cif_data_ind [l2cap_cid=0x004c]
09-26 11:52:05.132 31661 31681 V bt_bta_hh: system/bta/hh/bta_hh_act.cc:1144 bta_hh_cback: HID_event [HID_HDEV_EVT_INTR_DATA]
09-26 11:52:05.132 31661 31681 V l2c_csm : system/stack/l2cap/l2c_csm.cc:1514 l2c_csm_open: Exit chnl_state=CST_OPEN [6], event=L2CEVT_L2CAP_DATA(0x14) [20]
09-26 11:52:05.132 31661 31681 V bt_bta_sys_main: system/bta/sys/bta_sys_main.cc:71 bta_sys_event: Event 0x1704
09-26 11:52:05.132 31661 31681 V bt_bta_hh: system/bta/hh/bta_hh_main.cc:174 bta_hh_sm_execute: State BTA_HH_CONN_ST(3), Event BTA_HH_INT_DATA_EVT(5892) for xx:xx:xx:xx:2b:83[public][BT_TRANSPORT_BR_EDR]
09-26 11:52:05.133 31661 31681 V bluetooth: system/btif/co/bta_hh_co.cc:773 bta_hh_co_data: dev_handle = 0
09-26 11:52:05.133 31661 31681 V bluetooth: system/btif/co/bta_hh_co.cc:653 bta_hh_co_write: UHID write 16
09-26 11:52:05.134  1616  1871 I SDM     : DisplayBase::CommitThread: Received idle timeout, panel: cmd, timeout: 70000 us
09-26 11:52:05.142 31661 31681 V l2c_csm : system/stack/l2cap/l2c_csm.cc:1335 l2c_csm_open: LCID: 0x004c  st: OPEN  evt: L2CEVT_L2CAP_DATA(0x14) psm: BT_PSM_HIDI(0x0013)
09-26 11:52:05.142 31661 31681 V bluetooth: system/stack/hid/hidh_conn.cc:701 hidh_l2cif_data_ind: HID-Host hidh_l2cif_data_ind [l2cap_cid=0x004c]
09-26 11:52:05.142 31661 31681 V bt_bta_hh: system/bta/hh/bta_hh_act.cc:1144 bta_hh_cback: HID_event [HID_HDEV_EVT_INTR_DATA]
09-26 11:52:05.142 31661 31681 V l2c_csm : system/stack/l2cap/l2c_csm.cc:1514 l2c_csm_open: Exit chnl_state=CST_OPEN [6], event=L2CEVT_L2CAP_DATA(0x14) [20]
09-26 11:52:05.142 31661 31681 V bt_bta_sys_main: system/bta/sys/bta_sys_main.cc:71 bta_sys_event: Event 0x1704
09-26 11:52:05.142 31661 31681 V bt_bta_hh: system/bta/hh/bta_hh_main.cc:174 bta_hh_sm_execute: State BTA_HH_CONN_ST(3), Event BTA_HH_INT_DATA_EVT(5892) for xx:xx:xx:xx:2b:83[public][BT_TRANSPORT_BR_EDR]
09-26 11:52:05.142 31661 31681 V bluetooth: system/btif/co/bta_hh_co.cc:773 bta_hh_co_data: dev_handle = 0
09-26 11:52:05.142 31661 31681 V bluetooth: system/btif/co/bta_hh_co.cc:653 bta_hh_co_write: UHID write 16
09-26 11:52:05.149  1570  1606 I android.hardware.thermal-service.qti: sensor: cpu-2-1-0 temperature: 95 old: 0 new: 3
09-26 11:52:05.152 31661 31681 V l2c_csm : system/stack/l2cap/l2c_csm.cc:1335 l2c_csm_open: LCID: 0x004c  st: OPEN  evt: L2CEVT_L2CAP_DATA(0x14) psm: BT_PSM_HIDI(0x0013)
09-26 11:52:05.152 31661 31681 V bluetooth: system/stack/hid/hidh_conn.cc:701 hidh_l2cif_data_ind: HID-Host hidh_l2cif_data_ind [l2cap_cid=0x004c]
09-26 11:52:05.152 31661 31681 V bt_bta_hh: system/bta/hh/bta_hh_act.cc:1144 bta_hh_cback: HID_event [HID_HDEV_EVT_INTR_DATA]
09-26 11:52:05.152 31661 31681 V l2c_csm : system/stack/l2cap/l2c_csm.cc:1514 l2c_csm_open: Exit chnl_state=CST_OPEN [6], event=L2CEVT_L2CAP_DATA(0x14) [20]
09-26 11:52:05.152 31661 31681 V bt_bta_sys_main: system/bta/sys/bta_sys_main.cc:71 bta_sys_event: Event 0x1704
09-26 11:52:05.152 31661 31681 V bt_bta_hh: system/bta/hh/bta_hh_main.cc:174 bta_hh_sm_execute: State BTA_HH_CONN_ST(3), Event BTA_HH_INT_DATA_EVT(5892) for xx:xx:xx:xx:2b:83[public][BT_TRANSPORT_BR_EDR]
09-26 11:52:05.152 31661 31681 V bluetooth: system/btif/co/bta_hh_co.cc:773 bta_hh_co_data: dev_handle = 0
09-26 11:52:05.152 31661 31681 V bluetooth: system/btif/co/bta_hh_co.cc:653 bta_hh_co_write: UHID write 16
09-26 11:52:05.154  1561  1561 I android.hardware.power-service-qti: Power setBoost: 0, duration: 0
09-26 11:52:05.155  1621  1722 E ANDR-PERF-RESOURCEQS: ANDR-PERF-RESOURCEQS: AddAndApply() 125: Resource with major=16, minor=30 not supported
09-26 11:52:05.155  1621  1722 E ANDR-PERF-RESOURCEQS: ANDR-PERF-RESOURCEQS: AddAndApply() 125: Resource with major=16, minor=31 not supported
09-26 11:52:05.156  1561  1561 E QTI PowerHAL: Failed to acquire lock.
09-26 11:52:05.156  1561  1561 E QTI PowerHAL: Failed process_boost for boost_handle
09-26 11:52:05.164 31661 31681 V l2c_csm : system/stack/l2cap/l2c_csm.cc:1335 l2c_csm_open: LCID: 0x004c  st: OPEN  evt: L2CEVT_L2CAP_DATA(0x14) psm: BT_PSM_HIDI(0x0013)
09-26 11:52:05.164 31661 31681 V bluetooth: system/stack/hid/hidh_conn.cc:701 hidh_l2cif_data_ind: HID-Host hidh_l2cif_data_ind [l2cap_cid=0x004c]
09-26 11:52:05.164 31661 31681 V bt_bta_hh: system/bta/hh/bta_hh_act.cc:1144 bta_hh_cback: HID_event [HID_HDEV_EVT_INTR_DATA]
09-26 11:52:05.164 31661 31681 V l2c_csm : system/stack/l2cap/l2c_csm.cc:1514 l2c_csm_open: Exit chnl_state=CST_OPEN [6], event=L2CEVT_L2CAP_DATA(0x14) [20]
09-26 11:52:05.164 31661 31681 V bt_bta_sys_main: system/bta/sys/bta_sys_main.cc:71 bta_sys_event: Event 0x1704
09-26 11:52:05.164 31661 31681 V bt_bta_hh: system/bta/hh/bta_hh_main.cc:174 bta_hh_sm_execute: State BTA_HH_CONN_ST(3), Event BTA_HH_INT_DATA_EVT(5892) for xx:xx:xx:xx:2b:83[public][BT_TRANSPORT_BR_EDR]
09-26 11:52:05.164 31661 31681 V bluetooth: system/btif/co/bta_hh_co.cc:773 bta_hh_co_data: dev_handle = 0
09-26 11:52:05.164 31661 31681 V bluetooth: system/btif/co/bta_hh_co.cc:653 bta_hh_co_write: UHID write 16
09-26 11:52:05.166 14961 14961 I S3PAD   : classify name='Xbox Wireless Controller' vid=1118 pid=736 sources=16778513 keyboardType=1 -> GAMEPAD/XBOX reason=gamepad-capability-or-identity
09-26 11:52:05.167 14961 14961 D S3PAD   : deviceKey via descriptor
09-26 11:52:05.172 31661 31681 V l2c_csm : system/stack/l2cap/l2c_csm.cc:1335 l2c_csm_open: LCID: 0x004c  st: OPEN  evt: L2CEVT_L2CAP_DATA(0x14) psm: BT_PSM_HIDI(0x0013)
09-26 11:52:05.172 31661 31681 V bluetooth: system/stack/hid/hidh_conn.cc:701 hidh_l2cif_data_ind: HID-Host hidh_l2cif_data_ind [l2cap_cid=0x004c]
09-26 11:52:05.172 31661 31681 V bt_bta_hh: system/bta/hh/bta_hh_act.cc:1144 bta_hh_cback: HID_event [HID_HDEV_EVT_INTR_DATA]
09-26 11:52:05.172 31661 31681 V l2c_csm : system/stack/l2cap/l2c_csm.cc:1514 l2c_csm_open: Exit chnl_state=CST_OPEN [6], event=L2CEVT_L2CAP_DATA(0x14) [20]
09-26 11:52:05.172 31661 31681 V bt_bta_sys_main: system/bta/sys/bta_sys_main.cc:71 bta_sys_event: Event 0x1704
09-26 11:52:05.172 31661 31681 V bt_bta_hh: system/bta/hh/bta_hh_main.cc:174 bta_hh_sm_execute: State BTA_HH_CONN_ST(3), Event BTA_HH_INT_DATA_EVT(5892) for xx:xx:xx:xx:2b:83[public][BT_TRANSPORT_BR_EDR]
09-26 11:52:05.172 31661 31681 V bluetooth: system/btif/co/bta_hh_co.cc:773 bta_hh_co_data: dev_handle = 0
09-26 11:52:05.172 31661 31681 V bluetooth: system/btif/co/bta_hh_co.cc:653 bta_hh_co_write: UHID write 16
09-26 11:52:05.182 31661 31681 V l2c_csm : system/stack/l2cap/l2c_csm.cc:1335 l2c_csm_open: LCID: 0x004c  st: OPEN  evt: L2CEVT_L2CAP_DATA(0x14) psm: BT_PSM_HIDI(0x0013)
09-26 11:52:05.182 31661 31681 V bluetooth: system/stack/hid/hidh_conn.cc:701 hidh_l2cif_data_ind: HID-Host hidh_l2cif_data_ind [l2cap_cid=0x004c]
09-26 11:52:05.182 31661 31681 V bt_bta_hh: system/bta/hh/bta_hh_act.cc:1144 bta_hh_cback: HID_event [HID_HDEV_EVT_INTR_DATA]
09-26 11:52:05.182 31661 31681 V l2c_csm : system/stack/l2cap/l2c_csm.cc:1514 l2c_csm_open: Exit chnl_state=CST_OPEN [6], event=L2CEVT_L2CAP_DATA(0x14) [20]
09-26 11:52:05.182 31661 31681 V bt_bta_sys_main: system/bta/sys/bta_sys_main.cc:71 bta_sys_event: Event 0x1704
09-26 11:52:05.182 31661 31681 V bt_bta_hh: system/bta/hh/bta_hh_main.cc:174 bta_hh_sm_execute: State BTA_HH_CONN_ST(3), Event BTA_HH_INT_DATA_EVT(5892) for xx:xx:xx:xx:2b:83[public][BT_TRANSPORT_BR_EDR]
09-26 11:52:05.182 31661 31681 V bluetooth: system/btif/co/bta_hh_co.cc:773 bta_hh_co_data: dev_handle = 0
09-26 11:52:05.182 31661 31681 V bluetooth: system/btif/co/bta_hh_co.cc:653 bta_hh_co_write: UHID write 16
09-26 11:52:05.192 31661 31681 V l2c_csm : system/stack/l2cap/l2c_csm.cc:1335 l2c_csm_open: LCID: 0x004c  st: OPEN  evt: L2CEVT_L2CAP_DATA(0x14) psm: BT_PSM_HIDI(0x0013)
09-26 11:52:05.192 31661 31681 V bluetooth: system/stack/hid/hidh_conn.cc:701 hidh_l2cif_data_ind: HID-Host hidh_l2cif_data_ind [l2cap_cid=0x004c]
09-26 11:52:05.192 31661 31681 V bt_bta_hh: system/bta/hh/bta_hh_act.cc:1144 bta_hh_cback: HID_event [HID_HDEV_EVT_INTR_DATA]
09-26 11:52:05.192 31661 31681 V l2c_csm : system/stack/l2cap/l2c_csm.cc:1514 l2c_csm_open: Exit chnl_state=CST_OPEN [6], event=L2CEVT_L2CAP_DATA(0x14) [20]
09-26 11:52:05.192 31661 31681 V bt_bta_sys_main: system/bta/sys/bta_sys_main.cc:71 bta_sys_event: Event 0x1704
09-26 11:52:05.192 31661 31681 V bt_bta_hh: system/bta/hh/bta_hh_main.cc:174 bta_hh_sm_execute: State BTA_HH_CONN_ST(3), Event BTA_HH_INT_DATA_EVT(5892) for xx:xx:xx:xx:2b:83[public][BT_TRANSPORT_BR_EDR]
09-26 11:52:05.192 31661 31681 V bluetooth: system/btif/co/bta_hh_co.cc:773 bta_hh_co_data: dev_handle = 0
09-26 11:52:05.192 31661 31681 V bluetooth: system/btif/co/bta_hh_co.cc:653 bta_hh_co_write: UHID write 16
09-26 11:52:05.193 14961 15002 D S3PERF  : crosscheck source=surface presented=6617 json_fps=11.546 json_frametime_ms=102.413
09-26 11:52:05.202 31661 31681 V l2c_csm : system/stack/l2cap/l2c_csm.cc:1335 l2c_csm_open: LCID: 0x004c  st: OPEN  evt: L2CEVT_L2CAP_DATA(0x14) psm: BT_PSM_HIDI(0x0013)
09-26 11:52:05.202 31661 31681 V bluetooth: system/stack/hid/hidh_conn.cc:701 hidh_l2cif_data_ind: HID-Host hidh_l2cif_data_ind [l2cap_cid=0x004c]
09-26 11:52:05.202 31661 31681 V bt_bta_hh: system/bta/hh/bta_hh_act.cc:1144 bta_hh_cback: HID_event [HID_HDEV_EVT_INTR_DATA]
09-26 11:52:05.202 31661 31681 V l2c_csm : system/stack/l2cap/l2c_csm.cc:1514 l2c_csm_open: Exit chnl_state=CST_OPEN [6], event=L2CEVT_L2CAP_DATA(0x14) [20]
09-26 11:52:05.202 31661 31681 V bt_bta_sys_main: system/bta/sys/bta_sys_main.cc:71 bta_sys_event: Event 0x1704
09-26 11:52:05.202 31661 31681 V bt_bta_hh: system/bta/hh/bta_hh_main.cc:174 bta_hh_sm_execute: State BTA_HH_CONN_ST(3), Event BTA_HH_INT_DATA_EVT(5892) for xx:xx:xx:xx:2b:83[public][BT_TRANSPORT_BR_EDR]
09-26 11:52:05.202 31661 31681 V bluetooth: system/btif/co/bta_hh_co.cc:773 bta_hh_co_data: dev_handle = 0
09-26 11:52:05.202 31661 31681 V bluetooth: system/btif/co/bta_hh_co.cc:653 bta_hh_co_write: UHID write 16
09-26 11:52:05.211  1570  1606 I android.hardware.thermal-service.qti: sensor: cpu-1-0-0 temperature: 89.9 old: 3 new: 0
09-26 11:52:05.213 31661 31681 V l2c_csm : system/stack/l2cap/l2c_csm.cc:1335 l2c_csm_open: LCID: 0x004c  st: OPEN  evt: L2CEVT_L2CAP_DATA(0x14) psm: BT_PSM_HIDI(0x0013)
09-26 11:52:05.213 31661 31681 V bluetooth: system/stack/hid/hidh_conn.cc:701 hidh_l2cif_data_ind: HID-Host hidh_l2cif_data_ind [l2cap_cid=0x004c]
09-26 11:52:05.213 31661 31681 V bt_bta_hh: system/bta/hh/bta_hh_act.cc:1144 bta_hh_cback: HID_event [HID_HDEV_EVT_INTR_DATA]
09-26 11:52:05.213 31661 31681 V l2c_csm : system/stack/l2cap/l2c_csm.cc:1514 l2c_csm_open: Exit chnl_state=CST_OPEN [6], event=L2CEVT_L2CAP_DATA(0x14) [20]
09-26 11:52:05.213 31661 31681 V bt_bta_sys_main: system/bta/sys/bta_sys_main.cc:71 bta_sys_event: Event 0x1704
09-26 11:52:05.213 31661 31681 V bt_bta_hh: system/bta/hh/bta_hh_main.cc:174 bta_hh_sm_execute: State BTA_HH_CONN_ST(3), Event BTA_HH_INT_DATA_EVT(5892) for xx:xx:xx:xx:2b:83[public][BT_TRANSPORT_BR_EDR]
09-26 11:52:05.213 31661 31681 V bluetooth: system/btif/co/bta_hh_co.cc:773 bta_hh_co_data: dev_handle = 0
09-26 11:52:05.213 31661 31681 V bluetooth: system/btif/co/bta_hh_co.cc:653 bta_hh_co_write: UHID write 16
09-26 11:52:05.222 31661 31681 V l2c_csm : system/stack/l2cap/l2c_csm.cc:1335 l2c_csm_open: LCID: 0x004c  st: OPEN  evt: L2CEVT_L2CAP_DATA(0x14) psm: BT_PSM_HIDI(0x0013)
09-26 11:52:05.222 31661 31681 V bluetooth: system/stack/hid/hidh_conn.cc:701 hidh_l2cif_data_ind: HID-Host hidh_l2cif_data_ind [l2cap_cid=0x004c]
09-26 11:52:05.222 31661 31681 V bt_bta_hh: system/bta/hh/bta_hh_act.cc:1144 bta_hh_cback: HID_event [HID_HDEV_EVT_INTR_DATA]
09-26 11:52:05.222 31661 31681 V l2c_csm : system/stack/l2cap/l2c_csm.cc:1514 l2c_csm_open: Exit chnl_state=CST_OPEN [6], event=L2CEVT_L2CAP_DATA(0x14) [20]
09-26 11:52:05.222 31661 31681 V bt_bta_sys_main: system/bta/sys/bta_sys_main.cc:71 bta_sys_event: Event 0x1704
09-26 11:52:05.222 31661 31681 V bt_bta_hh: system/bta/hh/bta_hh_main.cc:174 bta_hh_sm_execute: State BTA_HH_CONN_ST(3), Event BTA_HH_INT_DATA_EVT(5892) for xx:xx:xx:xx:2b:83[public][BT_TRANSPORT_BR_EDR]
09-26 11:52:05.222 31661 31681 V bluetooth: system/btif/co/bta_hh_co.cc:773 bta_hh_co_data: dev_handle = 0
09-26 11:52:05.222 31661 31681 V bluetooth: system/btif/co/bta_hh_co.cc:653 bta_hh_co_write: UHID write 16
09-26 11:52:05.233  1616  1871 I SDM     : DisplayBase::CommitThread: Received idle timeout, panel: cmd, timeout: 69999 us
09-26 11:52:05.235 31661 31681 V l2c_csm : system/stack/l2cap/l2c_csm.cc:1335 l2c_csm_open: LCID: 0x004c  st: OPEN  evt: L2CEVT_L2CAP_DATA(0x14) psm: BT_PSM_HIDI(0x0013)
09-26 11:52:05.235 31661 31681 V bluetooth: system/stack/hid/hidh_conn.cc:701 hidh_l2cif_data_ind: HID-Host hidh_l2cif_data_ind [l2cap_cid=0x004c]
09-26 11:52:05.235 31661 31681 V bt_bta_hh: system/bta/hh/bta_hh_act.cc:1144 bta_hh_cback: HID_event [HID_HDEV_EVT_INTR_DATA]
09-26 11:52:05.235 31661 31681 V l2c_csm : system/stack/l2cap/l2c_csm.cc:1514 l2c_csm_open: Exit chnl_state=CST_OPEN [6], event=L2CEVT_L2CAP_DATA(0x14) [20]
09-26 11:52:05.235 31661 31681 V bt_bta_sys_main: system/bta/sys/bta_sys_main.cc:71 bta_sys_event: Event 0x1704
09-26 11:52:05.235 31661 31681 V bt_bta_hh: system/bta/hh/bta_hh_main.cc:174 bta_hh_sm_execute: State BTA_HH_CONN_ST(3), Event BTA_HH_INT_DATA_EVT(5892) for xx:xx:xx:xx:2b:83[public][BT_TRANSPORT_BR_EDR]
09-26 11:52:05.235 31661 31681 V bluetooth: system/btif/co/bta_hh_co.cc:773 bta_hh_co_data: dev_handle = 0
09-26 11:52:05.235 31661 31681 V bluetooth: system/btif/co/bta_hh_co.cc:653 bta_hh_co_write: UHID write 16
09-26 11:52:05.242 31661 31681 V l2c_csm : system/stack/l2cap/l2c_csm.cc:1335 l2c_csm_open: LCID: 0x004c  st: OPEN  evt: L2CEVT_L2CAP_DATA(0x14) psm: BT_PSM_HIDI(0x0013)
09-26 11:52:05.242 31661 31681 V bluetooth: system/stack/hid/hidh_conn.cc:701 hidh_l2cif_data_ind: HID-Host hidh_l2cif_data_ind [l2cap_cid=0x004c]
09-26 11:52:05.242 31661 31681 V bt_bta_hh: system/bta/hh/bta_hh_act.cc:1144 bta_hh_cback: HID_event [HID_HDEV_EVT_INTR_DATA]
09-26 11:52:05.242 31661 31681 V l2c_csm : system/stack/l2cap/l2c_csm.cc:1514 l2c_csm_open: Exit chnl_state=CST_OPEN [6], event=L2CEVT_L2CAP_DATA(0x14) [20]
09-26 11:52:05.242 31661 31681 V bt_bta_sys_main: system/bta/sys/bta_sys_main.cc:71 bta_sys_event: Event 0x1704
09-26 11:52:05.242 31661 31681 V bt_bta_hh: system/bta/hh/bta_hh_main.cc:174 bta_hh_sm_execute: State BTA_HH_CONN_ST(3), Event BTA_HH_INT_DATA_EVT(5892) for xx:xx:xx:xx:2b:83[public][BT_TRANSPORT_BR_EDR]
09-26 11:52:05.242 31661 31681 V bluetooth: system/btif/co/bta_hh_co.cc:773 bta_hh_co_data: dev_handle = 0
09-26 11:52:05.242 31661 31681 V bluetooth: system/btif/co/bta_hh_co.cc:653 bta_hh_co_write: UHID write 16
09-26 11:52:05.252 31661 31681 V l2c_csm : system/stack/l2cap/l2c_csm.cc:1335 l2c_csm_open: LCID: 0x004c  st: OPEN  evt: L2CEVT_L2CAP_DATA(0x14) psm: BT_PSM_HIDI(0x0013)
09-26 11:52:05.252 31661 31681 V bluetooth: system/stack/hid/hidh_conn.cc:701 hidh_l2cif_data_ind: HID-Host hidh_l2cif_data_ind [l2cap_cid=0x004c]
09-26 11:52:05.252 31661 31681 V bt_bta_hh: system/bta/hh/bta_hh_act.cc:1144 bta_hh_cback: HID_event [HID_HDEV_EVT_INTR_DATA]
09-26 11:52:05.252 31661 31681 V l2c_csm : system/stack/l2cap/l2c_csm.cc:1514 l2c_csm_open: Exit chnl_state=CST_OPEN [6], event=L2CEVT_L2CAP_DATA(0x14) [20]
09-26 11:52:05.252 31661 31681 V bt_bta_sys_main: system/bta/sys/bta_sys_main.cc:71 bta_sys_event: Event 0x1704
09-26 11:52:05.252 31661 31681 V bt_bta_hh: system/bta/hh/bta_hh_main.cc:174 bta_hh_sm_execute: State BTA_HH_CONN_ST(3), Event BTA_HH_INT_DATA_EVT(5892) for xx:xx:xx:xx:2b:83[public][BT_TRANSPORT_BR_EDR]
09-26 11:52:05.252 31661 31681 V bluetooth: system/btif/co/bta_hh_co.cc:773 bta_hh_co_data: dev_handle = 0
09-26 11:52:05.252 31661 31681 V bluetooth: system/btif/co/bta_hh_co.cc:653 bta_hh_co_write: UHID write 16
09-26 11:52:05.262 31661 31681 V l2c_csm : system/stack/l2cap/l2c_csm.cc:1335 l2c_csm_open: LCID: 0x004c  st: OPEN  evt: L2CEVT_L2CAP_DATA(0x14) psm: BT_PSM_HIDI(0x0013)
09-26 11:52:05.262 31661 31681 V bluetooth: system/stack/hid/hidh_conn.cc:701 hidh_l2cif_data_ind: HID-Host hidh_l2cif_data_ind [l2cap_cid=0x004c]
09-26 11:52:05.262 31661 31681 V bt_bta_hh: system/bta/hh/bta_hh_act.cc:1144 bta_hh_cback: HID_event [HID_HDEV_EVT_INTR_DATA]
09-26 11:52:05.262 31661 31681 V l2c_csm : system/stack/l2cap/l2c_csm.cc:1514 l2c_csm_open: Exit chnl_state=CST_OPEN [6], event=L2CEVT_L2CAP_DATA(0x14) [20]
09-26 11:52:05.262 31661 31681 V bt_bta_sys_main: system/bta/sys/bta_sys_main.cc:71 bta_sys_event: Event 0x1704
09-26 11:52:05.262 31661 31681 V bt_bta_hh: system/bta/hh/bta_hh_main.cc:174 bta_hh_sm_execute: State BTA_HH_CONN_ST(3), Event BTA_HH_INT_DATA_EVT(5892) for xx:xx:xx:xx:2b:83[public][BT_TRANSPORT_BR_EDR]
09-26 11:52:05.262 31661 31681 V bluetooth: system/btif/co/bta_hh_co.cc:773 bta_hh_co_data: dev_handle = 0
09-26 11:52:05.262 31661 31681 V bluetooth: system/btif/co/bta_hh_co.cc:653 bta_hh_co_write: UHID write 16
09-26 11:52:05.272  1570  1606 I android.hardware.thermal-service.qti: sensor: cpu-1-2-0 temperature: 95 old: 0 new: 3
09-26 11:52:05.272 31661 31681 V l2c_csm : system/stack/l2cap/l2c_csm.cc:1335 l2c_csm_open: LCID: 0x004c  st: OPEN  evt: L2CEVT_L2CAP_DATA(0x14) psm: BT_PSM_HIDI(0x0013)
09-26 11:52:05.272 31661 31681 V bluetooth: system/stack/hid/hidh_conn.cc:701 hidh_l2cif_data_ind: HID-Host hidh_l2cif_data_ind [l2cap_cid=0x004c]
09-26 11:52:05.272 31661 31681 V bt_bta_hh: system/bta/hh/bta_hh_act.cc:1144 bta_hh_cback: HID_event [HID_HDEV_EVT_INTR_DATA]
09-26 11:52:05.272 31661 31681 V l2c_csm : system/stack/l2cap/l2c_csm.cc:1514 l2c_csm_open: Exit chnl_state=CST_OPEN [6], event=L2CEVT_L2CAP_DATA(0x14) [20]
09-26 11:52:05.272 31661 31681 V bt_bta_sys_main: system/bta/sys/bta_sys_main.cc:71 bta_sys_event: Event 0x1704
09-26 11:52:05.272 31661 31681 V bt_bta_hh: system/bta/hh/bta_hh_main.cc:174 bta_hh_sm_execute: State BTA_HH_CONN_ST(3), Event BTA_HH_INT_DATA_EVT(5892) for xx:xx:xx:xx:2b:83[public][BT_TRANSPORT_BR_EDR]
09-26 11:52:05.272 31661 31681 V bluetooth: system/btif/co/bta_hh_co.cc:773 bta_hh_co_data: dev_handle = 0
09-26 11:52:05.272 31661 31681 V bluetooth: system/btif/co/bta_hh_co.cc:653 bta_hh_co_write: UHID write 16
09-26 11:52:05.273  1570  1606 I android.hardware.thermal-service.qti: sensor: cpu-1-0-0 temperature: 95 old: 0 new: 3
09-26 11:52:05.282 31661 31681 V l2c_csm : system/stack/l2cap/l2c_csm.cc:1335 l2c_csm_open: LCID: 0x004c  st: OPEN  evt: L2CEVT_L2CAP_DATA(0x14) psm: BT_PSM_HIDI(0x0013)
09-26 11:52:05.282 31661 31681 V bluetooth: system/stack/hid/hidh_conn.cc:701 hidh_l2cif_data_ind: HID-Host hidh_l2cif_data_ind [l2cap_cid=0x004c]
09-26 11:52:05.282 31661 31681 V bt_bta_hh: system/bta/hh/bta_hh_act.cc:1144 bta_hh_cback: HID_event [HID_HDEV_EVT_INTR_DATA]
09-26 11:52:05.282 31661 31681 V l2c_csm : system/stack/l2cap/l2c_csm.cc:1514 l2c_csm_open: Exit chnl_state=CST_OPEN [6], event=L2CEVT_L2CAP_DATA(0x14) [20]
09-26 11:52:05.282 31661 31681 V bt_bta_sys_main: system/bta/sys/bta_sys_main.cc:71 bta_sys_event: Event 0x1704
09-26 11:52:05.282 31661 31681 V bt_bta_hh: system/bta/hh/bta_hh_main.cc:174 bta_hh_sm_execute: State BTA_HH_CONN_ST(3), Event BTA_HH_INT_DATA_EVT(5892) for xx:xx:xx:xx:2b:83[public][BT_TRANSPORT_BR_EDR]
09-26 11:52:05.282 31661 31681 V bluetooth: system/btif/co/bta_hh_co.cc:773 bta_hh_co_data: dev_handle = 0
09-26 11:52:05.282 31661 31681 V bluetooth: system/btif/co/bta_hh_co.cc:653 bta_hh_co_write: UHID write 16
09-26 11:52:05.292 31661 31681 V l2c_csm : system/stack/l2cap/l2c_csm.cc:1335 l2c_csm_open: LCID: 0x004c  st: OPEN  evt: L2CEVT_L2CAP_DATA(0x14) psm: BT_PSM_HIDI(0x0013)
09-26 11:52:05.292 31661 31681 V bluetooth: system/stack/hid/hidh_conn.cc:701 hidh_l2cif_data_ind: HID-Host hidh_l2cif_data_ind [l2cap_cid=0x004c]
09-26 11:52:05.292 31661 31681 V bt_bta_hh: system/bta/hh/bta_hh_act.cc:1144 bta_hh_cback: HID_event [HID_HDEV_EVT_INTR_DATA]
09-26 11:52:05.292 31661 31681 V l2c_csm : system/stack/l2cap/l2c_csm.cc:1514 l2c_csm_open: Exit chnl_state=CST_OPEN [6], event=L2CEVT_L2CAP_DATA(0x14) [20]
09-26 11:52:05.292 31661 31681 V bt_bta_sys_main: system/bta/sys/bta_sys_main.cc:71 bta_sys_event: Event 0x1704
09-26 11:52:05.292 31661 31681 V bt_bta_hh: system/bta/hh/bta_hh_main.cc:174 bta_hh_sm_execute: State BTA_HH_CONN_ST(3), Event BTA_HH_INT_DATA_EVT(5892) for xx:xx:xx:xx:2b:83[public][BT_TRANSPORT_BR_EDR]
09-26 11:52:05.292 31661 31681 V bluetooth: system/btif/co/bta_hh_co.cc:773 bta_hh_co_data: dev_handle = 0
09-26 11:52:05.292 31661 31681 V bluetooth: system/btif/co/bta_hh_co.cc:653 bta_hh_co_write: UHID write 16
09-26 11:52:05.302 31661 31681 V l2c_csm : system/stack/l2cap/l2c_csm.cc:1335 l2c_csm_open: LCID: 0x004c  st: OPEN  evt: L2CEVT_L2CAP_DATA(0x14) psm: BT_PSM_HIDI(0x0013)
09-26 11:52:05.302 31661 31681 V bluetooth: system/stack/hid/hidh_conn.cc:701 hidh_l2cif_data_ind: HID-Host hidh_l2cif_data_ind [l2cap_cid=0x004c]
09-26 11:52:05.302 31661 31681 V bt_bta_hh: system/bta/hh/bta_hh_act.cc:1144 bta_hh_cback: HID_event [HID_HDEV_EVT_INTR_DATA]
09-26 11:52:05.302 31661 31681 V l2c_csm : system/stack/l2cap/l2c_csm.cc:1514 l2c_csm_open: Exit chnl_state=CST_OPEN [6], event=L2CEVT_L2CAP_DATA(0x14) [20]
09-26 11:52:05.302 31661 31681 V bt_bta_sys_main: system/bta/sys/bta_sys_main.cc:71 bta_sys_event: Event 0x1704
09-26 11:52:05.302 31661 31681 V bt_bta_hh: system/bta/hh/bta_hh_main.cc:174 bta_hh_sm_execute: State BTA_HH_CONN_ST(3), Event BTA_HH_INT_DATA_EVT(5892) for xx:xx:xx:xx:2b:83[public][BT_TRANSPORT_BR_EDR]
09-26 11:52:05.302 31661 31681 V bluetooth: system/btif/co/bta_hh_co.cc:773 bta_hh_co_data: dev_handle = 0
09-26 11:52:05.302 31661 31681 V bluetooth: system/btif/co/bta_hh_co.cc:653 bta_hh_co_write: UHID write 16
09-26 11:52:05.303  1561  1561 I android.hardware.power-service-qti: Power setBoost: 0, duration: 0
09-26 11:52:05.306  1616  1871 I SDM     : DisplayBase::CommitThread: Received idle timeout, panel: cmd, timeout: 70000 us
09-26 11:52:05.313 31661 31681 V l2c_csm : system/stack/l2cap/l2c_csm.cc:1335 l2c_csm_open: LCID: 0x004c  st: OPEN  evt: L2CEVT_L2CAP_DATA(0x14) psm: BT_PSM_HIDI(0x0013)
09-26 11:52:05.313 31661 31681 V bluetooth: system/stack/hid/hidh_conn.cc:701 hidh_l2cif_data_ind: HID-Host hidh_l2cif_data_ind [l2cap_cid=0x004c]
09-26 11:52:05.313 31661 31681 V bt_bta_hh: system/bta/hh/bta_hh_act.cc:1144 bta_hh_cback: HID_event [HID_HDEV_EVT_INTR_DATA]
09-26 11:52:05.313 31661 31681 V l2c_csm : system/stack/l2cap/l2c_csm.cc:1514 l2c_csm_open: Exit chnl_state=CST_OPEN [6], event=L2CEVT_L2CAP_DATA(0x14) [20]
09-26 11:52:05.313 31661 31681 V bt_bta_sys_main: system/bta/sys/bta_sys_main.cc:71 bta_sys_event: Event 0x1704
09-26 11:52:05.313 31661 31681 V bt_bta_hh: system/bta/hh/bta_hh_main.cc:174 bta_hh_sm_execute: State BTA_HH_CONN_ST(3), Event BTA_HH_INT_DATA_EVT(5892) for xx:xx:xx:xx:2b:83[public][BT_TRANSPORT_BR_EDR]
09-26 11:52:05.313 31661 31681 V bluetooth: system/btif/co/bta_hh_co.cc:773 bta_hh_co_data: dev_handle = 0
09-26 11:52:05.313 31661 31681 V bluetooth: system/btif/co/bta_hh_co.cc:653 bta_hh_co_write: UHID write 16
09-26 11:52:05.315 14961 14961 I S3PAD   : classify name='Xbox Wireless Controller' vid=1118 pid=736 sources=16778513 keyboardType=1 -> GAMEPAD/XBOX reason=gamepad-capability-or-identity
09-26 11:52:05.316 14961 14961 D S3PAD   : deviceKey via descriptor
09-26 11:52:05.322 31661 31681 V l2c_csm : system/stack/l2cap/l2c_csm.cc:1335 l2c_csm_open: LCID: 0x004c  st: OPEN  evt: L2CEVT_L2CAP_DATA(0x14) psm: BT_PSM_HIDI(0x0013)
09-26 11:52:05.322 31661 31681 V bluetooth: system/stack/hid/hidh_conn.cc:701 hidh_l2cif_data_ind: HID-Host hidh_l2cif_data_ind [l2cap_cid=0x004c]
09-26 11:52:05.322 31661 31681 V bt_bta_hh: system/bta/hh/bta_hh_act.cc:1144 bta_hh_cback: HID_event [HID_HDEV_EVT_INTR_DATA]
09-26 11:52:05.322 31661 31681 V l2c_csm : system/stack/l2cap/l2c_csm.cc:1514 l2c_csm_open: Exit chnl_state=CST_OPEN [6], event=L2CEVT_L2CAP_DATA(0x14) [20]
09-26 11:52:05.322 31661 31681 V bt_bta_sys_main: system/bta/sys/bta_sys_main.cc:71 bta_sys_event: Event 0x1704
09-26 11:52:05.322 31661 31681 V bt_bta_hh: system/bta/hh/bta_hh_main.cc:174 bta_hh_sm_execute: State BTA_HH_CONN_ST(3), Event BTA_HH_INT_DATA_EVT(5892) for xx:xx:xx:xx:2b:83[public][BT_TRANSPORT_BR_EDR]
09-26 11:52:05.322 31661 31681 V bluetooth: system/btif/co/bta_hh_co.cc:773 bta_hh_co_data: dev_handle = 0
09-26 11:52:05.322 31661 31681 V bluetooth: system/btif/co/bta_hh_co.cc:653 bta_hh_co_write: UHID write 16
09-26 11:52:05.325  1570  1606 I android.hardware.thermal-service.qti: sensor: cpu-1-2-0 temperature: 89.9 old: 3 new: 0
09-26 11:52:05.332 31661 31681 V l2c_csm : system/stack/l2cap/l2c_csm.cc:1335 l2c_csm_open: LCID: 0x004c  st: OPEN  evt: L2CEVT_L2CAP_DATA(0x14) psm: BT_PSM_HIDI(0x0013)
09-26 11:52:05.332 31661 31681 V bluetooth: system/stack/hid/hidh_conn.cc:701 hidh_l2cif_data_ind: HID-Host hidh_l2cif_data_ind [l2cap_cid=0x004c]
09-26 11:52:05.332 31661 31681 V bt_bta_hh: system/bta/hh/bta_hh_act.cc:1144 bta_hh_cback: HID_event [HID_HDEV_EVT_INTR_DATA]
09-26 11:52:05.332 31661 31681 V l2c_csm : system/stack/l2cap/l2c_csm.cc:1514 l2c_csm_open: Exit chnl_state=CST_OPEN [6], event=L2CEVT_L2CAP_DATA(0x14) [20]
09-26 11:52:05.332 31661 31681 V bt_bta_sys_main: system/bta/sys/bta_sys_main.cc:71 bta_sys_event: Event 0x1704
09-26 11:52:05.332 31661 31681 V bt_bta_hh: system/bta/hh/bta_hh_main.cc:174 bta_hh_sm_execute: State BTA_HH_CONN_ST(3), Event BTA_HH_INT_DATA_EVT(5892) for xx:xx:xx:xx:2b:83[public][BT_TRANSPORT_BR_EDR]
09-26 11:52:05.332 31661 31681 V bluetooth: system/btif/co/bta_hh_co.cc:773 bta_hh_co_data: dev_handle = 0
09-26 11:52:05.332 31661 31681 V bluetooth: system/btif/co/bta_hh_co.cc:653 bta_hh_co_write: UHID write 16
09-26 11:52:05.342 31661 31681 V l2c_csm : system/stack/l2cap/l2c_csm.cc:1335 l2c_csm_open: LCID: 0x004c  st: OPEN  evt: L2CEVT_L2CAP_DATA(0x14) psm: BT_PSM_HIDI(0x0013)
09-26 11:52:05.342 31661 31681 V bluetooth: system/stack/hid/hidh_conn.cc:701 hidh_l2cif_data_ind: HID-Host hidh_l2cif_data_ind [l2cap_cid=0x004c]
09-26 11:52:05.342 31661 31681 V bt_bta_hh: system/bta/hh/bta_hh_act.cc:1144 bta_hh_cback: HID_event [HID_HDEV_EVT_INTR_DATA]
09-26 11:52:05.342 31661 31681 V l2c_csm : system/stack/l2cap/l2c_csm.cc:1514 l2c_csm_open: Exit chnl_state=CST_OPEN [6], event=L2CEVT_L2CAP_DATA(0x14) [20]
09-26 11:52:05.342 31661 31681 V bt_bta_sys_main: system/bta/sys/bta_sys_main.cc:71 bta_sys_event: Event 0x1704
09-26 11:52:05.342 31661 31681 V bt_bta_hh: system/bta/hh/bta_hh_main.cc:174 bta_hh_sm_execute: State BTA_HH_CONN_ST(3), Event BTA_HH_INT_DATA_EVT(5892) for xx:xx:xx:xx:2b:83[public][BT_TRANSPORT_BR_EDR]
09-26 11:52:05.342 31661 31681 V bluetooth: system/btif/co/bta_hh_co.cc:773 bta_hh_co_data: dev_handle = 0
09-26 11:52:05.342 31661 31681 V bluetooth: system/btif/co/bta_hh_co.cc:653 bta_hh_co_write: UHID write 16
09-26 11:52:05.352 31661 31681 V l2c_csm : system/stack/l2cap/l2c_csm.cc:1335 l2c_csm_open: LCID: 0x004c  st: OPEN  evt: L2CEVT_L2CAP_DATA(0x14) psm: BT_PSM_HIDI(0x0013)
09-26 11:52:05.352 31661 31681 V bluetooth: system/stack/hid/hidh_conn.cc:701 hidh_l2cif_data_ind: HID-Host hidh_l2cif_data_ind [l2cap_cid=0x004c]
09-26 11:52:05.352 31661 31681 V bt_bta_hh: system/bta/hh/bta_hh_act.cc:1144 bta_hh_cback: HID_event [HID_HDEV_EVT_INTR_DATA]
09-26 11:52:05.352 31661 31681 V l2c_csm : system/stack/l2cap/l2c_csm.cc:1514 l2c_csm_open: Exit chnl_state=CST_OPEN [6], event=L2CEVT_L2CAP_DATA(0x14) [20]
09-26 11:52:05.352 31661 31681 V bt_bta_sys_main: system/bta/sys/bta_sys_main.cc:71 bta_sys_event: Event 0x1704
09-26 11:52:05.352 31661 31681 V bt_bta_hh: system/bta/hh/bta_hh_main.cc:174 bta_hh_sm_execute: State BTA_HH_CONN_ST(3), Event BTA_HH_INT_DATA_EVT(5892) for xx:xx:xx:xx:2b:83[public][BT_TRANSPORT_BR_EDR]
09-26 11:52:05.352 31661 31681 V bluetooth: system/btif/co/bta_hh_co.cc:773 bta_hh_co_data: dev_handle = 0
09-26 11:52:05.352 31661 31681 V bluetooth: system/btif/co/bta_hh_co.cc:653 bta_hh_co_write: UHID write 16
09-26 11:52:05.362 31661 31681 V l2c_csm : system/stack/l2cap/l2c_csm.cc:1335 l2c_csm_open: LCID: 0x004c  st: OPEN  evt: L2CEVT_L2CAP_DATA(0x14) psm: BT_PSM_HIDI(0x0013)
09-26 11:52:05.362 31661 31681 V bluetooth: system/stack/hid/hidh_conn.cc:701 hidh_l2cif_data_ind: HID-Host hidh_l2cif_data_ind [l2cap_cid=0x004c]
09-26 11:52:05.362 31661 31681 V bt_bta_hh: system/bta/hh/bta_hh_act.cc:1144 bta_hh_cback: HID_event [HID_HDEV_EVT_INTR_DATA]
09-26 11:52:05.362 31661 31681 V l2c_csm : system/stack/l2cap/l2c_csm.cc:1514 l2c_csm_open: Exit chnl_state=CST_OPEN [6], event=L2CEVT_L2CAP_DATA(0x14) [20]
09-26 11:52:05.362 31661 31681 V bt_bta_sys_main: system/bta/sys/bta_sys_main.cc:71 bta_sys_event: Event 0x1704
09-26 11:52:05.362 31661 31681 V bt_bta_hh: system/bta/hh/bta_hh_main.cc:174 bta_hh_sm_execute: State BTA_HH_CONN_ST(3), Event BTA_HH_INT_DATA_EVT(5892) for xx:xx:xx:xx:2b:83[public][BT_TRANSPORT_BR_EDR]
09-26 11:52:05.362 31661 31681 V bluetooth: system/btif/co/bta_hh_co.cc:773 bta_hh_co_data: dev_handle = 0
09-26 11:52:05.362 31661 31681 V bluetooth: system/btif/co/bta_hh_co.cc:653 bta_hh_co_write: UHID write 16
09-26 11:52:05.372 31661 31681 V l2c_csm : system/stack/l2cap/l2c_csm.cc:1335 l2c_csm_open: LCID: 0x004c  st: OPEN  evt: L2CEVT_L2CAP_DATA(0x14) psm: BT_PSM_HIDI(0x0013)
09-26 11:52:05.372 31661 31681 V bluetooth: system/stack/hid/hidh_conn.cc:701 hidh_l2cif_data_ind: HID-Host hidh_l2cif_data_ind [l2cap_cid=0x004c]
09-26 11:52:05.372 31661 31681 V bt_bta_hh: system/bta/hh/bta_hh_act.cc:1144 bta_hh_cback: HID_event [HID_HDEV_EVT_INTR_DATA]
09-26 11:52:05.372 31661 31681 V l2c_csm : system/stack/l2cap/l2c_csm.cc:1514 l2c_csm_open: Exit chnl_state=CST_OPEN [6], event=L2CEVT_L2CAP_DATA(0x14) [20]
09-26 11:52:05.372 31661 31681 V bt_bta_sys_main: system/bta/sys/bta_sys_main.cc:71 bta_sys_event: Event 0x1704
09-26 11:52:05.372 31661 31681 V bt_bta_hh: system/bta/hh/bta_hh_main.cc:174 bta_hh_sm_execute: State BTA_HH_CONN_ST(3), Event BTA_HH_INT_DATA_EVT(5892) for xx:xx:xx:xx:2b:83[public][BT_TRANSPORT_BR_EDR]
09-26 11:52:05.372 31661 31681 V bluetooth: system/btif/co/bta_hh_co.cc:773 bta_hh_co_data: dev_handle = 0
09-26 11:52:05.372 31661 31681 V bluetooth: system/btif/co/bta_hh_co.cc:653 bta_hh_co_write: UHID write 16
09-26 11:52:05.382  1616  1871 I SDM     : DisplayBase::CommitThread: Received idle timeout, panel: cmd, timeout: 70000 us
09-26 11:52:05.382 31661 31681 V l2c_csm : system/stack/l2cap/l2c_csm.cc:1335 l2c_csm_open: LCID: 0x004c  st: OPEN  evt: L2CEVT_L2CAP_DATA(0x14) psm: BT_PSM_HIDI(0x0013)
09-26 11:52:05.382 31661 31681 V bluetooth: system/stack/hid/hidh_conn.cc:701 hidh_l2cif_data_ind: HID-Host hidh_l2cif_data_ind [l2cap_cid=0x004c]
09-26 11:52:05.382 31661 31681 V bt_bta_hh: system/bta/hh/bta_hh_act.cc:1144 bta_hh_cback: HID_event [HID_HDEV_EVT_INTR_DATA]
09-26 11:52:05.382 31661 31681 V l2c_csm : system/stack/l2cap/l2c_csm.cc:1514 l2c_csm_open: Exit chnl_state=CST_OPEN [6], event=L2CEVT_L2CAP_DATA(0x14) [20]
09-26 11:52:05.382 31661 31681 V bt_bta_sys_main: system/bta/sys/bta_sys_main.cc:71 bta_sys_event: Event 0x1704
09-26 11:52:05.382 31661 31681 V bt_bta_hh: system/bta/hh/bta_hh_main.cc:174 bta_hh_sm_execute: State BTA_HH_CONN_ST(3), Event BTA_HH_INT_DATA_EVT(5892) for xx:xx:xx:xx:2b:83[public][BT_TRANSPORT_BR_EDR]
09-26 11:52:05.382 31661 31681 V bluetooth: system/btif/co/bta_hh_co.cc:773 bta_hh_co_data: dev_handle = 0
09-26 11:52:05.382 31661 31681 V bluetooth: system/btif/co/bta_hh_co.cc:653 bta_hh_co_write: UHID write 16
09-26 11:52:05.392 31661 31681 V l2c_csm : system/stack/l2cap/l2c_csm.cc:1335 l2c_csm_open: LCID: 0x004c  st: OPEN  evt: L2CEVT_L2CAP_DATA(0x14) psm: BT_PSM_HIDI(0x0013)
09-26 11:52:05.392 31661 31681 V bluetooth: system/stack/hid/hidh_conn.cc:701 hidh_l2cif_data_ind: HID-Host hidh_l2cif_data_ind [l2cap_cid=0x004c]
09-26 11:52:05.392 31661 31681 V bt_bta_hh: system/bta/hh/bta_hh_act.cc:1144 bta_hh_cback: HID_event [HID_HDEV_EVT_INTR_DATA]
09-26 11:52:05.392 31661 31681 V l2c_csm : system/stack/l2cap/l2c_csm.cc:1514 l2c_csm_open: Exit chnl_state=CST_OPEN [6], event=L2CEVT_L2CAP_DATA(0x14) [20]
09-26 11:52:05.392 31661 31681 V bt_bta_sys_main: system/bta/sys/bta_sys_main.cc:71 bta_sys_event: Event 0x1704
09-26 11:52:05.392 31661 31681 V bt_bta_hh: system/bta/hh/bta_hh_main.cc:174 bta_hh_sm_execute: State BTA_HH_CONN_ST(3), Event BTA_HH_INT_DATA_EVT(5892) for xx:xx:xx:xx:2b:83[public][BT_TRANSPORT_BR_EDR]
09-26 11:52:05.392 31661 31681 V bluetooth: system/btif/co/bta_hh_co.cc:773 bta_hh_co_data: dev_handle = 0
09-26 11:52:05.392 31661 31681 V bluetooth: system/btif/co/bta_hh_co.cc:653 bta_hh_co_write: UHID write 16
09-26 11:52:05.402 31661 31681 V l2c_csm : system/stack/l2cap/l2c_csm.cc:1335 l2c_csm_open: LCID: 0x004c  st: OPEN  evt: L2CEVT_L2CAP_DATA(0x14) psm: BT_PSM_HIDI(0x0013)
09-26 11:52:05.402 31661 31681 V bluetooth: system/stack/hid/hidh_conn.cc:701 hidh_l2cif_data_ind: HID-Host hidh_l2cif_data_ind [l2cap_cid=0x004c]
09-26 11:52:05.402 31661 31681 V bt_bta_hh: system/bta/hh/bta_hh_act.cc:1144 bta_hh_cback: HID_event [HID_HDEV_EVT_INTR_DATA]
09-26 11:52:05.402 31661 31681 V l2c_csm : system/stack/l2cap/l2c_csm.cc:1514 l2c_csm_open: Exit chnl_state=CST_OPEN [6], event=L2CEVT_L2CAP_DATA(0x14) [20]
09-26 11:52:05.402 31661 31681 V bt_bta_sys_main: system/bta/sys/bta_sys_main.cc:71 bta_sys_event: Event 0x1704
09-26 11:52:05.402 31661 31681 V bt_bta_hh: system/bta/hh/bta_hh_main.cc:174 bta_hh_sm_execute: State BTA_HH_CONN_ST(3), Event BTA_HH_INT_DATA_EVT(5892) for xx:xx:xx:xx:2b:83[public][BT_TRANSPORT_BR_EDR]
09-26 11:52:05.402 31661 31681 V bluetooth: system/btif/co/bta_hh_co.cc:773 bta_hh_co_data: dev_handle = 0
09-26 11:52:05.402 31661 31681 V bluetooth: system/btif/co/bta_hh_co.cc:653 bta_hh_co_write: UHID write 16
09-26 11:52:05.412 31661 31681 V l2c_csm : system/stack/l2cap/l2c_csm.cc:1335 l2c_csm_open: LCID: 0x004c  st: OPEN  evt: L2CEVT_L2CAP_DATA(0x14) psm: BT_PSM_HIDI(0x0013)
09-26 11:52:05.412 31661 31681 V bluetooth: system/stack/hid/hidh_conn.cc:701 hidh_l2cif_data_ind: HID-Host hidh_l2cif_data_ind [l2cap_cid=0x004c]
09-26 11:52:05.412 31661 31681 V bt_bta_hh: system/bta/hh/bta_hh_act.cc:1144 bta_hh_cback: HID_event [HID_HDEV_EVT_INTR_DATA]
09-26 11:52:05.412 31661 31681 V l2c_csm : system/stack/l2cap/l2c_csm.cc:1514 l2c_csm_open: Exit chnl_state=CST_OPEN [6], event=L2CEVT_L2CAP_DATA(0x14) [20]
09-26 11:52:05.412 31661 31681 V bt_bta_sys_main: system/bta/sys/bta_sys_main.cc:71 bta_sys_event: Event 0x1704
09-26 11:52:05.412 31661 31681 V bt_bta_hh: system/bta/hh/bta_hh_main.cc:174 bta_hh_sm_execute: State BTA_HH_CONN_ST(3), Event BTA_HH_INT_DATA_EVT(5892) for xx:xx:xx:xx:2b:83[public][BT_TRANSPORT_BR_EDR]
09-26 11:52:05.412 31661 31681 V bluetooth: system/btif/co/bta_hh_co.cc:773 bta_hh_co_data: dev_handle = 0
09-26 11:52:05.412 31661 31681 V bluetooth: system/btif/co/bta_hh_co.cc:653 bta_hh_co_write: UHID write 16
09-26 11:52:05.418  1621  5332 E ANDR-PERF-LM: SilkyScrolls: emptyContentDetection() 762: empty Content found
09-26 11:52:05.422 31661 31681 V l2c_csm : system/stack/l2cap/l2c_csm.cc:1335 l2c_csm_open: LCID: 0x004c  st: OPEN  evt: L2CEVT_L2CAP_DATA(0x14) psm: BT_PSM_HIDI(0x0013)
09-26 11:52:05.422 31661 31681 V bluetooth: system/stack/hid/hidh_conn.cc:701 hidh_l2cif_data_ind: HID-Host hidh_l2cif_data_ind [l2cap_cid=0x004c]
09-26 11:52:05.422 31661 31681 V bt_bta_hh: system/bta/hh/bta_hh_act.cc:1144 bta_hh_cback: HID_event [HID_HDEV_EVT_INTR_DATA]
09-26 11:52:05.422 31661 31681 V l2c_csm : system/stack/l2cap/l2c_csm.cc:1514 l2c_csm_open: Exit chnl_state=CST_OPEN [6], event=L2CEVT_L2CAP_DATA(0x14) [20]
09-26 11:52:05.422 31661 31681 V bt_bta_sys_main: system/bta/sys/bta_sys_main.cc:71 bta_sys_event: Event 0x1704
09-26 11:52:05.422 31661 31681 V bt_bta_hh: system/bta/hh/bta_hh_main.cc:174 bta_hh_sm_execute: State BTA_HH_CONN_ST(3), Event BTA_HH_INT_DATA_EVT(5892) for xx:xx:xx:xx:2b:83[public][BT_TRANSPORT_BR_EDR]
09-26 11:52:05.422 31661 31681 V bluetooth: system/btif/co/bta_hh_co.cc:773 bta_hh_co_data: dev_handle = 0
09-26 11:52:05.423 31661 31681 V bluetooth: system/btif/co/bta_hh_co.cc:653 bta_hh_co_write: UHID write 16
09-26 11:52:05.432 31661 31681 V l2c_csm : system/stack/l2cap/l2c_csm.cc:1335 l2c_csm_open: LCID: 0x004c  st: OPEN  evt: L2CEVT_L2CAP_DATA(0x14) psm: BT_PSM_HIDI(0x0013)
09-26 11:52:05.432 31661 31681 V bluetooth: system/stack/hid/hidh_conn.cc:701 hidh_l2cif_data_ind: HID-Host hidh_l2cif_data_ind [l2cap_cid=0x004c]
09-26 11:52:05.432 31661 31681 V bt_bta_hh: system/bta/hh/bta_hh_act.cc:1144 bta_hh_cback: HID_event [HID_HDEV_EVT_INTR_DATA]
09-26 11:52:05.432 31661 31681 V l2c_csm : system/stack/l2cap/l2c_csm.cc:1514 l2c_csm_open: Exit chnl_state=CST_OPEN [6], event=L2CEVT_L2CAP_DATA(0x14) [20]
09-26 11:52:05.432 31661 31681 V bt_bta_sys_main: system/bta/sys/bta_sys_main.cc:71 bta_sys_event: Event 0x1704
09-26 11:52:05.432 31661 31681 V bt_bta_hh: system/bta/hh/bta_hh_main.cc:174 bta_hh_sm_execute: State BTA_HH_CONN_ST(3), Event BTA_HH_INT_DATA_EVT(5892) for xx:xx:xx:xx:2b:83[public][BT_TRANSPORT_BR_EDR]
09-26 11:52:05.432 31661 31681 V bluetooth: system/btif/co/bta_hh_co.cc:773 bta_hh_co_data: dev_handle = 0
09-26 11:52:05.432 31661 31681 V bluetooth: system/btif/co/bta_hh_co.cc:653 bta_hh_co_write: UHID write 16
09-26 11:52:05.442 31661 31681 V l2c_csm : system/stack/l2cap/l2c_csm.cc:1335 l2c_csm_open: LCID: 0x004c  st: OPEN  evt: L2CEVT_L2CAP_DATA(0x14) psm: BT_PSM_HIDI(0x0013)
09-26 11:52:05.442 31661 31681 V bluetooth: system/stack/hid/hidh_conn.cc:701 hidh_l2cif_data_ind: HID-Host hidh_l2cif_data_ind [l2cap_cid=0x004c]
09-26 11:52:05.442 31661 31681 V bt_bta_hh: system/bta/hh/bta_hh_act.cc:1144 bta_hh_cback: HID_event [HID_HDEV_EVT_INTR_DATA]
09-26 11:52:05.442 31661 31681 V l2c_csm : system/stack/l2cap/l2c_csm.cc:1514 l2c_csm_open: Exit chnl_state=CST_OPEN [6], event=L2CEVT_L2CAP_DATA(0x14) [20]
09-26 11:52:05.442 31661 31681 V bt_bta_sys_main: system/bta/sys/bta_sys_main.cc:71 bta_sys_event: Event 0x1704
09-26 11:52:05.442 31661 31681 V bt_bta_hh: system/bta/hh/bta_hh_main.cc:174 bta_hh_sm_execute: State BTA_HH_CONN_ST(3), Event BTA_HH_INT_DATA_EVT(5892) for xx:xx:xx:xx:2b:83[public][BT_TRANSPORT_BR_EDR]
09-26 11:52:05.442 31661 31681 V bluetooth: system/btif/co/bta_hh_co.cc:773 bta_hh_co_data: dev_handle = 0
09-26 11:52:05.442 31661 31681 V bluetooth: system/btif/co/bta_hh_co.cc:653 bta_hh_co_write: UHID write 16
09-26 11:52:05.452 31661 31681 V l2c_csm : system/stack/l2cap/l2c_csm.cc:1335 l2c_csm_open: LCID: 0x004c  st: OPEN  evt: L2CEVT_L2CAP_DATA(0x14) psm: BT_PSM_HIDI(0x0013)
09-26 11:52:05.452 31661 31681 V bluetooth: system/stack/hid/hidh_conn.cc:701 hidh_l2cif_data_ind: HID-Host hidh_l2cif_data_ind [l2cap_cid=0x004c]
09-26 11:52:05.452 31661 31681 V bt_bta_hh: system/bta/hh/bta_hh_act.cc:1144 bta_hh_cback: HID_event [HID_HDEV_EVT_INTR_DATA]
09-26 11:52:05.452 31661 31681 V l2c_csm : system/stack/l2cap/l2c_csm.cc:1514 l2c_csm_open: Exit chnl_state=CST_OPEN [6], event=L2CEVT_L2CAP_DATA(0x14) [20]
09-26 11:52:05.452 31661 31681 V bt_bta_sys_main: system/bta/sys/bta_sys_main.cc:71 bta_sys_event: Event 0x1704
09-26 11:52:05.452 31661 31681 V bt_bta_hh: system/bta/hh/bta_hh_main.cc:174 bta_hh_sm_execute: State BTA_HH_CONN_ST(3), Event BTA_HH_INT_DATA_EVT(5892) for xx:xx:xx:xx:2b:83[public][BT_TRANSPORT_BR_EDR]
09-26 11:52:05.452 31661 31681 V bluetooth: system/btif/co/bta_hh_co.cc:773 bta_hh_co_data: dev_handle = 0
09-26 11:52:05.452 31661 31681 V bluetooth: system/btif/co/bta_hh_co.cc:653 bta_hh_co_write: UHID write 16
09-26 11:52:05.462 31661 31681 V l2c_csm : system/stack/l2cap/l2c_csm.cc:1335 l2c_csm_open: LCID: 0x004c  st: OPEN  evt: L2CEVT_L2CAP_DATA(0x14) psm: BT_PSM_HIDI(0x0013)
09-26 11:52:05.462 31661 31681 V bluetooth: system/stack/hid/hidh_conn.cc:701 hidh_l2cif_data_ind: HID-Host hidh_l2cif_data_ind [l2cap_cid=0x004c]
09-26 11:52:05.462 31661 31681 V bt_bta_hh: system/bta/hh/bta_hh_act.cc:1144 bta_hh_cback: HID_event [HID_HDEV_EVT_INTR_DATA]
09-26 11:52:05.462 31661 31681 V l2c_csm : system/stack/l2cap/l2c_csm.cc:1514 l2c_csm_open: Exit chnl_state=CST_OPEN [6], event=L2CEVT_L2CAP_DATA(0x14) [20]
09-26 11:52:05.462 31661 31681 V bt_bta_sys_main: system/bta/sys/bta_sys_main.cc:71 bta_sys_event: Event 0x1704
09-26 11:52:05.462 31661 31681 V bt_bta_hh: system/bta/hh/bta_hh_main.cc:174 bta_hh_sm_execute: State BTA_HH_CONN_ST(3), Event BTA_HH_INT_DATA_EVT(5892) for xx:xx:xx:xx:2b:83[public][BT_TRANSPORT_BR_EDR]
09-26 11:52:05.462 31661 31681 V bluetooth: system/btif/co/bta_hh_co.cc:773 bta_hh_co_data: dev_handle = 0
09-26 11:52:05.462 31661 31681 V bluetooth: system/btif/co/bta_hh_co.cc:653 bta_hh_co_write: UHID write 16
09-26 11:52:05.472 31661 31681 V l2c_csm : system/stack/l2cap/l2c_csm.cc:1335 l2c_csm_open: LCID: 0x004c  st: OPEN  evt: L2CEVT_L2CAP_DATA(0x14) psm: BT_PSM_HIDI(0x0013)
09-26 11:52:05.472 31661 31681 V bluetooth: system/stack/hid/hidh_conn.cc:701 hidh_l2cif_data_ind: HID-Host hidh_l2cif_data_ind [l2cap_cid=0x004c]
09-26 11:52:05.472 31661 31681 V bt_bta_hh: system/bta/hh/bta_hh_act.cc:1144 bta_hh_cback: HID_event [HID_HDEV_EVT_INTR_DATA]
09-26 11:52:05.472 31661 31681 V l2c_csm : system/stack/l2cap/l2c_csm.cc:1514 l2c_csm_open: Exit chnl_state=CST_OPEN [6], event=L2CEVT_L2CAP_DATA(0x14) [20]
09-26 11:52:05.472 31661 31681 V bt_bta_sys_main: system/bta/sys/bta_sys_main.cc:71 bta_sys_event: Event 0x1704
09-26 11:52:05.472 31661 31681 V bt_bta_hh: system/bta/hh/bta_hh_main.cc:174 bta_hh_sm_execute: State BTA_HH_CONN_ST(3), Event BTA_HH_INT_DATA_EVT(5892) for xx:xx:xx:xx:2b:83[public][BT_TRANSPORT_BR_EDR]
09-26 11:52:05.472 31661 31681 V bluetooth: system/btif/co/bta_hh_co.cc:773 bta_hh_co_data: dev_handle = 0
09-26 11:52:05.472 31661 31681 V bluetooth: system/btif/co/bta_hh_co.cc:653 bta_hh_co_write: UHID write 16
09-26 11:52:05.473  1561  1561 I android.hardware.power-service-qti: Power setBoost: 0, duration: 0
09-26 11:52:05.473  1561  1561 E QTI PowerHAL: Failed to acquire lock.
09-26 11:52:05.473  1561  1561 E QTI PowerHAL: Failed process_boost for boost_handle
09-26 11:52:05.474  1621  1722 E ANDR-PERF-RESOURCEQS: ANDR-PERF-RESOURCEQS: AddAndApply() 125: Resource with major=16, minor=30 not supported
09-26 11:52:05.474  1621  1722 E ANDR-PERF-RESOURCEQS: ANDR-PERF-RESOURCEQS: AddAndApply() 125: Resource with major=16, minor=31 not supported
09-26 11:52:05.482 31661 31681 V l2c_csm : system/stack/l2cap/l2c_csm.cc:1335 l2c_csm_open: LCID: 0x004c  st: OPEN  evt: L2CEVT_L2CAP_DATA(0x14) psm: BT_PSM_HIDI(0x0013)
09-26 11:52:05.482 31661 31681 V bluetooth: system/stack/hid/hidh_conn.cc:701 hidh_l2cif_data_ind: HID-Host hidh_l2cif_data_ind [l2cap_cid=0x004c]
09-26 11:52:05.482 31661 31681 V bt_bta_hh: system/bta/hh/bta_hh_act.cc:1144 bta_hh_cback: HID_event [HID_HDEV_EVT_INTR_DATA]
09-26 11:52:05.482 31661 31681 V l2c_csm : system/stack/l2cap/l2c_csm.cc:1514 l2c_csm_open: Exit chnl_state=CST_OPEN [6], event=L2CEVT_L2CAP_DATA(0x14) [20]
09-26 11:52:05.482 31661 31681 V bt_bta_sys_main: system/bta/sys/bta_sys_main.cc:71 bta_sys_event: Event 0x1704
09-26 11:52:05.482 31661 31681 V bt_bta_hh: system/bta/hh/bta_hh_main.cc:174 bta_hh_sm_execute: State BTA_HH_CONN_ST(3), Event BTA_HH_INT_DATA_EVT(5892) for xx:xx:xx:xx:2b:83[public][BT_TRANSPORT_BR_EDR]
09-26 11:52:05.482 31661 31681 V bluetooth: system/btif/co/bta_hh_co.cc:773 bta_hh_co_data: dev_handle = 0
09-26 11:52:05.482 31661 31681 V bluetooth: system/btif/co/bta_hh_co.cc:653 bta_hh_co_write: UHID write 16
09-26 11:52:05.486 14961 14961 I S3PAD   : classify name='Xbox Wireless Controller' vid=1118 pid=736 sources=16778513 keyboardType=1 -> GAMEPAD/XBOX reason=gamepad-capability-or-identity
09-26 11:52:05.486 14961 14961 D S3PAD   : deviceKey via descriptor
09-26 11:52:05.492 31661 31681 V l2c_csm : system/stack/l2cap/l2c_csm.cc:1335 l2c_csm_open: LCID: 0x004c  st: OPEN  evt: L2CEVT_L2CAP_DATA(0x14) psm: BT_PSM_HIDI(0x0013)
09-26 11:52:05.492 31661 31681 V bluetooth: system/stack/hid/hidh_conn.cc:701 hidh_l2cif_data_ind: HID-Host hidh_l2cif_data_ind [l2cap_cid=0x004c]
09-26 11:52:05.492 31661 31681 V bt_bta_hh: system/bta/hh/bta_hh_act.cc:1144 bta_hh_cback: HID_event [HID_HDEV_EVT_INTR_DATA]
09-26 11:52:05.492 31661 31681 V l2c_csm : system/stack/l2cap/l2c_csm.cc:1514 l2c_csm_open: Exit chnl_state=CST_OPEN [6], event=L2CEVT_L2CAP_DATA(0x14) [20]
09-26 11:52:05.492 31661 31681 V bt_bta_sys_main: system/bta/sys/bta_sys_main.cc:71 bta_sys_event: Event 0x1704
09-26 11:52:05.492 31661 31681 V bt_bta_hh: system/bta/hh/bta_hh_main.cc:174 bta_hh_sm_execute: State BTA_HH_CONN_ST(3), Event BTA_HH_INT_DATA_EVT(5892) for xx:xx:xx:xx:2b:83[public][BT_TRANSPORT_BR_EDR]
09-26 11:52:05.492 31661 31681 V bluetooth: system/btif/co/bta_hh_co.cc:773 bta_hh_co_data: dev_handle = 0
09-26 11:52:05.492 31661 31681 V bluetooth: system/btif/co/bta_hh_co.cc:653 bta_hh_co_write: UHID write 16
09-26 11:52:05.502 31661 31681 V l2c_csm : system/stack/l2cap/l2c_csm.cc:1335 l2c_csm_open: LCID: 0x004c  st: OPEN  evt: L2CEVT_L2CAP_DATA(0x14) psm: BT_PSM_HIDI(0x0013)
09-26 11:52:05.502 31661 31681 V bluetooth: system/stack/hid/hidh_conn.cc:701 hidh_l2cif_data_ind: HID-Host hidh_l2cif_data_ind [l2cap_cid=0x004c]
09-26 11:52:05.502 31661 31681 V bt_bta_hh: system/bta/hh/bta_hh_act.cc:1144 bta_hh_cback: HID_event [HID_HDEV_EVT_INTR_DATA]
09-26 11:52:05.502 31661 31681 V l2c_csm : system/stack/l2cap/l2c_csm.cc:1514 l2c_csm_open: Exit chnl_state=CST_OPEN [6], event=L2CEVT_L2CAP_DATA(0x14) [20]
09-26 11:52:05.502 31661 31681 V bt_bta_sys_main: system/bta/sys/bta_sys_main.cc:71 bta_sys_event: Event 0x1704
09-26 11:52:05.502 31661 31681 V bt_bta_hh: system/bta/hh/bta_hh_main.cc:174 bta_hh_sm_execute: State BTA_HH_CONN_ST(3), Event BTA_HH_INT_DATA_EVT(5892) for xx:xx:xx:xx:2b:83[public][BT_TRANSPORT_BR_EDR]
09-26 11:52:05.502 31661 31681 V bluetooth: system/btif/co/bta_hh_co.cc:773 bta_hh_co_data: dev_handle = 0
09-26 11:52:05.502 31661 31681 V bluetooth: system/btif/co/bta_hh_co.cc:653 bta_hh_co_write: UHID write 16
09-26 11:52:05.507  1616  1871 I SDM     : DisplayBase::CommitThread: Received idle timeout, panel: cmd, timeout: 70000 us
09-26 11:52:05.512 31661 31681 V l2c_csm : system/stack/l2cap/l2c_csm.cc:1335 l2c_csm_open: LCID: 0x004c  st: OPEN  evt: L2CEVT_L2CAP_DATA(0x14) psm: BT_PSM_HIDI(0x0013)
09-26 11:52:05.512 31661 31681 V bluetooth: system/stack/hid/hidh_conn.cc:701 hidh_l2cif_data_ind: HID-Host hidh_l2cif_data_ind [l2cap_cid=0x004c]
09-26 11:52:05.512 31661 31681 V bt_bta_hh: system/bta/hh/bta_hh_act.cc:1144 bta_hh_cback: HID_event [HID_HDEV_EVT_INTR_DATA]
09-26 11:52:05.512 31661 31681 V l2c_csm : system/stack/l2cap/l2c_csm.cc:1514 l2c_csm_open: Exit chnl_state=CST_OPEN [6], event=L2CEVT_L2CAP_DATA(0x14) [20]
09-26 11:52:05.512 31661 31681 V bt_bta_sys_main: system/bta/sys/bta_sys_main.cc:71 bta_sys_event: Event 0x1704
09-26 11:52:05.512 31661 31681 V bt_bta_hh: system/bta/hh/bta_hh_main.cc:174 bta_hh_sm_execute: State BTA_HH_CONN_ST(3), Event BTA_HH_INT_DATA_EVT(5892) for xx:xx:xx:xx:2b:83[public][BT_TRANSPORT_BR_EDR]
09-26 11:52:05.512 31661 31681 V bluetooth: system/btif/co/bta_hh_co.cc:773 bta_hh_co_data: dev_handle = 0
09-26 11:52:05.512 31661 31681 V bluetooth: system/btif/co/bta_hh_co.cc:653 bta_hh_co_write: UHID write 16
09-26 11:52:05.522 31661 31681 V l2c_csm : system/stack/l2cap/l2c_csm.cc:1335 l2c_csm_open: LCID: 0x004c  st: OPEN  evt: L2CEVT_L2CAP_DATA(0x14) psm: BT_PSM_HIDI(0x0013)
09-26 11:52:05.522 31661 31681 V bluetooth: system/stack/hid/hidh_conn.cc:701 hidh_l2cif_data_ind: HID-Host hidh_l2cif_data_ind [l2cap_cid=0x004c]
09-26 11:52:05.522 31661 31681 V bt_bta_hh: system/bta/hh/bta_hh_act.cc:1144 bta_hh_cback: HID_event [HID_HDEV_EVT_INTR_DATA]
09-26 11:52:05.522 31661 31681 V l2c_csm : system/stack/l2cap/l2c_csm.cc:1514 l2c_csm_open: Exit chnl_state=CST_OPEN [6], event=L2CEVT_L2CAP_DATA(0x14) [20]
09-26 11:52:05.522 31661 31681 V bt_bta_sys_main: system/bta/sys/bta_sys_main.cc:71 bta_sys_event: Event 0x1704
09-26 11:52:05.522 31661 31681 V bt_bta_hh: system/bta/hh/bta_hh_main.cc:174 bta_hh_sm_execute: State BTA_HH_CONN_ST(3), Event BTA_HH_INT_DATA_EVT(5892) for xx:xx:xx:xx:2b:83[public][BT_TRANSPORT_BR_EDR]
09-26 11:52:05.522 31661 31681 V bluetooth: system/btif/co/bta_hh_co.cc:773 bta_hh_co_data: dev_handle = 0
09-26 11:52:05.522 31661 31681 V bluetooth: system/btif/co/bta_hh_co.cc:653 bta_hh_co_write: UHID write 16
09-26 11:52:05.532 31661 31681 V l2c_csm : system/stack/l2cap/l2c_csm.cc:1335 l2c_csm_open: LCID: 0x004c  st: OPEN  evt: L2CEVT_L2CAP_DATA(0x14) psm: BT_PSM_HIDI(0x0013)
09-26 11:52:05.532 31661 31681 V bluetooth: system/stack/hid/hidh_conn.cc:701 hidh_l2cif_data_ind: HID-Host hidh_l2cif_data_ind [l2cap_cid=0x004c]
09-26 11:52:05.532 31661 31681 V bt_bta_hh: system/bta/hh/bta_hh_act.cc:1144 bta_hh_cback: HID_event [HID_HDEV_EVT_INTR_DATA]
09-26 11:52:05.532 31661 31681 V l2c_csm : system/stack/l2cap/l2c_csm.cc:1514 l2c_csm_open: Exit chnl_state=CST_OPEN [6], event=L2CEVT_L2CAP_DATA(0x14) [20]
09-26 11:52:05.532 31661 31681 V bt_bta_sys_main: system/bta/sys/bta_sys_main.cc:71 bta_sys_event: Event 0x1704
09-26 11:52:05.532 31661 31681 V bt_bta_hh: system/bta/hh/bta_hh_main.cc:174 bta_hh_sm_execute: State BTA_HH_CONN_ST(3), Event BTA_HH_INT_DATA_EVT(5892) for xx:xx:xx:xx:2b:83[public][BT_TRANSPORT_BR_EDR]
09-26 11:52:05.532 31661 31681 V bluetooth: system/btif/co/bta_hh_co.cc:773 bta_hh_co_data: dev_handle = 0
09-26 11:52:05.532 31661 31681 V bluetooth: system/btif/co/bta_hh_co.cc:653 bta_hh_co_write: UHID write 16
09-26 11:52:05.542 31661 31681 V l2c_csm : system/stack/l2cap/l2c_csm.cc:1335 l2c_csm_open: LCID: 0x004c  st: OPEN  evt: L2CEVT_L2CAP_DATA(0x14) psm: BT_PSM_HIDI(0x0013)
09-26 11:52:05.542 31661 31681 V bluetooth: system/stack/hid/hidh_conn.cc:701 hidh_l2cif_data_ind: HID-Host hidh_l2cif_data_ind [l2cap_cid=0x004c]
09-26 11:52:05.542 31661 31681 V bt_bta_hh: system/bta/hh/bta_hh_act.cc:1144 bta_hh_cback: HID_event [HID_HDEV_EVT_INTR_DATA]
09-26 11:52:05.542 31661 31681 V l2c_csm : system/stack/l2cap/l2c_csm.cc:1514 l2c_csm_open: Exit chnl_state=CST_OPEN [6], event=L2CEVT_L2CAP_DATA(0x14) [20]
09-26 11:52:05.542 31661 31681 V bt_bta_sys_main: system/bta/sys/bta_sys_main.cc:71 bta_sys_event: Event 0x1704
09-26 11:52:05.542 31661 31681 V bt_bta_hh: system/bta/hh/bta_hh_main.cc:174 bta_hh_sm_execute: State BTA_HH_CONN_ST(3), Event BTA_HH_INT_DATA_EVT(5892) for xx:xx:xx:xx:2b:83[public][BT_TRANSPORT_BR_EDR]
09-26 11:52:05.542 31661 31681 V bluetooth: system/btif/co/bta_hh_co.cc:773 bta_hh_co_data: dev_handle = 0
09-26 11:52:05.542 31661 31681 V bluetooth: system/btif/co/bta_hh_co.cc:653 bta_hh_co_write: UHID write 16
09-26 11:52:05.552 31661 31681 V l2c_csm : system/stack/l2cap/l2c_csm.cc:1335 l2c_csm_open: LCID: 0x004c  st: OPEN  evt: L2CEVT_L2CAP_DATA(0x14) psm: BT_PSM_HIDI(0x0013)
09-26 11:52:05.552 31661 31681 V bluetooth: system/stack/hid/hidh_conn.cc:701 hidh_l2cif_data_ind: HID-Host hidh_l2cif_data_ind [l2cap_cid=0x004c]
09-26 11:52:05.552 31661 31681 V bt_bta_hh: system/bta/hh/bta_hh_act.cc:1144 bta_hh_cback: HID_event [HID_HDEV_EVT_INTR_DATA]
09-26 11:52:05.552 31661 31681 V l2c_csm : system/stack/l2cap/l2c_csm.cc:1514 l2c_csm_open: Exit chnl_state=CST_OPEN [6], event=L2CEVT_L2CAP_DATA(0x14) [20]
09-26 11:52:05.552 31661 31681 V bt_bta_sys_main: system/bta/sys/bta_sys_main.cc:71 bta_sys_event: Event 0x1704
09-26 11:52:05.552 31661 31681 V bt_bta_hh: system/bta/hh/bta_hh_main.cc:174 bta_hh_sm_execute: State BTA_HH_CONN_ST(3), Event BTA_HH_INT_DATA_EVT(5892) for xx:xx:xx:xx:2b:83[public][BT_TRANSPORT_BR_EDR]
09-26 11:52:05.552 31661 31681 V bluetooth: system/btif/co/bta_hh_co.cc:773 bta_hh_co_data: dev_handle = 0
09-26 11:52:05.552 31661 31681 V bluetooth: system/btif/co/bta_hh_co.cc:653 bta_hh_co_write: UHID write 16
09-26 11:52:05.562 31661 31681 V l2c_csm : system/stack/l2cap/l2c_csm.cc:1335 l2c_csm_open: LCID: 0x004c  st: OPEN  evt: L2CEVT_L2CAP_DATA(0x14) psm: BT_PSM_HIDI(0x0013)
09-26 11:52:05.562 31661 31681 V bluetooth: system/stack/hid/hidh_conn.cc:701 hidh_l2cif_data_ind: HID-Host hidh_l2cif_data_ind [l2cap_cid=0x004c]
09-26 11:52:05.562 31661 31681 V bt_bta_hh: system/bta/hh/bta_hh_act.cc:1144 bta_hh_cback: HID_event [HID_HDEV_EVT_INTR_DATA]
09-26 11:52:05.562 31661 31681 V l2c_csm : system/stack/l2cap/l2c_csm.cc:1514 l2c_csm_open: Exit chnl_state=CST_OPEN [6], event=L2CEVT_L2CAP_DATA(0x14) [20]
09-26 11:52:05.562 31661 31681 V bt_bta_sys_main: system/bta/sys/bta_sys_main.cc:71 bta_sys_event: Event 0x1704
09-26 11:52:05.562 31661 31681 V bt_bta_hh: system/bta/hh/bta_hh_main.cc:174 bta_hh_sm_execute: State BTA_HH_CONN_ST(3), Event BTA_HH_INT_DATA_EVT(5892) for xx:xx:xx:xx:2b:83[public][BT_TRANSPORT_BR_EDR]
09-26 11:52:05.562 31661 31681 V bluetooth: system/btif/co/bta_hh_co.cc:773 bta_hh_co_data: dev_handle = 0
09-26 11:52:05.562 31661 31681 V bluetooth: system/btif/co/bta_hh_co.cc:653 bta_hh_co_write: UHID write 16
09-26 11:52:05.572 31661 31681 V l2c_csm : system/stack/l2cap/l2c_csm.cc:1335 l2c_csm_open: LCID: 0x004c  st: OPEN  evt: L2CEVT_L2CAP_DATA(0x14) psm: BT_PSM_HIDI(0x0013)
09-26 11:52:05.572 31661 31681 V bluetooth: system/stack/hid/hidh_conn.cc:701 hidh_l2cif_data_ind: HID-Host hidh_l2cif_data_ind [l2cap_cid=0x004c]
09-26 11:52:05.572 31661 31681 V bt_bta_hh: system/bta/hh/bta_hh_act.cc:1144 bta_hh_cback: HID_event [HID_HDEV_EVT_INTR_DATA]
09-26 11:52:05.572 31661 31681 V l2c_csm : system/stack/l2cap/l2c_csm.cc:1514 l2c_csm_open: Exit chnl_state=CST_OPEN [6], event=L2CEVT_L2CAP_DATA(0x14) [20]
09-26 11:52:05.572 31661 31681 V bt_bta_sys_main: system/bta/sys/bta_sys_main.cc:71 bta_sys_event: Event 0x1704
09-26 11:52:05.572 31661 31681 V bt_bta_hh: system/bta/hh/bta_hh_main.cc:174 bta_hh_sm_execute: State BTA_HH_CONN_ST(3), Event BTA_HH_INT_DATA_EVT(5892) for xx:xx:xx:xx:2b:83[public][BT_TRANSPORT_BR_EDR]
09-26 11:52:05.572 31661 31681 V bluetooth: system/btif/co/bta_hh_co.cc:773 bta_hh_co_data: dev_handle = 0
09-26 11:52:05.572 31661 31681 V bluetooth: system/btif/co/bta_hh_co.cc:653 bta_hh_co_write: UHID write 16
09-26 11:52:05.582 31661 31681 V l2c_csm : system/stack/l2cap/l2c_csm.cc:1335 l2c_csm_open: LCID: 0x004c  st: OPEN  evt: L2CEVT_L2CAP_DATA(0x14) psm: BT_PSM_HIDI(0x0013)
09-26 11:52:05.582 31661 31681 V bluetooth: system/stack/hid/hidh_conn.cc:701 hidh_l2cif_data_ind: HID-Host hidh_l2cif_data_ind [l2cap_cid=0x004c]
09-26 11:52:05.582 31661 31681 V bt_bta_hh: system/bta/hh/bta_hh_act.cc:1144 bta_hh_cback: HID_event [HID_HDEV_EVT_INTR_DATA]
09-26 11:52:05.582 31661 31681 V l2c_csm : system/stack/l2cap/l2c_csm.cc:1514 l2c_csm_open: Exit chnl_state=CST_OPEN [6], event=L2CEVT_L2CAP_DATA(0x14) [20]
09-26 11:52:05.582 31661 31681 V bt_bta_sys_main: system/bta/sys/bta_sys_main.cc:71 bta_sys_event: Event 0x1704
09-26 11:52:05.582 31661 31681 V bt_bta_hh: system/bta/hh/bta_hh_main.cc:174 bta_hh_sm_execute: State BTA_HH_CONN_ST(3), Event BTA_HH_INT_DATA_EVT(5892) for xx:xx:xx:xx:2b:83[public][BT_TRANSPORT_BR_EDR]
09-26 11:52:05.582 31661 31681 V bluetooth: system/btif/co/bta_hh_co.cc:773 bta_hh_co_data: dev_handle = 0
09-26 11:52:05.582 31661 31681 V bluetooth: system/btif/co/bta_hh_co.cc:653 bta_hh_co_write: UHID write 16
09-26 11:52:05.592 31661 31681 V l2c_csm : system/stack/l2cap/l2c_csm.cc:1335 l2c_csm_open: LCID: 0x004c  st: OPEN  evt: L2CEVT_L2CAP_DATA(0x14) psm: BT_PSM_HIDI(0x0013)
09-26 11:52:05.592 31661 31681 V bluetooth: system/stack/hid/hidh_conn.cc:701 hidh_l2cif_data_ind: HID-Host hidh_l2cif_data_ind [l2cap_cid=0x004c]
09-26 11:52:05.592 31661 31681 V bt_bta_hh: system/bta/hh/bta_hh_act.cc:1144 bta_hh_cback: HID_event [HID_HDEV_EVT_INTR_DATA]
09-26 11:52:05.592 31661 31681 V l2c_csm : system/stack/l2cap/l2c_csm.cc:1514 l2c_csm_open: Exit chnl_state=CST_OPEN [6], event=L2CEVT_L2CAP_DATA(0x14) [20]
09-26 11:52:05.592 31661 31681 V bt_bta_sys_main: system/bta/sys/bta_sys_main.cc:71 bta_sys_event: Event 0x1704
09-26 11:52:05.592 31661 31681 V bt_bta_hh: system/bta/hh/bta_hh_main.cc:174 bta_hh_sm_execute: State BTA_HH_CONN_ST(3), Event BTA_HH_INT_DATA_EVT(5892) for xx:xx:xx:xx:2b:83[public][BT_TRANSPORT_BR_EDR]
09-26 11:52:05.592 31661 31681 V bluetooth: system/btif/co/bta_hh_co.cc:773 bta_hh_co_data: dev_handle = 0
09-26 11:52:05.592 31661 31681 V bluetooth: system/btif/co/bta_hh_co.cc:653 bta_hh_co_write: UHID write 16
09-26 11:52:05.602 31661 31681 V l2c_csm : system/stack/l2cap/l2c_csm.cc:1335 l2c_csm_open: LCID: 0x004c  st: OPEN  evt: L2CEVT_L2CAP_DATA(0x14) psm: BT_PSM_HIDI(0x0013)
09-26 11:52:05.602 31661 31681 V bluetooth: system/stack/hid/hidh_conn.cc:701 hidh_l2cif_data_ind: HID-Host hidh_l2cif_data_ind [l2cap_cid=0x004c]
09-26 11:52:05.602 31661 31681 V bt_bta_hh: system/bta/hh/bta_hh_act.cc:1144 bta_hh_cback: HID_event [HID_HDEV_EVT_INTR_DATA]
09-26 11:52:05.602 31661 31681 V l2c_csm : system/stack/l2cap/l2c_csm.cc:1514 l2c_csm_open: Exit chnl_state=CST_OPEN [6], event=L2CEVT_L2CAP_DATA(0x14) [20]
09-26 11:52:05.602 31661 31681 V bt_bta_sys_main: system/bta/sys/bta_sys_main.cc:71 bta_sys_event: Event 0x1704
09-26 11:52:05.602 31661 31681 V bt_bta_hh: system/bta/hh/bta_hh_main.cc:174 bta_hh_sm_execute: State BTA_HH_CONN_ST(3), Event BTA_HH_INT_DATA_EVT(5892) for xx:xx:xx:xx:2b:83[public][BT_TRANSPORT_BR_EDR]
09-26 11:52:05.602 31661 31681 V bluetooth: system/btif/co/bta_hh_co.cc:773 bta_hh_co_data: dev_handle = 0
09-26 11:52:05.602 31661 31681 V bluetooth: system/btif/co/bta_hh_co.cc:653 bta_hh_co_write: UHID write 16
09-26 11:52:05.612 31661 31681 V l2c_csm : system/stack/l2cap/l2c_csm.cc:1335 l2c_csm_open: LCID: 0x004c  st: OPEN  evt: L2CEVT_L2CAP_DATA(0x14) psm: BT_PSM_HIDI(0x0013)
09-26 11:52:05.612 31661 31681 V bluetooth: system/stack/hid/hidh_conn.cc:701 hidh_l2cif_data_ind: HID-Host hidh_l2cif_data_ind [l2cap_cid=0x004c]
09-26 11:52:05.612 31661 31681 V bt_bta_hh: system/bta/hh/bta_hh_act.cc:1144 bta_hh_cback: HID_event [HID_HDEV_EVT_INTR_DATA]
09-26 11:52:05.612 31661 31681 V l2c_csm : system/stack/l2cap/l2c_csm.cc:1514 l2c_csm_open: Exit chnl_state=CST_OPEN [6], event=L2CEVT_L2CAP_DATA(0x14) [20]
09-26 11:52:05.612 31661 31681 V bt_bta_sys_main: system/bta/sys/bta_sys_main.cc:71 bta_sys_event: Event 0x1704
09-26 11:52:05.612 31661 31681 V bt_bta_hh: system/bta/hh/bta_hh_main.cc:174 bta_hh_sm_execute: State BTA_HH_CONN_ST(3), Event BTA_HH_INT_DATA_EVT(5892) for xx:xx:xx:xx:2b:83[public][BT_TRANSPORT_BR_EDR]
09-26 11:52:05.612 31661 31681 V bluetooth: system/btif/co/bta_hh_co.cc:773 bta_hh_co_data: dev_handle = 0
09-26 11:52:05.612 31661 31681 V bluetooth: system/btif/co/bta_hh_co.cc:653 bta_hh_co_write: UHID write 16
09-26 11:52:05.622 31661 31681 V l2c_csm : system/stack/l2cap/l2c_csm.cc:1335 l2c_csm_open: LCID: 0x004c  st: OPEN  evt: L2CEVT_L2CAP_DATA(0x14) psm: BT_PSM_HIDI(0x0013)
09-26 11:52:05.622 31661 31681 V bluetooth: system/stack/hid/hidh_conn.cc:701 hidh_l2cif_data_ind: HID-Host hidh_l2cif_data_ind [l2cap_cid=0x004c]
09-26 11:52:05.622 31661 31681 V bt_bta_hh: system/bta/hh/bta_hh_act.cc:1144 bta_hh_cback: HID_event [HID_HDEV_EVT_INTR_DATA]
09-26 11:52:05.622 31661 31681 V l2c_csm : system/stack/l2cap/l2c_csm.cc:1514 l2c_csm_open: Exit chnl_state=CST_OPEN [6], event=L2CEVT_L2CAP_DATA(0x14) [20]
09-26 11:52:05.622 31661 31681 V bt_bta_sys_main: system/bta/sys/bta_sys_main.cc:71 bta_sys_event: Event 0x1704
09-26 11:52:05.622 31661 31681 V bt_bta_hh: system/bta/hh/bta_hh_main.cc:174 bta_hh_sm_execute: State BTA_HH_CONN_ST(3), Event BTA_HH_INT_DATA_EVT(5892) for xx:xx:xx:xx:2b:83[public][BT_TRANSPORT_BR_EDR]
09-26 11:52:05.622 31661 31681 V bluetooth: system/btif/co/bta_hh_co.cc:773 bta_hh_co_data: dev_handle = 0
09-26 11:52:05.622 31661 31681 V bluetooth: system/btif/co/bta_hh_co.cc:653 bta_hh_co_write: UHID write 16
09-26 11:52:05.631  1616  1871 I SDM     : DisplayBase::CommitThread: Received idle timeout, panel: cmd, timeout: 70000 us
09-26 11:52:05.632 31661 31681 V l2c_csm : system/stack/l2cap/l2c_csm.cc:1335 l2c_csm_open: LCID: 0x004c  st: OPEN  evt: L2CEVT_L2CAP_DATA(0x14) psm: BT_PSM_HIDI(0x0013)
09-26 11:52:05.632 31661 31681 V bluetooth: system/stack/hid/hidh_conn.cc:701 hidh_l2cif_data_ind: HID-Host hidh_l2cif_data_ind [l2cap_cid=0x004c]
09-26 11:52:05.632 31661 31681 V bt_bta_hh: system/bta/hh/bta_hh_act.cc:1144 bta_hh_cback: HID_event [HID_HDEV_EVT_INTR_DATA]
09-26 11:52:05.632 31661 31681 V l2c_csm : system/stack/l2cap/l2c_csm.cc:1514 l2c_csm_open: Exit chnl_state=CST_OPEN [6], event=L2CEVT_L2CAP_DATA(0x14) [20]
09-26 11:52:05.632 31661 31681 V bt_bta_sys_main: system/bta/sys/bta_sys_main.cc:71 bta_sys_event: Event 0x1704
09-26 11:52:05.632 31661 31681 V bt_bta_hh: system/bta/hh/bta_hh_main.cc:174 bta_hh_sm_execute: State BTA_HH_CONN_ST(3), Event BTA_HH_INT_DATA_EVT(5892) for xx:xx:xx:xx:2b:83[public][BT_TRANSPORT_BR_EDR]
09-26 11:52:05.632 31661 31681 V bluetooth: system/btif/co/bta_hh_co.cc:773 bta_hh_co_data: dev_handle = 0
09-26 11:52:05.632 31661 31681 V bluetooth: system/btif/co/bta_hh_co.cc:653 bta_hh_co_write: UHID write 16
09-26 11:52:05.642 31661 31681 V l2c_csm : system/stack/l2cap/l2c_csm.cc:1335 l2c_csm_open: LCID: 0x004c  st: OPEN  evt: L2CEVT_L2CAP_DATA(0x14) psm: BT_PSM_HIDI(0x0013)
09-26 11:52:05.642 31661 31681 V bluetooth: system/stack/hid/hidh_conn.cc:701 hidh_l2cif_data_ind: HID-Host hidh_l2cif_data_ind [l2cap_cid=0x004c]
09-26 11:52:05.642 31661 31681 V bt_bta_hh: system/bta/hh/bta_hh_act.cc:1144 bta_hh_cback: HID_event [HID_HDEV_EVT_INTR_DATA]
09-26 11:52:05.642 31661 31681 V l2c_csm : system/stack/l2cap/l2c_csm.cc:1514 l2c_csm_open: Exit chnl_state=CST_OPEN [6], event=L2CEVT_L2CAP_DATA(0x14) [20]
09-26 11:52:05.642 31661 31681 V bt_bta_sys_main: system/bta/sys/bta_sys_main.cc:71 bta_sys_event: Event 0x1704
09-26 11:52:05.642 31661 31681 V bt_bta_hh: system/bta/hh/bta_hh_main.cc:174 bta_hh_sm_execute: State BTA_HH_CONN_ST(3), Event BTA_HH_INT_DATA_EVT(5892) for xx:xx:xx:xx:2b:83[public][BT_TRANSPORT_BR_EDR]
09-26 11:52:05.642 31661 31681 V bluetooth: system/btif/co/bta_hh_co.cc:773 bta_hh_co_data: dev_handle = 0
09-26 11:52:05.642 31661 31681 V bluetooth: system/btif/co/bta_hh_co.cc:653 bta_hh_co_write: UHID write 16
09-26 11:52:05.652 31661 31681 V l2c_csm : system/stack/l2cap/l2c_csm.cc:1335 l2c_csm_open: LCID: 0x004c  st: OPEN  evt: L2CEVT_L2CAP_DATA(0x14) psm: BT_PSM_HIDI(0x0013)
09-26 11:52:05.652 31661 31681 V bluetooth: system/stack/hid/hidh_conn.cc:701 hidh_l2cif_data_ind: HID-Host hidh_l2cif_data_ind [l2cap_cid=0x004c]
09-26 11:52:05.652 31661 31681 V bt_bta_hh: system/bta/hh/bta_hh_act.cc:1144 bta_hh_cback: HID_event [HID_HDEV_EVT_INTR_DATA]
09-26 11:52:05.652 31661 31681 V l2c_csm : system/stack/l2cap/l2c_csm.cc:1514 l2c_csm_open: Exit chnl_state=CST_OPEN [6], event=L2CEVT_L2CAP_DATA(0x14) [20]
09-26 11:52:05.652 31661 31681 V bt_bta_sys_main: system/bta/sys/bta_sys_main.cc:71 bta_sys_event: Event 0x1704
09-26 11:52:05.652 31661 31681 V bt_bta_hh: system/bta/hh/bta_hh_main.cc:174 bta_hh_sm_execute: State BTA_HH_CONN_ST(3), Event BTA_HH_INT_DATA_EVT(5892) for xx:xx:xx:xx:2b:83[public][BT_TRANSPORT_BR_EDR]
09-26 11:52:05.652 31661 31681 V bluetooth: system/btif/co/bta_hh_co.cc:773 bta_hh_co_data: dev_handle = 0
09-26 11:52:05.652 31661 31681 V bluetooth: system/btif/co/bta_hh_co.cc:653 bta_hh_co_write: UHID write 16
09-26 11:52:05.657  1695  1792 D BatteryChargeControl: bcc get no support from charging protocol
09-26 11:52:05.662 31661 31681 V l2c_csm : system/stack/l2cap/l2c_csm.cc:1335 l2c_csm_open: LCID: 0x004c  st: OPEN  evt: L2CEVT_L2CAP_DATA(0x14) psm: BT_PSM_HIDI(0x0013)
09-26 11:52:05.662 31661 31681 V bluetooth: system/stack/hid/hidh_conn.cc:701 hidh_l2cif_data_ind: HID-Host hidh_l2cif_data_ind [l2cap_cid=0x004c]
09-26 11:52:05.662 31661 31681 V bt_bta_hh: system/bta/hh/bta_hh_act.cc:1144 bta_hh_cback: HID_event [HID_HDEV_EVT_INTR_DATA]
09-26 11:52:05.662 31661 31681 V l2c_csm : system/stack/l2cap/l2c_csm.cc:1514 l2c_csm_open: Exit chnl_state=CST_OPEN [6], event=L2CEVT_L2CAP_DATA(0x14) [20]
09-26 11:52:05.662 31661 31681 V bt_bta_sys_main: system/bta/sys/bta_sys_main.cc:71 bta_sys_event: Event 0x1704
09-26 11:52:05.662 31661 31681 V bt_bta_hh: system/bta/hh/bta_hh_main.cc:174 bta_hh_sm_execute: State BTA_HH_CONN_ST(3), Event BTA_HH_INT_DATA_EVT(5892) for xx:xx:xx:xx:2b:83[public][BT_TRANSPORT_BR_EDR]
09-26 11:52:05.662 31661 31681 V bluetooth: system/btif/co/bta_hh_co.cc:773 bta_hh_co_data: dev_handle = 0
09-26 11:52:05.662 31661 31681 V bluetooth: system/btif/co/bta_hh_co.cc:653 bta_hh_co_write: UHID write 16
09-26 11:52:05.672 31661 31681 V l2c_csm : system/stack/l2cap/l2c_csm.cc:1335 l2c_csm_open: LCID: 0x004c  st: OPEN  evt: L2CEVT_L2CAP_DATA(0x14) psm: BT_PSM_HIDI(0x0013)
09-26 11:52:05.672 31661 31681 V bluetooth: system/stack/hid/hidh_conn.cc:701 hidh_l2cif_data_ind: HID-Host hidh_l2cif_data_ind [l2cap_cid=0x004c]
09-26 11:52:05.672 31661 31681 V bt_bta_hh: system/bta/hh/bta_hh_act.cc:1144 bta_hh_cback: HID_event [HID_HDEV_EVT_INTR_DATA]
09-26 11:52:05.672 31661 31681 V l2c_csm : system/stack/l2cap/l2c_csm.cc:1514 l2c_csm_open: Exit chnl_state=CST_OPEN [6], event=L2CEVT_L2CAP_DATA(0x14) [20]
09-26 11:52:05.672 31661 31681 V bt_bta_sys_main: system/bta/sys/bta_sys_main.cc:71 bta_sys_event: Event 0x1704
09-26 11:52:05.672 31661 31681 V bt_bta_hh: system/bta/hh/bta_hh_main.cc:174 bta_hh_sm_execute: State BTA_HH_CONN_ST(3), Event BTA_HH_INT_DATA_EVT(5892) for xx:xx:xx:xx:2b:83[public][BT_TRANSPORT_BR_EDR]
09-26 11:52:05.672 31661 31681 V bluetooth: system/btif/co/bta_hh_co.cc:773 bta_hh_co_data: dev_handle = 0
09-26 11:52:05.672 31661 31681 V bluetooth: system/btif/co/bta_hh_co.cc:653 bta_hh_co_write: UHID write 16
09-26 11:52:05.682 31661 31681 V l2c_csm : system/stack/l2cap/l2c_csm.cc:1335 l2c_csm_open: LCID: 0x004c  st: OPEN  evt: L2CEVT_L2CAP_DATA(0x14) psm: BT_PSM_HIDI(0x0013)
09-26 11:52:05.682 31661 31681 V bluetooth: system/stack/hid/hidh_conn.cc:701 hidh_l2cif_data_ind: HID-Host hidh_l2cif_data_ind [l2cap_cid=0x004c]
09-26 11:52:05.682 31661 31681 V bt_bta_hh: system/bta/hh/bta_hh_act.cc:1144 bta_hh_cback: HID_event [HID_HDEV_EVT_INTR_DATA]
09-26 11:52:05.682 31661 31681 V l2c_csm : system/stack/l2cap/l2c_csm.cc:1514 l2c_csm_open: Exit chnl_state=CST_OPEN [6], event=L2CEVT_L2CAP_DATA(0x14) [20]
09-26 11:52:05.682 31661 31681 V bt_bta_sys_main: system/bta/sys/bta_sys_main.cc:71 bta_sys_event: Event 0x1704
09-26 11:52:05.682 31661 31681 V bt_bta_hh: system/bta/hh/bta_hh_main.cc:174 bta_hh_sm_execute: State BTA_HH_CONN_ST(3), Event BTA_HH_INT_DATA_EVT(5892) for xx:xx:xx:xx:2b:83[public][BT_TRANSPORT_BR_EDR]
09-26 11:52:05.682 31661 31681 V bluetooth: system/btif/co/bta_hh_co.cc:773 bta_hh_co_data: dev_handle = 0
09-26 11:52:05.682 31661 31681 V bluetooth: system/btif/co/bta_hh_co.cc:653 bta_hh_co_write: UHID write 16
09-26 11:52:05.692 31661 31681 V l2c_csm : system/stack/l2cap/l2c_csm.cc:1335 l2c_csm_open: LCID: 0x004c  st: OPEN  evt: L2CEVT_L2CAP_DATA(0x14) psm: BT_PSM_HIDI(0x0013)
09-26 11:52:05.692 31661 31681 V bluetooth: system/stack/hid/hidh_conn.cc:701 hidh_l2cif_data_ind: HID-Host hidh_l2cif_data_ind [l2cap_cid=0x004c]
09-26 11:52:05.692 31661 31681 V bt_bta_hh: system/bta/hh/bta_hh_act.cc:1144 bta_hh_cback: HID_event [HID_HDEV_EVT_INTR_DATA]
09-26 11:52:05.692 31661 31681 V l2c_csm : system/stack/l2cap/l2c_csm.cc:1514 l2c_csm_open: Exit chnl_state=CST_OPEN [6], event=L2CEVT_L2CAP_DATA(0x14) [20]
09-26 11:52:05.692 31661 31681 V bt_bta_sys_main: system/bta/sys/bta_sys_main.cc:71 bta_sys_event: Event 0x1704
09-26 11:52:05.692 31661 31681 V bt_bta_hh: system/bta/hh/bta_hh_main.cc:174 bta_hh_sm_execute: State BTA_HH_CONN_ST(3), Event BTA_HH_INT_DATA_EVT(5892) for xx:xx:xx:xx:2b:83[public][BT_TRANSPORT_BR_EDR]
09-26 11:52:05.692 31661 31681 V bluetooth: system/btif/co/bta_hh_co.cc:773 bta_hh_co_data: dev_handle = 0
09-26 11:52:05.692 31661 31681 V bluetooth: system/btif/co/bta_hh_co.cc:653 bta_hh_co_write: UHID write 16
09-26 11:52:05.702 31661 31681 V l2c_csm : system/stack/l2cap/l2c_csm.cc:1335 l2c_csm_open: LCID: 0x004c  st: OPEN  evt: L2CEVT_L2CAP_DATA(0x14) psm: BT_PSM_HIDI(0x0013)
09-26 11:52:05.702 31661 31681 V bluetooth: system/stack/hid/hidh_conn.cc:701 hidh_l2cif_data_ind: HID-Host hidh_l2cif_data_ind [l2cap_cid=0x004c]
09-26 11:52:05.702 31661 31681 V bt_bta_hh: system/bta/hh/bta_hh_act.cc:1144 bta_hh_cback: HID_event [HID_HDEV_EVT_INTR_DATA]
09-26 11:52:05.702 31661 31681 V l2c_csm : system/stack/l2cap/l2c_csm.cc:1514 l2c_csm_open: Exit chnl_state=CST_OPEN [6], event=L2CEVT_L2CAP_DATA(0x14) [20]
09-26 11:52:05.702 31661 31681 V bt_bta_sys_main: system/bta/sys/bta_sys_main.cc:71 bta_sys_event: Event 0x1704
09-26 11:52:05.703 31661 31681 V bt_bta_hh: system/bta/hh/bta_hh_main.cc:174 bta_hh_sm_execute: State BTA_HH_CONN_ST(3), Event BTA_HH_INT_DATA_EVT(5892) for xx:xx:xx:xx:2b:83[public][BT_TRANSPORT_BR_EDR]
09-26 11:52:05.703 31661 31681 V bluetooth: system/btif/co/bta_hh_co.cc:773 bta_hh_co_data: dev_handle = 0
09-26 11:52:05.703 31661 31681 V bluetooth: system/btif/co/bta_hh_co.cc:653 bta_hh_co_write: UHID write 16
09-26 11:52:05.712 31661 31681 V l2c_csm : system/stack/l2cap/l2c_csm.cc:1335 l2c_csm_open: LCID: 0x004c  st: OPEN  evt: L2CEVT_L2CAP_DATA(0x14) psm: BT_PSM_HIDI(0x0013)
09-26 11:52:05.712 31661 31681 V bluetooth: system/stack/hid/hidh_conn.cc:701 hidh_l2cif_data_ind: HID-Host hidh_l2cif_data_ind [l2cap_cid=0x004c]
09-26 11:52:05.712 31661 31681 V bt_bta_hh: system/bta/hh/bta_hh_act.cc:1144 bta_hh_cback: HID_event [HID_HDEV_EVT_INTR_DATA]
09-26 11:52:05.712 31661 31681 V l2c_csm : system/stack/l2cap/l2c_csm.cc:1514 l2c_csm_open: Exit chnl_state=CST_OPEN [6], event=L2CEVT_L2CAP_DATA(0x14) [20]
09-26 11:52:05.712 31661 31681 V bt_bta_sys_main: system/bta/sys/bta_sys_main.cc:71 bta_sys_event: Event 0x1704
09-26 11:52:05.712 31661 31681 V bt_bta_hh: system/bta/hh/bta_hh_main.cc:174 bta_hh_sm_execute: State BTA_HH_CONN_ST(3), Event BTA_HH_INT_DATA_EVT(5892) for xx:xx:xx:xx:2b:83[public][BT_TRANSPORT_BR_EDR]
09-26 11:52:05.712 31661 31681 V bluetooth: system/btif/co/bta_hh_co.cc:773 bta_hh_co_data: dev_handle = 0
09-26 11:52:05.713 31661 31681 V bluetooth: system/btif/co/bta_hh_co.cc:653 bta_hh_co_write: UHID write 16
09-26 11:52:05.719  1570  1606 I android.hardware.thermal-service.qti: sensor: cpu-2-1-0 temperature: 89.9 old: 3 new: 0
09-26 11:52:05.722 31661 31681 V l2c_csm : system/stack/l2cap/l2c_csm.cc:1335 l2c_csm_open: LCID: 0x004c  st: OPEN  evt: L2CEVT_L2CAP_DATA(0x14) psm: BT_PSM_HIDI(0x0013)
09-26 11:52:05.722 31661 31681 V bluetooth: system/stack/hid/hidh_conn.cc:701 hidh_l2cif_data_ind: HID-Host hidh_l2cif_data_ind [l2cap_cid=0x004c]
09-26 11:52:05.722 31661 31681 V bt_bta_hh: system/bta/hh/bta_hh_act.cc:1144 bta_hh_cback: HID_event [HID_HDEV_EVT_INTR_DATA]
09-26 11:52:05.722 31661 31681 V l2c_csm : system/stack/l2cap/l2c_csm.cc:1514 l2c_csm_open: Exit chnl_state=CST_OPEN [6], event=L2CEVT_L2CAP_DATA(0x14) [20]
09-26 11:52:05.722 31661 31681 V bt_bta_sys_main: system/bta/sys/bta_sys_main.cc:71 bta_sys_event: Event 0x1704
09-26 11:52:05.722 31661 31681 V bt_bta_hh: system/bta/hh/bta_hh_main.cc:174 bta_hh_sm_execute: State BTA_HH_CONN_ST(3), Event BTA_HH_INT_DATA_EVT(5892) for xx:xx:xx:xx:2b:83[public][BT_TRANSPORT_BR_EDR]
09-26 11:52:05.722 31661 31681 V bluetooth: system/btif/co/bta_hh_co.cc:773 bta_hh_co_data: dev_handle = 0
09-26 11:52:05.722 31661 31681 V bluetooth: system/btif/co/bta_hh_co.cc:653 bta_hh_co_write: UHID write 16
09-26 11:52:05.732 31661 31681 V l2c_csm : system/stack/l2cap/l2c_csm.cc:1335 l2c_csm_open: LCID: 0x004c  st: OPEN  evt: L2CEVT_L2CAP_DATA(0x14) psm: BT_PSM_HIDI(0x0013)
09-26 11:52:05.732 31661 31681 V bluetooth: system/stack/hid/hidh_conn.cc:701 hidh_l2cif_data_ind: HID-Host hidh_l2cif_data_ind [l2cap_cid=0x004c]
09-26 11:52:05.732 31661 31681 V bt_bta_hh: system/bta/hh/bta_hh_act.cc:1144 bta_hh_cback: HID_event [HID_HDEV_EVT_INTR_DATA]
09-26 11:52:05.732 31661 31681 V l2c_csm : system/stack/l2cap/l2c_csm.cc:1514 l2c_csm_open: Exit chnl_state=CST_OPEN [6], event=L2CEVT_L2CAP_DATA(0x14) [20]
09-26 11:52:05.732 31661 31681 V bt_bta_sys_main: system/bta/sys/bta_sys_main.cc:71 bta_sys_event: Event 0x1704
09-26 11:52:05.732 31661 31681 V bt_bta_hh: system/bta/hh/bta_hh_main.cc:174 bta_hh_sm_execute: State BTA_HH_CONN_ST(3), Event BTA_HH_INT_DATA_EVT(5892) for xx:xx:xx:xx:2b:83[public][BT_TRANSPORT_BR_EDR]
09-26 11:52:05.732 31661 31681 V bluetooth: system/btif/co/bta_hh_co.cc:773 bta_hh_co_data: dev_handle = 0
09-26 11:52:05.732 31661 31681 V bluetooth: system/btif/co/bta_hh_co.cc:653 bta_hh_co_write: UHID write 16
09-26 11:52:05.742 31661 31681 V l2c_csm : system/stack/l2cap/l2c_csm.cc:1335 l2c_csm_open: LCID: 0x004c  st: OPEN  evt: L2CEVT_L2CAP_DATA(0x14) psm: BT_PSM_HIDI(0x0013)
09-26 11:52:05.742 31661 31681 V bluetooth: system/stack/hid/hidh_conn.cc:701 hidh_l2cif_data_ind: HID-Host hidh_l2cif_data_ind [l2cap_cid=0x004c]
09-26 11:52:05.742 31661 31681 V bt_bta_hh: system/bta/hh/bta_hh_act.cc:1144 bta_hh_cback: HID_event [HID_HDEV_EVT_INTR_DATA]
09-26 11:52:05.742 31661 31681 V l2c_csm : system/stack/l2cap/l2c_csm.cc:1514 l2c_csm_open: Exit chnl_state=CST_OPEN [6], event=L2CEVT_L2CAP_DATA(0x14) [20]
09-26 11:52:05.742 31661 31681 V bt_bta_sys_main: system/bta/sys/bta_sys_main.cc:71 bta_sys_event: Event 0x1704
09-26 11:52:05.742 31661 31681 V bt_bta_hh: system/bta/hh/bta_hh_main.cc:174 bta_hh_sm_execute: State BTA_HH_CONN_ST(3), Event BTA_HH_INT_DATA_EVT(5892) for xx:xx:xx:xx:2b:83[public][BT_TRANSPORT_BR_EDR]
09-26 11:52:05.742 31661 31681 V bluetooth: system/btif/co/bta_hh_co.cc:773 bta_hh_co_data: dev_handle = 0
09-26 11:52:05.742 31661 31681 V bluetooth: system/btif/co/bta_hh_co.cc:653 bta_hh_co_write: UHID write 16
09-26 11:52:05.752 31661 31681 V l2c_csm : system/stack/l2cap/l2c_csm.cc:1335 l2c_csm_open: LCID: 0x004c  st: OPEN  evt: L2CEVT_L2CAP_DATA(0x14) psm: BT_PSM_HIDI(0x0013)
09-26 11:52:05.752 31661 31681 V bluetooth: system/stack/hid/hidh_conn.cc:701 hidh_l2cif_data_ind: HID-Host hidh_l2cif_data_ind [l2cap_cid=0x004c]
09-26 11:52:05.752 31661 31681 V bt_bta_hh: system/bta/hh/bta_hh_act.cc:1144 bta_hh_cback: HID_event [HID_HDEV_EVT_INTR_DATA]
09-26 11:52:05.752 31661 31681 V l2c_csm : system/stack/l2cap/l2c_csm.cc:1514 l2c_csm_open: Exit chnl_state=CST_OPEN [6], event=L2CEVT_L2CAP_DATA(0x14) [20]
09-26 11:52:05.752 31661 31681 V bt_bta_sys_main: system/bta/sys/bta_sys_main.cc:71 bta_sys_event: Event 0x1704
09-26 11:52:05.752 31661 31681 V bt_bta_hh: system/bta/hh/bta_hh_main.cc:174 bta_hh_sm_execute: State BTA_HH_CONN_ST(3), Event BTA_HH_INT_DATA_EVT(5892) for xx:xx:xx:xx:2b:83[public][BT_TRANSPORT_BR_EDR]
09-26 11:52:05.752 31661 31681 V bluetooth: system/btif/co/bta_hh_co.cc:773 bta_hh_co_data: dev_handle = 0
09-26 11:52:05.752 31661 31681 V bluetooth: system/btif/co/bta_hh_co.cc:653 bta_hh_co_write: UHID write 16
09-26 11:52:05.763 31661 31681 V l2c_csm : system/stack/l2cap/l2c_csm.cc:1335 l2c_csm_open: LCID: 0x004c  st: OPEN  evt: L2CEVT_L2CAP_DATA(0x14) psm: BT_PSM_HIDI(0x0013)
09-26 11:52:05.763 31661 31681 V bluetooth: system/stack/hid/hidh_conn.cc:701 hidh_l2cif_data_ind: HID-Host hidh_l2cif_data_ind [l2cap_cid=0x004c]
09-26 11:52:05.763 31661 31681 V bt_bta_hh: system/bta/hh/bta_hh_act.cc:1144 bta_hh_cback: HID_event [HID_HDEV_EVT_INTR_DATA]
09-26 11:52:05.763 31661 31681 V l2c_csm : system/stack/l2cap/l2c_csm.cc:1514 l2c_csm_open: Exit chnl_state=CST_OPEN [6], event=L2CEVT_L2CAP_DATA(0x14) [20]
09-26 11:52:05.763 31661 31681 V bt_bta_sys_main: system/bta/sys/bta_sys_main.cc:71 bta_sys_event: Event 0x1704
09-26 11:52:05.763 31661 31681 V bt_bta_hh: system/bta/hh/bta_hh_main.cc:174 bta_hh_sm_execute: State BTA_HH_CONN_ST(3), Event BTA_HH_INT_DATA_EVT(5892) for xx:xx:xx:xx:2b:83[public][BT_TRANSPORT_BR_EDR]
09-26 11:52:05.763 31661 31681 V bluetooth: system/btif/co/bta_hh_co.cc:773 bta_hh_co_data: dev_handle = 0
09-26 11:52:05.763 31661 31681 V bluetooth: system/btif/co/bta_hh_co.cc:653 bta_hh_co_write: UHID write 16
09-26 11:52:05.772 31661 31681 V l2c_csm : system/stack/l2cap/l2c_csm.cc:1335 l2c_csm_open: LCID: 0x004c  st: OPEN  evt: L2CEVT_L2CAP_DATA(0x14) psm: BT_PSM_HIDI(0x0013)
09-26 11:52:05.772 31661 31681 V bluetooth: system/stack/hid/hidh_conn.cc:701 hidh_l2cif_data_ind: HID-Host hidh_l2cif_data_ind [l2cap_cid=0x004c]
09-26 11:52:05.772 31661 31681 V bt_bta_hh: system/bta/hh/bta_hh_act.cc:1144 bta_hh_cback: HID_event [HID_HDEV_EVT_INTR_DATA]
09-26 11:52:05.772 31661 31681 V l2c_csm : system/stack/l2cap/l2c_csm.cc:1514 l2c_csm_open: Exit chnl_state=CST_OPEN [6], event=L2CEVT_L2CAP_DATA(0x14) [20]
09-26 11:52:05.772 31661 31681 V bt_bta_sys_main: system/bta/sys/bta_sys_main.cc:71 bta_sys_event: Event 0x1704
09-26 11:52:05.773 31661 31681 V bt_bta_hh: system/bta/hh/bta_hh_main.cc:174 bta_hh_sm_execute: State BTA_HH_CONN_ST(3), Event BTA_HH_INT_DATA_EVT(5892) for xx:xx:xx:xx:2b:83[public][BT_TRANSPORT_BR_EDR]
09-26 11:52:05.773 31661 31681 V bluetooth: system/btif/co/bta_hh_co.cc:773 bta_hh_co_data: dev_handle = 0
09-26 11:52:05.773 31661 31681 V bluetooth: system/btif/co/bta_hh_co.cc:653 bta_hh_co_write: UHID write 16
09-26 11:52:05.782 31661 31681 V l2c_csm : system/stack/l2cap/l2c_csm.cc:1335 l2c_csm_open: LCID: 0x004c  st: OPEN  evt: L2CEVT_L2CAP_DATA(0x14) psm: BT_PSM_HIDI(0x0013)
09-26 11:52:05.782 31661 31681 V bluetooth: system/stack/hid/hidh_conn.cc:701 hidh_l2cif_data_ind: HID-Host hidh_l2cif_data_ind [l2cap_cid=0x004c]
09-26 11:52:05.782 31661 31681 V bt_bta_hh: system/bta/hh/bta_hh_act.cc:1144 bta_hh_cback: HID_event [HID_HDEV_EVT_INTR_DATA]
09-26 11:52:05.782 31661 31681 V l2c_csm : system/stack/l2cap/l2c_csm.cc:1514 l2c_csm_open: Exit chnl_state=CST_OPEN [6], event=L2CEVT_L2CAP_DATA(0x14) [20]
09-26 11:52:05.782 31661 31681 V bt_bta_sys_main: system/bta/sys/bta_sys_main.cc:71 bta_sys_event: Event 0x1704
09-26 11:52:05.782 31661 31681 V bt_bta_hh: system/bta/hh/bta_hh_main.cc:174 bta_hh_sm_execute: State BTA_HH_CONN_ST(3), Event BTA_HH_INT_DATA_EVT(5892) for xx:xx:xx:xx:2b:83[public][BT_TRANSPORT_BR_EDR]
09-26 11:52:05.782 31661 31681 V bluetooth: system/btif/co/bta_hh_co.cc:773 bta_hh_co_data: dev_handle = 0
09-26 11:52:05.782 31661 31681 V bluetooth: system/btif/co/bta_hh_co.cc:653 bta_hh_co_write: UHID write 16
09-26 11:52:05.792 31661 31681 V l2c_csm : system/stack/l2cap/l2c_csm.cc:1335 l2c_csm_open: LCID: 0x004c  st: OPEN  evt: L2CEVT_L2CAP_DATA(0x14) psm: BT_PSM_HIDI(0x0013)
09-26 11:52:05.792 31661 31681 V bluetooth: system/stack/hid/hidh_conn.cc:701 hidh_l2cif_data_ind: HID-Host hidh_l2cif_data_ind [l2cap_cid=0x004c]
09-26 11:52:05.792 31661 31681 V bt_bta_hh: system/bta/hh/bta_hh_act.cc:1144 bta_hh_cback: HID_event [HID_HDEV_EVT_INTR_DATA]
09-26 11:52:05.792 31661 31681 V l2c_csm : system/stack/l2cap/l2c_csm.cc:1514 l2c_csm_open: Exit chnl_state=CST_OPEN [6], event=L2CEVT_L2CAP_DATA(0x14) [20]
09-26 11:52:05.792 31661 31681 V bt_bta_sys_main: system/bta/sys/bta_sys_main.cc:71 bta_sys_event: Event 0x1704
09-26 11:52:05.792 31661 31681 V bt_bta_hh: system/bta/hh/bta_hh_main.cc:174 bta_hh_sm_execute: State BTA_HH_CONN_ST(3), Event BTA_HH_INT_DATA_EVT(5892) for xx:xx:xx:xx:2b:83[public][BT_TRANSPORT_BR_EDR]
09-26 11:52:05.792 31661 31681 V bluetooth: system/btif/co/bta_hh_co.cc:773 bta_hh_co_data: dev_handle = 0
09-26 11:52:05.792 31661 31681 V bluetooth: system/btif/co/bta_hh_co.cc:653 bta_hh_co_write: UHID write 16
09-26 11:52:05.802 31661 31681 V l2c_csm : system/stack/l2cap/l2c_csm.cc:1335 l2c_csm_open: LCID: 0x004c  st: OPEN  evt: L2CEVT_L2CAP_DATA(0x14) psm: BT_PSM_HIDI(0x0013)
09-26 11:52:05.802 31661 31681 V bluetooth: system/stack/hid/hidh_conn.cc:701 hidh_l2cif_data_ind: HID-Host hidh_l2cif_data_ind [l2cap_cid=0x004c]
09-26 11:52:05.802 31661 31681 V bt_bta_hh: system/bta/hh/bta_hh_act.cc:1144 bta_hh_cback: HID_event [HID_HDEV_EVT_INTR_DATA]
09-26 11:52:05.803 31661 31681 V l2c_csm : system/stack/l2cap/l2c_csm.cc:1514 l2c_csm_open: Exit chnl_state=CST_OPEN [6], event=L2CEVT_L2CAP_DATA(0x14) [20]
09-26 11:52:05.803 31661 31681 V bt_bta_sys_main: system/bta/sys/bta_sys_main.cc:71 bta_sys_event: Event 0x1704
09-26 11:52:05.803 31661 31681 V bt_bta_hh: system/bta/hh/bta_hh_main.cc:174 bta_hh_sm_execute: State BTA_HH_CONN_ST(3), Event BTA_HH_INT_DATA_EVT(5892) for xx:xx:xx:xx:2b:83[public][BT_TRANSPORT_BR_EDR]
09-26 11:52:05.803 31661 31681 V bluetooth: system/btif/co/bta_hh_co.cc:773 bta_hh_co_data: dev_handle = 0
09-26 11:52:05.803 31661 31681 V bluetooth: system/btif/co/bta_hh_co.cc:653 bta_hh_co_write: UHID write 16
09-26 11:52:05.807  1768  1768 D SurfaceFlinger: initiateModeChange 4630946652107814787 {mode={fps=60.00 Hz, modePtr={id=1, vsyncRate=60.00 Hz, peakRefreshRate=60.00 Hz}}, emitEvent=false, force=false}
09-26 11:52:05.808  1616  2136 I SDM     : HWCDisplay::SetActiveConfigToIrisWrapper: SetActiveConfigToIrisWrapper on id_: 0
09-26 11:52:05.808  1616  2136 W SDM     : HWCDisplay::SetActiveConfigToIrisWrapper: HWC SetActiveConfig [0, 1], switch to [1264x2780@60]
09-26 11:52:05.808  1616  2136 W SDM     : HWDeviceDRM::GetSupportedBitClkRate: Requested rate not supported: 1012000000
09-26 11:52:05.809  1616  2136 I SDM     : HWDeviceDRM::UpdateMixerAttributes: Mixer WxH 1264x2780-1 for Peripheral
09-26 11:52:05.809  1616  2136 I CwbService: CwbService::notifyConfigChange: display:0, config:1 size:4, sec.size():0
09-26 11:52:05.809  1616  2136 I SDM     : HWCDisplay::SubmitDisplayConfig: Active configuration changed from config 0 to 1
09-26 11:52:05.809  1616  1871 I SDM     : DisplayBase::CommitThread: Received idle timeout, panel: cmd, timeout: 70000 us
09-26 11:52:05.812 31661 31681 V l2c_csm : system/stack/l2cap/l2c_csm.cc:1335 l2c_csm_open: LCID: 0x004c  st: OPEN  evt: L2CEVT_L2CAP_DATA(0x14) psm: BT_PSM_HIDI(0x0013)
09-26 11:52:05.812 31661 31681 V bluetooth: system/stack/hid/hidh_conn.cc:701 hidh_l2cif_data_ind: HID-Host hidh_l2cif_data_ind [l2cap_cid=0x004c]
09-26 11:52:05.812 31661 31681 V bt_bta_hh: system/bta/hh/bta_hh_act.cc:1144 bta_hh_cback: HID_event [HID_HDEV_EVT_INTR_DATA]
09-26 11:52:05.812 31661 31681 V l2c_csm : system/stack/l2cap/l2c_csm.cc:1514 l2c_csm_open: Exit chnl_state=CST_OPEN [6], event=L2CEVT_L2CAP_DATA(0x14) [20]
09-26 11:52:05.812 31661 31681 V bt_bta_sys_main: system/bta/sys/bta_sys_main.cc:71 bta_sys_event: Event 0x1704
09-26 11:52:05.812 31661 31681 V bt_bta_hh: system/bta/hh/bta_hh_main.cc:174 bta_hh_sm_execute: State BTA_HH_CONN_ST(3), Event BTA_HH_INT_DATA_EVT(5892) for xx:xx:xx:xx:2b:83[public][BT_TRANSPORT_BR_EDR]
09-26 11:52:05.812 31661 31681 V bluetooth: system/btif/co/bta_hh_co.cc:773 bta_hh_co_data: dev_handle = 0
09-26 11:52:05.812 31661 31681 V bluetooth: system/btif/co/bta_hh_co.cc:653 bta_hh_co_write: UHID write 16
09-26 11:52:05.822 31661 31681 V l2c_csm : system/stack/l2cap/l2c_csm.cc:1335 l2c_csm_open: LCID: 0x004c  st: OPEN  evt: L2CEVT_L2CAP_DATA(0x14) psm: BT_PSM_HIDI(0x0013)
09-26 11:52:05.822 31661 31681 V bluetooth: system/stack/hid/hidh_conn.cc:701 hidh_l2cif_data_ind: HID-Host hidh_l2cif_data_ind [l2cap_cid=0x004c]
09-26 11:52:05.822 31661 31681 V bt_bta_hh: system/bta/hh/bta_hh_act.cc:1144 bta_hh_cback: HID_event [HID_HDEV_EVT_INTR_DATA]
09-26 11:52:05.822 31661 31681 V l2c_csm : system/stack/l2cap/l2c_csm.cc:1514 l2c_csm_open: Exit chnl_state=CST_OPEN [6], event=L2CEVT_L2CAP_DATA(0x14) [20]
09-26 11:52:05.822 31661 31681 V bt_bta_sys_main: system/bta/sys/bta_sys_main.cc:71 bta_sys_event: Event 0x1704
09-26 11:52:05.822 31661 31681 V bt_bta_hh: system/bta/hh/bta_hh_main.cc:174 bta_hh_sm_execute: State BTA_HH_CONN_ST(3), Event BTA_HH_INT_DATA_EVT(5892) for xx:xx:xx:xx:2b:83[public][BT_TRANSPORT_BR_EDR]
09-26 11:52:05.822 31661 31681 V bluetooth: system/btif/co/bta_hh_co.cc:773 bta_hh_co_data: dev_handle = 0
09-26 11:52:05.822 31661 31681 V bluetooth: system/btif/co/bta_hh_co.cc:653 bta_hh_co_write: UHID write 16
09-26 11:52:05.832 31661 31681 V l2c_csm : system/stack/l2cap/l2c_csm.cc:1335 l2c_csm_open: LCID: 0x004c  st: OPEN  evt: L2CEVT_L2CAP_DATA(0x14) psm: BT_PSM_HIDI(0x0013)
09-26 11:52:05.832 31661 31681 V bluetooth: system/stack/hid/hidh_conn.cc:701 hidh_l2cif_data_ind: HID-Host hidh_l2cif_data_ind [l2cap_cid=0x004c]
09-26 11:52:05.832 31661 31681 V bt_bta_hh: system/bta/hh/bta_hh_act.cc:1144 bta_hh_cback: HID_event [HID_HDEV_EVT_INTR_DATA]
09-26 11:52:05.832 31661 31681 V l2c_csm : system/stack/l2cap/l2c_csm.cc:1514 l2c_csm_open: Exit chnl_state=CST_OPEN [6], event=L2CEVT_L2CAP_DATA(0x14) [20]
09-26 11:52:05.832 31661 31681 V bt_bta_sys_main: system/bta/sys/bta_sys_main.cc:71 bta_sys_event: Event 0x1704
09-26 11:52:05.832 31661 31681 V bt_bta_hh: system/bta/hh/bta_hh_main.cc:174 bta_hh_sm_execute: State BTA_HH_CONN_ST(3), Event BTA_HH_INT_DATA_EVT(5892) for xx:xx:xx:xx:2b:83[public][BT_TRANSPORT_BR_EDR]
09-26 11:52:05.832 31661 31681 V bluetooth: system/btif/co/bta_hh_co.cc:773 bta_hh_co_data: dev_handle = 0
09-26 11:52:05.832 31661 31681 V bluetooth: system/btif/co/bta_hh_co.cc:653 bta_hh_co_write: UHID write 16
09-26 11:52:05.842 31661 31681 V l2c_csm : system/stack/l2cap/l2c_csm.cc:1335 l2c_csm_open: LCID: 0x004c  st: OPEN  evt: L2CEVT_L2CAP_DATA(0x14) psm: BT_PSM_HIDI(0x0013)
09-26 11:52:05.842 31661 31681 V bluetooth: system/stack/hid/hidh_conn.cc:701 hidh_l2cif_data_ind: HID-Host hidh_l2cif_data_ind [l2cap_cid=0x004c]
09-26 11:52:05.842 31661 31681 V bt_bta_hh: system/bta/hh/bta_hh_act.cc:1144 bta_hh_cback: HID_event [HID_HDEV_EVT_INTR_DATA]
09-26 11:52:05.842 31661 31681 V l2c_csm : system/stack/l2cap/l2c_csm.cc:1514 l2c_csm_open: Exit chnl_state=CST_OPEN [6], event=L2CEVT_L2CAP_DATA(0x14) [20]
09-26 11:52:05.842 31661 31681 V bt_bta_sys_main: system/bta/sys/bta_sys_main.cc:71 bta_sys_event: Event 0x1704
09-26 11:52:05.842 31661 31681 V bt_bta_hh: system/bta/hh/bta_hh_main.cc:174 bta_hh_sm_execute: State BTA_HH_CONN_ST(3), Event BTA_HH_INT_DATA_EVT(5892) for xx:xx:xx:xx:2b:83[public][BT_TRANSPORT_BR_EDR]
09-26 11:52:05.842 31661 31681 V bluetooth: system/btif/co/bta_hh_co.cc:773 bta_hh_co_data: dev_handle = 0
09-26 11:52:05.842 31661 31681 V bluetooth: system/btif/co/bta_hh_co.cc:653 bta_hh_co_write: UHID write 16
09-26 11:52:05.848 14961 23540 E RPCS3   : Video au decode has been waiting for a consumer for 5 seconds. (handle=0xf0000300, seq_id=1, cmd_id=63, queue_size=61)
09-26 11:52:05.852 31661 31681 V l2c_csm : system/stack/l2cap/l2c_csm.cc:1335 l2c_csm_open: LCID: 0x004c  st: OPEN  evt: L2CEVT_L2CAP_DATA(0x14) psm: BT_PSM_HIDI(0x0013)
09-26 11:52:05.852 31661 31681 V bluetooth: system/stack/hid/hidh_conn.cc:701 hidh_l2cif_data_ind: HID-Host hidh_l2cif_data_ind [l2cap_cid=0x004c]
09-26 11:52:05.852 31661 31681 V bt_bta_hh: system/bta/hh/bta_hh_act.cc:1144 bta_hh_cback: HID_event [HID_HDEV_EVT_INTR_DATA]
09-26 11:52:05.852 31661 31681 V l2c_csm : system/stack/l2cap/l2c_csm.cc:1514 l2c_csm_open: Exit chnl_state=CST_OPEN [6], event=L2CEVT_L2CAP_DATA(0x14) [20]
09-26 11:52:05.852 31661 31681 V bt_bta_sys_main: system/bta/sys/bta_sys_main.cc:71 bta_sys_event: Event 0x1704
09-26 11:52:05.852 31661 31681 V bt_bta_hh: system/bta/hh/bta_hh_main.cc:174 bta_hh_sm_execute: State BTA_HH_CONN_ST(3), Event BTA_HH_INT_DATA_EVT(5892) for xx:xx:xx:xx:2b:83[public][BT_TRANSPORT_BR_EDR]
09-26 11:52:05.852 31661 31681 V bluetooth: system/btif/co/bta_hh_co.cc:773 bta_hh_co_data: dev_handle = 0
09-26 11:52:05.852 31661 31681 V bluetooth: system/btif/co/bta_hh_co.cc:653 bta_hh_co_write: UHID write 16
09-26 11:52:05.857  1768  1768 D SurfaceFlinger: initiateModeChange 4630946652107814787 {mode={fps=120.00 Hz, modePtr={id=0, vsyncRate=120.00 Hz, peakRefreshRate=120.00 Hz}}, emitEvent=false, force=false}
09-26 11:52:05.857  1616  2136 I SDM     : HWCDisplay::SetActiveConfigToIrisWrapper: SetActiveConfigToIrisWrapper on id_: 0
09-26 11:52:05.857  1616  2136 W SDM     : HWCDisplay::SetActiveConfigToIrisWrapper: HWC SetActiveConfig [1, 0], switch to [1264x2780@120]
09-26 11:52:05.858  1616  2136 W SDM     : HWDeviceDRM::GetSupportedBitClkRate: Requested rate not supported: 1012000000
09-26 11:52:05.858  1616  2136 I SDM     : HWDeviceDRM::UpdateMixerAttributes: Mixer WxH 1264x2780-1 for Peripheral
09-26 11:52:05.858  1616  2136 I CwbService: CwbService::notifyConfigChange: display:0, config:0 size:4, sec.size():0
09-26 11:52:05.858  1616  2136 I SDM     : HWCDisplay::SubmitDisplayConfig: Active configuration changed from config 1 to 0
09-26 11:52:05.862 31661 31681 V l2c_csm : system/stack/l2cap/l2c_csm.cc:1335 l2c_csm_open: LCID: 0x004c  st: OPEN  evt: L2CEVT_L2CAP_DATA(0x14) psm: BT_PSM_HIDI(0x0013)
09-26 11:52:05.862 31661 31681 V bluetooth: system/stack/hid/hidh_conn.cc:701 hidh_l2cif_data_ind: HID-Host hidh_l2cif_data_ind [l2cap_cid=0x004c]
09-26 11:52:05.862 31661 31681 V bt_bta_hh: system/bta/hh/bta_hh_act.cc:1144 bta_hh_cback: HID_event [HID_HDEV_EVT_INTR_DATA]
09-26 11:52:05.862 31661 31681 V l2c_csm : system/stack/l2cap/l2c_csm.cc:1514 l2c_csm_open: Exit chnl_state=CST_OPEN [6], event=L2CEVT_L2CAP_DATA(0x14) [20]
09-26 11:52:05.862 31661 31681 V bt_bta_sys_main: system/bta/sys/bta_sys_main.cc:71 bta_sys_event: Event 0x1704
09-26 11:52:05.862 31661 31681 V bt_bta_hh: system/bta/hh/bta_hh_main.cc:174 bta_hh_sm_execute: State BTA_HH_CONN_ST(3), Event BTA_HH_INT_DATA_EVT(5892) for xx:xx:xx:xx:2b:83[public][BT_TRANSPORT_BR_EDR]
09-26 11:52:05.862 31661 31681 V bluetooth: system/btif/co/bta_hh_co.cc:773 bta_hh_co_data: dev_handle = 0
09-26 11:52:05.862 31661 31681 V bluetooth: system/btif/co/bta_hh_co.cc:653 bta_hh_co_write: UHID write 16
09-26 11:52:05.872 31661 31681 V l2c_csm : system/stack/l2cap/l2c_csm.cc:1335 l2c_csm_open: LCID: 0x004c  st: OPEN  evt: L2CEVT_L2CAP_DATA(0x14) psm: BT_PSM_HIDI(0x0013)
09-26 11:52:05.872 31661 31681 V bluetooth: system/stack/hid/hidh_conn.cc:701 hidh_l2cif_data_ind: HID-Host hidh_l2cif_data_ind [l2cap_cid=0x004c]
09-26 11:52:05.872 31661 31681 V bt_bta_hh: system/bta/hh/bta_hh_act.cc:1144 bta_hh_cback: HID_event [HID_HDEV_EVT_INTR_DATA]
09-26 11:52:05.872 31661 31681 V l2c_csm : system/stack/l2cap/l2c_csm.cc:1514 l2c_csm_open: Exit chnl_state=CST_OPEN [6], event=L2CEVT_L2CAP_DATA(0x14) [20]
09-26 11:52:05.872 31661 31681 V bt_bta_sys_main: system/bta/sys/bta_sys_main.cc:71 bta_sys_event: Event 0x1704
09-26 11:52:05.872 31661 31681 V bt_bta_hh: system/bta/hh/bta_hh_main.cc:174 bta_hh_sm_execute: State BTA_HH_CONN_ST(3), Event BTA_HH_INT_DATA_EVT(5892) for xx:xx:xx:xx:2b:83[public][BT_TRANSPORT_BR_EDR]
09-26 11:52:05.872 31661 31681 V bluetooth: system/btif/co/bta_hh_co.cc:773 bta_hh_co_data: dev_handle = 0
09-26 11:52:05.872 31661 31681 V bluetooth: system/btif/co/bta_hh_co.cc:653 bta_hh_co_write: UHID write 16
09-26 11:52:05.882 31661 31681 V l2c_csm : system/stack/l2cap/l2c_csm.cc:1335 l2c_csm_open: LCID: 0x004c  st: OPEN  evt: L2CEVT_L2CAP_DATA(0x14) psm: BT_PSM_HIDI(0x0013)
09-26 11:52:05.882 31661 31681 V bluetooth: system/stack/hid/hidh_conn.cc:701 hidh_l2cif_data_ind: HID-Host hidh_l2cif_data_ind [l2cap_cid=0x004c]
09-26 11:52:05.882 31661 31681 V bt_bta_hh: system/bta/hh/bta_hh_act.cc:1144 bta_hh_cback: HID_event [HID_HDEV_EVT_INTR_DATA]
09-26 11:52:05.882 31661 31681 V l2c_csm : system/stack/l2cap/l2c_csm.cc:1514 l2c_csm_open: Exit chnl_state=CST_OPEN [6], event=L2CEVT_L2CAP_DATA(0x14) [20]
09-26 11:52:05.882 31661 31681 V bt_bta_sys_main: system/bta/sys/bta_sys_main.cc:71 bta_sys_event: Event 0x1704
09-26 11:52:05.882 31661 31681 V bt_bta_hh: system/bta/hh/bta_hh_main.cc:174 bta_hh_sm_execute: State BTA_HH_CONN_ST(3), Event BTA_HH_INT_DATA_EVT(5892) for xx:xx:xx:xx:2b:83[public][BT_TRANSPORT_BR_EDR]
09-26 11:52:05.882 31661 31681 V bluetooth: system/btif/co/bta_hh_co.cc:773 bta_hh_co_data: dev_handle = 0
09-26 11:52:05.882 31661 31681 V bluetooth: system/btif/co/bta_hh_co.cc:653 bta_hh_co_write: UHID write 16
09-26 11:52:05.892 31661 31681 V l2c_csm : system/stack/l2cap/l2c_csm.cc:1335 l2c_csm_open: LCID: 0x004c  st: OPEN  evt: L2CEVT_L2CAP_DATA(0x14) psm: BT_PSM_HIDI(0x0013)
09-26 11:52:05.892 31661 31681 V bluetooth: system/stack/hid/hidh_conn.cc:701 hidh_l2cif_data_ind: HID-Host hidh_l2cif_data_ind [l2cap_cid=0x004c]
09-26 11:52:05.892 31661 31681 V bt_bta_hh: system/bta/hh/bta_hh_act.cc:1144 bta_hh_cback: HID_event [HID_HDEV_EVT_INTR_DATA]
09-26 11:52:05.892 31661 31681 V l2c_csm : system/stack/l2cap/l2c_csm.cc:1514 l2c_csm_open: Exit chnl_state=CST_OPEN [6], event=L2CEVT_L2CAP_DATA(0x14) [20]
09-26 11:52:05.892 31661 31681 V bt_bta_sys_main: system/bta/sys/bta_sys_main.cc:71 bta_sys_event: Event 0x1704
09-26 11:52:05.892 31661 31681 V bt_bta_hh: system/bta/hh/bta_hh_main.cc:174 bta_hh_sm_execute: State BTA_HH_CONN_ST(3), Event BTA_HH_INT_DATA_EVT(5892) for xx:xx:xx:xx:2b:83[public][BT_TRANSPORT_BR_EDR]
09-26 11:52:05.892 31661 31681 V bluetooth: system/btif/co/bta_hh_co.cc:773 bta_hh_co_data: dev_handle = 0
09-26 11:52:05.892 31661 31681 V bluetooth: system/btif/co/bta_hh_co.cc:653 bta_hh_co_write: UHID write 16
09-26 11:52:05.902 31661 31681 V l2c_csm : system/stack/l2cap/l2c_csm.cc:1335 l2c_csm_open: LCID: 0x004c  st: OPEN  evt: L2CEVT_L2CAP_DATA(0x14) psm: BT_PSM_HIDI(0x0013)
09-26 11:52:05.902 31661 31681 V bluetooth: system/stack/hid/hidh_conn.cc:701 hidh_l2cif_data_ind: HID-Host hidh_l2cif_data_ind [l2cap_cid=0x004c]
09-26 11:52:05.902 31661 31681 V bt_bta_hh: system/bta/hh/bta_hh_act.cc:1144 bta_hh_cback: HID_event [HID_HDEV_EVT_INTR_DATA]
09-26 11:52:05.902 31661 31681 V l2c_csm : system/stack/l2cap/l2c_csm.cc:1514 l2c_csm_open: Exit chnl_state=CST_OPEN [6], event=L2CEVT_L2CAP_DATA(0x14) [20]
09-26 11:52:05.902 31661 31681 V bt_bta_sys_main: system/bta/sys/bta_sys_main.cc:71 bta_sys_event: Event 0x1704
09-26 11:52:05.902 31661 31681 V bt_bta_hh: system/bta/hh/bta_hh_main.cc:174 bta_hh_sm_execute: State BTA_HH_CONN_ST(3), Event BTA_HH_INT_DATA_EVT(5892) for xx:xx:xx:xx:2b:83[public][BT_TRANSPORT_BR_EDR]
09-26 11:52:05.902 31661 31681 V bluetooth: system/btif/co/bta_hh_co.cc:773 bta_hh_co_data: dev_handle = 0
09-26 11:52:05.902 31661 31681 V bluetooth: system/btif/co/bta_hh_co.cc:653 bta_hh_co_write: UHID write 16
09-26 11:52:05.910  1570  1606 I android.hardware.thermal-service.qti: sensor: cpu-1-0-0 temperature: 89.9 old: 3 new: 0
09-26 11:52:05.912 31661 31681 V l2c_csm : system/stack/l2cap/l2c_csm.cc:1335 l2c_csm_open: LCID: 0x004c  st: OPEN  evt: L2CEVT_L2CAP_DATA(0x14) psm: BT_PSM_HIDI(0x0013)
09-26 11:52:05.912 31661 31681 V bluetooth: system/stack/hid/hidh_conn.cc:701 hidh_l2cif_data_ind: HID-Host hidh_l2cif_data_ind [l2cap_cid=0x004c]
09-26 11:52:05.912 31661 31681 V bt_bta_hh: system/bta/hh/bta_hh_act.cc:1144 bta_hh_cback: HID_event [HID_HDEV_EVT_INTR_DATA]
09-26 11:52:05.912 31661 31681 V l2c_csm : system/stack/l2cap/l2c_csm.cc:1514 l2c_csm_open: Exit chnl_state=CST_OPEN [6], event=L2CEVT_L2CAP_DATA(0x14) [20]
09-26 11:52:05.912 31661 31681 V bt_bta_sys_main: system/bta/sys/bta_sys_main.cc:71 bta_sys_event: Event 0x1704
09-26 11:52:05.912 31661 31681 V bt_bta_hh: system/bta/hh/bta_hh_main.cc:174 bta_hh_sm_execute: State BTA_HH_CONN_ST(3), Event BTA_HH_INT_DATA_EVT(5892) for xx:xx:xx:xx:2b:83[public][BT_TRANSPORT_BR_EDR]
09-26 11:52:05.912 31661 31681 V bluetooth: system/btif/co/bta_hh_co.cc:773 bta_hh_co_data: dev_handle = 0
09-26 11:52:05.912 31661 31681 V bluetooth: system/btif/co/bta_hh_co.cc:653 bta_hh_co_write: UHID write 16
09-26 11:52:05.922 31661 31681 V l2c_csm : system/stack/l2cap/l2c_csm.cc:1335 l2c_csm_open: LCID: 0x004c  st: OPEN  evt: L2CEVT_L2CAP_DATA(0x14) psm: BT_PSM_HIDI(0x0013)
09-26 11:52:05.922 31661 31681 V bluetooth: system/stack/hid/hidh_conn.cc:701 hidh_l2cif_data_ind: HID-Host hidh_l2cif_data_ind [l2cap_cid=0x004c]
09-26 11:52:05.922 31661 31681 V bt_bta_hh: system/bta/hh/bta_hh_act.cc:1144 bta_hh_cback: HID_event [HID_HDEV_EVT_INTR_DATA]
09-26 11:52:05.922 31661 31681 V l2c_csm : system/stack/l2cap/l2c_csm.cc:1514 l2c_csm_open: Exit chnl_state=CST_OPEN [6], event=L2CEVT_L2CAP_DATA(0x14) [20]
09-26 11:52:05.922 31661 31681 V bt_bta_sys_main: system/bta/sys/bta_sys_main.cc:71 bta_sys_event: Event 0x1704
09-26 11:52:05.922 31661 31681 V bt_bta_hh: system/bta/hh/bta_hh_main.cc:174 bta_hh_sm_execute: State BTA_HH_CONN_ST(3), Event BTA_HH_INT_DATA_EVT(5892) for xx:xx:xx:xx:2b:83[public][BT_TRANSPORT_BR_EDR]
09-26 11:52:05.922 31661 31681 V bluetooth: system/btif/co/bta_hh_co.cc:773 bta_hh_co_data: dev_handle = 0
09-26 11:52:05.922 31661 31681 V bluetooth: system/btif/co/bta_hh_co.cc:653 bta_hh_co_write: UHID write 16
09-26 11:52:05.932 31661 31681 V l2c_csm : system/stack/l2cap/l2c_csm.cc:1335 l2c_csm_open: LCID: 0x004c  st: OPEN  evt: L2CEVT_L2CAP_DATA(0x14) psm: BT_PSM_HIDI(0x0013)
09-26 11:52:05.932 31661 31681 V bluetooth: system/stack/hid/hidh_conn.cc:701 hidh_l2cif_data_ind: HID-Host hidh_l2cif_data_ind [l2cap_cid=0x004c]
09-26 11:52:05.932 31661 31681 V bt_bta_hh: system/bta/hh/bta_hh_act.cc:1144 bta_hh_cback: HID_event [HID_HDEV_EVT_INTR_DATA]
09-26 11:52:05.932 31661 31681 V l2c_csm : system/stack/l2cap/l2c_csm.cc:1514 l2c_csm_open: Exit chnl_state=CST_OPEN [6], event=L2CEVT_L2CAP_DATA(0x14) [20]
09-26 11:52:05.932 31661 31681 V bt_bta_sys_main: system/bta/sys/bta_sys_main.cc:71 bta_sys_event: Event 0x1704
09-26 11:52:05.932 31661 31681 V bt_bta_hh: system/bta/hh/bta_hh_main.cc:174 bta_hh_sm_execute: State BTA_HH_CONN_ST(3), Event BTA_HH_INT_DATA_EVT(5892) for xx:xx:xx:xx:2b:83[public][BT_TRANSPORT_BR_EDR]
09-26 11:52:05.932 31661 31681 V bluetooth: system/btif/co/bta_hh_co.cc:773 bta_hh_co_data: dev_handle = 0
09-26 11:52:05.932 31661 31681 V bluetooth: system/btif/co/bta_hh_co.cc:653 bta_hh_co_write: UHID write 16
09-26 11:52:05.942 31661 31681 V l2c_csm : system/stack/l2cap/l2c_csm.cc:1335 l2c_csm_open: LCID: 0x004c  st: OPEN  evt: L2CEVT_L2CAP_DATA(0x14) psm: BT_PSM_HIDI(0x0013)
09-26 11:52:05.942 31661 31681 V bluetooth: system/stack/hid/hidh_conn.cc:701 hidh_l2cif_data_ind: HID-Host hidh_l2cif_data_ind [l2cap_cid=0x004c]
09-26 11:52:05.942 31661 31681 V bt_bta_hh: system/bta/hh/bta_hh_act.cc:1144 bta_hh_cback: HID_event [HID_HDEV_EVT_INTR_DATA]
09-26 11:52:05.942 31661 31681 V l2c_csm : system/stack/l2cap/l2c_csm.cc:1514 l2c_csm_open: Exit chnl_state=CST_OPEN [6], event=L2CEVT_L2CAP_DATA(0x14) [20]
09-26 11:52:05.942 31661 31681 V bt_bta_sys_main: system/bta/sys/bta_sys_main.cc:71 bta_sys_event: Event 0x1704
09-26 11:52:05.942 31661 31681 V bt_bta_hh: system/bta/hh/bta_hh_main.cc:174 bta_hh_sm_execute: State BTA_HH_CONN_ST(3), Event BTA_HH_INT_DATA_EVT(5892) for xx:xx:xx:xx:2b:83[public][BT_TRANSPORT_BR_EDR]
09-26 11:52:05.942 31661 31681 V bluetooth: system/btif/co/bta_hh_co.cc:773 bta_hh_co_data: dev_handle = 0
09-26 11:52:05.942 31661 31681 V bluetooth: system/btif/co/bta_hh_co.cc:653 bta_hh_co_write: UHID write 16
09-26 11:52:05.952 31661 31681 V l2c_csm : system/stack/l2cap/l2c_csm.cc:1335 l2c_csm_open: LCID: 0x004c  st: OPEN  evt: L2CEVT_L2CAP_DATA(0x14) psm: BT_PSM_HIDI(0x0013)
09-26 11:52:05.952 31661 31681 V bluetooth: system/stack/hid/hidh_conn.cc:701 hidh_l2cif_data_ind: HID-Host hidh_l2cif_data_ind [l2cap_cid=0x004c]
09-26 11:52:05.953 31661 31681 V bt_bta_hh: system/bta/hh/bta_hh_act.cc:1144 bta_hh_cback: HID_event [HID_HDEV_EVT_INTR_DATA]
09-26 11:52:05.953 31661 31681 V l2c_csm : system/stack/l2cap/l2c_csm.cc:1514 l2c_csm_open: Exit chnl_state=CST_OPEN [6], event=L2CEVT_L2CAP_DATA(0x14) [20]
09-26 11:52:05.953 31661 31681 V bt_bta_sys_main: system/bta/sys/bta_sys_main.cc:71 bta_sys_event: Event 0x1704
09-26 11:52:05.953 31661 31681 V bt_bta_hh: system/bta/hh/bta_hh_main.cc:174 bta_hh_sm_execute: State BTA_HH_CONN_ST(3), Event BTA_HH_INT_DATA_EVT(5892) for xx:xx:xx:xx:2b:83[public][BT_TRANSPORT_BR_EDR]
09-26 11:52:05.953 31661 31681 V bluetooth: system/btif/co/bta_hh_co.cc:773 bta_hh_co_data: dev_handle = 0
09-26 11:52:05.953 31661 31681 V bluetooth: system/btif/co/bta_hh_co.cc:653 bta_hh_co_write: UHID write 16
09-26 11:52:05.962 31661 31681 V l2c_csm : system/stack/l2cap/l2c_csm.cc:1335 l2c_csm_open: LCID: 0x004c  st: OPEN  evt: L2CEVT_L2CAP_DATA(0x14) psm: BT_PSM_HIDI(0x0013)
09-26 11:52:05.962 31661 31681 V bluetooth: system/stack/hid/hidh_conn.cc:701 hidh_l2cif_data_ind: HID-Host hidh_l2cif_data_ind [l2cap_cid=0x004c]
09-26 11:52:05.962 31661 31681 V bt_bta_hh: system/bta/hh/bta_hh_act.cc:1144 bta_hh_cback: HID_event [HID_HDEV_EVT_INTR_DATA]
09-26 11:52:05.962 31661 31681 V l2c_csm : system/stack/l2cap/l2c_csm.cc:1514 l2c_csm_open: Exit chnl_state=CST_OPEN [6], event=L2CEVT_L2CAP_DATA(0x14) [20]
09-26 11:52:05.962 31661 31681 V bt_bta_sys_main: system/bta/sys/bta_sys_main.cc:71 bta_sys_event: Event 0x1704
09-26 11:52:05.962 31661 31681 V bt_bta_hh: system/bta/hh/bta_hh_main.cc:174 bta_hh_sm_execute: State BTA_HH_CONN_ST(3), Event BTA_HH_INT_DATA_EVT(5892) for xx:xx:xx:xx:2b:83[public][BT_TRANSPORT_BR_EDR]
09-26 11:52:05.962 31661 31681 V bluetooth: system/btif/co/bta_hh_co.cc:773 bta_hh_co_data: dev_handle = 0
09-26 11:52:05.962 31661 31681 V bluetooth: system/btif/co/bta_hh_co.cc:653 bta_hh_co_write: UHID write 16
09-26 11:52:05.972  1570  1606 I android.hardware.thermal-service.qti: sensor: cpu-1-0-0 temperature: 95 old: 0 new: 3
09-26 11:52:05.972 31661 31681 V l2c_csm : system/stack/l2cap/l2c_csm.cc:1335 l2c_csm_open: LCID: 0x004c  st: OPEN  evt: L2CEVT_L2CAP_DATA(0x14) psm: BT_PSM_HIDI(0x0013)
09-26 11:52:05.972 31661 31681 V bluetooth: system/stack/hid/hidh_conn.cc:701 hidh_l2cif_data_ind: HID-Host hidh_l2cif_data_ind [l2cap_cid=0x004c]
09-26 11:52:05.972 31661 31681 V bt_bta_hh: system/bta/hh/bta_hh_act.cc:1144 bta_hh_cback: HID_event [HID_HDEV_EVT_INTR_DATA]
09-26 11:52:05.972 31661 31681 V l2c_csm : system/stack/l2cap/l2c_csm.cc:1514 l2c_csm_open: Exit chnl_state=CST_OPEN [6], event=L2CEVT_L2CAP_DATA(0x14) [20]
09-26 11:52:05.972 31661 31681 V bt_bta_sys_main: system/bta/sys/bta_sys_main.cc:71 bta_sys_event: Event 0x1704
09-26 11:52:05.972 31661 31681 V bt_bta_hh: system/bta/hh/bta_hh_main.cc:174 bta_hh_sm_execute: State BTA_HH_CONN_ST(3), Event BTA_HH_INT_DATA_EVT(5892) for xx:xx:xx:xx:2b:83[public][BT_TRANSPORT_BR_EDR]
09-26 11:52:05.972 31661 31681 V bluetooth: system/btif/co/bta_hh_co.cc:773 bta_hh_co_data: dev_handle = 0
09-26 11:52:05.973 31661 31681 V bluetooth: system/btif/co/bta_hh_co.cc:653 bta_hh_co_write: UHID write 16
09-26 11:52:05.982 31661 31681 V l2c_csm : system/stack/l2cap/l2c_csm.cc:1335 l2c_csm_open: LCID: 0x004c  st: OPEN  evt: L2CEVT_L2CAP_DATA(0x14) psm: BT_PSM_HIDI(0x0013)
09-26 11:52:05.982 31661 31681 V bluetooth: system/stack/hid/hidh_conn.cc:701 hidh_l2cif_data_ind: HID-Host hidh_l2cif_data_ind [l2cap_cid=0x004c]
09-26 11:52:05.982 31661 31681 V bt_bta_hh: system/bta/hh/bta_hh_act.cc:1144 bta_hh_cback: HID_event [HID_HDEV_EVT_INTR_DATA]
09-26 11:52:05.982 31661 31681 V l2c_csm : system/stack/l2cap/l2c_csm.cc:1514 l2c_csm_open: Exit chnl_state=CST_OPEN [6], event=L2CEVT_L2CAP_DATA(0x14) [20]
09-26 11:52:05.982 31661 31681 V bt_bta_sys_main: system/bta/sys/bta_sys_main.cc:71 bta_sys_event: Event 0x1704
09-26 11:52:05.982 31661 31681 V bt_bta_hh: system/bta/hh/bta_hh_main.cc:174 bta_hh_sm_execute: State BTA_HH_CONN_ST(3), Event BTA_HH_INT_DATA_EVT(5892) for xx:xx:xx:xx:2b:83[public][BT_TRANSPORT_BR_EDR]
09-26 11:52:05.982 31661 31681 V bluetooth: system/btif/co/bta_hh_co.cc:773 bta_hh_co_data: dev_handle = 0
09-26 11:52:05.982 31661 31681 V bluetooth: system/btif/co/bta_hh_co.cc:653 bta_hh_co_write: UHID write 16
09-26 11:52:05.992 31661 31681 V l2c_csm : system/stack/l2cap/l2c_csm.cc:1335 l2c_csm_open: LCID: 0x004c  st: OPEN  evt: L2CEVT_L2CAP_DATA(0x14) psm: BT_PSM_HIDI(0x0013)
09-26 11:52:05.992 31661 31681 V bluetooth: system/stack/hid/hidh_conn.cc:701 hidh_l2cif_data_ind: HID-Host hidh_l2cif_data_ind [l2cap_cid=0x004c]
09-26 11:52:05.992 31661 31681 V bt_bta_hh: system/bta/hh/bta_hh_act.cc:1144 bta_hh_cback: HID_event [HID_HDEV_EVT_INTR_DATA]
09-26 11:52:05.992 31661 31681 V l2c_csm : system/stack/l2cap/l2c_csm.cc:1514 l2c_csm_open: Exit chnl_state=CST_OPEN [6], event=L2CEVT_L2CAP_DATA(0x14) [20]
09-26 11:52:05.992 31661 31681 V bt_bta_sys_main: system/bta/sys/bta_sys_main.cc:71 bta_sys_event: Event 0x1704
09-26 11:52:05.992 31661 31681 V bt_bta_hh: system/bta/hh/bta_hh_main.cc:174 bta_hh_sm_execute: State BTA_HH_CONN_ST(3), Event BTA_HH_INT_DATA_EVT(5892) for xx:xx:xx:xx:2b:83[public][BT_TRANSPORT_BR_EDR]
09-26 11:52:05.992 31661 31681 V bluetooth: system/btif/co/bta_hh_co.cc:773 bta_hh_co_data: dev_handle = 0
09-26 11:52:05.992 31661 31681 V bluetooth: system/btif/co/bta_hh_co.cc:653 bta_hh_co_write: UHID write 16
09-26 11:52:05.998  1768  1768 D SurfaceFlinger: initiateModeChange 4630946652107814787 {mode={fps=60.00 Hz, modePtr={id=1, vsyncRate=60.00 Hz, peakRefreshRate=60.00 Hz}}, emitEvent=false, force=false}
09-26 11:52:05.998  1616  1871 I SDM     : DisplayBase::CommitThread: Received idle timeout, panel: cmd, timeout: 70000 us
09-26 11:52:05.999  1616  2136 I SDM     : HWCDisplay::SetActiveConfigToIrisWrapper: SetActiveConfigToIrisWrapper on id_: 0
09-26 11:52:05.999  1616  2136 W SDM     : HWCDisplay::SetActiveConfigToIrisWrapper: HWC SetActiveConfig [0, 1], switch to [1264x2780@60]
09-26 11:52:05.999  1616  2136 W SDM     : HWDeviceDRM::GetSupportedBitClkRate: Requested rate not supported: 1012000000
09-26 11:52:05.999  1616  2136 I SDM     : HWDeviceDRM::UpdateMixerAttributes: Mixer WxH 1264x2780-1 for Peripheral
09-26 11:52:05.999  1616  2136 I CwbService: CwbService::notifyConfigChange: display:0, config:1 size:4, sec.size():0
09-26 11:52:05.999  1616  2136 I SDM     : HWCDisplay::SubmitDisplayConfig: Active configuration changed from config 0 to 1
09-26 11:52:06.003 31661 31681 V l2c_csm : system/stack/l2cap/l2c_csm.cc:1335 l2c_csm_open: LCID: 0x004c  st: OPEN  evt: L2CEVT_L2CAP_DATA(0x14) psm: BT_PSM_HIDI(0x0013)
09-26 11:52:06.003 31661 31681 V bluetooth: system/stack/hid/hidh_conn.cc:701 hidh_l2cif_data_ind: HID-Host hidh_l2cif_data_ind [l2cap_cid=0x004c]
09-26 11:52:06.003 31661 31681 V bt_bta_hh: system/bta/hh/bta_hh_act.cc:1144 bta_hh_cback: HID_event [HID_HDEV_EVT_INTR_DATA]
09-26 11:52:06.003 31661 31681 V l2c_csm : system/stack/l2cap/l2c_csm.cc:1514 l2c_csm_open: Exit chnl_state=CST_OPEN [6], event=L2CEVT_L2CAP_DATA(0x14) [20]
09-26 11:52:06.003 31661 31681 V bt_bta_sys_main: system/bta/sys/bta_sys_main.cc:71 bta_sys_event: Event 0x1704
09-26 11:52:06.003 31661 31681 V bt_bta_hh: system/bta/hh/bta_hh_main.cc:174 bta_hh_sm_execute: State BTA_HH_CONN_ST(3), Event BTA_HH_INT_DATA_EVT(5892) for xx:xx:xx:xx:2b:83[public][BT_TRANSPORT_BR_EDR]
09-26 11:52:06.003 31661 31681 V bluetooth: system/btif/co/bta_hh_co.cc:773 bta_hh_co_data: dev_handle = 0
09-26 11:52:06.003 31661 31681 V bluetooth: system/btif/co/bta_hh_co.cc:653 bta_hh_co_write: UHID write 16
09-26 11:52:06.004  2159  3343 D QmiClient: qmiServiceEventCallback recv msg id 47
09-26 11:52:06.004  2159  3343 D QmiClient: enter -mServiceType 10 onQmiServiceEventCallback msgId 47
09-26 11:52:06.004  2159  3343 D QmiClient: onQmiServiceEventCallback - enter. msgId=47
09-26 11:52:06.004  2159  2222 D OttProxy: handleMessage msg is 3001
09-26 11:52:06.004  2159  2159 E RadioServiceIndication: mSubsysRadioIndication null
09-26 11:52:06.012 31661 31681 V l2c_csm : system/stack/l2cap/l2c_csm.cc:1335 l2c_csm_open: LCID: 0x004c  st: OPEN  evt: L2CEVT_L2CAP_DATA(0x14) psm: BT_PSM_HIDI(0x0013)
09-26 11:52:06.012 31661 31681 V bluetooth: system/stack/hid/hidh_conn.cc:701 hidh_l2cif_data_ind: HID-Host hidh_l2cif_data_ind [l2cap_cid=0x004c]
09-26 11:52:06.012 31661 31681 V bt_bta_hh: system/bta/hh/bta_hh_act.cc:1144 bta_hh_cback: HID_event [HID_HDEV_EVT_INTR_DATA]
09-26 11:52:06.012 31661 31681 V l2c_csm : system/stack/l2cap/l2c_csm.cc:1514 l2c_csm_open: Exit chnl_state=CST_OPEN [6], event=L2CEVT_L2CAP_DATA(0x14) [20]
09-26 11:52:06.012 31661 31681 V bt_bta_sys_main: system/bta/sys/bta_sys_main.cc:71 bta_sys_event: Event 0x1704
09-26 11:52:06.012 31661 31681 V bt_bta_hh: system/bta/hh/bta_hh_main.cc:174 bta_hh_sm_execute: State BTA_HH_CONN_ST(3), Event BTA_HH_INT_DATA_EVT(5892) for xx:xx:xx:xx:2b:83[public][BT_TRANSPORT_BR_EDR]
09-26 11:52:06.012 31661 31681 V bluetooth: system/btif/co/bta_hh_co.cc:773 bta_hh_co_data: dev_handle = 0
09-26 11:52:06.012 31661 31681 V bluetooth: system/btif/co/bta_hh_co.cc:653 bta_hh_co_write: UHID write 16
09-26 11:52:06.022 31661 31681 V l2c_csm : system/stack/l2cap/l2c_csm.cc:1335 l2c_csm_open: LCID: 0x004c  st: OPEN  evt: L2CEVT_L2CAP_DATA(0x14) psm: BT_PSM_HIDI(0x0013)
09-26 11:52:06.022 31661 31681 V bluetooth: system/stack/hid/hidh_conn.cc:701 hidh_l2cif_data_ind: HID-Host hidh_l2cif_data_ind [l2cap_cid=0x004c]
09-26 11:52:06.022 31661 31681 V bt_bta_hh: system/bta/hh/bta_hh_act.cc:1144 bta_hh_cback: HID_event [HID_HDEV_EVT_INTR_DATA]
09-26 11:52:06.022 31661 31681 V l2c_csm : system/stack/l2cap/l2c_csm.cc:1514 l2c_csm_open: Exit chnl_state=CST_OPEN [6], event=L2CEVT_L2CAP_DATA(0x14) [20]
09-26 11:52:06.022 31661 31681 V bt_bta_sys_main: system/bta/sys/bta_sys_main.cc:71 bta_sys_event: Event 0x1704
09-26 11:52:06.022 31661 31681 V bt_bta_hh: system/bta/hh/bta_hh_main.cc:174 bta_hh_sm_execute: State BTA_HH_CONN_ST(3), Event BTA_HH_INT_DATA_EVT(5892) for xx:xx:xx:xx:2b:83[public][BT_TRANSPORT_BR_EDR]
09-26 11:52:06.022 31661 31681 V bluetooth: system/btif/co/bta_hh_co.cc:773 bta_hh_co_data: dev_handle = 0
09-26 11:52:06.022 31661 31681 V bluetooth: system/btif/co/bta_hh_co.cc:653 bta_hh_co_write: UHID write 16
09-26 11:52:06.032 31661 31681 V l2c_csm : system/stack/l2cap/l2c_csm.cc:1335 l2c_csm_open: LCID: 0x004c  st: OPEN  evt: L2CEVT_L2CAP_DATA(0x14) psm: BT_PSM_HIDI(0x0013)
09-26 11:52:06.032 31661 31681 V bluetooth: system/stack/hid/hidh_conn.cc:701 hidh_l2cif_data_ind: HID-Host hidh_l2cif_data_ind [l2cap_cid=0x004c]
09-26 11:52:06.032 31661 31681 V bt_bta_hh: system/bta/hh/bta_hh_act.cc:1144 bta_hh_cback: HID_event [HID_HDEV_EVT_INTR_DATA]
09-26 11:52:06.032 31661 31681 V l2c_csm : system/stack/l2cap/l2c_csm.cc:1514 l2c_csm_open: Exit chnl_state=CST_OPEN [6], event=L2CEVT_L2CAP_DATA(0x14) [20]
09-26 11:52:06.032 31661 31681 V bt_bta_sys_main: system/bta/sys/bta_sys_main.cc:71 bta_sys_event: Event 0x1704
09-26 11:52:06.032 31661 31681 V bt_bta_hh: system/bta/hh/bta_hh_main.cc:174 bta_hh_sm_execute: State BTA_HH_CONN_ST(3), Event BTA_HH_INT_DATA_EVT(5892) for xx:xx:xx:xx:2b:83[public][BT_TRANSPORT_BR_EDR]
09-26 11:52:06.033 31661 31681 V bluetooth: system/btif/co/bta_hh_co.cc:773 bta_hh_co_data: dev_handle = 0
09-26 11:52:06.033 31661 31681 V bluetooth: system/btif/co/bta_hh_co.cc:653 bta_hh_co_write: UHID write 16
09-26 11:52:06.040  1768  1768 D SurfaceFlinger: initiateModeChange 4630946652107814787 {mode={fps=120.00 Hz, modePtr={id=0, vsyncRate=120.00 Hz, peakRefreshRate=120.00 Hz}}, emitEvent=false, force=false}
09-26 11:52:06.040  1616  2136 I SDM     : HWCDisplay::SetActiveConfigToIrisWrapper: SetActiveConfigToIrisWrapper on id_: 0
09-26 11:52:06.040  1616  2136 W SDM     : HWCDisplay::SetActiveConfigToIrisWrapper: HWC SetActiveConfig [1, 0], switch to [1264x2780@120]
09-26 11:52:06.041  1616  2136 W SDM     : HWDeviceDRM::GetSupportedBitClkRate: Requested rate not supported: 1012000000
09-26 11:52:06.041  1616  2136 I SDM     : HWDeviceDRM::UpdateMixerAttributes: Mixer WxH 1264x2780-1 for Peripheral
09-26 11:52:06.041  1616  2136 I CwbService: CwbService::notifyConfigChange: display:0, config:0 size:4, sec.size():0
09-26 11:52:06.041  1616  2136 I SDM     : HWCDisplay::SubmitDisplayConfig: Active configuration changed from config 1 to 0
09-26 11:52:06.042 31661 31681 V l2c_csm : system/stack/l2cap/l2c_csm.cc:1335 l2c_csm_open: LCID: 0x004c  st: OPEN  evt: L2CEVT_L2CAP_DATA(0x14) psm: BT_PSM_HIDI(0x0013)
09-26 11:52:06.042 31661 31681 V bluetooth: system/stack/hid/hidh_conn.cc:701 hidh_l2cif_data_ind: HID-Host hidh_l2cif_data_ind [l2cap_cid=0x004c]
09-26 11:52:06.042 31661 31681 V bt_bta_hh: system/bta/hh/bta_hh_act.cc:1144 bta_hh_cback: HID_event [HID_HDEV_EVT_INTR_DATA]
09-26 11:52:06.042 31661 31681 V l2c_csm : system/stack/l2cap/l2c_csm.cc:1514 l2c_csm_open: Exit chnl_state=CST_OPEN [6], event=L2CEVT_L2CAP_DATA(0x14) [20]
09-26 11:52:06.042 31661 31681 V bt_bta_sys_main: system/bta/sys/bta_sys_main.cc:71 bta_sys_event: Event 0x1704
09-26 11:52:06.042 31661 31681 V bt_bta_hh: system/bta/hh/bta_hh_main.cc:174 bta_hh_sm_execute: State BTA_HH_CONN_ST(3), Event BTA_HH_INT_DATA_EVT(5892) for xx:xx:xx:xx:2b:83[public][BT_TRANSPORT_BR_EDR]
09-26 11:52:06.042 31661 31681 V bluetooth: system/btif/co/bta_hh_co.cc:773 bta_hh_co_data: dev_handle = 0
09-26 11:52:06.042 31661 31681 V bluetooth: system/btif/co/bta_hh_co.cc:653 bta_hh_co_write: UHID write 16
09-26 11:52:06.052 31661 31681 V l2c_csm : system/stack/l2cap/l2c_csm.cc:1335 l2c_csm_open: LCID: 0x004c  st: OPEN  evt: L2CEVT_L2CAP_DATA(0x14) psm: BT_PSM_HIDI(0x0013)
09-26 11:52:06.052 31661 31681 V bluetooth: system/stack/hid/hidh_conn.cc:701 hidh_l2cif_data_ind: HID-Host hidh_l2cif_data_ind [l2cap_cid=0x004c]
09-26 11:52:06.052 31661 31681 V bt_bta_hh: system/bta/hh/bta_hh_act.cc:1144 bta_hh_cback: HID_event [HID_HDEV_EVT_INTR_DATA]
09-26 11:52:06.052 31661 31681 V l2c_csm : system/stack/l2cap/l2c_csm.cc:1514 l2c_csm_open: Exit chnl_state=CST_OPEN [6], event=L2CEVT_L2CAP_DATA(0x14) [20]
09-26 11:52:06.052 31661 31681 V bt_bta_sys_main: system/bta/sys/bta_sys_main.cc:71 bta_sys_event: Event 0x1704
09-26 11:52:06.052 31661 31681 V bt_bta_hh: system/bta/hh/bta_hh_main.cc:174 bta_hh_sm_execute: State BTA_HH_CONN_ST(3), Event BTA_HH_INT_DATA_EVT(5892) for xx:xx:xx:xx:2b:83[public][BT_TRANSPORT_BR_EDR]
09-26 11:52:06.052 31661 31681 V bluetooth: system/btif/co/bta_hh_co.cc:773 bta_hh_co_data: dev_handle = 0
09-26 11:52:06.052 31661 31681 V bluetooth: system/btif/co/bta_hh_co.cc:653 bta_hh_co_write: UHID write 16
09-26 11:52:06.062 31661 31681 V l2c_csm : system/stack/l2cap/l2c_csm.cc:1335 l2c_csm_open: LCID: 0x004c  st: OPEN  evt: L2CEVT_L2CAP_DATA(0x14) psm: BT_PSM_HIDI(0x0013)
09-26 11:52:06.062 31661 31681 V bluetooth: system/stack/hid/hidh_conn.cc:701 hidh_l2cif_data_ind: HID-Host hidh_l2cif_data_ind [l2cap_cid=0x004c]
09-26 11:52:06.062 31661 31681 V bt_bta_hh: system/bta/hh/bta_hh_act.cc:1144 bta_hh_cback: HID_event [HID_HDEV_EVT_INTR_DATA]
09-26 11:52:06.062 31661 31681 V l2c_csm : system/stack/l2cap/l2c_csm.cc:1514 l2c_csm_open: Exit chnl_state=CST_OPEN [6], event=L2CEVT_L2CAP_DATA(0x14) [20]
09-26 11:52:06.062 31661 31681 V bt_bta_sys_main: system/bta/sys/bta_sys_main.cc:71 bta_sys_event: Event 0x1704
09-26 11:52:06.062 31661 31681 V bt_bta_hh: system/bta/hh/bta_hh_main.cc:174 bta_hh_sm_execute: State BTA_HH_CONN_ST(3), Event BTA_HH_INT_DATA_EVT(5892) for xx:xx:xx:xx:2b:83[public][BT_TRANSPORT_BR_EDR]
09-26 11:52:06.062 31661 31681 V bluetooth: system/btif/co/bta_hh_co.cc:773 bta_hh_co_data: dev_handle = 0
09-26 11:52:06.062 31661 31681 V bluetooth: system/btif/co/bta_hh_co.cc:653 bta_hh_co_write: UHID write 16
09-26 11:52:06.072 31661 31681 V l2c_csm : system/stack/l2cap/l2c_csm.cc:1335 l2c_csm_open: LCID: 0x004c  st: OPEN  evt: L2CEVT_L2CAP_DATA(0x14) psm: BT_PSM_HIDI(0x0013)
09-26 11:52:06.072 31661 31681 V bluetooth: system/stack/hid/hidh_conn.cc:701 hidh_l2cif_data_ind: HID-Host hidh_l2cif_data_ind [l2cap_cid=0x004c]
09-26 11:52:06.072 31661 31681 V bt_bta_hh: system/bta/hh/bta_hh_act.cc:1144 bta_hh_cback: HID_event [HID_HDEV_EVT_INTR_DATA]
09-26 11:52:06.072 31661 31681 V l2c_csm : system/stack/l2cap/l2c_csm.cc:1514 l2c_csm_open: Exit chnl_state=CST_OPEN [6], event=L2CEVT_L2CAP_DATA(0x14) [20]
09-26 11:52:06.072 31661 31681 V bt_bta_sys_main: system/bta/sys/bta_sys_main.cc:71 bta_sys_event: Event 0x1704
09-26 11:52:06.072 31661 31681 V bt_bta_hh: system/bta/hh/bta_hh_main.cc:174 bta_hh_sm_execute: State BTA_HH_CONN_ST(3), Event BTA_HH_INT_DATA_EVT(5892) for xx:xx:xx:xx:2b:83[public][BT_TRANSPORT_BR_EDR]
09-26 11:52:06.072 31661 31681 V bluetooth: system/btif/co/bta_hh_co.cc:773 bta_hh_co_data: dev_handle = 0
09-26 11:52:06.072 31661 31681 V bluetooth: system/btif/co/bta_hh_co.cc:653 bta_hh_co_write: UHID write 16
09-26 11:52:06.082 31661 31681 V l2c_csm : system/stack/l2cap/l2c_csm.cc:1335 l2c_csm_open: LCID: 0x004c  st: OPEN  evt: L2CEVT_L2CAP_DATA(0x14) psm: BT_PSM_HIDI(0x0013)
09-26 11:52:06.082 31661 31681 V bluetooth: system/stack/hid/hidh_conn.cc:701 hidh_l2cif_data_ind: HID-Host hidh_l2cif_data_ind [l2cap_cid=0x004c]
09-26 11:52:06.082 31661 31681 V bt_bta_hh: system/bta/hh/bta_hh_act.cc:1144 bta_hh_cback: HID_event [HID_HDEV_EVT_INTR_DATA]
09-26 11:52:06.082 31661 31681 V l2c_csm : system/stack/l2cap/l2c_csm.cc:1514 l2c_csm_open: Exit chnl_state=CST_OPEN [6], event=L2CEVT_L2CAP_DATA(0x14) [20]
09-26 11:52:06.082 31661 31681 V bt_bta_sys_main: system/bta/sys/bta_sys_main.cc:71 bta_sys_event: Event 0x1704
09-26 11:52:06.082 31661 31681 V bt_bta_hh: system/bta/hh/bta_hh_main.cc:174 bta_hh_sm_execute: State BTA_HH_CONN_ST(3), Event BTA_HH_INT_DATA_EVT(5892) for xx:xx:xx:xx:2b:83[public][BT_TRANSPORT_BR_EDR]
09-26 11:52:06.082 31661 31681 V bluetooth: system/btif/co/bta_hh_co.cc:773 bta_hh_co_data: dev_handle = 0
09-26 11:52:06.082 31661 31681 V bluetooth: system/btif/co/bta_hh_co.cc:653 bta_hh_co_write: UHID write 16
09-26 11:52:06.092 31661 31681 V l2c_csm : system/stack/l2cap/l2c_csm.cc:1335 l2c_csm_open: LCID: 0x004c  st: OPEN  evt: L2CEVT_L2CAP_DATA(0x14) psm: BT_PSM_HIDI(0x0013)
09-26 11:52:06.092 31661 31681 V bluetooth: system/stack/hid/hidh_conn.cc:701 hidh_l2cif_data_ind: HID-Host hidh_l2cif_data_ind [l2cap_cid=0x004c]
09-26 11:52:06.092 31661 31681 V bt_bta_hh: system/bta/hh/bta_hh_act.cc:1144 bta_hh_cback: HID_event [HID_HDEV_EVT_INTR_DATA]
09-26 11:52:06.092 31661 31681 V l2c_csm : system/stack/l2cap/l2c_csm.cc:1514 l2c_csm_open: Exit chnl_state=CST_OPEN [6], event=L2CEVT_L2CAP_DATA(0x14) [20]
09-26 11:52:06.092 31661 31681 V bt_bta_sys_main: system/bta/sys/bta_sys_main.cc:71 bta_sys_event: Event 0x1704
09-26 11:52:06.092 31661 31681 V bt_bta_hh: system/bta/hh/bta_hh_main.cc:174 bta_hh_sm_execute: State BTA_HH_CONN_ST(3), Event BTA_HH_INT_DATA_EVT(5892) for xx:xx:xx:xx:2b:83[public][BT_TRANSPORT_BR_EDR]
09-26 11:52:06.092 31661 31681 V bluetooth: system/btif/co/bta_hh_co.cc:773 bta_hh_co_data: dev_handle = 0
09-26 11:52:06.092 31661 31681 V bluetooth: system/btif/co/bta_hh_co.cc:653 bta_hh_co_write: UHID write 16
09-26 11:52:06.102 31661 31681 V l2c_csm : system/stack/l2cap/l2c_csm.cc:1335 l2c_csm_open: LCID: 0x004c  st: OPEN  evt: L2CEVT_L2CAP_DATA(0x14) psm: BT_PSM_HIDI(0x0013)
09-26 11:52:06.102 31661 31681 V bluetooth: system/stack/hid/hidh_conn.cc:701 hidh_l2cif_data_ind: HID-Host hidh_l2cif_data_ind [l2cap_cid=0x004c]
09-26 11:52:06.102 31661 31681 V bt_bta_hh: system/bta/hh/bta_hh_act.cc:1144 bta_hh_cback: HID_event [HID_HDEV_EVT_INTR_DATA]
09-26 11:52:06.102 31661 31681 V l2c_csm : system/stack/l2cap/l2c_csm.cc:1514 l2c_csm_open: Exit chnl_state=CST_OPEN [6], event=L2CEVT_L2CAP_DATA(0x14) [20]
09-26 11:52:06.102 31661 31681 V bt_bta_sys_main: system/bta/sys/bta_sys_main.cc:71 bta_sys_event: Event 0x1704
09-26 11:52:06.102 31661 31681 V bt_bta_hh: system/bta/hh/bta_hh_main.cc:174 bta_hh_sm_execute: State BTA_HH_CONN_ST(3), Event BTA_HH_INT_DATA_EVT(5892) for xx:xx:xx:xx:2b:83[public][BT_TRANSPORT_BR_EDR]
09-26 11:52:06.102 31661 31681 V bluetooth: system/btif/co/bta_hh_co.cc:773 bta_hh_co_data: dev_handle = 0
09-26 11:52:06.102 31661 31681 V bluetooth: system/btif/co/bta_hh_co.cc:653 bta_hh_co_write: UHID write 16
09-26 11:52:06.106  1768  1768 D SurfaceFlinger: initiateModeChange 4630946652107814787 {mode={fps=60.00 Hz, modePtr={id=1, vsyncRate=60.00 Hz, peakRefreshRate=60.00 Hz}}, emitEvent=false, force=false}
09-26 11:52:06.106  1616  2136 I SDM     : HWCDisplay::SetActiveConfigToIrisWrapper: SetActiveConfigToIrisWrapper on id_: 0
09-26 11:52:06.106  1616  2136 W SDM     : HWCDisplay::SetActiveConfigToIrisWrapper: HWC SetActiveConfig [0, 1], switch to [1264x2780@60]
09-26 11:52:06.107  1616  2136 W SDM     : HWDeviceDRM::GetSupportedBitClkRate: Requested rate not supported: 1012000000
09-26 11:52:06.107  1616  2136 I SDM     : HWDeviceDRM::UpdateMixerAttributes: Mixer WxH 1264x2780-1 for Peripheral
09-26 11:52:06.107  1616  2136 I CwbService: CwbService::notifyConfigChange: display:0, config:1 size:4, sec.size():0
09-26 11:52:06.107  1616  2136 I SDM     : HWCDisplay::SubmitDisplayConfig: Active configuration changed from config 0 to 1
09-26 11:52:06.112 31661 31681 V l2c_csm : system/stack/l2cap/l2c_csm.cc:1335 l2c_csm_open: LCID: 0x004c  st: OPEN  evt: L2CEVT_L2CAP_DATA(0x14) psm: BT_PSM_HIDI(0x0013)
09-26 11:52:06.112 31661 31681 V bluetooth: system/stack/hid/hidh_conn.cc:701 hidh_l2cif_data_ind: HID-Host hidh_l2cif_data_ind [l2cap_cid=0x004c]
09-26 11:52:06.112 31661 31681 V bt_bta_hh: system/bta/hh/bta_hh_act.cc:1144 bta_hh_cback: HID_event [HID_HDEV_EVT_INTR_DATA]
09-26 11:52:06.112 31661 31681 V l2c_csm : system/stack/l2cap/l2c_csm.cc:1514 l2c_csm_open: Exit chnl_state=CST_OPEN [6], event=L2CEVT_L2CAP_DATA(0x14) [20]
09-26 11:52:06.112 31661 31681 V bt_bta_sys_main: system/bta/sys/bta_sys_main.cc:71 bta_sys_event: Event 0x1704
09-26 11:52:06.112 31661 31681 V bt_bta_hh: system/bta/hh/bta_hh_main.cc:174 bta_hh_sm_execute: State BTA_HH_CONN_ST(3), Event BTA_HH_INT_DATA_EVT(5892) for xx:xx:xx:xx:2b:83[public][BT_TRANSPORT_BR_EDR]
09-26 11:52:06.112 31661 31681 V bluetooth: system/btif/co/bta_hh_co.cc:773 bta_hh_co_data: dev_handle = 0
09-26 11:52:06.112 31661 31681 V bluetooth: system/btif/co/bta_hh_co.cc:653 bta_hh_co_write: UHID write 16
09-26 11:52:06.122 31661 31681 V l2c_csm : system/stack/l2cap/l2c_csm.cc:1335 l2c_csm_open: LCID: 0x004c  st: OPEN  evt: L2CEVT_L2CAP_DATA(0x14) psm: BT_PSM_HIDI(0x0013)
09-26 11:52:06.122 31661 31681 V bluetooth: system/stack/hid/hidh_conn.cc:701 hidh_l2cif_data_ind: HID-Host hidh_l2cif_data_ind [l2cap_cid=0x004c]
09-26 11:52:06.122 31661 31681 V bt_bta_hh: system/bta/hh/bta_hh_act.cc:1144 bta_hh_cback: HID_event [HID_HDEV_EVT_INTR_DATA]
09-26 11:52:06.122 31661 31681 V l2c_csm : system/stack/l2cap/l2c_csm.cc:1514 l2c_csm_open: Exit chnl_state=CST_OPEN [6], event=L2CEVT_L2CAP_DATA(0x14) [20]
09-26 11:52:06.122 31661 31681 V bt_bta_sys_main: system/bta/sys/bta_sys_main.cc:71 bta_sys_event: Event 0x1704
09-26 11:52:06.122 31661 31681 V bt_bta_hh: system/bta/hh/bta_hh_main.cc:174 bta_hh_sm_execute: State BTA_HH_CONN_ST(3), Event BTA_HH_INT_DATA_EVT(5892) for xx:xx:xx:xx:2b:83[public][BT_TRANSPORT_BR_EDR]
09-26 11:52:06.122 31661 31681 V bluetooth: system/btif/co/bta_hh_co.cc:773 bta_hh_co_data: dev_handle = 0
09-26 11:52:06.122 31661 31681 V bluetooth: system/btif/co/bta_hh_co.cc:653 bta_hh_co_write: UHID write 16
09-26 11:52:06.132 31661 31681 V l2c_csm : system/stack/l2cap/l2c_csm.cc:1335 l2c_csm_open: LCID: 0x004c  st: OPEN  evt: L2CEVT_L2CAP_DATA(0x14) psm: BT_PSM_HIDI(0x0013)
09-26 11:52:06.132 31661 31681 V bluetooth: system/stack/hid/hidh_conn.cc:701 hidh_l2cif_data_ind: HID-Host hidh_l2cif_data_ind [l2cap_cid=0x004c]
09-26 11:52:06.132 31661 31681 V bt_bta_hh: system/bta/hh/bta_hh_act.cc:1144 bta_hh_cback: HID_event [HID_HDEV_EVT_INTR_DATA]
09-26 11:52:06.132 31661 31681 V l2c_csm : system/stack/l2cap/l2c_csm.cc:1514 l2c_csm_open: Exit chnl_state=CST_OPEN [6], event=L2CEVT_L2CAP_DATA(0x14) [20]
09-26 11:52:06.132 31661 31681 V bt_bta_sys_main: system/bta/sys/bta_sys_main.cc:71 bta_sys_event: Event 0x1704
09-26 11:52:06.132 31661 31681 V bt_bta_hh: system/bta/hh/bta_hh_main.cc:174 bta_hh_sm_execute: State BTA_HH_CONN_ST(3), Event BTA_HH_INT_DATA_EVT(5892) for xx:xx:xx:xx:2b:83[public][BT_TRANSPORT_BR_EDR]
09-26 11:52:06.132 31661 31681 V bluetooth: system/btif/co/bta_hh_co.cc:773 bta_hh_co_data: dev_handle = 0
09-26 11:52:06.132 31661 31681 V bluetooth: system/btif/co/bta_hh_co.cc:653 bta_hh_co_write: UHID write 16
09-26 11:52:06.142 31661 31681 V l2c_csm : system/stack/l2cap/l2c_csm.cc:1335 l2c_csm_open: LCID: 0x004c  st: OPEN  evt: L2CEVT_L2CAP_DATA(0x14) psm: BT_PSM_HIDI(0x0013)
09-26 11:52:06.142 31661 31681 V bluetooth: system/stack/hid/hidh_conn.cc:701 hidh_l2cif_data_ind: HID-Host hidh_l2cif_data_ind [l2cap_cid=0x004c]
09-26 11:52:06.142 31661 31681 V bt_bta_hh: system/bta/hh/bta_hh_act.cc:1144 bta_hh_cback: HID_event [HID_HDEV_EVT_INTR_DATA]
09-26 11:52:06.142 31661 31681 V l2c_csm : system/stack/l2cap/l2c_csm.cc:1514 l2c_csm_open: Exit chnl_state=CST_OPEN [6], event=L2CEVT_L2CAP_DATA(0x14) [20]
09-26 11:52:06.142 31661 31681 V bt_bta_sys_main: system/bta/sys/bta_sys_main.cc:71 bta_sys_event: Event 0x1704
09-26 11:52:06.142 31661 31681 V bt_bta_hh: system/bta/hh/bta_hh_main.cc:174 bta_hh_sm_execute: State BTA_HH_CONN_ST(3), Event BTA_HH_INT_DATA_EVT(5892) for xx:xx:xx:xx:2b:83[public][BT_TRANSPORT_BR_EDR]
09-26 11:52:06.142 31661 31681 V bluetooth: system/btif/co/bta_hh_co.cc:773 bta_hh_co_data: dev_handle = 0
09-26 11:52:06.142 31661 31681 V bluetooth: system/btif/co/bta_hh_co.cc:653 bta_hh_co_write: UHID write 16
09-26 11:52:06.148  1768  1768 D SurfaceFlinger: initiateModeChange 4630946652107814787 {mode={fps=120.00 Hz, modePtr={id=0, vsyncRate=120.00 Hz, peakRefreshRate=120.00 Hz}}, emitEvent=false, force=false}
09-26 11:52:06.148  1616  2136 I SDM     : HWCDisplay::SetActiveConfigToIrisWrapper: SetActiveConfigToIrisWrapper on id_: 0
09-26 11:52:06.148  1616  2136 W SDM     : HWCDisplay::SetActiveConfigToIrisWrapper: HWC SetActiveConfig [1, 0], switch to [1264x2780@120]
09-26 11:52:06.149  1616  2136 W SDM     : HWDeviceDRM::GetSupportedBitClkRate: Requested rate not supported: 1012000000
09-26 11:52:06.149  1616  2136 I SDM     : HWDeviceDRM::UpdateMixerAttributes: Mixer WxH 1264x2780-1 for Peripheral
09-26 11:52:06.149  1616  2136 I CwbService: CwbService::notifyConfigChange: display:0, config:0 size:4, sec.size():0
09-26 11:52:06.149  1616  2136 I SDM     : HWCDisplay::SubmitDisplayConfig: Active configuration changed from config 1 to 0
09-26 11:52:06.155 14961 15002 D S3PERF  : crosscheck ui_snapshot_fps=8.13345 ui_snapshot_frametime_ms=108.923
09-26 11:52:06.157 31661 31681 V l2c_csm : system/stack/l2cap/l2c_csm.cc:1335 l2c_csm_open: LCID: 0x004c  st: OPEN  evt: L2CEVT_L2CAP_DATA(0x14) psm: BT_PSM_HIDI(0x0013)
09-26 11:52:06.157 31661 31681 V bluetooth: system/stack/hid/hidh_conn.cc:701 hidh_l2cif_data_ind: HID-Host hidh_l2cif_data_ind [l2cap_cid=0x004c]
09-26 11:52:06.157 31661 31681 V bt_bta_hh: system/bta/hh/bta_hh_act.cc:1144 bta_hh_cback: HID_event [HID_HDEV_EVT_INTR_DATA]
09-26 11:52:06.157 31661 31681 V l2c_csm : system/stack/l2cap/l2c_csm.cc:1514 l2c_csm_open: Exit chnl_state=CST_OPEN [6], event=L2CEVT_L2CAP_DATA(0x14) [20]
09-26 11:52:06.157 31661 31681 V bt_bta_sys_main: system/bta/sys/bta_sys_main.cc:71 bta_sys_event: Event 0x1704
09-26 11:52:06.157 31661 31681 V bt_bta_hh: system/bta/hh/bta_hh_main.cc:174 bta_hh_sm_execute: State BTA_HH_CONN_ST(3), Event BTA_HH_INT_DATA_EVT(5892) for xx:xx:xx:xx:2b:83[public][BT_TRANSPORT_BR_EDR]
09-26 11:52:06.157 31661 31681 V bluetooth: system/btif/co/bta_hh_co.cc:773 bta_hh_co_data: dev_handle = 0
09-26 11:52:06.157 31661 31681 V bluetooth: system/btif/co/bta_hh_co.cc:653 bta_hh_co_write: UHID write 16
09-26 11:52:06.162 31661 31681 V l2c_csm : system/stack/l2cap/l2c_csm.cc:1335 l2c_csm_open: LCID: 0x004c  st: OPEN  evt: L2CEVT_L2CAP_DATA(0x14) psm: BT_PSM_HIDI(0x0013)
09-26 11:52:06.162 31661 31681 V bluetooth: system/stack/hid/hidh_conn.cc:701 hidh_l2cif_data_ind: HID-Host hidh_l2cif_data_ind [l2cap_cid=0x004c]
09-26 11:52:06.162 31661 31681 V bt_bta_hh: system/bta/hh/bta_hh_act.cc:1144 bta_hh_cback: HID_event [HID_HDEV_EVT_INTR_DATA]
09-26 11:52:06.162 31661 31681 V l2c_csm : system/stack/l2cap/l2c_csm.cc:1514 l2c_csm_open: Exit chnl_state=CST_OPEN [6], event=L2CEVT_L2CAP_DATA(0x14) [20]
09-26 11:52:06.162 31661 31681 V bt_bta_sys_main: system/bta/sys/bta_sys_main.cc:71 bta_sys_event: Event 0x1704
09-26 11:52:06.162 31661 31681 V bt_bta_hh: system/bta/hh/bta_hh_main.cc:174 bta_hh_sm_execute: State BTA_HH_CONN_ST(3), Event BTA_HH_INT_DATA_EVT(5892) for xx:xx:xx:xx:2b:83[public][BT_TRANSPORT_BR_EDR]
09-26 11:52:06.162 31661 31681 V bluetooth: system/btif/co/bta_hh_co.cc:773 bta_hh_co_data: dev_handle = 0
09-26 11:52:06.162 31661 31681 V bluetooth: system/btif/co/bta_hh_co.cc:653 bta_hh_co_write: UHID write 16
09-26 11:52:06.172 31661 31681 V l2c_csm : system/stack/l2cap/l2c_csm.cc:1335 l2c_csm_open: LCID: 0x004c  st: OPEN  evt: L2CEVT_L2CAP_DATA(0x14) psm: BT_PSM_HIDI(0x0013)
09-26 11:52:06.172 31661 31681 V bluetooth: system/stack/hid/hidh_conn.cc:701 hidh_l2cif_data_ind: HID-Host hidh_l2cif_data_ind [l2cap_cid=0x004c]
09-26 11:52:06.172 31661 31681 V bt_bta_hh: system/bta/hh/bta_hh_act.cc:1144 bta_hh_cback: HID_event [HID_HDEV_EVT_INTR_DATA]
09-26 11:52:06.172 31661 31681 V l2c_csm : system/stack/l2cap/l2c_csm.cc:1514 l2c_csm_open: Exit chnl_state=CST_OPEN [6], event=L2CEVT_L2CAP_DATA(0x14) [20]
09-26 11:52:06.172 31661 31681 V bt_bta_sys_main: system/bta/sys/bta_sys_main.cc:71 bta_sys_event: Event 0x1704
09-26 11:52:06.173 31661 31681 V bt_bta_hh: system/bta/hh/bta_hh_main.cc:174 bta_hh_sm_execute: State BTA_HH_CONN_ST(3), Event BTA_HH_INT_DATA_EVT(5892) for xx:xx:xx:xx:2b:83[public][BT_TRANSPORT_BR_EDR]
09-26 11:52:06.173 31661 31681 V bluetooth: system/btif/co/bta_hh_co.cc:773 bta_hh_co_data: dev_handle = 0
09-26 11:52:06.173 31661 31681 V bluetooth: system/btif/co/bta_hh_co.cc:653 bta_hh_co_write: UHID write 16
09-26 11:52:06.182 31661 31681 V l2c_csm : system/stack/l2cap/l2c_csm.cc:1335 l2c_csm_open: LCID: 0x004c  st: OPEN  evt: L2CEVT_L2CAP_DATA(0x14) psm: BT_PSM_HIDI(0x0013)
09-26 11:52:06.182 31661 31681 V bluetooth: system/stack/hid/hidh_conn.cc:701 hidh_l2cif_data_ind: HID-Host hidh_l2cif_data_ind [l2cap_cid=0x004c]
09-26 11:52:06.183 31661 31681 V bt_bta_hh: system/bta/hh/bta_hh_act.cc:1144 bta_hh_cback: HID_event [HID_HDEV_EVT_INTR_DATA]
09-26 11:52:06.183 31661 31681 V l2c_csm : system/stack/l2cap/l2c_csm.cc:1514 l2c_csm_open: Exit chnl_state=CST_OPEN [6], event=L2CEVT_L2CAP_DATA(0x14) [20]
09-26 11:52:06.183 31661 31681 V bt_bta_sys_main: system/bta/sys/bta_sys_main.cc:71 bta_sys_event: Event 0x1704
09-26 11:52:06.183 31661 31681 V bt_bta_hh: system/bta/hh/bta_hh_main.cc:174 bta_hh_sm_execute: State BTA_HH_CONN_ST(3), Event BTA_HH_INT_DATA_EVT(5892) for xx:xx:xx:xx:2b:83[public][BT_TRANSPORT_BR_EDR]
09-26 11:52:06.183 31661 31681 V bluetooth: system/btif/co/bta_hh_co.cc:773 bta_hh_co_data: dev_handle = 0
09-26 11:52:06.183 31661 31681 V bluetooth: system/btif/co/bta_hh_co.cc:653 bta_hh_co_write: UHID write 16
09-26 11:52:06.190  1768  1768 D SurfaceFlinger: initiateModeChange 4630946652107814787 {mode={fps=60.00 Hz, modePtr={id=1, vsyncRate=60.00 Hz, peakRefreshRate=60.00 Hz}}, emitEvent=false, force=false}
09-26 11:52:06.190  1616  2136 I SDM     : HWCDisplay::SetActiveConfigToIrisWrapper: SetActiveConfigToIrisWrapper on id_: 0
09-26 11:52:06.190  1616  2136 W SDM     : HWCDisplay::SetActiveConfigToIrisWrapper: HWC SetActiveConfig [0, 1], switch to [1264x2780@60]
09-26 11:52:06.191  1616  2136 W SDM     : HWDeviceDRM::GetSupportedBitClkRate: Requested rate not supported: 1012000000
09-26 11:52:06.191  1616  2136 I SDM     : HWDeviceDRM::UpdateMixerAttributes: Mixer WxH 1264x2780-1 for Peripheral
09-26 11:52:06.191  1616  2136 I CwbService: CwbService::notifyConfigChange: display:0, config:1 size:4, sec.size():0
09-26 11:52:06.191  1616  2136 I SDM     : HWCDisplay::SubmitDisplayConfig: Active configuration changed from config 0 to 1
--------- beginning of system
09-26 11:52:06.191  2866  2910 I DisplayDeviceRepository: Display device changed render timings: "Built-in Screen", renderFrameRate=60.000004, presentationDeadlineNanos=11500000, appVsyncOffsetNanos=9166666, frameRateOverrides=[]
09-26 11:52:06.193 31661 31681 V l2c_csm : system/stack/l2cap/l2c_csm.cc:1335 l2c_csm_open: LCID: 0x004c  st: OPEN  evt: L2CEVT_L2CAP_DATA(0x14) psm: BT_PSM_HIDI(0x0013)
09-26 11:52:06.193 31661 31681 V bluetooth: system/stack/hid/hidh_conn.cc:701 hidh_l2cif_data_ind: HID-Host hidh_l2cif_data_ind [l2cap_cid=0x004c]
09-26 11:52:06.193 31661 31681 V bt_bta_hh: system/bta/hh/bta_hh_act.cc:1144 bta_hh_cback: HID_event [HID_HDEV_EVT_INTR_DATA]
09-26 11:52:06.193 31661 31681 V l2c_csm : system/stack/l2cap/l2c_csm.cc:1514 l2c_csm_open: Exit chnl_state=CST_OPEN [6], event=L2CEVT_L2CAP_DATA(0x14) [20]
09-26 11:52:06.193 31661 31681 V bt_bta_sys_main: system/bta/sys/bta_sys_main.cc:71 bta_sys_event: Event 0x1704
09-26 11:52:06.193 31661 31681 V bt_bta_hh: system/bta/hh/bta_hh_main.cc:174 bta_hh_sm_execute: State BTA_HH_CONN_ST(3), Event BTA_HH_INT_DATA_EVT(5892) for xx:xx:xx:xx:2b:83[public][BT_TRANSPORT_BR_EDR]
09-26 11:52:06.193 31661 31681 V bluetooth: system/btif/co/bta_hh_co.cc:773 bta_hh_co_data: dev_handle = 0
09-26 11:52:06.193 31661 31681 V bluetooth: system/btif/co/bta_hh_co.cc:653 bta_hh_co_write: UHID write 16
09-26 11:52:06.194  2866  2908 D WindowManager: DeferredDisplayUpdater: partially applying DisplayInfo(1264 x 2780) immediately
09-26 11:52:06.195  1549  2845 D AHAL: AudioDevice: SetParameters: 1972: enter: screen_state=on
09-26 11:52:06.195  1549  2845 D AHAL: FM: fm_set_parameters: 261: Enter
09-26 11:52:06.195  1549  2845 D AHAL: FM: fm_set_parameters: 319: exit
09-26 11:52:06.195  1549  2845 D AHAL: AudioDevice: SetParameters: 2077:  - screen = on
09-26 11:52:06.195  1549  2845 D AHAL: AudioDevice: SetParameters: 2821: exit
09-26 11:52:06.203 31661 31681 V l2c_csm : system/stack/l2cap/l2c_csm.cc:1335 l2c_csm_open: LCID: 0x004c  st: OPEN  evt: L2CEVT_L2CAP_DATA(0x14) psm: BT_PSM_HIDI(0x0013)
09-26 11:52:06.203 31661 31681 V bluetooth: system/stack/hid/hidh_conn.cc:701 hidh_l2cif_data_ind: HID-Host hidh_l2cif_data_ind [l2cap_cid=0x004c]
09-26 11:52:06.203 31661 31681 V bt_bta_hh: system/bta/hh/bta_hh_act.cc:1144 bta_hh_cback: HID_event [HID_HDEV_EVT_INTR_DATA]
09-26 11:52:06.203 31661 31681 V l2c_csm : system/stack/l2cap/l2c_csm.cc:1514 l2c_csm_open: Exit chnl_state=CST_OPEN [6], event=L2CEVT_L2CAP_DATA(0x14) [20]
09-26 11:52:06.203 31661 31681 V bt_bta_sys_main: system/bta/sys/bta_sys_main.cc:71 bta_sys_event: Event 0x1704
09-26 11:52:06.203 31661 31681 V bt_bta_hh: system/bta/hh/bta_hh_main.cc:174 bta_hh_sm_execute: State BTA_HH_CONN_ST(3), Event BTA_HH_INT_DATA_EVT(5892) for xx:xx:xx:xx:2b:83[public][BT_TRANSPORT_BR_EDR]
09-26 11:52:06.203 31661 31681 V bluetooth: system/btif/co/bta_hh_co.cc:773 bta_hh_co_data: dev_handle = 0
09-26 11:52:06.203 31661 31681 V bluetooth: system/btif/co/bta_hh_co.cc:653 bta_hh_co_write: UHID write 16
09-26 11:52:06.212 31661 31681 V l2c_csm : system/stack/l2cap/l2c_csm.cc:1335 l2c_csm_open: LCID: 0x004c  st: OPEN  evt: L2CEVT_L2CAP_DATA(0x14) psm: BT_PSM_HIDI(0x0013)
09-26 11:52:06.212 31661 31681 V bluetooth: system/stack/hid/hidh_conn.cc:701 hidh_l2cif_data_ind: HID-Host hidh_l2cif_data_ind [l2cap_cid=0x004c]
09-26 11:52:06.212 31661 31681 V bt_bta_hh: system/bta/hh/bta_hh_act.cc:1144 bta_hh_cback: HID_event [HID_HDEV_EVT_INTR_DATA]
09-26 11:52:06.212 31661 31681 V l2c_csm : system/stack/l2cap/l2c_csm.cc:1514 l2c_csm_open: Exit chnl_state=CST_OPEN [6], event=L2CEVT_L2CAP_DATA(0x14) [20]
09-26 11:52:06.212 31661 31681 V bt_bta_sys_main: system/bta/sys/bta_sys_main.cc:71 bta_sys_event: Event 0x1704
09-26 11:52:06.212 31661 31681 V bt_bta_hh: system/bta/hh/bta_hh_main.cc:174 bta_hh_sm_execute: State BTA_HH_CONN_ST(3), Event BTA_HH_INT_DATA_EVT(5892) for xx:xx:xx:xx:2b:83[public][BT_TRANSPORT_BR_EDR]
09-26 11:52:06.212 31661 31681 V bluetooth: system/btif/co/bta_hh_co.cc:773 bta_hh_co_data: dev_handle = 0
09-26 11:52:06.212 31661 31681 V bluetooth: system/btif/co/bta_hh_co.cc:653 bta_hh_co_write: UHID write 16
09-26 11:52:06.222 31661 31681 V l2c_csm : system/stack/l2cap/l2c_csm.cc:1335 l2c_csm_open: LCID: 0x004c  st: OPEN  evt: L2CEVT_L2CAP_DATA(0x14) psm: BT_PSM_HIDI(0x0013)
09-26 11:52:06.223 31661 31681 V bluetooth: system/stack/hid/hidh_conn.cc:701 hidh_l2cif_data_ind: HID-Host hidh_l2cif_data_ind [l2cap_cid=0x004c]
09-26 11:52:06.223 31661 31681 V bt_bta_hh: system/bta/hh/bta_hh_act.cc:1144 bta_hh_cback: HID_event [HID_HDEV_EVT_INTR_DATA]
09-26 11:52:06.223 31661 31681 V l2c_csm : system/stack/l2cap/l2c_csm.cc:1514 l2c_csm_open: Exit chnl_state=CST_OPEN [6], event=L2CEVT_L2CAP_DATA(0x14) [20]
09-26 11:52:06.223 31661 31681 V bt_bta_sys_main: system/bta/sys/bta_sys_main.cc:71 bta_sys_event: Event 0x1704
09-26 11:52:06.223 31661 31681 V bt_bta_hh: system/bta/hh/bta_hh_main.cc:174 bta_hh_sm_execute: State BTA_HH_CONN_ST(3), Event BTA_HH_INT_DATA_EVT(5892) for xx:xx:xx:xx:2b:83[public][BT_TRANSPORT_BR_EDR]
09-26 11:52:06.223 31661 31681 V bluetooth: system/btif/co/bta_hh_co.cc:773 bta_hh_co_data: dev_handle = 0
09-26 11:52:06.223 31661 31681 V bluetooth: system/btif/co/bta_hh_co.cc:653 bta_hh_co_write: UHID write 16
09-26 11:52:06.232 31661 31681 V l2c_csm : system/stack/l2cap/l2c_csm.cc:1335 l2c_csm_open: LCID: 0x004c  st: OPEN  evt: L2CEVT_L2CAP_DATA(0x14) psm: BT_PSM_HIDI(0x0013)
09-26 11:52:06.232 31661 31681 V bluetooth: system/stack/hid/hidh_conn.cc:701 hidh_l2cif_data_ind: HID-Host hidh_l2cif_data_ind [l2cap_cid=0x004c]
09-26 11:52:06.232 14961 23120 D RPCS3   : sys_tty_write(ch=0, buf=*0x58bf20, len=63, pwritelen=*0xd000fde0)
09-26 11:52:06.232 31661 31681 V bt_bta_hh: system/bta/hh/bta_hh_act.cc:1144 bta_hh_cback: HID_event [HID_HDEV_EVT_INTR_DATA]
09-26 11:52:06.232 14961 23120 D RPCS3   : sys_tty_write(): “BATCHJOB: AddJob: waiting for room in job list 3 for job 56...“ << endl
09-26 11:52:06.232 31661 31681 V l2c_csm : system/stack/l2cap/l2c_csm.cc:1514 l2c_csm_open: Exit chnl_state=CST_OPEN [6], event=L2CEVT_L2CAP_DATA(0x14) [20]
09-26 11:52:06.232 31661 31681 V bt_bta_sys_main: system/bta/sys/bta_sys_main.cc:71 bta_sys_event: Event 0x1704
09-26 11:52:06.232 31661 31681 V bt_bta_hh: system/bta/hh/bta_hh_main.cc:174 bta_hh_sm_execute: State BTA_HH_CONN_ST(3), Event BTA_HH_INT_DATA_EVT(5892) for xx:xx:xx:xx:2b:83[public][BT_TRANSPORT_BR_EDR]
09-26 11:52:06.232 31661 31681 V bluetooth: system/btif/co/bta_hh_co.cc:773 bta_hh_co_data: dev_handle = 0
09-26 11:52:06.232 31661 31681 V bluetooth: system/btif/co/bta_hh_co.cc:653 bta_hh_co_write: UHID write 16
09-26 11:52:06.242 31661 31681 V l2c_csm : system/stack/l2cap/l2c_csm.cc:1335 l2c_csm_open: LCID: 0x004c  st: OPEN  evt: L2CEVT_L2CAP_DATA(0x14) psm: BT_PSM_HIDI(0x0013)
09-26 11:52:06.242 31661 31681 V bluetooth: system/stack/hid/hidh_conn.cc:701 hidh_l2cif_data_ind: HID-Host hidh_l2cif_data_ind [l2cap_cid=0x004c]
09-26 11:52:06.242 31661 31681 V bt_bta_hh: system/bta/hh/bta_hh_act.cc:1144 bta_hh_cback: HID_event [HID_HDEV_EVT_INTR_DATA]
09-26 11:52:06.242 31661 31681 V l2c_csm : system/stack/l2cap/l2c_csm.cc:1514 l2c_csm_open: Exit chnl_state=CST_OPEN [6], event=L2CEVT_L2CAP_DATA(0x14) [20]
09-26 11:52:06.242 31661 31681 V bt_bta_sys_main: system/bta/sys/bta_sys_main.cc:71 bta_sys_event: Event 0x1704
09-26 11:52:06.242 31661 31681 V bt_bta_hh: system/bta/hh/bta_hh_main.cc:174 bta_hh_sm_execute: State BTA_HH_CONN_ST(3), Event BTA_HH_INT_DATA_EVT(5892) for xx:xx:xx:xx:2b:83[public][BT_TRANSPORT_BR_EDR]
09-26 11:52:06.242 31661 31681 V bluetooth: system/btif/co/bta_hh_co.cc:773 bta_hh_co_data: dev_handle = 0
09-26 11:52:06.242 31661 31681 V bluetooth: system/btif/co/bta_hh_co.cc:653 bta_hh_co_write: UHID write 16
09-26 11:52:06.252 31661 31681 V l2c_csm : system/stack/l2cap/l2c_csm.cc:1335 l2c_csm_open: LCID: 0x004c  st: OPEN  evt: L2CEVT_L2CAP_DATA(0x14) psm: BT_PSM_HIDI(0x0013)
09-26 11:52:06.252 31661 31681 V bluetooth: system/stack/hid/hidh_conn.cc:701 hidh_l2cif_data_ind: HID-Host hidh_l2cif_data_ind [l2cap_cid=0x004c]
09-26 11:52:06.252 31661 31681 V bt_bta_hh: system/bta/hh/bta_hh_act.cc:1144 bta_hh_cback: HID_event [HID_HDEV_EVT_INTR_DATA]
09-26 11:52:06.252 31661 31681 V l2c_csm : system/stack/l2cap/l2c_csm.cc:1514 l2c_csm_open: Exit chnl_state=CST_OPEN [6], event=L2CEVT_L2CAP_DATA(0x14) [20]
09-26 11:52:06.252 31661 31681 V bt_bta_sys_main: system/bta/sys/bta_sys_main.cc:71 bta_sys_event: Event 0x1704
09-26 11:52:06.252 31661 31681 V bt_bta_hh: system/bta/hh/bta_hh_main.cc:174 bta_hh_sm_execute: State BTA_HH_CONN_ST(3), Event BTA_HH_INT_DATA_EVT(5892) for xx:xx:xx:xx:2b:83[public][BT_TRANSPORT_BR_EDR]
09-26 11:52:06.252 31661 31681 V bluetooth: system/btif/co/bta_hh_co.cc:773 bta_hh_co_data: dev_handle = 0
09-26 11:52:06.252 31661 31681 V bluetooth: system/btif/co/bta_hh_co.cc:653 bta_hh_co_write: UHID write 16
09-26 11:52:06.262 31661 31681 V l2c_csm : system/stack/l2cap/l2c_csm.cc:1335 l2c_csm_open: LCID: 0x004c  st: OPEN  evt: L2CEVT_L2CAP_DATA(0x14) psm: BT_PSM_HIDI(0x0013)
09-26 11:52:06.262 31661 31681 V bluetooth: system/stack/hid/hidh_conn.cc:701 hidh_l2cif_data_ind: HID-Host hidh_l2cif_data_ind [l2cap_cid=0x004c]
09-26 11:52:06.262 31661 31681 V bt_bta_hh: system/bta/hh/bta_hh_act.cc:1144 bta_hh_cback: HID_event [HID_HDEV_EVT_INTR_DATA]
09-26 11:52:06.262 31661 31681 V l2c_csm : system/stack/l2cap/l2c_csm.cc:1514 l2c_csm_open: Exit chnl_state=CST_OPEN [6], event=L2CEVT_L2CAP_DATA(0x14) [20]
09-26 11:52:06.262 31661 31681 V bt_bta_sys_main: system/bta/sys/bta_sys_main.cc:71 bta_sys_event: Event 0x1704
09-26 11:52:06.262 31661 31681 V bt_bta_hh: system/bta/hh/bta_hh_main.cc:174 bta_hh_sm_execute: State BTA_HH_CONN_ST(3), Event BTA_HH_INT_DATA_EVT(5892) for xx:xx:xx:xx:2b:83[public][BT_TRANSPORT_BR_EDR]
09-26 11:52:06.262 31661 31681 V bluetooth: system/btif/co/bta_hh_co.cc:773 bta_hh_co_data: dev_handle = 0
09-26 11:52:06.262 31661 31681 V bluetooth: system/btif/co/bta_hh_co.cc:653 bta_hh_co_write: UHID write 16
09-26 11:52:06.272 31661 31681 V l2c_csm : system/stack/l2cap/l2c_csm.cc:1335 l2c_csm_open: LCID: 0x004c  st: OPEN  evt: L2CEVT_L2CAP_DATA(0x14) psm: BT_PSM_HIDI(0x0013)
09-26 11:52:06.272 31661 31681 V bluetooth: system/stack/hid/hidh_conn.cc:701 hidh_l2cif_data_ind: HID-Host hidh_l2cif_data_ind [l2cap_cid=0x004c]
09-26 11:52:06.272 31661 31681 V bt_bta_hh: system/bta/hh/bta_hh_act.cc:1144 bta_hh_cback: HID_event [HID_HDEV_EVT_INTR_DATA]
09-26 11:52:06.272 31661 31681 V l2c_csm : system/stack/l2cap/l2c_csm.cc:1514 l2c_csm_open: Exit chnl_state=CST_OPEN [6], event=L2CEVT_L2CAP_DATA(0x14) [20]
09-26 11:52:06.272 31661 31681 V bt_bta_sys_main: system/bta/sys/bta_sys_main.cc:71 bta_sys_event: Event 0x1704
09-26 11:52:06.272 31661 31681 V bt_bta_hh: system/bta/hh/bta_hh_main.cc:174 bta_hh_sm_execute: State BTA_HH_CONN_ST(3), Event BTA_HH_INT_DATA_EVT(5892) for xx:xx:xx:xx:2b:83[public][BT_TRANSPORT_BR_EDR]
09-26 11:52:06.272 31661 31681 V bluetooth: system/btif/co/bta_hh_co.cc:773 bta_hh_co_data: dev_handle = 0
09-26 11:52:06.272 31661 31681 V bluetooth: system/btif/co/bta_hh_co.cc:653 bta_hh_co_write: UHID write 16
09-26 11:52:06.282 31661 31681 V l2c_csm : system/stack/l2cap/l2c_csm.cc:1335 l2c_csm_open: LCID: 0x004c  st: OPEN  evt: L2CEVT_L2CAP_DATA(0x14) psm: BT_PSM_HIDI(0x0013)
09-26 11:52:06.282 31661 31681 V bluetooth: system/stack/hid/hidh_conn.cc:701 hidh_l2cif_data_ind: HID-Host hidh_l2cif_data_ind [l2cap_cid=0x004c]
09-26 11:52:06.282 31661 31681 V bt_bta_hh: system/bta/hh/bta_hh_act.cc:1144 bta_hh_cback: HID_event [HID_HDEV_EVT_INTR_DATA]
09-26 11:52:06.282 31661 31681 V l2c_csm : system/stack/l2cap/l2c_csm.cc:1514 l2c_csm_open: Exit chnl_state=CST_OPEN [6], event=L2CEVT_L2CAP_DATA(0x14) [20]
09-26 11:52:06.282 31661 31681 V bt_bta_sys_main: system/bta/sys/bta_sys_main.cc:71 bta_sys_event: Event 0x1704
09-26 11:52:06.282 31661 31681 V bt_bta_hh: system/bta/hh/bta_hh_main.cc:174 bta_hh_sm_execute: State BTA_HH_CONN_ST(3), Event BTA_HH_INT_DATA_EVT(5892) for xx:xx:xx:xx:2b:83[public][BT_TRANSPORT_BR_EDR]
09-26 11:52:06.282 31661 31681 V bluetooth: system/btif/co/bta_hh_co.cc:773 bta_hh_co_data: dev_handle = 0
09-26 11:52:06.282 31661 31681 V bluetooth: system/btif/co/bta_hh_co.cc:653 bta_hh_co_write: UHID write 16
09-26 11:52:06.292 31661 31681 V l2c_csm : system/stack/l2cap/l2c_csm.cc:1335 l2c_csm_open: LCID: 0x004c  st: OPEN  evt: L2CEVT_L2CAP_DATA(0x14) psm: BT_PSM_HIDI(0x0013)
09-26 11:52:06.292 31661 31681 V bluetooth: system/stack/hid/hidh_conn.cc:701 hidh_l2cif_data_ind: HID-Host hidh_l2cif_data_ind [l2cap_cid=0x004c]
09-26 11:52:06.292 31661 31681 V bt_bta_hh: system/bta/hh/bta_hh_act.cc:1144 bta_hh_cback: HID_event [HID_HDEV_EVT_INTR_DATA]
09-26 11:52:06.292 31661 31681 V l2c_csm : system/stack/l2cap/l2c_csm.cc:1514 l2c_csm_open: Exit chnl_state=CST_OPEN [6], event=L2CEVT_L2CAP_DATA(0x14) [20]
09-26 11:52:06.292 31661 31681 V bt_bta_sys_main: system/bta/sys/bta_sys_main.cc:71 bta_sys_event: Event 0x1704
09-26 11:52:06.292 31661 31681 V bt_bta_hh: system/bta/hh/bta_hh_main.cc:174 bta_hh_sm_execute: State BTA_HH_CONN_ST(3), Event BTA_HH_INT_DATA_EVT(5892) for xx:xx:xx:xx:2b:83[public][BT_TRANSPORT_BR_EDR]
09-26 11:52:06.292 31661 31681 V bluetooth: system/btif/co/bta_hh_co.cc:773 bta_hh_co_data: dev_handle = 0
09-26 11:52:06.292 31661 31681 V bluetooth: system/btif/co/bta_hh_co.cc:653 bta_hh_co_write: UHID write 16
